{"type": "FeatureCollection", "columns": {"area_ha": "Number", "count": "Long<0, 4294967295>", "label": "Byte<0, 1>", "mean_dnbr": "Object", "system:index": "String"}, "features": [{"type": "Feature", "geometry": {"geodesic": false, "type": "Polygon", "coordinates": [[[26.99986889800229, 38.17406274815402], [27.00040788717277, 38.17406274815402], [27.00040788717277, 38.174601737324494], [27.00094687634325, 38.174601737324494], [27.00094687634325, 38.175140726494966], [27.00148586551373, 38.175140726494966], [27.00148586551373, 38.17621870483591], [27.00040788717277, 38.17621870483591], [27.00040788717277, 38.17675769400638], [27.00094687634325, 38.17675769400638], [27.00094687634325, 38.177296683176856], [26.99986889800229, 38.177296683176856], [26.99986889800229, 38.175140726494966], [27.00040788717277, 38.175140726494966], [27.00040788717277, 38.174601737324494], [26.99986889800229, 38.174601737324494], [26.99986889800229, 38.17406274815402]]]}, "id": "+384052+85021", "properties": {"area_ha": 3.106072631891629, "count": 11, "label": 1, "mean_dnbr": 0.23081695578098196}}, {"type": "Feature", "geometry": {"geodesic": false, "type": "Polygon", "coordinates": [[[27.00364182219559, 38.600403181997144], [27.00418081136607, 38.600403181997144], [27.00418081136607, 38.60148116033809], [27.006875757218438, 38.60148116033809], [27.006875757218438, 38.60202014950856], [27.008492724729848, 38.60202014950856], [27.008492724729848, 38.603098127849506], [27.006875757218438, 38.603098127849506], [27.006875757218438, 38.602559138679034], [27.00364182219559, 38.602559138679034], [27.00364182219559, 38.600403181997144]]]}, "id": "+384059+84230", "properties": {"area_ha": 5.614221646192508, "count": 20, "label": 1, "mean_dnbr": 0.16030585426740518}}, {"type": "Feature", "geometry": {"geodesic": false, "type": "Polygon", "coordinates": [[[27.011726659752668, 38.844565276220834], [27.013343627264106, 38.844565276220834], [27.013343627264106, 38.845104265391306], [27.013882616434557, 38.845104265391306], [27.013882616434557, 38.84564325456178], [27.014960594775516, 38.84564325456178], [27.014960594775516, 38.84618224373225], [27.015499583945967, 38.84618224373225], [27.015499583945967, 38.846721232902716], [27.016038573116447, 38.846721232902716], [27.016038573116447, 38.84779921124366], [27.016577562286926, 38.84779921124366], [27.016577562286926, 38.848877189584606], [27.013343627264106, 38.848877189584606], [27.013343627264106, 38.84779921124366], [27.012804638093627, 38.84779921124366], [27.012804638093627, 38.84726022207319], [27.012265648923147, 38.84726022207319], [27.012265648923147, 38.846721232902716], [27.011726659752668, 38.846721232902716], [27.011726659752668, 38.84618224373225], [27.011187670582217, 38.84618224373225], [27.011187670582217, 38.845104265391306], [27.011726659752668, 38.845104265391306], [27.011726659752668, 38.844565276220834]]]}, "id": "+384076+83777", "properties": {"area_ha": 13.148298388836375, "count": 47, "label": 1, "mean_dnbr": 0.5055090903934164}}, {"type": "Feature", "geometry": {"geodesic": false, "type": "Polygon", "coordinates": [[[27.016577562286926, 38.644061304805355], [27.017116551457406, 38.644061304805355], [27.017116551457406, 38.646217261487244], [27.018194529798336, 38.646217261487244], [27.018194529798336, 38.64675625065772], [27.017655540627857, 38.64675625065772], [27.017655540627857, 38.64729523982819], [27.017116551457406, 38.64729523982819], [27.017116551457406, 38.64837321816913], [27.014421605605037, 38.64837321816913], [27.014421605605037, 38.64675625065772], [27.014960594775516, 38.64675625065772], [27.014960594775516, 38.646217261487244], [27.016577562286926, 38.646217261487244], [27.016577562286926, 38.644061304805355]]]}, "id": "+384083+84149", "properties": {"area_ha": 7.293922155144284, "count": 26, "label": 1, "mean_dnbr": 0.18822462450391764}}, {"type": "Feature", "geometry": {"geodesic": false, "type": "Polygon", "coordinates": [[[27.015499583945967, 38.63651545641875], [27.017116551457406, 38.63651545641875], [27.017116551457406, 38.63705444558922], [27.016577562286926, 38.63705444558922], [27.016577562286926, 38.63974939144158], [27.014960594775516, 38.63974939144158], [27.014960594775516, 38.63867141310064], [27.015499583945967, 38.63867141310064], [27.015499583945967, 38.63651545641875]]]}, "id": "+384083+84163", "properties": {"area_ha": 4.2085394288506075, "count": 15, "label": 1, "mean_dnbr": 0.3073251801373358}}, {"type": "Feature", "geometry": {"geodesic": false, "type": "Polygon", "coordinates": [[[27.017655540627857, 38.57830462600781], [27.018194529798336, 38.57830462600781], [27.018194529798336, 38.57884361517828], [27.019811497309746, 38.57884361517828], [27.019811497309746, 38.58099957186017], [27.019272508139295, 38.58099957186017], [27.019272508139295, 38.582077550201106], [27.016038573116447, 38.582077550201106], [27.016038573116447, 38.581538561030634], [27.016577562286926, 38.581538561030634], [27.016577562286926, 38.57884361517828], [27.017655540627857, 38.57884361517828], [27.017655540627857, 38.57830462600781]]]}, "id": "+384085+84271", "properties": {"area_ha": 10.108654089772434, "count": 36, "label": 1, "mean_dnbr": 0.3675258408556462}}, {"type": "Feature", "geometry": {"geodesic": false, "type": "Polygon", "coordinates": [[[27.016577562286926, 38.627891629691206], [27.018733518968816, 38.627891629691206], [27.018733518968816, 38.63004758637309], [27.017116551457406, 38.63004758637309], [27.017116551457406, 38.62843061886168], [27.016577562286926, 38.62843061886168], [27.016577562286926, 38.627891629691206]]]}, "id": "+384086+84179", "properties": {"area_ha": 3.647869113121339, "count": 13, "label": 1, "mean_dnbr": 0.17514848772101796}}, {"type": "Feature", "geometry": {"geodesic": false, "type": "Polygon", "coordinates": [[[27.018733518968816, 38.623579716327434], [27.019272508139295, 38.623579716327434], [27.019272508139295, 38.6241187054979], [27.020350486480226, 38.6241187054979], [27.020350486480226, 38.625735673009316], [27.018194529798336, 38.625735673009316], [27.018194529798336, 38.625196683838844], [27.016577562286926, 38.625196683838844], [27.016577562286926, 38.62465769466837], [27.017655540627857, 38.62465769466837], [27.017655540627857, 38.6241187054979], [27.018733518968816, 38.6241187054979], [27.018733518968816, 38.623579716327434]]]}, "id": "+384087+84187", "properties": {"area_ha": 4.770573639595871, "count": 17, "label": 1, "mean_dnbr": 0.18810802809727056}}, {"type": "Feature", "geometry": {"geodesic": false, "type": "Polygon", "coordinates": [[[27.018194529798336, 38.56375191840507], [27.019272508139295, 38.56375191840507], [27.019272508139295, 38.56429090757554], [27.019811497309746, 38.56429090757554], [27.019811497309746, 38.56482989674601], [27.019272508139295, 38.56482989674601], [27.019272508139295, 38.565368885916484], [27.018733518968816, 38.565368885916484], [27.018733518968816, 38.56590787508696], [27.016577562286926, 38.56590787508696], [27.016577562286926, 38.56482989674601], [27.017655540627857, 38.56482989674601], [27.017655540627857, 38.56429090757554], [27.018194529798336, 38.56429090757554], [27.018194529798336, 38.56375191840507]]]}, "id": "+384087+84298", "properties": {"area_ha": 4.212841015746304, "count": 15, "label": 1, "mean_dnbr": 0.17568943893404942}}, {"type": "Feature", "geometry": {"geodesic": false, "type": "Polygon", "coordinates": [[[27.019811497309746, 38.575609680155445], [27.020350486480226, 38.575609680155445], [27.020350486480226, 38.57722664766686], [27.019811497309746, 38.57722664766686], [27.019811497309746, 38.57830462600781], [27.019272508139295, 38.57830462600781], [27.019272508139295, 38.577765636837334], [27.017655540627857, 38.577765636837334], [27.017655540627857, 38.57668765849639], [27.018194529798336, 38.57668765849639], [27.018194529798336, 38.57614866932592], [27.018733518968816, 38.57614866932592], [27.018733518968816, 38.575609680155445], [27.019272508139295, 38.575609680155445], [27.019272508139295, 38.57614866932592], [27.019811497309746, 38.57614866932592], [27.019811497309746, 38.575609680155445]]]}, "id": "+384089+84276", "properties": {"area_ha": 4.492947812936146, "count": 16, "label": 1, "mean_dnbr": 0.28343749241131727}}, {"type": "Feature", "geometry": {"geodesic": false, "type": "Polygon", "coordinates": [[[27.019272508139295, 38.62950859720262], [27.021428464821156, 38.62950859720262], [27.021428464821156, 38.63004758637309], [27.021967453991635, 38.63004758637309], [27.021967453991635, 38.63112556471403], [27.021428464821156, 38.63112556471403], [27.021428464821156, 38.63220354305498], [27.019272508139295, 38.63220354305498], [27.019272508139295, 38.62950859720262]]]}, "id": "+384091+84176", "properties": {"area_ha": 6.173157821929767, "count": 22, "label": 1, "mean_dnbr": 0.245978970929764}}, {"type": "Feature", "geometry": {"geodesic": false, "type": "Polygon", "coordinates": [[[27.021428464821156, 38.66454289328328], [27.022506443162115, 38.66454289328328], [27.022506443162115, 38.66615986079469], [27.023045432332594, 38.66615986079469], [27.023045432332594, 38.666698849965165], [27.023584421503045, 38.666698849965165], [27.023584421503045, 38.66723783913564], [27.024123410673525, 38.66723783913564], [27.024123410673525, 38.66831581747658], [27.023045432332594, 38.66831581747658], [27.023045432332594, 38.66777682830611], [27.022506443162115, 38.66777682830611], [27.022506443162115, 38.666698849965165], [27.021428464821156, 38.666698849965165], [27.021428464821156, 38.66562087162423], [27.020889475650705, 38.66562087162423], [27.020889475650705, 38.665081882453755], [27.021428464821156, 38.665081882453755], [27.021428464821156, 38.66454289328328]]]}, "id": "+384093+84111", "properties": {"area_ha": 4.767798629236193, "count": 17, "label": 1, "mean_dnbr": 0.3612235075209196}}, {"type": "Feature", "geometry": {"geodesic": false, "type": "Polygon", "coordinates": [[[27.020350486480226, 38.61387791125894], [27.022506443162115, 38.61387791125894], [27.022506443162115, 38.614955889599884], [27.023045432332594, 38.614955889599884], [27.023045432332594, 38.615494878770356], [27.024123410673525, 38.615494878770356], [27.024123410673525, 38.61765083545224], [27.022506443162115, 38.61765083545224], [27.022506443162115, 38.615494878770356], [27.020889475650705, 38.615494878770356], [27.020889475650705, 38.614955889599884], [27.020350486480226, 38.614955889599884], [27.020350486480226, 38.61387791125894]]]}, "id": "+384093+84205", "properties": {"area_ha": 6.735779765910736, "count": 24, "label": 1, "mean_dnbr": 0.20723551971544252}}, {"type": "Feature", "geometry": {"geodesic": false, "type": "Polygon", "coordinates": [[[27.021967453991635, 38.57129776679167], [27.022506443162115, 38.57129776679167], [27.022506443162115, 38.571836755962146], [27.023584421503045, 38.571836755962146], [27.023584421503045, 38.57237574513262], [27.022506443162115, 38.57237574513262], [27.022506443162115, 38.57345372347356], [27.020350486480226, 38.57345372347356], [27.020350486480226, 38.57291473430309], [27.019811497309746, 38.57291473430309], [27.019811497309746, 38.57237574513262], [27.020350486480226, 38.57237574513262], [27.020350486480226, 38.571836755962146], [27.020889475650705, 38.571836755962146], [27.020889475650705, 38.57237574513262], [27.022506443162115, 38.57237574513262], [27.022506443162115, 38.571836755962146], [27.021967453991635, 38.571836755962146], [27.021967453991635, 38.57129776679167]]]}, "id": "+384093+84284", "properties": {"area_ha": 3.6507396723432395, "count": 13, "label": 1, "mean_dnbr": 0.24484253851578958}}, {"type": "Feature", "geometry": {"geodesic": false, "type": "Polygon", "coordinates": [[[27.019811497309746, 38.5669858534279], [27.023584421503045, 38.5669858534279], [27.023584421503045, 38.568063831768846], [27.024123410673525, 38.568063831768846], [27.024123410673525, 38.56860282093932], [27.024662399844004, 38.56860282093932], [27.024662399844004, 38.56914181010979], [27.023584421503045, 38.56914181010979], [27.023584421503045, 38.569680799280256], [27.023045432332594, 38.569680799280256], [27.023045432332594, 38.57021978845073], [27.022506443162115, 38.57021978845073], [27.022506443162115, 38.5707587776212], [27.021967453991635, 38.5707587776212], [27.021967453991635, 38.57021978845073], [27.021428464821156, 38.57021978845073], [27.021428464821156, 38.569680799280256], [27.020889475650705, 38.569680799280256], [27.020889475650705, 38.56914181010979], [27.020350486480226, 38.56914181010979], [27.020350486480226, 38.56860282093932], [27.019811497309746, 38.56860282093932], [27.019811497309746, 38.5669858534279]]]}, "id": "+384095+84292", "properties": {"area_ha": 10.95280192385244, "count": 39, "label": 1, "mean_dnbr": 0.43464664067366504}}, {"type": "Feature", "geometry": {"geodesic": false, "type": "Polygon", "coordinates": [[[27.022506443162115, 38.619267802963655], [27.024662399844004, 38.619267802963655], [27.024662399844004, 38.6203457813046], [27.026279367355414, 38.6203457813046], [27.026279367355414, 38.621423759645545], [27.025740378184935, 38.621423759645545], [27.025740378184935, 38.623579716327434], [27.025201389014484, 38.623579716327434], [27.025201389014484, 38.62304072715696], [27.024662399844004, 38.62304072715696], [27.024662399844004, 38.621423759645545], [27.024123410673525, 38.621423759645545], [27.024123410673525, 38.62088477047507], [27.023045432332594, 38.62088477047507], [27.023045432332594, 38.621423759645545], [27.022506443162115, 38.621423759645545], [27.022506443162115, 38.6203457813046], [27.021967453991635, 38.6203457813046], [27.021967453991635, 38.61980679213413], [27.022506443162115, 38.61980679213413], [27.022506443162115, 38.619267802963655]]]}, "id": "+384097+84195", "properties": {"area_ha": 7.857825764569137, "count": 28, "label": 1, "mean_dnbr": 0.21075064313114847}}, {"type": "Feature", "geometry": {"geodesic": false, "type": "Polygon", "coordinates": [[[27.025201389014484, 38.59986419282667], [27.025740378184935, 38.59986419282667], [27.025740378184935, 38.60148116033809], [27.026279367355414, 38.60148116033809], [27.026279367355414, 38.600403181997144], [27.026818356525894, 38.600403181997144], [27.026818356525894, 38.60148116033809], [27.026279367355414, 38.60148116033809], [27.026279367355414, 38.602559138679034], [27.027357345696345, 38.602559138679034], [27.027357345696345, 38.603098127849506], [27.024123410673525, 38.603098127849506], [27.024123410673525, 38.602559138679034], [27.024662399844004, 38.602559138679034], [27.024662399844004, 38.60148116033809], [27.025201389014484, 38.60148116033809], [27.025201389014484, 38.59986419282667]]]}, "id": "+384099+84231", "properties": {"area_ha": 4.772110933419127, "count": 17, "label": 1, "mean_dnbr": 0.16273788056067415}}, {"type": "Feature", "geometry": {"geodesic": false, "type": "Polygon", "coordinates": [[[27.028974313207783, 38.79012737000319], [27.029513302378234, 38.79012737000319], [27.029513302378234, 38.791205348344135], [27.030591280719193, 38.791205348344135], [27.030591280719193, 38.79174433751461], [27.031130269889672, 38.79174433751461], [27.031130269889672, 38.79228332668508], [27.031669259060124, 38.79228332668508], [27.031669259060124, 38.79336130502602], [27.029513302378234, 38.79336130502602], [27.029513302378234, 38.79174433751461], [27.028974313207783, 38.79174433751461], [27.028974313207783, 38.791205348344135], [27.028435324037304, 38.791205348344135], [27.028435324037304, 38.79066635917366], [27.028974313207783, 38.79066635917366], [27.028974313207783, 38.79012737000319]]]}, "id": "+384106+83878", "properties": {"area_ha": 4.759425825880967, "count": 17, "label": 1, "mean_dnbr": 0.4398456839639898}}, {"type": "Feature", "geometry": {"geodesic": false, "type": "Polygon", "coordinates": [[[27.028435324037304, 38.5669858534279], [27.032208248230603, 38.5669858534279], [27.032208248230603, 38.568063831768846], [27.031669259060124, 38.568063831768846], [27.031669259060124, 38.56860282093932], [27.028435324037304, 38.56860282093932], [27.028435324037304, 38.568063831768846], [27.027896334866824, 38.568063831768846], [27.027896334866824, 38.567524842598374], [27.028435324037304, 38.567524842598374], [27.028435324037304, 38.5669858534279]]]}, "id": "+384111+84292", "properties": {"area_ha": 5.897725811228451, "count": 21, "label": 1, "mean_dnbr": 0.24692328548996575}}, {"type": "Feature", "geometry": {"geodesic": false, "type": "Polygon", "coordinates": [[[27.035442183253423, 38.56213495089366], [27.035981172423902, 38.56213495089366], [27.035981172423902, 38.56267394006413], [27.03705915076486, 38.56267394006413], [27.03705915076486, 38.5632129292346], [27.037598139935312, 38.5632129292346], [27.037598139935312, 38.56482989674601], [27.03652016159438, 38.56482989674601], [27.03652016159438, 38.56429090757554], [27.035981172423902, 38.56429090757554], [27.035981172423902, 38.56375191840507], [27.034903194082972, 38.56375191840507], [27.034903194082972, 38.56267394006413], [27.035442183253423, 38.56267394006413], [27.035442183253423, 38.56213495089366]]]}, "id": "+384118+84301", "properties": {"area_ha": 4.212920765906498, "count": 15, "label": 1, "mean_dnbr": 0.2055268475189402}}, {"type": "Feature", "geometry": {"geodesic": false, "type": "Polygon", "coordinates": [[[27.03813712910579, 38.573992712644035], [27.03867611827627, 38.573992712644035], [27.03867611827627, 38.57453170181451], [27.039215107446722, 38.57453170181451], [27.039215107446722, 38.57722664766686], [27.0397540966172, 38.57722664766686], [27.0397540966172, 38.577765636837334], [27.039215107446722, 38.577765636837334], [27.039215107446722, 38.57722664766686], [27.03867611827627, 38.57722664766686], [27.03867611827627, 38.577765636837334], [27.03813712910579, 38.577765636837334], [27.03813712910579, 38.57668765849639], [27.03867611827627, 38.57668765849639], [27.03867611827627, 38.57614866932592], [27.03813712910579, 38.57614866932592], [27.03813712910579, 38.573992712644035]]]}, "id": "+384123+84279", "properties": {"area_ha": 3.369752121259886, "count": 12, "label": 1, "mean_dnbr": 0.14544146757305135}}, {"type": "Feature", "geometry": {"geodesic": false, "type": "Polygon", "coordinates": [[[27.04837792334476, 38.838636395345645], [27.04999489085617, 38.838636395345645], [27.04999489085617, 38.84025336285706], [27.0510728691971, 38.84025336285706], [27.0510728691971, 38.84079235202753], [27.05161185836758, 38.84079235202753], [27.05161185836758, 38.84187033036847], [27.0510728691971, 38.84187033036847], [27.0510728691971, 38.84348729787989], [27.05053388002665, 38.84348729787989], [27.05053388002665, 38.844565276220834], [27.04999489085617, 38.844565276220834], [27.04999489085617, 38.842409319538945], [27.04945590168569, 38.842409319538945], [27.04945590168569, 38.84187033036847], [27.04891691251524, 38.84187033036847], [27.04891691251524, 38.841331341198], [27.04837792334476, 38.841331341198], [27.04837792334476, 38.838636395345645]]]}, "id": "+384144+83788", "properties": {"area_ha": 9.512283589525657, "count": 34, "label": 1, "mean_dnbr": 0.29796688169802943}}, {"type": "Feature", "geometry": {"geodesic": false, "type": "Polygon", "coordinates": [[[27.065086587629366, 38.51093097969884], [27.065625576799846, 38.51093097969884], [27.065625576799846, 38.511469968869314], [27.066164565970325, 38.511469968869314], [27.066164565970325, 38.51308693638073], [27.066703555140805, 38.51308693638073], [27.066703555140805, 38.5136259255512], [27.068320522652215, 38.5136259255512], [27.068320522652215, 38.51470390389215], [27.068859511822666, 38.51470390389215], [27.068859511822666, 38.51524289306261], [27.071015468504555, 38.51524289306261], [27.071015468504555, 38.515781882233085], [27.071554457675035, 38.515781882233085], [27.071554457675035, 38.51685986057403], [27.070476479334104, 38.51685986057403], [27.070476479334104, 38.5173988497445], [27.069937490163625, 38.5173988497445], [27.069937490163625, 38.517937838914975], [27.069398500993145, 38.517937838914975], [27.069398500993145, 38.51955480642639], [27.069937490163625, 38.51955480642639], [27.069937490163625, 38.5211717739378], [27.068859511822666, 38.5211717739378], [27.068859511822666, 38.521710763108274], [27.067242544311256, 38.521710763108274], [27.067242544311256, 38.5211717739378], [27.066703555140805, 38.5211717739378], [27.066703555140805, 38.520632784767336], [27.066164565970325, 38.520632784767336], [27.066164565970325, 38.520093795596864], [27.065086587629366, 38.520093795596864], [27.065086587629366, 38.51901581725592], [27.064547598458915, 38.51901581725592], [27.064547598458915, 38.517937838914975], [27.066164565970325, 38.517937838914975], [27.066164565970325, 38.5173988497445], [27.066703555140805, 38.5173988497445], [27.066703555140805, 38.51685986057403], [27.067242544311256, 38.51685986057403], [27.067242544311256, 38.5173988497445], [27.067781533481735, 38.5173988497445], [27.067781533481735, 38.51685986057403], [27.068320522652215, 38.51685986057403], [27.068320522652215, 38.51632087140356], [27.068859511822666, 38.51632087140356], [27.068859511822666, 38.515781882233085], [27.068320522652215, 38.515781882233085], [27.068320522652215, 38.51524289306261], [27.066703555140805, 38.51524289306261], [27.066703555140805, 38.51470390389215], [27.066164565970325, 38.51470390389215], [27.066164565970325, 38.5136259255512], [27.065625576799846, 38.5136259255512], [27.065625576799846, 38.51254794721026], [27.065086587629366, 38.51254794721026], [27.065086587629366, 38.51093097969884]]]}, "id": "+384173+84396", "properties": {"area_ha": 28.104091738656244, "count": 100, "label": 1, "mean_dnbr": 0.3480969906534841}}, {"type": "Feature", "geometry": {"geodesic": false, "type": "Polygon", "coordinates": [[[27.08449019776637, 38.565368885916484], [27.09041907864156, 38.565368885916484], [27.09041907864156, 38.56644686425743], [27.09095806781201, 38.56644686425743], [27.09095806781201, 38.5669858534279], [27.09257503532342, 38.5669858534279], [27.09257503532342, 38.567524842598374], [27.0931140244939, 38.567524842598374], [27.0931140244939, 38.568063831768846], [27.09365301366438, 38.568063831768846], [27.09365301366438, 38.56914181010979], [27.09419200283486, 38.56914181010979], [27.09419200283486, 38.569680799280256], [27.09473099200531, 38.569680799280256], [27.09473099200531, 38.57021978845073], [27.09580897034627, 38.57021978845073], [27.09580897034627, 38.57129776679167], [27.09526998117579, 38.57129776679167], [27.09526998117579, 38.57237574513262], [27.09473099200531, 38.57237574513262], [27.09473099200531, 38.57453170181451], [27.09419200283486, 38.57453170181451], [27.09419200283486, 38.575609680155445], [27.09580897034627, 38.575609680155445], [27.09580897034627, 38.57614866932592], [27.09634795951675, 38.57614866932592], [27.09634795951675, 38.57668765849639], [27.09580897034627, 38.57668765849639], [27.09580897034627, 38.57722664766686], [27.09634795951675, 38.57722664766686], [27.09634795951675, 38.57830462600781], [27.0968869486872, 38.57830462600781], [27.0968869486872, 38.58099957186017], [27.09580897034627, 38.58099957186017], [27.09580897034627, 38.580460582689696], [27.09473099200531, 38.580460582689696], [27.09473099200531, 38.579921593519224], [27.0931140244939, 38.579921593519224], [27.0931140244939, 38.57938260434875], [27.09257503532342, 38.57938260434875], [27.09257503532342, 38.57884361517828], [27.09095806781201, 38.57884361517828], [27.09095806781201, 38.577765636837334], [27.08880211113012, 38.577765636837334], [27.08880211113012, 38.57830462600781], [27.08826312195967, 38.57830462600781], [27.08826312195967, 38.577765636837334], [27.08772413278919, 38.577765636837334], [27.08772413278919, 38.57668765849639], [27.0893411003006, 38.57668765849639], [27.0893411003006, 38.57614866932592], [27.09041907864156, 38.57614866932592], [27.09041907864156, 38.575609680155445], [27.08988008947108, 38.575609680155445], [27.08988008947108, 38.57453170181451], [27.08880211113012, 38.57453170181451], [27.08880211113012, 38.573992712644035], [27.08718514361871, 38.573992712644035], [27.08718514361871, 38.571836755962146], [27.086646154448232, 38.571836755962146], [27.086646154448232, 38.57129776679167], [27.082873230254933, 38.57129776679167], [27.082873230254933, 38.5707587776212], [27.081795251914002, 38.5707587776212], [27.081795251914002, 38.57021978845073], [27.081256262743523, 38.57021978845073], [27.081256262743523, 38.5669858534279], [27.081795251914002, 38.5669858534279], [27.081795251914002, 38.567524842598374], [27.082873230254933, 38.567524842598374], [27.082873230254933, 38.568063831768846], [27.083412219425412, 38.568063831768846], [27.083412219425412, 38.567524842598374], [27.08395120859589, 38.567524842598374], [27.08395120859589, 38.5669858534279], [27.08449019776637, 38.5669858534279], [27.08449019776637, 38.565368885916484]]]}, "id": "+384219+84295", "properties": {"area_ha": 116.26285969645703, "count": 414, "label": 1, "mean_dnbr": 0.4350372600871764}}, {"type": "Feature", "geometry": {"geodesic": false, "type": "Polygon", "coordinates": [[[27.09149705698249, 38.3497732177278], [27.09203604615297, 38.3497732177278], [27.09203604615297, 38.350851196068746], [27.0931140244939, 38.350851196068746], [27.0931140244939, 38.35031220689827], [27.09365301366438, 38.35031220689827], [27.09365301366438, 38.35139018523922], [27.09203604615297, 38.35139018523922], [27.09203604615297, 38.35192917440969], [27.09149705698249, 38.35192917440969], [27.09149705698249, 38.352468163580156], [27.09203604615297, 38.352468163580156], [27.09203604615297, 38.35300715275063], [27.09149705698249, 38.35300715275063], [27.09149705698249, 38.3535461419211], [27.09095806781201, 38.3535461419211], [27.09095806781201, 38.35300715275063], [27.09041907864156, 38.35300715275063], [27.09041907864156, 38.352468163580156], [27.08880211113012, 38.352468163580156], [27.08880211113012, 38.35139018523922], [27.09041907864156, 38.35139018523922], [27.09041907864156, 38.350851196068746], [27.09095806781201, 38.350851196068746], [27.09095806781201, 38.35031220689827], [27.09149705698249, 38.35031220689827], [27.09149705698249, 38.3497732177278]]]}, "id": "+384222+84695", "properties": {"area_ha": 7.042188403593683, "count": 25, "label": 1, "mean_dnbr": 0.3913994699283415}}, {"type": "Feature", "geometry": {"geodesic": false, "type": "Polygon", "coordinates": [[[27.09634795951675, 38.584233506882995], [27.09742593785768, 38.584233506882995], [27.09742593785768, 38.58477249605347], [27.09796492702816, 38.58477249605347], [27.09796492702816, 38.58531148522394], [27.09742593785768, 38.58531148522394], [27.09742593785768, 38.58585047439441], [27.0968869486872, 38.58585047439441], [27.0968869486872, 38.586389463564885], [27.09634795951675, 38.586389463564885], [27.09634795951675, 38.58692845273536], [27.0968869486872, 38.58692845273536], [27.0968869486872, 38.58746744190583], [27.09634795951675, 38.58746744190583], [27.09634795951675, 38.588006431076295], [27.09580897034627, 38.588006431076295], [27.09580897034627, 38.58746744190583], [27.09419200283486, 38.58746744190583], [27.09419200283486, 38.588006431076295], [27.09365301366438, 38.588006431076295], [27.09365301366438, 38.58746744190583], [27.09257503532342, 38.58746744190583], [27.09257503532342, 38.588006431076295], [27.09149705698249, 38.588006431076295], [27.09149705698249, 38.58692845273536], [27.09095806781201, 38.58692845273536], [27.09095806781201, 38.586389463564885], [27.09149705698249, 38.586389463564885], [27.09149705698249, 38.58585047439441], [27.09203604615297, 38.58585047439441], [27.09203604615297, 38.58531148522394], [27.0931140244939, 38.58531148522394], [27.0931140244939, 38.58477249605347], [27.09365301366438, 38.58477249605347], [27.09365301366438, 38.58531148522394], [27.09634795951675, 38.58531148522394], [27.09634795951675, 38.584233506882995]]]}, "id": "+384232+84260", "properties": {"area_ha": 14.038601308331964, "count": 50, "label": 1, "mean_dnbr": 0.25902558864069986}}, {"type": "Feature", "geometry": {"geodesic": false, "type": "Polygon", "coordinates": [[[27.105510775414757, 38.579921593519224], [27.106049764585237, 38.579921593519224], [27.106049764585237, 38.580460582689696], [27.107127742926167, 38.580460582689696], [27.107127742926167, 38.58099957186017], [27.109822688778536, 38.58099957186017], [27.109822688778536, 38.58315552854205], [27.110361677948987, 38.58315552854205], [27.110361677948987, 38.58369451771252], [27.110900667119466, 38.58369451771252], [27.110900667119466, 38.584233506882995], [27.109822688778536, 38.584233506882995], [27.109822688778536, 38.58369451771252], [27.109283699608056, 38.58369451771252], [27.109283699608056, 38.58315552854205], [27.107666732096646, 38.58315552854205], [27.107666732096646, 38.58261653937158], [27.107127742926167, 38.58261653937158], [27.107127742926167, 38.582077550201106], [27.106049764585237, 38.582077550201106], [27.106049764585237, 38.58099957186017], [27.105510775414757, 38.58099957186017], [27.105510775414757, 38.579921593519224]]]}, "id": "+384248+84268", "properties": {"area_ha": 8.704452502381319, "count": 31, "label": 1, "mean_dnbr": 0.28261549267458375}}, {"type": "Feature", "geometry": {"geodesic": false, "type": "Polygon", "coordinates": [[[27.106588753755688, 38.56860282093932], [27.107127742926167, 38.56860282093932], [27.107127742926167, 38.56914181010979], [27.108744710437577, 38.56914181010979], [27.108744710437577, 38.569680799280256], [27.108205721267126, 38.569680799280256], [27.108205721267126, 38.57021978845073], [27.107127742926167, 38.57021978845073], [27.107127742926167, 38.5707587776212], [27.106588753755688, 38.5707587776212], [27.106588753755688, 38.57129776679167], [27.105510775414757, 38.57129776679167], [27.105510775414757, 38.5707587776212], [27.104971786244278, 38.5707587776212], [27.104971786244278, 38.57021978845073], [27.105510775414757, 38.57021978845073], [27.105510775414757, 38.569680799280256], [27.106049764585237, 38.569680799280256], [27.106049764585237, 38.56914181010979], [27.106588753755688, 38.56914181010979], [27.106588753755688, 38.56860282093932]]]}, "id": "+384250+84289", "properties": {"area_ha": 4.774212060324805, "count": 17, "label": 1, "mean_dnbr": 0.3221847214879596}}, {"type": "Feature", "geometry": {"geodesic": false, "type": "Polygon", "coordinates": [[[27.14431799568871, 38.183225564052044], [27.145395974029668, 38.183225564052044], [27.145395974029668, 38.18430354239298], [27.14485698485919, 38.18430354239298], [27.14485698485919, 38.18538152073393], [27.145395974029668, 38.18538152073393], [27.145395974029668, 38.18645949907487], [27.14485698485919, 38.18645949907487], [27.14485698485919, 38.18861545575676], [27.145395974029668, 38.18861545575676], [27.145395974029668, 38.18915444492723], [27.145934963200148, 38.18915444492723], [27.145934963200148, 38.1896934340977], [27.14377900651826, 38.1896934340977], [27.14377900651826, 38.18807646658629], [27.14431799568871, 38.18807646658629], [27.14431799568871, 38.187537477415816], [27.14377900651826, 38.187537477415816], [27.14377900651826, 38.18645949907487], [27.14324001734778, 38.18645949907487], [27.14324001734778, 38.18430354239298], [27.14377900651826, 38.18430354239298], [27.14377900651826, 38.184842531563454], [27.14431799568871, 38.184842531563454], [27.14431799568871, 38.183225564052044]], [[27.14485698485919, 38.18861545575676], [27.14485698485919, 38.18915444492723], [27.14431799568871, 38.18915444492723], [27.14431799568871, 38.18861545575676], [27.14485698485919, 38.18861545575676]]]}, "id": "+384321+85004", "properties": {"area_ha": 8.469866288088268, "count": 30, "label": 1, "mean_dnbr": 0.2261798276186303}}, {"type": "Feature", "geometry": {"geodesic": false, "type": "Polygon", "coordinates": [[[27.149707887393447, 38.335759499295534], [27.150246876563898, 38.335759499295534], [27.150246876563898, 38.33629848846601], [27.151324854904857, 38.33629848846601], [27.151324854904857, 38.33683747763648], [27.152941822416267, 38.33683747763648], [27.152941822416267, 38.337915455977424], [27.153480811586746, 38.337915455977424], [27.153480811586746, 38.33953242348884], [27.154019800757197, 38.33953242348884], [27.154019800757197, 38.33899343431837], [27.154558789927677, 38.33899343431837], [27.154558789927677, 38.34007141265931], [27.153480811586746, 38.34007141265931], [27.153480811586746, 38.34114939100025], [27.154019800757197, 38.34114939100025], [27.154019800757197, 38.34168838017072], [27.154558789927677, 38.34168838017072], [27.154558789927677, 38.34276635851167], [27.155097779098156, 38.34276635851167], [27.155097779098156, 38.344383326023085], [27.154558789927677, 38.344383326023085], [27.154558789927677, 38.34653928270497], [27.155636768268636, 38.34653928270497], [27.155636768268636, 38.348156250216384], [27.154558789927677, 38.348156250216384], [27.154558789927677, 38.348695239386856], [27.154019800757197, 38.348695239386856], [27.154019800757197, 38.3497732177278], [27.154558789927677, 38.3497732177278], [27.154558789927677, 38.350851196068746], [27.153480811586746, 38.350851196068746], [27.153480811586746, 38.35300715275063], [27.154019800757197, 38.35300715275063], [27.154019800757197, 38.3535461419211], [27.154558789927677, 38.3535461419211], [27.154558789927677, 38.35570209860299], [27.155097779098156, 38.35570209860299], [27.155097779098156, 38.35624108777346], [27.154558789927677, 38.35624108777346], [27.154558789927677, 38.356780076943934], [27.154019800757197, 38.356780076943934], [27.154019800757197, 38.35624108777346], [27.153480811586746, 38.35624108777346], [27.153480811586746, 38.354624120262045], [27.152941822416267, 38.354624120262045], [27.152941822416267, 38.3535461419211], [27.152402833245787, 38.3535461419211], [27.152402833245787, 38.352468163580156], [27.151863844075336, 38.352468163580156], [27.151863844075336, 38.35192917440969], [27.151324854904857, 38.35192917440969], [27.151324854904857, 38.35139018523922], [27.150785865734377, 38.35139018523922], [27.150785865734377, 38.350851196068746], [27.150246876563898, 38.350851196068746], [27.150246876563898, 38.3497732177278], [27.149168898222968, 38.3497732177278], [27.149168898222968, 38.34923422855733], [27.148629909052488, 38.34923422855733], [27.148629909052488, 38.348695239386856], [27.14809091988201, 38.348695239386856], [27.14809091988201, 38.348156250216384], [27.1464739523706, 38.348156250216384], [27.1464739523706, 38.34707827187544], [27.14485698485919, 38.34707827187544], [27.14485698485919, 38.34653928270497], [27.14377900651826, 38.34653928270497], [27.14377900651826, 38.3460002935345], [27.14431799568871, 38.3460002935345], [27.14431799568871, 38.34546130436403], [27.147012941541078, 38.34546130436403], [27.147012941541078, 38.34492231519356], [27.14809091988201, 38.34492231519356], [27.14809091988201, 38.344383326023085], [27.147551930711558, 38.344383326023085], [27.147551930711558, 38.34384433685261], [27.14809091988201, 38.34384433685261], [27.14809091988201, 38.34276635851167], [27.147551930711558, 38.34276635851167], [27.147551930711558, 38.342227369341195], [27.1464739523706, 38.342227369341195], [27.1464739523706, 38.34114939100025], [27.147551930711558, 38.34114939100025], [27.147551930711558, 38.34061040182978], [27.14809091988201, 38.34061040182978], [27.14809091988201, 38.34007141265931], [27.149168898222968, 38.34007141265931], [27.149168898222968, 38.33899343431837], [27.150785865734377, 38.33899343431837], [27.150785865734377, 38.337915455977424], [27.150246876563898, 38.337915455977424], [27.150246876563898, 38.33683747763648], [27.149707887393447, 38.33683747763648], [27.149707887393447, 38.335759499295534]], [[27.152402833245787, 38.34707827187544], [27.152402833245787, 38.34761726104591], [27.152941822416267, 38.34761726104591], [27.152941822416267, 38.348156250216384], [27.151863844075336, 38.348156250216384], [27.151863844075336, 38.34707827187544], [27.152402833245787, 38.34707827187544]], [[27.149707887393447, 38.3460002935345], [27.149707887393447, 38.34707827187544], [27.149168898222968, 38.34707827187544], [27.149168898222968, 38.34761726104591], [27.148629909052488, 38.34761726104591], [27.148629909052488, 38.34707827187544], [27.1464739523706, 38.34707827187544], [27.1464739523706, 38.34653928270497], [27.149168898222968, 38.34653928270497], [27.149168898222968, 38.3460002935345], [27.149707887393447, 38.3460002935345]], [[27.154558789927677, 38.34276635851167], [27.154558789927677, 38.34384433685261], [27.154019800757197, 38.34384433685261], [27.154019800757197, 38.34330534768214], [27.153480811586746, 38.34330534768214], [27.153480811586746, 38.34276635851167], [27.154558789927677, 38.34276635851167]], [[27.150246876563898, 38.34168838017072], [27.150246876563898, 38.342227369341195], [27.149707887393447, 38.342227369341195], [27.149707887393447, 38.34168838017072], [27.150246876563898, 38.34168838017072]], [[27.149707887393447, 38.34114939100025], [27.149707887393447, 38.34168838017072], [27.149168898222968, 38.34168838017072], [27.149168898222968, 38.342227369341195], [27.148629909052488, 38.342227369341195], [27.148629909052488, 38.34114939100025], [27.149707887393447, 38.34114939100025]]]}, "id": "+384330+84721", "properties": {"area_ha": 91.55654786994884, "count": 325, "label": 1, "mean_dnbr": 0.5439423717385091}}, {"type": "Feature", "geometry": {"geodesic": false, "type": "Polygon", "coordinates": [[[27.147012941541078, 38.40960101565016], [27.151863844075336, 38.40960101565016], [27.151863844075336, 38.41014000482063], [27.151324854904857, 38.41014000482063], [27.151324854904857, 38.410678993991105], [27.14809091988201, 38.410678993991105], [27.14809091988201, 38.41014000482063], [27.147551930711558, 38.41014000482063], [27.147551930711558, 38.410678993991105], [27.147012941541078, 38.410678993991105], [27.147012941541078, 38.40960101565016]]]}, "id": "+384333+84584", "properties": {"area_ha": 4.503303285284517, "count": 16, "label": 1, "mean_dnbr": 0.24823938384732547}}, {"type": "Feature", "geometry": {"geodesic": false, "type": "Polygon", "coordinates": [[[27.159409692461935, 38.61765083545224], [27.161026659973345, 38.61765083545224], [27.161026659973345, 38.61818982462271], [27.161565649143824, 38.61818982462271], [27.161565649143824, 38.61872881379318], [27.161026659973345, 38.61872881379318], [27.161026659973345, 38.619267802963655], [27.159948681632386, 38.619267802963655], [27.159948681632386, 38.61980679213413], [27.159409692461935, 38.61980679213413], [27.159409692461935, 38.61765083545224]]]}, "id": "+384350+84198", "properties": {"area_ha": 3.087105341675442, "count": 11, "label": 1, "mean_dnbr": 0.4324482959713956}}, {"type": "Feature", "geometry": {"geodesic": false, "type": "Polygon", "coordinates": [[[27.169650486700903, 38.232273578564964], [27.172345432553243, 38.232273578564964], [27.172345432553243, 38.23335155690591], [27.171806443382764, 38.23335155690591], [27.171806443382764, 38.23389054607638], [27.172345432553243, 38.23389054607638], [27.172345432553243, 38.23604650275827], [27.171806443382764, 38.23604650275827], [27.171806443382764, 38.23766347026969], [27.170728465041833, 38.23766347026969], [27.170728465041833, 38.237124481099215], [27.170189475871354, 38.237124481099215], [27.170189475871354, 38.23658549192874], [27.170728465041833, 38.23658549192874], [27.170728465041833, 38.23604650275827], [27.169650486700903, 38.23604650275827], [27.169650486700903, 38.234968524417326], [27.169111497530423, 38.234968524417326], [27.169111497530423, 38.23442953524685], [27.169650486700903, 38.23442953524685], [27.169650486700903, 38.232273578564964]], [[27.171267454212312, 38.234968524417326], [27.171267454212312, 38.2355075135878], [27.170189475871354, 38.2355075135878], [27.170189475871354, 38.234968524417326], [27.171267454212312, 38.234968524417326]], [[27.171806443382764, 38.23281256773544], [27.171806443382764, 38.23335155690591], [27.171267454212312, 38.23335155690591], [27.171267454212312, 38.23281256773544], [27.171806443382764, 38.23281256773544]]]}, "id": "+384371+84913", "properties": {"area_ha": 11.003525340485067, "count": 39, "label": 1, "mean_dnbr": 0.19294918710430137}}, {"type": "Feature", "geometry": {"geodesic": false, "type": "Polygon", "coordinates": [[[27.18905409683788, 38.257067080406664], [27.19013207517881, 38.257067080406664], [27.19013207517881, 38.257606069577136], [27.18959308600833, 38.257606069577136], [27.18959308600833, 38.25814505874761], [27.18905409683788, 38.25814505874761], [27.18905409683788, 38.25868404791808], [27.1885151076674, 38.25868404791808], [27.1885151076674, 38.25922303708855], [27.18743712932647, 38.25922303708855], [27.18743712932647, 38.259762026259025], [27.18635915098551, 38.259762026259025], [27.18635915098551, 38.25922303708855], [27.18582016181503, 38.25922303708855], [27.18582016181503, 38.25814505874761], [27.18797611849692, 38.25814505874761], [27.18797611849692, 38.257606069577136], [27.18905409683788, 38.257606069577136], [27.18905409683788, 38.257067080406664]]]}, "id": "+384404+84867", "properties": {"area_ha": 5.076884348365616, "count": 18, "label": 1, "mean_dnbr": 0.32597437620667913}}, {"type": "Feature", "geometry": {"geodesic": false, "type": "Polygon", "coordinates": [[[27.194443988542588, 38.14495733294855], [27.197677923565408, 38.14495733294855], [27.197677923565408, 38.146035311289495], [27.194982977713067, 38.146035311289495], [27.194982977713067, 38.14549632211902], [27.194443988542588, 38.14549632211902], [27.194443988542588, 38.14495733294855]]]}, "id": "+384418+85075", "properties": {"area_ha": 3.107353994730407, "count": 11, "label": 1, "mean_dnbr": 0.16570617737637003}}, {"type": "Feature", "geometry": {"geodesic": false, "type": "Polygon", "coordinates": [[[27.203067815270146, 38.05171220645694], [27.204684782781555, 38.05171220645694], [27.204684782781555, 38.05386816313883], [27.204145793611076, 38.05386816313883], [27.204145793611076, 38.0544071523093], [27.203067815270146, 38.0544071523093], [27.203067815270146, 38.05386816313883], [27.202528826099666, 38.05386816313883], [27.202528826099666, 38.052790184797885], [27.203067815270146, 38.052790184797885], [27.203067815270146, 38.05171220645694]]]}, "id": "+384431+85248", "properties": {"area_ha": 4.525521390369532, "count": 16, "label": 1, "mean_dnbr": 0.31600609835807003}}, {"type": "Feature", "geometry": {"geodesic": false, "type": "Polygon", "coordinates": [[[27.208457706974855, 38.42038079905959], [27.209535685315785, 38.42038079905959], [27.209535685315785, 38.420919788230066], [27.210074674486265, 38.420919788230066], [27.210074674486265, 38.42253675574148], [27.210613663656744, 38.42253675574148], [27.210613663656744, 38.42361473408243], [27.211152652827224, 38.42361473408243], [27.211152652827224, 38.42469271242337], [27.209535685315785, 38.42469271242337], [27.209535685315785, 38.4241537232529], [27.208996696145334, 38.4241537232529], [27.208996696145334, 38.42253675574148], [27.208457706974855, 38.42253675574148], [27.208457706974855, 38.42199776657101], [27.207918717804375, 38.42199776657101], [27.207918717804375, 38.42145877740054], [27.208457706974855, 38.42145877740054], [27.208457706974855, 38.42038079905959]]]}, "id": "+384440+84564", "properties": {"area_ha": 7.035278904731234, "count": 25, "label": 1, "mean_dnbr": 0.36680803958937225}}, {"type": "Feature", "geometry": {"geodesic": false, "type": "Polygon", "coordinates": [[[27.217081533702412, 38.43978440919658], [27.217620522872863, 38.43978440919658], [27.217620522872863, 38.44086238753752], [27.218698501213822, 38.44086238753752], [27.218698501213822, 38.441401376707994], [27.219776479554753, 38.441401376707994], [27.219776479554753, 38.44247935504894], [27.221393447066163, 38.44247935504894], [27.221393447066163, 38.443018344219404], [27.22247142540712, 38.443018344219404], [27.22247142540712, 38.443557333389876], [27.2230104145776, 38.443557333389876], [27.2230104145776, 38.44463531173082], [27.22247142540712, 38.44463531173082], [27.22247142540712, 38.44517430090129], [27.221932436236642, 38.44517430090129], [27.221932436236642, 38.44463531173082], [27.221393447066163, 38.44463531173082], [27.221393447066163, 38.44409632256035], [27.219776479554753, 38.44409632256035], [27.219776479554753, 38.443557333389876], [27.218159512043343, 38.443557333389876], [27.218159512043343, 38.443018344219404], [27.219776479554753, 38.443018344219404], [27.219776479554753, 38.44247935504894], [27.217081533702412, 38.44247935504894], [27.217081533702412, 38.443018344219404], [27.216003555361453, 38.443018344219404], [27.216003555361453, 38.44247935504894], [27.216542544531933, 38.44247935504894], [27.216542544531933, 38.441940365878466], [27.217081533702412, 38.441940365878466], [27.217081533702412, 38.441401376707994], [27.217620522872863, 38.441401376707994], [27.217620522872863, 38.44086238753752], [27.217081533702412, 38.44086238753752], [27.217081533702412, 38.43978440919658]]]}, "id": "+384455+84528", "properties": {"area_ha": 10.690649733291698, "count": 38, "label": 1, "mean_dnbr": 0.41261319888438136}}, {"type": "Feature", "geometry": {"geodesic": false, "type": "Polygon", "coordinates": [[[27.223549403748052, 38.25598910206572], [27.22408839291853, 38.25598910206572], [27.22408839291853, 38.257067080406664], [27.22462738208901, 38.257067080406664], [27.22462738208901, 38.25814505874761], [27.22732232794135, 38.25814505874761], [27.22732232794135, 38.25922303708855], [27.2267833387709, 38.25922303708855], [27.2267833387709, 38.2603010154295], [27.22624434960042, 38.2603010154295], [27.22624434960042, 38.26084000459997], [27.22462738208901, 38.26084000459997], [27.22462738208901, 38.25922303708855], [27.225166371259462, 38.25922303708855], [27.225166371259462, 38.25868404791808], [27.22462738208901, 38.25868404791808], [27.22462738208901, 38.25814505874761], [27.223549403748052, 38.25814505874761], [27.223549403748052, 38.25598910206572]]]}, "id": "+384467+84869", "properties": {"area_ha": 7.333234953746895, "count": 26, "label": 1, "mean_dnbr": 0.27561954301036723}}, {"type": "Feature", "geometry": {"geodesic": false, "type": "Polygon", "coordinates": [[[27.2267833387709, 38.107767080186], [27.22840030628231, 38.107767080186], [27.22840030628231, 38.10830606935647], [27.22786131711183, 38.10830606935647], [27.22786131711183, 38.108845058526946], [27.2305562629642, 38.108845058526946], [27.2305562629642, 38.10938404769742], [27.23109525213465, 38.10938404769742], [27.23109525213465, 38.10992303686789], [27.23001727379372, 38.10992303686789], [27.23001727379372, 38.10938404769742], [27.22947828462324, 38.10938404769742], [27.22947828462324, 38.10992303686789], [27.22840030628231, 38.10992303686789], [27.22840030628231, 38.11046202603836], [27.22893929545279, 38.11046202603836], [27.22893929545279, 38.111001015208835], [27.22840030628231, 38.111001015208835], [27.22840030628231, 38.11046202603836], [27.22732232794135, 38.11046202603836], [27.22732232794135, 38.10938404769742], [27.22786131711183, 38.10938404769742], [27.22786131711183, 38.108845058526946], [27.2267833387709, 38.108845058526946], [27.2267833387709, 38.107767080186]]]}, "id": "+384475+85144", "properties": {"area_ha": 5.369914983687426, "count": 19, "label": 1, "mean_dnbr": 0.25215894337571976}}, {"type": "Feature", "geometry": {"geodesic": false, "type": "Polygon", "coordinates": [[[27.23001727379372, 38.39882123224073], [27.2305562629642, 38.39882123224073], [27.2305562629642, 38.3993602214112], [27.23109525213465, 38.3993602214112], [27.23109525213465, 38.400438199752145], [27.23163424130513, 38.400438199752145], [27.23163424130513, 38.402055167263555], [27.2305562629642, 38.402055167263555], [27.2305562629642, 38.400438199752145], [27.23001727379372, 38.400438199752145], [27.23001727379372, 38.39882123224073]]]}, "id": "+384479+84604", "properties": {"area_ha": 3.0964682478500194, "count": 11, "label": 1, "mean_dnbr": 0.25069409955377864}}, {"type": "Feature", "geometry": {"geodesic": false, "type": "Polygon", "coordinates": [[[27.23271221964609, 38.22957863271261], [27.23379019798702, 38.22957863271261], [27.23379019798702, 38.230656611053554], [27.2343291871575, 38.230656611053554], [27.2343291871575, 38.2317345893945], [27.23271221964609, 38.2317345893945], [27.23271221964609, 38.230656611053554], [27.23217323047561, 38.230656611053554], [27.23217323047561, 38.23011762188308], [27.23271221964609, 38.23011762188308], [27.23271221964609, 38.22957863271261]]]}, "id": "+384485+84918", "properties": {"area_ha": 3.1037306621546175, "count": 11, "label": 1, "mean_dnbr": 0.26731422219340023}}, {"type": "Feature", "geometry": {"geodesic": false, "type": "Polygon", "coordinates": [[[27.23918008969173, 38.14280137626666], [27.240797057203167, 38.14280137626666], [27.240797057203167, 38.14334036543713], [27.241875035544098, 38.14334036543713], [27.241875035544098, 38.143879354607606], [27.242414024714577, 38.143879354607606], [27.242414024714577, 38.14441834377808], [27.241875035544098, 38.14441834377808], [27.241875035544098, 38.14495733294855], [27.24133604637362, 38.14495733294855], [27.24133604637362, 38.14441834377808], [27.240797057203167, 38.14441834377808], [27.240797057203167, 38.143879354607606], [27.23918008969173, 38.143879354607606], [27.23918008969173, 38.14280137626666]]]}, "id": "+384498+85079", "properties": {"area_ha": 3.3899329805807334, "count": 12, "label": 1, "mean_dnbr": 0.21411402291493903}}, {"type": "Feature", "geometry": {"geodesic": false, "type": "Polygon", "coordinates": [[[27.246725938078356, 38.270002820497986], [27.248342905589766, 38.270002820497986], [27.248342905589766, 38.27054180966846], [27.248881894760217, 38.27054180966846], [27.248881894760217, 38.27108079883893], [27.248342905589766, 38.27108079883893], [27.248342905589766, 38.272158777179875], [27.247803916419286, 38.272158777179875], [27.247803916419286, 38.27269776635035], [27.246725938078356, 38.27269776635035], [27.246725938078356, 38.27323675552082], [27.246186948907877, 38.27323675552082], [27.246186948907877, 38.27269776635035], [27.245647959737397, 38.27269776635035], [27.245647959737397, 38.272158777179875], [27.245108970566918, 38.272158777179875], [27.245108970566918, 38.27108079883893], [27.246725938078356, 38.27108079883893], [27.246725938078356, 38.270002820497986]]]}, "id": "+384512+84843", "properties": {"area_ha": 6.767968803065877, "count": 24, "label": 1, "mean_dnbr": 0.17993532504591006}}, {"type": "Feature", "geometry": {"geodesic": false, "type": "Polygon", "coordinates": [[[27.248342905589766, 38.278087658055064], [27.249420883930696, 38.278087658055064], [27.249420883930696, 38.278626647225536], [27.249959873101176, 38.278626647225536], [27.249959873101176, 38.28078260390742], [27.251037851442106, 38.28078260390742], [27.251037851442106, 38.28132159307789], [27.249420883930696, 38.28132159307789], [27.249420883930696, 38.28078260390742], [27.248342905589766, 38.28078260390742], [27.248342905589766, 38.28132159307789], [27.247803916419286, 38.28132159307789], [27.247803916419286, 38.28078260390742], [27.246186948907877, 38.28078260390742], [27.246186948907877, 38.28132159307789], [27.245647959737397, 38.28132159307789], [27.245647959737397, 38.280243614736946], [27.246186948907877, 38.280243614736946], [27.246186948907877, 38.27970462556648], [27.247803916419286, 38.27970462556648], [27.247803916419286, 38.278626647225536], [27.248342905589766, 38.278626647225536], [27.248342905589766, 38.278087658055064]]]}, "id": "+384514+84828", "properties": {"area_ha": 8.458982203454635, "count": 30, "label": 1, "mean_dnbr": 0.2057431303353443}}, {"type": "Feature", "geometry": {"geodesic": false, "type": "Polygon", "coordinates": [[[27.2801432666476, 38.625196683838844], [27.28122124498853, 38.625196683838844], [27.28122124498853, 38.625735673009316], [27.28229922332949, 38.625735673009316], [27.28229922332949, 38.627891629691206], [27.28122124498853, 38.627891629691206], [27.28122124498853, 38.62735264052073], [27.2801432666476, 38.62735264052073], [27.2801432666476, 38.62627466217979], [27.27960427747712, 38.62627466217979], [27.27960427747712, 38.625735673009316], [27.2801432666476, 38.625735673009316], [27.2801432666476, 38.625196683838844]]]}, "id": "+384573+84184", "properties": {"area_ha": 4.770454767433837, "count": 17, "label": 1, "mean_dnbr": 0.361590712901382}}, {"type": "Feature", "geometry": {"geodesic": false, "type": "Polygon", "coordinates": [[[27.293617995909386, 38.184842531563454], [27.295773952591276, 38.184842531563454], [27.295773952591276, 38.18538152073393], [27.294156985079866, 38.18538152073393], [27.294156985079866, 38.1859205099044], [27.292001028397976, 38.1859205099044], [27.292001028397976, 38.18645949907487], [27.290923050057017, 38.18645949907487], [27.290923050057017, 38.18538152073393], [27.293617995909386, 38.18538152073393], [27.293617995909386, 38.184842531563454]]]}, "id": "+384600+85001", "properties": {"area_ha": 3.387977964869699, "count": 12, "label": 1, "mean_dnbr": 0.35786303014294024}}, {"type": "Feature", "geometry": {"geodesic": false, "type": "Polygon", "coordinates": [[[27.306553736000694, 38.20424614170044], [27.307092725171174, 38.20424614170044], [27.307092725171174, 38.20640209838233], [27.306553736000694, 38.20640209838233], [27.306553736000694, 38.210175022575626], [27.305475757659764, 38.210175022575626], [27.305475757659764, 38.209636033405154], [27.304936768489284, 38.209636033405154], [27.304936768489284, 38.20855805506421], [27.304397779318805, 38.20855805506421], [27.304397779318805, 38.2069410875528], [27.305475757659764, 38.2069410875528], [27.305475757659764, 38.20640209838233], [27.306553736000694, 38.20640209838233], [27.306553736000694, 38.20424614170044]]]}, "id": "+384621+84965", "properties": {"area_ha": 7.33840075275757, "count": 26, "label": 1, "mean_dnbr": 0.40861969752323696}}, {"type": "Feature", "geometry": {"geodesic": false, "type": "Polygon", "coordinates": [[[27.31787250858062, 38.18538152073393], [27.32002846526251, 38.18538152073393], [27.32002846526251, 38.186998488245344], [27.31948947609203, 38.186998488245344], [27.31948947609203, 38.187537477415816], [27.31787250858062, 38.187537477415816], [27.31787250858062, 38.18538152073393]]]}, "id": "+384645+85000", "properties": {"area_ha": 4.234931592995426, "count": 15, "label": 1, "mean_dnbr": 0.3858111529623656}}, {"type": "Feature", "geometry": {"geodesic": false, "type": "Polygon", "coordinates": [[[27.31841149775107, 38.16166599723317], [27.32002846526251, 38.16166599723317], [27.32002846526251, 38.162204986403644], [27.32056745443296, 38.162204986403644], [27.32056745443296, 38.16274397557412], [27.32110644360344, 38.16274397557412], [27.32110644360344, 38.16328296474459], [27.32164543277392, 38.16328296474459], [27.32164543277392, 38.16436094308553], [27.31787250858062, 38.16436094308553], [27.31787250858062, 38.16274397557412], [27.31841149775107, 38.16274397557412], [27.31841149775107, 38.16166599723317]], [[27.31895048692155, 38.16328296474459], [27.31895048692155, 38.16382195391506], [27.31841149775107, 38.16382195391506], [27.31841149775107, 38.16328296474459], [27.31895048692155, 38.16328296474459]]]}, "id": "+384645+85044", "properties": {"area_ha": 7.342924070306557, "count": 26, "label": 1, "mean_dnbr": 0.37826568345177136}}, {"type": "Feature", "geometry": {"geodesic": false, "type": "Polygon", "coordinates": [[[27.32272341111485, 38.47859162947054], [27.32326240028533, 38.47859162947054], [27.32326240028533, 38.47913061864101], [27.32272341111485, 38.47913061864101], [27.32272341111485, 38.47966960781148], [27.32434037862626, 38.47966960781148], [27.32434037862626, 38.48020859698195], [27.32487936779674, 38.48020859698195], [27.32487936779674, 38.47913061864101], [27.32649633530815, 38.47913061864101], [27.32649633530815, 38.48020859698195], [27.32703532447863, 38.48020859698195], [27.32703532447863, 38.480747586152425], [27.32811330281956, 38.480747586152425], [27.32811330281956, 38.48236455366384], [27.32865229199004, 38.48236455366384], [27.32865229199004, 38.48452051034573], [27.32919128116052, 38.48452051034573], [27.32919128116052, 38.48559848868667], [27.32865229199004, 38.48559848868667], [27.32865229199004, 38.48613747785714], [27.32811330281956, 38.48613747785714], [27.32811330281956, 38.487215456198086], [27.32757431364911, 38.487215456198086], [27.32757431364911, 38.48775444536856], [27.32703532447863, 38.48775444536856], [27.32703532447863, 38.4888324237095], [27.32757431364911, 38.4888324237095], [27.32757431364911, 38.49152736956186], [27.32811330281956, 38.49152736956186], [27.32811330281956, 38.4926053479028], [27.32919128116052, 38.4926053479028], [27.32919128116052, 38.49152736956186], [27.32865229199004, 38.49152736956186], [27.32865229199004, 38.49098838039139], [27.329730270330998, 38.49098838039139], [27.329730270330998, 38.493144337073275], [27.33026925950145, 38.493144337073275], [27.33026925950145, 38.49476130458469], [27.33080824867193, 38.49476130458469], [27.33080824867193, 38.49691726126658], [27.33026925950145, 38.49691726126658], [27.33026925950145, 38.499612207118936], [27.329730270330998, 38.499612207118936], [27.329730270330998, 38.50015119628941], [27.33026925950145, 38.50015119628941], [27.33026925950145, 38.50122917463035], [27.329730270330998, 38.50122917463035], [27.329730270330998, 38.501768163800826], [27.32865229199004, 38.501768163800826], [27.32865229199004, 38.5023071529713], [27.32757431364911, 38.5023071529713], [27.32757431364911, 38.50392412048271], [27.32703532447863, 38.50392412048271], [27.32703532447863, 38.50446310965318], [27.32649633530815, 38.50446310965318], [27.32649633530815, 38.505541087994125], [27.32703532447863, 38.505541087994125], [27.32703532447863, 38.5060800771646], [27.3259573461377, 38.5060800771646], [27.3259573461377, 38.505541087994125], [27.32541835696722, 38.505541087994125], [27.32541835696722, 38.50500209882365], [27.32487936779674, 38.50500209882365], [27.32487936779674, 38.50446310965318], [27.32326240028533, 38.50446310965318], [27.32326240028533, 38.50392412048271], [27.32272341111485, 38.50392412048271], [27.32272341111485, 38.503385131312236], [27.32218442194437, 38.503385131312236], [27.32218442194437, 38.50284614214177], [27.32164543277392, 38.50284614214177], [27.32164543277392, 38.5023071529713], [27.32110644360344, 38.5023071529713], [27.32110644360344, 38.50069018545988], [27.32164543277392, 38.50069018545988], [27.32164543277392, 38.50015119628941], [27.32218442194437, 38.50015119628941], [27.32218442194437, 38.499073217948464], [27.32164543277392, 38.499073217948464], [27.32164543277392, 38.499612207118936], [27.32110644360344, 38.499612207118936], [27.32110644360344, 38.499073217948464], [27.32056745443296, 38.499073217948464], [27.32056745443296, 38.49799523960752], [27.32002846526251, 38.49799523960752], [27.32002846526251, 38.49691726126658], [27.32056745443296, 38.49691726126658], [27.32056745443296, 38.49637827209611], [27.32110644360344, 38.49637827209611], [27.32110644360344, 38.49476130458469], [27.32056745443296, 38.49476130458469], [27.32056745443296, 38.49368332624375], [27.32002846526251, 38.49368332624375], [27.32002846526251, 38.493144337073275], [27.32056745443296, 38.493144337073275], [27.32056745443296, 38.4926053479028], [27.32110644360344, 38.4926053479028], [27.32110644360344, 38.49206635873233], [27.32056745443296, 38.49206635873233], [27.32056745443296, 38.49152736956186], [27.32110644360344, 38.49152736956186], [27.32110644360344, 38.48829343453903], [27.32056745443296, 38.48829343453903], [27.32056745443296, 38.486676467027614], [27.32002846526251, 38.486676467027614], [27.32002846526251, 38.48613747785714], [27.31895048692155, 38.48613747785714], [27.31895048692155, 38.4850594995162], [27.31948947609203, 38.4850594995162], [27.31948947609203, 38.48236455366384], [27.32002846526251, 38.48236455366384], [27.32002846526251, 38.48182556449337], [27.32056745443296, 38.48182556449337], [27.32056745443296, 38.4812865753229], [27.32110644360344, 38.4812865753229], [27.32110644360344, 38.48020859698195], [27.32056745443296, 38.48020859698195], [27.32056745443296, 38.47966960781148], [27.32218442194437, 38.47966960781148], [27.32218442194437, 38.47913061864101], [27.32272341111485, 38.47913061864101], [27.32272341111485, 38.47859162947054]], [[27.32380138945581, 38.49853422877799], [27.32380138945581, 38.50015119628941], [27.32326240028533, 38.50015119628941], [27.32326240028533, 38.49853422877799], [27.32380138945581, 38.49853422877799]], [[27.32703532447863, 38.49368332624375], [27.32703532447863, 38.49422231541422], [27.32649633530815, 38.49422231541422], [27.32649633530815, 38.49368332624375], [27.32703532447863, 38.49368332624375]], [[27.32164543277392, 38.4926053479028], [27.32164543277392, 38.49368332624375], [27.32056745443296, 38.49368332624375], [27.32056745443296, 38.493144337073275], [27.32110644360344, 38.493144337073275], [27.32110644360344, 38.4926053479028], [27.32164543277392, 38.4926053479028]], [[27.32434037862626, 38.4926053479028], [27.32434037862626, 38.493144337073275], [27.32487936779674, 38.493144337073275], [27.32487936779674, 38.49368332624375], [27.32541835696722, 38.49368332624375], [27.32541835696722, 38.49422231541422], [27.32434037862626, 38.49422231541422], [27.32434037862626, 38.49476130458469], [27.32218442194437, 38.49476130458469], [27.32218442194437, 38.49422231541422], [27.32164543277392, 38.49422231541422], [27.32164543277392, 38.49368332624375], [27.32218442194437, 38.49368332624375], [27.32218442194437, 38.493144337073275], [27.32380138945581, 38.493144337073275], [27.32380138945581, 38.4926053479028], [27.32434037862626, 38.4926053479028]], [[27.32272341111485, 38.48991040205045], [27.32272341111485, 38.49098838039139], [27.32326240028533, 38.49098838039139], [27.32326240028533, 38.4926053479028], [27.32164543277392, 38.4926053479028], [27.32164543277392, 38.49206635873233], [27.32218442194437, 38.49206635873233], [27.32218442194437, 38.48991040205045], [27.32272341111485, 38.48991040205045]]]}, "id": "+384651+84456", "properties": {"area_ha": 188.36419324537272, "count": 670, "label": 1, "mean_dnbr": 0.6564024103799718}}, {"type": "Feature", "geometry": {"geodesic": false, "type": "Polygon", "coordinates": [[[27.32380138945581, 38.13902845207336], [27.32541835696722, 38.13902845207336], [27.32541835696722, 38.140106430414306], [27.3259573461377, 38.140106430414306], [27.3259573461377, 38.14118440875525], [27.32434037862626, 38.14118440875525], [27.32434037862626, 38.140106430414306], [27.32380138945581, 38.140106430414306], [27.32380138945581, 38.13902845207336]]]}, "id": "+384655+85086", "properties": {"area_ha": 3.390100578686374, "count": 12, "label": 1, "mean_dnbr": 0.3739235661658634}}, {"type": "Feature", "geometry": {"geodesic": false, "type": "Polygon", "coordinates": [[[27.3259573461377, 38.137411484561945], [27.32703532447863, 38.137411484561945], [27.32703532447863, 38.13795047373242], [27.32865229199004, 38.13795047373242], [27.32865229199004, 38.13902845207336], [27.32919128116052, 38.13902845207336], [27.32919128116052, 38.139567441243834], [27.32703532447863, 38.139567441243834], [27.32703532447863, 38.13902845207336], [27.32649633530815, 38.13902845207336], [27.32649633530815, 38.13795047373242], [27.3259573461377, 38.13795047373242], [27.3259573461377, 38.137411484561945]]]}, "id": "+384658+85089", "properties": {"area_ha": 3.9552019538778396, "count": 14, "label": 1, "mean_dnbr": 0.3843425549392464}}, {"type": "Feature", "geometry": {"geodesic": false, "type": "Polygon", "coordinates": [[[27.3259573461377, 38.14334036543713], [27.32811330281956, 38.14334036543713], [27.32811330281956, 38.143879354607606], [27.32757431364911, 38.143879354607606], [27.32757431364911, 38.14441834377808], [27.32703532447863, 38.14441834377808], [27.32703532447863, 38.14549632211902], [27.32487936779674, 38.14549632211902], [27.32487936779674, 38.14495733294855], [27.3259573461377, 38.14495733294855], [27.3259573461377, 38.14334036543713]]]}, "id": "+384660+85078", "properties": {"area_ha": 3.6723923179055586, "count": 13, "label": 1, "mean_dnbr": 0.5097054831902986}}, {"type": "Feature", "geometry": {"geodesic": false, "type": "Polygon", "coordinates": [[[27.32865229199004, 38.17406274815402], [27.329730270330998, 38.17406274815402], [27.329730270330998, 38.17675769400638], [27.32811330281956, 38.17675769400638], [27.32811330281956, 38.17783567234732], [27.3259573461377, 38.17783567234732], [27.3259573461377, 38.17567971566544], [27.32703532447863, 38.17567971566544], [27.32703532447863, 38.17406274815402], [27.32757431364911, 38.17406274815402], [27.32757431364911, 38.174601737324494], [27.32865229199004, 38.174601737324494], [27.32865229199004, 38.17406274815402]]]}, "id": "+384663+85021", "properties": {"area_ha": 9.882935164520088, "count": 35, "label": 1, "mean_dnbr": 0.4185755765581677}}, {"type": "Feature", "geometry": {"geodesic": false, "type": "Polygon", "coordinates": [[[27.329730270330998, 38.13094361451628], [27.331347237842408, 38.13094361451628], [27.331347237842408, 38.13309957119817], [27.329730270330998, 38.13309957119817], [27.329730270330998, 38.133638560368645], [27.33026925950145, 38.133638560368645], [27.33026925950145, 38.13417754953912], [27.329730270330998, 38.13417754953912], [27.329730270330998, 38.133638560368645], [27.32919128116052, 38.133638560368645], [27.32919128116052, 38.13471653870959], [27.32757431364911, 38.13471653870959], [27.32757431364911, 38.133638560368645], [27.32919128116052, 38.133638560368645], [27.32919128116052, 38.13309957119817], [27.329730270330998, 38.13309957119817], [27.329730270330998, 38.13202159285723], [27.33026925950145, 38.13202159285723], [27.33026925950145, 38.131482603686756], [27.329730270330998, 38.131482603686756], [27.329730270330998, 38.13094361451628]]]}, "id": "+384666+85101", "properties": {"area_ha": 5.368190303435282, "count": 19, "label": 1, "mean_dnbr": 0.30262461421781356}}, {"type": "Feature", "geometry": {"geodesic": false, "type": "Polygon", "coordinates": [[[27.33080824867193, 38.14657430045997], [27.333503194524297, 38.14657430045997], [27.333503194524297, 38.14711328963044], [27.334581172865228, 38.14711328963044], [27.334581172865228, 38.14819126797138], [27.33404218369475, 38.14819126797138], [27.33404218369475, 38.14873025714185], [27.331886227012888, 38.14873025714185], [27.331886227012888, 38.15034722465327], [27.331347237842408, 38.15034722465327], [27.331347237842408, 38.149808235482794], [27.32919128116052, 38.149808235482794], [27.32919128116052, 38.14819126797138], [27.33026925950145, 38.14819126797138], [27.33026925950145, 38.14873025714185], [27.331886227012888, 38.14873025714185], [27.331886227012888, 38.147652278800905], [27.33080824867193, 38.147652278800905], [27.33080824867193, 38.14657430045997]]]}, "id": "+384670+85072", "properties": {"area_ha": 9.604215280779714, "count": 34, "label": 1, "mean_dnbr": 0.39687693745884506}}, {"type": "Feature", "geometry": {"geodesic": false, "type": "Polygon", "coordinates": [[[27.33404218369475, 38.14226238709619], [27.335659151206187, 38.14226238709619], [27.335659151206187, 38.143879354607606], [27.33404218369475, 38.143879354607606], [27.33404218369475, 38.14334036543713], [27.333503194524297, 38.14334036543713], [27.333503194524297, 38.143879354607606], [27.332964205353818, 38.143879354607606], [27.332964205353818, 38.14334036543713], [27.333503194524297, 38.14334036543713], [27.333503194524297, 38.14280137626666], [27.33404218369475, 38.14280137626666], [27.33404218369475, 38.14226238709619]]]}, "id": "+384674+85080", "properties": {"area_ha": 3.107463853125523, "count": 11, "label": 1, "mean_dnbr": 0.3320801801304282}}, {"type": "Feature", "geometry": {"geodesic": false, "type": "Polygon", "coordinates": [[[27.337276118717597, 38.14819126797138], [27.337815107888076, 38.14819126797138], [27.337815107888076, 38.14873025714185], [27.338893086229007, 38.14873025714185], [27.338893086229007, 38.14926924631232], [27.338354097058527, 38.14926924631232], [27.338354097058527, 38.149808235482794], [27.337815107888076, 38.149808235482794], [27.337815107888076, 38.15034722465327], [27.335659151206187, 38.15034722465327], [27.335659151206187, 38.14926924631232], [27.336737129547117, 38.14926924631232], [27.336737129547117, 38.14873025714185], [27.337276118717597, 38.14873025714185], [27.337276118717597, 38.14819126797138]]]}, "id": "+384678+85069", "properties": {"area_ha": 3.9546153536855018, "count": 14, "label": 1, "mean_dnbr": 0.48860124111337117}}, {"type": "Feature", "geometry": {"geodesic": false, "type": "Polygon", "coordinates": [[[27.337276118717597, 38.08512953502619], [27.338893086229007, 38.08512953502619], [27.338893086229007, 38.086207513367135], [27.339971064569937, 38.086207513367135], [27.339971064569937, 38.08728549170807], [27.341049042910896, 38.08728549170807], [27.341049042910896, 38.08944144838996], [27.338893086229007, 38.08944144838996], [27.338893086229007, 38.08728549170807], [27.338354097058527, 38.08728549170807], [27.338354097058527, 38.08674650253761], [27.337815107888076, 38.08674650253761], [27.337815107888076, 38.08566852419666], [27.337276118717597, 38.08566852419666], [27.337276118717597, 38.08512953502619]]]}, "id": "+384680+85186", "properties": {"area_ha": 7.915941393701649, "count": 28, "label": 1, "mean_dnbr": 0.32297857625391696}}, {"type": "Feature", "geometry": {"geodesic": false, "type": "Polygon", "coordinates": [[[27.337815107888076, 38.13417754953912], [27.339971064569937, 38.13417754953912], [27.339971064569937, 38.13525552788006], [27.338893086229007, 38.13525552788006], [27.338893086229007, 38.13687249539147], [27.336737129547117, 38.13687249539147], [27.336737129547117, 38.13579451705053], [27.337276118717597, 38.13579451705053], [27.337276118717597, 38.13471653870959], [27.337815107888076, 38.13471653870959], [27.337815107888076, 38.13417754953912]]]}, "id": "+384682+85095", "properties": {"area_ha": 5.650525105267644, "count": 20, "label": 1, "mean_dnbr": 0.5967124561847982}}, {"type": "Feature", "geometry": {"geodesic": false, "type": "Polygon", "coordinates": [[[27.338893086229007, 38.11207899354977], [27.339971064569937, 38.11207899354977], [27.339971064569937, 38.112617982720245], [27.340510053740417, 38.112617982720245], [27.340510053740417, 38.11315697189072], [27.339971064569937, 38.11315697189072], [27.339971064569937, 38.11369596106119], [27.340510053740417, 38.11369596106119], [27.340510053740417, 38.114773939402134], [27.339971064569937, 38.114773939402134], [27.339971064569937, 38.11423495023166], [27.338893086229007, 38.11423495023166], [27.338893086229007, 38.11369596106119], [27.338354097058527, 38.11369596106119], [27.338354097058527, 38.112617982720245], [27.338893086229007, 38.112617982720245], [27.338893086229007, 38.11207899354977]]]}, "id": "+384682+85136", "properties": {"area_ha": 3.6739576913217578, "count": 13, "label": 1, "mean_dnbr": 0.3385941465042314}}, {"type": "Feature", "geometry": {"geodesic": false, "type": "Polygon", "coordinates": [[[27.340510053740417, 38.14334036543713], [27.341588032081376, 38.14334036543713], [27.341588032081376, 38.14495733294855], [27.342127021251827, 38.14495733294855], [27.342127021251827, 38.146035311289495], [27.341588032081376, 38.146035311289495], [27.341588032081376, 38.14657430045997], [27.341049042910896, 38.14657430045997], [27.341049042910896, 38.14495733294855], [27.340510053740417, 38.14495733294855], [27.340510053740417, 38.14441834377808], [27.339971064569937, 38.14441834377808], [27.339971064569937, 38.14495733294855], [27.339432075399486, 38.14495733294855], [27.339432075399486, 38.14549632211902], [27.339971064569937, 38.14549632211902], [27.339971064569937, 38.146035311289495], [27.339432075399486, 38.146035311289495], [27.339432075399486, 38.14711328963044], [27.337815107888076, 38.14711328963044], [27.337815107888076, 38.14657430045997], [27.337276118717597, 38.14657430045997], [27.337276118717597, 38.146035311289495], [27.336737129547117, 38.146035311289495], [27.336737129547117, 38.14495733294855], [27.338354097058527, 38.14495733294855], [27.338354097058527, 38.143879354607606], [27.339432075399486, 38.143879354607606], [27.339432075399486, 38.14334036543713], [27.339971064569937, 38.14334036543713], [27.339971064569937, 38.143879354607606], [27.340510053740417, 38.143879354607606], [27.340510053740417, 38.14334036543713]]]}, "id": "+384685+85078", "properties": {"area_ha": 10.452073177772107, "count": 37, "label": 1, "mean_dnbr": 0.454533692500227}}, {"type": "Feature", "geometry": {"geodesic": false, "type": "Polygon", "coordinates": [[[27.340510053740417, 38.13848946290289], [27.343743988763265, 38.13848946290289], [27.343743988763265, 38.139567441243834], [27.343204999592785, 38.139567441243834], [27.343204999592785, 38.140106430414306], [27.341588032081376, 38.140106430414306], [27.341588032081376, 38.14064541958478], [27.342666010422306, 38.14064541958478], [27.342666010422306, 38.14118440875525], [27.343204999592785, 38.14118440875525], [27.343204999592785, 38.141723397925716], [27.345360956274675, 38.141723397925716], [27.345360956274675, 38.14334036543713], [27.344821967104195, 38.14334036543713], [27.344821967104195, 38.143879354607606], [27.342666010422306, 38.143879354607606], [27.342666010422306, 38.14334036543713], [27.342127021251827, 38.14334036543713], [27.342127021251827, 38.141723397925716], [27.341588032081376, 38.141723397925716], [27.341588032081376, 38.14118440875525], [27.341049042910896, 38.14118440875525], [27.341049042910896, 38.141723397925716], [27.340510053740417, 38.141723397925716], [27.340510053740417, 38.14118440875525], [27.338354097058527, 38.14118440875525], [27.338354097058527, 38.14064541958478], [27.341049042910896, 38.14064541958478], [27.341049042910896, 38.140106430414306], [27.340510053740417, 38.140106430414306], [27.340510053740417, 38.13848946290289]], [[27.342666010422306, 38.14118440875525], [27.342666010422306, 38.141723397925716], [27.342127021251827, 38.141723397925716], [27.342127021251827, 38.14118440875525], [27.342666010422306, 38.14118440875525]]]}, "id": "+384689+85087", "properties": {"area_ha": 14.407690617527269, "count": 51, "label": 1, "mean_dnbr": 0.33842082870383167}}, {"type": "Feature", "geometry": {"geodesic": false, "type": "Polygon", "coordinates": [[[27.341588032081376, 38.706584048580076], [27.344282977933716, 38.706584048580076], [27.344282977933716, 38.70766202692102], [27.341049042910896, 38.70766202692102], [27.341049042910896, 38.70712303775055], [27.341588032081376, 38.70712303775055], [27.341588032081376, 38.706584048580076]]]}, "id": "+384690+84033", "properties": {"area_ha": 3.0833002612797435, "count": 11, "label": 1, "mean_dnbr": 0.3355964456937173}}, {"type": "Feature", "geometry": {"geodesic": false, "type": "Polygon", "coordinates": [[[27.345360956274675, 38.09914325345845], [27.345899945445126, 38.09914325345845], [27.345899945445126, 38.09968224262892], [27.348055902127015, 38.09968224262892], [27.348055902127015, 38.10076022096987], [27.345360956274675, 38.10076022096987], [27.345360956274675, 38.09914325345845]]]}, "id": "+384693+85160", "properties": {"area_ha": 3.109299703695516, "count": 11, "label": 1, "mean_dnbr": 0.42202578794931916}}, {"type": "Feature", "geometry": {"geodesic": false, "type": "Polygon", "coordinates": [[[27.346977923786085, 38.111001015208835], [27.347516912956564, 38.111001015208835], [27.347516912956564, 38.1115400043793], [27.349133880467974, 38.1115400043793], [27.349133880467974, 38.11207899354977], [27.349672869638454, 38.11207899354977], [27.349672869638454, 38.112617982720245], [27.349133880467974, 38.112617982720245], [27.349133880467974, 38.11315697189072], [27.348594891297495, 38.11315697189072], [27.348594891297495, 38.112617982720245], [27.346438934615605, 38.112617982720245], [27.346438934615605, 38.11207899354977], [27.345899945445126, 38.11207899354977], [27.345899945445126, 38.1115400043793], [27.346977923786085, 38.1115400043793], [27.346977923786085, 38.111001015208835]]]}, "id": "+384696+85138", "properties": {"area_ha": 3.95663930572582, "count": 14, "label": 1, "mean_dnbr": 0.21794502213847847}}, {"type": "Feature", "geometry": {"geodesic": false, "type": "Polygon", "coordinates": [[[27.348055902127015, 38.09051942673091], [27.350211858808905, 38.09051942673091], [27.350211858808905, 38.09105841590138], [27.352906804661274, 38.09105841590138], [27.352906804661274, 38.092136394242324], [27.352367815490794, 38.092136394242324], [27.352367815490794, 38.0926753834128], [27.351289837149864, 38.0926753834128], [27.351289837149864, 38.092136394242324], [27.350750847979384, 38.092136394242324], [27.350750847979384, 38.09159740507185], [27.350211858808905, 38.09159740507185], [27.350211858808905, 38.09105841590138], [27.348594891297495, 38.09105841590138], [27.348594891297495, 38.09159740507185], [27.348055902127015, 38.09159740507185], [27.348055902127015, 38.09051942673091]]]}, "id": "+384701+85176", "properties": {"area_ha": 4.523129712298274, "count": 16, "label": 1, "mean_dnbr": 0.3324548459669335}}, {"type": "Feature", "geometry": {"geodesic": false, "type": "Polygon", "coordinates": [[[27.350750847979384, 38.13309957119817], [27.351289837149864, 38.13309957119817], [27.351289837149864, 38.133638560368645], [27.351828826320315, 38.133638560368645], [27.351828826320315, 38.13471653870959], [27.351289837149864, 38.13471653870959], [27.351289837149864, 38.13687249539147], [27.351828826320315, 38.13687249539147], [27.351828826320315, 38.13795047373242], [27.350211858808905, 38.13795047373242], [27.350211858808905, 38.137411484561945], [27.349133880467974, 38.137411484561945], [27.349133880467974, 38.136333506221], [27.350211858808905, 38.136333506221], [27.350211858808905, 38.133638560368645], [27.350750847979384, 38.133638560368645], [27.350750847979384, 38.13309957119817]]]}, "id": "+384703+85097", "properties": {"area_ha": 7.06312216119433, "count": 25, "label": 1, "mean_dnbr": 0.34757246551407794}}, {"type": "Feature", "geometry": {"geodesic": false, "type": "Polygon", "coordinates": [[[27.351289837149864, 38.09483134009468], [27.352906804661274, 38.09483134009468], [27.352906804661274, 38.09537032926515], [27.352367815490794, 38.09537032926515], [27.352367815490794, 38.096448307606096], [27.352906804661274, 38.096448307606096], [27.352906804661274, 38.09698729677657], [27.353984783002204, 38.09698729677657], [27.353984783002204, 38.098604264287985], [27.352906804661274, 38.098604264287985], [27.352906804661274, 38.09698729677657], [27.351828826320315, 38.09698729677657], [27.351828826320315, 38.09590931843562], [27.351289837149864, 38.09590931843562], [27.351289837149864, 38.096448307606096], [27.350211858808905, 38.096448307606096], [27.350211858808905, 38.09590931843562], [27.350750847979384, 38.09590931843562], [27.350750847979384, 38.09537032926515], [27.351289837149864, 38.09537032926515], [27.351289837149864, 38.09483134009468]]]}, "id": "+384706+85168", "properties": {"area_ha": 4.80550814767578, "count": 17, "label": 1, "mean_dnbr": 0.35266178849424595}}, {"type": "Feature", "geometry": {"geodesic": false, "type": "Polygon", "coordinates": [[[27.352367815490794, 38.12986563617534], [27.353445793831753, 38.12986563617534], [27.353445793831753, 38.13040462534581], [27.353984783002204, 38.13040462534581], [27.353984783002204, 38.13094361451628], [27.353445793831753, 38.13094361451628], [27.353445793831753, 38.13202159285723], [27.352367815490794, 38.13202159285723], [27.352367815490794, 38.13309957119817], [27.351828826320315, 38.13309957119817], [27.351828826320315, 38.1325605820277], [27.351289837149864, 38.1325605820277], [27.351289837149864, 38.13202159285723], [27.352367815490794, 38.13202159285723], [27.352367815490794, 38.12986563617534]]]}, "id": "+384707+85103", "properties": {"area_ha": 3.390508910948137, "count": 12, "label": 1, "mean_dnbr": 0.3228190653633814}}, {"type": "Feature", "geometry": {"geodesic": false, "type": "Polygon", "coordinates": [[[27.350750847979384, 38.0829735783443], [27.353445793831753, 38.0829735783443], [27.353445793831753, 38.08459054585572], [27.352906804661274, 38.08459054585572], [27.352906804661274, 38.08512953502619], [27.352367815490794, 38.08512953502619], [27.352367815490794, 38.08459054585572], [27.352906804661274, 38.08459054585572], [27.352906804661274, 38.084051556685246], [27.350750847979384, 38.084051556685246], [27.350750847979384, 38.0829735783443]]]}, "id": "+384707+85190", "properties": {"area_ha": 3.3927135322629196, "count": 12, "label": 1, "mean_dnbr": 0.24996864034549607}}, {"type": "Feature", "geometry": {"geodesic": false, "type": "Polygon", "coordinates": [[[27.352906804661274, 38.13417754953912], [27.353984783002204, 38.13417754953912], [27.353984783002204, 38.13471653870959], [27.354523772172683, 38.13471653870959], [27.354523772172683, 38.136333506221], [27.352906804661274, 38.136333506221], [27.352906804661274, 38.13525552788006], [27.352367815490794, 38.13525552788006], [27.352367815490794, 38.13471653870959], [27.352906804661274, 38.13471653870959], [27.352906804661274, 38.13417754953912]]]}, "id": "+384708+85095", "properties": {"area_ha": 3.390325793519421, "count": 12, "label": 1, "mean_dnbr": 0.37900552974531043}}, {"type": "Feature", "geometry": {"geodesic": false, "type": "Polygon", "coordinates": [[[27.353445793831753, 38.108845058526946], [27.355601750513642, 38.108845058526946], [27.355601750513642, 38.10938404769742], [27.356140739684093, 38.10938404769742], [27.356140739684093, 38.10992303686789], [27.355062761343163, 38.10992303686789], [27.355062761343163, 38.111001015208835], [27.354523772172683, 38.111001015208835], [27.354523772172683, 38.11046202603836], [27.353984783002204, 38.11046202603836], [27.353984783002204, 38.10992303686789], [27.353445793831753, 38.10992303686789], [27.353445793831753, 38.108845058526946]]]}, "id": "+384711+85142", "properties": {"area_ha": 3.391509158011251, "count": 12, "label": 1, "mean_dnbr": 0.44263736667230635}}, {"type": "Feature", "geometry": {"geodesic": false, "type": "Polygon", "coordinates": [[[27.355062761343163, 38.09321437258326], [27.355601750513642, 38.09321437258326], [27.355601750513642, 38.09483134009468], [27.357218718025052, 38.09483134009468], [27.357218718025052, 38.09537032926515], [27.354523772172683, 38.09537032926515], [27.354523772172683, 38.09483134009468], [27.353984783002204, 38.09483134009468], [27.353984783002204, 38.093753361753734], [27.353445793831753, 38.093753361753734], [27.353445793831753, 38.09321437258326], [27.353984783002204, 38.09321437258326], [27.353984783002204, 38.093753361753734], [27.355062761343163, 38.093753361753734], [27.355062761343163, 38.09321437258326]]]}, "id": "+384711+85171", "properties": {"area_ha": 3.674914031429756, "count": 13, "label": 1, "mean_dnbr": 0.3529380498267164}}, {"type": "Feature", "geometry": {"geodesic": false, "type": "Polygon", "coordinates": [[[27.354523772172683, 38.08890245921949], [27.356140739684093, 38.08890245921949], [27.356140739684093, 38.089980437560435], [27.355601750513642, 38.089980437560435], [27.355601750513642, 38.09051942673091], [27.353984783002204, 38.09051942673091], [27.353984783002204, 38.089980437560435], [27.353445793831753, 38.089980437560435], [27.353445793831753, 38.08944144838996], [27.354523772172683, 38.08944144838996], [27.354523772172683, 38.08890245921949]]]}, "id": "+384712+85179", "properties": {"area_ha": 3.109736649850483, "count": 11, "label": 1, "mean_dnbr": 0.3063025185447085}}, {"type": "Feature", "geometry": {"geodesic": false, "type": "Polygon", "coordinates": [[[27.355601750513642, 38.13417754953912], [27.356679728854573, 38.13417754953912], [27.356679728854573, 38.13687249539147], [27.355601750513642, 38.13687249539147], [27.355601750513642, 38.137411484561945], [27.357218718025052, 38.137411484561945], [27.357218718025052, 38.139567441243834], [27.358296696365983, 38.139567441243834], [27.358296696365983, 38.140106430414306], [27.358835685536462, 38.140106430414306], [27.358835685536462, 38.14064541958478], [27.358296696365983, 38.14064541958478], [27.358296696365983, 38.14280137626666], [27.357757707195503, 38.14280137626666], [27.357757707195503, 38.14226238709619], [27.355601750513642, 38.14226238709619], [27.355601750513642, 38.143879354607606], [27.355062761343163, 38.143879354607606], [27.355062761343163, 38.14495733294855], [27.354523772172683, 38.14495733294855], [27.354523772172683, 38.14334036543713], [27.352906804661274, 38.14334036543713], [27.352906804661274, 38.14280137626666], [27.351828826320315, 38.14280137626666], [27.351828826320315, 38.14118440875525], [27.353984783002204, 38.14118440875525], [27.353984783002204, 38.140106430414306], [27.354523772172683, 38.140106430414306], [27.354523772172683, 38.137411484561945], [27.355062761343163, 38.137411484561945], [27.355062761343163, 38.13687249539147], [27.355601750513642, 38.13687249539147], [27.355601750513642, 38.13417754953912]], [[27.357218718025052, 38.140106430414306], [27.357218718025052, 38.14118440875525], [27.355601750513642, 38.14118440875525], [27.355601750513642, 38.140106430414306], [27.357218718025052, 38.140106430414306]]]}, "id": "+384713+85095", "properties": {"area_ha": 25.425710496372435, "count": 90, "label": 1, "mean_dnbr": 0.43301405242948987}}, {"type": "Feature", "geometry": {"geodesic": false, "type": "Polygon", "coordinates": [[[27.358296696365983, 38.08728549170807], [27.358835685536462, 38.08728549170807], [27.358835685536462, 38.087824480878545], [27.359913663877393, 38.087824480878545], [27.359913663877393, 38.08944144838996], [27.358296696365983, 38.08944144838996], [27.358296696365983, 38.08836347004902], [27.357757707195503, 38.08836347004902], [27.357757707195503, 38.087824480878545], [27.358296696365983, 38.087824480878545], [27.358296696365983, 38.08728549170807]]]}, "id": "+384717+85182", "properties": {"area_ha": 3.10979134375376, "count": 11, "label": 1, "mean_dnbr": 0.32037922337452823}}, {"type": "Feature", "geometry": {"geodesic": false, "type": "Polygon", "coordinates": [[[27.358296696365983, 38.527100654813], [27.359913663877393, 38.527100654813], [27.359913663877393, 38.52763964398346], [27.35937467470694, 38.52763964398346], [27.35937467470694, 38.528178633153935], [27.36099164221835, 38.528178633153935], [27.36099164221835, 38.52925661149488], [27.360452653047872, 38.52925661149488], [27.360452653047872, 38.52871762232441], [27.35937467470694, 38.52871762232441], [27.35937467470694, 38.530334589835824], [27.358835685536462, 38.530334589835824], [27.358835685536462, 38.52925661149488], [27.357757707195503, 38.52925661149488], [27.357757707195503, 38.52871762232441], [27.358296696365983, 38.52871762232441], [27.358296696365983, 38.527100654813]]]}, "id": "+384719+84366", "properties": {"area_ha": 4.495967563798189, "count": 16, "label": 1, "mean_dnbr": 0.35292130429130514}}, {"type": "Feature", "geometry": {"geodesic": false, "type": "Polygon", "coordinates": [[[27.36099164221835, 38.05656310899119], [27.36153063138883, 38.05656310899119], [27.36153063138883, 38.05710209816166], [27.362069620559282, 38.05710209816166], [27.362069620559282, 38.05764108733213], [27.36260860972976, 38.05764108733213], [27.36260860972976, 38.058719065673074], [27.363686588070692, 38.058719065673074], [27.363686588070692, 38.05979704401402], [27.36422557724117, 38.05979704401402], [27.36422557724117, 38.06033603318449], [27.36314759890024, 38.06033603318449], [27.36314759890024, 38.05979704401402], [27.36099164221835, 38.05979704401402], [27.36099164221835, 38.059258054843546], [27.360452653047872, 38.059258054843546], [27.360452653047872, 38.05764108733213], [27.359913663877393, 38.05764108733213], [27.359913663877393, 38.05710209816166], [27.36099164221835, 38.05710209816166], [27.36099164221835, 38.05656310899119]]]}, "id": "+384722+85239", "properties": {"area_ha": 7.353421695586361, "count": 26, "label": 1, "mean_dnbr": 0.6412733400670364}}, {"type": "Feature", "geometry": {"geodesic": false, "type": "Polygon", "coordinates": [[[27.36314759890024, 38.08728549170807], [27.36422557724117, 38.08728549170807], [27.36422557724117, 38.087824480878545], [27.36476456641165, 38.087824480878545], [27.36476456641165, 38.08890245921949], [27.36530355558213, 38.08890245921949], [27.36530355558213, 38.08944144838996], [27.36260860972976, 38.08944144838996], [27.36260860972976, 38.08836347004902], [27.36314759890024, 38.08836347004902], [27.36314759890024, 38.08728549170807]]]}, "id": "+384727+85182", "properties": {"area_ha": 3.957922267294058, "count": 14, "label": 1, "mean_dnbr": 0.27628151843873433}}, {"type": "Feature", "geometry": {"geodesic": false, "type": "Polygon", "coordinates": [[[27.36853749060495, 38.11423495023166], [27.36961546894588, 38.11423495023166], [27.36961546894588, 38.119085852765906], [27.36853749060495, 38.119085852765906], [27.36853749060495, 38.118546863595434], [27.36907647977543, 38.118546863595434], [27.36907647977543, 38.11800787442496], [27.36799850143447, 38.11800787442496], [27.36799850143447, 38.11746888525449], [27.36745951226402, 38.11746888525449], [27.36745951226402, 38.116929896084024], [27.36799850143447, 38.116929896084024], [27.36799850143447, 38.114773939402134], [27.36853749060495, 38.114773939402134], [27.36853749060495, 38.11423495023166]]]}, "id": "+384737+85132", "properties": {"area_ha": 6.7823903089134765, "count": 24, "label": 1, "mean_dnbr": 0.52283064189191}}, {"type": "Feature", "geometry": {"geodesic": false, "type": "Polygon", "coordinates": [[[27.36961546894588, 38.081356610832884], [27.37015445811636, 38.081356610832884], [27.37015445811636, 38.084051556685246], [27.36907647977543, 38.084051556685246], [27.36907647977543, 38.083512567514774], [27.36799850143447, 38.083512567514774], [27.36799850143447, 38.0829735783443], [27.36745951226402, 38.0829735783443], [27.36745951226402, 38.08243458917383], [27.36853749060495, 38.08243458917383], [27.36853749060495, 38.08189560000336], [27.36961546894588, 38.08189560000336], [27.36961546894588, 38.081356610832884]]]}, "id": "+384738+85193", "properties": {"area_ha": 4.240951048242683, "count": 15, "label": 1, "mean_dnbr": 0.3199511621847847}}, {"type": "Feature", "geometry": {"geodesic": false, "type": "Polygon", "coordinates": [[[27.37015445811636, 38.08728549170807], [27.37177142562777, 38.08728549170807], [27.37177142562777, 38.08944144838996], [27.37069344728684, 38.08944144838996], [27.37069344728684, 38.089980437560435], [27.37123243645732, 38.089980437560435], [27.37123243645732, 38.09051942673091], [27.37015445811636, 38.09051942673091], [27.37015445811636, 38.08944144838996], [27.37069344728684, 38.08944144838996], [27.37069344728684, 38.08836347004902], [27.37015445811636, 38.08836347004902], [27.37015445811636, 38.08728549170807]]]}, "id": "+384741+85182", "properties": {"area_ha": 3.6751948964150847, "count": 13, "label": 1, "mean_dnbr": 0.27817357460942027}}, {"type": "Feature", "geometry": {"geodesic": false, "type": "Polygon", "coordinates": [[[27.37177142562777, 38.141723397925716], [27.37231041479825, 38.141723397925716], [27.37231041479825, 38.14280137626666], [27.37177142562777, 38.14280137626666], [27.37177142562777, 38.143879354607606], [27.37231041479825, 38.143879354607606], [27.37231041479825, 38.14495733294855], [27.37069344728684, 38.14495733294855], [27.37069344728684, 38.14441834377808], [27.37015445811636, 38.14441834377808], [27.37015445811636, 38.143879354607606], [27.37123243645732, 38.143879354607606], [27.37123243645732, 38.14226238709619], [27.37177142562777, 38.14226238709619], [27.37177142562777, 38.141723397925716]]]}, "id": "+384742+85081", "properties": {"area_ha": 3.3899355619507006, "count": 12, "label": 1, "mean_dnbr": 0.3354804452081216}}, {"type": "Feature", "geometry": {"geodesic": false, "type": "Polygon", "coordinates": [[[27.37608333899155, 38.146035311289495], [27.37662232816203, 38.146035311289495], [27.37662232816203, 38.14657430045997], [27.377161317332508, 38.14657430045997], [27.377161317332508, 38.147652278800905], [27.37608333899155, 38.147652278800905], [27.37608333899155, 38.14819126797138], [27.377161317332508, 38.14819126797138], [27.377161317332508, 38.14926924631232], [27.378778284843918, 38.14926924631232], [27.378778284843918, 38.15034722465327], [27.37662232816203, 38.15034722465327], [27.37662232816203, 38.14926924631232], [27.37608333899155, 38.14926924631232], [27.37608333899155, 38.14819126797138], [27.37554434982107, 38.14819126797138], [27.37554434982107, 38.14657430045997], [27.37608333899155, 38.14657430045997], [27.37608333899155, 38.146035311289495]]]}, "id": "+384750+85073", "properties": {"area_ha": 5.649520318606352, "count": 20, "label": 1, "mean_dnbr": 0.38533266968259067}}, {"type": "Feature", "geometry": {"geodesic": false, "type": "Polygon", "coordinates": [[[27.37770030650296, 38.08728549170807], [27.379317274014397, 38.08728549170807], [27.379317274014397, 38.087824480878545], [27.380395252355328, 38.087824480878545], [27.380395252355328, 38.08836347004902], [27.379317274014397, 38.08836347004902], [27.379317274014397, 38.08890245921949], [27.37770030650296, 38.08890245921949], [27.37770030650296, 38.08728549170807]]]}, "id": "+384755+85182", "properties": {"area_ha": 3.109806082357304, "count": 11, "label": 1, "mean_dnbr": 0.3148774646055776}}, {"type": "Feature", "geometry": {"geodesic": false, "type": "Polygon", "coordinates": [[[27.378778284843918, 38.16705588893789], [27.380934241525807, 38.16705588893789], [27.380934241525807, 38.16921184561978], [27.378778284843918, 38.16921184561978], [27.378778284843918, 38.16705588893789]]]}, "id": "+384758+85034", "properties": {"area_ha": 4.5183973248331855, "count": 16, "label": 1, "mean_dnbr": 0.5387460847175131}}, {"type": "Feature", "geometry": {"geodesic": false, "type": "Polygon", "coordinates": [[[27.382551209037217, 38.706584048580076], [27.385246154889586, 38.706584048580076], [27.385246154889586, 38.70766202692102], [27.382012219866738, 38.70766202692102], [27.382012219866738, 38.70712303775055], [27.382551209037217, 38.70712303775055], [27.382551209037217, 38.706584048580076]]]}, "id": "+384766+84033", "properties": {"area_ha": 3.083300261310067, "count": 11, "label": 1, "mean_dnbr": 0.18588427807789534}}, {"type": "Feature", "geometry": {"geodesic": false, "type": "Polygon", "coordinates": [[[27.386863122400996, 38.149808235482794], [27.388480089912406, 38.149808235482794], [27.388480089912406, 38.15034722465327], [27.389019079082885, 38.15034722465327], [27.389019079082885, 38.15142520299421], [27.387941100741926, 38.15142520299421], [27.387941100741926, 38.15304217050563], [27.386863122400996, 38.15304217050563], [27.386863122400996, 38.149808235482794]]]}, "id": "+384772+85066", "properties": {"area_ha": 4.8019096724712345, "count": 17, "label": 1, "mean_dnbr": 0.47428428867749134}}, {"type": "Feature", "geometry": {"geodesic": false, "type": "Polygon", "coordinates": [[[27.389019079082885, 38.21664289262129], [27.390636046594295, 38.21664289262129], [27.390636046594295, 38.218259860132704], [27.390097057423816, 38.218259860132704], [27.390097057423816, 38.21879884930318], [27.389019079082885, 38.21879884930318], [27.389019079082885, 38.21664289262129]]]}, "id": "+384776+84942", "properties": {"area_ha": 3.104285014510552, "count": 11, "label": 1, "mean_dnbr": 0.3713191667977588}}, {"type": "Feature", "geometry": {"geodesic": false, "type": "Polygon", "coordinates": [[[27.389558068253336, 38.13471653870959], [27.393330992446664, 38.13471653870959], [27.393330992446664, 38.13525552788006], [27.393869981617115, 38.13525552788006], [27.393869981617115, 38.13579451705053], [27.392792003276185, 38.13579451705053], [27.392792003276185, 38.13525552788006], [27.390636046594295, 38.13525552788006], [27.390636046594295, 38.136333506221], [27.390097057423816, 38.136333506221], [27.390097057423816, 38.13687249539147], [27.389558068253336, 38.13687249539147], [27.389558068253336, 38.136333506221], [27.389019079082885, 38.136333506221], [27.389019079082885, 38.13579451705053], [27.389558068253336, 38.13579451705053], [27.389558068253336, 38.13471653870959]]]}, "id": "+384781+85094", "properties": {"area_ha": 4.237866874331426, "count": 15, "label": 1, "mean_dnbr": 0.3563241563280591}}, {"type": "Feature", "geometry": {"geodesic": false, "type": "Polygon", "coordinates": [[[27.392792003276185, 38.141723397925716], [27.395486949128525, 38.141723397925716], [27.395486949128525, 38.14226238709619], [27.398181894980894, 38.14226238709619], [27.398181894980894, 38.14280137626666], [27.398720884151373, 38.14280137626666], [27.398720884151373, 38.14334036543713], [27.394408970787595, 38.14334036543713], [27.394408970787595, 38.14226238709619], [27.392792003276185, 38.14226238709619], [27.392792003276185, 38.141723397925716]]]}, "id": "+384785+85081", "properties": {"area_ha": 5.65000453156764, "count": 20, "label": 1, "mean_dnbr": 0.40598349845830206}}, {"type": "Feature", "geometry": {"geodesic": false, "type": "Polygon", "coordinates": [[[27.396564927469484, 38.14495733294855], [27.397642905810415, 38.14495733294855], [27.397642905810415, 38.14657430045997], [27.397103916639963, 38.14657430045997], [27.397103916639963, 38.14711328963044], [27.397642905810415, 38.14711328963044], [27.397642905810415, 38.147652278800905], [27.396025938299005, 38.147652278800905], [27.396025938299005, 38.14549632211902], [27.396564927469484, 38.14549632211902], [27.396564927469484, 38.14495733294855]]]}, "id": "+384789+85075", "properties": {"area_ha": 3.6722968072604987, "count": 13, "label": 1, "mean_dnbr": 0.4863200143814373}}, {"type": "Feature", "geometry": {"geodesic": false, "type": "Polygon", "coordinates": [[[27.399798862492304, 38.70065516770489], [27.402493808344673, 38.70065516770489], [27.402493808344673, 38.70173314604583], [27.401954819174193, 38.70173314604583], [27.401954819174193, 38.7022721352163], [27.402493808344673, 38.7022721352163], [27.402493808344673, 38.70281112438677], [27.401415830003714, 38.70281112438677], [27.401415830003714, 38.70173314604583], [27.399798862492304, 38.70173314604583], [27.399798862492304, 38.70065516770489]]]}, "id": "+384798+84044", "properties": {"area_ha": 3.6441689114666542, "count": 13, "label": 1, "mean_dnbr": 0.15868889384511436}}, {"type": "Feature", "geometry": {"geodesic": false, "type": "Polygon", "coordinates": [[[27.401954819174193, 38.16705588893789], [27.403032797515152, 38.16705588893789], [27.403032797515152, 38.16759487810836], [27.403571786685603, 38.16759487810836], [27.403571786685603, 38.16921184561978], [27.399798862492304, 38.16921184561978], [27.399798862492304, 38.16975083479025], [27.399259873321853, 38.16975083479025], [27.399259873321853, 38.170828813131195], [27.398720884151373, 38.170828813131195], [27.398720884151373, 38.17028982396072], [27.397642905810415, 38.17028982396072], [27.397642905810415, 38.16975083479025], [27.397103916639963, 38.16975083479025], [27.397103916639963, 38.168672856449305], [27.398181894980894, 38.168672856449305], [27.398181894980894, 38.16759487810836], [27.399259873321853, 38.16759487810836], [27.399259873321853, 38.16705588893789], [27.400337851662783, 38.16705588893789], [27.400337851662783, 38.16759487810836], [27.401954819174193, 38.16759487810836], [27.401954819174193, 38.16705588893789]]]}, "id": "+384799+85034", "properties": {"area_ha": 12.707941616238799, "count": 45, "label": 1, "mean_dnbr": 0.406277036550607}}, {"type": "Feature", "geometry": {"geodesic": false, "type": "Polygon", "coordinates": [[[27.403571786685603, 38.1573540838694], [27.405727743367493, 38.1573540838694], [27.405727743367493, 38.158432062210345], [27.404649765026562, 38.158432062210345], [27.404649765026562, 38.15951004055128], [27.404110775856083, 38.15951004055128], [27.404110775856083, 38.15897105138082], [27.403571786685603, 38.15897105138082], [27.403571786685603, 38.1573540838694]]]}, "id": "+384804+85052", "properties": {"area_ha": 3.106817239033915, "count": 11, "label": 1, "mean_dnbr": 0.5447834140987594}}, {"type": "Feature", "geometry": {"geodesic": false, "type": "Polygon", "coordinates": [[[27.40680572170845, 38.140106430414306], [27.407344710878903, 38.140106430414306], [27.407344710878903, 38.14064541958478], [27.407883700049382, 38.14064541958478], [27.407883700049382, 38.14118440875525], [27.40842268921986, 38.14118440875525], [27.40842268921986, 38.141723397925716], [27.407883700049382, 38.141723397925716], [27.407883700049382, 38.14226238709619], [27.406266732537972, 38.14226238709619], [27.406266732537972, 38.14118440875525], [27.404649765026562, 38.14118440875525], [27.404649765026562, 38.14064541958478], [27.40680572170845, 38.14064541958478], [27.40680572170845, 38.140106430414306]]]}, "id": "+384807+85084", "properties": {"area_ha": 3.9550534453582737, "count": 14, "label": 1, "mean_dnbr": 0.30649969223187784}}, {"type": "Feature", "geometry": {"geodesic": false, "type": "Polygon", "coordinates": [[[27.406266732537972, 38.14873025714185], [27.407883700049382, 38.14873025714185], [27.407883700049382, 38.14926924631232], [27.40680572170845, 38.14926924631232], [27.40680572170845, 38.149808235482794], [27.406266732537972, 38.149808235482794], [27.406266732537972, 38.15034722465327], [27.40680572170845, 38.15034722465327], [27.40680572170845, 38.15088621382374], [27.406266732537972, 38.15088621382374], [27.406266732537972, 38.15142520299421], [27.40518875419704, 38.15142520299421], [27.40518875419704, 38.14926924631232], [27.406266732537972, 38.14926924631232], [27.406266732537972, 38.14873025714185]]]}, "id": "+384808+85068", "properties": {"area_ha": 3.6721092611401662, "count": 13, "label": 1, "mean_dnbr": 0.34570923609771237}}, {"type": "Feature", "geometry": {"geodesic": false, "type": "Polygon", "coordinates": [[[27.40518875419704, 38.06842087074157], [27.40842268921986, 38.06842087074157], [27.40842268921986, 38.06895985991204], [27.407883700049382, 38.06895985991204], [27.407883700049382, 38.06949884908251], [27.407344710878903, 38.06949884908251], [27.407344710878903, 38.07003783825298], [27.405727743367493, 38.07003783825298], [27.405727743367493, 38.06949884908251], [27.404649765026562, 38.06949884908251], [27.404649765026562, 38.06895985991204], [27.40518875419704, 38.06895985991204], [27.40518875419704, 38.06842087074157]]]}, "id": "+384809+85217", "properties": {"area_ha": 4.241725624717559, "count": 15, "label": 1, "mean_dnbr": 0.27012912363273384}}, {"type": "Feature", "geometry": {"geodesic": false, "type": "Polygon", "coordinates": [[[27.407883700049382, 38.146035311289495], [27.409500667560792, 38.146035311289495], [27.409500667560792, 38.14819126797138], [27.41165662424268, 38.14819126797138], [27.41165662424268, 38.14873025714185], [27.40896167839034, 38.14873025714185], [27.40896167839034, 38.14819126797138], [27.407883700049382, 38.14819126797138], [27.407883700049382, 38.147652278800905], [27.407344710878903, 38.147652278800905], [27.407344710878903, 38.14657430045997], [27.407883700049382, 38.14657430045997], [27.407883700049382, 38.146035311289495]]]}, "id": "+384811+85073", "properties": {"area_ha": 5.367122191553425, "count": 19, "label": 1, "mean_dnbr": 0.4201444273416161}}, {"type": "Feature", "geometry": {"geodesic": false, "type": "Polygon", "coordinates": [[[27.41003965673127, 38.12070282027732], [27.41165662424268, 38.12070282027732], [27.41165662424268, 38.12285877695921], [27.41003965673127, 38.12285877695921], [27.41003965673127, 38.12231978778874], [27.41057864590175, 38.12231978778874], [27.41057864590175, 38.12178079861827], [27.41003965673127, 38.12178079861827], [27.41003965673127, 38.12070282027732]]]}, "id": "+384815+85120", "properties": {"area_ha": 3.1083735540512456, "count": 11, "label": 1, "mean_dnbr": 0.467569072175817}}, {"type": "Feature", "geometry": {"geodesic": false, "type": "Polygon", "coordinates": [[[27.41273460258364, 38.06410895737779], [27.41435157009505, 38.06410895737779], [27.41435157009505, 38.065186935718735], [27.41542954843598, 38.065186935718735], [27.41542954843598, 38.06572592488921], [27.41489055926553, 38.06572592488921], [27.41489055926553, 38.06626491405968], [27.41381258092457, 38.06626491405968], [27.41381258092457, 38.06680390323015], [27.41327359175409, 38.06680390323015], [27.41327359175409, 38.067342892400625], [27.41219561341316, 38.067342892400625], [27.41219561341316, 38.0678818815711], [27.40842268921986, 38.0678818815711], [27.40842268921986, 38.06626491405968], [27.41057864590175, 38.06626491405968], [27.41057864590175, 38.06572592488921], [27.41111763507223, 38.06572592488921], [27.41111763507223, 38.065186935718735], [27.41219561341316, 38.065186935718735], [27.41219561341316, 38.06464794654826], [27.41273460258364, 38.06464794654826], [27.41273460258364, 38.06410895737779]]]}, "id": "+384820+85225", "properties": {"area_ha": 13.856936218706448, "count": 49, "label": 1, "mean_dnbr": 0.3272381982362431}}, {"type": "Feature", "geometry": {"geodesic": false, "type": "Polygon", "coordinates": [[[27.42081944014072, 37.99943025692119], [27.42135842931117, 37.99943025692119], [27.42135842931117, 37.99996924609166], [27.42189741848165, 37.99996924609166], [27.42189741848165, 38.001047224432604], [27.42135842931117, 38.001047224432604], [27.42135842931117, 38.001586213603076], [27.41920247262928, 38.001586213603076], [27.41920247262928, 38.00050823526213], [27.41974146179976, 38.00050823526213], [27.41974146179976, 37.99996924609166], [27.42081944014072, 37.99996924609166], [27.42081944014072, 37.99943025692119]]]}, "id": "+384833+85345", "properties": {"area_ha": 3.9626678376707716, "count": 14, "label": 1, "mean_dnbr": 0.28327464247963047}}, {"type": "Feature", "geometry": {"geodesic": false, "type": "Polygon", "coordinates": [[[27.42405337516354, 38.72221473452375], [27.425670342674948, 38.72221473452375], [27.425670342674948, 38.7232927128647], [27.427287310186358, 38.7232927128647], [27.427287310186358, 38.72383170203517], [27.427826299356838, 38.72383170203517], [27.427826299356838, 38.72437069120564], [27.426209331845428, 38.72437069120564], [27.426209331845428, 38.72383170203517], [27.425670342674948, 38.72383170203517], [27.425670342674948, 38.7232927128647], [27.42405337516354, 38.7232927128647], [27.42405337516354, 38.72221473452375]]]}, "id": "+384841+84004", "properties": {"area_ha": 3.3628300872720596, "count": 12, "label": 1, "mean_dnbr": 0.15611239251024972}}, {"type": "Feature", "geometry": {"geodesic": false, "type": "Polygon", "coordinates": [[[27.426209331845428, 38.71790282115998], [27.427826299356838, 38.71790282115998], [27.427826299356838, 38.718980799500926], [27.428904277697796, 38.718980799500926], [27.428904277697796, 38.7195197886714], [27.428365288527317, 38.7195197886714], [27.428365288527317, 38.72005877784187], [27.426209331845428, 38.72005877784187], [27.426209331845428, 38.718980799500926], [27.42513135350447, 38.718980799500926], [27.42513135350447, 38.718441810330454], [27.426209331845428, 38.718441810330454], [27.426209331845428, 38.71790282115998]]]}, "id": "+384845+84012", "properties": {"area_ha": 4.764296795514329, "count": 17, "label": 1, "mean_dnbr": 0.35915642600407793}}, {"type": "Feature", "geometry": {"geodesic": false, "type": "Polygon", "coordinates": [[[27.425670342674948, 38.11369596106119], [27.427826299356838, 38.11369596106119], [27.427826299356838, 38.114773939402134], [27.428365288527317, 38.114773939402134], [27.428365288527317, 38.11531292857261], [27.427826299356838, 38.11531292857261], [27.427826299356838, 38.11585191774308], [27.427287310186358, 38.11585191774308], [27.427287310186358, 38.11531292857261], [27.426209331845428, 38.11531292857261], [27.426209331845428, 38.114773939402134], [27.425670342674948, 38.114773939402134], [27.425670342674948, 38.11369596106119]]]}, "id": "+384845+85133", "properties": {"area_ha": 3.6738872276694523, "count": 13, "label": 1, "mean_dnbr": 0.2660497658683712}}, {"type": "Feature", "geometry": {"geodesic": false, "type": "Polygon", "coordinates": [[[27.427826299356838, 38.14334036543713], [27.428904277697796, 38.14334036543713], [27.428904277697796, 38.14495733294855], [27.428365288527317, 38.14495733294855], [27.428365288527317, 38.14549632211902], [27.426748321015907, 38.14549632211902], [27.426748321015907, 38.146035311289495], [27.426209331845428, 38.146035311289495], [27.426209331845428, 38.14549632211902], [27.425670342674948, 38.14549632211902], [27.425670342674948, 38.14441834377808], [27.427287310186358, 38.14441834377808], [27.427287310186358, 38.143879354607606], [27.427826299356838, 38.143879354607606], [27.427826299356838, 38.14334036543713]]]}, "id": "+384847+85078", "properties": {"area_ha": 4.802340279378116, "count": 17, "label": 1, "mean_dnbr": 0.40940174847789323}}, {"type": "Feature", "geometry": {"geodesic": false, "type": "Polygon", "coordinates": [[[27.431599223550137, 38.73784542046744], [27.432138212720616, 38.73784542046744], [27.432138212720616, 38.7383844096379], [27.433755180232026, 38.7383844096379], [27.433755180232026, 38.738923398808375], [27.434294169402506, 38.738923398808375], [27.434294169402506, 38.7383844096379], [27.436989115254846, 38.7383844096379], [27.436989115254846, 38.73946238797885], [27.436450126084395, 38.73946238797885], [27.436450126084395, 38.74000137714932], [27.435911136913916, 38.74000137714932], [27.435911136913916, 38.74054036631979], [27.437528104425326, 38.74054036631979], [27.437528104425326, 38.741079355490264], [27.438606082766285, 38.741079355490264], [27.438606082766285, 38.741618344660736], [27.435911136913916, 38.741618344660736], [27.435911136913916, 38.741079355490264], [27.435372147743436, 38.741079355490264], [27.435372147743436, 38.74054036631979], [27.433755180232026, 38.74054036631979], [27.433755180232026, 38.74000137714932], [27.433216191061547, 38.74000137714932], [27.433216191061547, 38.74054036631979], [27.432677201891096, 38.74054036631979], [27.432677201891096, 38.73946238797885], [27.432138212720616, 38.73946238797885], [27.432138212720616, 38.738923398808375], [27.431599223550137, 38.738923398808375], [27.431599223550137, 38.73784542046744]]]}, "id": "+384853+83975", "properties": {"area_ha": 11.206855377947214, "count": 40, "label": 1, "mean_dnbr": 0.253361446591677}}, {"type": "Feature", "geometry": {"geodesic": false, "type": "Polygon", "coordinates": [[[27.430521245209206, 38.05710209816166], [27.432138212720616, 38.05710209816166], [27.432138212720616, 38.0581800765026], [27.431599223550137, 38.0581800765026], [27.431599223550137, 38.058719065673074], [27.430521245209206, 38.058719065673074], [27.430521245209206, 38.0581800765026], [27.428904277697796, 38.0581800765026], [27.428904277697796, 38.05764108733213], [27.430521245209206, 38.05764108733213], [27.430521245209206, 38.05710209816166]]]}, "id": "+384853+85238", "properties": {"area_ha": 3.111089794833749, "count": 11, "label": 1, "mean_dnbr": 0.19229585869761234}}, {"type": "Feature", "geometry": {"geodesic": false, "type": "Polygon", "coordinates": [[[27.434294169402506, 38.15304217050563], [27.435911136913916, 38.15304217050563], [27.435911136913916, 38.15519812718751], [27.434294169402506, 38.15519812718751], [27.434294169402506, 38.154120148846566], [27.433755180232026, 38.154120148846566], [27.433755180232026, 38.153581159676094], [27.434294169402506, 38.153581159676094], [27.434294169402506, 38.15304217050563]]]}, "id": "+384860+85060", "properties": {"area_ha": 3.6719045468984493, "count": 13, "label": 1, "mean_dnbr": 0.3037224524576048}}, {"type": "Feature", "geometry": {"geodesic": false, "type": "Polygon", "coordinates": [[[27.438606082766285, 38.14280137626666], [27.439145071936736, 38.14280137626666], [27.439145071936736, 38.14441834377808], [27.438067093595805, 38.14441834377808], [27.438067093595805, 38.14495733294855], [27.439145071936736, 38.14495733294855], [27.439145071936736, 38.146035311289495], [27.438067093595805, 38.146035311289495], [27.438067093595805, 38.14495733294855], [27.437528104425326, 38.14495733294855], [27.437528104425326, 38.14334036543713], [27.438606082766285, 38.14334036543713], [27.438606082766285, 38.14280137626666]]]}, "id": "+384866+85079", "properties": {"area_ha": 3.3899002335579893, "count": 12, "label": 1, "mean_dnbr": 0.3013327302173376}}, {"type": "Feature", "geometry": {"geodesic": false, "type": "Polygon", "coordinates": [[[27.438606082766285, 38.68179054673838], [27.440223050277694, 38.68179054673838], [27.440223050277694, 38.68232953590885], [27.440762039448174, 38.68232953590885], [27.440762039448174, 38.683407514249794], [27.441301028618625, 38.683407514249794], [27.441301028618625, 38.68394650342026], [27.442379006959584, 38.68394650342026], [27.442379006959584, 38.68448549259073], [27.442917996130035, 38.68448549259073], [27.442917996130035, 38.68610246010215], [27.441301028618625, 38.68610246010215], [27.441301028618625, 38.685563470931676], [27.440762039448174, 38.685563470931676], [27.440762039448174, 38.685024481761204], [27.439684061107215, 38.685024481761204], [27.439684061107215, 38.68448549259073], [27.438606082766285, 38.68448549259073], [27.438606082766285, 38.68394650342026], [27.437528104425326, 38.68394650342026], [27.437528104425326, 38.68286852507932], [27.438067093595805, 38.68286852507932], [27.438067093595805, 38.68232953590885], [27.438606082766285, 38.68232953590885], [27.438606082766285, 38.68179054673838]]]}, "id": "+384868+84079", "properties": {"area_ha": 11.495999827930266, "count": 41, "label": 1, "mean_dnbr": 0.28971355760799145}}, {"type": "Feature", "geometry": {"geodesic": false, "type": "Polygon", "coordinates": [[[27.441301028618625, 38.658614012408094], [27.441840017789104, 38.658614012408094], [27.441840017789104, 38.65969199074904], [27.441301028618625, 38.65969199074904], [27.441301028618625, 38.660230979919504], [27.439684061107215, 38.660230979919504], [27.439684061107215, 38.660769969089976], [27.439145071936736, 38.660769969089976], [27.439145071936736, 38.66130895826045], [27.438067093595805, 38.66130895826045], [27.438067093595805, 38.660769969089976], [27.438606082766285, 38.660769969089976], [27.438606082766285, 38.660230979919504], [27.439145071936736, 38.660230979919504], [27.439145071936736, 38.65915300157857], [27.440223050277694, 38.65915300157857], [27.440223050277694, 38.65969199074904], [27.440762039448174, 38.65969199074904], [27.440762039448174, 38.65915300157857], [27.441301028618625, 38.65915300157857], [27.441301028618625, 38.658614012408094]]]}, "id": "+384871+84122", "properties": {"area_ha": 3.646295056357084, "count": 13, "label": 1, "mean_dnbr": 0.188501497592845}}, {"type": "Feature", "geometry": {"geodesic": false, "type": "Polygon", "coordinates": [[[27.441840017789104, 38.081356610832884], [27.442917996130035, 38.081356610832884], [27.442917996130035, 38.08189560000336], [27.444534963641473, 38.08189560000336], [27.444534963641473, 38.08243458917383], [27.445073952811924, 38.08243458917383], [27.445073952811924, 38.0829735783443], [27.442379006959584, 38.0829735783443], [27.442379006959584, 38.08243458917383], [27.441840017789104, 38.08243458917383], [27.441840017789104, 38.0829735783443], [27.439684061107215, 38.0829735783443], [27.439684061107215, 38.08243458917383], [27.439145071936736, 38.08243458917383], [27.439145071936736, 38.08189560000336], [27.441840017789104, 38.08189560000336], [27.441840017789104, 38.081356610832884]]]}, "id": "+384873+85193", "properties": {"area_ha": 5.937372627492146, "count": 21, "label": 1, "mean_dnbr": 0.25402690971119857}}, {"type": "Feature", "geometry": {"geodesic": false, "type": "Polygon", "coordinates": [[[27.442917996130035, 38.139567441243834], [27.443456985300514, 38.139567441243834], [27.443456985300514, 38.140106430414306], [27.444534963641473, 38.140106430414306], [27.444534963641473, 38.14064541958478], [27.447229909493814, 38.14064541958478], [27.447229909493814, 38.141723397925716], [27.443456985300514, 38.141723397925716], [27.443456985300514, 38.14064541958478], [27.442917996130035, 38.14064541958478], [27.442917996130035, 38.139567441243834]]]}, "id": "+384874+85085", "properties": {"area_ha": 5.08511293978422, "count": 18, "label": 1, "mean_dnbr": 0.4310325270908297}}, {"type": "Feature", "geometry": {"geodesic": false, "type": "Polygon", "coordinates": [[[27.441301028618625, 38.11369596106119], [27.443995974470994, 38.11369596106119], [27.443995974470994, 38.11423495023166], [27.443456985300514, 38.11423495023166], [27.443456985300514, 38.11585191774308], [27.439684061107215, 38.11585191774308], [27.439684061107215, 38.11531292857261], [27.440223050277694, 38.11531292857261], [27.440223050277694, 38.114773939402134], [27.441301028618625, 38.114773939402134], [27.441301028618625, 38.11369596106119]]]}, "id": "+384875+85133", "properties": {"area_ha": 6.217355815396004, "count": 22, "label": 1, "mean_dnbr": 0.4306121673897378}}, {"type": "Feature", "geometry": {"geodesic": false, "type": "Polygon", "coordinates": [[[27.442917996130035, 38.66184794743092], [27.445073952811924, 38.66184794743092], [27.445073952811924, 38.66346491494234], [27.443995974470994, 38.66346491494234], [27.443995974470994, 38.66400390411281], [27.443456985300514, 38.66400390411281], [27.443456985300514, 38.66346491494234], [27.442379006959584, 38.66346491494234], [27.442379006959584, 38.66238693660139], [27.442917996130035, 38.66238693660139], [27.442917996130035, 38.66184794743092]]]}, "id": "+384877+84116", "properties": {"area_ha": 4.207090756573193, "count": 15, "label": 1, "mean_dnbr": 0.3284306010298004}}, {"type": "Feature", "geometry": {"geodesic": false, "type": "Polygon", "coordinates": [[[27.445073952811924, 38.67693964420413], [27.445612941982404, 38.67693964420413], [27.445612941982404, 38.677478633374605], [27.446690920323363, 38.677478633374605], [27.446690920323363, 38.67801762254507], [27.447768898664293, 38.67801762254507], [27.447768898664293, 38.67855661171554], [27.448846877005224, 38.67855661171554], [27.448846877005224, 38.67963459005649], [27.446690920323363, 38.67963459005649], [27.446690920323363, 38.679095600886015], [27.446151931152883, 38.679095600886015], [27.446151931152883, 38.67855661171554], [27.445612941982404, 38.67855661171554], [27.445612941982404, 38.67801762254507], [27.445073952811924, 38.67801762254507], [27.445073952811924, 38.67693964420413]]]}, "id": "+384878+84088", "properties": {"area_ha": 4.766995924487529, "count": 17, "label": 1, "mean_dnbr": 0.22631523085553518}}, {"type": "Feature", "geometry": {"geodesic": false, "type": "Polygon", "coordinates": [[[27.445612941982404, 38.671010763328944], [27.446690920323363, 38.671010763328944], [27.446690920323363, 38.671549752499416], [27.447229909493814, 38.671549752499416], [27.447229909493814, 38.673166720010826], [27.445073952811924, 38.673166720010826], [27.445073952811924, 38.671549752499416], [27.445612941982404, 38.671549752499416], [27.445612941982404, 38.671010763328944]]]}, "id": "+384880+84099", "properties": {"area_ha": 3.926110970009964, "count": 14, "label": 1, "mean_dnbr": 0.3239372229617032}}, {"type": "Feature", "geometry": {"geodesic": false, "type": "Polygon", "coordinates": [[[27.446151931152883, 38.152503181335156], [27.447229909493814, 38.152503181335156], [27.447229909493814, 38.154120148846566], [27.446690920323363, 38.154120148846566], [27.446690920323363, 38.15465913801704], [27.446151931152883, 38.15465913801704], [27.446151931152883, 38.15519812718751], [27.445612941982404, 38.15519812718751], [27.445612941982404, 38.15304217050563], [27.446151931152883, 38.15304217050563], [27.446151931152883, 38.152503181335156]]]}, "id": "+384881+85061", "properties": {"area_ha": 3.1070123268549423, "count": 11, "label": 1, "mean_dnbr": 0.16642029546526063}}, {"type": "Feature", "geometry": {"geodesic": false, "type": "Polygon", "coordinates": [[[27.448307887834773, 38.063030979036846], [27.449924855346183, 38.063030979036846], [27.449924855346183, 38.06410895737779], [27.450463844516662, 38.06410895737779], [27.450463844516662, 38.06464794654826], [27.446151931152883, 38.06464794654826], [27.446151931152883, 38.06410895737779], [27.445612941982404, 38.06410895737779], [27.445612941982404, 38.06356996820732], [27.448307887834773, 38.06356996820732], [27.448307887834773, 38.063030979036846]]]}, "id": "+384886+85227", "properties": {"area_ha": 5.373293249595077, "count": 19, "label": 1, "mean_dnbr": 0.5570518927568765}}, {"type": "Feature", "geometry": {"geodesic": false, "type": "Polygon", "coordinates": [[[27.45261980119855, 38.09483134009468], [27.45585373622137, 38.09483134009468], [27.45585373622137, 38.09590931843562], [27.455314747050892, 38.09590931843562], [27.455314747050892, 38.096448307606096], [27.453697779539482, 38.096448307606096], [27.453697779539482, 38.09698729677657], [27.451541822857592, 38.09698729677657], [27.451541822857592, 38.096448307606096], [27.452080812028072, 38.096448307606096], [27.452080812028072, 38.09590931843562], [27.45261980119855, 38.09590931843562], [27.45261980119855, 38.09483134009468]]]}, "id": "+384897+85168", "properties": {"area_ha": 6.218939875825167, "count": 22, "label": 1, "mean_dnbr": 0.19107944714397518}}, {"type": "Feature", "geometry": {"geodesic": false, "type": "Polygon", "coordinates": [[[27.453697779539482, 38.06410895737779], [27.45800969290326, 38.06410895737779], [27.45800969290326, 38.06680390323015], [27.45854868207374, 38.06680390323015], [27.45854868207374, 38.06572592488921], [27.45908767124419, 38.06572592488921], [27.45908767124419, 38.067342892400625], [27.45962666041467, 38.067342892400625], [27.45962666041467, 38.0678818815711], [27.45908767124419, 38.0678818815711], [27.45908767124419, 38.067342892400625], [27.45747070373278, 38.067342892400625], [27.45747070373278, 38.06680390323015], [27.45639272539185, 38.06680390323015], [27.45639272539185, 38.06626491405968], [27.455314747050892, 38.06626491405968], [27.455314747050892, 38.06680390323015], [27.45585373622137, 38.06680390323015], [27.45585373622137, 38.067342892400625], [27.45639272539185, 38.067342892400625], [27.45639272539185, 38.06895985991204], [27.455314747050892, 38.06895985991204], [27.455314747050892, 38.06842087074157], [27.454775757880412, 38.06842087074157], [27.454775757880412, 38.06626491405968], [27.45423676870996, 38.06626491405968], [27.45423676870996, 38.06572592488921], [27.453697779539482, 38.06572592488921], [27.453697779539482, 38.06410895737779]], [[27.4569317145623, 38.06572592488921], [27.4569317145623, 38.06626491405968], [27.45639272539185, 38.06626491405968], [27.45639272539185, 38.06572592488921], [27.4569317145623, 38.06572592488921]]]}, "id": "+384901+85225", "properties": {"area_ha": 14.139702382144305, "count": 50, "label": 1, "mean_dnbr": 0.4154618225658971}}, {"type": "Feature", "geometry": {"geodesic": false, "type": "Polygon", "coordinates": [[[27.45800969290326, 38.107767080186], [27.45854868207374, 38.107767080186], [27.45854868207374, 38.10830606935647], [27.45908767124419, 38.10830606935647], [27.45908767124419, 38.112617982720245], [27.45854868207374, 38.112617982720245], [27.45854868207374, 38.11207899354977], [27.45747070373278, 38.11207899354977], [27.45747070373278, 38.10992303686789], [27.45800969290326, 38.10992303686789], [27.45800969290326, 38.107767080186]]]}, "id": "+384902+85144", "properties": {"area_ha": 5.652471369809552, "count": 20, "label": 1, "mean_dnbr": 0.51724587899121}}, {"type": "Feature", "geometry": {"geodesic": false, "type": "Polygon", "coordinates": [[[27.45585373622137, 38.09159740507185], [27.45854868207374, 38.09159740507185], [27.45854868207374, 38.0926753834128], [27.45800969290326, 38.0926753834128], [27.45800969290326, 38.09321437258326], [27.45962666041467, 38.09321437258326], [27.45962666041467, 38.093753361753734], [27.46016564958515, 38.093753361753734], [27.46016564958515, 38.09483134009468], [27.45854868207374, 38.09483134009468], [27.45854868207374, 38.09537032926515], [27.45747070373278, 38.09537032926515], [27.45747070373278, 38.094292350924206], [27.4569317145623, 38.094292350924206], [27.4569317145623, 38.093753361753734], [27.45800969290326, 38.093753361753734], [27.45800969290326, 38.09321437258326], [27.45639272539185, 38.09321437258326], [27.45639272539185, 38.0926753834128], [27.45585373622137, 38.0926753834128], [27.45585373622137, 38.09159740507185]]]}, "id": "+384902+85174", "properties": {"area_ha": 8.197977332794865, "count": 29, "label": 1, "mean_dnbr": 0.31376277673051545}}, {"type": "Feature", "geometry": {"geodesic": false, "type": "Polygon", "coordinates": [[[27.45747070373278, 38.07650570829864], [27.45962666041467, 38.07650570829864], [27.45962666041467, 38.07704469746911], [27.46016564958515, 38.07704469746911], [27.46016564958515, 38.07866166498053], [27.4607046387556, 38.07866166498053], [27.4607046387556, 38.079739643321474], [27.46016564958515, 38.079739643321474], [27.46016564958515, 38.08027863249195], [27.45854868207374, 38.08027863249195], [27.45854868207374, 38.08081762166242], [27.4569317145623, 38.08081762166242], [27.4569317145623, 38.079739643321474], [27.45639272539185, 38.079739643321474], [27.45639272539185, 38.07704469746911], [27.45747070373278, 38.07704469746911], [27.45747070373278, 38.07650570829864]]]}, "id": "+384904+85202", "properties": {"area_ha": 14.137312258630155, "count": 50, "label": 1, "mean_dnbr": 0.6224067267646405}}, {"type": "Feature", "geometry": {"geodesic": false, "type": "Polygon", "coordinates": [[[27.46447756294893, 38.737306431296965], [27.46609453046034, 38.737306431296965], [27.46609453046034, 38.73784542046744], [27.46663351963079, 38.73784542046744], [27.46663351963079, 38.7383844096379], [27.46717250880127, 38.7383844096379], [27.46717250880127, 38.74000137714932], [27.46663351963079, 38.74000137714932], [27.46663351963079, 38.73946238797885], [27.46447756294893, 38.73946238797885], [27.46447756294893, 38.738923398808375], [27.46393857377845, 38.738923398808375], [27.46393857377845, 38.7383844096379], [27.46447756294893, 38.7383844096379], [27.46447756294893, 38.737306431296965]]]}, "id": "+384916+83976", "properties": {"area_ha": 5.323346377672987, "count": 19, "label": 1, "mean_dnbr": 0.18090251226546236}}, {"type": "Feature", "geometry": {"geodesic": false, "type": "Polygon", "coordinates": [[[27.46555554128986, 38.065186935718735], [27.46717250880127, 38.065186935718735], [27.46717250880127, 38.06626491405968], [27.46878947631268, 38.06626491405968], [27.46878947631268, 38.06680390323015], [27.46717250880127, 38.06680390323015], [27.46717250880127, 38.067342892400625], [27.46555554128986, 38.067342892400625], [27.46555554128986, 38.06680390323015], [27.46663351963079, 38.06680390323015], [27.46663351963079, 38.06626491405968], [27.46555554128986, 38.06626491405968], [27.46555554128986, 38.065186935718735]]]}, "id": "+384918+85223", "properties": {"area_ha": 3.676321504711498, "count": 13, "label": 1, "mean_dnbr": 0.16211183288426095}}, {"type": "Feature", "geometry": {"geodesic": false, "type": "Polygon", "coordinates": [[[27.469867454653638, 38.089980437560435], [27.470406443824118, 38.089980437560435], [27.470406443824118, 38.09051942673091], [27.471484422165048, 38.09051942673091], [27.471484422165048, 38.09159740507185], [27.46878947631268, 38.09159740507185], [27.46878947631268, 38.09051942673091], [27.469867454653638, 38.09051942673091], [27.469867454653638, 38.089980437560435]]]}, "id": "+384924+85177", "properties": {"area_ha": 3.1096947189060815, "count": 11, "label": 1, "mean_dnbr": 0.48855384309781297}}, {"type": "Feature", "geometry": {"geodesic": false, "type": "Polygon", "coordinates": [[[27.470406443824118, 38.07057682742345], [27.47094543299457, 38.07057682742345], [27.47094543299457, 38.07219379493487], [27.471484422165048, 38.07219379493487], [27.471484422165048, 38.07434975161676], [27.472023411335527, 38.07434975161676], [27.472023411335527, 38.07488874078723], [27.47094543299457, 38.07488874078723], [27.47094543299457, 38.07434975161676], [27.470406443824118, 38.07434975161676], [27.470406443824118, 38.07327177327581], [27.46878947631268, 38.07327177327581], [27.46878947631268, 38.073810762446286], [27.468250487142228, 38.073810762446286], [27.468250487142228, 38.07273278410534], [27.46878947631268, 38.07273278410534], [27.46878947631268, 38.07219379493487], [27.46771149797175, 38.07219379493487], [27.46771149797175, 38.071654805764396], [27.46878947631268, 38.071654805764396], [27.46878947631268, 38.071115816593924], [27.470406443824118, 38.071115816593924], [27.470406443824118, 38.07057682742345]]]}, "id": "+384925+85213", "properties": {"area_ha": 8.200314248972825, "count": 29, "label": 1, "mean_dnbr": 0.18849277126140848}}, {"type": "Feature", "geometry": {"geodesic": false, "type": "Polygon", "coordinates": [[[27.47256240050598, 38.08836347004902], [27.474718357187868, 38.08836347004902], [27.474718357187868, 38.089980437560435], [27.474179368017417, 38.089980437560435], [27.474179368017417, 38.09051942673091], [27.47256240050598, 38.09051942673091], [27.47256240050598, 38.08836347004902]]]}, "id": "+384932+85180", "properties": {"area_ha": 4.240565744004963, "count": 15, "label": 1, "mean_dnbr": 0.3991863019382021}}, {"type": "Feature", "geometry": {"geodesic": false, "type": "Polygon", "coordinates": [[[27.474718357187868, 38.445713290071765], [27.475796335528827, 38.445713290071765], [27.475796335528827, 38.44733025758318], [27.475257346358347, 38.44733025758318], [27.475257346358347, 38.447869246753655], [27.473640378846937, 38.447869246753655], [27.473640378846937, 38.44733025758318], [27.474179368017417, 38.44733025758318], [27.474179368017417, 38.44625227924224], [27.474718357187868, 38.44625227924224], [27.474718357187868, 38.445713290071765]]]}, "id": "+384934+84517", "properties": {"area_ha": 3.094485079029252, "count": 11, "label": 1, "mean_dnbr": 0.20526073229798236}}, {"type": "Feature", "geometry": {"geodesic": false, "type": "Polygon", "coordinates": [[[27.475257346358347, 38.435472495832805], [27.477413303040237, 38.435472495832805], [27.477413303040237, 38.43655047417375], [27.477952292210716, 38.43655047417375], [27.477952292210716, 38.43762845251469], [27.475257346358347, 38.43762845251469], [27.475257346358347, 38.435472495832805]]]}, "id": "+384937+84536", "properties": {"area_ha": 5.0644255616373215, "count": 18, "label": 1, "mean_dnbr": 0.37985228634485063}}, {"type": "Feature", "geometry": {"geodesic": false, "type": "Polygon", "coordinates": [[[27.477952292210716, 38.079200654151], [27.478491281381167, 38.079200654151], [27.478491281381167, 38.08081762166242], [27.479030270551647, 38.08081762166242], [27.479030270551647, 38.08189560000336], [27.479569259722126, 38.08189560000336], [27.479569259722126, 38.0829735783443], [27.476874313869757, 38.0829735783443], [27.476874313869757, 38.08189560000336], [27.477413303040237, 38.08189560000336], [27.477413303040237, 38.081356610832884], [27.477952292210716, 38.081356610832884], [27.477952292210716, 38.079200654151]]]}, "id": "+384939+85197", "properties": {"area_ha": 5.0892283655555195, "count": 18, "label": 1, "mean_dnbr": 0.4251095894382612}}, {"type": "Feature", "geometry": {"geodesic": false, "type": "Polygon", "coordinates": [[[27.477952292210716, 38.15034722465327], [27.479030270551647, 38.15034722465327], [27.479030270551647, 38.15142520299421], [27.480647238063057, 38.15142520299421], [27.480647238063057, 38.152503181335156], [27.481186227233536, 38.152503181335156], [27.481186227233536, 38.15304217050563], [27.480647238063057, 38.15304217050563], [27.480647238063057, 38.152503181335156], [27.476874313869757, 38.152503181335156], [27.476874313869757, 38.15142520299421], [27.477952292210716, 38.15142520299421], [27.477952292210716, 38.15034722465327]]]}, "id": "+384940+85065", "properties": {"area_ha": 5.366832679269702, "count": 19, "label": 1, "mean_dnbr": 0.3788376115786829}}, {"type": "Feature", "geometry": {"geodesic": false, "type": "Polygon", "coordinates": [[[27.478491281381167, 38.15465913801704], [27.479569259722126, 38.15465913801704], [27.479569259722126, 38.15573711635798], [27.480647238063057, 38.15573711635798], [27.480647238063057, 38.156276105528455], [27.481186227233536, 38.156276105528455], [27.481186227233536, 38.15681509469893], [27.476874313869757, 38.15681509469893], [27.476874313869757, 38.156276105528455], [27.477413303040237, 38.156276105528455], [27.477413303040237, 38.15573711635798], [27.478491281381167, 38.15573711635798], [27.478491281381167, 38.15465913801704]]]}, "id": "+384941+85057", "properties": {"area_ha": 5.0840906687315846, "count": 18, "label": 1, "mean_dnbr": 0.3198324096244421}}, {"type": "Feature", "geometry": {"geodesic": false, "type": "Polygon", "coordinates": [[[27.477952292210716, 38.0182948778877], [27.480108248892606, 38.0182948778877], [27.480108248892606, 38.01937285622864], [27.479569259722126, 38.01937285622864], [27.479569259722126, 38.02045083456959], [27.479030270551647, 38.02045083456959], [27.479030270551647, 38.019911845399115], [27.478491281381167, 38.019911845399115], [27.478491281381167, 38.02045083456959], [27.477952292210716, 38.02045083456959], [27.477952292210716, 38.019911845399115], [27.476335324699306, 38.019911845399115], [27.476335324699306, 38.01937285622864], [27.476874313869757, 38.01937285622864], [27.476874313869757, 38.01883386705817], [27.477952292210716, 38.01883386705817], [27.477952292210716, 38.0182948778877]]]}, "id": "+384942+85310", "properties": {"area_ha": 5.093555377602067, "count": 18, "label": 1, "mean_dnbr": 0.1872606509226694}}, {"type": "Feature", "geometry": {"geodesic": false, "type": "Polygon", "coordinates": [[[27.485498140597315, 38.11531292857261], [27.486037129767794, 38.11531292857261], [27.486037129767794, 38.11585191774308], [27.487654097279204, 38.11585191774308], [27.487654097279204, 38.11746888525449], [27.486037129767794, 38.11746888525449], [27.486037129767794, 38.116929896084024], [27.485498140597315, 38.116929896084024], [27.485498140597315, 38.11639090691355], [27.483881173085905, 38.11639090691355], [27.483881173085905, 38.11585191774308], [27.485498140597315, 38.11585191774308], [27.485498140597315, 38.11531292857261]]]}, "id": "+384953+85130", "properties": {"area_ha": 4.238999536974084, "count": 15, "label": 1, "mean_dnbr": 0.28185978348062835}}, {"type": "Feature", "geometry": {"geodesic": false, "type": "Polygon", "coordinates": [[[27.486037129767794, 38.6489122073396], [27.486576118938245, 38.6489122073396], [27.486576118938245, 38.64945119651007], [27.487115108108725, 38.64945119651007], [27.487115108108725, 38.649990185680544], [27.488193086449684, 38.649990185680544], [27.488193086449684, 38.64945119651007], [27.490349043131545, 38.64945119651007], [27.490349043131545, 38.650529174851016], [27.489271064790614, 38.650529174851016], [27.489271064790614, 38.65106816402149], [27.486576118938245, 38.65106816402149], [27.486576118938245, 38.650529174851016], [27.486037129767794, 38.650529174851016], [27.486037129767794, 38.6489122073396]]]}, "id": "+384954+84140", "properties": {"area_ha": 5.610453335501128, "count": 20, "label": 1, "mean_dnbr": 0.2209537004365631}}, {"type": "Feature", "geometry": {"geodesic": false, "type": "Polygon", "coordinates": [[[27.484420162256356, 38.10561112350411], [27.487115108108725, 38.10561112350411], [27.487115108108725, 38.108845058526946], [27.484959151426835, 38.108845058526946], [27.484959151426835, 38.10830606935647], [27.484420162256356, 38.10830606935647], [27.484420162256356, 38.10561112350411]]]}, "id": "+384955+85148", "properties": {"area_ha": 8.196432068461379, "count": 29, "label": 1, "mean_dnbr": 0.5162120526610999}}, {"type": "Feature", "geometry": {"geodesic": false, "type": "Polygon", "coordinates": [[[27.488732075620135, 38.0145219536944], [27.490349043131545, 38.0145219536944], [27.490349043131545, 38.01613892120581], [27.489810053961094, 38.01613892120581], [27.489810053961094, 38.01667791037628], [27.488732075620135, 38.01667791037628], [27.488732075620135, 38.01613892120581], [27.488193086449684, 38.01613892120581], [27.488193086449684, 38.015060942864864], [27.488732075620135, 38.015060942864864], [27.488732075620135, 38.0145219536944]]]}, "id": "+384961+85317", "properties": {"area_ha": 3.6788682067287555, "count": 13, "label": 1, "mean_dnbr": 0.38290292704983625}}, {"type": "Feature", "geometry": {"geodesic": false, "type": "Polygon", "coordinates": [[[27.491427021472504, 37.99242339770505], [27.491966010642983, 37.99242339770505], [27.491966010642983, 37.99404036521647], [27.492504999813434, 37.99404036521647], [27.492504999813434, 37.993501376046], [27.493582978154393, 37.993501376046], [27.493582978154393, 37.99457935438694], [27.493043988983914, 37.99457935438694], [27.493043988983914, 37.995118343557415], [27.491966010642983, 37.995118343557415], [27.491966010642983, 37.99404036521647], [27.491427021472504, 37.99404036521647], [27.491427021472504, 37.993501376046], [27.490349043131545, 37.993501376046], [27.490349043131545, 37.992962386875526], [27.491427021472504, 37.992962386875526], [27.491427021472504, 37.99242339770505]]]}, "id": "+384964+85358", "properties": {"area_ha": 3.3968842335615324, "count": 12, "label": 1, "mean_dnbr": 0.2343120406061058}}, {"type": "Feature", "geometry": {"geodesic": false, "type": "Polygon", "coordinates": [[[27.493043988983914, 38.72760462622847], [27.493582978154393, 38.72760462622847], [27.493582978154393, 38.72814361539894], [27.494660956495323, 38.72814361539894], [27.494660956495323, 38.728682604569414], [27.496277924006733, 38.728682604569414], [27.496277924006733, 38.72922159373989], [27.494121967324872, 38.72922159373989], [27.494121967324872, 38.728682604569414], [27.493582978154393, 38.728682604569414], [27.493582978154393, 38.72814361539894], [27.493043988983914, 38.72814361539894], [27.493043988983914, 38.72922159373989], [27.493582978154393, 38.72922159373989], [27.493582978154393, 38.72976058291036], [27.491427021472504, 38.72976058291036], [27.491427021472504, 38.72922159373989], [27.490888032302024, 38.72922159373989], [27.490888032302024, 38.72814361539894], [27.490349043131545, 38.72814361539894], [27.490349043131545, 38.72760462622847], [27.491427021472504, 38.72760462622847], [27.491427021472504, 38.72814361539894], [27.493043988983914, 38.72814361539894], [27.493043988983914, 38.72760462622847]]]}, "id": "+384967+83994", "properties": {"area_ha": 5.884509883210829, "count": 21, "label": 1, "mean_dnbr": 0.17483677553885435}}, {"type": "Feature", "geometry": {"geodesic": false, "type": "Polygon", "coordinates": [[[27.493043988983914, 38.11423495023166], [27.493582978154393, 38.11423495023166], [27.493582978154393, 38.11531292857261], [27.494121967324872, 38.11531292857261], [27.494121967324872, 38.114773939402134], [27.494660956495323, 38.114773939402134], [27.494660956495323, 38.11639090691355], [27.494121967324872, 38.11639090691355], [27.494121967324872, 38.11585191774308], [27.493582978154393, 38.11585191774308], [27.493582978154393, 38.11639090691355], [27.491427021472504, 38.11639090691355], [27.491427021472504, 38.11585191774308], [27.491966010642983, 38.11585191774308], [27.491966010642983, 38.11531292857261], [27.492504999813434, 38.11531292857261], [27.492504999813434, 38.114773939402134], [27.493043988983914, 38.114773939402134], [27.493043988983914, 38.11423495023166]]]}, "id": "+384967+85132", "properties": {"area_ha": 3.9564527429309004, "count": 14, "label": 1, "mean_dnbr": 0.16358142101426112}}, {"type": "Feature", "geometry": {"geodesic": false, "type": "Polygon", "coordinates": [[[27.495738934836282, 38.13902845207336], [27.496816913177213, 38.13902845207336], [27.496816913177213, 38.14118440875525], [27.497355902347692, 38.14118440875525], [27.497355902347692, 38.139567441243834], [27.497894891518172, 38.139567441243834], [27.497894891518172, 38.14064541958478], [27.498433880688623, 38.14064541958478], [27.498433880688623, 38.14118440875525], [27.49951185902958, 38.14118440875525], [27.49951185902958, 38.14226238709619], [27.496816913177213, 38.14226238709619], [27.496816913177213, 38.14118440875525], [27.496277924006733, 38.14118440875525], [27.496277924006733, 38.14064541958478], [27.495738934836282, 38.14064541958478], [27.495738934836282, 38.13902845207336]]]}, "id": "+384973+85086", "properties": {"area_ha": 5.93262189444818, "count": 21, "label": 1, "mean_dnbr": 0.29660026254214994}}, {"type": "Feature", "geometry": {"geodesic": false, "type": "Polygon", "coordinates": [[[27.496277924006733, 38.60202014950856], [27.497355902347692, 38.60202014950856], [27.497355902347692, 38.602559138679034], [27.496816913177213, 38.602559138679034], [27.496816913177213, 38.60417610619045], [27.497355902347692, 38.60417610619045], [27.497355902347692, 38.60471509536092], [27.497894891518172, 38.60471509536092], [27.497894891518172, 38.60633206287233], [27.498433880688623, 38.60633206287233], [27.498433880688623, 38.60741004121328], [27.496277924006733, 38.60741004121328], [27.496277924006733, 38.606871052042806], [27.495738934836282, 38.606871052042806], [27.495738934836282, 38.60633206287233], [27.495199945665803, 38.60633206287233], [27.495199945665803, 38.606871052042806], [27.494121967324872, 38.606871052042806], [27.494121967324872, 38.605254084531396], [27.492504999813434, 38.605254084531396], [27.492504999813434, 38.60417610619045], [27.493043988983914, 38.60417610619045], [27.493043988983914, 38.603098127849506], [27.494660956495323, 38.603098127849506], [27.494660956495323, 38.60363711701998], [27.495199945665803, 38.60363711701998], [27.495199945665803, 38.602559138679034], [27.496277924006733, 38.602559138679034], [27.496277924006733, 38.60202014950856]]]}, "id": "+384974+84227", "properties": {"area_ha": 17.403367656553556, "count": 62, "label": 1, "mean_dnbr": 0.25482753474478537}}, {"type": "Feature", "geometry": {"geodesic": false, "type": "Polygon", "coordinates": [[[27.495199945665803, 38.131482603686756], [27.497355902347692, 38.131482603686756], [27.497355902347692, 38.1325605820277], [27.497894891518172, 38.1325605820277], [27.497894891518172, 38.133638560368645], [27.497355902347692, 38.133638560368645], [27.497355902347692, 38.13417754953912], [27.495738934836282, 38.13417754953912], [27.495738934836282, 38.13471653870959], [27.495199945665803, 38.13471653870959], [27.495199945665803, 38.131482603686756]]]}, "id": "+384974+85100", "properties": {"area_ha": 6.498328463868449, "count": 23, "label": 1, "mean_dnbr": 0.5730365335583584}}, {"type": "Feature", "geometry": {"geodesic": false, "type": "Polygon", "coordinates": [[[27.496277924006733, 38.72760462622847], [27.498972869859102, 38.72760462622847], [27.498972869859102, 38.72814361539894], [27.49951185902958, 38.72814361539894], [27.49951185902958, 38.728682604569414], [27.498972869859102, 38.728682604569414], [27.498972869859102, 38.72922159373989], [27.496816913177213, 38.72922159373989], [27.496816913177213, 38.72814361539894], [27.496277924006733, 38.72814361539894], [27.496277924006733, 38.72760462622847]]]}, "id": "+384977+83994", "properties": {"area_ha": 3.9230163029755043, "count": 14, "label": 1, "mean_dnbr": 0.1698581240402017}}, {"type": "Feature", "geometry": {"geodesic": false, "type": "Polygon", "coordinates": [[[27.497894891518172, 38.45056419260601], [27.500589837370512, 38.45056419260601], [27.500589837370512, 38.451642170946954], [27.49951185902958, 38.451642170946954], [27.49951185902958, 38.452181160117426], [27.497894891518172, 38.452181160117426], [27.497894891518172, 38.45056419260601]]]}, "id": "+384980+84508", "properties": {"area_ha": 3.656882532498298, "count": 13, "label": 1, "mean_dnbr": 0.5089919319181347}}, {"type": "Feature", "geometry": {"geodesic": false, "type": "Polygon", "coordinates": [[[27.500589837370512, 38.73353350710366], [27.502206804881922, 38.73353350710366], [27.502206804881922, 38.73407249627413], [27.5027457940524, 38.73407249627413], [27.5027457940524, 38.7346114854446], [27.50328478322288, 38.7346114854446], [27.50328478322288, 38.735150474615075], [27.50382377239336, 38.735150474615075], [27.50382377239336, 38.73568946378555], [27.50166781571147, 38.73568946378555], [27.50166781571147, 38.735150474615075], [27.500589837370512, 38.735150474615075], [27.500589837370512, 38.7346114854446], [27.50005084820006, 38.7346114854446], [27.50005084820006, 38.73407249627413], [27.500589837370512, 38.73407249627413], [27.500589837370512, 38.73353350710366]], [[27.50166781571147, 38.73407249627413], [27.50166781571147, 38.7346114854446], [27.50112882654099, 38.7346114854446], [27.50112882654099, 38.73407249627413], [27.50166781571147, 38.73407249627413]]]}, "id": "+384983+83983", "properties": {"area_ha": 4.483063410414068, "count": 16, "label": 1, "mean_dnbr": 0.26095010291420256}}, {"type": "Feature", "geometry": {"geodesic": false, "type": "Polygon", "coordinates": [[[27.502206804881922, 38.04201040138845], [27.50328478322288, 38.04201040138845], [27.50328478322288, 38.042549390558925], [27.50436276156381, 38.042549390558925], [27.50436276156381, 38.0430883797294], [27.50328478322288, 38.0430883797294], [27.50328478322288, 38.04362736889987], [27.50382377239336, 38.04362736889987], [27.50382377239336, 38.04416635807034], [27.50436276156381, 38.04416635807034], [27.50436276156381, 38.044705347240814], [27.50490175073429, 38.044705347240814], [27.50490175073429, 38.04524433641128], [27.5027457940524, 38.04524433641128], [27.5027457940524, 38.044705347240814], [27.502206804881922, 38.044705347240814], [27.502206804881922, 38.04201040138845]]]}, "id": "+384985+85266", "properties": {"area_ha": 5.37474329031987, "count": 19, "label": 1, "mean_dnbr": 0.16036114996837308}}, {"type": "Feature", "geometry": {"geodesic": false, "type": "Polygon", "coordinates": [[[27.5027457940524, 38.683407514249794], [27.50382377239336, 38.683407514249794], [27.50382377239336, 38.68448549259073], [27.50436276156381, 38.68448549259073], [27.50436276156381, 38.685024481761204], [27.50328478322288, 38.685024481761204], [27.50328478322288, 38.68448549259073], [27.502206804881922, 38.68448549259073], [27.502206804881922, 38.685024481761204], [27.50166781571147, 38.685024481761204], [27.50166781571147, 38.685563470931676], [27.500589837370512, 38.685563470931676], [27.500589837370512, 38.685024481761204], [27.50005084820006, 38.685024481761204], [27.50005084820006, 38.68448549259073], [27.500589837370512, 38.68448549259073], [27.500589837370512, 38.685024481761204], [27.50166781571147, 38.685024481761204], [27.50166781571147, 38.68448549259073], [27.502206804881922, 38.68448549259073], [27.502206804881922, 38.68394650342026], [27.5027457940524, 38.68394650342026], [27.5027457940524, 38.683407514249794]]]}, "id": "+384986+84076", "properties": {"area_ha": 3.084267231147184, "count": 11, "label": 1, "mean_dnbr": 0.15621940845311238}}, {"type": "Feature", "geometry": {"geodesic": false, "type": "Polygon", "coordinates": [[[27.50597972907525, 38.16543892142648], [27.50867467492759, 38.16543892142648], [27.50867467492759, 38.16759487810836], [27.50759669658666, 38.16759487810836], [27.50759669658666, 38.16813386727883], [27.50813568575711, 38.16813386727883], [27.50813568575711, 38.16921184561978], [27.50705770741618, 38.16921184561978], [27.50705770741618, 38.168672856449305], [27.5065187182457, 38.168672856449305], [27.5065187182457, 38.16813386727883], [27.50597972907525, 38.16813386727883], [27.50597972907525, 38.16543892142648]]]}, "id": "+384995+85037", "properties": {"area_ha": 7.907302723021631, "count": 28, "label": 1, "mean_dnbr": 0.33399118929686183}}, {"type": "Feature", "geometry": {"geodesic": false, "type": "Polygon", "coordinates": [[[27.50867467492759, 38.02476274793336], [27.50975265326855, 38.02476274793336], [27.50975265326855, 38.02530173710383], [27.50921366409807, 38.02530173710383], [27.50921366409807, 38.0258407262743], [27.50867467492759, 38.0258407262743], [27.50867467492759, 38.026379715444776], [27.50813568575711, 38.026379715444776], [27.50813568575711, 38.02691870461524], [27.50759669658666, 38.02691870461524], [27.50759669658666, 38.02745769378571], [27.50705770741618, 38.02745769378571], [27.50705770741618, 38.02691870461524], [27.50597972907525, 38.02691870461524], [27.50597972907525, 38.026379715444776], [27.5065187182457, 38.026379715444776], [27.5065187182457, 38.0258407262743], [27.50813568575711, 38.0258407262743], [27.50813568575711, 38.02530173710383], [27.50867467492759, 38.02530173710383], [27.50867467492759, 38.02476274793336]]]}, "id": "+384997+85298", "properties": {"area_ha": 3.6783368323409857, "count": 13, "label": 1, "mean_dnbr": 0.22316075982182404}}, {"type": "Feature", "geometry": {"geodesic": false, "type": "Polygon", "coordinates": [[[27.510291642439, 38.72005877784187], [27.51083063160948, 38.72005877784187], [27.51083063160948, 38.72221473452375], [27.510291642439, 38.72221473452375], [27.510291642439, 38.722753723694225], [27.51083063160948, 38.722753723694225], [27.51083063160948, 38.72383170203517], [27.51136962077996, 38.72383170203517], [27.51136962077996, 38.72437069120564], [27.51083063160948, 38.72437069120564], [27.51083063160948, 38.72383170203517], [27.510291642439, 38.72383170203517], [27.510291642439, 38.7232927128647], [27.50975265326855, 38.7232927128647], [27.50975265326855, 38.722753723694225], [27.50867467492759, 38.722753723694225], [27.50867467492759, 38.72221473452375], [27.50921366409807, 38.72221473452375], [27.50921366409807, 38.72167574535328], [27.510291642439, 38.72167574535328], [27.510291642439, 38.72005877784187]]]}, "id": "+384999+84008", "properties": {"area_ha": 3.6431176259497065, "count": 13, "label": 1, "mean_dnbr": 0.374881109174907}}, {"type": "Feature", "geometry": {"geodesic": false, "type": "Polygon", "coordinates": [[[27.51298658829137, 38.72760462622847], [27.51352557746185, 38.72760462622847], [27.51352557746185, 38.728682604569414], [27.51298658829137, 38.728682604569414], [27.51298658829137, 38.72976058291036], [27.51136962077996, 38.72976058291036], [27.51136962077996, 38.73029957208083], [27.51083063160948, 38.73029957208083], [27.51083063160948, 38.7308385612513], [27.50975265326855, 38.7308385612513], [27.50975265326855, 38.731377550421776], [27.510291642439, 38.731377550421776], [27.510291642439, 38.73191653959225], [27.51083063160948, 38.73191653959225], [27.51083063160948, 38.732994517933186], [27.510291642439, 38.732994517933186], [27.510291642439, 38.73245552876271], [27.50975265326855, 38.73245552876271], [27.50975265326855, 38.73191653959225], [27.50921366409807, 38.73191653959225], [27.50921366409807, 38.731377550421776], [27.50867467492759, 38.731377550421776], [27.50867467492759, 38.7308385612513], [27.50813568575711, 38.7308385612513], [27.50813568575711, 38.73191653959225], [27.50867467492759, 38.73191653959225], [27.50867467492759, 38.732994517933186], [27.50813568575711, 38.732994517933186], [27.50813568575711, 38.73353350710366], [27.50759669658666, 38.73353350710366], [27.50759669658666, 38.73407249627413], [27.50705770741618, 38.73407249627413], [27.50705770741618, 38.7346114854446], [27.50597972907525, 38.7346114854446], [27.50597972907525, 38.73353350710366], [27.50544073990477, 38.73353350710366], [27.50544073990477, 38.732994517933186], [27.50490175073429, 38.732994517933186], [27.50490175073429, 38.73245552876271], [27.50544073990477, 38.73245552876271], [27.50544073990477, 38.73191653959225], [27.50597972907525, 38.73191653959225], [27.50597972907525, 38.731377550421776], [27.50705770741618, 38.731377550421776], [27.50705770741618, 38.7308385612513], [27.50813568575711, 38.7308385612513], [27.50813568575711, 38.73029957208083], [27.50867467492759, 38.73029957208083], [27.50867467492759, 38.72976058291036], [27.50921366409807, 38.72976058291036], [27.50921366409807, 38.72922159373989], [27.50975265326855, 38.72922159373989], [27.50975265326855, 38.728682604569414], [27.51083063160948, 38.728682604569414], [27.51083063160948, 38.72760462622847], [27.51190860995044, 38.72760462622847], [27.51190860995044, 38.72814361539894], [27.51244759912089, 38.72814361539894], [27.51244759912089, 38.728682604569414], [27.51298658829137, 38.728682604569414], [27.51298658829137, 38.72760462622847]]]}, "id": "+385004+83994", "properties": {"area_ha": 18.493554281395422, "count": 66, "label": 1, "mean_dnbr": 0.20407051772652987}}, {"type": "Feature", "geometry": {"geodesic": false, "type": "Polygon", "coordinates": [[[27.51244759912089, 38.13579451705053], [27.51352557746185, 38.13579451705053], [27.51352557746185, 38.136333506221], [27.5140645666323, 38.136333506221], [27.5140645666323, 38.137411484561945], [27.51352557746185, 38.137411484561945], [27.51352557746185, 38.13795047373242], [27.51244759912089, 38.13795047373242], [27.51244759912089, 38.13848946290289], [27.51190860995044, 38.13848946290289], [27.51190860995044, 38.13687249539147], [27.51244759912089, 38.13687249539147], [27.51244759912089, 38.13579451705053]]]}, "id": "+385004+85092", "properties": {"area_ha": 3.672762336718649, "count": 13, "label": 1, "mean_dnbr": 0.2904728526021717}}, {"type": "Feature", "geometry": {"geodesic": false, "type": "Polygon", "coordinates": [[[27.517837490825627, 38.16166599723317], [27.519454458337037, 38.16166599723317], [27.519454458337037, 38.162204986403644], [27.519993447507517, 38.162204986403644], [27.519993447507517, 38.16382195391506], [27.517837490825627, 38.16382195391506], [27.517837490825627, 38.16166599723317]]]}, "id": "+385015+85044", "properties": {"area_ha": 4.236311432561938, "count": 15, "label": 1, "mean_dnbr": 0.3006067962926884}}, {"type": "Feature", "geometry": {"geodesic": false, "type": "Polygon", "coordinates": [[[27.519454458337037, 38.03069162880855], [27.520532436677968, 38.03069162880855], [27.520532436677968, 38.03123061797902], [27.521610415018927, 38.03123061797902], [27.521610415018927, 38.03176960714949], [27.521071425848447, 38.03176960714949], [27.521071425848447, 38.032308596319965], [27.520532436677968, 38.032308596319965], [27.520532436677968, 38.03176960714949], [27.519993447507517, 38.03176960714949], [27.519993447507517, 38.032308596319965], [27.519454458337037, 38.032308596319965], [27.519454458337037, 38.0333865746609], [27.51837647999608, 38.0333865746609], [27.51837647999608, 38.033925563831374], [27.517837490825627, 38.033925563831374], [27.517837490825627, 38.03446455300185], [27.517298501655148, 38.03446455300185], [27.517298501655148, 38.033925563831374], [27.515681534143738, 38.033925563831374], [27.515681534143738, 38.0333865746609], [27.51622052331419, 38.0333865746609], [27.51622052331419, 38.03284758549043], [27.517298501655148, 38.03284758549043], [27.517298501655148, 38.03123061797902], [27.519454458337037, 38.03123061797902], [27.519454458337037, 38.03069162880855]]]}, "id": "+385017+85287", "properties": {"area_ha": 9.05358814875943, "count": 32, "label": 1, "mean_dnbr": 0.20665057567016099}}, {"type": "Feature", "geometry": {"geodesic": false, "type": "Polygon", "coordinates": [[[27.523227382530337, 37.86791689932609], [27.524305360871267, 37.86791689932609], [27.524305360871267, 37.868994877667035], [27.525383339212226, 37.868994877667035], [27.525383339212226, 37.86845588849656], [27.528617274235046, 37.86845588849656], [27.528617274235046, 37.87007285600797], [27.527539295894115, 37.87007285600797], [27.527539295894115, 37.86953386683751], [27.525922328382705, 37.86953386683751], [27.525922328382705, 37.87007285600797], [27.525383339212226, 37.87007285600797], [27.525383339212226, 37.870611845178445], [27.524844350041747, 37.870611845178445], [27.524844350041747, 37.87222881268986], [27.523766371700816, 37.87222881268986], [27.523766371700816, 37.87115083434892], [27.524305360871267, 37.87115083434892], [27.524305360871267, 37.87007285600797], [27.523227382530337, 37.87007285600797], [27.523227382530337, 37.86953386683751], [27.522688393359857, 37.86953386683751], [27.522688393359857, 37.868994877667035], [27.523227382530337, 37.868994877667035], [27.523227382530337, 37.86791689932609]]]}, "id": "+385024+85589", "properties": {"area_ha": 9.924323923332137, "count": 35, "label": 1, "mean_dnbr": 0.3183358855551831}}, {"type": "Feature", "geometry": {"geodesic": false, "type": "Polygon", "coordinates": [[[27.524305360871267, 38.685024481761204], [27.525922328382705, 38.685024481761204], [27.525922328382705, 38.68610246010215], [27.526461317553157, 38.68610246010215], [27.526461317553157, 38.68664144927262], [27.525922328382705, 38.68664144927262], [27.525922328382705, 38.68718043844309], [27.524844350041747, 38.68718043844309], [27.524844350041747, 38.68664144927262], [27.524305360871267, 38.68664144927262], [27.524305360871267, 38.685024481761204]]]}, "id": "+385027+84073", "properties": {"area_ha": 3.3645797603367886, "count": 12, "label": 1, "mean_dnbr": 0.30489975722772505}}, {"type": "Feature", "geometry": {"geodesic": false, "type": "Polygon", "coordinates": [[[27.533468176769304, 38.03284758549043], [27.534007165939755, 38.03284758549043], [27.534007165939755, 38.0333865746609], [27.535085144280714, 38.0333865746609], [27.535085144280714, 38.033925563831374], [27.536163122621645, 38.033925563831374], [27.536163122621645, 38.03500354217232], [27.535624133451194, 38.03500354217232], [27.535624133451194, 38.036081520513264], [27.535085144280714, 38.036081520513264], [27.535085144280714, 38.03554253134279], [27.534007165939755, 38.03554253134279], [27.534007165939755, 38.03500354217232], [27.531851209257894, 38.03500354217232], [27.531851209257894, 38.033925563831374], [27.532390198428345, 38.033925563831374], [27.532390198428345, 38.0333865746609], [27.533468176769304, 38.0333865746609], [27.533468176769304, 38.03284758549043]]]}, "id": "+385042+85283", "properties": {"area_ha": 7.3558513067466995, "count": 26, "label": 1, "mean_dnbr": 0.3865966736794933}}, {"type": "Feature", "geometry": {"geodesic": false, "type": "Polygon", "coordinates": [[[27.535085144280714, 37.87007285600797], [27.535624133451194, 37.87007285600797], [27.535624133451194, 37.870611845178445], [27.536163122621645, 37.870611845178445], [27.536163122621645, 37.87115083434892], [27.536702111792124, 37.87115083434892], [27.536702111792124, 37.872767801860334], [27.535085144280714, 37.872767801860334], [27.535085144280714, 37.87222881268986], [27.532929187598825, 37.87222881268986], [27.532929187598825, 37.87168982351939], [27.531312220087415, 37.87168982351939], [27.531312220087415, 37.87115083434892], [27.532390198428345, 37.87115083434892], [27.532390198428345, 37.870611845178445], [27.532929187598825, 37.870611845178445], [27.532929187598825, 37.87168982351939], [27.533468176769304, 37.87168982351939], [27.533468176769304, 37.870611845178445], [27.535085144280714, 37.870611845178445], [27.535085144280714, 37.87007285600797]]]}, "id": "+385045+85585", "properties": {"area_ha": 7.372182439971372, "count": 26, "label": 1, "mean_dnbr": 0.37516162619625726}}, {"type": "Feature", "geometry": {"geodesic": false, "type": "Polygon", "coordinates": [[[27.533468176769304, 37.86091004010996], [27.535624133451194, 37.86091004010996], [27.535624133451194, 37.8619880184509], [27.535085144280714, 37.8619880184509], [27.535085144280714, 37.862527007621374], [27.536163122621645, 37.862527007621374], [27.536163122621645, 37.86360498596232], [27.534546155110235, 37.86360498596232], [27.534546155110235, 37.864682964303256], [27.534007165939755, 37.864682964303256], [27.534007165939755, 37.86360498596232], [27.533468176769304, 37.86360498596232], [27.533468176769304, 37.862527007621374], [27.534007165939755, 37.862527007621374], [27.534007165939755, 37.8619880184509], [27.533468176769304, 37.8619880184509], [27.533468176769304, 37.86091004010996]]]}, "id": "+385045+85602", "properties": {"area_ha": 6.238752652493613, "count": 22, "label": 1, "mean_dnbr": 0.41760146741359117}}, {"type": "Feature", "geometry": {"geodesic": false, "type": "Polygon", "coordinates": [[[27.535085144280714, 38.58261653937158], [27.537241100962603, 38.58261653937158], [27.537241100962603, 38.58369451771252], [27.536163122621645, 38.58369451771252], [27.536163122621645, 38.584233506882995], [27.535085144280714, 38.584233506882995], [27.535085144280714, 38.58477249605347], [27.534546155110235, 38.58477249605347], [27.534546155110235, 38.584233506882995], [27.534007165939755, 38.584233506882995], [27.534007165939755, 38.58369451771252], [27.534546155110235, 38.58369451771252], [27.534546155110235, 38.58315552854205], [27.535085144280714, 38.58315552854205], [27.535085144280714, 38.58261653937158]]]}, "id": "+385048+84263", "properties": {"area_ha": 3.930960024339995, "count": 14, "label": 1, "mean_dnbr": 0.26772724520619356}}, {"type": "Feature", "geometry": {"geodesic": false, "type": "Polygon", "coordinates": [[[27.538858068474013, 37.868994877667035], [27.539397057644493, 37.868994877667035], [27.539397057644493, 37.86953386683751], [27.538858068474013, 37.86953386683751], [27.538858068474013, 37.87007285600797], [27.539936046814944, 37.87007285600797], [27.539936046814944, 37.87115083434892], [27.538858068474013, 37.87115083434892], [27.538858068474013, 37.87168982351939], [27.538319079303534, 37.87168982351939], [27.538319079303534, 37.87115083434892], [27.538858068474013, 37.87115083434892], [27.538858068474013, 37.870611845178445], [27.537780090133083, 37.870611845178445], [27.537780090133083, 37.87007285600797], [27.537241100962603, 37.87007285600797], [27.537241100962603, 37.86953386683751], [27.538858068474013, 37.86953386683751], [27.538858068474013, 37.868994877667035]]]}, "id": "+385052+85587", "properties": {"area_ha": 3.1190468667568445, "count": 11, "label": 1, "mean_dnbr": 0.17122128804691503}}, {"type": "Feature", "geometry": {"geodesic": false, "type": "Polygon", "coordinates": [[[27.544247960178723, 38.64298332646441], [27.544786949349202, 38.64298332646441], [27.544786949349202, 38.64352231563488], [27.545864927690133, 38.64352231563488], [27.545864927690133, 38.644061304805355], [27.546403916860612, 38.644061304805355], [27.546403916860612, 38.64567827231677], [27.544247960178723, 38.64567827231677], [27.544247960178723, 38.64298332646441]]]}, "id": "+385062+84151", "properties": {"area_ha": 4.488714883552527, "count": 16, "label": 1, "mean_dnbr": 0.26878766979826113}}, {"type": "Feature", "geometry": {"geodesic": false, "type": "Polygon", "coordinates": [[[27.543169981837792, 38.178913650688266], [27.544786949349202, 38.178913650688266], [27.544786949349202, 38.18053061819968], [27.54532593851968, 38.18053061819968], [27.54532593851968, 38.181069607370155], [27.54370897100827, 38.181069607370155], [27.54370897100827, 38.18053061819968], [27.543169981837792, 38.18053061819968], [27.543169981837792, 38.178913650688266]]]}, "id": "+385062+85012", "properties": {"area_ha": 3.388246655839584, "count": 12, "label": 1, "mean_dnbr": 0.3000053108714512}}, {"type": "Feature", "geometry": {"geodesic": false, "type": "Polygon", "coordinates": [[[27.543169981837792, 38.17298476981308], [27.544786949349202, 38.17298476981308], [27.544786949349202, 38.17352375898355], [27.544247960178723, 38.17352375898355], [27.544247960178723, 38.175140726494966], [27.54370897100827, 38.175140726494966], [27.54370897100827, 38.174601737324494], [27.543169981837792, 38.174601737324494], [27.543169981837792, 38.17406274815402], [27.542630992667313, 38.17406274815402], [27.542630992667313, 38.175140726494966], [27.542092003496833, 38.175140726494966], [27.542092003496833, 38.17352375898355], [27.543169981837792, 38.17352375898355], [27.543169981837792, 38.17298476981308]]]}, "id": "+385062+85023", "properties": {"area_ha": 3.388523293083585, "count": 12, "label": 1, "mean_dnbr": 0.362254568702191}}, {"type": "Feature", "geometry": {"geodesic": false, "type": "Polygon", "coordinates": [[[27.544247960178723, 38.15304217050563], [27.54532593851968, 38.15304217050563], [27.54532593851968, 38.153581159676094], [27.54694290603109, 38.153581159676094], [27.54694290603109, 38.154120148846566], [27.548020884372022, 38.154120148846566], [27.548020884372022, 38.15465913801704], [27.54909886271298, 38.15465913801704], [27.54909886271298, 38.15519812718751], [27.54963785188346, 38.15519812718751], [27.54963785188346, 38.156276105528455], [27.548020884372022, 38.156276105528455], [27.548020884372022, 38.15681509469893], [27.54694290603109, 38.15681509469893], [27.54694290603109, 38.156276105528455], [27.545864927690133, 38.156276105528455], [27.545864927690133, 38.15681509469893], [27.54532593851968, 38.15681509469893], [27.54532593851968, 38.15573711635798], [27.544786949349202, 38.15573711635798], [27.544786949349202, 38.153581159676094], [27.544247960178723, 38.153581159676094], [27.544247960178723, 38.15304217050563]]]}, "id": "+385063+85060", "properties": {"area_ha": 11.298009504169565, "count": 40, "label": 1, "mean_dnbr": 0.25050905269488205}}, {"type": "Feature", "geometry": {"geodesic": false, "type": "Polygon", "coordinates": [[[27.54532593851968, 38.12285877695921], [27.54694290603109, 38.12285877695921], [27.54694290603109, 38.12339776612968], [27.54748189520157, 38.12339776612968], [27.54748189520157, 38.12555372281157], [27.54694290603109, 38.12555372281157], [27.54694290603109, 38.127170690322984], [27.54532593851968, 38.127170690322984], [27.54532593851968, 38.12663170115251], [27.545864927690133, 38.12663170115251], [27.545864927690133, 38.12609271198204], [27.54532593851968, 38.12609271198204], [27.54532593851968, 38.12555372281157], [27.545864927690133, 38.12555372281157], [27.545864927690133, 38.12447574447062], [27.54532593851968, 38.12447574447062], [27.54532593851968, 38.12285877695921]]]}, "id": "+385066+85116", "properties": {"area_ha": 7.064183630726841, "count": 25, "label": 1, "mean_dnbr": 0.4036462138444789}}, {"type": "Feature", "geometry": {"geodesic": false, "type": "Polygon", "coordinates": [[[27.5523327977358, 38.146035311289495], [27.5523327977358, 38.14657430045997], [27.55287178690628, 38.14657430045997], [27.55287178690628, 38.14819126797138], [27.55341077607676, 38.14819126797138], [27.55341077607676, 38.14873025714185], [27.5523327977358, 38.14873025714185], [27.5523327977358, 38.14926924631232], [27.55071583022439, 38.14926924631232], [27.55071583022439, 38.147652278800905], [27.55017684105391, 38.147652278800905], [27.55017684105391, 38.146035311289495], [27.5523327977358, 38.146035311289495]]]}, "id": "+385076+85073", "properties": {"area_ha": 7.3444612860216685, "count": 26, "label": 1, "mean_dnbr": 0.4307494191223505}}, {"type": "Feature", "geometry": {"geodesic": false, "type": "Polygon", "coordinates": [[[27.55556673275865, 38.174601737324494], [27.55718370027006, 38.174601737324494], [27.55718370027006, 38.177296683176856], [27.55448875441769, 38.177296683176856], [27.55448875441769, 38.17675769400638], [27.55287178690628, 38.17675769400638], [27.55287178690628, 38.175140726494966], [27.55341077607676, 38.175140726494966], [27.55341077607676, 38.17621870483591], [27.55448875441769, 38.17621870483591], [27.55448875441769, 38.17567971566544], [27.55502774358817, 38.17567971566544], [27.55502774358817, 38.175140726494966], [27.55556673275865, 38.175140726494966], [27.55556673275865, 38.174601737324494]]]}, "id": "+385085+85020", "properties": {"area_ha": 7.623975555010187, "count": 27, "label": 1, "mean_dnbr": 0.3292639648387833}}, {"type": "Feature", "geometry": {"geodesic": false, "type": "Polygon", "coordinates": [[[27.55664471109958, 38.17136780230167], [27.55826167861099, 38.17136780230167], [27.55826167861099, 38.172445780642605], [27.55880066778147, 38.172445780642605], [27.55880066778147, 38.17298476981308], [27.55718370027006, 38.17298476981308], [27.55718370027006, 38.17406274815402], [27.55664471109958, 38.17406274815402], [27.55664471109958, 38.17352375898355], [27.55502774358817, 38.17352375898355], [27.55502774358817, 38.17298476981308], [27.55394976524721, 38.17298476981308], [27.55394976524721, 38.172445780642605], [27.55556673275865, 38.172445780642605], [27.55556673275865, 38.17298476981308], [27.55664471109958, 38.17298476981308], [27.55664471109958, 38.17136780230167]]]}, "id": "+385087+85026", "properties": {"area_ha": 5.082883755966387, "count": 18, "label": 1, "mean_dnbr": 0.19686614147259546}}, {"type": "Feature", "geometry": {"geodesic": false, "type": "Polygon", "coordinates": [[[27.55880066778147, 38.14118440875525], [27.561495613633838, 38.14118440875525], [27.561495613633838, 38.14226238709619], [27.55826167861099, 38.14226238709619], [27.55826167861099, 38.141723397925716], [27.55880066778147, 38.141723397925716], [27.55880066778147, 38.14118440875525]]]}, "id": "+385093+85082", "properties": {"area_ha": 3.107531968761919, "count": 11, "label": 1, "mean_dnbr": 0.3846058290199516}}, {"type": "Feature", "geometry": {"geodesic": false, "type": "Polygon", "coordinates": [[[27.56203460280429, 38.143879354607606], [27.5636515703157, 38.143879354607606], [27.5636515703157, 38.14495733294855], [27.56419055948618, 38.14495733294855], [27.56419055948618, 38.14549632211902], [27.5636515703157, 38.14549632211902], [27.5636515703157, 38.146035311289495], [27.56203460280429, 38.146035311289495], [27.56203460280429, 38.143879354607606]]]}, "id": "+385097+85077", "properties": {"area_ha": 3.6723637448919204, "count": 13, "label": 1, "mean_dnbr": 0.43793096223514383}}, {"type": "Feature", "geometry": {"geodesic": false, "type": "Polygon", "coordinates": [[[27.5636515703157, 38.14926924631232], [27.564729548656658, 38.14926924631232], [27.564729548656658, 38.15034722465327], [27.567424494509027, 38.15034722465327], [27.567424494509027, 38.15142520299421], [27.565807526997588, 38.15142520299421], [27.565807526997588, 38.152503181335156], [27.565268537827137, 38.152503181335156], [27.565268537827137, 38.15304217050563], [27.564729548656658, 38.15304217050563], [27.564729548656658, 38.152503181335156], [27.56419055948618, 38.152503181335156], [27.56419055948618, 38.151964192164684], [27.5636515703157, 38.151964192164684], [27.5636515703157, 38.15088621382374], [27.561495613633838, 38.15088621382374], [27.561495613633838, 38.15034722465327], [27.56203460280429, 38.15034722465327], [27.56203460280429, 38.149808235482794], [27.56041763529288, 38.149808235482794], [27.56041763529288, 38.14926924631232], [27.56257359197477, 38.14926924631232], [27.56257359197477, 38.149808235482794], [27.5636515703157, 38.149808235482794], [27.5636515703157, 38.14926924631232]]]}, "id": "+385099+85067", "properties": {"area_ha": 10.451272299988965, "count": 37, "label": 1, "mean_dnbr": 0.3546886580556839}}, {"type": "Feature", "geometry": {"geodesic": false, "type": "Polygon", "coordinates": [[[27.566346516168068, 38.712512929455265], [27.567424494509027, 38.712512929455265], [27.567424494509027, 38.71305191862574], [27.568502472849957, 38.71305191862574], [27.568502472849957, 38.71359090779621], [27.567424494509027, 38.71359090779621], [27.567424494509027, 38.714129896966675], [27.566346516168068, 38.714129896966675], [27.566346516168068, 38.71466888613715], [27.565807526997588, 38.71466888613715], [27.565807526997588, 38.71520787530762], [27.564729548656658, 38.71520787530762], [27.564729548656658, 38.71466888613715], [27.56419055948618, 38.71466888613715], [27.56419055948618, 38.71305191862574], [27.566346516168068, 38.71305191862574], [27.566346516168068, 38.712512929455265]]]}, "id": "+385104+84022", "properties": {"area_ha": 6.166004873733976, "count": 22, "label": 1, "mean_dnbr": 0.23937187008693298}}, {"type": "Feature", "geometry": {"geodesic": false, "type": "Polygon", "coordinates": [[[27.568502472849957, 38.15034722465327], [27.569041462020436, 38.15034722465327], [27.569041462020436, 38.15088621382374], [27.569580451190888, 38.15088621382374], [27.569580451190888, 38.15142520299421], [27.570119440361367, 38.15142520299421], [27.570119440361367, 38.15304217050563], [27.569041462020436, 38.15304217050563], [27.569041462020436, 38.152503181335156], [27.568502472849957, 38.152503181335156], [27.568502472849957, 38.15034722465327]]]}, "id": "+385107+85065", "properties": {"area_ha": 3.1070929824615545, "count": 11, "label": 1, "mean_dnbr": 0.38326900734647856}}, {"type": "Feature", "geometry": {"geodesic": false, "type": "Polygon", "coordinates": [[[27.567424494509027, 38.17837466151779], [27.570119440361367, 38.17837466151779], [27.570119440361367, 38.178913650688266], [27.570658429531846, 38.178913650688266], [27.570658429531846, 38.17999162902921], [27.570119440361367, 38.17999162902921], [27.570119440361367, 38.18053061819968], [27.569580451190888, 38.18053061819968], [27.569580451190888, 38.17999162902921], [27.569041462020436, 38.17999162902921], [27.569041462020436, 38.17945263985874], [27.568502472849957, 38.17945263985874], [27.568502472849957, 38.178913650688266], [27.567424494509027, 38.178913650688266], [27.567424494509027, 38.17837466151779]]]}, "id": "+385109+85013", "properties": {"area_ha": 3.6706290117878315, "count": 13, "label": 1, "mean_dnbr": 0.349195309855828}}, {"type": "Feature", "geometry": {"geodesic": false, "type": "Polygon", "coordinates": [[[27.569580451190888, 38.17352375898355], [27.571736407872777, 38.17352375898355], [27.571736407872777, 38.17567971566544], [27.570658429531846, 38.17567971566544], [27.570658429531846, 38.175140726494966], [27.570119440361367, 38.175140726494966], [27.570119440361367, 38.17621870483591], [27.569041462020436, 38.17621870483591], [27.569041462020436, 38.175140726494966], [27.569580451190888, 38.175140726494966], [27.569580451190888, 38.17352375898355]]]}, "id": "+385112+85022", "properties": {"area_ha": 5.0827303180175205, "count": 18, "label": 1, "mean_dnbr": 0.37155115712000003}}, {"type": "Feature", "geometry": {"geodesic": false, "type": "Polygon", "coordinates": [[[27.574431353725146, 38.12986563617534], [27.574970342895625, 38.12986563617534], [27.574970342895625, 38.13094361451628], [27.575509332066076, 38.13094361451628], [27.575509332066076, 38.131482603686756], [27.574431353725146, 38.131482603686756], [27.574431353725146, 38.13094361451628], [27.573892364554666, 38.13094361451628], [27.573892364554666, 38.1325605820277], [27.573353375384215, 38.1325605820277], [27.573353375384215, 38.13309957119817], [27.572275397043256, 38.13309957119817], [27.572275397043256, 38.1325605820277], [27.571197418702326, 38.1325605820277], [27.571197418702326, 38.13202159285723], [27.570658429531846, 38.13202159285723], [27.570658429531846, 38.131482603686756], [27.572275397043256, 38.131482603686756], [27.572275397043256, 38.13094361451628], [27.572814386213736, 38.13094361451628], [27.572814386213736, 38.13040462534581], [27.574431353725146, 38.13040462534581], [27.574431353725146, 38.12986563617534]]]}, "id": "+385118+85103", "properties": {"area_ha": 6.4984480377474965, "count": 23, "label": 1, "mean_dnbr": 0.3774747398173746}}, {"type": "Feature", "geometry": {"geodesic": false, "type": "Polygon", "coordinates": [[[27.574970342895625, 38.1611270080627], [27.575509332066076, 38.1611270080627], [27.575509332066076, 38.16166599723317], [27.576048321236556, 38.16166599723317], [27.576048321236556, 38.162204986403644], [27.576587310407035, 38.162204986403644], [27.576587310407035, 38.16328296474459], [27.577126299577515, 38.16328296474459], [27.577126299577515, 38.16436094308553], [27.576048321236556, 38.16436094308553], [27.576048321236556, 38.16328296474459], [27.575509332066076, 38.16328296474459], [27.575509332066076, 38.16274397557412], [27.574970342895625, 38.16274397557412], [27.574970342895625, 38.1611270080627]]]}, "id": "+385119+85045", "properties": {"area_ha": 3.389045023212704, "count": 12, "label": 1, "mean_dnbr": 0.30696992355953967}}, {"type": "Feature", "geometry": {"geodesic": false, "type": "Polygon", "coordinates": [[[27.578204277918445, 38.15519812718751], [27.579282256259404, 38.15519812718751], [27.579282256259404, 38.15681509469893], [27.580360234600334, 38.15681509469893], [27.580360234600334, 38.15951004055128], [27.576587310407035, 38.15951004055128], [27.576587310407035, 38.15897105138082], [27.577126299577515, 38.15897105138082], [27.577126299577515, 38.15573711635798], [27.578204277918445, 38.15573711635798], [27.578204277918445, 38.15519812718751]]]}, "id": "+385126+85056", "properties": {"area_ha": 11.580086171874646, "count": 41, "label": 1, "mean_dnbr": 0.2565533443385654}}, {"type": "Feature", "geometry": {"geodesic": false, "type": "Polygon", "coordinates": [[[27.578743267088925, 38.13040462534581], [27.579821245429855, 38.13040462534581], [27.579821245429855, 38.13309957119817], [27.580360234600334, 38.13309957119817], [27.580360234600334, 38.133638560368645], [27.579282256259404, 38.133638560368645], [27.579282256259404, 38.1325605820277], [27.577665288747966, 38.1325605820277], [27.577665288747966, 38.131482603686756], [27.578204277918445, 38.131482603686756], [27.578204277918445, 38.13094361451628], [27.578743267088925, 38.13094361451628], [27.578743267088925, 38.13040462534581]]]}, "id": "+385127+85102", "properties": {"area_ha": 4.520643739172703, "count": 16, "label": 1, "mean_dnbr": 0.3737544858941641}}, {"type": "Feature", "geometry": {"geodesic": false, "type": "Polygon", "coordinates": [[[27.581977202111744, 38.16813386727883], [27.583594169623154, 38.16813386727883], [27.583594169623154, 38.16975083479025], [27.581977202111744, 38.16975083479025], [27.581977202111744, 38.16921184561978], [27.580899223770814, 38.16921184561978], [27.580899223770814, 38.168672856449305], [27.581977202111744, 38.168672856449305], [27.581977202111744, 38.16813386727883]]]}, "id": "+385134+85032", "properties": {"area_ha": 3.1063637065454013, "count": 11, "label": 1, "mean_dnbr": 0.3171681628091165}}, {"type": "Feature", "geometry": {"geodesic": false, "type": "Polygon", "coordinates": [[[27.583055180452703, 38.12824866866393], [27.584672147964113, 38.12824866866393], [27.584672147964113, 38.129326647004866], [27.584133158793634, 38.129326647004866], [27.584133158793634, 38.12986563617534], [27.583594169623154, 38.12986563617534], [27.583594169623154, 38.13040462534581], [27.583055180452703, 38.13040462534581], [27.583055180452703, 38.131482603686756], [27.582516191282224, 38.131482603686756], [27.582516191282224, 38.1325605820277], [27.581438212941265, 38.1325605820277], [27.581438212941265, 38.13040462534581], [27.581977202111744, 38.13040462534581], [27.581977202111744, 38.129326647004866], [27.582516191282224, 38.129326647004866], [27.582516191282224, 38.1287876578344], [27.583055180452703, 38.1287876578344], [27.583055180452703, 38.12824866866393]]]}, "id": "+385136+85106", "properties": {"area_ha": 6.781121495291682, "count": 24, "label": 1, "mean_dnbr": 0.3112125914594175}}, {"type": "Feature", "geometry": {"geodesic": false, "type": "Polygon", "coordinates": [[[27.584672147964113, 38.76156094396819], [27.587367093816454, 38.76156094396819], [27.587367093816454, 38.762099933138664], [27.587906082986933, 38.762099933138664], [27.587906082986933, 38.76425588982055], [27.586289115475523, 38.76425588982055], [27.586289115475523, 38.763716900650074], [27.585211137134593, 38.763716900650074], [27.585211137134593, 38.7631779114796], [27.584133158793634, 38.7631779114796], [27.584133158793634, 38.76263892230913], [27.583594169623154, 38.76263892230913], [27.583594169623154, 38.762099933138664], [27.584672147964113, 38.762099933138664], [27.584672147964113, 38.76156094396819]]]}, "id": "+385141+83931", "properties": {"area_ha": 7.842256689216507, "count": 28, "label": 1, "mean_dnbr": 0.2557352902986952}}, {"type": "Feature", "geometry": {"geodesic": false, "type": "Polygon", "coordinates": [[[27.586289115475523, 38.164899932256006], [27.589523050498343, 38.164899932256006], [27.589523050498343, 38.16597791059694], [27.586289115475523, 38.16597791059694], [27.586289115475523, 38.164899932256006]]]}, "id": "+385145+85038", "properties": {"area_ha": 3.3889232774578746, "count": 12, "label": 1, "mean_dnbr": 0.47083806932972033}}, {"type": "Feature", "geometry": {"geodesic": false, "type": "Polygon", "coordinates": [[[27.589523050498343, 38.11800787442496], [27.590062039668823, 38.11800787442496], [27.590062039668823, 38.12016383110685], [27.587906082986933, 38.12016383110685], [27.587906082986933, 38.12070282027732], [27.586828104646003, 38.12070282027732], [27.586828104646003, 38.11800787442496], [27.587367093816454, 38.11800787442496], [27.587367093816454, 38.118546863595434], [27.587906082986933, 38.118546863595434], [27.587906082986933, 38.11800787442496], [27.588445072157413, 38.11800787442496], [27.588445072157413, 38.118546863595434], [27.589523050498343, 38.118546863595434], [27.589523050498343, 38.11800787442496]]]}, "id": "+385146+85125", "properties": {"area_ha": 6.499550860841646, "count": 23, "label": 1, "mean_dnbr": 0.34313863567076003}}, {"type": "Feature", "geometry": {"geodesic": false, "type": "Polygon", "coordinates": [[[27.590601028839302, 38.18160859654063], [27.59275698552119, 38.18160859654063], [27.59275698552119, 38.1821475857111], [27.593295974691642, 38.1821475857111], [27.593295974691642, 38.183225564052044], [27.595451931373532, 38.183225564052044], [27.595451931373532, 38.18376455322251], [27.59652990971449, 38.18376455322251], [27.59652990971449, 38.18645949907487], [27.59599092054401, 38.18645949907487], [27.59599092054401, 38.18538152073393], [27.5943739530326, 38.18538152073393], [27.5943739530326, 38.18430354239298], [27.591679007180232, 38.18430354239298], [27.591679007180232, 38.18376455322251], [27.59114001800978, 38.18376455322251], [27.59114001800978, 38.184842531563454], [27.590062039668823, 38.184842531563454], [27.590062039668823, 38.18430354239298], [27.588984061327892, 38.18430354239298], [27.588984061327892, 38.18376455322251], [27.589523050498343, 38.18376455322251], [27.589523050498343, 38.1821475857111], [27.590601028839302, 38.1821475857111], [27.590601028839302, 38.18160859654063]]]}, "id": "+385151+85007", "properties": {"area_ha": 15.246352222479027, "count": 54, "label": 1, "mean_dnbr": 0.5292223089028844}}, {"type": "Feature", "geometry": {"geodesic": false, "type": "Polygon", "coordinates": [[[27.593295974691642, 38.472662748595354], [27.593834963862122, 38.472662748595354], [27.593834963862122, 38.474279716106764], [27.593295974691642, 38.474279716106764], [27.593295974691642, 38.47481870527724], [27.590062039668823, 38.47481870527724], [27.590062039668823, 38.474279716106764], [27.590601028839302, 38.474279716106764], [27.590601028839302, 38.47374072693629], [27.59114001800978, 38.47374072693629], [27.59114001800978, 38.47320173776582], [27.593295974691642, 38.47320173776582], [27.593295974691642, 38.472662748595354]]]}, "id": "+385153+84467", "properties": {"area_ha": 5.061812659498203, "count": 18, "label": 1, "mean_dnbr": 0.41122261646038044}}, {"type": "Feature", "geometry": {"geodesic": false, "type": "Polygon", "coordinates": [[[27.593295974691642, 38.158432062210345], [27.59491294220308, 38.158432062210345], [27.59491294220308, 38.16058801889223], [27.593295974691642, 38.16058801889223], [27.593295974691642, 38.158432062210345]]]}, "id": "+385155+85050", "properties": {"area_ha": 3.3891988754598206, "count": 12, "label": 1, "mean_dnbr": 0.26613982659837154}}, {"type": "Feature", "geometry": {"geodesic": false, "type": "Polygon", "coordinates": [[[27.593834963862122, 38.11046202603836], [27.59599092054401, 38.11046202603836], [27.59599092054401, 38.111001015208835], [27.59706889888497, 38.111001015208835], [27.59706889888497, 38.1115400043793], [27.59652990971449, 38.1115400043793], [27.59652990971449, 38.112617982720245], [27.59491294220308, 38.112617982720245], [27.59491294220308, 38.11207899354977], [27.593834963862122, 38.11207899354977], [27.593834963862122, 38.11046202603836]]]}, "id": "+385157+85139", "properties": {"area_ha": 5.087141365770418, "count": 18, "label": 1, "mean_dnbr": 0.18140146029650966}}, {"type": "Feature", "geometry": {"geodesic": false, "type": "Polygon", "coordinates": [[[27.59652990971449, 38.55405011333658], [27.5981468772259, 38.55405011333658], [27.5981468772259, 38.55674505918894], [27.59652990971449, 38.55674505918894], [27.59652990971449, 38.555667080847996], [27.59599092054401, 38.555667080847996], [27.59599092054401, 38.55458910250705], [27.59652990971449, 38.55458910250705], [27.59652990971449, 38.55405011333658]]]}, "id": "+385161+84316", "properties": {"area_ha": 4.775184384279474, "count": 17, "label": 1, "mean_dnbr": 0.1818177790404417}}, {"type": "Feature", "geometry": {"geodesic": false, "type": "Polygon", "coordinates": [[[27.60030283390779, 38.14657430045997], [27.60138081224872, 38.14657430045997], [27.60138081224872, 38.14819126797138], [27.60084182307827, 38.14819126797138], [27.60084182307827, 38.14873025714185], [27.59922485556683, 38.14873025714185], [27.59922485556683, 38.14711328963044], [27.60030283390779, 38.14711328963044], [27.60030283390779, 38.14657430045997]]]}, "id": "+385167+85072", "properties": {"area_ha": 3.672227286126858, "count": 13, "label": 1, "mean_dnbr": 0.47883161783074535}}, {"type": "Feature", "geometry": {"geodesic": false, "type": "Polygon", "coordinates": [[[27.59868586639638, 38.16597791059694], [27.6019198014192, 38.16597791059694], [27.6019198014192, 38.166516899767416], [27.60299777976016, 38.166516899767416], [27.60299777976016, 38.16705588893789], [27.6019198014192, 38.16705588893789], [27.6019198014192, 38.166516899767416], [27.60138081224872, 38.166516899767416], [27.60138081224872, 38.16813386727883], [27.60084182307827, 38.16813386727883], [27.60084182307827, 38.16759487810836], [27.59868586639638, 38.16759487810836], [27.59868586639638, 38.16597791059694]]]}, "id": "+385168+85036", "properties": {"area_ha": 5.365677785904258, "count": 19, "label": 1, "mean_dnbr": 0.4547105146572284}}, {"type": "Feature", "geometry": {"geodesic": false, "type": "Polygon", "coordinates": [[[27.60138081224872, 38.149808235482794], [27.6019198014192, 38.149808235482794], [27.6019198014192, 38.15088621382374], [27.60030283390779, 38.15088621382374], [27.60030283390779, 38.15142520299421], [27.59706889888497, 38.15142520299421], [27.59706889888497, 38.15034722465327], [27.60138081224872, 38.15034722465327], [27.60138081224872, 38.149808235482794]]]}, "id": "+385168+85066", "properties": {"area_ha": 4.519443459249785, "count": 16, "label": 1, "mean_dnbr": 0.4037576195606419}}, {"type": "Feature", "geometry": {"geodesic": false, "type": "Polygon", "coordinates": [[[27.59976384473731, 38.12339776612968], [27.6019198014192, 38.12339776612968], [27.6019198014192, 38.12447574447062], [27.60138081224872, 38.12447574447062], [27.60138081224872, 38.125014733641095], [27.59976384473731, 38.125014733641095], [27.59976384473731, 38.12555372281157], [27.59922485556683, 38.12555372281157], [27.59922485556683, 38.12447574447062], [27.59976384473731, 38.12447574447062], [27.59976384473731, 38.12339776612968]]]}, "id": "+385168+85115", "properties": {"area_ha": 3.6734010714950096, "count": 13, "label": 1, "mean_dnbr": 0.3384701015908671}}, {"type": "Feature", "geometry": {"geodesic": false, "type": "Polygon", "coordinates": [[[27.60030283390779, 38.13579451705053], [27.60245879058968, 38.13579451705053], [27.60245879058968, 38.136333506221], [27.60299777976016, 38.136333506221], [27.60299777976016, 38.137411484561945], [27.60353676893061, 38.137411484561945], [27.60353676893061, 38.13795047373242], [27.60299777976016, 38.13795047373242], [27.60299777976016, 38.13848946290289], [27.60245879058968, 38.13848946290289], [27.60245879058968, 38.13795047373242], [27.60084182307827, 38.13795047373242], [27.60084182307827, 38.137411484561945], [27.60030283390779, 38.137411484561945], [27.60030283390779, 38.13579451705053]]]}, "id": "+385169+85092", "properties": {"area_ha": 5.650405821768794, "count": 20, "label": 1, "mean_dnbr": 0.3779872997353642}}, {"type": "Feature", "geometry": {"geodesic": false, "type": "Polygon", "coordinates": [[[27.60245879058968, 38.075427729957696], [27.60353676893061, 38.075427729957696], [27.60353676893061, 38.07596671912817], [27.60461474727157, 38.07596671912817], [27.60461474727157, 38.07704469746911], [27.60515373644202, 38.07704469746911], [27.60515373644202, 38.07596671912817], [27.6056927256125, 38.07596671912817], [27.6056927256125, 38.07650570829864], [27.60623171478298, 38.07650570829864], [27.60623171478298, 38.07704469746911], [27.60730969312391, 38.07704469746911], [27.60730969312391, 38.077583686639585], [27.60784868229439, 38.077583686639585], [27.60784868229439, 38.07866166498053], [27.608387671464868, 38.07866166498053], [27.608387671464868, 38.079739643321474], [27.610004638976278, 38.079739643321474], [27.610004638976278, 38.08027863249195], [27.610543628146758, 38.08027863249195], [27.610543628146758, 38.08081762166242], [27.611621606487688, 38.08081762166242], [27.611621606487688, 38.0829735783443], [27.612699584828647, 38.0829735783443], [27.612699584828647, 38.083512567514774], [27.613238573999098, 38.083512567514774], [27.613238573999098, 38.08459054585572], [27.612699584828647, 38.08459054585572], [27.612699584828647, 38.08512953502619], [27.611621606487688, 38.08512953502619], [27.611621606487688, 38.08566852419666], [27.612160595658167, 38.08566852419666], [27.612160595658167, 38.086207513367135], [27.611621606487688, 38.086207513367135], [27.611621606487688, 38.08728549170807], [27.61108261731721, 38.08728549170807], [27.61108261731721, 38.087824480878545], [27.611621606487688, 38.087824480878545], [27.611621606487688, 38.08836347004902], [27.61108261731721, 38.08836347004902], [27.61108261731721, 38.08890245921949], [27.611621606487688, 38.08890245921949], [27.611621606487688, 38.089980437560435], [27.61108261731721, 38.089980437560435], [27.61108261731721, 38.09051942673091], [27.612160595658167, 38.09051942673091], [27.612160595658167, 38.09105841590138], [27.612699584828647, 38.09105841590138], [27.612699584828647, 38.0926753834128], [27.61108261731721, 38.0926753834128], [27.61108261731721, 38.093753361753734], [27.611621606487688, 38.093753361753734], [27.611621606487688, 38.09483134009468], [27.61108261731721, 38.09483134009468], [27.61108261731721, 38.096448307606096], [27.610004638976278, 38.096448307606096], [27.610004638976278, 38.09698729677657], [27.6094656498058, 38.09698729677657], [27.6094656498058, 38.098604264287985], [27.608926660635348, 38.098604264287985], [27.608926660635348, 38.09968224262892], [27.60784868229439, 38.09968224262892], [27.60784868229439, 38.100221231799395], [27.60730969312391, 38.100221231799395], [27.60730969312391, 38.10076022096987], [27.60515373644202, 38.10076022096987], [27.60515373644202, 38.10129921014034], [27.60623171478298, 38.10129921014034], [27.60623171478298, 38.10183819931081], [27.6056927256125, 38.10183819931081], [27.6056927256125, 38.102377188481285], [27.60515373644202, 38.102377188481285], [27.60515373644202, 38.10291617765176], [27.60407575810109, 38.10291617765176], [27.60407575810109, 38.10345516682223], [27.60299777976016, 38.10345516682223], [27.60299777976016, 38.1039941559927], [27.60138081224872, 38.1039941559927], [27.60138081224872, 38.10345516682223], [27.60084182307827, 38.10345516682223], [27.60084182307827, 38.10291617765176], [27.60030283390779, 38.10291617765176], [27.60030283390779, 38.10129921014034], [27.60084182307827, 38.10129921014034], [27.60084182307827, 38.100221231799395], [27.60030283390779, 38.100221231799395], [27.60030283390779, 38.09968224262892], [27.60084182307827, 38.09968224262892], [27.60084182307827, 38.09752628594704], [27.60030283390779, 38.09752628594704], [27.60030283390779, 38.096448307606096], [27.59976384473731, 38.096448307606096], [27.59976384473731, 38.09590931843562], [27.60030283390779, 38.09590931843562], [27.60030283390779, 38.09537032926515], [27.60084182307827, 38.09537032926515], [27.60084182307827, 38.09590931843562], [27.60138081224872, 38.09590931843562], [27.60138081224872, 38.096448307606096], [27.60245879058968, 38.096448307606096], [27.60245879058968, 38.09537032926515], [27.6019198014192, 38.09537032926515], [27.6019198014192, 38.094292350924206], [27.60299777976016, 38.094292350924206], [27.60299777976016, 38.093753361753734], [27.60407575810109, 38.093753361753734], [27.60407575810109, 38.09321437258326], [27.60461474727157, 38.09321437258326], [27.60461474727157, 38.0926753834128], [27.60623171478298, 38.0926753834128], [27.60623171478298, 38.09159740507185], [27.60515373644202, 38.09159740507185], [27.60515373644202, 38.092136394242324], [27.60407575810109, 38.092136394242324], [27.60407575810109, 38.09051942673091], [27.606770703953458, 38.09051942673091], [27.606770703953458, 38.089980437560435], [27.60730969312391, 38.089980437560435], [27.60730969312391, 38.08944144838996], [27.608387671464868, 38.08944144838996], [27.608387671464868, 38.087824480878545], [27.60784868229439, 38.087824480878545], [27.60784868229439, 38.08728549170807], [27.60730969312391, 38.08728549170807], [27.60730969312391, 38.08674650253761], [27.606770703953458, 38.08674650253761], [27.606770703953458, 38.086207513367135], [27.60623171478298, 38.086207513367135], [27.60623171478298, 38.08566852419666], [27.6056927256125, 38.08566852419666], [27.6056927256125, 38.083512567514774], [27.60515373644202, 38.083512567514774], [27.60515373644202, 38.0829735783443], [27.60461474727157, 38.0829735783443], [27.60461474727157, 38.08243458917383], [27.60515373644202, 38.08243458917383], [27.60515373644202, 38.081356610832884], [27.60461474727157, 38.081356610832884], [27.60461474727157, 38.08081762166242], [27.60407575810109, 38.08081762166242], [27.60407575810109, 38.08027863249195], [27.60353676893061, 38.08027863249195], [27.60353676893061, 38.079739643321474], [27.60245879058968, 38.079739643321474], [27.60245879058968, 38.079200654151], [27.60299777976016, 38.079200654151], [27.60299777976016, 38.07866166498053], [27.60353676893061, 38.07866166498053], [27.60353676893061, 38.07812267581006], [27.60407575810109, 38.07812267581006], [27.60407575810109, 38.07650570829864], [27.60299777976016, 38.07650570829864], [27.60299777976016, 38.07596671912817], [27.60245879058968, 38.07596671912817], [27.60245879058968, 38.075427729957696]], [[27.60623171478298, 38.094292350924206], [27.60623171478298, 38.09483134009468], [27.60353676893061, 38.09483134009468], [27.60353676893061, 38.094292350924206], [27.60623171478298, 38.094292350924206]], [[27.6094656498058, 38.09105841590138], [27.6094656498058, 38.0926753834128], [27.608926660635348, 38.0926753834128], [27.608926660635348, 38.09321437258326], [27.608387671464868, 38.09321437258326], [27.608387671464868, 38.092136394242324], [27.60784868229439, 38.092136394242324], [27.60784868229439, 38.09159740507185], [27.608387671464868, 38.09159740507185], [27.608387671464868, 38.09105841590138], [27.6094656498058, 38.09105841590138]], [[27.608926660635348, 38.08944144838996], [27.608926660635348, 38.089980437560435], [27.608387671464868, 38.089980437560435], [27.608387671464868, 38.08944144838996], [27.608926660635348, 38.08944144838996]], [[27.606770703953458, 38.08459054585572], [27.606770703953458, 38.08512953502619], [27.60623171478298, 38.08512953502619], [27.60623171478298, 38.08459054585572], [27.606770703953458, 38.08459054585572]]]}, "id": "+385171+85204", "properties": {"area_ha": 164.5310321533475, "count": 582, "label": 1, "mean_dnbr": 0.5073336273686766}}, {"type": "Feature", "geometry": {"geodesic": false, "type": "Polygon", "coordinates": [[[27.60461474727157, 38.528178633153935], [27.60515373644202, 38.528178633153935], [27.60515373644202, 38.52871762232441], [27.60623171478298, 38.52871762232441], [27.60623171478298, 38.52925661149488], [27.606770703953458, 38.52925661149488], [27.606770703953458, 38.52979560066535], [27.60623171478298, 38.52979560066535], [27.60623171478298, 38.530334589835824], [27.6056927256125, 38.530334589835824], [27.6056927256125, 38.5308735790063], [27.60515373644202, 38.5308735790063], [27.60515373644202, 38.52979560066535], [27.60461474727157, 38.52979560066535], [27.60461474727157, 38.528178633153935]]]}, "id": "+385174+84364", "properties": {"area_ha": 3.0909369588501785, "count": 11, "label": 1, "mean_dnbr": 0.15249958598464183}}, {"type": "Feature", "geometry": {"geodesic": false, "type": "Polygon", "coordinates": [[[27.60461474727157, 38.15088621382374], [27.60623171478298, 38.15088621382374], [27.60623171478298, 38.152503181335156], [27.60784868229439, 38.152503181335156], [27.60784868229439, 38.15304217050563], [27.606770703953458, 38.15304217050563], [27.606770703953458, 38.15465913801704], [27.6056927256125, 38.15465913801704], [27.6056927256125, 38.15519812718751], [27.60407575810109, 38.15519812718751], [27.60407575810109, 38.15573711635798], [27.60461474727157, 38.15573711635798], [27.60461474727157, 38.156276105528455], [27.60353676893061, 38.156276105528455], [27.60353676893061, 38.15573711635798], [27.60299777976016, 38.15573711635798], [27.60299777976016, 38.15304217050563], [27.60461474727157, 38.15304217050563], [27.60461474727157, 38.15088621382374]]]}, "id": "+385176+85064", "properties": {"area_ha": 12.710529040920754, "count": 45, "label": 1, "mean_dnbr": 0.41577882609823114}}, {"type": "Feature", "geometry": {"geodesic": false, "type": "Polygon", "coordinates": [[[27.60623171478298, 38.52602267647205], [27.60784868229439, 38.52602267647205], [27.60784868229439, 38.527100654813], [27.608926660635348, 38.527100654813], [27.608926660635348, 38.528178633153935], [27.60623171478298, 38.528178633153935], [27.60623171478298, 38.52602267647205]]]}, "id": "+385179+84368", "properties": {"area_ha": 4.496058965379191, "count": 16, "label": 1, "mean_dnbr": 0.14358410101746774}}, {"type": "Feature", "geometry": {"geodesic": false, "type": "Polygon", "coordinates": [[[27.610004638976278, 38.146035311289495], [27.610543628146758, 38.146035311289495], [27.610543628146758, 38.14657430045997], [27.612160595658167, 38.14657430045997], [27.612160595658167, 38.14819126797138], [27.6094656498058, 38.14819126797138], [27.6094656498058, 38.14711328963044], [27.610004638976278, 38.14711328963044], [27.610004638976278, 38.146035311289495]]]}, "id": "+385184+85073", "properties": {"area_ha": 4.237215520758835, "count": 15, "label": 1, "mean_dnbr": 0.3390618292294922}}, {"type": "Feature", "geometry": {"geodesic": false, "type": "Polygon", "coordinates": [[[27.613238573999098, 38.16597791059694], [27.614316552340057, 38.16597791059694], [27.614316552340057, 38.16813386727883], [27.615933519851467, 38.16813386727883], [27.615933519851467, 38.16921184561978], [27.614316552340057, 38.16921184561978], [27.614316552340057, 38.16813386727883], [27.613238573999098, 38.16813386727883], [27.613238573999098, 38.16597791059694]]]}, "id": "+385191+85036", "properties": {"area_ha": 3.953618540151729, "count": 14, "label": 1, "mean_dnbr": 0.31378932706016766}}, {"type": "Feature", "geometry": {"geodesic": false, "type": "Polygon", "coordinates": [[[27.611621606487688, 38.17028982396072], [27.614855541510536, 38.17028982396072], [27.614855541510536, 38.17136780230167], [27.613238573999098, 38.17136780230167], [27.613238573999098, 38.172445780642605], [27.612160595658167, 38.172445780642605], [27.612160595658167, 38.17136780230167], [27.611621606487688, 38.17136780230167], [27.611621606487688, 38.17028982396072]]]}, "id": "+385192+85028", "properties": {"area_ha": 4.518194203596091, "count": 16, "label": 1, "mean_dnbr": 0.20065360177589925}}, {"type": "Feature", "geometry": {"geodesic": false, "type": "Polygon", "coordinates": [[[27.614316552340057, 38.14926924631232], [27.615394530680987, 38.14926924631232], [27.615394530680987, 38.15142520299421], [27.617011498192397, 38.15142520299421], [27.617011498192397, 38.15088621382374], [27.618628465703836, 38.15088621382374], [27.618628465703836, 38.153581159676094], [27.617550487362877, 38.153581159676094], [27.617550487362877, 38.15465913801704], [27.618089476533356, 38.15465913801704], [27.618089476533356, 38.15519812718751], [27.617550487362877, 38.15519812718751], [27.617550487362877, 38.15573711635798], [27.618628465703836, 38.15573711635798], [27.618628465703836, 38.15681509469893], [27.615933519851467, 38.15681509469893], [27.615933519851467, 38.15789307303987], [27.615394530680987, 38.15789307303987], [27.615394530680987, 38.158432062210345], [27.614855541510536, 38.158432062210345], [27.614855541510536, 38.15897105138082], [27.614316552340057, 38.15897105138082], [27.614316552340057, 38.158432062210345], [27.613777563169577, 38.158432062210345], [27.613777563169577, 38.15681509469893], [27.614316552340057, 38.15681509469893], [27.614316552340057, 38.15789307303987], [27.614855541510536, 38.15789307303987], [27.614855541510536, 38.1573540838694], [27.615394530680987, 38.1573540838694], [27.615394530680987, 38.156276105528455], [27.615933519851467, 38.156276105528455], [27.615933519851467, 38.15573711635798], [27.615394530680987, 38.15573711635798], [27.615394530680987, 38.15519812718751], [27.614855541510536, 38.15519812718751], [27.614855541510536, 38.15465913801704], [27.615394530680987, 38.15465913801704], [27.615394530680987, 38.154120148846566], [27.613777563169577, 38.154120148846566], [27.613777563169577, 38.15465913801704], [27.612699584828647, 38.15465913801704], [27.612699584828647, 38.15519812718751], [27.612160595658167, 38.15519812718751], [27.612160595658167, 38.15573711635798], [27.611621606487688, 38.15573711635798], [27.611621606487688, 38.15681509469893], [27.610543628146758, 38.15681509469893], [27.610543628146758, 38.1573540838694], [27.610004638976278, 38.1573540838694], [27.610004638976278, 38.15573711635798], [27.611621606487688, 38.15573711635798], [27.611621606487688, 38.151964192164684], [27.613238573999098, 38.151964192164684], [27.613238573999098, 38.15034722465327], [27.613777563169577, 38.15034722465327], [27.613777563169577, 38.149808235482794], [27.614316552340057, 38.149808235482794], [27.614316552340057, 38.14926924631232]], [[27.614855541510536, 38.15142520299421], [27.614855541510536, 38.152503181335156], [27.615933519851467, 38.152503181335156], [27.615933519851467, 38.15304217050563], [27.617550487362877, 38.15304217050563], [27.617550487362877, 38.153581159676094], [27.614316552340057, 38.153581159676094], [27.614316552340057, 38.152503181335156], [27.613777563169577, 38.152503181335156], [27.613777563169577, 38.15142520299421], [27.614855541510536, 38.15142520299421]]]}, "id": "+385193+85067", "properties": {"area_ha": 31.35251009746449, "count": 111, "label": 1, "mean_dnbr": 0.44961828467897347}}, {"type": "Feature", "geometry": {"geodesic": false, "type": "Polygon", "coordinates": [[[27.618628465703836, 38.11800787442496], [27.619706444044766, 38.11800787442496], [27.619706444044766, 38.119085852765906], [27.619167454874287, 38.119085852765906], [27.619167454874287, 38.11962484193638], [27.620245433215246, 38.11962484193638], [27.620245433215246, 38.12070282027732], [27.618089476533356, 38.12070282027732], [27.618089476533356, 38.121241809447795], [27.617011498192397, 38.121241809447795], [27.617011498192397, 38.12070282027732], [27.618089476533356, 38.12070282027732], [27.618089476533356, 38.12016383110685], [27.618628465703836, 38.12016383110685], [27.618628465703836, 38.119085852765906], [27.618089476533356, 38.119085852765906], [27.618089476533356, 38.118546863595434], [27.618628465703836, 38.118546863595434], [27.618628465703836, 38.11800787442496]]]}, "id": "+385201+85125", "properties": {"area_ha": 4.238814892485101, "count": 15, "label": 1, "mean_dnbr": 0.2568175943932574}}, {"type": "Feature", "geometry": {"geodesic": false, "type": "Polygon", "coordinates": [[[27.620245433215246, 38.18645949907487], [27.621323411556176, 38.18645949907487], [27.621323411556176, 38.1896934340977], [27.620245433215246, 38.1896934340977], [27.620245433215246, 38.18915444492723], [27.619706444044766, 38.18915444492723], [27.619706444044766, 38.18861545575676], [27.620245433215246, 38.18861545575676], [27.620245433215246, 38.18807646658629], [27.620784422385725, 38.18807646658629], [27.620784422385725, 38.187537477415816], [27.620245433215246, 38.187537477415816], [27.620245433215246, 38.18645949907487]]]}, "id": "+385204+84998", "properties": {"area_ha": 3.387866482109637, "count": 12, "label": 1, "mean_dnbr": 0.1698655063804434}}, {"type": "Feature", "geometry": {"geodesic": false, "type": "Polygon", "coordinates": [[[27.621323411556176, 38.166516899767416], [27.622940379067586, 38.166516899767416], [27.622940379067586, 38.16705588893789], [27.622401389897135, 38.16705588893789], [27.622401389897135, 38.16759487810836], [27.622940379067586, 38.16759487810836], [27.622940379067586, 38.16813386727883], [27.623479368238065, 38.16813386727883], [27.623479368238065, 38.168672856449305], [27.624557346579024, 38.168672856449305], [27.624557346579024, 38.16921184561978], [27.622401389897135, 38.16921184561978], [27.622401389897135, 38.16975083479025], [27.621323411556176, 38.16975083479025], [27.621323411556176, 38.17028982396072], [27.620784422385725, 38.17028982396072], [27.620784422385725, 38.16975083479025], [27.620245433215246, 38.16975083479025], [27.620245433215246, 38.16921184561978], [27.620784422385725, 38.16921184561978], [27.620784422385725, 38.16975083479025], [27.621323411556176, 38.16975083479025], [27.621323411556176, 38.168672856449305], [27.621862400726656, 38.168672856449305], [27.621862400726656, 38.16813386727883], [27.622401389897135, 38.16813386727883], [27.622401389897135, 38.16759487810836], [27.621323411556176, 38.16759487810836], [27.621323411556176, 38.166516899767416]]]}, "id": "+385207+85035", "properties": {"area_ha": 5.3655794148036104, "count": 19, "label": 1, "mean_dnbr": 0.3502871251304002}}, {"type": "Feature", "geometry": {"geodesic": false, "type": "Polygon", "coordinates": [[[27.623479368238065, 38.16328296474459], [27.624557346579024, 38.16328296474459], [27.624557346579024, 38.16436094308553], [27.625096335749475, 38.16436094308553], [27.625096335749475, 38.16543892142648], [27.622401389897135, 38.16543892142648], [27.622401389897135, 38.164899932256006], [27.622940379067586, 38.164899932256006], [27.622940379067586, 38.16436094308553], [27.623479368238065, 38.16436094308553], [27.623479368238065, 38.16328296474459]]]}, "id": "+385210+85041", "properties": {"area_ha": 3.671388616016422, "count": 13, "label": 1, "mean_dnbr": 0.2572389084027911}}, {"type": "Feature", "geometry": {"geodesic": false, "type": "Polygon", "coordinates": [[[27.625096335749475, 38.14819126797138], [27.626713303260914, 38.14819126797138], [27.626713303260914, 38.15034722465327], [27.626174314090434, 38.15034722465327], [27.626174314090434, 38.15088621382374], [27.625635324919955, 38.15088621382374], [27.625635324919955, 38.149808235482794], [27.625096335749475, 38.149808235482794], [27.625096335749475, 38.14819126797138]]]}, "id": "+385214+85069", "properties": {"area_ha": 3.389670153927325, "count": 12, "label": 1, "mean_dnbr": 0.3086012956084552}}, {"type": "Feature", "geometry": {"geodesic": false, "type": "Polygon", "coordinates": [[[27.626174314090434, 37.85983206176901], [27.627252292431365, 37.85983206176901], [27.627252292431365, 37.86091004010996], [27.629947238283734, 37.86091004010996], [27.629947238283734, 37.86144902928043], [27.630486227454213, 37.86144902928043], [27.630486227454213, 37.8619880184509], [27.631564205795144, 37.8619880184509], [27.631564205795144, 37.862527007621374], [27.627791281601844, 37.862527007621374], [27.627791281601844, 37.86144902928043], [27.627252292431365, 37.86144902928043], [27.627252292431365, 37.86091004010996], [27.626174314090434, 37.86091004010996], [27.626174314090434, 37.85983206176901]]]}, "id": "+385215+85604", "properties": {"area_ha": 5.955279866315159, "count": 21, "label": 1, "mean_dnbr": 0.33574820673885375}}, {"type": "Feature", "geometry": {"geodesic": false, "type": "Polygon", "coordinates": [[[27.627791281601844, 38.166516899767416], [27.628330270772324, 38.166516899767416], [27.628330270772324, 38.16705588893789], [27.628869259942775, 38.16705588893789], [27.628869259942775, 38.168672856449305], [27.626174314090434, 38.168672856449305], [27.626174314090434, 38.16759487810836], [27.625635324919955, 38.16759487810836], [27.625635324919955, 38.166516899767416], [27.626713303260914, 38.166516899767416], [27.626713303260914, 38.16705588893789], [27.627252292431365, 38.16705588893789], [27.627252292431365, 38.16759487810836], [27.627791281601844, 38.16759487810836], [27.627791281601844, 38.166516899767416]]]}, "id": "+385217+85035", "properties": {"area_ha": 5.083240573825294, "count": 18, "label": 1, "mean_dnbr": 0.34519607276252695}}, {"type": "Feature", "geometry": {"geodesic": false, "type": "Polygon", "coordinates": [[[27.625635324919955, 38.15681509469893], [27.628330270772324, 38.15681509469893], [27.628330270772324, 38.1573540838694], [27.627252292431365, 38.1573540838694], [27.627252292431365, 38.15789307303987], [27.625635324919955, 38.15789307303987], [27.625635324919955, 38.15897105138082], [27.624557346579024, 38.15897105138082], [27.624557346579024, 38.1573540838694], [27.625635324919955, 38.1573540838694], [27.625635324919955, 38.15681509469893]]]}, "id": "+385217+85053", "properties": {"area_ha": 3.9541558826751695, "count": 14, "label": 1, "mean_dnbr": 0.48075726444964967}}, {"type": "Feature", "geometry": {"geodesic": false, "type": "Polygon", "coordinates": [[[27.628869259942775, 38.47158477025441], [27.629408249113254, 38.47158477025441], [27.629408249113254, 38.47212375942488], [27.631025216624664, 38.47212375942488], [27.631025216624664, 38.47320173776582], [27.630486227454213, 38.47320173776582], [27.630486227454213, 38.47481870527724], [27.631025216624664, 38.47481870527724], [27.631025216624664, 38.476974661959126], [27.630486227454213, 38.476974661959126], [27.630486227454213, 38.47805264030007], [27.631025216624664, 38.47805264030007], [27.631025216624664, 38.47859162947054], [27.630486227454213, 38.47859162947054], [27.630486227454213, 38.47805264030007], [27.629408249113254, 38.47805264030007], [27.629408249113254, 38.47913061864101], [27.628869259942775, 38.47913061864101], [27.628869259942775, 38.48020859698195], [27.628330270772324, 38.48020859698195], [27.628330270772324, 38.48182556449337], [27.627791281601844, 38.48182556449337], [27.627791281601844, 38.482903542834315], [27.627252292431365, 38.482903542834315], [27.627252292431365, 38.48182556449337], [27.626713303260914, 38.48182556449337], [27.626713303260914, 38.48236455366384], [27.625635324919955, 38.48236455366384], [27.625635324919955, 38.48182556449337], [27.626174314090434, 38.48182556449337], [27.626174314090434, 38.480747586152425], [27.626713303260914, 38.480747586152425], [27.626713303260914, 38.48020859698195], [27.625635324919955, 38.48020859698195], [27.625635324919955, 38.47966960781148], [27.625096335749475, 38.47966960781148], [27.625096335749475, 38.47859162947054], [27.624557346579024, 38.47859162947054], [27.624557346579024, 38.47589668361818], [27.626713303260914, 38.47589668361818], [27.626713303260914, 38.476435672788654], [27.626174314090434, 38.476435672788654], [27.626174314090434, 38.476974661959126], [27.625635324919955, 38.476974661959126], [27.625635324919955, 38.47805264030007], [27.626174314090434, 38.47805264030007], [27.626174314090434, 38.4775136511296], [27.626713303260914, 38.4775136511296], [27.626713303260914, 38.476974661959126], [27.627252292431365, 38.476974661959126], [27.627252292431365, 38.4775136511296], [27.627791281601844, 38.4775136511296], [27.627791281601844, 38.476435672788654], [27.628330270772324, 38.476435672788654], [27.628330270772324, 38.474279716106764], [27.628869259942775, 38.474279716106764], [27.628869259942775, 38.47374072693629], [27.628330270772324, 38.47374072693629], [27.628330270772324, 38.472662748595354], [27.628869259942775, 38.472662748595354], [27.628869259942775, 38.47158477025441]], [[27.627791281601844, 38.480747586152425], [27.627791281601844, 38.4812865753229], [27.626713303260914, 38.4812865753229], [27.626713303260914, 38.480747586152425], [27.627791281601844, 38.480747586152425]], [[27.628330270772324, 38.47913061864101], [27.628330270772324, 38.48020859698195], [27.627791281601844, 38.48020859698195], [27.627791281601844, 38.47913061864101], [27.628330270772324, 38.47913061864101]]]}, "id": "+385219+84469", "properties": {"area_ha": 30.650616476754717, "count": 109, "label": 1, "mean_dnbr": 0.23782628896244098}}, {"type": "Feature", "geometry": {"geodesic": false, "type": "Polygon", "coordinates": [[[27.629408249113254, 38.15142520299421], [27.631025216624664, 38.15142520299421], [27.631025216624664, 38.151964192164684], [27.631564205795144, 38.151964192164684], [27.631564205795144, 38.153581159676094], [27.630486227454213, 38.153581159676094], [27.630486227454213, 38.15519812718751], [27.631025216624664, 38.15519812718751], [27.631025216624664, 38.15465913801704], [27.632103194965623, 38.15465913801704], [27.632103194965623, 38.15519812718751], [27.631564205795144, 38.15519812718751], [27.631564205795144, 38.15573711635798], [27.630486227454213, 38.15573711635798], [27.630486227454213, 38.1573540838694], [27.629947238283734, 38.1573540838694], [27.629947238283734, 38.15681509469893], [27.629408249113254, 38.15681509469893], [27.629408249113254, 38.15519812718751], [27.629947238283734, 38.15519812718751], [27.629947238283734, 38.152503181335156], [27.629408249113254, 38.152503181335156], [27.629408249113254, 38.15142520299421]]]}, "id": "+385222+85063", "properties": {"area_ha": 7.626266489128981, "count": 27, "label": 1, "mean_dnbr": 0.30631267049475125}}, {"type": "Feature", "geometry": {"geodesic": false, "type": "Polygon", "coordinates": [[[27.630486227454213, 38.118546863595434], [27.632103194965623, 38.118546863595434], [27.632103194965623, 38.11962484193638], [27.631564205795144, 38.11962484193638], [27.631564205795144, 38.121241809447795], [27.632103194965623, 38.121241809447795], [27.632103194965623, 38.12178079861827], [27.631564205795144, 38.12178079861827], [27.631564205795144, 38.121241809447795], [27.631025216624664, 38.121241809447795], [27.631025216624664, 38.12178079861827], [27.629947238283734, 38.12178079861827], [27.629947238283734, 38.12231978778874], [27.628869259942775, 38.12231978778874], [27.628869259942775, 38.12285877695921], [27.627252292431365, 38.12285877695921], [27.627252292431365, 38.12339776612968], [27.626713303260914, 38.12339776612968], [27.626713303260914, 38.12393675530015], [27.625635324919955, 38.12393675530015], [27.625635324919955, 38.12285877695921], [27.626174314090434, 38.12285877695921], [27.626174314090434, 38.12178079861827], [27.625635324919955, 38.12178079861827], [27.625635324919955, 38.12070282027732], [27.629408249113254, 38.12070282027732], [27.629408249113254, 38.11962484193638], [27.630486227454213, 38.11962484193638], [27.630486227454213, 38.118546863595434]]]}, "id": "+385224+85124", "properties": {"area_ha": 14.97677439851687, "count": 53, "label": 1, "mean_dnbr": 0.322740924600537}}, {"type": "Feature", "geometry": {"geodesic": false, "type": "Polygon", "coordinates": [[[27.633181173306554, 37.88031365024694], [27.633720162477033, 37.88031365024694], [27.633720162477033, 37.881391628587885], [27.634798140817963, 37.881391628587885], [27.634798140817963, 37.88193061775836], [27.633181173306554, 37.88193061775836], [27.633181173306554, 37.88246960692882], [27.631025216624664, 37.88246960692882], [27.631025216624664, 37.881391628587885], [27.630486227454213, 37.881391628587885], [27.630486227454213, 37.88085263941741], [27.629947238283734, 37.88085263941741], [27.629947238283734, 37.881391628587885], [27.628330270772324, 37.881391628587885], [27.628330270772324, 37.88031365024694], [27.631025216624664, 37.88031365024694], [27.631025216624664, 37.88085263941741], [27.631564205795144, 37.88085263941741], [27.631564205795144, 37.881391628587885], [27.633181173306554, 37.881391628587885], [27.633181173306554, 37.88031365024694]]]}, "id": "+385227+85566", "properties": {"area_ha": 6.520665679446085, "count": 23, "label": 1, "mean_dnbr": 0.24057010697080955}}, {"type": "Feature", "geometry": {"geodesic": false, "type": "Polygon", "coordinates": [[[27.637493086670332, 38.49583928292564], [27.638032075840812, 38.49583928292564], [27.638032075840812, 38.49637827209611], [27.6401880325227, 38.49637827209611], [27.6401880325227, 38.49691726126658], [27.63857106501129, 38.49691726126658], [27.63857106501129, 38.49745625043705], [27.638032075840812, 38.49745625043705], [27.638032075840812, 38.49853422877799], [27.636954097499853, 38.49853422877799], [27.636954097499853, 38.499073217948464], [27.636415108329402, 38.499073217948464], [27.636415108329402, 38.49853422877799], [27.636954097499853, 38.49853422877799], [27.636954097499853, 38.49691726126658], [27.636415108329402, 38.49691726126658], [27.636415108329402, 38.49637827209611], [27.637493086670332, 38.49637827209611], [27.637493086670332, 38.49583928292564]]]}, "id": "+385235+84424", "properties": {"area_ha": 4.4979222443896605, "count": 16, "label": 1, "mean_dnbr": 0.18459951779262018}}, {"type": "Feature", "geometry": {"geodesic": false, "type": "Polygon", "coordinates": [[[27.636954097499853, 38.15519812718751], [27.63857106501129, 38.15519812718751], [27.63857106501129, 38.156276105528455], [27.639110054181742, 38.156276105528455], [27.639110054181742, 38.15681509469893], [27.640727021693152, 38.15681509469893], [27.640727021693152, 38.1573540838694], [27.64126601086363, 38.1573540838694], [27.64126601086363, 38.15789307303987], [27.64288297837504, 38.15789307303987], [27.64288297837504, 38.1573540838694], [27.64342196754552, 38.1573540838694], [27.64342196754552, 38.15789307303987], [27.643960956716, 38.15789307303987], [27.643960956716, 38.1573540838694], [27.64449994588648, 38.1573540838694], [27.64449994588648, 38.15681509469893], [27.64557792422741, 38.15681509469893], [27.64557792422741, 38.15951004055128], [27.64503893505693, 38.15951004055128], [27.64503893505693, 38.1611270080627], [27.64449994588648, 38.1611270080627], [27.64449994588648, 38.162204986403644], [27.643960956716, 38.162204986403644], [27.643960956716, 38.16166599723317], [27.64342196754552, 38.16166599723317], [27.64342196754552, 38.1611270080627], [27.64288297837504, 38.1611270080627], [27.64288297837504, 38.16166599723317], [27.640727021693152, 38.16166599723317], [27.640727021693152, 38.1611270080627], [27.639110054181742, 38.1611270080627], [27.639110054181742, 38.16058801889223], [27.637493086670332, 38.16058801889223], [27.637493086670332, 38.160049029721755], [27.636954097499853, 38.160049029721755], [27.636954097499853, 38.158432062210345], [27.636415108329402, 38.158432062210345], [27.636415108329402, 38.15789307303987], [27.635876119158922, 38.15789307303987], [27.635876119158922, 38.15681509469893], [27.636415108329402, 38.15681509469893], [27.636415108329402, 38.156276105528455], [27.637493086670332, 38.156276105528455], [27.637493086670332, 38.15573711635798], [27.636954097499853, 38.15573711635798], [27.636954097499853, 38.15519812718751]], [[27.63964904335222, 38.160049029721755], [27.63964904335222, 38.16058801889223], [27.639110054181742, 38.16058801889223], [27.639110054181742, 38.160049029721755], [27.63964904335222, 38.160049029721755]], [[27.64126601086363, 38.15789307303987], [27.64126601086363, 38.158432062210345], [27.640727021693152, 38.158432062210345], [27.640727021693152, 38.15789307303987], [27.64126601086363, 38.15789307303987]]]}, "id": "+385236+85056", "properties": {"area_ha": 36.43421094602722, "count": 129, "label": 1, "mean_dnbr": 0.4131248865834069}}, {"type": "Feature", "geometry": {"geodesic": false, "type": "Polygon", "coordinates": [[[27.64288297837504, 38.154120148846566], [27.64557792422741, 38.154120148846566], [27.64557792422741, 38.15519812718751], [27.64288297837504, 38.15519812718751], [27.64288297837504, 38.15573711635798], [27.64234398920459, 38.15573711635798], [27.64234398920459, 38.15465913801704], [27.64288297837504, 38.15465913801704], [27.64288297837504, 38.154120148846566]]]}, "id": "+385249+85058", "properties": {"area_ha": 3.3894201627412794, "count": 12, "label": 1, "mean_dnbr": 0.2233032264640268}}, {"type": "Feature", "geometry": {"geodesic": false, "type": "Polygon", "coordinates": [[[27.64611691339789, 38.5384194273929], [27.64665590256834, 38.5384194273929], [27.64665590256834, 38.53949740573384], [27.6477338809093, 38.53949740573384], [27.6477338809093, 38.538958416563375], [27.64881185925023, 38.538958416563375], [27.64881185925023, 38.54165336241573], [27.64719489173882, 38.54165336241573], [27.64719489173882, 38.54111437324526], [27.64665590256834, 38.54111437324526], [27.64665590256834, 38.54165336241573], [27.64557792422741, 38.54165336241573], [27.64557792422741, 38.538958416563375], [27.64611691339789, 38.538958416563375], [27.64611691339789, 38.5384194273929]]]}, "id": "+385251+84345", "properties": {"area_ha": 7.866661000308498, "count": 28, "label": 1, "mean_dnbr": 0.16623259076988878}}, {"type": "Feature", "geometry": {"geodesic": false, "type": "Polygon", "coordinates": [[[27.64665590256834, 38.14334036543713], [27.6477338809093, 38.14334036543713], [27.6477338809093, 38.14549632211902], [27.64611691339789, 38.14549632211902], [27.64611691339789, 38.14495733294855], [27.64557792422741, 38.14495733294855], [27.64557792422741, 38.14441834377808], [27.64503893505693, 38.14441834377808], [27.64503893505693, 38.14549632211902], [27.64449994588648, 38.14549632211902], [27.64449994588648, 38.14441834377808], [27.64503893505693, 38.14441834377808], [27.64503893505693, 38.143879354607606], [27.64557792422741, 38.143879354607606], [27.64557792422741, 38.14334036543713], [27.64611691339789, 38.14334036543713], [27.64611691339789, 38.143879354607606], [27.64665590256834, 38.143879354607606], [27.64665590256834, 38.14334036543713]]]}, "id": "+385253+85078", "properties": {"area_ha": 4.802357470307551, "count": 17, "label": 1, "mean_dnbr": 0.3496695132375585}}, {"type": "Feature", "geometry": {"geodesic": false, "type": "Polygon", "coordinates": [[[27.6477338809093, 37.860371050939484], [27.64935084842071, 37.860371050939484], [27.64935084842071, 37.862527007621374], [27.6515068051026, 37.862527007621374], [27.6515068051026, 37.863065996791846], [27.64935084842071, 37.863065996791846], [27.64935084842071, 37.862527007621374], [27.6477338809093, 37.862527007621374], [27.6477338809093, 37.860371050939484]]]}, "id": "+385256+85603", "properties": {"area_ha": 4.537322064595633, "count": 16, "label": 1, "mean_dnbr": 0.1852621072529211}}, {"type": "Feature", "geometry": {"geodesic": false, "type": "Polygon", "coordinates": [[[27.652584783443558, 37.864143975132784], [27.657974675148267, 37.864143975132784], [27.657974675148267, 37.864682964303256], [27.659052653489198, 37.864682964303256], [27.659052653489198, 37.8657609426442], [27.658513664318747, 37.8657609426442], [27.658513664318747, 37.86629993181467], [27.657974675148267, 37.86629993181467], [27.657974675148267, 37.8657609426442], [27.657435685977788, 37.8657609426442], [27.657435685977788, 37.86629993181467], [27.65689669680731, 37.86629993181467], [27.65689669680731, 37.8657609426442], [27.656357707636857, 37.8657609426442], [27.656357707636857, 37.86629993181467], [27.6552797292959, 37.86629993181467], [27.6552797292959, 37.86522195347373], [27.656357707636857, 37.86522195347373], [27.656357707636857, 37.864682964303256], [27.65474074012542, 37.864682964303256], [27.65474074012542, 37.8657609426442], [27.65312377261401, 37.8657609426442], [27.65312377261401, 37.86522195347373], [27.652584783443558, 37.86522195347373], [27.652584783443558, 37.864143975132784]], [[27.658513664318747, 37.86522195347373], [27.658513664318747, 37.8657609426442], [27.657974675148267, 37.8657609426442], [27.657974675148267, 37.86522195347373], [27.658513664318747, 37.86522195347373]]]}, "id": "+385272+85596", "properties": {"area_ha": 9.074137570417953, "count": 32, "label": 1, "mean_dnbr": 0.23298725940489523}}, {"type": "Feature", "geometry": {"geodesic": false, "type": "Polygon", "coordinates": [[[27.65689669680731, 38.07704469746911], [27.659052653489198, 38.07704469746911], [27.659052653489198, 38.077583686639585], [27.659591642659677, 38.077583686639585], [27.659591642659677, 38.079200654151], [27.659052653489198, 38.079200654151], [27.659052653489198, 38.08081762166242], [27.658513664318747, 38.08081762166242], [27.658513664318747, 38.081356610832884], [27.661208610171087, 38.081356610832884], [27.661208610171087, 38.08243458917383], [27.660130631830157, 38.08243458917383], [27.660130631830157, 38.0829735783443], [27.659052653489198, 38.0829735783443], [27.659052653489198, 38.08189560000336], [27.656357707636857, 38.08189560000336], [27.656357707636857, 38.081356610832884], [27.6552797292959, 38.081356610832884], [27.6552797292959, 38.08027863249195], [27.655818718466378, 38.08027863249195], [27.655818718466378, 38.079200654151], [27.656357707636857, 38.079200654151], [27.656357707636857, 38.07812267581006], [27.65689669680731, 38.07812267581006], [27.65689669680731, 38.07704469746911]]]}, "id": "+385274+85201", "properties": {"area_ha": 17.247199151514828, "count": 61, "label": 1, "mean_dnbr": 0.28388904464519193}}, {"type": "Feature", "geometry": {"geodesic": false, "type": "Polygon", "coordinates": [[[27.655818718466378, 38.57453170181451], [27.659591642659677, 38.57453170181451], [27.659591642659677, 38.57507069098498], [27.659052653489198, 38.57507069098498], [27.659052653489198, 38.575609680155445], [27.6552797292959, 38.575609680155445], [27.6552797292959, 38.57507069098498], [27.655818718466378, 38.57507069098498], [27.655818718466378, 38.57453170181451]]]}, "id": "+385275+84278", "properties": {"area_ha": 3.9314266376422915, "count": 14, "label": 1, "mean_dnbr": 0.1489757204806523}}, {"type": "Feature", "geometry": {"geodesic": false, "type": "Polygon", "coordinates": [[[27.665520523534866, 38.72760462622847], [27.666598501875797, 38.72760462622847], [27.666598501875797, 38.72814361539894], [27.667676480216755, 38.72814361539894], [27.667676480216755, 38.728682604569414], [27.668754458557686, 38.728682604569414], [27.668754458557686, 38.72922159373989], [27.669293447728165, 38.72922159373989], [27.669293447728165, 38.72976058291036], [27.668215469387235, 38.72976058291036], [27.668215469387235, 38.7308385612513], [27.666059512705345, 38.7308385612513], [27.666059512705345, 38.73029957208083], [27.665520523534866, 38.73029957208083], [27.665520523534866, 38.72976058291036], [27.664981534364387, 38.72976058291036], [27.664981534364387, 38.728682604569414], [27.665520523534866, 38.728682604569414], [27.665520523534866, 38.72760462622847]]]}, "id": "+385288+83994", "properties": {"area_ha": 8.406367977413165, "count": 30, "label": 1, "mean_dnbr": 0.3108360456135938}}, {"type": "Feature", "geometry": {"geodesic": false, "type": "Polygon", "coordinates": [[[27.670371426069124, 37.86522195347373], [27.670910415239575, 37.86522195347373], [27.670910415239575, 37.8657609426442], [27.672527382750985, 37.8657609426442], [27.672527382750985, 37.86629993181467], [27.671988393580534, 37.86629993181467], [27.671988393580534, 37.866838920985145], [27.671449404410055, 37.866838920985145], [27.671449404410055, 37.86737791015562], [27.670371426069124, 37.86737791015562], [27.670371426069124, 37.86629993181467], [27.669832436898645, 37.86629993181467], [27.669832436898645, 37.8657609426442], [27.670371426069124, 37.8657609426442], [27.670371426069124, 37.86522195347373]]]}, "id": "+385296+85594", "properties": {"area_ha": 3.119214876608306, "count": 11, "label": 1, "mean_dnbr": 0.3201291063502745}}, {"type": "Feature", "geometry": {"geodesic": false, "type": "Polygon", "coordinates": [[[27.669832436898645, 38.75455408475206], [27.671988393580534, 38.75455408475206], [27.671988393580534, 38.75509307392253], [27.671449404410055, 38.75509307392253], [27.671449404410055, 38.755632063093], [27.669293447728165, 38.755632063093], [27.669293447728165, 38.756171052263475], [27.667137491046276, 38.756171052263475], [27.667137491046276, 38.75671004143394], [27.666598501875797, 38.75671004143394], [27.666598501875797, 38.755632063093], [27.666059512705345, 38.755632063093], [27.666059512705345, 38.75509307392253], [27.665520523534866, 38.75509307392253], [27.665520523534866, 38.75455408475206], [27.666598501875797, 38.75455408475206], [27.666598501875797, 38.755632063093], [27.668754458557686, 38.755632063093], [27.668754458557686, 38.75509307392253], [27.669832436898645, 38.75509307392253], [27.669832436898645, 38.75455408475206]]]}, "id": "+385298+83944", "properties": {"area_ha": 5.041977093956642, "count": 18, "label": 1, "mean_dnbr": 0.18625965198945127}}, {"type": "Feature", "geometry": {"geodesic": false, "type": "Polygon", "coordinates": [[[27.669293447728165, 38.54812123246139], [27.673066371921465, 38.54812123246139], [27.673066371921465, 38.549199210802335], [27.674144350262424, 38.549199210802335], [27.674144350262424, 38.54973819997281], [27.673066371921465, 38.54973819997281], [27.673066371921465, 38.55027718914328], [27.670910415239575, 38.55027718914328], [27.670910415239575, 38.54973819997281], [27.670371426069124, 38.54973819997281], [27.670371426069124, 38.54866022163186], [27.669293447728165, 38.54866022163186], [27.669293447728165, 38.54812123246139]]]}, "id": "+385300+84327", "properties": {"area_ha": 6.461076128575262, "count": 23, "label": 1, "mean_dnbr": 0.24377540002592024}}, {"type": "Feature", "geometry": {"geodesic": false, "type": "Polygon", "coordinates": [[[27.674144350262424, 38.156276105528455], [27.675222328603354, 38.156276105528455], [27.675222328603354, 38.1573540838694], [27.676300306944313, 38.1573540838694], [27.676300306944313, 38.158432062210345], [27.673605361091944, 38.158432062210345], [27.673605361091944, 38.15681509469893], [27.674144350262424, 38.15681509469893], [27.674144350262424, 38.156276105528455]]]}, "id": "+385304+85054", "properties": {"area_ha": 4.236623989765424, "count": 15, "label": 1, "mean_dnbr": 0.2631504376115017}}, {"type": "Feature", "geometry": {"geodesic": false, "type": "Polygon", "coordinates": [[[27.676839296114764, 38.18915444492723], [27.677378285285243, 38.18915444492723], [27.677378285285243, 38.19023242326817], [27.677917274455723, 38.19023242326817], [27.677917274455723, 38.191310401609115], [27.678456263626174, 38.191310401609115], [27.678456263626174, 38.19184939077959], [27.677917274455723, 38.19184939077959], [27.677917274455723, 38.19238837995006], [27.676839296114764, 38.19238837995006], [27.676839296114764, 38.191310401609115], [27.676300306944313, 38.191310401609115], [27.676300306944313, 38.19077141243864], [27.676839296114764, 38.19077141243864], [27.676839296114764, 38.18915444492723]]]}, "id": "+385308+84993", "properties": {"area_ha": 3.387733423818596, "count": 12, "label": 1, "mean_dnbr": 0.31710026943529496}}, {"type": "Feature", "geometry": {"geodesic": false, "type": "Polygon", "coordinates": [[[27.680073231137612, 38.7346114854446], [27.680612220308063, 38.7346114854446], [27.680612220308063, 38.735150474615075], [27.681151209478543, 38.735150474615075], [27.681151209478543, 38.73676744212649], [27.680073231137612, 38.73676744212649], [27.680073231137612, 38.73622845295602], [27.678995252796653, 38.73622845295602], [27.678995252796653, 38.735150474615075], [27.680073231137612, 38.735150474615075], [27.680073231137612, 38.7346114854446]]]}, "id": "+385314+83981", "properties": {"area_ha": 3.08205686307072, "count": 11, "label": 1, "mean_dnbr": 0.2516229585559104}}, {"type": "Feature", "geometry": {"geodesic": false, "type": "Polygon", "coordinates": [[[27.681151209478543, 38.11800787442496], [27.6822291878195, 38.11800787442496], [27.6822291878195, 38.118546863595434], [27.682768176989953, 38.118546863595434], [27.682768176989953, 38.12016383110685], [27.6822291878195, 38.12016383110685], [27.6822291878195, 38.12339776612968], [27.681690198649022, 38.12339776612968], [27.681690198649022, 38.12447574447062], [27.682768176989953, 38.12447574447062], [27.682768176989953, 38.12231978778874], [27.683307166160432, 38.12231978778874], [27.683307166160432, 38.12339776612968], [27.68546312284232, 38.12339776612968], [27.68546312284232, 38.127170690322984], [27.684924133671842, 38.127170690322984], [27.684924133671842, 38.12824866866393], [27.684385144501363, 38.12824866866393], [27.684385144501363, 38.1287876578344], [27.6822291878195, 38.1287876578344], [27.6822291878195, 38.12824866866393], [27.681690198649022, 38.12824866866393], [27.681690198649022, 38.12770967949346], [27.681151209478543, 38.12770967949346], [27.681151209478543, 38.127170690322984], [27.680612220308063, 38.127170690322984], [27.680612220308063, 38.125014733641095], [27.680073231137612, 38.125014733641095], [27.680073231137612, 38.12447574447062], [27.679534241967133, 38.12447574447062], [27.679534241967133, 38.121241809447795], [27.680073231137612, 38.121241809447795], [27.680073231137612, 38.12016383110685], [27.680612220308063, 38.12016383110685], [27.680612220308063, 38.119085852765906], [27.681151209478543, 38.119085852765906], [27.681151209478543, 38.11800787442496]]]}, "id": "+385317+85125", "properties": {"area_ha": 35.038678928137195, "count": 124, "label": 1, "mean_dnbr": 0.3759959508626083}}, {"type": "Feature", "geometry": {"geodesic": false, "type": "Polygon", "coordinates": [[[27.684924133671842, 38.53788043822243], [27.6860021120128, 38.53788043822243], [27.6860021120128, 38.538958416563375], [27.68546312284232, 38.538958416563375], [27.68546312284232, 38.53949740573384], [27.6860021120128, 38.53949740573384], [27.6860021120128, 38.540575384074785], [27.686541101183252, 38.540575384074785], [27.686541101183252, 38.54111437324526], [27.68546312284232, 38.54111437324526], [27.68546312284232, 38.54165336241573], [27.684924133671842, 38.54165336241573], [27.684924133671842, 38.54003639490431], [27.684385144501363, 38.54003639490431], [27.684385144501363, 38.538958416563375], [27.684924133671842, 38.538958416563375], [27.684924133671842, 38.53788043822243]]]}, "id": "+385324+84346", "properties": {"area_ha": 4.2143142008642185, "count": 15, "label": 1, "mean_dnbr": 0.24710809513366858}}, {"type": "Feature", "geometry": {"geodesic": false, "type": "Polygon", "coordinates": [[[27.686541101183252, 38.55890101587082], [27.68815806869469, 38.55890101587082], [27.68815806869469, 38.55997899421177], [27.68869705786514, 38.55997899421177], [27.68869705786514, 38.56105697255271], [27.68815806869469, 38.56105697255271], [27.68815806869469, 38.561595961723185], [27.68761907952421, 38.561595961723185], [27.68761907952421, 38.56105697255271], [27.68708009035373, 38.56105697255271], [27.68708009035373, 38.56051798338224], [27.686541101183252, 38.56051798338224], [27.686541101183252, 38.55890101587082]]]}, "id": "+385328+84307", "properties": {"area_ha": 3.932243527688206, "count": 14, "label": 1, "mean_dnbr": 0.28789302617489665}}, {"type": "Feature", "geometry": {"geodesic": false, "type": "Polygon", "coordinates": [[[27.6897750362061, 38.54812123246139], [27.69193099288799, 38.54812123246139], [27.69193099288799, 38.54866022163186], [27.69300897122892, 38.54866022163186], [27.69300897122892, 38.54973819997281], [27.6935479603994, 38.54973819997281], [27.6935479603994, 38.55027718914328], [27.69300897122892, 38.55027718914328], [27.69300897122892, 38.55081617831375], [27.69031402537655, 38.55081617831375], [27.69031402537655, 38.55135516748422], [27.68869705786514, 38.55135516748422], [27.68869705786514, 38.55189415665469], [27.68815806869469, 38.55189415665469], [27.68815806869469, 38.55135516748422], [27.68761907952421, 38.55135516748422], [27.68761907952421, 38.55081617831375], [27.68869705786514, 38.55081617831375], [27.68869705786514, 38.55027718914328], [27.6897750362061, 38.55027718914328], [27.6897750362061, 38.54973819997281], [27.69031402537655, 38.54973819997281], [27.69031402537655, 38.549199210802335], [27.6897750362061, 38.549199210802335], [27.6897750362061, 38.54812123246139]]]}, "id": "+385335+84327", "properties": {"area_ha": 10.112932763766597, "count": 36, "label": 1, "mean_dnbr": 0.3060090124698343}}, {"type": "Feature", "geometry": {"geodesic": false, "type": "Polygon", "coordinates": [[[27.69139200371751, 37.8619880184509], [27.69246998205844, 37.8619880184509], [27.69246998205844, 37.864682964303256], [27.69139200371751, 37.864682964303256], [27.69139200371751, 37.86360498596232], [27.69085301454703, 37.86360498596232], [27.69085301454703, 37.863065996791846], [27.69139200371751, 37.863065996791846], [27.69139200371751, 37.8619880184509]]]}, "id": "+385336+85600", "properties": {"area_ha": 3.1193433314567507, "count": 11, "label": 1, "mean_dnbr": 0.5091005899190612}}, {"type": "Feature", "geometry": {"geodesic": false, "type": "Polygon", "coordinates": [[[27.69246998205844, 38.141723397925716], [27.6935479603994, 38.141723397925716], [27.6935479603994, 38.14226238709619], [27.69516492791081, 38.14226238709619], [27.69516492791081, 38.143879354607606], [27.69462593874033, 38.143879354607606], [27.69462593874033, 38.146035311289495], [27.69300897122892, 38.146035311289495], [27.69300897122892, 38.14549632211902], [27.69246998205844, 38.14549632211902], [27.69246998205844, 38.147652278800905], [27.6935479603994, 38.147652278800905], [27.6935479603994, 38.14711328963044], [27.69624290625174, 38.14711328963044], [27.69624290625174, 38.14819126797138], [27.69678189542222, 38.14819126797138], [27.69678189542222, 38.147652278800905], [27.6973208845927, 38.147652278800905], [27.6973208845927, 38.14711328963044], [27.69839886293363, 38.14711328963044], [27.69839886293363, 38.14657430045997], [27.69893785210411, 38.14657430045997], [27.69893785210411, 38.146035311289495], [27.700015830445068, 38.146035311289495], [27.700015830445068, 38.14549632211902], [27.70055481961552, 38.14549632211902], [27.70055481961552, 38.14495733294855], [27.701093808786, 38.14495733294855], [27.701093808786, 38.14441834377808], [27.701632797956478, 38.14441834377808], [27.701632797956478, 38.143879354607606], [27.703788754638367, 38.143879354607606], [27.703788754638367, 38.146035311289495], [27.70432774380882, 38.146035311289495], [27.70432774380882, 38.147652278800905], [27.703788754638367, 38.147652278800905], [27.703788754638367, 38.149808235482794], [27.70271077629741, 38.149808235482794], [27.70271077629741, 38.15034722465327], [27.701093808786, 38.15034722465327], [27.701093808786, 38.15088621382374], [27.70055481961552, 38.15088621382374], [27.70055481961552, 38.15142520299421], [27.70217178712693, 38.15142520299421], [27.70217178712693, 38.153581159676094], [27.700015830445068, 38.153581159676094], [27.700015830445068, 38.152503181335156], [27.69678189542222, 38.152503181335156], [27.69678189542222, 38.15142520299421], [27.700015830445068, 38.15142520299421], [27.700015830445068, 38.14926924631232], [27.69624290625174, 38.14926924631232], [27.69624290625174, 38.14819126797138], [27.69570391708129, 38.14819126797138], [27.69570391708129, 38.14873025714185], [27.69462593874033, 38.14873025714185], [27.69462593874033, 38.14926924631232], [27.6935479603994, 38.14926924631232], [27.6935479603994, 38.14873025714185], [27.69300897122892, 38.14873025714185], [27.69300897122892, 38.14926924631232], [27.69246998205844, 38.14926924631232], [27.69246998205844, 38.14819126797138], [27.6897750362061, 38.14819126797138], [27.6897750362061, 38.14495733294855], [27.69193099288799, 38.14495733294855], [27.69193099288799, 38.143879354607606], [27.69246998205844, 38.143879354607606], [27.69246998205844, 38.141723397925716]], [[27.701632797956478, 38.14926924631232], [27.701632797956478, 38.149808235482794], [27.701093808786, 38.149808235482794], [27.701093808786, 38.14926924631232], [27.701632797956478, 38.14926924631232]], [[27.701632797956478, 38.14657430045997], [27.701632797956478, 38.14819126797138], [27.700015830445068, 38.14819126797138], [27.700015830445068, 38.14711328963044], [27.701093808786, 38.14711328963044], [27.701093808786, 38.14657430045997], [27.701632797956478, 38.14657430045997]]]}, "id": "+385338+85081", "properties": {"area_ha": 61.2981464186716, "count": 217, "label": 1, "mean_dnbr": 0.40176626793996845}}, {"type": "Feature", "geometry": {"geodesic": false, "type": "Polygon", "coordinates": [[[27.69408694956988, 38.149808235482794], [27.69624290625174, 38.149808235482794], [27.69624290625174, 38.15034722465327], [27.69408694956988, 38.15034722465327], [27.69408694956988, 38.15088621382374], [27.69085301454703, 38.15088621382374], [27.69085301454703, 38.15142520299421], [27.6897750362061, 38.15142520299421], [27.6897750362061, 38.15034722465327], [27.69193099288799, 38.15034722465327], [27.69193099288799, 38.149808235482794], [27.69246998205844, 38.149808235482794], [27.69246998205844, 38.15034722465327], [27.69408694956988, 38.15034722465327], [27.69408694956988, 38.149808235482794]]]}, "id": "+385343+85066", "properties": {"area_ha": 4.237035716412239, "count": 15, "label": 1, "mean_dnbr": 0.2961941017854731}}, {"type": "Feature", "geometry": {"geodesic": false, "type": "Polygon", "coordinates": [[[27.6973208845927, 38.84025336285706], [27.69893785210411, 38.84025336285706], [27.69893785210411, 38.84187033036847], [27.69516492791081, 38.84187033036847], [27.69516492791081, 38.841331341198], [27.69785987376318, 38.841331341198], [27.69785987376318, 38.84079235202753], [27.6973208845927, 38.84079235202753], [27.6973208845927, 38.84025336285706]]]}, "id": "+385348+83785", "properties": {"area_ha": 3.3572927813566262, "count": 12, "label": 1, "mean_dnbr": 0.24899157928648302}}, {"type": "Feature", "geometry": {"geodesic": false, "type": "Polygon", "coordinates": [[[27.69678189542222, 37.860371050939484], [27.69893785210411, 37.860371050939484], [27.69893785210411, 37.86144902928043], [27.69839886293363, 37.86144902928043], [27.69839886293363, 37.862527007621374], [27.69893785210411, 37.862527007621374], [27.69893785210411, 37.86360498596232], [27.69785987376318, 37.86360498596232], [27.69785987376318, 37.862527007621374], [27.69570391708129, 37.862527007621374], [27.69570391708129, 37.860371050939484], [27.69624290625174, 37.860371050939484], [27.69624290625174, 37.86091004010996], [27.69678189542222, 37.86091004010996], [27.69678189542222, 37.860371050939484]]]}, "id": "+385348+85603", "properties": {"area_ha": 7.089574926969396, "count": 25, "label": 1, "mean_dnbr": 0.3930314877172462}}, {"type": "Feature", "geometry": {"geodesic": false, "type": "Polygon", "coordinates": [[[27.69624290625174, 38.15681509469893], [27.69947684127459, 38.15681509469893], [27.69947684127459, 38.15897105138082], [27.700015830445068, 38.15897105138082], [27.700015830445068, 38.15951004055128], [27.69893785210411, 38.15951004055128], [27.69893785210411, 38.160049029721755], [27.69839886293363, 38.160049029721755], [27.69839886293363, 38.15897105138082], [27.69785987376318, 38.15897105138082], [27.69785987376318, 38.158432062210345], [27.69624290625174, 38.158432062210345], [27.69624290625174, 38.15681509469893]]]}, "id": "+385349+85053", "properties": {"area_ha": 7.060954635555229, "count": 25, "label": 1, "mean_dnbr": 0.34620127827214864}}, {"type": "Feature", "geometry": {"geodesic": false, "type": "Polygon", "coordinates": [[[27.69839886293363, 38.74000137714932], [27.700015830445068, 38.74000137714932], [27.700015830445068, 38.741079355490264], [27.6973208845927, 38.741079355490264], [27.6973208845927, 38.74215733383121], [27.69624290625174, 38.74215733383121], [27.69624290625174, 38.741079355490264], [27.6973208845927, 38.741079355490264], [27.6973208845927, 38.74054036631979], [27.69839886293363, 38.74054036631979], [27.69839886293363, 38.74000137714932]]]}, "id": "+385350+83971", "properties": {"area_ha": 3.3620088654096114, "count": 12, "label": 1, "mean_dnbr": 0.12745888236080036}}, {"type": "Feature", "geometry": {"geodesic": false, "type": "Polygon", "coordinates": [[[27.703788754638367, 38.805219066776395], [27.704866732979298, 38.805219066776395], [27.704866732979298, 38.80683603428781], [27.70432774380882, 38.80683603428781], [27.70432774380882, 38.807375023458285], [27.70271077629741, 38.807375023458285], [27.70271077629741, 38.80629704511734], [27.703788754638367, 38.80629704511734], [27.703788754638367, 38.805219066776395]]]}, "id": "+385359+83850", "properties": {"area_ha": 3.079006282333605, "count": 11, "label": 1, "mean_dnbr": 0.21726723404936146}}, {"type": "Feature", "geometry": {"geodesic": false, "type": "Polygon", "coordinates": [[[27.704866732979298, 38.766411846502436], [27.706483700490708, 38.766411846502436], [27.706483700490708, 38.76748982484338], [27.705944711320257, 38.76748982484338], [27.705944711320257, 38.76802881401385], [27.705405722149777, 38.76802881401385], [27.705405722149777, 38.76910679235479], [27.704866732979298, 38.76910679235479], [27.704866732979298, 38.76964578152526], [27.703249765467888, 38.76964578152526], [27.703249765467888, 38.76856780318432], [27.703788754638367, 38.76856780318432], [27.703788754638367, 38.76748982484338], [27.70432774380882, 38.76748982484338], [27.70432774380882, 38.76695083567291], [27.704866732979298, 38.76695083567291], [27.704866732979298, 38.766411846502436]]]}, "id": "+385362+83922", "properties": {"area_ha": 5.881267619380468, "count": 21, "label": 1, "mean_dnbr": 0.3297494211927604}}, {"type": "Feature", "geometry": {"geodesic": false, "type": "Polygon", "coordinates": [[[27.705405722149777, 38.14334036543713], [27.707022689661187, 38.14334036543713], [27.707022689661187, 38.143879354607606], [27.707561678831667, 38.143879354607606], [27.707561678831667, 38.14657430045997], [27.712412581365896, 38.14657430045997], [27.712412581365896, 38.147652278800905], [27.711873592195445, 38.147652278800905], [27.711873592195445, 38.14819126797138], [27.707561678831667, 38.14819126797138], [27.707561678831667, 38.14657430045997], [27.705944711320257, 38.14657430045997], [27.705944711320257, 38.14495733294855], [27.705405722149777, 38.14495733294855], [27.705405722149777, 38.14334036543713]]]}, "id": "+385363+85078", "properties": {"area_ha": 12.99426039295025, "count": 46, "label": 1, "mean_dnbr": 0.3431943292647759}}, {"type": "Feature", "geometry": {"geodesic": false, "type": "Polygon", "coordinates": [[[27.705405722149777, 38.15034722465327], [27.708639657172597, 38.15034722465327], [27.708639657172597, 38.15088621382374], [27.710795613854486, 38.15088621382374], [27.710795613854486, 38.15142520299421], [27.707561678831667, 38.15142520299421], [27.707561678831667, 38.15088621382374], [27.705405722149777, 38.15088621382374], [27.705405722149777, 38.15034722465327]]]}, "id": "+385366+85065", "properties": {"area_ha": 3.389599680429565, "count": 12, "label": 1, "mean_dnbr": 0.3512083719911616}}, {"type": "Feature", "geometry": {"geodesic": false, "type": "Polygon", "coordinates": [[[27.710795613854486, 38.56051798338224], [27.711334603024966, 38.56051798338224], [27.711334603024966, 38.56213495089366], [27.711873592195445, 38.56213495089366], [27.711873592195445, 38.56375191840507], [27.709717635513556, 38.56375191840507], [27.709717635513556, 38.5632129292346], [27.710256624684007, 38.5632129292346], [27.710256624684007, 38.56267394006413], [27.710795613854486, 38.56267394006413], [27.710795613854486, 38.56213495089366], [27.710256624684007, 38.56213495089366], [27.710256624684007, 38.56105697255271], [27.710795613854486, 38.56105697255271], [27.710795613854486, 38.56051798338224]]]}, "id": "+385371+84304", "properties": {"area_ha": 3.932121951507784, "count": 14, "label": 1, "mean_dnbr": 0.17072337667055504}}, {"type": "Feature", "geometry": {"geodesic": false, "type": "Polygon", "coordinates": [[[27.711334603024966, 38.83324650364093], [27.711873592195445, 38.83324650364093], [27.711873592195445, 38.834324481981874], [27.712412581365896, 38.834324481981874], [27.712412581365896, 38.83486347115234], [27.712951570536376, 38.83486347115234], [27.712951570536376, 38.83540246032281], [27.714029548877306, 38.83540246032281], [27.714029548877306, 38.83594144949328], [27.714568538047786, 38.83594144949328], [27.714568538047786, 38.836480438663756], [27.715107527218265, 38.836480438663756], [27.715107527218265, 38.83701942783423], [27.715646516388745, 38.83701942783423], [27.715646516388745, 38.83809740617517], [27.714568538047786, 38.83809740617517], [27.714568538047786, 38.8375584170047], [27.713490559706855, 38.8375584170047], [27.713490559706855, 38.838636395345645], [27.712951570536376, 38.838636395345645], [27.712951570536376, 38.8375584170047], [27.711334603024966, 38.8375584170047], [27.711334603024966, 38.83701942783423], [27.710795613854486, 38.83701942783423], [27.710795613854486, 38.836480438663756], [27.710256624684007, 38.836480438663756], [27.710256624684007, 38.83540246032281], [27.709717635513556, 38.83540246032281], [27.709717635513556, 38.83486347115234], [27.710256624684007, 38.83486347115234], [27.710256624684007, 38.834324481981874], [27.710795613854486, 38.834324481981874], [27.710795613854486, 38.8337854928114], [27.711334603024966, 38.8337854928114], [27.711334603024966, 38.83324650364093]]]}, "id": "+385372+83798", "properties": {"area_ha": 13.430056235566354, "count": 48, "label": 1, "mean_dnbr": 0.3440369721643301}}, {"type": "Feature", "geometry": {"geodesic": false, "type": "Polygon", "coordinates": [[[27.709717635513556, 38.70065516770489], [27.711873592195445, 38.70065516770489], [27.711873592195445, 38.70119415687536], [27.712412581365896, 38.70119415687536], [27.712412581365896, 38.7022721352163], [27.710256624684007, 38.7022721352163], [27.710256624684007, 38.70281112438677], [27.709717635513556, 38.70281112438677], [27.709717635513556, 38.70065516770489]]]}, "id": "+385372+84044", "properties": {"area_ha": 4.204815079689021, "count": 15, "label": 1, "mean_dnbr": 0.22401546823471752}}, {"type": "Feature", "geometry": {"geodesic": false, "type": "Polygon", "coordinates": [[[27.713490559706855, 38.842409319538945], [27.714029548877306, 38.842409319538945], [27.714029548877306, 38.84348729787989], [27.713490559706855, 38.84348729787989], [27.713490559706855, 38.844565276220834], [27.710795613854486, 38.844565276220834], [27.710795613854486, 38.84402628705036], [27.710256624684007, 38.84402628705036], [27.710256624684007, 38.84348729787989], [27.712412581365896, 38.84348729787989], [27.712412581365896, 38.84294830870942], [27.713490559706855, 38.84294830870942], [27.713490559706855, 38.842409319538945]]]}, "id": "+385376+83781", "properties": {"area_ha": 4.196447701985102, "count": 15, "label": 1, "mean_dnbr": 0.3265981690622047}}, {"type": "Feature", "geometry": {"geodesic": false, "type": "Polygon", "coordinates": [[[27.715646516388745, 38.520093795596864], [27.716185505559196, 38.520093795596864], [27.716185505559196, 38.5211717739378], [27.717263483900155, 38.5211717739378], [27.717263483900155, 38.522249752278746], [27.716724494729675, 38.522249752278746], [27.716724494729675, 38.52278874144922], [27.716185505559196, 38.52278874144922], [27.716185505559196, 38.52332773061969], [27.715646516388745, 38.52332773061969], [27.715646516388745, 38.52278874144922], [27.714568538047786, 38.52278874144922], [27.714568538047786, 38.522249752278746], [27.716185505559196, 38.522249752278746], [27.716185505559196, 38.5211717739378], [27.715646516388745, 38.5211717739378], [27.715646516388745, 38.520093795596864]]]}, "id": "+385380+84379", "properties": {"area_ha": 3.0912591447088458, "count": 11, "label": 1, "mean_dnbr": 0.1997948729460771}}, {"type": "Feature", "geometry": {"geodesic": false, "type": "Polygon", "coordinates": [[[27.717263483900155, 38.5459652757795], [27.718341462241085, 38.5459652757795], [27.718341462241085, 38.546504264949974], [27.719958429752495, 38.546504264949974], [27.719958429752495, 38.54812123246139], [27.719419440582044, 38.54812123246139], [27.719419440582044, 38.54866022163186], [27.718341462241085, 38.54866022163186], [27.718341462241085, 38.549199210802335], [27.717802473070634, 38.549199210802335], [27.717802473070634, 38.54866022163186], [27.715646516388745, 38.54866022163186], [27.715646516388745, 38.54812123246139], [27.716185505559196, 38.54812123246139], [27.716185505559196, 38.54758224329092], [27.717802473070634, 38.54758224329092], [27.717802473070634, 38.547043254120446], [27.717263483900155, 38.547043254120446], [27.717263483900155, 38.5459652757795]]]}, "id": "+385384+84331", "properties": {"area_ha": 7.304010938358062, "count": 26, "label": 1, "mean_dnbr": 0.23854264351252574}}, {"type": "Feature", "geometry": {"geodesic": false, "type": "Polygon", "coordinates": [[[27.724270343116274, 38.133638560368645], [27.724809332286753, 38.133638560368645], [27.724809332286753, 38.13579451705053], [27.723731353945823, 38.13579451705053], [27.723731353945823, 38.13687249539147], [27.722653375604864, 38.13687249539147], [27.722653375604864, 38.13795047373242], [27.722114386434384, 38.13795047373242], [27.722114386434384, 38.13687249539147], [27.722653375604864, 38.13687249539147], [27.722653375604864, 38.136333506221], [27.722114386434384, 38.136333506221], [27.722114386434384, 38.13579451705053], [27.723731353945823, 38.13579451705053], [27.723731353945823, 38.13525552788006], [27.724270343116274, 38.13525552788006], [27.724270343116274, 38.133638560368645]]]}, "id": "+385396+85096", "properties": {"area_ha": 3.3902954398783613, "count": 12, "label": 1, "mean_dnbr": 0.19874812832459202}}, {"type": "Feature", "geometry": {"geodesic": false, "type": "Polygon", "coordinates": [[[27.730738213161942, 38.136333506221], [27.731816191502872, 38.136333506221], [27.731816191502872, 38.13687249539147], [27.73289416984383, 38.13687249539147], [27.73289416984383, 38.140106430414306], [27.73127720233242, 38.140106430414306], [27.73127720233242, 38.141723397925716], [27.72966023482101, 38.141723397925716], [27.72966023482101, 38.14118440875525], [27.728043267309573, 38.14118440875525], [27.728043267309573, 38.140106430414306], [27.729121245650532, 38.140106430414306], [27.729121245650532, 38.14064541958478], [27.730199223991463, 38.14064541958478], [27.730199223991463, 38.139567441243834], [27.729121245650532, 38.139567441243834], [27.729121245650532, 38.13902845207336], [27.728582256480053, 38.13902845207336], [27.728582256480053, 38.13848946290289], [27.727504278139122, 38.13848946290289], [27.727504278139122, 38.13795047373242], [27.728043267309573, 38.13795047373242], [27.728043267309573, 38.137411484561945], [27.729121245650532, 38.137411484561945], [27.729121245650532, 38.13795047373242], [27.730738213161942, 38.13795047373242], [27.730738213161942, 38.137411484561945], [27.73127720233242, 38.137411484561945], [27.73127720233242, 38.13687249539147], [27.730738213161942, 38.13687249539147], [27.730738213161942, 38.136333506221]]]}, "id": "+385409+85091", "properties": {"area_ha": 15.255677012456475, "count": 54, "label": 1, "mean_dnbr": 0.3095532933857713}}, {"type": "Feature", "geometry": {"geodesic": false, "type": "Polygon", "coordinates": [[[27.730738213161942, 38.52548368730158], [27.732355180673352, 38.52548368730158], [27.732355180673352, 38.52763964398346], [27.731816191502872, 38.52763964398346], [27.731816191502872, 38.528178633153935], [27.73127720233242, 38.528178633153935], [27.73127720233242, 38.527100654813], [27.730738213161942, 38.527100654813], [27.730738213161942, 38.52548368730158]]]}, "id": "+385410+84369", "properties": {"area_ha": 3.3720638681293966, "count": 12, "label": 1, "mean_dnbr": 0.18389121385791243}}, {"type": "Feature", "geometry": {"geodesic": false, "type": "Polygon", "coordinates": [[[27.73127720233242, 38.76587285733196], [27.73289416984383, 38.76587285733196], [27.73289416984383, 38.76910679235479], [27.731816191502872, 38.76910679235479], [27.731816191502872, 38.76802881401385], [27.73127720233242, 38.76802881401385], [27.73127720233242, 38.76587285733196]]]}, "id": "+385411+83923", "properties": {"area_ha": 4.48100538606935, "count": 16, "label": 1, "mean_dnbr": 0.26500340558547486}}, {"type": "Feature", "geometry": {"geodesic": false, "type": "Polygon", "coordinates": [[[27.73127720233242, 38.54380931909762], [27.73289416984383, 38.54380931909762], [27.73289416984383, 38.54434830826809], [27.732355180673352, 38.54434830826809], [27.732355180673352, 38.54542628660903], [27.73289416984383, 38.54542628660903], [27.73289416984383, 38.5459652757795], [27.732355180673352, 38.5459652757795], [27.732355180673352, 38.546504264949974], [27.730738213161942, 38.546504264949974], [27.730738213161942, 38.5459652757795], [27.73127720233242, 38.5459652757795], [27.73127720233242, 38.54380931909762]]]}, "id": "+385411+84335", "properties": {"area_ha": 3.6521280038514785, "count": 13, "label": 1, "mean_dnbr": 0.22936673000163627}}, {"type": "Feature", "geometry": {"geodesic": false, "type": "Polygon", "coordinates": [[[27.732355180673352, 38.532490546517714], [27.73451113735524, 38.532490546517714], [27.73451113735524, 38.533029535688186], [27.7355891156962, 38.533029535688186], [27.7355891156962, 38.53356852485865], [27.73505012652572, 38.53356852485865], [27.73505012652572, 38.534107514029124], [27.733972148184762, 38.534107514029124], [27.733972148184762, 38.534646503199596], [27.73127720233242, 38.534646503199596], [27.73127720233242, 38.53356852485865], [27.732355180673352, 38.53356852485865], [27.732355180673352, 38.532490546517714]]]}, "id": "+385414+84356", "properties": {"area_ha": 6.181525268245289, "count": 22, "label": 1, "mean_dnbr": 0.18037501567901307}}, {"type": "Feature", "geometry": {"geodesic": false, "type": "Polygon", "coordinates": [[[27.733972148184762, 38.12663170115251], [27.73451113735524, 38.12663170115251], [27.73451113735524, 38.12770967949346], [27.7355891156962, 38.12770967949346], [27.7355891156962, 38.1287876578344], [27.73343315901431, 38.1287876578344], [27.73343315901431, 38.12986563617534], [27.729121245650532, 38.12986563617534], [27.729121245650532, 38.129326647004866], [27.726965288968643, 38.129326647004866], [27.726965288968643, 38.1287876578344], [27.724809332286753, 38.1287876578344], [27.724809332286753, 38.12770967949346], [27.724270343116274, 38.12770967949346], [27.724270343116274, 38.127170690322984], [27.724809332286753, 38.127170690322984], [27.724809332286753, 38.12663170115251], [27.728043267309573, 38.12663170115251], [27.728043267309573, 38.127170690322984], [27.728582256480053, 38.127170690322984], [27.728582256480053, 38.12770967949346], [27.73127720233242, 38.12770967949346], [27.73127720233242, 38.12824866866393], [27.73343315901431, 38.12824866866393], [27.73343315901431, 38.12770967949346], [27.73289416984383, 38.12770967949346], [27.73289416984383, 38.127170690322984], [27.732355180673352, 38.127170690322984], [27.732355180673352, 38.12663170115251], [27.73343315901431, 38.12663170115251], [27.73343315901431, 38.12770967949346], [27.733972148184762, 38.12770967949346], [27.733972148184762, 38.12663170115251]]]}, "id": "+385414+85109", "properties": {"area_ha": 21.191596546325194, "count": 75, "label": 1, "mean_dnbr": 0.3426277929596516}}, {"type": "Feature", "geometry": {"geodesic": false, "type": "Polygon", "coordinates": [[[27.73666709403713, 38.82138874189055], [27.73720608320761, 38.82138874189055], [27.73720608320761, 38.82300570940196], [27.73774507237806, 38.82300570940196], [27.73774507237806, 38.82462267691338], [27.74044001823043, 38.82462267691338], [27.74044001823043, 38.82516166608385], [27.74151799657139, 38.82516166608385], [27.74151799657139, 38.82677863359527], [27.73990102905995, 38.82677863359527], [27.73990102905995, 38.826239644424795], [27.73882305071902, 38.826239644424795], [27.73882305071902, 38.82570065525432], [27.73828406154854, 38.82570065525432], [27.73828406154854, 38.82516166608385], [27.73720608320761, 38.82516166608385], [27.73720608320761, 38.82462267691338], [27.73666709403713, 38.82462267691338], [27.73666709403713, 38.824083687742906], [27.73505012652572, 38.824083687742906], [27.73505012652572, 38.823544698572434], [27.73451113735524, 38.823544698572434], [27.73451113735524, 38.82300570940196], [27.733972148184762, 38.82300570940196], [27.733972148184762, 38.822466720231496], [27.73451113735524, 38.822466720231496], [27.73451113735524, 38.821927731061024], [27.73666709403713, 38.821927731061024], [27.73666709403713, 38.82138874189055]]]}, "id": "+385419+83820", "properties": {"area_ha": 12.592776523038095, "count": 45, "label": 1, "mean_dnbr": 0.35896563925032643}}, {"type": "Feature", "geometry": {"geodesic": false, "type": "Polygon", "coordinates": [[[27.73720608320761, 38.526561665642525], [27.73774507237806, 38.526561665642525], [27.73774507237806, 38.527100654813], [27.73990102905995, 38.527100654813], [27.73990102905995, 38.52763964398346], [27.7393620398895, 38.52763964398346], [27.7393620398895, 38.528178633153935], [27.73990102905995, 38.528178633153935], [27.73990102905995, 38.52925661149488], [27.73828406154854, 38.52925661149488], [27.73828406154854, 38.530334589835824], [27.73666709403713, 38.530334589835824], [27.73666709403713, 38.5308735790063], [27.73612810486665, 38.5308735790063], [27.73612810486665, 38.53141256817677], [27.73451113735524, 38.53141256817677], [27.73451113735524, 38.530334589835824], [27.7355891156962, 38.530334589835824], [27.7355891156962, 38.52925661149488], [27.73720608320761, 38.52925661149488], [27.73720608320761, 38.528178633153935], [27.73774507237806, 38.528178633153935], [27.73774507237806, 38.52763964398346], [27.73720608320761, 38.52763964398346], [27.73720608320761, 38.526561665642525]]]}, "id": "+385420+84367", "properties": {"area_ha": 10.115843799060718, "count": 36, "label": 1, "mean_dnbr": 0.2254303759295682}}, {"type": "Feature", "geometry": {"geodesic": false, "type": "Polygon", "coordinates": [[[27.73720608320761, 38.7631779114796], [27.7393620398895, 38.7631779114796], [27.7393620398895, 38.76533386816149], [27.73990102905995, 38.76533386816149], [27.73990102905995, 38.766411846502436], [27.74097900740091, 38.766411846502436], [27.74097900740091, 38.76587285733196], [27.74205698574184, 38.76587285733196], [27.74205698574184, 38.766411846502436], [27.74259597491232, 38.766411846502436], [27.74259597491232, 38.76856780318432], [27.74044001823043, 38.76856780318432], [27.74044001823043, 38.76910679235479], [27.73990102905995, 38.76910679235479], [27.73990102905995, 38.76964578152526], [27.73828406154854, 38.76964578152526], [27.73828406154854, 38.76910679235479], [27.73774507237806, 38.76910679235479], [27.73774507237806, 38.76533386816149], [27.73720608320761, 38.76533386816149], [27.73720608320761, 38.7631779114796]]]}, "id": "+385423+83928", "properties": {"area_ha": 19.604587068841198, "count": 70, "label": 1, "mean_dnbr": 0.3069044430247067}}, {"type": "Feature", "geometry": {"geodesic": false, "type": "Polygon", "coordinates": [[[27.73774507237806, 38.54327032992715], [27.7393620398895, 38.54327032992715], [27.7393620398895, 38.54380931909762], [27.74044001823043, 38.54380931909762], [27.74044001823043, 38.54434830826809], [27.74151799657139, 38.54434830826809], [27.74151799657139, 38.544887297438564], [27.74205698574184, 38.544887297438564], [27.74205698574184, 38.54542628660903], [27.74097900740091, 38.54542628660903], [27.74097900740091, 38.5459652757795], [27.74151799657139, 38.5459652757795], [27.74151799657139, 38.546504264949974], [27.73990102905995, 38.546504264949974], [27.73990102905995, 38.54542628660903], [27.7393620398895, 38.54542628660903], [27.7393620398895, 38.544887297438564], [27.73882305071902, 38.544887297438564], [27.73882305071902, 38.54434830826809], [27.73774507237806, 38.54434830826809], [27.73774507237806, 38.54327032992715]], [[27.7393620398895, 38.54380931909762], [27.7393620398895, 38.54434830826809], [27.73882305071902, 38.54434830826809], [27.73882305071902, 38.54380931909762], [27.7393620398895, 38.54380931909762]]]}, "id": "+385423+84336", "properties": {"area_ha": 6.180557355235303, "count": 22, "label": 1, "mean_dnbr": 0.2227296950405704}}, {"type": "Feature", "geometry": {"geodesic": false, "type": "Polygon", "coordinates": [[[27.7355891156962, 38.534646503199596], [27.7393620398895, 38.534646503199596], [27.7393620398895, 38.53572448154054], [27.73774507237806, 38.53572448154054], [27.73774507237806, 38.536802459881486], [27.73612810486665, 38.536802459881486], [27.73612810486665, 38.53518549237007], [27.7355891156962, 38.53518549237007], [27.7355891156962, 38.534646503199596]]]}, "id": "+385423+84352", "properties": {"area_ha": 5.3384135234235774, "count": 19, "label": 1, "mean_dnbr": 0.177291212691989}}, {"type": "Feature", "geometry": {"geodesic": false, "type": "Polygon", "coordinates": [[[27.73990102905995, 38.53141256817677], [27.74205698574184, 38.53141256817677], [27.74205698574184, 38.532490546517714], [27.74097900740091, 38.532490546517714], [27.74097900740091, 38.53356852485865], [27.7393620398895, 38.53356852485865], [27.7393620398895, 38.532490546517714], [27.73990102905995, 38.532490546517714], [27.73990102905995, 38.53141256817677]]]}, "id": "+385428+84358", "properties": {"area_ha": 3.9337568182924487, "count": 14, "label": 1, "mean_dnbr": 0.222294616292411}}, {"type": "Feature", "geometry": {"geodesic": false, "type": "Polygon", "coordinates": [[[27.74151799657139, 38.517937838914975], [27.74205698574184, 38.517937838914975], [27.74205698574184, 38.51847682808545], [27.74421294242373, 38.51847682808545], [27.74421294242373, 38.51955480642639], [27.74529092076469, 38.51955480642639], [27.74529092076469, 38.521710763108274], [27.74475193159421, 38.521710763108274], [27.74475193159421, 38.522249752278746], [27.74421294242373, 38.522249752278746], [27.74421294242373, 38.521710763108274], [27.7431349640828, 38.521710763108274], [27.7431349640828, 38.5211717739378], [27.74205698574184, 38.5211717739378], [27.74205698574184, 38.521710763108274], [27.74151799657139, 38.521710763108274], [27.74151799657139, 38.522249752278746], [27.74097900740091, 38.522249752278746], [27.74097900740091, 38.521710763108274], [27.74151799657139, 38.521710763108274], [27.74151799657139, 38.517937838914975]]]}, "id": "+385428+84383", "properties": {"area_ha": 10.960188239830286, "count": 39, "label": 1, "mean_dnbr": 0.20349493248643952}}, {"type": "Feature", "geometry": {"geodesic": false, "type": "Polygon", "coordinates": [[[27.74421294242373, 38.83917538451612], [27.74636889910562, 38.83917538451612], [27.74636889910562, 38.84079235202753], [27.74582990993514, 38.84079235202753], [27.74582990993514, 38.841331341198], [27.74475193159421, 38.841331341198], [27.74475193159421, 38.84079235202753], [27.74421294242373, 38.84079235202753], [27.74421294242373, 38.83917538451612]]]}, "id": "+385436+83787", "properties": {"area_ha": 3.9168725437579233, "count": 14, "label": 1, "mean_dnbr": 0.2618651441138145}}, {"type": "Feature", "geometry": {"geodesic": false, "type": "Polygon", "coordinates": [[[27.74582990993514, 38.83594144949328], [27.74798586661703, 38.83594144949328], [27.74798586661703, 38.836480438663756], [27.749063844957988, 38.836480438663756], [27.749063844957988, 38.83701942783423], [27.751219801639877, 38.83701942783423], [27.751219801639877, 38.838636395345645], [27.750680812469398, 38.838636395345645], [27.750680812469398, 38.83809740617517], [27.750141823298918, 38.83809740617517], [27.750141823298918, 38.838636395345645], [27.748524855787508, 38.838636395345645], [27.748524855787508, 38.83809740617517], [27.74798586661703, 38.83809740617517], [27.74798586661703, 38.83701942783423], [27.74529092076469, 38.83701942783423], [27.74529092076469, 38.836480438663756], [27.74582990993514, 38.836480438663756], [27.74582990993514, 38.83594144949328]]]}, "id": "+385439+83793", "properties": {"area_ha": 7.554286104346128, "count": 27, "label": 1, "mean_dnbr": 0.16521184318930093}}, {"type": "Feature", "geometry": {"geodesic": false, "type": "Polygon", "coordinates": [[[27.74798586661703, 37.864143975132784], [27.748524855787508, 37.864143975132784], [27.748524855787508, 37.8657609426442], [27.74960283412844, 37.8657609426442], [27.74960283412844, 37.86629993181467], [27.748524855787508, 37.86629993181467], [27.748524855787508, 37.866838920985145], [27.74960283412844, 37.866838920985145], [27.74960283412844, 37.86737791015562], [27.748524855787508, 37.86737791015562], [27.748524855787508, 37.866838920985145], [27.747446877446578, 37.866838920985145], [27.747446877446578, 37.86629993181467], [27.74636889910562, 37.86629993181467], [27.74636889910562, 37.8657609426442], [27.746907888276098, 37.8657609426442], [27.746907888276098, 37.86522195347373], [27.74798586661703, 37.86522195347373], [27.74798586661703, 37.864143975132784]]]}, "id": "+385440+85596", "properties": {"area_ha": 4.25349923998802, "count": 15, "label": 1, "mean_dnbr": 0.4123368194115593}}, {"type": "Feature", "geometry": {"geodesic": false, "type": "Polygon", "coordinates": [[[27.748524855787508, 38.82785661193621], [27.74960283412844, 38.82785661193621], [27.74960283412844, 38.828395601106685], [27.750680812469398, 38.828395601106685], [27.750680812469398, 38.830012568618095], [27.750141823298918, 38.830012568618095], [27.750141823298918, 38.83055155778857], [27.749063844957988, 38.83055155778857], [27.749063844957988, 38.83109054695904], [27.747446877446578, 38.83109054695904], [27.747446877446578, 38.83055155778857], [27.74798586661703, 38.83055155778857], [27.74798586661703, 38.82947357944762], [27.748524855787508, 38.82947357944762], [27.748524855787508, 38.82785661193621]]]}, "id": "+385442+83808", "properties": {"area_ha": 6.1560124141702435, "count": 22, "label": 1, "mean_dnbr": 0.19523116980435254}}, {"type": "Feature", "geometry": {"geodesic": false, "type": "Polygon", "coordinates": [[[27.74960283412844, 38.83917538451612], [27.751758790810328, 38.83917538451612], [27.751758790810328, 38.841331341198], [27.74960283412844, 38.841331341198], [27.74960283412844, 38.84079235202753], [27.749063844957988, 38.84079235202753], [27.749063844957988, 38.83971437368659], [27.74960283412844, 38.83971437368659], [27.74960283412844, 38.83917538451612]]]}, "id": "+385446+83787", "properties": {"area_ha": 5.035978249323408, "count": 18, "label": 1, "mean_dnbr": 0.2141008367112338}}, {"type": "Feature", "geometry": {"geodesic": false, "type": "Polygon", "coordinates": [[[27.752836769151287, 38.79605625087838], [27.754453736662697, 38.79605625087838], [27.754453736662697, 38.7976732183898], [27.753914747492217, 38.7976732183898], [27.753914747492217, 38.79821220756027], [27.752836769151287, 38.79821220756027], [27.752836769151287, 38.79605625087838]]]}, "id": "+385451+83867", "properties": {"area_ha": 3.079407486090825, "count": 11, "label": 1, "mean_dnbr": 0.27524254533874276}}, {"type": "Feature", "geometry": {"geodesic": false, "type": "Polygon", "coordinates": [[[27.754453736662697, 38.52763964398346], [27.755531715003627, 38.52763964398346], [27.755531715003627, 38.528178633153935], [27.754453736662697, 38.528178633153935], [27.754453736662697, 38.52979560066535], [27.751758790810328, 38.52979560066535], [27.751758790810328, 38.52871762232441], [27.752297779980807, 38.52871762232441], [27.752297779980807, 38.528178633153935], [27.754453736662697, 38.528178633153935], [27.754453736662697, 38.52763964398346]]]}, "id": "+385453+84365", "properties": {"area_ha": 4.495952611181623, "count": 16, "label": 1, "mean_dnbr": 0.1842293938988035}}, {"type": "Feature", "geometry": {"geodesic": false, "type": "Polygon", "coordinates": [[[27.755531715003627, 38.82785661193621], [27.757687671685517, 38.82785661193621], [27.757687671685517, 38.828395601106685], [27.759304639196955, 38.828395601106685], [27.759304639196955, 38.830012568618095], [27.758226660855996, 38.830012568618095], [27.758226660855996, 38.82947357944762], [27.755531715003627, 38.82947357944762], [27.755531715003627, 38.82785661193621]]]}, "id": "+385457+83808", "properties": {"area_ha": 5.596432175886522, "count": 20, "label": 1, "mean_dnbr": 0.31592539605176606}}, {"type": "Feature", "geometry": {"geodesic": false, "type": "Polygon", "coordinates": [[[27.758765650026476, 38.14441834377808], [27.759304639196955, 38.14441834377808], [27.759304639196955, 38.14495733294855], [27.759843628367406, 38.14495733294855], [27.759843628367406, 38.14657430045997], [27.761460595878816, 38.14657430045997], [27.761460595878816, 38.14819126797138], [27.760382617537886, 38.14819126797138], [27.760382617537886, 38.147652278800905], [27.759304639196955, 38.147652278800905], [27.759304639196955, 38.14711328963044], [27.758765650026476, 38.14711328963044], [27.758765650026476, 38.14657430045997], [27.759304639196955, 38.14657430045997], [27.759304639196955, 38.146035311289495], [27.758226660855996, 38.146035311289495], [27.758226660855996, 38.14549632211902], [27.758765650026476, 38.14549632211902], [27.758765650026476, 38.14441834377808]]]}, "id": "+385460+85076", "properties": {"area_ha": 5.0846994353308475, "count": 18, "label": 1, "mean_dnbr": 0.36232329399329455}}, {"type": "Feature", "geometry": {"geodesic": false, "type": "Polygon", "coordinates": [[[27.761999585049296, 38.76479487899102], [27.765772509242595, 38.76479487899102], [27.765772509242595, 38.766411846502436], [27.764155541731185, 38.766411846502436], [27.764155541731185, 38.76695083567291], [27.763616552560705, 38.76695083567291], [27.763616552560705, 38.76802881401385], [27.764155541731185, 38.76802881401385], [27.764155541731185, 38.76856780318432], [27.763077563390254, 38.76856780318432], [27.763077563390254, 38.76802881401385], [27.761999585049296, 38.76802881401385], [27.761999585049296, 38.76479487899102]]]}, "id": "+385472+83925", "properties": {"area_ha": 9.242189832470142, "count": 33, "label": 1, "mean_dnbr": 0.25607740672728213}}, {"type": "Feature", "geometry": {"geodesic": false, "type": "Polygon", "coordinates": [[[27.763616552560705, 38.812764915163], [27.766311498413074, 38.812764915163], [27.766311498413074, 38.81330390433347], [27.766850487583554, 38.81330390433347], [27.766850487583554, 38.813842893503946], [27.768467455094964, 38.813842893503946], [27.768467455094964, 38.81438188267442], [27.766850487583554, 38.81438188267442], [27.766850487583554, 38.81492087184489], [27.764155541731185, 38.81492087184489], [27.764155541731185, 38.81330390433347], [27.763616552560705, 38.81330390433347], [27.763616552560705, 38.812764915163]]]}, "id": "+385473+83836", "properties": {"area_ha": 6.437245512034624, "count": 23, "label": 1, "mean_dnbr": 0.34792209651388606}}, {"type": "Feature", "geometry": {"geodesic": false, "type": "Polygon", "coordinates": [[[27.767928465924484, 38.11423495023166], [27.769545433435894, 38.11423495023166], [27.769545433435894, 38.11639090691355], [27.767928465924484, 38.11639090691355], [27.767928465924484, 38.11423495023166]]]}, "id": "+385479+85132", "properties": {"area_ha": 3.3912521891958263, "count": 12, "label": 1, "mean_dnbr": 0.32092680050319655}}, {"type": "Feature", "geometry": {"geodesic": false, "type": "Polygon", "coordinates": [[[27.770623411776853, 38.82138874189055], [27.772779368458743, 38.82138874189055], [27.772779368458743, 38.823544698572434], [27.775474314311083, 38.823544698572434], [27.775474314311083, 38.824083687742906], [27.769545433435894, 38.824083687742906], [27.769545433435894, 38.823544698572434], [27.770084422606374, 38.823544698572434], [27.770084422606374, 38.822466720231496], [27.770623411776853, 38.822466720231496], [27.770623411776853, 38.82138874189055]]]}, "id": "+385485+83820", "properties": {"area_ha": 8.115607801129965, "count": 29, "label": 1, "mean_dnbr": 0.2741184624708147}}, {"type": "Feature", "geometry": {"geodesic": false, "type": "Polygon", "coordinates": [[[27.773318357629194, 38.82893459027715], [27.774396335970152, 38.82893459027715], [27.774396335970152, 38.830012568618095], [27.773857346799673, 38.830012568618095], [27.773857346799673, 38.83109054695904], [27.774396335970152, 38.83109054695904], [27.774396335970152, 38.832168525299984], [27.773857346799673, 38.832168525299984], [27.773857346799673, 38.83324650364093], [27.77870824933393, 38.83324650364093], [27.77870824933393, 38.8337854928114], [27.779247238504382, 38.8337854928114], [27.779247238504382, 38.83486347115234], [27.77870824933393, 38.83486347115234], [27.77870824933393, 38.83540246032281], [27.774935325140632, 38.83540246032281], [27.774935325140632, 38.83486347115234], [27.774396335970152, 38.83486347115234], [27.774396335970152, 38.834324481981874], [27.773857346799673, 38.834324481981874], [27.773857346799673, 38.83486347115234], [27.773318357629194, 38.83486347115234], [27.773318357629194, 38.82893459027715]]]}, "id": "+385488+83806", "properties": {"area_ha": 13.99012376172769, "count": 50, "label": 1, "mean_dnbr": 0.22252373281143098}}, {"type": "Feature", "geometry": {"geodesic": false, "type": "Polygon", "coordinates": [[[27.774935325140632, 38.125014733641095], [27.776552292652042, 38.125014733641095], [27.776552292652042, 38.12663170115251], [27.777630270992972, 38.12663170115251], [27.777630270992972, 38.127170690322984], [27.778169260163452, 38.127170690322984], [27.778169260163452, 38.12770967949346], [27.777630270992972, 38.12770967949346], [27.777630270992972, 38.12824866866393], [27.776013303481562, 38.12824866866393], [27.776013303481562, 38.12770967949346], [27.774935325140632, 38.12770967949346], [27.774935325140632, 38.127170690322984], [27.775474314311083, 38.127170690322984], [27.775474314311083, 38.12609271198204], [27.774935325140632, 38.12609271198204], [27.774935325140632, 38.125014733641095]]]}, "id": "+385492+85112", "properties": {"area_ha": 5.933759957753576, "count": 21, "label": 1, "mean_dnbr": 0.3937949321850131}}, {"type": "Feature", "geometry": {"geodesic": false, "type": "Polygon", "coordinates": [[[27.771162400947333, 38.84294830870942], [27.77709128182252, 38.84294830870942], [27.77709128182252, 38.84402628705036], [27.772779368458743, 38.84402628705036], [27.772779368458743, 38.84348729787989], [27.771701390117784, 38.84348729787989], [27.771701390117784, 38.84402628705036], [27.771162400947333, 38.84402628705036], [27.771162400947333, 38.84294830870942]]]}, "id": "+385493+83780", "properties": {"area_ha": 5.595192421513163, "count": 20, "label": 1, "mean_dnbr": 0.20969750120684785}}, {"type": "Feature", "geometry": {"geodesic": false, "type": "Polygon", "coordinates": [[[27.77709128182252, 38.10561112350411], [27.777630270992972, 38.10561112350411], [27.777630270992972, 38.106150112674584], [27.779247238504382, 38.106150112674584], [27.779247238504382, 38.10722809101553], [27.77978622767486, 38.10722809101553], [27.77978622767486, 38.10830606935647], [27.778169260163452, 38.10830606935647], [27.778169260163452, 38.10938404769742], [27.77709128182252, 38.10938404769742], [27.77709128182252, 38.11046202603836], [27.776013303481562, 38.11046202603836], [27.776013303481562, 38.10938404769742], [27.77709128182252, 38.10938404769742], [27.77709128182252, 38.10561112350411]]]}, "id": "+385494+85148", "properties": {"area_ha": 7.6310970053722125, "count": 27, "label": 1, "mean_dnbr": 0.26617438802198623}}, {"type": "Feature", "geometry": {"geodesic": false, "type": "Polygon", "coordinates": [[[27.78355915186816, 38.82947357944762], [27.78409814103864, 38.82947357944762], [27.78409814103864, 38.830012568618095], [27.78463713020912, 38.830012568618095], [27.78463713020912, 38.83324650364093], [27.78302016269771, 38.83324650364093], [27.78302016269771, 38.83270751447046], [27.78355915186816, 38.83270751447046], [27.78355915186816, 38.82947357944762]]]}, "id": "+385506+83805", "properties": {"area_ha": 3.917351305610664, "count": 14, "label": 1, "mean_dnbr": 0.2781871730283715}}, {"type": "Feature", "geometry": {"geodesic": false, "type": "Polygon", "coordinates": [[[27.78355915186816, 37.86629993181467], [27.78463713020912, 37.86629993181467], [27.78463713020912, 37.866838920985145], [27.7851761193796, 37.866838920985145], [27.7851761193796, 37.86737791015562], [27.78679308689101, 37.86737791015562], [27.78679308689101, 37.86845588849656], [27.78463713020912, 37.86845588849656], [27.78463713020912, 37.86791689932609], [27.78409814103864, 37.86791689932609], [27.78409814103864, 37.86737791015562], [27.78355915186816, 37.86737791015562], [27.78355915186816, 37.86629993181467]]]}, "id": "+385507+85592", "properties": {"area_ha": 3.969850489968346, "count": 14, "label": 1, "mean_dnbr": 0.29115300996284366}}, {"type": "Feature", "geometry": {"geodesic": false, "type": "Polygon", "coordinates": [[[27.7851761193796, 38.79605625087838], [27.78679308689101, 38.79605625087838], [27.78679308689101, 38.79821220756027], [27.7851761193796, 38.79821220756027], [27.7851761193796, 38.79605625087838]]]}, "id": "+385511+83867", "properties": {"area_ha": 3.359352261096781, "count": 12, "label": 1, "mean_dnbr": 0.3850377062547396}}, {"type": "Feature", "geometry": {"geodesic": false, "type": "Polygon", "coordinates": [[[27.78679308689101, 38.841331341198], [27.78787106523194, 38.841331341198], [27.78787106523194, 38.84187033036847], [27.78841005440242, 38.84187033036847], [27.78841005440242, 38.84294830870942], [27.78787106523194, 38.84294830870942], [27.78787106523194, 38.84348729787989], [27.78841005440242, 38.84348729787989], [27.78841005440242, 38.84402628705036], [27.78733207606146, 38.84402628705036], [27.78733207606146, 38.844565276220834], [27.78679308689101, 38.844565276220834], [27.78679308689101, 38.84402628705036], [27.78571510855005, 38.84402628705036], [27.78571510855005, 38.84294830870942], [27.78625409772053, 38.84294830870942], [27.78625409772053, 38.84187033036847], [27.78679308689101, 38.84187033036847], [27.78679308689101, 38.841331341198]], [[27.78787106523194, 38.842409319538945], [27.78787106523194, 38.84294830870942], [27.78733207606146, 38.84294830870942], [27.78733207606146, 38.842409319538945], [27.78787106523194, 38.842409319538945]], [[27.78733207606146, 38.84187033036847], [27.78733207606146, 38.842409319538945], [27.78679308689101, 38.842409319538945], [27.78679308689101, 38.84187033036847], [27.78733207606146, 38.84187033036847]]]}, "id": "+385513+83783", "properties": {"area_ha": 5.035786044099881, "count": 18, "label": 1, "mean_dnbr": 0.3460919442715888}}, {"type": "Feature", "geometry": {"geodesic": false, "type": "Polygon", "coordinates": [[[27.78571510855005, 38.828395601106685], [27.78787106523194, 38.828395601106685], [27.78787106523194, 38.82893459027715], [27.7889490435729, 38.82893459027715], [27.7889490435729, 38.82947357944762], [27.78948803274335, 38.82947357944762], [27.78948803274335, 38.830012568618095], [27.79056601108431, 38.830012568618095], [27.79056601108431, 38.83055155778857], [27.791105000254788, 38.83055155778857], [27.791105000254788, 38.83109054695904], [27.78948803274335, 38.83109054695904], [27.78948803274335, 38.83055155778857], [27.78625409772053, 38.83055155778857], [27.78625409772053, 38.830012568618095], [27.78571510855005, 38.830012568618095], [27.78571510855005, 38.828395601106685]]]}, "id": "+385513+83807", "properties": {"area_ha": 7.834918221944215, "count": 28, "label": 1, "mean_dnbr": 0.2870319757451985}}, {"type": "Feature", "geometry": {"geodesic": false, "type": "Polygon", "coordinates": [[[27.79218297859572, 38.12609271198204], [27.792721967766198, 38.12609271198204], [27.792721967766198, 38.1287876578344], [27.79002702191383, 38.1287876578344], [27.79002702191383, 38.12770967949346], [27.78787106523194, 38.12770967949346], [27.78787106523194, 38.127170690322984], [27.78733207606146, 38.127170690322984], [27.78733207606146, 38.12663170115251], [27.78841005440242, 38.12663170115251], [27.78841005440242, 38.127170690322984], [27.79056601108431, 38.127170690322984], [27.79056601108431, 38.12663170115251], [27.79218297859572, 38.12663170115251], [27.79218297859572, 38.12609271198204]]]}, "id": "+385522+85110", "properties": {"area_ha": 7.346487870211298, "count": 26, "label": 1, "mean_dnbr": 0.3992950144694901}}, {"type": "Feature", "geometry": {"geodesic": false, "type": "Polygon", "coordinates": [[[27.79164398942524, 38.83540246032281], [27.79326095693665, 38.83540246032281], [27.79326095693665, 38.83594144949328], [27.79379994610713, 38.83594144949328], [27.79379994610713, 38.836480438663756], [27.795955902789018, 38.836480438663756], [27.795955902789018, 38.83701942783423], [27.79379994610713, 38.83701942783423], [27.79379994610713, 38.8375584170047], [27.79056601108431, 38.8375584170047], [27.79056601108431, 38.83701942783423], [27.791105000254788, 38.83701942783423], [27.791105000254788, 38.83594144949328], [27.79164398942524, 38.83594144949328], [27.79164398942524, 38.83540246032281]]]}, "id": "+385523+83794", "properties": {"area_ha": 6.43520841935303, "count": 23, "label": 1, "mean_dnbr": 0.2286668824573109}}, {"type": "Feature", "geometry": {"geodesic": false, "type": "Polygon", "coordinates": [[[27.794338935277608, 38.114773939402134], [27.794877924448087, 38.114773939402134], [27.794877924448087, 38.11531292857261], [27.795955902789018, 38.11531292857261], [27.795955902789018, 38.11585191774308], [27.796494891959497, 38.11585191774308], [27.796494891959497, 38.11639090691355], [27.795955902789018, 38.11639090691355], [27.795955902789018, 38.116929896084024], [27.794877924448087, 38.116929896084024], [27.794877924448087, 38.11639090691355], [27.79379994610713, 38.11639090691355], [27.79379994610713, 38.11531292857261], [27.794338935277608, 38.11531292857261], [27.794338935277608, 38.114773939402134]]]}, "id": "+385526+85131", "properties": {"area_ha": 3.3912236351695095, "count": 12, "label": 1, "mean_dnbr": 0.3660897554122279}}, {"type": "Feature", "geometry": {"geodesic": false, "type": "Polygon", "coordinates": [[[27.794877924448087, 38.13902845207336], [27.796494891959497, 38.13902845207336], [27.796494891959497, 38.139567441243834], [27.797033881129977, 38.139567441243834], [27.797033881129977, 38.140106430414306], [27.796494891959497, 38.140106430414306], [27.796494891959497, 38.14118440875525], [27.79541691361854, 38.14118440875525], [27.79541691361854, 38.14064541958478], [27.79379994610713, 38.14064541958478], [27.79379994610713, 38.140106430414306], [27.794338935277608, 38.140106430414306], [27.794338935277608, 38.139567441243834], [27.794877924448087, 38.139567441243834], [27.794877924448087, 38.13902845207336]]]}, "id": "+385529+85086", "properties": {"area_ha": 4.237629499110307, "count": 15, "label": 1, "mean_dnbr": 0.38034866973833387}}, {"type": "Feature", "geometry": {"geodesic": false, "type": "Polygon", "coordinates": [[[27.795955902789018, 38.841331341198], [27.797033881129977, 38.841331341198], [27.797033881129977, 38.84348729787989], [27.796494891959497, 38.84348729787989], [27.796494891959497, 38.84402628705036], [27.794877924448087, 38.84402628705036], [27.794877924448087, 38.84187033036847], [27.795955902789018, 38.84187033036847], [27.795955902789018, 38.841331341198]]]}, "id": "+385530+83783", "properties": {"area_ha": 4.756036608154356, "count": 17, "label": 1, "mean_dnbr": 0.27625861388320117}}, {"type": "Feature", "geometry": {"geodesic": false, "type": "Polygon", "coordinates": [[[27.794877924448087, 38.83917538451612], [27.798650848641387, 38.83917538451612], [27.798650848641387, 38.83971437368659], [27.800267816152797, 38.83971437368659], [27.800267816152797, 38.84025336285706], [27.802423772834686, 38.84025336285706], [27.802423772834686, 38.84079235202753], [27.804579729516576, 38.84079235202753], [27.804579729516576, 38.842409319538945], [27.802423772834686, 38.842409319538945], [27.802423772834686, 38.84187033036847], [27.799189837811838, 38.84187033036847], [27.799189837811838, 38.841331341198], [27.799728826982317, 38.841331341198], [27.799728826982317, 38.84025336285706], [27.794338935277608, 38.84025336285706], [27.794338935277608, 38.83971437368659], [27.794877924448087, 38.83971437368659], [27.794877924448087, 38.83917538451612]]]}, "id": "+385533+83787", "properties": {"area_ha": 12.869723111554078, "count": 46, "label": 1, "mean_dnbr": 0.2696882696382133}}, {"type": "Feature", "geometry": {"geodesic": false, "type": "Polygon", "coordinates": [[[27.798650848641387, 38.74000137714932], [27.800806805323276, 38.74000137714932], [27.800806805323276, 38.74054036631979], [27.801345794493727, 38.74054036631979], [27.801345794493727, 38.741079355490264], [27.800806805323276, 38.741079355490264], [27.800806805323276, 38.741618344660736], [27.798111859470907, 38.741618344660736], [27.798111859470907, 38.74054036631979], [27.798650848641387, 38.74054036631979], [27.798650848641387, 38.74000137714932]]]}, "id": "+385537+83971", "properties": {"area_ha": 4.202511268597238, "count": 15, "label": 1, "mean_dnbr": 0.32236828606579243}}, {"type": "Feature", "geometry": {"geodesic": false, "type": "Polygon", "coordinates": [[[27.799189837811838, 38.13848946290289], [27.800806805323276, 38.13848946290289], [27.800806805323276, 38.140106430414306], [27.798650848641387, 38.140106430414306], [27.798650848641387, 38.13902845207336], [27.799189837811838, 38.13902845207336], [27.799189837811838, 38.13848946290289]]]}, "id": "+385537+85087", "properties": {"area_ha": 3.1076284153824676, "count": 11, "label": 1, "mean_dnbr": 0.4176528217707663}}, {"type": "Feature", "geometry": {"geodesic": false, "type": "Polygon", "coordinates": [[[27.797572870300428, 38.12770967949346], [27.800806805323276, 38.12770967949346], [27.800806805323276, 38.12824866866393], [27.800267816152797, 38.12824866866393], [27.800267816152797, 38.1287876578344], [27.797572870300428, 38.1287876578344], [27.797572870300428, 38.12770967949346]]]}, "id": "+385537+85107", "properties": {"area_ha": 3.1080885034549013, "count": 11, "label": 1, "mean_dnbr": 0.36453229380065466}}, {"type": "Feature", "geometry": {"geodesic": false, "type": "Polygon", "coordinates": [[[27.801884783664207, 38.14819126797138], [27.802423772834686, 38.14819126797138], [27.802423772834686, 38.15034722465327], [27.802962762005166, 38.15034722465327], [27.802962762005166, 38.149808235482794], [27.803501751175617, 38.149808235482794], [27.803501751175617, 38.15034722465327], [27.804040740346096, 38.15034722465327], [27.804040740346096, 38.15088621382374], [27.804579729516576, 38.15088621382374], [27.804579729516576, 38.15142520299421], [27.802423772834686, 38.15142520299421], [27.802423772834686, 38.15034722465327], [27.800806805323276, 38.15034722465327], [27.800806805323276, 38.14873025714185], [27.801884783664207, 38.14873025714185], [27.801884783664207, 38.14819126797138]]]}, "id": "+385540+85069", "properties": {"area_ha": 5.084466355227426, "count": 18, "label": 1, "mean_dnbr": 0.31326298777573275}}, {"type": "Feature", "geometry": {"geodesic": false, "type": "Polygon", "coordinates": [[[27.804579729516576, 38.151964192164684], [27.805118718687027, 38.151964192164684], [27.805118718687027, 38.152503181335156], [27.806196697027985, 38.152503181335156], [27.806196697027985, 38.15304217050563], [27.805118718687027, 38.15304217050563], [27.805118718687027, 38.154120148846566], [27.804579729516576, 38.154120148846566], [27.804579729516576, 38.15465913801704], [27.804040740346096, 38.15465913801704], [27.804040740346096, 38.154120148846566], [27.803501751175617, 38.154120148846566], [27.803501751175617, 38.15465913801704], [27.802423772834686, 38.15465913801704], [27.802423772834686, 38.153581159676094], [27.801345794493727, 38.153581159676094], [27.801345794493727, 38.15519812718751], [27.800806805323276, 38.15519812718751], [27.800806805323276, 38.156276105528455], [27.799728826982317, 38.156276105528455], [27.799728826982317, 38.154120148846566], [27.800267816152797, 38.154120148846566], [27.800267816152797, 38.152503181335156], [27.801884783664207, 38.152503181335156], [27.801884783664207, 38.151964192164684], [27.803501751175617, 38.151964192164684], [27.803501751175617, 38.15304217050563], [27.805118718687027, 38.15304217050563], [27.805118718687027, 38.152503181335156], [27.804579729516576, 38.152503181335156], [27.804579729516576, 38.151964192164684]]]}, "id": "+385545+85062", "properties": {"area_ha": 11.580678686226172, "count": 41, "label": 1, "mean_dnbr": 0.4434139168225806}}, {"type": "Feature", "geometry": {"geodesic": false, "type": "Polygon", "coordinates": [[[27.806196697027985, 38.14926924631232], [27.807274675368916, 38.14926924631232], [27.807274675368916, 38.149808235482794], [27.807813664539395, 38.149808235482794], [27.807813664539395, 38.15034722465327], [27.806735686198465, 38.15034722465327], [27.806735686198465, 38.15088621382374], [27.807274675368916, 38.15088621382374], [27.807274675368916, 38.15142520299421], [27.809430632050805, 38.15142520299421], [27.809430632050805, 38.153581159676094], [27.808891642880354, 38.153581159676094], [27.808891642880354, 38.152503181335156], [27.806735686198465, 38.152503181335156], [27.806735686198465, 38.151964192164684], [27.806196697027985, 38.151964192164684], [27.806196697027985, 38.15142520299421], [27.805118718687027, 38.15142520299421], [27.805118718687027, 38.15034722465327], [27.805657707857506, 38.15034722465327], [27.805657707857506, 38.149808235482794], [27.806196697027985, 38.149808235482794], [27.806196697027985, 38.14926924631232]], [[27.806196697027985, 38.15034722465327], [27.806196697027985, 38.15088621382374], [27.805657707857506, 38.15088621382374], [27.805657707857506, 38.15034722465327], [27.806196697027985, 38.15034722465327]]]}, "id": "+385549+85067", "properties": {"area_ha": 7.061625942527112, "count": 25, "label": 1, "mean_dnbr": 0.28875876064963246}}, {"type": "Feature", "geometry": {"geodesic": false, "type": "Polygon", "coordinates": [[[27.808352653709875, 38.776113651570924], [27.809430632050805, 38.776113651570924], [27.809430632050805, 38.77719162991187], [27.809969621221285, 38.77719162991187], [27.809969621221285, 38.77773061908234], [27.810508610391764, 38.77773061908234], [27.810508610391764, 38.77826960825281], [27.807813664539395, 38.77826960825281], [27.807813664539395, 38.778808597423286], [27.807274675368916, 38.778808597423286], [27.807274675368916, 38.776652640741396], [27.808352653709875, 38.776652640741396], [27.808352653709875, 38.776113651570924]]]}, "id": "+385553+83904", "properties": {"area_ha": 5.040430646510195, "count": 18, "label": 1, "mean_dnbr": 0.2683571436693809}}, {"type": "Feature", "geometry": {"geodesic": false, "type": "Polygon", "coordinates": [[[27.816437491266953, 38.111001015208835], [27.816976480437404, 38.111001015208835], [27.816976480437404, 38.1115400043793], [27.818054458778363, 38.1115400043793], [27.818054458778363, 38.11207899354977], [27.816437491266953, 38.11207899354977], [27.816437491266953, 38.112617982720245], [27.818054458778363, 38.112617982720245], [27.818054458778363, 38.11315697189072], [27.817515469607883, 38.11315697189072], [27.817515469607883, 38.11369596106119], [27.815359512925994, 38.11369596106119], [27.815359512925994, 38.11207899354977], [27.816437491266953, 38.11207899354977], [27.816437491266953, 38.111001015208835]]]}, "id": "+385567+85138", "properties": {"area_ha": 4.239225778951442, "count": 15, "label": 1, "mean_dnbr": 0.2979708350811846}}, {"type": "Feature", "geometry": {"geodesic": false, "type": "Polygon", "coordinates": [[[27.815898502096474, 38.12447574447062], [27.817515469607883, 38.12447574447062], [27.817515469607883, 38.12609271198204], [27.816976480437404, 38.12609271198204], [27.816976480437404, 38.12663170115251], [27.816437491266953, 38.12663170115251], [27.816437491266953, 38.127170690322984], [27.815898502096474, 38.127170690322984], [27.815898502096474, 38.12663170115251], [27.814281534585064, 38.12663170115251], [27.814281534585064, 38.127170690322984], [27.813742545414584, 38.127170690322984], [27.813742545414584, 38.12555372281157], [27.814281534585064, 38.12555372281157], [27.814281534585064, 38.125014733641095], [27.815898502096474, 38.125014733641095], [27.815898502096474, 38.12447574447062]]]}, "id": "+385568+85113", "properties": {"area_ha": 6.7815297583718595, "count": 24, "label": 1, "mean_dnbr": 0.26498271421421327}}, {"type": "Feature", "geometry": {"geodesic": false, "type": "Polygon", "coordinates": [[[27.819671426289773, 38.83055155778857], [27.820210415460252, 38.83055155778857], [27.820210415460252, 38.83109054695904], [27.82074940463073, 38.83109054695904], [27.82074940463073, 38.83324650364093], [27.821288393801183, 38.83324650364093], [27.821288393801183, 38.8337854928114], [27.820210415460252, 38.8337854928114], [27.820210415460252, 38.83324650364093], [27.819671426289773, 38.83324650364093], [27.819671426289773, 38.832168525299984], [27.819132437119293, 38.832168525299984], [27.819132437119293, 38.83162953612951], [27.818593447948842, 38.83162953612951], [27.818593447948842, 38.83055155778857], [27.819132437119293, 38.83055155778857], [27.819132437119293, 38.83109054695904], [27.819671426289773, 38.83109054695904], [27.819671426289773, 38.83055155778857]]]}, "id": "+385573+83803", "properties": {"area_ha": 4.197133365307582, "count": 15, "label": 1, "mean_dnbr": 0.28775094145203056}}, {"type": "Feature", "geometry": {"geodesic": false, "type": "Polygon", "coordinates": [[[27.819132437119293, 38.12339776612968], [27.82074940463073, 38.12339776612968], [27.82074940463073, 38.12393675530015], [27.820210415460252, 38.12393675530015], [27.820210415460252, 38.125014733641095], [27.818054458778363, 38.125014733641095], [27.818054458778363, 38.12393675530015], [27.819132437119293, 38.12393675530015], [27.819132437119293, 38.12339776612968]]]}, "id": "+385574+85115", "properties": {"area_ha": 3.108270393969304, "count": 11, "label": 1, "mean_dnbr": 0.3602788386090641}}, {"type": "Feature", "geometry": {"geodesic": false, "type": "Polygon", "coordinates": [[[27.82613929633544, 38.776652640741396], [27.82721727467637, 38.776652640741396], [27.82721727467637, 38.77773061908234], [27.82775626384685, 38.77773061908234], [27.82775626384685, 38.778808597423286], [27.82613929633544, 38.778808597423286], [27.82613929633544, 38.77773061908234], [27.82560030716496, 38.77773061908234], [27.82560030716496, 38.77719162991187], [27.82613929633544, 38.77719162991187], [27.82613929633544, 38.776652640741396]]]}, "id": "+385586+83903", "properties": {"area_ha": 3.0802432143741485, "count": 11, "label": 1, "mean_dnbr": 0.4518169652244058}}, {"type": "Feature", "geometry": {"geodesic": false, "type": "Polygon", "coordinates": [[[27.82721727467637, 38.139567441243834], [27.82775626384685, 38.139567441243834], [27.82775626384685, 38.140106430414306], [27.82721727467637, 38.140106430414306], [27.82721727467637, 38.14064541958478], [27.82667828550592, 38.14064541958478], [27.82667828550592, 38.14118440875525], [27.82613929633544, 38.14118440875525], [27.82613929633544, 38.141723397925716], [27.82560030716496, 38.141723397925716], [27.82560030716496, 38.14226238709619], [27.82398333965355, 38.14226238709619], [27.82398333965355, 38.14118440875525], [27.82452232882403, 38.14118440875525], [27.82452232882403, 38.14064541958478], [27.825061317994482, 38.14064541958478], [27.825061317994482, 38.140106430414306], [27.82721727467637, 38.140106430414306], [27.82721727467637, 38.139567441243834]]]}, "id": "+385587+85085", "properties": {"area_ha": 4.520071800465872, "count": 16, "label": 1, "mean_dnbr": 0.26641813356391075}}, {"type": "Feature", "geometry": {"geodesic": false, "type": "Polygon", "coordinates": [[[27.82775626384685, 38.16166599723317], [27.83045120969922, 38.16166599723317], [27.83045120969922, 38.162204986403644], [27.83099019886967, 38.162204986403644], [27.83099019886967, 38.16436094308553], [27.82991222052874, 38.16436094308553], [27.82991222052874, 38.16382195391506], [27.82937323135826, 38.16382195391506], [27.82937323135826, 38.16328296474459], [27.82883424218778, 38.16328296474459], [27.82883424218778, 38.16274397557412], [27.82829525301733, 38.16274397557412], [27.82829525301733, 38.16382195391506], [27.82775626384685, 38.16382195391506], [27.82775626384685, 38.16166599723317]]]}, "id": "+385592+85044", "properties": {"area_ha": 6.213237156158435, "count": 22, "label": 1, "mean_dnbr": 0.32913632597061543}}, {"type": "Feature", "geometry": {"geodesic": false, "type": "Polygon", "coordinates": [[[27.83099019886967, 37.909958054622884], [27.83260716638111, 37.909958054622884], [27.83260716638111, 37.9115750221343], [27.83314615555156, 37.9115750221343], [27.83314615555156, 37.91211401130477], [27.83368514472204, 37.91211401130477], [27.83368514472204, 37.91696491383902], [27.83206817721063, 37.91696491383902], [27.83206817721063, 37.91588693549807], [27.83260716638111, 37.91588693549807], [27.83260716638111, 37.9153479463276], [27.83314615555156, 37.9153479463276], [27.83314615555156, 37.91480895715713], [27.83152918804015, 37.91480895715713], [27.83152918804015, 37.914269967986655], [27.83206817721063, 37.914269967986655], [27.83206817721063, 37.91373097881618], [27.83152918804015, 37.91373097881618], [27.83152918804015, 37.91319198964571], [27.83045120969922, 37.91319198964571], [27.83045120969922, 37.91211401130477], [27.83152918804015, 37.91211401130477], [27.83152918804015, 37.91103603296383], [27.83099019886967, 37.91103603296383], [27.83099019886967, 37.909958054622884]]]}, "id": "+385596+85511", "properties": {"area_ha": 12.185527782673862, "count": 43, "label": 1, "mean_dnbr": 0.34309980269775425}}, {"type": "Feature", "geometry": {"geodesic": false, "type": "Polygon", "coordinates": [[[27.83314615555156, 38.14549632211902], [27.83368514472204, 38.14549632211902], [27.83368514472204, 38.146035311289495], [27.83422413389252, 38.146035311289495], [27.83422413389252, 38.14711328963044], [27.83368514472204, 38.14711328963044], [27.83368514472204, 38.147652278800905], [27.83314615555156, 38.147652278800905], [27.83314615555156, 38.14873025714185], [27.83260716638111, 38.14873025714185], [27.83260716638111, 38.14926924631232], [27.83206817721063, 38.14926924631232], [27.83206817721063, 38.15034722465327], [27.83152918804015, 38.15034722465327], [27.83152918804015, 38.151964192164684], [27.83099019886967, 38.151964192164684], [27.83099019886967, 38.15304217050563], [27.82829525301733, 38.15304217050563], [27.82829525301733, 38.152503181335156], [27.82937323135826, 38.152503181335156], [27.82937323135826, 38.151964192164684], [27.82991222052874, 38.151964192164684], [27.82991222052874, 38.15142520299421], [27.82937323135826, 38.15142520299421], [27.82937323135826, 38.14926924631232], [27.82991222052874, 38.14926924631232], [27.82991222052874, 38.14819126797138], [27.83045120969922, 38.14819126797138], [27.83045120969922, 38.14873025714185], [27.83152918804015, 38.14873025714185], [27.83152918804015, 38.147652278800905], [27.83206817721063, 38.147652278800905], [27.83206817721063, 38.14657430045997], [27.83260716638111, 38.14657430045997], [27.83260716638111, 38.146035311289495], [27.83314615555156, 38.146035311289495], [27.83314615555156, 38.14549632211902]]]}, "id": "+385598+85074", "properties": {"area_ha": 14.688541977493983, "count": 52, "label": 1, "mean_dnbr": 0.2906826519653002}}, {"type": "Feature", "geometry": {"geodesic": false, "type": "Polygon", "coordinates": [[[27.83260716638111, 38.210175022575626], [27.83422413389252, 38.210175022575626], [27.83422413389252, 38.2107140117461], [27.83314615555156, 38.2107140117461], [27.83314615555156, 38.21179199008704], [27.83260716638111, 38.21179199008704], [27.83260716638111, 38.212330979257516], [27.83314615555156, 38.212330979257516], [27.83314615555156, 38.21340895759846], [27.83206817721063, 38.21340895759846], [27.83206817721063, 38.21286996842799], [27.83152918804015, 38.21286996842799], [27.83152918804015, 38.212330979257516], [27.83045120969922, 38.212330979257516], [27.83045120969922, 38.21179199008704], [27.83152918804015, 38.21179199008704], [27.83152918804015, 38.2107140117461], [27.83260716638111, 38.2107140117461], [27.83260716638111, 38.210175022575626]]]}, "id": "+385599+84954", "properties": {"area_ha": 5.080153272012146, "count": 18, "label": 1, "mean_dnbr": 0.19965876644624647}}, {"type": "Feature", "geometry": {"geodesic": false, "type": "Polygon", "coordinates": [[[27.83260716638111, 38.1287876578344], [27.83476312306297, 38.1287876578344], [27.83476312306297, 38.12986563617534], [27.83422413389252, 38.12986563617534], [27.83422413389252, 38.13040462534581], [27.83476312306297, 38.13040462534581], [27.83476312306297, 38.13094361451628], [27.83260716638111, 38.13094361451628], [27.83260716638111, 38.13040462534581], [27.83206817721063, 38.13040462534581], [27.83206817721063, 38.12986563617534], [27.83260716638111, 38.12986563617534], [27.83260716638111, 38.1287876578344]]]}, "id": "+385600+85105", "properties": {"area_ha": 4.520768427721725, "count": 16, "label": 1, "mean_dnbr": 0.2749540793104222}}, {"type": "Feature", "geometry": {"geodesic": false, "type": "Polygon", "coordinates": [[[27.83476312306297, 38.14657430045997], [27.83584110140393, 38.14657430045997], [27.83584110140393, 38.14711328963044], [27.83638009057441, 38.14711328963044], [27.83638009057441, 38.147652278800905], [27.83745806891534, 38.147652278800905], [27.83745806891534, 38.14819126797138], [27.83799705808582, 38.14819126797138], [27.83799705808582, 38.14926924631232], [27.83745806891534, 38.14926924631232], [27.83745806891534, 38.149808235482794], [27.83638009057441, 38.149808235482794], [27.83638009057441, 38.15088621382374], [27.83530211223345, 38.15088621382374], [27.83530211223345, 38.151964192164684], [27.83368514472204, 38.151964192164684], [27.83368514472204, 38.149808235482794], [27.83422413389252, 38.149808235482794], [27.83422413389252, 38.14926924631232], [27.83476312306297, 38.14926924631232], [27.83476312306297, 38.14873025714185], [27.83530211223345, 38.14873025714185], [27.83530211223345, 38.147652278800905], [27.83476312306297, 38.147652278800905], [27.83476312306297, 38.14657430045997]]]}, "id": "+385602+85072", "properties": {"area_ha": 11.86384984819863, "count": 42, "label": 1, "mean_dnbr": 0.3050954218715135}}, {"type": "Feature", "geometry": {"geodesic": false, "type": "Polygon", "coordinates": [[[27.83530211223345, 38.20748007672327], [27.83691907974486, 38.20748007672327], [27.83691907974486, 38.21125300091657], [27.83638009057441, 38.21125300091657], [27.83638009057441, 38.2107140117461], [27.83584110140393, 38.2107140117461], [27.83584110140393, 38.20801906589374], [27.83530211223345, 38.20801906589374], [27.83530211223345, 38.20748007672327]]]}, "id": "+385604+84959", "properties": {"area_ha": 3.9513702117690737, "count": 14, "label": 1, "mean_dnbr": 0.2289750509714364}}, {"type": "Feature", "geometry": {"geodesic": false, "type": "Polygon", "coordinates": [[[27.843386949790528, 38.84025336285706], [27.843925938961007, 38.84025336285706], [27.843925938961007, 38.84079235202753], [27.844464928131487, 38.84079235202753], [27.844464928131487, 38.84187033036847], [27.843925938961007, 38.84187033036847], [27.843925938961007, 38.842409319538945], [27.842308971449597, 38.842409319538945], [27.842308971449597, 38.84079235202753], [27.843386949790528, 38.84079235202753], [27.843386949790528, 38.84025336285706]]]}, "id": "+385617+83785", "properties": {"area_ha": 3.357263543762021, "count": 12, "label": 1, "mean_dnbr": 0.284280230986897}}, {"type": "Feature", "geometry": {"geodesic": false, "type": "Polygon", "coordinates": [[[27.844464928131487, 38.19292736912053], [27.845003917301938, 38.19292736912053], [27.845003917301938, 38.193466358291005], [27.845542906472417, 38.193466358291005], [27.845542906472417, 38.19400534746148], [27.845003917301938, 38.19400534746148], [27.845003917301938, 38.19562231497289], [27.843925938961007, 38.19562231497289], [27.843925938961007, 38.19454433663195], [27.843386949790528, 38.19454433663195], [27.843386949790528, 38.19508332580242], [27.842308971449597, 38.19508332580242], [27.842308971449597, 38.19400534746148], [27.843925938961007, 38.19400534746148], [27.843925938961007, 38.193466358291005], [27.844464928131487, 38.193466358291005], [27.844464928131487, 38.19292736912053]]]}, "id": "+385619+84986", "properties": {"area_ha": 4.234470381101321, "count": 15, "label": 1, "mean_dnbr": 0.3047802179585356}}, {"type": "Feature", "geometry": {"geodesic": false, "type": "Polygon", "coordinates": [[[27.846081895642897, 38.706584048580076], [27.846620884813348, 38.706584048580076], [27.846620884813348, 38.70874000526196], [27.848237852324786, 38.70874000526196], [27.848237852324786, 38.70927899443243], [27.847698863154307, 38.70927899443243], [27.847698863154307, 38.7098179836029], [27.847159873983827, 38.7098179836029], [27.847159873983827, 38.71089596194385], [27.846620884813348, 38.71089596194385], [27.846620884813348, 38.7098179836029], [27.845542906472417, 38.7098179836029], [27.845542906472417, 38.70927899443243], [27.846081895642897, 38.70927899443243], [27.846081895642897, 38.706584048580076]]]}, "id": "+385622+84033", "properties": {"area_ha": 3.9240860371484314, "count": 14, "label": 1, "mean_dnbr": 0.3092292246059497}}, {"type": "Feature", "geometry": {"geodesic": false, "type": "Polygon", "coordinates": [[[27.846081895642897, 38.83594144949328], [27.847159873983827, 38.83594144949328], [27.847159873983827, 38.8375584170047], [27.846620884813348, 38.8375584170047], [27.846620884813348, 38.83809740617517], [27.845003917301938, 38.83809740617517], [27.845003917301938, 38.838636395345645], [27.843925938961007, 38.838636395345645], [27.843925938961007, 38.8375584170047], [27.845003917301938, 38.8375584170047], [27.845003917301938, 38.83701942783423], [27.845542906472417, 38.83701942783423], [27.845542906472417, 38.836480438663756], [27.846081895642897, 38.836480438663756], [27.846081895642897, 38.83594144949328]]]}, "id": "+385623+83793", "properties": {"area_ha": 4.476609279742675, "count": 16, "label": 1, "mean_dnbr": 0.1737293572658247}}, {"type": "Feature", "geometry": {"geodesic": false, "type": "Polygon", "coordinates": [[[27.846620884813348, 38.16436094308553], [27.847159873983827, 38.16436094308553], [27.847159873983827, 38.164899932256006], [27.848237852324786, 38.164899932256006], [27.848237852324786, 38.16543892142648], [27.849315830665716, 38.16543892142648], [27.849315830665716, 38.164899932256006], [27.850393809006675, 38.164899932256006], [27.850393809006675, 38.16543892142648], [27.850932798177126, 38.16543892142648], [27.850932798177126, 38.16597791059694], [27.851471787347606, 38.16597791059694], [27.851471787347606, 38.166516899767416], [27.850932798177126, 38.166516899767416], [27.850932798177126, 38.16597791059694], [27.849854819836196, 38.16597791059694], [27.849854819836196, 38.16543892142648], [27.849315830665716, 38.16543892142648], [27.849315830665716, 38.166516899767416], [27.847698863154307, 38.166516899767416], [27.847698863154307, 38.16543892142648], [27.846081895642897, 38.16543892142648], [27.846081895642897, 38.164899932256006], [27.846620884813348, 38.164899932256006], [27.846620884813348, 38.16436094308553]]]}, "id": "+385623+85039", "properties": {"area_ha": 4.518559890132497, "count": 16, "label": 1, "mean_dnbr": 0.2754438726023122}}, {"type": "Feature", "geometry": {"geodesic": false, "type": "Polygon", "coordinates": [[[27.847159873983827, 38.20909704423468], [27.847698863154307, 38.20909704423468], [27.847698863154307, 38.210175022575626], [27.847159873983827, 38.210175022575626], [27.847159873983827, 38.2107140117461], [27.846620884813348, 38.2107140117461], [27.846620884813348, 38.21179199008704], [27.845542906472417, 38.21179199008704], [27.845542906472417, 38.212330979257516], [27.845003917301938, 38.212330979257516], [27.845003917301938, 38.21286996842799], [27.844464928131487, 38.21286996842799], [27.844464928131487, 38.212330979257516], [27.845003917301938, 38.212330979257516], [27.845003917301938, 38.21125300091657], [27.845542906472417, 38.21125300091657], [27.845542906472417, 38.210175022575626], [27.846081895642897, 38.210175022575626], [27.846081895642897, 38.209636033405154], [27.847159873983827, 38.209636033405154], [27.847159873983827, 38.20909704423468]]]}, "id": "+385624+84956", "properties": {"area_ha": 3.9512808466503526, "count": 14, "label": 1, "mean_dnbr": 0.3750407373609513}}, {"type": "Feature", "geometry": {"geodesic": false, "type": "Polygon", "coordinates": [[[27.847159873983827, 38.16274397557412], [27.847698863154307, 38.16274397557412], [27.847698863154307, 38.16328296474459], [27.847159873983827, 38.16328296474459], [27.847159873983827, 38.16382195391506], [27.843386949790528, 38.16382195391506], [27.843386949790528, 38.16328296474459], [27.842308971449597, 38.16328296474459], [27.842308971449597, 38.16274397557412], [27.846081895642897, 38.16274397557412], [27.846081895642897, 38.16328296474459], [27.847159873983827, 38.16328296474459], [27.847159873983827, 38.16274397557412]]]}, "id": "+385624+85042", "properties": {"area_ha": 4.2362804177833056, "count": 15, "label": 1, "mean_dnbr": 0.25505414786999875}}, {"type": "Feature", "geometry": {"geodesic": false, "type": "Polygon", "coordinates": [[[27.847159873983827, 38.732994517933186], [27.848237852324786, 38.732994517933186], [27.848237852324786, 38.7346114854446], [27.848776841495237, 38.7346114854446], [27.848776841495237, 38.73568946378555], [27.848237852324786, 38.73568946378555], [27.848237852324786, 38.735150474615075], [27.846620884813348, 38.735150474615075], [27.846620884813348, 38.7346114854446], [27.846081895642897, 38.7346114854446], [27.846081895642897, 38.73353350710366], [27.847159873983827, 38.73353350710366], [27.847159873983827, 38.732994517933186]]]}, "id": "+385625+83984", "properties": {"area_ha": 4.202893062382574, "count": 15, "label": 1, "mean_dnbr": 0.3214630680432374}}, {"type": "Feature", "geometry": {"geodesic": false, "type": "Polygon", "coordinates": [[[27.848237852324786, 38.14118440875525], [27.849315830665716, 38.14118440875525], [27.849315830665716, 38.14280137626666], [27.848776841495237, 38.14280137626666], [27.848776841495237, 38.14334036543713], [27.847698863154307, 38.14334036543713], [27.847698863154307, 38.14495733294855], [27.846081895642897, 38.14495733294855], [27.846081895642897, 38.143879354607606], [27.847159873983827, 38.143879354607606], [27.847159873983827, 38.14334036543713], [27.846081895642897, 38.14334036543713], [27.846081895642897, 38.14280137626666], [27.845003917301938, 38.14280137626666], [27.845003917301938, 38.14226238709619], [27.847159873983827, 38.14226238709619], [27.847159873983827, 38.141723397925716], [27.847698863154307, 38.141723397925716], [27.847698863154307, 38.14226238709619], [27.848237852324786, 38.14226238709619], [27.848237852324786, 38.14118440875525]], [[27.847698863154307, 38.14226238709619], [27.847698863154307, 38.14280137626666], [27.847159873983827, 38.14280137626666], [27.847159873983827, 38.14226238709619], [27.847698863154307, 38.14226238709619]]]}, "id": "+385627+85082", "properties": {"area_ha": 6.779928720323804, "count": 24, "label": 1, "mean_dnbr": 0.3570076335729606}}, {"type": "Feature", "geometry": {"geodesic": false, "type": "Polygon", "coordinates": [[[27.848237852324786, 38.129326647004866], [27.849315830665716, 38.129326647004866], [27.849315830665716, 38.12986563617534], [27.849854819836196, 38.12986563617534], [27.849854819836196, 38.13094361451628], [27.849315830665716, 38.13094361451628], [27.849315830665716, 38.131482603686756], [27.848776841495237, 38.131482603686756], [27.848776841495237, 38.13202159285723], [27.847698863154307, 38.13202159285723], [27.847698863154307, 38.13309957119817], [27.846620884813348, 38.13309957119817], [27.846620884813348, 38.131482603686756], [27.847159873983827, 38.131482603686756], [27.847159873983827, 38.13094361451628], [27.847698863154307, 38.13094361451628], [27.847698863154307, 38.12986563617534], [27.848237852324786, 38.12986563617534], [27.848237852324786, 38.129326647004866]]]}, "id": "+385627+85104", "properties": {"area_ha": 6.215950827874132, "count": 22, "label": 1, "mean_dnbr": 0.36389800613593587}}, {"type": "Feature", "geometry": {"geodesic": false, "type": "Polygon", "coordinates": [[[27.849315830665716, 38.13471653870959], [27.849854819836196, 38.13471653870959], [27.849854819836196, 38.13525552788006], [27.850393809006675, 38.13525552788006], [27.850393809006675, 38.13579451705053], [27.850932798177126, 38.13579451705053], [27.850932798177126, 38.136333506221], [27.853088754859016, 38.136333506221], [27.853088754859016, 38.137411484561945], [27.851471787347606, 38.137411484561945], [27.851471787347606, 38.13687249539147], [27.849854819836196, 38.13687249539147], [27.849854819836196, 38.13795047373242], [27.850393809006675, 38.13795047373242], [27.850393809006675, 38.13848946290289], [27.849854819836196, 38.13848946290289], [27.849854819836196, 38.13902845207336], [27.847698863154307, 38.13902845207336], [27.847698863154307, 38.13848946290289], [27.847159873983827, 38.13848946290289], [27.847159873983827, 38.139567441243834], [27.845003917301938, 38.139567441243834], [27.845003917301938, 38.13848946290289], [27.847159873983827, 38.13848946290289], [27.847159873983827, 38.136333506221], [27.848237852324786, 38.136333506221], [27.848237852324786, 38.13687249539147], [27.848776841495237, 38.13687249539147], [27.848776841495237, 38.136333506221], [27.849315830665716, 38.136333506221], [27.849315830665716, 38.13579451705053], [27.848237852324786, 38.13579451705053], [27.848237852324786, 38.13525552788006], [27.849315830665716, 38.13525552788006], [27.849315830665716, 38.13471653870959]]]}, "id": "+385628+85094", "properties": {"area_ha": 13.843425426034987, "count": 49, "label": 1, "mean_dnbr": 0.33316108142455336}}, {"type": "Feature", "geometry": {"geodesic": false, "type": "Polygon", "coordinates": [[[27.847698863154307, 38.842409319538945], [27.850932798177126, 38.842409319538945], [27.850932798177126, 38.84294830870942], [27.850393809006675, 38.84294830870942], [27.850393809006675, 38.84348729787989], [27.849315830665716, 38.84348729787989], [27.849315830665716, 38.84402628705036], [27.847698863154307, 38.84402628705036], [27.847698863154307, 38.842409319538945]]]}, "id": "+385630+83781", "properties": {"area_ha": 3.9166958658627298, "count": 14, "label": 1, "mean_dnbr": 0.26404543151702725}}, {"type": "Feature", "geometry": {"geodesic": false, "type": "Polygon", "coordinates": [[[27.851471787347606, 38.20801906589374], [27.852549765688536, 38.20801906589374], [27.852549765688536, 38.20855805506421], [27.853088754859016, 38.20855805506421], [27.853088754859016, 38.20909704423468], [27.852549765688536, 38.20909704423468], [27.852549765688536, 38.210175022575626], [27.852010776518085, 38.210175022575626], [27.852010776518085, 38.21125300091657], [27.851471787347606, 38.21125300091657], [27.851471787347606, 38.21179199008704], [27.850932798177126, 38.21179199008704], [27.850932798177126, 38.212330979257516], [27.849854819836196, 38.212330979257516], [27.849854819836196, 38.20855805506421], [27.850393809006675, 38.20855805506421], [27.850393809006675, 38.20909704423468], [27.852549765688536, 38.20909704423468], [27.852549765688536, 38.20855805506421], [27.851471787347606, 38.20855805506421], [27.851471787347606, 38.20801906589374]]]}, "id": "+385633+84958", "properties": {"area_ha": 7.620388987759638, "count": 27, "label": 1, "mean_dnbr": 0.39546827900098674}}, {"type": "Feature", "geometry": {"geodesic": false, "type": "Polygon", "coordinates": [[[27.853088754859016, 38.75671004143394], [27.855244711540905, 38.75671004143394], [27.855244711540905, 38.75724903060441], [27.855783700711385, 38.75724903060441], [27.855783700711385, 38.757788019774885], [27.854705722370426, 38.757788019774885], [27.854705722370426, 38.75832700894536], [27.853088754859016, 38.75832700894536], [27.853088754859016, 38.7594049872863], [27.852549765688536, 38.7594049872863], [27.852549765688536, 38.75832700894536], [27.853088754859016, 38.75832700894536], [27.853088754859016, 38.75671004143394]]]}, "id": "+385638+83940", "properties": {"area_ha": 3.9214102517761225, "count": 14, "label": 1, "mean_dnbr": 0.22241236506123016}}, {"type": "Feature", "geometry": {"geodesic": false, "type": "Polygon", "coordinates": [[[27.854705722370426, 38.15897105138082], [27.855783700711385, 38.15897105138082], [27.855783700711385, 38.15951004055128], [27.856322689881864, 38.15951004055128], [27.856322689881864, 38.160049029721755], [27.855783700711385, 38.160049029721755], [27.855783700711385, 38.16058801889223], [27.856861679052315, 38.16058801889223], [27.856861679052315, 38.1611270080627], [27.855244711540905, 38.1611270080627], [27.855244711540905, 38.16166599723317], [27.854705722370426, 38.16166599723317], [27.854705722370426, 38.15897105138082]]]}, "id": "+385639+85049", "properties": {"area_ha": 3.3891646745177764, "count": 12, "label": 1, "mean_dnbr": 0.37059089467824524}}, {"type": "Feature", "geometry": {"geodesic": false, "type": "Polygon", "coordinates": [[[27.854705722370426, 38.540575384074785], [27.856322689881864, 38.540575384074785], [27.856322689881864, 38.5421923515862], [27.854166733199975, 38.5421923515862], [27.854166733199975, 38.54111437324526], [27.854705722370426, 38.54111437324526], [27.854705722370426, 38.540575384074785]]]}, "id": "+385640+84341", "properties": {"area_ha": 3.0904278191794994, "count": 11, "label": 1, "mean_dnbr": 0.179335165973156}}, {"type": "Feature", "geometry": {"geodesic": false, "type": "Polygon", "coordinates": [[[27.858478646563725, 38.824083687742906], [27.859556624904684, 38.824083687742906], [27.859556624904684, 38.82516166608385], [27.860634603245614, 38.82516166608385], [27.860634603245614, 38.82570065525432], [27.861712581586573, 38.82570065525432], [27.861712581586573, 38.82677863359527], [27.858478646563725, 38.82677863359527], [27.858478646563725, 38.82731762276574], [27.857939657393274, 38.82731762276574], [27.857939657393274, 38.82677863359527], [27.857400668222795, 38.82677863359527], [27.857400668222795, 38.826239644424795], [27.855783700711385, 38.826239644424795], [27.855783700711385, 38.82570065525432], [27.855244711540905, 38.82570065525432], [27.855244711540905, 38.82462267691338], [27.858478646563725, 38.82462267691338], [27.858478646563725, 38.824083687742906]]]}, "id": "+385646+83815", "properties": {"area_ha": 11.193355971331219, "count": 40, "label": 1, "mean_dnbr": 0.28433072176341273}}, {"type": "Feature", "geometry": {"geodesic": false, "type": "Polygon", "coordinates": [[[27.859017635734205, 38.1821475857111], [27.859556624904684, 38.1821475857111], [27.859556624904684, 38.183225564052044], [27.859017635734205, 38.183225564052044], [27.859017635734205, 38.184842531563454], [27.857400668222795, 38.184842531563454], [27.857400668222795, 38.18430354239298], [27.857939657393274, 38.18430354239298], [27.857939657393274, 38.18376455322251], [27.856861679052315, 38.18376455322251], [27.856861679052315, 38.183225564052044], [27.857400668222795, 38.183225564052044], [27.857400668222795, 38.18268657488157], [27.859017635734205, 38.18268657488157], [27.859017635734205, 38.1821475857111]]]}, "id": "+385646+85006", "properties": {"area_ha": 3.9527608225121345, "count": 14, "label": 1, "mean_dnbr": 0.2580969061369465}}, {"type": "Feature", "geometry": {"geodesic": false, "type": "Polygon", "coordinates": [[[27.860095614075163, 38.158432062210345], [27.861712581586573, 38.158432062210345], [27.861712581586573, 38.160049029721755], [27.863329549097983, 38.160049029721755], [27.863329549097983, 38.1611270080627], [27.862251570757053, 38.1611270080627], [27.862251570757053, 38.162204986403644], [27.861173592416094, 38.162204986403644], [27.861173592416094, 38.16166599723317], [27.859017635734205, 38.16166599723317], [27.859017635734205, 38.1611270080627], [27.859556624904684, 38.1611270080627], [27.859556624904684, 38.16058801889223], [27.859017635734205, 38.16058801889223], [27.859017635734205, 38.160049029721755], [27.859556624904684, 38.160049029721755], [27.859556624904684, 38.15951004055128], [27.860095614075163, 38.15951004055128], [27.860095614075163, 38.158432062210345]], [[27.862251570757053, 38.16058801889223], [27.862251570757053, 38.1611270080627], [27.861712581586573, 38.1611270080627], [27.861712581586573, 38.16058801889223], [27.862251570757053, 38.16058801889223]]]}, "id": "+385650+85050", "properties": {"area_ha": 9.037755598068378, "count": 32, "label": 1, "mean_dnbr": 0.42731774798080224}}, {"type": "Feature", "geometry": {"geodesic": false, "type": "Polygon", "coordinates": [[[27.859556624904684, 38.15465913801704], [27.862251570757053, 38.15465913801704], [27.862251570757053, 38.15519812718751], [27.863329549097983, 38.15519812718751], [27.863329549097983, 38.15681509469893], [27.858478646563725, 38.15681509469893], [27.858478646563725, 38.15573711635798], [27.859017635734205, 38.15573711635798], [27.859017635734205, 38.15519812718751], [27.859556624904684, 38.15519812718751], [27.859556624904684, 38.15465913801704]]]}, "id": "+385651+85057", "properties": {"area_ha": 8.755933769785978, "count": 31, "label": 1, "mean_dnbr": 0.366380223323203}}, {"type": "Feature", "geometry": {"geodesic": false, "type": "Polygon", "coordinates": [[[27.864407527438914, 38.1573540838694], [27.866563484120803, 38.1573540838694], [27.866563484120803, 38.15789307303987], [27.865485505779873, 38.15789307303987], [27.865485505779873, 38.1611270080627], [27.864946516609393, 38.1611270080627], [27.864946516609393, 38.16274397557412], [27.864407527438914, 38.16274397557412], [27.864407527438914, 38.16166599723317], [27.863868538268463, 38.16166599723317], [27.863868538268463, 38.1611270080627], [27.864407527438914, 38.1611270080627], [27.864407527438914, 38.160049029721755], [27.863868538268463, 38.160049029721755], [27.863868538268463, 38.15789307303987], [27.864407527438914, 38.15789307303987], [27.864407527438914, 38.1573540838694]]]}, "id": "+385659+85052", "properties": {"area_ha": 6.778394028444299, "count": 24, "label": 1, "mean_dnbr": 0.2487565216197834}}, {"type": "Feature", "geometry": {"geodesic": false, "type": "Polygon", "coordinates": [[[27.866563484120803, 38.75671004143394], [27.867641462461762, 38.75671004143394], [27.867641462461762, 38.75724903060441], [27.86818045163224, 38.75724903060441], [27.86818045163224, 38.757788019774885], [27.867102473291283, 38.757788019774885], [27.867102473291283, 38.75832700894536], [27.864946516609393, 38.75832700894536], [27.864946516609393, 38.75724903060441], [27.866563484120803, 38.75724903060441], [27.866563484120803, 38.75671004143394]]]}, "id": "+385661+83940", "properties": {"area_ha": 3.361218424673215, "count": 12, "label": 1, "mean_dnbr": 0.32117356354077414}}, {"type": "Feature", "geometry": {"geodesic": false, "type": "Polygon", "coordinates": [[[27.867102473291283, 38.14064541958478], [27.86818045163224, 38.14064541958478], [27.86818045163224, 38.14118440875525], [27.869258429973172, 38.14118440875525], [27.869258429973172, 38.14226238709619], [27.867102473291283, 38.14226238709619], [27.867102473291283, 38.141723397925716], [27.866563484120803, 38.141723397925716], [27.866563484120803, 38.14118440875525], [27.867102473291283, 38.14118440875525], [27.867102473291283, 38.14064541958478]]]}, "id": "+385662+85083", "properties": {"area_ha": 3.10753579833263, "count": 11, "label": 1, "mean_dnbr": 0.4453166510080332}}, {"type": "Feature", "geometry": {"geodesic": false, "type": "Polygon", "coordinates": [[[27.86818045163224, 38.14873025714185], [27.868719440802693, 38.14873025714185], [27.868719440802693, 38.149808235482794], [27.86818045163224, 38.149808235482794], [27.86818045163224, 38.15142520299421], [27.868719440802693, 38.15142520299421], [27.868719440802693, 38.152503181335156], [27.86818045163224, 38.152503181335156], [27.86818045163224, 38.15304217050563], [27.867102473291283, 38.15304217050563], [27.867102473291283, 38.153581159676094], [27.866563484120803, 38.153581159676094], [27.866563484120803, 38.15304217050563], [27.867102473291283, 38.15304217050563], [27.867102473291283, 38.151964192164684], [27.866024494950352, 38.151964192164684], [27.866024494950352, 38.15088621382374], [27.865485505779873, 38.15088621382374], [27.865485505779873, 38.15034722465327], [27.866024494950352, 38.15034722465327], [27.866024494950352, 38.149808235482794], [27.867641462461762, 38.149808235482794], [27.867641462461762, 38.14926924631232], [27.86818045163224, 38.14926924631232], [27.86818045163224, 38.14873025714185]]]}, "id": "+385663+85068", "properties": {"area_ha": 7.626573984930957, "count": 27, "label": 1, "mean_dnbr": 0.2854383391124504}}, {"type": "Feature", "geometry": {"geodesic": false, "type": "Polygon", "coordinates": [[[27.867102473291283, 38.16274397557412], [27.869258429973172, 38.16274397557412], [27.869258429973172, 38.16328296474459], [27.86818045163224, 38.16328296474459], [27.86818045163224, 38.16382195391506], [27.867641462461762, 38.16382195391506], [27.867641462461762, 38.16436094308553], [27.867102473291283, 38.16436094308553], [27.867102473291283, 38.16543892142648], [27.866563484120803, 38.16543892142648], [27.866563484120803, 38.16597791059694], [27.866024494950352, 38.16597791059694], [27.866024494950352, 38.164899932256006], [27.866563484120803, 38.164899932256006], [27.866563484120803, 38.16436094308553], [27.865485505779873, 38.16436094308553], [27.865485505779873, 38.16382195391506], [27.866024494950352, 38.16382195391506], [27.866024494950352, 38.16328296474459], [27.867102473291283, 38.16328296474459], [27.867102473291283, 38.16274397557412]]]}, "id": "+385664+85042", "properties": {"area_ha": 4.51865043196486, "count": 16, "label": 1, "mean_dnbr": 0.2917345243285404}}, {"type": "Feature", "geometry": {"geodesic": false, "type": "Polygon", "coordinates": [[[27.867641462461762, 38.14280137626666], [27.869258429973172, 38.14280137626666], [27.869258429973172, 38.143879354607606], [27.86979741914365, 38.143879354607606], [27.86979741914365, 38.14441834377808], [27.87141438665506, 38.14441834377808], [27.87141438665506, 38.14495733294855], [27.870875397484582, 38.14495733294855], [27.870875397484582, 38.14549632211902], [27.869258429973172, 38.14549632211902], [27.869258429973172, 38.14441834377808], [27.868719440802693, 38.14441834377808], [27.868719440802693, 38.14334036543713], [27.867641462461762, 38.14334036543713], [27.867641462461762, 38.14280137626666]]]}, "id": "+385664+85079", "properties": {"area_ha": 3.6723972880587907, "count": 13, "label": 1, "mean_dnbr": 0.26269286112970985}}, {"type": "Feature", "geometry": {"geodesic": false, "type": "Polygon", "coordinates": [[[27.87141438665506, 38.21179199008704], [27.87195337582554, 38.21179199008704], [27.87195337582554, 38.212330979257516], [27.872492364995992, 38.212330979257516], [27.872492364995992, 38.21286996842799], [27.87303135416647, 38.21286996842799], [27.87303135416647, 38.21340895759846], [27.872492364995992, 38.21340895759846], [27.872492364995992, 38.213947946768926], [27.870875397484582, 38.213947946768926], [27.870875397484582, 38.21286996842799], [27.870336408314103, 38.21286996842799], [27.870336408314103, 38.212330979257516], [27.87141438665506, 38.212330979257516], [27.87141438665506, 38.21179199008704]]]}, "id": "+385669+84951", "properties": {"area_ha": 3.3867128525990418, "count": 12, "label": 1, "mean_dnbr": 0.2868925581178955}}, {"type": "Feature", "geometry": {"geodesic": false, "type": "Polygon", "coordinates": [[[27.870875397484582, 38.152503181335156], [27.87195337582554, 38.152503181335156], [27.87195337582554, 38.153581159676094], [27.872492364995992, 38.153581159676094], [27.872492364995992, 38.15304217050563], [27.87410933250743, 38.15304217050563], [27.87410933250743, 38.153581159676094], [27.87357034333695, 38.153581159676094], [27.87357034333695, 38.15519812718751], [27.87303135416647, 38.15519812718751], [27.87303135416647, 38.15573711635798], [27.87572630001884, 38.15573711635798], [27.87572630001884, 38.156276105528455], [27.87518731084836, 38.156276105528455], [27.87518731084836, 38.1573540838694], [27.87464832167788, 38.1573540838694], [27.87464832167788, 38.156276105528455], [27.872492364995992, 38.156276105528455], [27.872492364995992, 38.15789307303987], [27.87195337582554, 38.15789307303987], [27.87195337582554, 38.158432062210345], [27.87141438665506, 38.158432062210345], [27.87141438665506, 38.15951004055128], [27.870875397484582, 38.15951004055128], [27.870875397484582, 38.1611270080627], [27.870336408314103, 38.1611270080627], [27.870336408314103, 38.16058801889223], [27.86979741914365, 38.16058801889223], [27.86979741914365, 38.160049029721755], [27.86818045163224, 38.160049029721755], [27.86818045163224, 38.158432062210345], [27.86979741914365, 38.158432062210345], [27.86979741914365, 38.156276105528455], [27.870336408314103, 38.156276105528455], [27.870336408314103, 38.154120148846566], [27.870875397484582, 38.154120148846566], [27.870875397484582, 38.152503181335156]], [[27.872492364995992, 38.15519812718751], [27.872492364995992, 38.156276105528455], [27.87195337582554, 38.156276105528455], [27.87195337582554, 38.15519812718751], [27.872492364995992, 38.15519812718751]]]}, "id": "+385669+85061", "properties": {"area_ha": 22.03066607478201, "count": 78, "label": 1, "mean_dnbr": 0.3554975742026242}}, {"type": "Feature", "geometry": {"geodesic": false, "type": "Polygon", "coordinates": [[[27.87195337582554, 38.12824866866393], [27.872492364995992, 38.12824866866393], [27.872492364995992, 38.1287876578344], [27.87357034333695, 38.1287876578344], [27.87357034333695, 38.129326647004866], [27.87410933250743, 38.129326647004866], [27.87410933250743, 38.12986563617534], [27.87357034333695, 38.12986563617534], [27.87357034333695, 38.13040462534581], [27.87195337582554, 38.13040462534581], [27.87195337582554, 38.12986563617534], [27.87141438665506, 38.12986563617534], [27.87141438665506, 38.129326647004866], [27.87195337582554, 38.129326647004866], [27.87195337582554, 38.12824866866393]]]}, "id": "+385670+85106", "properties": {"area_ha": 3.3905949480856856, "count": 12, "label": 1, "mean_dnbr": 0.3697447451674494}}, {"type": "Feature", "geometry": {"geodesic": false, "type": "Polygon", "coordinates": [[[27.87357034333695, 38.13687249539147], [27.87410933250743, 38.13687249539147], [27.87410933250743, 38.140106430414306], [27.87303135416647, 38.140106430414306], [27.87303135416647, 38.139567441243834], [27.87141438665506, 38.139567441243834], [27.87141438665506, 38.13902845207336], [27.870336408314103, 38.13902845207336], [27.870336408314103, 38.13848946290289], [27.869258429973172, 38.13848946290289], [27.869258429973172, 38.13795047373242], [27.868719440802693, 38.13795047373242], [27.868719440802693, 38.13848946290289], [27.86818045163224, 38.13848946290289], [27.86818045163224, 38.13795047373242], [27.868719440802693, 38.13795047373242], [27.868719440802693, 38.137411484561945], [27.870875397484582, 38.137411484561945], [27.870875397484582, 38.13795047373242], [27.87141438665506, 38.13795047373242], [27.87141438665506, 38.13848946290289], [27.872492364995992, 38.13848946290289], [27.872492364995992, 38.13795047373242], [27.87357034333695, 38.13795047373242], [27.87357034333695, 38.13687249539147]]]}, "id": "+385673+85090", "properties": {"area_ha": 7.91040257298239, "count": 28, "label": 1, "mean_dnbr": 0.3426532792273043}}, {"type": "Feature", "geometry": {"geodesic": false, "type": "Polygon", "coordinates": [[[27.87357034333695, 38.131482603686756], [27.87518731084836, 38.131482603686756], [27.87518731084836, 38.13202159285723], [27.87464832167788, 38.13202159285723], [27.87464832167788, 38.1325605820277], [27.87357034333695, 38.1325605820277], [27.87357034333695, 38.133638560368645], [27.870875397484582, 38.133638560368645], [27.870875397484582, 38.1325605820277], [27.87141438665506, 38.1325605820277], [27.87141438665506, 38.13309957119817], [27.87303135416647, 38.13309957119817], [27.87303135416647, 38.1325605820277], [27.87357034333695, 38.1325605820277], [27.87357034333695, 38.131482603686756]]]}, "id": "+385675+85100", "properties": {"area_ha": 3.3904532675840753, "count": 12, "label": 1, "mean_dnbr": 0.24138089611093522}}, {"type": "Feature", "geometry": {"geodesic": false, "type": "Polygon", "coordinates": [[[27.87572630001884, 38.20155119584808], [27.87626528918929, 38.20155119584808], [27.87626528918929, 38.20209018501855], [27.87734326753025, 38.20209018501855], [27.87734326753025, 38.20262917418902], [27.87680427835977, 38.20262917418902], [27.87680427835977, 38.20316816335949], [27.87464832167788, 38.20316816335949], [27.87464832167788, 38.20209018501855], [27.87357034333695, 38.20209018501855], [27.87357034333695, 38.20316816335949], [27.87303135416647, 38.20316816335949], [27.87303135416647, 38.20262917418902], [27.872492364995992, 38.20262917418902], [27.872492364995992, 38.20316816335949], [27.87141438665506, 38.20316816335949], [27.87141438665506, 38.20262917418902], [27.870875397484582, 38.20262917418902], [27.870875397484582, 38.20209018501855], [27.87141438665506, 38.20209018501855], [27.87141438665506, 38.20155119584808], [27.87195337582554, 38.20155119584808], [27.87195337582554, 38.20209018501855], [27.872492364995992, 38.20209018501855], [27.872492364995992, 38.20155119584808], [27.87464832167788, 38.20155119584808], [27.87464832167788, 38.20209018501855], [27.87572630001884, 38.20209018501855], [27.87572630001884, 38.20155119584808]]]}, "id": "+385677+84970", "properties": {"area_ha": 6.492143198360621, "count": 23, "label": 1, "mean_dnbr": 0.3938167024225788}}, {"type": "Feature", "geometry": {"geodesic": false, "type": "Polygon", "coordinates": [[[27.87734326753025, 38.19400534746148], [27.87842124587118, 38.19400534746148], [27.87842124587118, 38.19508332580242], [27.87788225670073, 38.19508332580242], [27.87788225670073, 38.19562231497289], [27.87734326753025, 38.19562231497289], [27.87734326753025, 38.19616130414336], [27.87788225670073, 38.19616130414336], [27.87788225670073, 38.19885624999572], [27.87572630001884, 38.19885624999572], [27.87572630001884, 38.19670029331383], [27.87626528918929, 38.19670029331383], [27.87626528918929, 38.19562231497289], [27.87680427835977, 38.19562231497289], [27.87680427835977, 38.19508332580242], [27.87734326753025, 38.19508332580242], [27.87734326753025, 38.19400534746148]]]}, "id": "+385681+84984", "properties": {"area_ha": 7.621798654231005, "count": 27, "label": 1, "mean_dnbr": 0.3845539497170026}}, {"type": "Feature", "geometry": {"geodesic": false, "type": "Polygon", "coordinates": [[[27.87896023504166, 38.16759487810836], [27.87949922421214, 38.16759487810836], [27.87949922421214, 38.16813386727883], [27.88165518089403, 38.16813386727883], [27.88165518089403, 38.16921184561978], [27.87842124587118, 38.16921184561978], [27.87842124587118, 38.168672856449305], [27.87896023504166, 38.168672856449305], [27.87896023504166, 38.16759487810836]]]}, "id": "+385683+85033", "properties": {"area_ha": 3.3887911578578844, "count": 12, "label": 1, "mean_dnbr": 0.55492788089488}}, {"type": "Feature", "geometry": {"geodesic": false, "type": "Polygon", "coordinates": [[[27.88435012674637, 38.15519812718751], [27.88542810508733, 38.15519812718751], [27.88542810508733, 38.15573711635798], [27.88488911591685, 38.15573711635798], [27.88488911591685, 38.156276105528455], [27.88435012674637, 38.156276105528455], [27.88435012674637, 38.15681509469893], [27.88327214840544, 38.15681509469893], [27.88327214840544, 38.1573540838694], [27.88273315923496, 38.1573540838694], [27.88273315923496, 38.15681509469893], [27.88165518089403, 38.15681509469893], [27.88165518089403, 38.158432062210345], [27.88111619172355, 38.158432062210345], [27.88111619172355, 38.15897105138082], [27.88057720255307, 38.15897105138082], [27.88057720255307, 38.15951004055128], [27.87842124587118, 38.15951004055128], [27.87842124587118, 38.160049029721755], [27.87788225670073, 38.160049029721755], [27.87788225670073, 38.16058801889223], [27.87734326753025, 38.16058801889223], [27.87734326753025, 38.16166599723317], [27.87842124587118, 38.16166599723317], [27.87842124587118, 38.162204986403644], [27.87896023504166, 38.162204986403644], [27.87896023504166, 38.16274397557412], [27.88003821338262, 38.16274397557412], [27.88003821338262, 38.16328296474459], [27.87949922421214, 38.16328296474459], [27.87949922421214, 38.16543892142648], [27.87896023504166, 38.16543892142648], [27.87896023504166, 38.166516899767416], [27.87949922421214, 38.166516899767416], [27.87949922421214, 38.16705588893789], [27.87842124587118, 38.16705588893789], [27.87842124587118, 38.16759487810836], [27.87788225670073, 38.16759487810836], [27.87788225670073, 38.16705588893789], [27.87842124587118, 38.16705588893789], [27.87842124587118, 38.16543892142648], [27.87896023504166, 38.16543892142648], [27.87896023504166, 38.16436094308553], [27.87680427835977, 38.16436094308553], [27.87680427835977, 38.16382195391506], [27.87518731084836, 38.16382195391506], [27.87518731084836, 38.16328296474459], [27.87464832167788, 38.16328296474459], [27.87464832167788, 38.16274397557412], [27.87410933250743, 38.16274397557412], [27.87410933250743, 38.162204986403644], [27.87303135416647, 38.162204986403644], [27.87303135416647, 38.16166599723317], [27.87357034333695, 38.16166599723317], [27.87357034333695, 38.16058801889223], [27.87410933250743, 38.16058801889223], [27.87410933250743, 38.160049029721755], [27.87464832167788, 38.160049029721755], [27.87464832167788, 38.15951004055128], [27.87572630001884, 38.15951004055128], [27.87572630001884, 38.1573540838694], [27.87626528918929, 38.1573540838694], [27.87626528918929, 38.15573711635798], [27.87680427835977, 38.15573711635798], [27.87680427835977, 38.156276105528455], [27.88057720255307, 38.156276105528455], [27.88057720255307, 38.15681509469893], [27.88165518089403, 38.15681509469893], [27.88165518089403, 38.156276105528455], [27.88219417006448, 38.156276105528455], [27.88219417006448, 38.15573711635798], [27.88273315923496, 38.15573711635798], [27.88273315923496, 38.156276105528455], [27.88435012674637, 38.156276105528455], [27.88435012674637, 38.15519812718751]], [[27.87464832167788, 38.16058801889223], [27.87464832167788, 38.1611270080627], [27.87410933250743, 38.1611270080627], [27.87410933250743, 38.16058801889223], [27.87464832167788, 38.16058801889223]], [[27.87572630001884, 38.160049029721755], [27.87572630001884, 38.16058801889223], [27.87518731084836, 38.16058801889223], [27.87518731084836, 38.160049029721755], [27.87572630001884, 38.160049029721755]]]}, "id": "+385694+85056", "properties": {"area_ha": 40.95246491296201, "count": 145, "label": 1, "mean_dnbr": 0.3541914062743955}}, {"type": "Feature", "geometry": {"geodesic": false, "type": "Polygon", "coordinates": [[[27.88327214840544, 38.20101220667761], [27.885967094257808, 38.20101220667761], [27.885967094257808, 38.20209018501855], [27.88812305093967, 38.20209018501855], [27.88812305093967, 38.20316816335949], [27.887584061769218, 38.20316816335949], [27.887584061769218, 38.203707152529965], [27.88650608342826, 38.203707152529965], [27.88650608342826, 38.20316816335949], [27.887045072598738, 38.20316816335949], [27.887045072598738, 38.20262917418902], [27.88542810508733, 38.20262917418902], [27.88542810508733, 38.20316816335949], [27.88435012674637, 38.20316816335949], [27.88435012674637, 38.20262917418902], [27.88381113757592, 38.20262917418902], [27.88381113757592, 38.20155119584808], [27.88327214840544, 38.20155119584808], [27.88327214840544, 38.20101220667761]]]}, "id": "+385695+84971", "properties": {"area_ha": 6.492142340606031, "count": 23, "label": 1, "mean_dnbr": 0.28811229498479235}}, {"type": "Feature", "geometry": {"geodesic": false, "type": "Polygon", "coordinates": [[[27.885967094257808, 38.175140726494966], [27.88650608342826, 38.175140726494966], [27.88650608342826, 38.17567971566544], [27.887045072598738, 38.17567971566544], [27.887045072598738, 38.17675769400638], [27.88650608342826, 38.17675769400638], [27.88650608342826, 38.177296683176856], [27.885967094257808, 38.177296683176856], [27.885967094257808, 38.17783567234732], [27.88542810508733, 38.17783567234732], [27.88542810508733, 38.177296683176856], [27.88488911591685, 38.177296683176856], [27.88488911591685, 38.17675769400638], [27.88381113757592, 38.17675769400638], [27.88381113757592, 38.17567971566544], [27.88435012674637, 38.17567971566544], [27.88435012674637, 38.17621870483591], [27.88488911591685, 38.17621870483591], [27.88488911591685, 38.17567971566544], [27.885967094257808, 38.17567971566544], [27.885967094257808, 38.175140726494966]]]}, "id": "+385696+85019", "properties": {"area_ha": 4.517883598696042, "count": 16, "label": 1, "mean_dnbr": 0.23308698701152036}}, {"type": "Feature", "geometry": {"geodesic": false, "type": "Polygon", "coordinates": [[[27.88542810508733, 38.20532412004138], [27.887584061769218, 38.20532412004138], [27.887584061769218, 38.205863109211855], [27.890279007621558, 38.205863109211855], [27.890279007621558, 38.20640209838233], [27.891356985962517, 38.20640209838233], [27.891356985962517, 38.2069410875528], [27.888662040110148, 38.2069410875528], [27.888662040110148, 38.20640209838233], [27.88542810508733, 38.20640209838233], [27.88542810508733, 38.20532412004138]]]}, "id": "+385698+84963", "properties": {"area_ha": 5.080559436513704, "count": 18, "label": 1, "mean_dnbr": 0.22872728248087323}}, {"type": "Feature", "geometry": {"geodesic": false, "type": "Polygon", "coordinates": [[[27.887045072598738, 38.19023242326817], [27.88812305093967, 38.19023242326817], [27.88812305093967, 38.19077141243864], [27.888662040110148, 38.19077141243864], [27.888662040110148, 38.19238837995006], [27.887045072598738, 38.19238837995006], [27.887045072598738, 38.19023242326817]]]}, "id": "+385699+84991", "properties": {"area_ha": 3.105409025213739, "count": 11, "label": 1, "mean_dnbr": 0.3506393054956993}}, {"type": "Feature", "geometry": {"geodesic": false, "type": "Polygon", "coordinates": [[[27.889740018451107, 38.1859205099044], [27.890279007621558, 38.1859205099044], [27.890279007621558, 38.18645949907487], [27.894051931814857, 38.18645949907487], [27.894051931814857, 38.186998488245344], [27.892973953473927, 38.186998488245344], [27.892973953473927, 38.187537477415816], [27.890279007621558, 38.187537477415816], [27.890279007621558, 38.18807646658629], [27.889201029280628, 38.18807646658629], [27.889201029280628, 38.18645949907487], [27.889740018451107, 38.18645949907487], [27.889740018451107, 38.1859205099044]]]}, "id": "+385703+84999", "properties": {"area_ha": 5.3641849446809236, "count": 19, "label": 1, "mean_dnbr": 0.45512990522587715}}, {"type": "Feature", "geometry": {"geodesic": false, "type": "Polygon", "coordinates": [[[27.892434964303447, 38.20640209838233], [27.892973953473927, 38.20640209838233], [27.892973953473927, 38.20801906589374], [27.891895975132996, 38.20801906589374], [27.891895975132996, 38.20855805506421], [27.892434964303447, 38.20855805506421], [27.892434964303447, 38.20909704423468], [27.891895975132996, 38.20909704423468], [27.891895975132996, 38.209636033405154], [27.890817996792038, 38.209636033405154], [27.890817996792038, 38.2107140117461], [27.890279007621558, 38.2107140117461], [27.890279007621558, 38.209636033405154], [27.890817996792038, 38.209636033405154], [27.890817996792038, 38.20801906589374], [27.891356985962517, 38.20801906589374], [27.891356985962517, 38.20748007672327], [27.891895975132996, 38.20748007672327], [27.891895975132996, 38.2069410875528], [27.892434964303447, 38.2069410875528], [27.892434964303447, 38.20640209838233]]]}, "id": "+385708+84961", "properties": {"area_ha": 4.233655901379837, "count": 15, "label": 1, "mean_dnbr": 0.24363118807560866}}, {"type": "Feature", "geometry": {"geodesic": false, "type": "Polygon", "coordinates": [[[27.893512942644406, 38.59339632278102], [27.895668899326296, 38.59339632278102], [27.895668899326296, 38.594474301121956], [27.896746877667226, 38.594474301121956], [27.896746877667226, 38.59609126863337], [27.896207888496747, 38.59609126863337], [27.896207888496747, 38.596630257803845], [27.894051931814857, 38.596630257803845], [27.894051931814857, 38.594474301121956], [27.893512942644406, 38.594474301121956], [27.893512942644406, 38.59339632278102]]]}, "id": "+385713+84243", "properties": {"area_ha": 7.579927987515851, "count": 27, "label": 1, "mean_dnbr": 0.30574346846153866}}, {"type": "Feature", "geometry": {"geodesic": false, "type": "Polygon", "coordinates": [[[27.892434964303447, 38.178913650688266], [27.895668899326296, 38.178913650688266], [27.895668899326296, 38.181069607370155], [27.893512942644406, 38.181069607370155], [27.893512942644406, 38.18053061819968], [27.892973953473927, 38.18053061819968], [27.892973953473927, 38.17999162902921], [27.892434964303447, 38.17999162902921], [27.892434964303447, 38.178913650688266]]]}, "id": "+385713+85012", "properties": {"area_ha": 5.9294228253569905, "count": 21, "label": 1, "mean_dnbr": 0.418343770329118}}, {"type": "Feature", "geometry": {"geodesic": false, "type": "Polygon", "coordinates": [[[27.892973953473927, 38.20909704423468], [27.896207888496747, 38.20909704423468], [27.896207888496747, 38.209636033405154], [27.895668899326296, 38.209636033405154], [27.895668899326296, 38.210175022575626], [27.894590920985337, 38.210175022575626], [27.894590920985337, 38.21125300091657], [27.892973953473927, 38.21125300091657], [27.892973953473927, 38.212330979257516], [27.892434964303447, 38.212330979257516], [27.892434964303447, 38.21286996842799], [27.891895975132996, 38.21286996842799], [27.891895975132996, 38.212330979257516], [27.891356985962517, 38.212330979257516], [27.891356985962517, 38.21179199008704], [27.891895975132996, 38.21179199008704], [27.891895975132996, 38.21125300091657], [27.891356985962517, 38.21125300091657], [27.891356985962517, 38.210175022575626], [27.891895975132996, 38.210175022575626], [27.891895975132996, 38.21125300091657], [27.892434964303447, 38.21125300091657], [27.892434964303447, 38.2107140117461], [27.894051931814857, 38.2107140117461], [27.894051931814857, 38.210175022575626], [27.892434964303447, 38.210175022575626], [27.892434964303447, 38.209636033405154], [27.892973953473927, 38.209636033405154], [27.892973953473927, 38.20909704423468]]]}, "id": "+385714+84956", "properties": {"area_ha": 7.055868231273879, "count": 25, "label": 1, "mean_dnbr": 0.33305563006422895}}, {"type": "Feature", "geometry": {"geodesic": false, "type": "Polygon", "coordinates": [[[27.895668899326296, 38.16813386727883], [27.896207888496747, 38.16813386727883], [27.896207888496747, 38.168672856449305], [27.896746877667226, 38.168672856449305], [27.896746877667226, 38.16921184561978], [27.897285866837706, 38.16921184561978], [27.897285866837706, 38.170828813131195], [27.896746877667226, 38.170828813131195], [27.896746877667226, 38.17136780230167], [27.894051931814857, 38.17136780230167], [27.894051931814857, 38.17298476981308], [27.892434964303447, 38.17298476981308], [27.892434964303447, 38.17190679147213], [27.892973953473927, 38.17190679147213], [27.892973953473927, 38.17136780230167], [27.891356985962517, 38.17136780230167], [27.891356985962517, 38.16921184561978], [27.895668899326296, 38.16921184561978], [27.895668899326296, 38.16813386727883]]]}, "id": "+385714+85032", "properties": {"area_ha": 15.249064108241233, "count": 54, "label": 1, "mean_dnbr": 0.3405014218911603}}, {"type": "Feature", "geometry": {"geodesic": false, "type": "Polygon", "coordinates": [[[27.901058791031005, 38.168672856449305], [27.901597780201485, 38.168672856449305], [27.901597780201485, 38.17028982396072], [27.901058791031005, 38.17028982396072], [27.901058791031005, 38.17190679147213], [27.900519801860526, 38.17190679147213], [27.900519801860526, 38.170828813131195], [27.899441823519595, 38.170828813131195], [27.899441823519595, 38.17136780230167], [27.898902834349116, 38.17136780230167], [27.898902834349116, 38.17190679147213], [27.898363845178636, 38.17190679147213], [27.898363845178636, 38.170828813131195], [27.898902834349116, 38.170828813131195], [27.898902834349116, 38.17028982396072], [27.899441823519595, 38.17028982396072], [27.899441823519595, 38.16921184561978], [27.901058791031005, 38.16921184561978], [27.901058791031005, 38.168672856449305]]]}, "id": "+385724+85031", "properties": {"area_ha": 5.08304261742025, "count": 18, "label": 1, "mean_dnbr": 0.5136010125105419}}, {"type": "Feature", "geometry": {"geodesic": false, "type": "Polygon", "coordinates": [[[27.896746877667226, 38.14711328963044], [27.901597780201485, 38.14711328963044], [27.901597780201485, 38.14819126797138], [27.902675758542415, 38.14819126797138], [27.902675758542415, 38.14873025714185], [27.901597780201485, 38.14873025714185], [27.901597780201485, 38.14926924631232], [27.898363845178636, 38.14926924631232], [27.898363845178636, 38.149808235482794], [27.897285866837706, 38.149808235482794], [27.897285866837706, 38.15034722465327], [27.896746877667226, 38.15034722465327], [27.896746877667226, 38.14926924631232], [27.896207888496747, 38.14926924631232], [27.896207888496747, 38.147652278800905], [27.896746877667226, 38.147652278800905], [27.896746877667226, 38.14711328963044]]]}, "id": "+385724+85071", "properties": {"area_ha": 12.711386043049572, "count": 45, "label": 1, "mean_dnbr": 0.4003589068668972}}, {"type": "Feature", "geometry": {"geodesic": false, "type": "Polygon", "coordinates": [[[27.903753736883374, 38.1821475857111], [27.904292726053825, 38.1821475857111], [27.904292726053825, 38.183225564052044], [27.904831715224304, 38.183225564052044], [27.904831715224304, 38.18376455322251], [27.905370704394784, 38.18376455322251], [27.905370704394784, 38.18430354239298], [27.904831715224304, 38.18430354239298], [27.904831715224304, 38.184842531563454], [27.902675758542415, 38.184842531563454], [27.902675758542415, 38.18376455322251], [27.903214747712894, 38.18376455322251], [27.903214747712894, 38.18268657488157], [27.903753736883374, 38.18268657488157], [27.903753736883374, 38.1821475857111]]]}, "id": "+385729+85006", "properties": {"area_ha": 4.235092319308595, "count": 15, "label": 1, "mean_dnbr": 0.30680024751735535}}, {"type": "Feature", "geometry": {"geodesic": false, "type": "Polygon", "coordinates": [[[27.903214747712894, 38.168672856449305], [27.904292726053825, 38.168672856449305], [27.904292726053825, 38.16921184561978], [27.904831715224304, 38.16921184561978], [27.904831715224304, 38.16975083479025], [27.905370704394784, 38.16975083479025], [27.905370704394784, 38.16921184561978], [27.905909693565235, 38.16921184561978], [27.905909693565235, 38.17028982396072], [27.904292726053825, 38.17028982396072], [27.904292726053825, 38.170828813131195], [27.903214747712894, 38.170828813131195], [27.903214747712894, 38.168672856449305]]]}, "id": "+385729+85031", "properties": {"area_ha": 3.6711179253915884, "count": 13, "label": 1, "mean_dnbr": 0.22178093831673631}}, {"type": "Feature", "geometry": {"geodesic": false, "type": "Polygon", "coordinates": [[[27.903214747712894, 38.56105697255271], [27.904831715224304, 38.56105697255271], [27.904831715224304, 38.561595961723185], [27.906448682735714, 38.561595961723185], [27.906448682735714, 38.56267394006413], [27.903214747712894, 38.56267394006413], [27.903214747712894, 38.56105697255271]]]}, "id": "+385730+84303", "properties": {"area_ha": 4.213028082187031, "count": 15, "label": 1, "mean_dnbr": 0.23419859885420374}}, {"type": "Feature", "geometry": {"geodesic": false, "type": "Polygon", "coordinates": [[[27.903753736883374, 38.17190679147213], [27.905370704394784, 38.17190679147213], [27.905370704394784, 38.17406274815402], [27.903214747712894, 38.17406274815402], [27.903214747712894, 38.17352375898355], [27.903753736883374, 38.17352375898355], [27.903753736883374, 38.17190679147213]]]}, "id": "+385731+85025", "properties": {"area_ha": 3.6709542419946244, "count": 13, "label": 1, "mean_dnbr": 0.2113213547291306}}, {"type": "Feature", "geometry": {"geodesic": false, "type": "Polygon", "coordinates": [[[27.903753736883374, 38.57453170181451], [27.906448682735714, 38.57453170181451], [27.906448682735714, 38.57507069098498], [27.907526661076673, 38.57507069098498], [27.907526661076673, 38.575609680155445], [27.904292726053825, 38.575609680155445], [27.904292726053825, 38.57507069098498], [27.903753736883374, 38.57507069098498], [27.903753736883374, 38.57453170181451]]]}, "id": "+385733+84278", "properties": {"area_ha": 3.0889860333390255, "count": 11, "label": 1, "mean_dnbr": 0.13660772769729052}}, {"type": "Feature", "geometry": {"geodesic": false, "type": "Polygon", "coordinates": [[[27.908065650247124, 38.16975083479025], [27.909143628588083, 38.16975083479025], [27.909143628588083, 38.17028982396072], [27.909682617758563, 38.17028982396072], [27.909682617758563, 38.170828813131195], [27.910221606929014, 38.170828813131195], [27.910221606929014, 38.17136780230167], [27.910760596099493, 38.17136780230167], [27.910760596099493, 38.17190679147213], [27.909143628588083, 38.17190679147213], [27.909143628588083, 38.17136780230167], [27.908065650247124, 38.17136780230167], [27.908065650247124, 38.16975083479025]]]}, "id": "+385738+85029", "properties": {"area_ha": 3.3886711072330016, "count": 12, "label": 1, "mean_dnbr": 0.2378697460881527}}, {"type": "Feature", "geometry": {"geodesic": false, "type": "Polygon", "coordinates": [[[27.909143628588083, 38.22418874100789], [27.910221606929014, 38.22418874100789], [27.910221606929014, 38.224727730178365], [27.910760596099493, 38.224727730178365], [27.910760596099493, 38.2258057085193], [27.909682617758563, 38.2258057085193], [27.909682617758563, 38.22688368686025], [27.910221606929014, 38.22688368686025], [27.910221606929014, 38.22742267603072], [27.911299585269973, 38.22742267603072], [27.911299585269973, 38.22796166520119], [27.910760596099493, 38.22796166520119], [27.910760596099493, 38.228500654371665], [27.909682617758563, 38.228500654371665], [27.909682617758563, 38.22742267603072], [27.909143628588083, 38.22742267603072], [27.909143628588083, 38.22688368686025], [27.908604639417604, 38.22688368686025], [27.908604639417604, 38.226344697689775], [27.908065650247124, 38.226344697689775], [27.908065650247124, 38.2258057085193], [27.908604639417604, 38.2258057085193], [27.908604639417604, 38.22526671934884], [27.909143628588083, 38.22526671934884], [27.909143628588083, 38.22418874100789]]]}, "id": "+385740+84928", "properties": {"area_ha": 5.925664876586123, "count": 21, "label": 1, "mean_dnbr": 0.20462713748187045}}, {"type": "Feature", "geometry": {"geodesic": false, "type": "Polygon", "coordinates": [[[27.908604639417604, 38.19292736912053], [27.910760596099493, 38.19292736912053], [27.910760596099493, 38.193466358291005], [27.911299585269973, 38.193466358291005], [27.911299585269973, 38.19454433663195], [27.908604639417604, 38.19454433663195], [27.908604639417604, 38.19292736912053]]]}, "id": "+385741+84986", "properties": {"area_ha": 3.9522130242785076, "count": 14, "label": 1, "mean_dnbr": 0.21110236028517834}}, {"type": "Feature", "geometry": {"geodesic": false, "type": "Polygon", "coordinates": [[[27.910760596099493, 38.184842531563454], [27.913455541951862, 38.184842531563454], [27.913455541951862, 38.18807646658629], [27.912377563610903, 38.18807646658629], [27.912377563610903, 38.1859205099044], [27.911838574440452, 38.1859205099044], [27.911838574440452, 38.18538152073393], [27.911299585269973, 38.18538152073393], [27.911299585269973, 38.1859205099044], [27.910760596099493, 38.1859205099044], [27.910760596099493, 38.186998488245344], [27.910221606929014, 38.186998488245344], [27.910221606929014, 38.18538152073393], [27.910760596099493, 38.18538152073393], [27.910760596099493, 38.184842531563454]]]}, "id": "+385746+85001", "properties": {"area_ha": 5.646589248469599, "count": 20, "label": 1, "mean_dnbr": 0.3052287696609652}}, {"type": "Feature", "geometry": {"geodesic": false, "type": "Polygon", "coordinates": [[[27.91776745531564, 38.56914181010979], [27.918306444486092, 38.56914181010979], [27.918306444486092, 38.569680799280256], [27.91938442282705, 38.569680799280256], [27.91938442282705, 38.57021978845073], [27.92100139033846, 38.57021978845073], [27.92100139033846, 38.5707587776212], [27.92046240116798, 38.5707587776212], [27.92046240116798, 38.57129776679167], [27.9199234119975, 38.57129776679167], [27.9199234119975, 38.571836755962146], [27.91722846614516, 38.571836755962146], [27.91722846614516, 38.57021978845073], [27.91776745531564, 38.57021978845073], [27.91776745531564, 38.56914181010979]]]}, "id": "+385755+84288", "properties": {"area_ha": 6.178336607412673, "count": 22, "label": 1, "mean_dnbr": 0.19957234777620647}}, {"type": "Feature", "geometry": {"geodesic": false, "type": "Polygon", "coordinates": [[[27.918306444486092, 38.16274397557412], [27.92046240116798, 38.16274397557412], [27.92046240116798, 38.16382195391506], [27.92154037950894, 38.16382195391506], [27.92154037950894, 38.164899932256006], [27.91884543365657, 38.164899932256006], [27.91884543365657, 38.16543892142648], [27.91776745531564, 38.16543892142648], [27.91776745531564, 38.16705588893789], [27.916150487804202, 38.16705588893789], [27.916150487804202, 38.166516899767416], [27.916689476974682, 38.166516899767416], [27.916689476974682, 38.16436094308553], [27.918306444486092, 38.16436094308553], [27.918306444486092, 38.16274397557412]]]}, "id": "+385759+85042", "properties": {"area_ha": 9.602062225600593, "count": 34, "label": 1, "mean_dnbr": 0.2602085525290914}}, {"type": "Feature", "geometry": {"geodesic": false, "type": "Polygon", "coordinates": [[[27.92100139033846, 38.19292736912053], [27.92315734702035, 38.19292736912053], [27.92315734702035, 38.19454433663195], [27.92046240116798, 38.19454433663195], [27.92046240116798, 38.193466358291005], [27.92100139033846, 38.193466358291005], [27.92100139033846, 38.19292736912053]]]}, "id": "+385764+84986", "properties": {"area_ha": 3.952213024267499, "count": 14, "label": 1, "mean_dnbr": 0.21201450780907596}}, {"type": "Feature", "geometry": {"geodesic": false, "type": "Polygon", "coordinates": [[[27.92100139033846, 38.166516899767416], [27.92315734702035, 38.166516899767416], [27.92315734702035, 38.168672856449305], [27.92261835784987, 38.168672856449305], [27.92261835784987, 38.16813386727883], [27.92154037950894, 38.16813386727883], [27.92154037950894, 38.168672856449305], [27.92100139033846, 38.168672856449305], [27.92100139033846, 38.166516899767416]]]}, "id": "+385764+85035", "properties": {"area_ha": 3.9536273490284484, "count": 14, "label": 1, "mean_dnbr": 0.31435247341803974}}, {"type": "Feature", "geometry": {"geodesic": false, "type": "Polygon", "coordinates": [[[27.92315734702035, 38.19508332580242], [27.92369633619083, 38.19508332580242], [27.92369633619083, 38.19562231497289], [27.92585229287269, 38.19562231497289], [27.92585229287269, 38.19777827165478], [27.92531330370224, 38.19777827165478], [27.92531330370224, 38.19831726082525], [27.92369633619083, 38.19831726082525], [27.92369633619083, 38.19777827165478], [27.92315734702035, 38.19777827165478], [27.92315734702035, 38.19508332580242]]]}, "id": "+385765+84982", "properties": {"area_ha": 6.774924729916308, "count": 24, "label": 1, "mean_dnbr": 0.24504584766589727}}, {"type": "Feature", "geometry": {"geodesic": false, "type": "Polygon", "coordinates": [[[27.92477431453176, 38.160049029721755], [27.92585229287269, 38.160049029721755], [27.92585229287269, 38.16058801889223], [27.92639128204317, 38.16058801889223], [27.92639128204317, 38.16166599723317], [27.92369633619083, 38.16166599723317], [27.92369633619083, 38.16058801889223], [27.92477431453176, 38.16058801889223], [27.92477431453176, 38.160049029721755]]]}, "id": "+385769+85047", "properties": {"area_ha": 3.389141596084265, "count": 12, "label": 1, "mean_dnbr": 0.3843370179018182}}, {"type": "Feature", "geometry": {"geodesic": false, "type": "Polygon", "coordinates": [[[27.931242184577428, 38.17783567234732], [27.933398141259318, 38.17783567234732], [27.933398141259318, 38.17999162902921], [27.93178117374788, 38.17999162902921], [27.93178117374788, 38.17945263985874], [27.93016420623647, 38.17945263985874], [27.93016420623647, 38.178913650688266], [27.929625217066018, 38.178913650688266], [27.929625217066018, 38.17837466151779], [27.931242184577428, 38.17837466151779], [27.931242184577428, 38.17783567234732]]]}, "id": "+385783+85014", "properties": {"area_ha": 5.647161611243967, "count": 20, "label": 1, "mean_dnbr": 0.34632617845276564}}, {"type": "Feature", "geometry": {"geodesic": false, "type": "Polygon", "coordinates": [[[27.933398141259318, 38.16813386727883], [27.935015108770727, 38.16813386727883], [27.935015108770727, 38.168672856449305], [27.935554097941207, 38.168672856449305], [27.935554097941207, 38.170828813131195], [27.934476119600248, 38.170828813131195], [27.934476119600248, 38.17028982396072], [27.932859152088838, 38.17028982396072], [27.932859152088838, 38.16921184561978], [27.933398141259318, 38.16921184561978], [27.933398141259318, 38.16813386727883]]]}, "id": "+385786+85032", "properties": {"area_ha": 5.365500369304815, "count": 19, "label": 1, "mean_dnbr": 0.46133313134193765}}, {"type": "Feature", "geometry": {"geodesic": false, "type": "Polygon", "coordinates": [[[27.932859152088838, 38.23766347026969], [27.935554097941207, 38.23766347026969], [27.935554097941207, 38.238741448610625], [27.936093087111658, 38.238741448610625], [27.936093087111658, 38.23981942695157], [27.934476119600248, 38.23981942695157], [27.934476119600248, 38.2392804377811], [27.932859152088838, 38.2392804377811], [27.932859152088838, 38.23766347026969]]]}, "id": "+385787+84903", "properties": {"area_ha": 5.360392892337102, "count": 19, "label": 1, "mean_dnbr": 0.24614196311264822}}, {"type": "Feature", "geometry": {"geodesic": false, "type": "Polygon", "coordinates": [[[27.936632076282137, 38.17136780230167], [27.937710054623068, 38.17136780230167], [27.937710054623068, 38.17190679147213], [27.938249043793547, 38.17190679147213], [27.938249043793547, 38.17298476981308], [27.937710054623068, 38.17298476981308], [27.937710054623068, 38.17406274815402], [27.936632076282137, 38.17406274815402], [27.936632076282137, 38.17136780230167]]]}, "id": "+385791+85026", "properties": {"area_ha": 3.388587082214331, "count": 12, "label": 1, "mean_dnbr": 0.32296098151494157}}, {"type": "Feature", "geometry": {"geodesic": false, "type": "Polygon", "coordinates": [[[27.937710054623068, 38.647834228998654], [27.938249043793547, 38.647834228998654], [27.938249043793547, 38.64837321816913], [27.938788032964027, 38.64837321816913], [27.938788032964027, 38.64945119651007], [27.936632076282137, 38.64945119651007], [27.936632076282137, 38.649990185680544], [27.935554097941207, 38.649990185680544], [27.935554097941207, 38.650529174851016], [27.936093087111658, 38.650529174851016], [27.936093087111658, 38.65106816402149], [27.935554097941207, 38.65106816402149], [27.935554097941207, 38.650529174851016], [27.935015108770727, 38.650529174851016], [27.935015108770727, 38.64945119651007], [27.935554097941207, 38.64945119651007], [27.935554097941207, 38.6489122073396], [27.937171065452617, 38.6489122073396], [27.937171065452617, 38.64837321816913], [27.937710054623068, 38.64837321816913], [27.937710054623068, 38.647834228998654]]]}, "id": "+385792+84142", "properties": {"area_ha": 4.207891911723502, "count": 15, "label": 1, "mean_dnbr": 0.27065530417140865}}, {"type": "Feature", "geometry": {"geodesic": false, "type": "Polygon", "coordinates": [[[27.938249043793547, 38.22796166520119], [27.938788032964027, 38.22796166520119], [27.938788032964027, 38.228500654371665], [27.939866011304957, 38.228500654371665], [27.939866011304957, 38.23011762188308], [27.940405000475437, 38.23011762188308], [27.940405000475437, 38.230656611053554], [27.938249043793547, 38.230656611053554], [27.938249043793547, 38.23119560022403], [27.939327022134506, 38.23119560022403], [27.939327022134506, 38.2317345893945], [27.938788032964027, 38.2317345893945], [27.938788032964027, 38.232273578564964], [27.937710054623068, 38.232273578564964], [27.937710054623068, 38.2317345893945], [27.937171065452617, 38.2317345893945], [27.937171065452617, 38.22957863271261], [27.937710054623068, 38.22957863271261], [27.937710054623068, 38.23011762188308], [27.938249043793547, 38.23011762188308], [27.938249043793547, 38.22796166520119]]]}, "id": "+385793+84921", "properties": {"area_ha": 7.053982633148649, "count": 25, "label": 1, "mean_dnbr": 0.25367138565177927}}, {"type": "Feature", "geometry": {"geodesic": false, "type": "Polygon", "coordinates": [[[27.938249043793547, 38.14819126797138], [27.939866011304957, 38.14819126797138], [27.939866011304957, 38.14926924631232], [27.939327022134506, 38.14926924631232], [27.939327022134506, 38.149808235482794], [27.939866011304957, 38.149808235482794], [27.939866011304957, 38.15088621382374], [27.937710054623068, 38.15088621382374], [27.937710054623068, 38.14926924631232], [27.938249043793547, 38.14926924631232], [27.938249043793547, 38.14819126797138]]]}, "id": "+385795+85069", "properties": {"area_ha": 4.8020192011046445, "count": 17, "label": 1, "mean_dnbr": 0.3127867095032255}}, {"type": "Feature", "geometry": {"geodesic": false, "type": "Polygon", "coordinates": [[[27.940405000475437, 38.162204986403644], [27.942560957157326, 38.162204986403644], [27.942560957157326, 38.16274397557412], [27.941482978816396, 38.16274397557412], [27.941482978816396, 38.16382195391506], [27.938249043793547, 38.16382195391506], [27.938249043793547, 38.16274397557412], [27.938788032964027, 38.16274397557412], [27.938788032964027, 38.162204986403644], [27.939327022134506, 38.162204986403644], [27.939327022134506, 38.16274397557412], [27.940405000475437, 38.16274397557412], [27.940405000475437, 38.162204986403644]]]}, "id": "+385800+85043", "properties": {"area_ha": 4.801148417116869, "count": 17, "label": 1, "mean_dnbr": 0.5256621838390597}}, {"type": "Feature", "geometry": {"geodesic": false, "type": "Polygon", "coordinates": [[[27.941482978816396, 38.6489122073396], [27.943099946327806, 38.6489122073396], [27.943099946327806, 38.64945119651007], [27.944177924668736, 38.64945119651007], [27.944177924668736, 38.649990185680544], [27.944716913839216, 38.649990185680544], [27.944716913839216, 38.650529174851016], [27.945794892180146, 38.650529174851016], [27.945794892180146, 38.65106816402149], [27.946872870521105, 38.65106816402149], [27.946872870521105, 38.65214614236243], [27.945255903009695, 38.65214614236243], [27.945255903009695, 38.652685131532905], [27.944716913839216, 38.652685131532905], [27.944716913839216, 38.65214614236243], [27.944177924668736, 38.65214614236243], [27.944177924668736, 38.65160715319196], [27.943638935498257, 38.65160715319196], [27.943638935498257, 38.65106816402149], [27.943099946327806, 38.65106816402149], [27.943099946327806, 38.649990185680544], [27.942021967986847, 38.649990185680544], [27.942021967986847, 38.64945119651007], [27.941482978816396, 38.64945119651007], [27.941482978816396, 38.6489122073396]]]}, "id": "+385801+84140", "properties": {"area_ha": 7.574038608674606, "count": 27, "label": 1, "mean_dnbr": 0.18647646271353363}}, {"type": "Feature", "geometry": {"geodesic": false, "type": "Polygon", "coordinates": [[[27.944716913839216, 38.23658549192874], [27.945794892180146, 38.23658549192874], [27.945794892180146, 38.23766347026969], [27.945255903009695, 38.23766347026969], [27.945255903009695, 38.238741448610625], [27.945794892180146, 38.238741448610625], [27.945794892180146, 38.23981942695157], [27.945255903009695, 38.23981942695157], [27.945255903009695, 38.238741448610625], [27.942560957157326, 38.238741448610625], [27.942560957157326, 38.2392804377811], [27.942021967986847, 38.2392804377811], [27.942021967986847, 38.238741448610625], [27.941482978816396, 38.238741448610625], [27.941482978816396, 38.237124481099215], [27.943638935498257, 38.237124481099215], [27.943638935498257, 38.23766347026969], [27.945255903009695, 38.23766347026969], [27.945255903009695, 38.237124481099215], [27.944716913839216, 38.237124481099215], [27.944716913839216, 38.23658549192874]]]}, "id": "+385806+84905", "properties": {"area_ha": 6.77109383312295, "count": 24, "label": 1, "mean_dnbr": 0.2947105483824684}}, {"type": "Feature", "geometry": {"geodesic": false, "type": "Polygon", "coordinates": [[[27.946333881350625, 38.25221617787242], [27.946872870521105, 38.25221617787242], [27.946872870521105, 38.25275516704289], [27.947411859691584, 38.25275516704289], [27.947411859691584, 38.25383314538384], [27.947950848862035, 38.25383314538384], [27.947950848862035, 38.25437213455431], [27.947411859691584, 38.25437213455431], [27.947411859691584, 38.25491112372478], [27.946872870521105, 38.25491112372478], [27.946872870521105, 38.255450112895254], [27.947411859691584, 38.255450112895254], [27.947411859691584, 38.25652809123619], [27.946333881350625, 38.25652809123619], [27.946333881350625, 38.25491112372478], [27.945255903009695, 38.25491112372478], [27.945255903009695, 38.25437213455431], [27.945794892180146, 38.25437213455431], [27.945794892180146, 38.25383314538384], [27.946333881350625, 38.25383314538384], [27.946333881350625, 38.25221617787242]]]}, "id": "+385808+84876", "properties": {"area_ha": 5.077174537779994, "count": 18, "label": 1, "mean_dnbr": 0.2558997191462099}}, {"type": "Feature", "geometry": {"geodesic": false, "type": "Polygon", "coordinates": [[[27.945794892180146, 38.20424614170044], [27.947411859691584, 38.20424614170044], [27.947411859691584, 38.205863109211855], [27.946872870521105, 38.205863109211855], [27.946872870521105, 38.2069410875528], [27.946333881350625, 38.2069410875528], [27.946333881350625, 38.20801906589374], [27.945255903009695, 38.20801906589374], [27.945255903009695, 38.2069410875528], [27.944177924668736, 38.2069410875528], [27.944177924668736, 38.20640209838233], [27.944716913839216, 38.20640209838233], [27.944716913839216, 38.205863109211855], [27.942560957157326, 38.205863109211855], [27.942560957157326, 38.20532412004138], [27.942021967986847, 38.20532412004138], [27.942021967986847, 38.20478513087091], [27.945255903009695, 38.20478513087091], [27.945255903009695, 38.20532412004138], [27.945794892180146, 38.20532412004138], [27.945794892180146, 38.20424614170044]]]}, "id": "+385809+84965", "properties": {"area_ha": 9.59661343239265, "count": 34, "label": 1, "mean_dnbr": 0.28601302437873805}}, {"type": "Feature", "geometry": {"geodesic": false, "type": "Polygon", "coordinates": [[[27.945255903009695, 38.16705588893789], [27.947950848862035, 38.16705588893789], [27.947950848862035, 38.16759487810836], [27.948489838032515, 38.16759487810836], [27.948489838032515, 38.16813386727883], [27.949028827202994, 38.16813386727883], [27.949028827202994, 38.168672856449305], [27.946872870521105, 38.168672856449305], [27.946872870521105, 38.16759487810836], [27.945255903009695, 38.16759487810836], [27.945255903009695, 38.16705588893789]]]}, "id": "+385810+85034", "properties": {"area_ha": 3.3888087383906256, "count": 12, "label": 1, "mean_dnbr": 0.2310814636550149}}, {"type": "Feature", "geometry": {"geodesic": false, "type": "Polygon", "coordinates": [[[27.949028827202994, 38.170828813131195], [27.949567816373445, 38.170828813131195], [27.949567816373445, 38.175140726494966], [27.950106805543925, 38.175140726494966], [27.950106805543925, 38.17567971566544], [27.949028827202994, 38.17567971566544], [27.949028827202994, 38.175140726494966], [27.948489838032515, 38.175140726494966], [27.948489838032515, 38.174601737324494], [27.947950848862035, 38.174601737324494], [27.947950848862035, 38.17406274815402], [27.947411859691584, 38.17406274815402], [27.947411859691584, 38.17352375898355], [27.945794892180146, 38.17352375898355], [27.945794892180146, 38.17298476981308], [27.945255903009695, 38.17298476981308], [27.945255903009695, 38.17190679147213], [27.949028827202994, 38.17190679147213], [27.949028827202994, 38.170828813131195]]]}, "id": "+385813+85027", "properties": {"area_ha": 10.16566150665937, "count": 36, "label": 1, "mean_dnbr": 0.4790588951261341}}, {"type": "Feature", "geometry": {"geodesic": false, "type": "Polygon", "coordinates": [[[27.949028827202994, 38.226344697689775], [27.950106805543925, 38.226344697689775], [27.950106805543925, 38.22903964354214], [27.949567816373445, 38.22903964354214], [27.949567816373445, 38.228500654371665], [27.946872870521105, 38.228500654371665], [27.946872870521105, 38.22796166520119], [27.949028827202994, 38.22796166520119], [27.949028827202994, 38.226344697689775]]]}, "id": "+385814+84924", "properties": {"area_ha": 3.6681978752219577, "count": 13, "label": 1, "mean_dnbr": 0.37338087317669016}}, {"type": "Feature", "geometry": {"geodesic": false, "type": "Polygon", "coordinates": [[[27.950645794714404, 38.18861545575676], [27.951184783884884, 38.18861545575676], [27.951184783884884, 38.18915444492723], [27.952801751396294, 38.18915444492723], [27.952801751396294, 38.191310401609115], [27.951184783884884, 38.191310401609115], [27.951184783884884, 38.19184939077959], [27.950645794714404, 38.19184939077959], [27.950645794714404, 38.19077141243864], [27.950106805543925, 38.19077141243864], [27.950106805543925, 38.1896934340977], [27.951184783884884, 38.1896934340977], [27.951184783884884, 38.18915444492723], [27.950645794714404, 38.18915444492723], [27.950645794714404, 38.18861545575676]]]}, "id": "+385816+84994", "properties": {"area_ha": 5.363965995122998, "count": 19, "label": 1, "mean_dnbr": 0.35832520351894065}}, {"type": "Feature", "geometry": {"geodesic": false, "type": "Polygon", "coordinates": [[[27.951184783884884, 38.17190679147213], [27.951723773055335, 38.17190679147213], [27.951723773055335, 38.172445780642605], [27.954418718907704, 38.172445780642605], [27.954418718907704, 38.17298476981308], [27.96088658895337, 38.17298476981308], [27.96088658895337, 38.17406274815402], [27.961425578123823, 38.17406274815402], [27.961425578123823, 38.17298476981308], [27.96250355646478, 38.17298476981308], [27.96250355646478, 38.174601737324494], [27.96304254563526, 38.174601737324494], [27.96304254563526, 38.175140726494966], [27.961425578123823, 38.175140726494966], [27.961425578123823, 38.174601737324494], [27.959808610612413, 38.174601737324494], [27.959808610612413, 38.175140726494966], [27.958730632271482, 38.175140726494966], [27.958730632271482, 38.174601737324494], [27.958191643101003, 38.174601737324494], [27.958191643101003, 38.17406274815402], [27.951723773055335, 38.17406274815402], [27.951723773055335, 38.172445780642605], [27.951184783884884, 38.172445780642605], [27.951184783884884, 38.17190679147213]]]}, "id": "+385817+85025", "properties": {"area_ha": 16.095562140422103, "count": 57, "label": 1, "mean_dnbr": 0.5064627057538805}}, {"type": "Feature", "geometry": {"geodesic": false, "type": "Polygon", "coordinates": [[[27.952262762225814, 38.205863109211855], [27.953879729737224, 38.205863109211855], [27.953879729737224, 38.20801906589374], [27.952262762225814, 38.20801906589374], [27.952262762225814, 38.205863109211855]]]}, "id": "+385821+84962", "properties": {"area_ha": 3.386993075724651, "count": 12, "label": 1, "mean_dnbr": 0.34890770803601534}}, {"type": "Feature", "geometry": {"geodesic": false, "type": "Polygon", "coordinates": [[[27.956574675589593, 38.253294156213364], [27.957652653930523, 38.253294156213364], [27.957652653930523, 38.25437213455431], [27.960347599782892, 38.25437213455431], [27.960347599782892, 38.255450112895254], [27.957652653930523, 38.255450112895254], [27.957652653930523, 38.25598910206572], [27.954957708078183, 38.25598910206572], [27.954957708078183, 38.255450112895254], [27.956574675589593, 38.255450112895254], [27.956574675589593, 38.253294156213364]]]}, "id": "+385828+84874", "properties": {"area_ha": 6.487467099587714, "count": 23, "label": 1, "mean_dnbr": 0.30377000105100554}}, {"type": "Feature", "geometry": {"geodesic": false, "type": "Polygon", "coordinates": [[[27.956574675589593, 38.64729523982819], [27.958191643101003, 38.64729523982819], [27.958191643101003, 38.64837321816913], [27.958730632271482, 38.64837321816913], [27.958730632271482, 38.6489122073396], [27.957113664760072, 38.6489122073396], [27.957113664760072, 38.64945119651007], [27.956574675589593, 38.64945119651007], [27.956574675589593, 38.64729523982819]]]}, "id": "+385829+84143", "properties": {"area_ha": 3.085828837379239, "count": 11, "label": 1, "mean_dnbr": 0.21964841907413324}}, {"type": "Feature", "geometry": {"geodesic": false, "type": "Polygon", "coordinates": [[[27.958191643101003, 38.19184939077959], [27.959269621441962, 38.19184939077959], [27.959269621441962, 38.19454433663195], [27.958730632271482, 38.19454433663195], [27.958730632271482, 38.19508332580242], [27.958191643101003, 38.19508332580242], [27.958191643101003, 38.19562231497289], [27.957652653930523, 38.19562231497289], [27.957652653930523, 38.19508332580242], [27.957113664760072, 38.19508332580242], [27.957113664760072, 38.19454433663195], [27.957652653930523, 38.19454433663195], [27.957652653930523, 38.19238837995006], [27.958191643101003, 38.19238837995006], [27.958191643101003, 38.19184939077959]]]}, "id": "+385831+84988", "properties": {"area_ha": 5.081416669453593, "count": 18, "label": 1, "mean_dnbr": 0.39770933712280315}}, {"type": "Feature", "geometry": {"geodesic": false, "type": "Polygon", "coordinates": [[[27.959808610612413, 38.17028982396072], [27.961425578123823, 38.17028982396072], [27.961425578123823, 38.17136780230167], [27.958730632271482, 38.17136780230167], [27.958730632271482, 38.17190679147213], [27.954418718907704, 38.17190679147213], [27.954418718907704, 38.17136780230167], [27.954957708078183, 38.17136780230167], [27.954957708078183, 38.170828813131195], [27.959808610612413, 38.170828813131195], [27.959808610612413, 38.17028982396072]]]}, "id": "+385835+85028", "properties": {"area_ha": 6.49490864963971, "count": 23, "label": 1, "mean_dnbr": 0.5459767537199979}}, {"type": "Feature", "geometry": {"geodesic": false, "type": "Polygon", "coordinates": [[[27.959808610612413, 38.16543892142648], [27.96250355646478, 38.16543892142648], [27.96250355646478, 38.16759487810836], [27.959808610612413, 38.16759487810836], [27.959808610612413, 38.16543892142648]]]}, "id": "+385837+85037", "properties": {"area_ha": 5.648121941272837, "count": 20, "label": 1, "mean_dnbr": 0.4708019560437133}}, {"type": "Feature", "geometry": {"geodesic": false, "type": "Polygon", "coordinates": [[[27.96088658895337, 38.21502592510987], [27.96304254563526, 38.21502592510987], [27.96304254563526, 38.21556491428034], [27.963581534805712, 38.21556491428034], [27.963581534805712, 38.216103903450815], [27.96412052397619, 38.216103903450815], [27.96412052397619, 38.21718188179176], [27.96304254563526, 38.21718188179176], [27.96304254563526, 38.216103903450815], [27.961964567294302, 38.216103903450815], [27.961964567294302, 38.21933783847365], [27.96250355646478, 38.21933783847365], [27.96250355646478, 38.219876827644114], [27.961425578123823, 38.219876827644114], [27.961425578123823, 38.21718188179176], [27.96088658895337, 38.21718188179176], [27.96088658895337, 38.21502592510987]]]}, "id": "+385838+84945", "properties": {"area_ha": 6.490855391878016, "count": 23, "label": 1, "mean_dnbr": 0.24849735457619213}}, {"type": "Feature", "geometry": {"geodesic": false, "type": "Polygon", "coordinates": [[[27.961964567294302, 38.26084000459997], [27.963581534805712, 38.26084000459997], [27.963581534805712, 38.26137899377044], [27.96519850231715, 38.26137899377044], [27.96519850231715, 38.26245697211138], [27.963581534805712, 38.26245697211138], [27.963581534805712, 38.261917982940915], [27.96250355646478, 38.261917982940915], [27.96250355646478, 38.26137899377044], [27.961964567294302, 38.26137899377044], [27.961964567294302, 38.26084000459997]]]}, "id": "+385839+84860", "properties": {"area_ha": 3.102406901951575, "count": 11, "label": 1, "mean_dnbr": 0.2584406113700186}}, {"type": "Feature", "geometry": {"geodesic": false, "type": "Polygon", "coordinates": [[[27.961964567294302, 38.251138199531475], [27.96465951314667, 38.251138199531475], [27.96465951314667, 38.25221617787242], [27.96412052397619, 38.25221617787242], [27.96412052397619, 38.25275516704289], [27.96465951314667, 38.25275516704289], [27.96465951314667, 38.25383314538384], [27.96412052397619, 38.25383314538384], [27.96412052397619, 38.25437213455431], [27.96304254563526, 38.25437213455431], [27.96304254563526, 38.25383314538384], [27.96250355646478, 38.25383314538384], [27.96250355646478, 38.25221617787242], [27.961425578123823, 38.25221617787242], [27.961425578123823, 38.25167718870195], [27.961964567294302, 38.25167718870195], [27.961964567294302, 38.251138199531475]]]}, "id": "+385841+84878", "properties": {"area_ha": 6.769729848962036, "count": 24, "label": 1, "mean_dnbr": 0.38272713634298106}}, {"type": "Feature", "geometry": {"geodesic": false, "type": "Polygon", "coordinates": [[[27.9695104156809, 38.257067080406664], [27.97058839402186, 38.257067080406664], [27.97058839402186, 38.257606069577136], [27.97166637236279, 38.257606069577136], [27.97166637236279, 38.25814505874761], [27.97274435070375, 38.25814505874761], [27.97274435070375, 38.257606069577136], [27.9732833398742, 38.257606069577136], [27.9732833398742, 38.25814505874761], [27.97382232904468, 38.25814505874761], [27.97382232904468, 38.25868404791808], [27.9732833398742, 38.25868404791808], [27.9732833398742, 38.259762026259025], [27.97220536153327, 38.259762026259025], [27.97220536153327, 38.2603010154295], [27.9732833398742, 38.2603010154295], [27.9732833398742, 38.26084000459997], [27.97166637236279, 38.26084000459997], [27.97166637236279, 38.259762026259025], [27.9695104156809, 38.259762026259025], [27.9695104156809, 38.26084000459997], [27.96843243733997, 38.26084000459997], [27.96843243733997, 38.261917982940915], [27.96897142651045, 38.261917982940915], [27.96897142651045, 38.263534950452325], [27.9695104156809, 38.263534950452325], [27.9695104156809, 38.26515191796374], [27.96897142651045, 38.26515191796374], [27.96897142651045, 38.2640739396228], [27.96843243733997, 38.2640739396228], [27.96843243733997, 38.26515191796374], [27.96681546982856, 38.26515191796374], [27.96681546982856, 38.26461292879327], [27.96789344816949, 38.26461292879327], [27.96789344816949, 38.2640739396228], [27.96843243733997, 38.2640739396228], [27.96843243733997, 38.261917982940915], [27.96735445899901, 38.261917982940915], [27.96735445899901, 38.26137899377044], [27.96789344816949, 38.26137899377044], [27.96789344816949, 38.26084000459997], [27.96681546982856, 38.26084000459997], [27.96681546982856, 38.25868404791808], [27.96789344816949, 38.25868404791808], [27.96789344816949, 38.257606069577136], [27.96897142651045, 38.257606069577136], [27.96897142651045, 38.25814505874761], [27.9695104156809, 38.25814505874761], [27.9695104156809, 38.25868404791808], [27.97058839402186, 38.25868404791808], [27.97058839402186, 38.25814505874761], [27.97004940485138, 38.25814505874761], [27.97004940485138, 38.257606069577136], [27.9695104156809, 38.257606069577136], [27.9695104156809, 38.257067080406664]]]}, "id": "+385852+84867", "properties": {"area_ha": 19.461006559440737, "count": 69, "label": 1, "mean_dnbr": 0.25848636884302356}}, {"type": "Feature", "geometry": {"geodesic": false, "type": "Polygon", "coordinates": [[[27.96735445899901, 38.18538152073393], [27.97112738319234, 38.18538152073393], [27.97112738319234, 38.1859205099044], [27.96897142651045, 38.1859205099044], [27.96897142651045, 38.186998488245344], [27.96735445899901, 38.186998488245344], [27.96735445899901, 38.18538152073393]]]}, "id": "+385853+85000", "properties": {"area_ha": 3.6702695191881496, "count": 13, "label": 1, "mean_dnbr": 0.2726956513709195}}, {"type": "Feature", "geometry": {"geodesic": false, "type": "Polygon", "coordinates": [[[27.97058839402186, 38.25221617787242], [27.97166637236279, 38.25221617787242], [27.97166637236279, 38.253294156213364], [27.97436131821516, 38.253294156213364], [27.97436131821516, 38.25383314538384], [27.97543929655609, 38.25383314538384], [27.97543929655609, 38.25491112372478], [27.97597828572657, 38.25491112372478], [27.97597828572657, 38.25598910206572], [27.97543929655609, 38.25598910206572], [27.97543929655609, 38.257067080406664], [27.97597828572657, 38.257067080406664], [27.97597828572657, 38.257606069577136], [27.97490030738564, 38.257606069577136], [27.97490030738564, 38.257067080406664], [27.97436131821516, 38.257067080406664], [27.97436131821516, 38.25652809123619], [27.97490030738564, 38.25652809123619], [27.97490030738564, 38.25598910206572], [27.97436131821516, 38.25598910206572], [27.97436131821516, 38.255450112895254], [27.97490030738564, 38.255450112895254], [27.97490030738564, 38.25491112372478], [27.97436131821516, 38.25491112372478], [27.97436131821516, 38.25383314538384], [27.97058839402186, 38.25383314538384], [27.97058839402186, 38.25221617787242]]]}, "id": "+385854+84876", "properties": {"area_ha": 7.051633785493968, "count": 25, "label": 1, "mean_dnbr": 0.2964108075008899}}, {"type": "Feature", "geometry": {"geodesic": false, "type": "Polygon", "coordinates": [[[27.9695104156809, 38.172445780642605], [27.97274435070375, 38.172445780642605], [27.97274435070375, 38.17567971566544], [27.97220536153327, 38.17567971566544], [27.97220536153327, 38.175140726494966], [27.97112738319234, 38.175140726494966], [27.97112738319234, 38.174601737324494], [27.97004940485138, 38.174601737324494], [27.97004940485138, 38.17406274815402], [27.9695104156809, 38.17406274815402], [27.9695104156809, 38.172445780642605]]]}, "id": "+385856+85024", "properties": {"area_ha": 7.624190522190698, "count": 27, "label": 1, "mean_dnbr": 0.4889013440486568}}, {"type": "Feature", "geometry": {"geodesic": false, "type": "Polygon", "coordinates": [[[27.97274435070375, 38.2640739396228], [27.97490030738564, 38.2640739396228], [27.97490030738564, 38.26515191796374], [27.97597828572657, 38.26515191796374], [27.97597828572657, 38.26622989630469], [27.97436131821516, 38.26622989630469], [27.97436131821516, 38.26730787464563], [27.9732833398742, 38.26730787464563], [27.9732833398742, 38.26515191796374], [27.97274435070375, 38.26515191796374], [27.97274435070375, 38.2640739396228]]]}, "id": "+385860+84854", "properties": {"area_ha": 6.204485273449827, "count": 22, "label": 1, "mean_dnbr": 0.2836406786173464}}, {"type": "Feature", "geometry": {"geodesic": false, "type": "Polygon", "coordinates": [[[27.97436131821516, 38.19508332580242], [27.97490030738564, 38.19508332580242], [27.97490030738564, 38.19562231497289], [27.97436131821516, 38.19562231497289], [27.97436131821516, 38.19670029331383], [27.97274435070375, 38.19670029331383], [27.97274435070375, 38.197239282484304], [27.97220536153327, 38.197239282484304], [27.97220536153327, 38.19670029331383], [27.97166637236279, 38.19670029331383], [27.97166637236279, 38.19562231497289], [27.97436131821516, 38.19562231497289], [27.97436131821516, 38.19508332580242]]]}, "id": "+385860+84982", "properties": {"area_ha": 3.3874842737856103, "count": 12, "label": 1, "mean_dnbr": 0.29390092223017994}}, {"type": "Feature", "geometry": {"geodesic": false, "type": "Polygon", "coordinates": [[[27.97382232904468, 38.209636033405154], [27.97543929655609, 38.209636033405154], [27.97543929655609, 38.2107140117461], [27.97597828572657, 38.2107140117461], [27.97597828572657, 38.21179199008704], [27.97436131821516, 38.21179199008704], [27.97436131821516, 38.2107140117461], [27.97382232904468, 38.2107140117461], [27.97382232904468, 38.209636033405154]]]}, "id": "+385861+84955", "properties": {"area_ha": 3.386817514720661, "count": 12, "label": 1, "mean_dnbr": 0.35367814840776973}}, {"type": "Feature", "geometry": {"geodesic": false, "type": "Polygon", "coordinates": [[[27.9732833398742, 38.181069607370155], [27.97651727489705, 38.181069607370155], [27.97651727489705, 38.1821475857111], [27.97543929655609, 38.1821475857111], [27.97543929655609, 38.18268657488157], [27.97436131821516, 38.18268657488157], [27.97436131821516, 38.183225564052044], [27.97112738319234, 38.183225564052044], [27.97112738319234, 38.18376455322251], [27.97058839402186, 38.18376455322251], [27.97058839402186, 38.183225564052044], [27.97004940485138, 38.183225564052044], [27.97004940485138, 38.18268657488157], [27.97166637236279, 38.18268657488157], [27.97166637236279, 38.1821475857111], [27.9732833398742, 38.1821475857111], [27.9732833398742, 38.181069607370155]]]}, "id": "+385863+85008", "properties": {"area_ha": 7.905658521696816, "count": 28, "label": 1, "mean_dnbr": 0.48793903365280383}}, {"type": "Feature", "geometry": {"geodesic": false, "type": "Polygon", "coordinates": [[[27.97597828572657, 38.16975083479025], [27.97813424240846, 38.16975083479025], [27.97813424240846, 38.17028982396072], [27.97759525323798, 38.17028982396072], [27.97759525323798, 38.170828813131195], [27.97813424240846, 38.170828813131195], [27.97813424240846, 38.17136780230167], [27.97543929655609, 38.17136780230167], [27.97543929655609, 38.170828813131195], [27.97597828572657, 38.170828813131195], [27.97597828572657, 38.16975083479025]], [[27.977056264067528, 38.17028982396072], [27.977056264067528, 38.170828813131195], [27.97651727489705, 38.170828813131195], [27.97651727489705, 38.17028982396072], [27.977056264067528, 38.17028982396072]]]}, "id": "+385866+85029", "properties": {"area_ha": 3.106299160969008, "count": 11, "label": 1, "mean_dnbr": 0.10857394298960592}}, {"type": "Feature", "geometry": {"geodesic": false, "type": "Polygon", "coordinates": [[[27.97813424240846, 38.20262917418902], [27.97975120991987, 38.20262917418902], [27.97975120991987, 38.203707152529965], [27.980829188260827, 38.203707152529965], [27.980829188260827, 38.20424614170044], [27.98136817743128, 38.20424614170044], [27.98136817743128, 38.205863109211855], [27.980290199090348, 38.205863109211855], [27.980290199090348, 38.20640209838233], [27.97921222074939, 38.20640209838233], [27.97921222074939, 38.2069410875528], [27.97813424240846, 38.2069410875528], [27.97813424240846, 38.205863109211855], [27.97759525323798, 38.205863109211855], [27.97759525323798, 38.20532412004138], [27.97651727489705, 38.20532412004138], [27.97651727489705, 38.205863109211855], [27.97543929655609, 38.205863109211855], [27.97543929655609, 38.2069410875528], [27.97382232904468, 38.2069410875528], [27.97382232904468, 38.20640209838233], [27.97490030738564, 38.20640209838233], [27.97490030738564, 38.20532412004138], [27.97597828572657, 38.20532412004138], [27.97597828572657, 38.20478513087091], [27.977056264067528, 38.20478513087091], [27.977056264067528, 38.20424614170044], [27.97490030738564, 38.20424614170044], [27.97490030738564, 38.20478513087091], [27.97220536153327, 38.20478513087091], [27.97220536153327, 38.203707152529965], [27.97382232904468, 38.203707152529965], [27.97382232904468, 38.20316816335949], [27.97651727489705, 38.20316816335949], [27.97651727489705, 38.203707152529965], [27.977056264067528, 38.203707152529965], [27.977056264067528, 38.20424614170044], [27.97759525323798, 38.20424614170044], [27.97759525323798, 38.20316816335949], [27.97813424240846, 38.20316816335949], [27.97813424240846, 38.20262917418902]]]}, "id": "+385869+84968", "properties": {"area_ha": 19.75807436589185, "count": 70, "label": 1, "mean_dnbr": 0.4138820548394655}}, {"type": "Feature", "geometry": {"geodesic": false, "type": "Polygon", "coordinates": [[[27.97975120991987, 38.19292736912053], [27.980829188260827, 38.19292736912053], [27.980829188260827, 38.193466358291005], [27.98136817743128, 38.193466358291005], [27.98136817743128, 38.19400534746148], [27.980829188260827, 38.19400534746148], [27.980829188260827, 38.19454433663195], [27.980290199090348, 38.19454433663195], [27.980290199090348, 38.19562231497289], [27.980829188260827, 38.19562231497289], [27.980829188260827, 38.19616130414336], [27.980290199090348, 38.19616130414336], [27.980290199090348, 38.19670029331383], [27.97975120991987, 38.19670029331383], [27.97975120991987, 38.19616130414336], [27.97921222074939, 38.19616130414336], [27.97921222074939, 38.19454433663195], [27.97975120991987, 38.19454433663195], [27.97975120991987, 38.19292736912053]]]}, "id": "+385871+84986", "properties": {"area_ha": 4.234452221871353, "count": 15, "label": 1, "mean_dnbr": 0.399651731678952}}, {"type": "Feature", "geometry": {"geodesic": false, "type": "Polygon", "coordinates": [[[27.978673231578938, 38.17190679147213], [27.98136817743128, 38.17190679147213], [27.98136817743128, 38.172445780642605], [27.982985144942717, 38.172445780642605], [27.982985144942717, 38.17352375898355], [27.982446155772237, 38.17352375898355], [27.982446155772237, 38.174601737324494], [27.983524134113168, 38.174601737324494], [27.983524134113168, 38.17567971566544], [27.982446155772237, 38.17567971566544], [27.982446155772237, 38.174601737324494], [27.981907166601758, 38.174601737324494], [27.981907166601758, 38.175140726494966], [27.98136817743128, 38.175140726494966], [27.98136817743128, 38.174601737324494], [27.981907166601758, 38.174601737324494], [27.981907166601758, 38.17352375898355], [27.98136817743128, 38.17352375898355], [27.98136817743128, 38.172445780642605], [27.980829188260827, 38.172445780642605], [27.980829188260827, 38.17298476981308], [27.978673231578938, 38.17298476981308], [27.978673231578938, 38.17190679147213]]]}, "id": "+385872+85025", "properties": {"area_ha": 6.212344578019848, "count": 22, "label": 1, "mean_dnbr": 0.22079661270857256}}, {"type": "Feature", "geometry": {"geodesic": false, "type": "Polygon", "coordinates": [[[27.982985144942717, 37.86091004010996], [27.985141101624578, 37.86091004010996], [27.985141101624578, 37.8619880184509], [27.984602112454127, 37.8619880184509], [27.984602112454127, 37.863065996791846], [27.982985144942717, 37.863065996791846], [27.982985144942717, 37.86091004010996]]]}, "id": "+385879+85602", "properties": {"area_ha": 3.9701461885312033, "count": 14, "label": 1, "mean_dnbr": 0.4347902668084551}}, {"type": "Feature", "geometry": {"geodesic": false, "type": "Polygon", "coordinates": [[[27.985141101624578, 38.24790426450865], [27.986219079965537, 38.24790426450865], [27.986219079965537, 38.24844325367912], [27.985680090795057, 38.24844325367912], [27.985680090795057, 38.24898224284959], [27.984602112454127, 38.24898224284959], [27.984602112454127, 38.25006022119053], [27.985141101624578, 38.25006022119053], [27.985141101624578, 38.250599210361], [27.985680090795057, 38.250599210361], [27.985680090795057, 38.251138199531475], [27.985141101624578, 38.251138199531475], [27.985141101624578, 38.250599210361], [27.984063123283647, 38.250599210361], [27.984063123283647, 38.249521232020065], [27.981907166601758, 38.249521232020065], [27.981907166601758, 38.24844325367912], [27.982985144942717, 38.24844325367912], [27.982985144942717, 38.24790426450865], [27.984602112454127, 38.24790426450865], [27.984602112454127, 38.24844325367912], [27.985141101624578, 38.24844325367912], [27.985141101624578, 38.24790426450865]]]}, "id": "+385881+84884", "properties": {"area_ha": 5.923813722991389, "count": 21, "label": 1, "mean_dnbr": 0.22813368226248432}}, {"type": "Feature", "geometry": {"geodesic": false, "type": "Polygon", "coordinates": [[[27.985141101624578, 38.17783567234732], [27.986219079965537, 38.17783567234732], [27.986219079965537, 38.17837466151779], [27.986758069136016, 38.17837466151779], [27.986758069136016, 38.178913650688266], [27.987297058306467, 38.178913650688266], [27.987297058306467, 38.17945263985874], [27.986758069136016, 38.17945263985874], [27.986758069136016, 38.17999162902921], [27.987297058306467, 38.17999162902921], [27.987297058306467, 38.183225564052044], [27.983524134113168, 38.183225564052044], [27.983524134113168, 38.1821475857111], [27.984063123283647, 38.1821475857111], [27.984063123283647, 38.181069607370155], [27.984602112454127, 38.181069607370155], [27.984602112454127, 38.18053061819968], [27.985141101624578, 38.18053061819968], [27.985141101624578, 38.17999162902921], [27.984063123283647, 38.17999162902921], [27.984063123283647, 38.17945263985874], [27.984602112454127, 38.17945263985874], [27.984602112454127, 38.17837466151779], [27.985141101624578, 38.17837466151779], [27.985141101624578, 38.17783567234732]], [[27.986219079965537, 38.17945263985874], [27.986219079965537, 38.17999162902921], [27.985680090795057, 38.17999162902921], [27.985680090795057, 38.17945263985874], [27.986219079965537, 38.17945263985874]]]}, "id": "+385881+85014", "properties": {"area_ha": 14.11754463798556, "count": 50, "label": 1, "mean_dnbr": 0.419393252123548}}, {"type": "Feature", "geometry": {"geodesic": false, "type": "Polygon", "coordinates": [[[27.986758069136016, 38.13417754953912], [27.987297058306467, 38.13417754953912], [27.987297058306467, 38.13471653870959], [27.986758069136016, 38.13471653870959], [27.986758069136016, 38.136333506221], [27.986219079965537, 38.136333506221], [27.986219079965537, 38.137411484561945], [27.985680090795057, 38.137411484561945], [27.985680090795057, 38.13687249539147], [27.984063123283647, 38.13687249539147], [27.984063123283647, 38.136333506221], [27.983524134113168, 38.136333506221], [27.983524134113168, 38.13525552788006], [27.985141101624578, 38.13525552788006], [27.985141101624578, 38.13471653870959], [27.985680090795057, 38.13471653870959], [27.985680090795057, 38.13525552788006], [27.986219079965537, 38.13525552788006], [27.986219079965537, 38.13471653870959], [27.986758069136016, 38.13471653870959], [27.986758069136016, 38.13417754953912]]]}, "id": "+385883+85095", "properties": {"area_ha": 5.650495247368924, "count": 20, "label": 1, "mean_dnbr": 0.3803252611071422}}, {"type": "Feature", "geometry": {"geodesic": false, "type": "Polygon", "coordinates": [[[27.987836047476947, 38.18430354239298], [27.988914025817905, 38.18430354239298], [27.988914025817905, 38.18538152073393], [27.988375036647426, 38.18538152073393], [27.988375036647426, 38.1859205099044], [27.987297058306467, 38.1859205099044], [27.987297058306467, 38.18645949907487], [27.988375036647426, 38.18645949907487], [27.988375036647426, 38.187537477415816], [27.985680090795057, 38.187537477415816], [27.985680090795057, 38.18538152073393], [27.986219079965537, 38.18538152073393], [27.986219079965537, 38.184842531563454], [27.987836047476947, 38.184842531563454], [27.987836047476947, 38.18430354239298]]]}, "id": "+385886+85002", "properties": {"area_ha": 7.058268876754799, "count": 25, "label": 1, "mean_dnbr": 0.33980845253466496}}, {"type": "Feature", "geometry": {"geodesic": false, "type": "Polygon", "coordinates": [[[27.988375036647426, 38.218259860132704], [27.989453014988356, 38.218259860132704], [27.989453014988356, 38.21879884930318], [27.988375036647426, 38.21879884930318], [27.988375036647426, 38.219876827644114], [27.987297058306467, 38.219876827644114], [27.987297058306467, 38.22041581681459], [27.985680090795057, 38.22041581681459], [27.985680090795057, 38.21879884930318], [27.988375036647426, 38.21879884930318], [27.988375036647426, 38.218259860132704]]]}, "id": "+385887+84939", "properties": {"area_ha": 4.233007408236361, "count": 15, "label": 1, "mean_dnbr": 0.3611030392489034}}, {"type": "Feature", "geometry": {"geodesic": false, "type": "Polygon", "coordinates": [[[27.988914025817905, 38.19939523916619], [27.989453014988356, 38.19939523916619], [27.989453014988356, 38.20047321750714], [27.989992004158836, 38.20047321750714], [27.989992004158836, 38.20262917418902], [27.989453014988356, 38.20262917418902], [27.989453014988356, 38.20209018501855], [27.988914025817905, 38.20209018501855], [27.988914025817905, 38.20101220667761], [27.988375036647426, 38.20101220667761], [27.988375036647426, 38.199934228336666], [27.988914025817905, 38.199934228336666], [27.988914025817905, 38.19939523916619]]]}, "id": "+385887+84974", "properties": {"area_ha": 3.1049975617306615, "count": 11, "label": 1, "mean_dnbr": 0.2735598838765833}}, {"type": "Feature", "geometry": {"geodesic": false, "type": "Polygon", "coordinates": [[[27.989992004158836, 38.19454433663195], [27.990530993329315, 38.19454433663195], [27.990530993329315, 38.19508332580242], [27.991069982499766, 38.19508332580242], [27.991069982499766, 38.19616130414336], [27.990530993329315, 38.19616130414336], [27.990530993329315, 38.19777827165478], [27.991069982499766, 38.19777827165478], [27.991069982499766, 38.19831726082525], [27.991608971670246, 38.19831726082525], [27.991608971670246, 38.19939523916619], [27.990530993329315, 38.19939523916619], [27.990530993329315, 38.19885624999572], [27.989992004158836, 38.19885624999572], [27.989992004158836, 38.19831726082525], [27.989453014988356, 38.19831726082525], [27.989453014988356, 38.197239282484304], [27.988914025817905, 38.197239282484304], [27.988914025817905, 38.19670029331383], [27.988375036647426, 38.19670029331383], [27.988375036647426, 38.19616130414336], [27.988914025817905, 38.19616130414336], [27.988914025817905, 38.19562231497289], [27.989992004158836, 38.19562231497289], [27.989992004158836, 38.19454433663195]], [[27.990530993329315, 38.19562231497289], [27.990530993329315, 38.19616130414336], [27.989992004158836, 38.19616130414336], [27.989992004158836, 38.19562231497289], [27.990530993329315, 38.19562231497289]]]}, "id": "+385889+84983", "properties": {"area_ha": 6.492615497473911, "count": 23, "label": 1, "mean_dnbr": 0.3703809321054342}}, {"type": "Feature", "geometry": {"geodesic": false, "type": "Polygon", "coordinates": [[[27.989992004158836, 38.16705588893789], [27.990530993329315, 38.16705588893789], [27.990530993329315, 38.16813386727883], [27.991069982499766, 38.16813386727883], [27.991069982499766, 38.168672856449305], [27.989992004158836, 38.168672856449305], [27.989992004158836, 38.16921184561978], [27.988375036647426, 38.16921184561978], [27.988375036647426, 38.16975083479025], [27.989992004158836, 38.16975083479025], [27.989992004158836, 38.170828813131195], [27.989453014988356, 38.170828813131195], [27.989453014988356, 38.17028982396072], [27.988375036647426, 38.17028982396072], [27.988375036647426, 38.16975083479025], [27.987297058306467, 38.16975083479025], [27.987297058306467, 38.16813386727883], [27.989992004158836, 38.16813386727883], [27.989992004158836, 38.16705588893789]]]}, "id": "+385889+85034", "properties": {"area_ha": 5.647925128826972, "count": 20, "label": 1, "mean_dnbr": 0.3886347263122242}}, {"type": "Feature", "geometry": {"geodesic": false, "type": "Polygon", "coordinates": [[[27.988375036647426, 37.856598126746185], [27.992147960840725, 37.856598126746185], [27.992147960840725, 37.85767610508713], [27.991608971670246, 37.85767610508713], [27.991608971670246, 37.858215094257595], [27.992147960840725, 37.858215094257595], [27.992147960840725, 37.85875408342807], [27.991069982499766, 37.85875408342807], [27.991069982499766, 37.85929307259854], [27.991608971670246, 37.85929307259854], [27.991608971670246, 37.85983206176901], [27.989453014988356, 37.85983206176901], [27.989453014988356, 37.85875408342807], [27.989992004158836, 37.85875408342807], [27.989992004158836, 37.858215094257595], [27.988914025817905, 37.858215094257595], [27.988914025817905, 37.85767610508713], [27.988375036647426, 37.85767610508713], [27.988375036647426, 37.856598126746185]]]}, "id": "+385892+85610", "properties": {"area_ha": 8.507891633188908, "count": 30, "label": 1, "mean_dnbr": 0.4089179300134647}}, {"type": "Feature", "geometry": {"geodesic": false, "type": "Polygon", "coordinates": [[[27.992147960840725, 38.20047321750714], [27.992686950011205, 38.20047321750714], [27.992686950011205, 38.20101220667761], [27.993225939181656, 38.20101220667761], [27.993225939181656, 38.20155119584808], [27.994303917522615, 38.20155119584808], [27.994303917522615, 38.20209018501855], [27.994842906693094, 38.20209018501855], [27.994842906693094, 38.20262917418902], [27.993764928352135, 38.20262917418902], [27.993764928352135, 38.20316816335949], [27.992686950011205, 38.20316816335949], [27.992686950011205, 38.203707152529965], [27.992147960840725, 38.203707152529965], [27.992147960840725, 38.20316816335949], [27.991608971670246, 38.20316816335949], [27.991608971670246, 38.20262917418902], [27.991069982499766, 38.20262917418902], [27.991069982499766, 38.20209018501855], [27.992147960840725, 38.20209018501855], [27.992147960840725, 38.20155119584808], [27.992686950011205, 38.20155119584808], [27.992686950011205, 38.20101220667761], [27.992147960840725, 38.20101220667761], [27.992147960840725, 38.20047321750714]]]}, "id": "+385893+84972", "properties": {"area_ha": 5.080815624988747, "count": 18, "label": 1, "mean_dnbr": 0.33832234608065254}}, {"type": "Feature", "geometry": {"geodesic": false, "type": "Polygon", "coordinates": [[[27.993225939181656, 38.224727730178365], [27.993764928352135, 38.224727730178365], [27.993764928352135, 38.2258057085193], [27.994303917522615, 38.2258057085193], [27.994303917522615, 38.22526671934884], [27.994842906693094, 38.22526671934884], [27.994842906693094, 38.226344697689775], [27.994303917522615, 38.226344697689775], [27.994303917522615, 38.22742267603072], [27.993764928352135, 38.22742267603072], [27.993764928352135, 38.22688368686025], [27.993225939181656, 38.22688368686025], [27.993225939181656, 38.226344697689775], [27.992686950011205, 38.226344697689775], [27.992686950011205, 38.22526671934884], [27.993225939181656, 38.22526671934884], [27.993225939181656, 38.224727730178365]]]}, "id": "+385895+84927", "properties": {"area_ha": 3.1039294549084695, "count": 11, "label": 1, "mean_dnbr": 0.23816061776557376}}, {"type": "Feature", "geometry": {"geodesic": false, "type": "Polygon", "coordinates": [[[27.997537852545435, 38.2069410875528], [27.998076841715914, 38.2069410875528], [27.998076841715914, 38.20801906589374], [27.998615830886393, 38.20801906589374], [27.998615830886393, 38.20909704423468], [27.996459874204504, 38.20909704423468], [27.996459874204504, 38.20748007672327], [27.997537852545435, 38.20748007672327], [27.997537852545435, 38.2069410875528]]]}, "id": "+385903+84960", "properties": {"area_ha": 3.3869382740071314, "count": 12, "label": 1, "mean_dnbr": 0.36062457229344874}}, {"type": "Feature", "geometry": {"geodesic": false, "type": "Polygon", "coordinates": [[[28.000771787568283, 38.524405708960636], [28.001310776738734, 38.524405708960636], [28.001310776738734, 38.52602267647205], [28.001849765909213, 38.52602267647205], [28.001849765909213, 38.52548368730158], [28.002388755079693, 38.52548368730158], [28.002388755079693, 38.526561665642525], [28.002927744250144, 38.526561665642525], [28.002927744250144, 38.52763964398346], [28.001310776738734, 38.52763964398346], [28.001310776738734, 38.526561665642525], [28.000771787568283, 38.526561665642525], [28.000771787568283, 38.52602267647205], [28.000232798397803, 38.52602267647205], [28.000232798397803, 38.52494469813111], [28.000771787568283, 38.52494469813111], [28.000771787568283, 38.524405708960636]]]}, "id": "+385909+84371", "properties": {"area_ha": 4.215106152417896, "count": 15, "label": 1, "mean_dnbr": 0.20277700745082503}}, {"type": "Feature", "geometry": {"geodesic": false, "type": "Polygon", "coordinates": [[[28.001310776738734, 38.237124481099215], [28.002388755079693, 38.237124481099215], [28.002388755079693, 38.23820245944015], [28.003466733420623, 38.23820245944015], [28.003466733420623, 38.238741448610625], [28.004005722591103, 38.238741448610625], [28.004005722591103, 38.2392804377811], [28.000771787568283, 38.2392804377811], [28.000771787568283, 38.23981942695157], [28.000232798397803, 38.23981942695157], [28.000232798397803, 38.24035841612204], [27.999154820056845, 38.24035841612204], [27.999154820056845, 38.2392804377811], [27.999693809227324, 38.2392804377811], [27.999693809227324, 38.23820245944015], [28.000771787568283, 38.23820245944015], [28.000771787568283, 38.23766347026969], [28.001310776738734, 38.23766347026969], [28.001310776738734, 38.237124481099215]]]}, "id": "+385911+84904", "properties": {"area_ha": 7.0531720915374665, "count": 25, "label": 1, "mean_dnbr": 0.35708218423775745}}, {"type": "Feature", "geometry": {"geodesic": false, "type": "Polygon", "coordinates": [[[28.001310776738734, 38.22095480598506], [28.003466733420623, 38.22095480598506], [28.003466733420623, 38.222032784326004], [28.004005722591103, 38.222032784326004], [28.004005722591103, 38.22311076266695], [28.002927744250144, 38.22311076266695], [28.002927744250144, 38.22364975183742], [28.002388755079693, 38.22364975183742], [28.002388755079693, 38.22311076266695], [28.001310776738734, 38.22311076266695], [28.001310776738734, 38.222571773496476], [28.000771787568283, 38.222571773496476], [28.000771787568283, 38.222032784326004], [28.001849765909213, 38.222032784326004], [28.001849765909213, 38.22149379515553], [28.001310776738734, 38.22149379515553], [28.001310776738734, 38.22095480598506]], [[28.003466733420623, 38.222032784326004], [28.003466733420623, 38.222571773496476], [28.002927744250144, 38.222571773496476], [28.002927744250144, 38.222032784326004], [28.003466733420623, 38.222032784326004]]]}, "id": "+385913+84934", "properties": {"area_ha": 5.079419855657879, "count": 18, "label": 1, "mean_dnbr": 0.3604051858783153}}, {"type": "Feature", "geometry": {"geodesic": false, "type": "Polygon", "coordinates": [[[28.001849765909213, 38.520632784767336], [28.004005722591103, 38.520632784767336], [28.004005722591103, 38.521710763108274], [28.004544711761582, 38.521710763108274], [28.004544711761582, 38.522249752278746], [28.005083700932033, 38.522249752278746], [28.005083700932033, 38.524405708960636], [28.005622690102513, 38.524405708960636], [28.005622690102513, 38.52548368730158], [28.006161679272992, 38.52548368730158], [28.006161679272992, 38.52871762232441], [28.005622690102513, 38.52871762232441], [28.005622690102513, 38.52925661149488], [28.005083700932033, 38.52925661149488], [28.005083700932033, 38.528178633153935], [28.005622690102513, 38.528178633153935], [28.005622690102513, 38.526561665642525], [28.005083700932033, 38.526561665642525], [28.005083700932033, 38.52602267647205], [28.004544711761582, 38.52602267647205], [28.004544711761582, 38.527100654813], [28.004005722591103, 38.527100654813], [28.004005722591103, 38.524405708960636], [28.004544711761582, 38.524405708960636], [28.004544711761582, 38.52278874144922], [28.004005722591103, 38.52278874144922], [28.004005722591103, 38.522249752278746], [28.003466733420623, 38.522249752278746], [28.003466733420623, 38.52278874144922], [28.001849765909213, 38.52278874144922], [28.001849765909213, 38.522249752278746], [28.002388755079693, 38.522249752278746], [28.002388755079693, 38.5211717739378], [28.001849765909213, 38.5211717739378], [28.001849765909213, 38.520632784767336]]]}, "id": "+385914+84378", "properties": {"area_ha": 10.959571440231436, "count": 39, "label": 1, "mean_dnbr": 0.21353609524699999}}, {"type": "Feature", "geometry": {"geodesic": false, "type": "Polygon", "coordinates": [[[28.003466733420623, 38.20478513087091], [28.006161679272992, 38.20478513087091], [28.006161679272992, 38.20532412004138], [28.005083700932033, 38.20532412004138], [28.005083700932033, 38.205863109211855], [28.004005722591103, 38.205863109211855], [28.004005722591103, 38.20640209838233], [28.001849765909213, 38.20640209838233], [28.001849765909213, 38.20532412004138], [28.003466733420623, 38.20532412004138], [28.003466733420623, 38.20478513087091]]]}, "id": "+385918+84964", "properties": {"area_ha": 4.233814062985404, "count": 15, "label": 1, "mean_dnbr": 0.3347348618667708}}, {"type": "Feature", "geometry": {"geodesic": false, "type": "Polygon", "coordinates": [[[28.004544711761582, 38.16543892142648], [28.00670066844347, 38.16543892142648], [28.00670066844347, 38.16759487810836], [28.005083700932033, 38.16759487810836], [28.005083700932033, 38.16813386727883], [28.004005722591103, 38.16813386727883], [28.004005722591103, 38.16759487810836], [28.003466733420623, 38.16759487810836], [28.003466733420623, 38.16597791059694], [28.004544711761582, 38.16597791059694], [28.004544711761582, 38.16543892142648]]]}, "id": "+385919+85037", "properties": {"area_ha": 6.777725753024103, "count": 24, "label": 1, "mean_dnbr": 0.23993623503499267}}, {"type": "Feature", "geometry": {"geodesic": false, "type": "Polygon", "coordinates": [[[28.00670066844347, 38.212330979257516], [28.007239657613923, 38.212330979257516], [28.007239657613923, 38.21286996842799], [28.00831763595488, 38.21286996842799], [28.00831763595488, 38.21340895759846], [28.008856625125333, 38.21340895759846], [28.008856625125333, 38.213947946768926], [28.009395614295812, 38.213947946768926], [28.009395614295812, 38.21502592510987], [28.007778646784402, 38.21502592510987], [28.007778646784402, 38.21340895759846], [28.00670066844347, 38.21340895759846], [28.00670066844347, 38.213947946768926], [28.005622690102513, 38.213947946768926], [28.005622690102513, 38.21340895759846], [28.005083700932033, 38.21340895759846], [28.005083700932033, 38.21286996842799], [28.00670066844347, 38.21286996842799], [28.00670066844347, 38.212330979257516]]]}, "id": "+385920+84950", "properties": {"area_ha": 4.797794603368402, "count": 17, "label": 1, "mean_dnbr": 0.21285641077034873}}, {"type": "Feature", "geometry": {"geodesic": false, "type": "Polygon", "coordinates": [[[28.008856625125333, 38.234968524417326], [28.00993460346629, 38.234968524417326], [28.00993460346629, 38.237124481099215], [28.01047359263677, 38.237124481099215], [28.01047359263677, 38.23820245944015], [28.00993460346629, 38.23820245944015], [28.00993460346629, 38.238741448610625], [28.008856625125333, 38.238741448610625], [28.008856625125333, 38.24035841612204], [28.00831763595488, 38.24035841612204], [28.00831763595488, 38.240897405292515], [28.007778646784402, 38.240897405292515], [28.007778646784402, 38.24035841612204], [28.007239657613923, 38.24035841612204], [28.007239657613923, 38.2392804377811], [28.00831763595488, 38.2392804377811], [28.00831763595488, 38.23820245944015], [28.005083700932033, 38.23820245944015], [28.005083700932033, 38.23766347026969], [28.005622690102513, 38.23766347026969], [28.005622690102513, 38.237124481099215], [28.006161679272992, 38.237124481099215], [28.006161679272992, 38.23766347026969], [28.00831763595488, 38.23766347026969], [28.00831763595488, 38.23820245944015], [28.009395614295812, 38.23820245944015], [28.009395614295812, 38.23766347026969], [28.00993460346629, 38.23766347026969], [28.00993460346629, 38.237124481099215], [28.009395614295812, 38.237124481099215], [28.009395614295812, 38.23658549192874], [28.008856625125333, 38.23658549192874], [28.008856625125333, 38.23604650275827], [28.00670066844347, 38.23604650275827], [28.00670066844347, 38.2355075135878], [28.008856625125333, 38.2355075135878], [28.008856625125333, 38.234968524417326]]]}, "id": "+385925+84908", "properties": {"area_ha": 9.028176775016494, "count": 32, "label": 1, "mean_dnbr": 0.31497159875535125}}, {"type": "Feature", "geometry": {"geodesic": false, "type": "Polygon", "coordinates": [[[28.011012581807222, 38.205863109211855], [28.0115515709777, 38.205863109211855], [28.0115515709777, 38.20640209838233], [28.011012581807222, 38.20640209838233], [28.011012581807222, 38.2069410875528], [28.01047359263677, 38.2069410875528], [28.01047359263677, 38.20748007672327], [28.0115515709777, 38.20748007672327], [28.0115515709777, 38.20801906589374], [28.01209056014818, 38.20801906589374], [28.01209056014818, 38.20855805506421], [28.01424651683007, 38.20855805506421], [28.01424651683007, 38.20909704423468], [28.01478550600052, 38.20909704423468], [28.01478550600052, 38.21125300091657], [28.01424651683007, 38.21125300091657], [28.01424651683007, 38.2107140117461], [28.01316853848911, 38.2107140117461], [28.01316853848911, 38.209636033405154], [28.01370752765959, 38.209636033405154], [28.01370752765959, 38.20909704423468], [28.01209056014818, 38.20909704423468], [28.01209056014818, 38.209636033405154], [28.0115515709777, 38.209636033405154], [28.0115515709777, 38.20855805506421], [28.011012581807222, 38.20855805506421], [28.011012581807222, 38.20801906589374], [28.01047359263677, 38.20801906589374], [28.01047359263677, 38.20748007672327], [28.009395614295812, 38.20748007672327], [28.009395614295812, 38.20801906589374], [28.00993460346629, 38.20801906589374], [28.00993460346629, 38.20855805506421], [28.01047359263677, 38.20855805506421], [28.01047359263677, 38.20909704423468], [28.011012581807222, 38.20909704423468], [28.011012581807222, 38.209636033405154], [28.009395614295812, 38.209636033405154], [28.009395614295812, 38.20909704423468], [28.008856625125333, 38.20909704423468], [28.008856625125333, 38.20855805506421], [28.00831763595488, 38.20855805506421], [28.00831763595488, 38.20748007672327], [28.009395614295812, 38.20748007672327], [28.009395614295812, 38.2069410875528], [28.008856625125333, 38.2069410875528], [28.008856625125333, 38.20640209838233], [28.011012581807222, 38.20640209838233], [28.011012581807222, 38.205863109211855]]]}, "id": "+385928+84962", "properties": {"area_ha": 10.442981605154062, "count": 37, "label": 1, "mean_dnbr": 0.29490225982435975}}, {"type": "Feature", "geometry": {"geodesic": false, "type": "Polygon", "coordinates": [[[28.01478550600052, 38.668854806647055], [28.015324495171, 38.668854806647055], [28.015324495171, 38.669932784988], [28.01640247351196, 38.669932784988], [28.01640247351196, 38.67047177415847], [28.01694146268241, 38.67047177415847], [28.01694146268241, 38.671010763328944], [28.01640247351196, 38.671010763328944], [28.01640247351196, 38.671549752499416], [28.015324495171, 38.671549752499416], [28.015324495171, 38.671010763328944], [28.01478550600052, 38.671010763328944], [28.01478550600052, 38.669932784988], [28.01424651683007, 38.669932784988], [28.01424651683007, 38.66939379581753], [28.01478550600052, 38.66939379581753], [28.01478550600052, 38.668854806647055]]]}, "id": "+385935+84103", "properties": {"area_ha": 3.365318671614163, "count": 12, "label": 1, "mean_dnbr": 0.22234786624767064}}, {"type": "Feature", "geometry": {"geodesic": false, "type": "Polygon", "coordinates": [[[28.01424651683007, 38.22957863271261], [28.015324495171, 38.22957863271261], [28.015324495171, 38.23011762188308], [28.01586348434148, 38.23011762188308], [28.01586348434148, 38.2317345893945], [28.01478550600052, 38.2317345893945], [28.01478550600052, 38.23119560022403], [28.01370752765959, 38.23119560022403], [28.01370752765959, 38.230656611053554], [28.01262954931866, 38.230656611053554], [28.01262954931866, 38.23011762188308], [28.01424651683007, 38.23011762188308], [28.01424651683007, 38.22957863271261]]]}, "id": "+385935+84918", "properties": {"area_ha": 3.9502049904801164, "count": 14, "label": 1, "mean_dnbr": 0.30025948266407315}}, {"type": "Feature", "geometry": {"geodesic": false, "type": "Polygon", "coordinates": [[[28.01478550600052, 38.22364975183742], [28.01586348434148, 38.22364975183742], [28.01586348434148, 38.224727730178365], [28.01640247351196, 38.224727730178365], [28.01640247351196, 38.2258057085193], [28.01748045185289, 38.2258057085193], [28.01748045185289, 38.22526671934884], [28.01801944102337, 38.22526671934884], [28.01801944102337, 38.22688368686025], [28.01694146268241, 38.22688368686025], [28.01694146268241, 38.22796166520119], [28.01640247351196, 38.22796166520119], [28.01640247351196, 38.22688368686025], [28.01586348434148, 38.22688368686025], [28.01586348434148, 38.224727730178365], [28.015324495171, 38.224727730178365], [28.015324495171, 38.22418874100789], [28.01478550600052, 38.22418874100789], [28.01478550600052, 38.22364975183742]]]}, "id": "+385936+84929", "properties": {"area_ha": 4.514815337833268, "count": 16, "label": 1, "mean_dnbr": 0.2858634840011927}}, {"type": "Feature", "geometry": {"geodesic": false, "type": "Polygon", "coordinates": [[[28.015324495171, 38.16436094308553], [28.01586348434148, 38.16436094308553], [28.01586348434148, 38.16597791059694], [28.01640247351196, 38.16597791059694], [28.01640247351196, 38.166516899767416], [28.01694146268241, 38.166516899767416], [28.01694146268241, 38.16759487810836], [28.01640247351196, 38.16759487810836], [28.01640247351196, 38.16813386727883], [28.01586348434148, 38.16813386727883], [28.01586348434148, 38.16759487810836], [28.015324495171, 38.16759487810836], [28.015324495171, 38.16597791059694], [28.01478550600052, 38.16597791059694], [28.01478550600052, 38.16543892142648], [28.01424651683007, 38.16543892142648], [28.01424651683007, 38.164899932256006], [28.015324495171, 38.164899932256006], [28.015324495171, 38.16436094308553]]]}, "id": "+385936+85039", "properties": {"area_ha": 4.236104382666066, "count": 15, "label": 1, "mean_dnbr": 0.2621226525188917}}, {"type": "Feature", "geometry": {"geodesic": false, "type": "Polygon", "coordinates": [[[28.01586348434148, 38.526561665642525], [28.01640247351196, 38.526561665642525], [28.01640247351196, 38.52871762232441], [28.015324495171, 38.52871762232441], [28.015324495171, 38.52925661149488], [28.01370752765959, 38.52925661149488], [28.01370752765959, 38.52763964398346], [28.01478550600052, 38.52763964398346], [28.01478550600052, 38.527100654813], [28.01586348434148, 38.527100654813], [28.01586348434148, 38.526561665642525]]]}, "id": "+385937+84367", "properties": {"area_ha": 4.776996963667718, "count": 17, "label": 1, "mean_dnbr": 0.22055230014255414}}, {"type": "Feature", "geometry": {"geodesic": false, "type": "Polygon", "coordinates": [[[28.01855843019385, 38.22095480598506], [28.0190974193643, 38.22095480598506], [28.0190974193643, 38.22149379515553], [28.01855843019385, 38.22149379515553], [28.01855843019385, 38.222571773496476], [28.01748045185289, 38.222571773496476], [28.01748045185289, 38.222032784326004], [28.01586348434148, 38.222032784326004], [28.01586348434148, 38.222571773496476], [28.015324495171, 38.222571773496476], [28.015324495171, 38.222032784326004], [28.01586348434148, 38.222032784326004], [28.01586348434148, 38.22149379515553], [28.01694146268241, 38.22149379515553], [28.01694146268241, 38.22095480598506], [28.01801944102337, 38.22095480598506], [28.01801944102337, 38.22149379515553], [28.01855843019385, 38.22149379515553], [28.01855843019385, 38.22095480598506]]]}, "id": "+385942+84934", "properties": {"area_ha": 3.1041132822934934, "count": 11, "label": 1, "mean_dnbr": 0.2759459548888517}}, {"type": "Feature", "geometry": {"geodesic": false, "type": "Polygon", "coordinates": [[[28.01694146268241, 38.15951004055128], [28.0190974193643, 38.15951004055128], [28.0190974193643, 38.16058801889223], [28.01963640853478, 38.16058801889223], [28.01963640853478, 38.1611270080627], [28.02125337604619, 38.1611270080627], [28.02125337604619, 38.162204986403644], [28.01963640853478, 38.162204986403644], [28.01963640853478, 38.16382195391506], [28.01748045185289, 38.16382195391506], [28.01748045185289, 38.16166599723317], [28.01694146268241, 38.16166599723317], [28.01694146268241, 38.15951004055128]]]}, "id": "+385942+85048", "properties": {"area_ha": 11.29699971465789, "count": 40, "label": 1, "mean_dnbr": 0.436476371518747}}, {"type": "Feature", "geometry": {"geodesic": false, "type": "Polygon", "coordinates": [[[28.01855843019385, 38.240897405292515], [28.01963640853478, 38.240897405292515], [28.01963640853478, 38.24143639446299], [28.02233135438715, 38.24143639446299], [28.02233135438715, 38.24197538363346], [28.02071438687571, 38.24197538363346], [28.02071438687571, 38.24251437280393], [28.02017539770526, 38.24251437280393], [28.02017539770526, 38.243053361974404], [28.02071438687571, 38.243053361974404], [28.02071438687571, 38.243592351144876], [28.01963640853478, 38.243592351144876], [28.01963640853478, 38.24413134031534], [28.01801944102337, 38.24413134031534], [28.01801944102337, 38.244670329485814], [28.01748045185289, 38.244670329485814], [28.01748045185289, 38.24413134031534], [28.01694146268241, 38.24413134031534], [28.01694146268241, 38.243592351144876], [28.01640247351196, 38.243592351144876], [28.01640247351196, 38.24251437280393], [28.01748045185289, 38.24251437280393], [28.01748045185289, 38.24143639446299], [28.01694146268241, 38.24143639446299], [28.01694146268241, 38.24197538363346], [28.01640247351196, 38.24197538363346], [28.01640247351196, 38.240897405292515], [28.01748045185289, 38.240897405292515], [28.01748045185289, 38.24143639446299], [28.01855843019385, 38.24143639446299], [28.01855843019385, 38.240897405292515]]]}, "id": "+385943+84897", "properties": {"area_ha": 11.56655177815412, "count": 41, "label": 1, "mean_dnbr": 0.30975663763103817}}, {"type": "Feature", "geometry": {"geodesic": false, "type": "Polygon", "coordinates": [[[28.01694146268241, 38.23119560022403], [28.02071438687571, 38.23119560022403], [28.02071438687571, 38.2317345893945], [28.01963640853478, 38.2317345893945], [28.01963640853478, 38.232273578564964], [28.02071438687571, 38.232273578564964], [28.02071438687571, 38.23281256773544], [28.02017539770526, 38.23281256773544], [28.02017539770526, 38.23335155690591], [28.01963640853478, 38.23335155690591], [28.01963640853478, 38.232273578564964], [28.01855843019385, 38.232273578564964], [28.01855843019385, 38.23281256773544], [28.0190974193643, 38.23281256773544], [28.0190974193643, 38.23335155690591], [28.01801944102337, 38.23335155690591], [28.01801944102337, 38.23442953524685], [28.01855843019385, 38.23442953524685], [28.01855843019385, 38.234968524417326], [28.01801944102337, 38.234968524417326], [28.01801944102337, 38.23442953524685], [28.01748045185289, 38.23442953524685], [28.01748045185289, 38.23389054607638], [28.01694146268241, 38.23389054607638], [28.01694146268241, 38.23281256773544], [28.01748045185289, 38.23281256773544], [28.01748045185289, 38.2317345893945], [28.01694146268241, 38.2317345893945], [28.01694146268241, 38.23119560022403]]]}, "id": "+385945+84915", "properties": {"area_ha": 6.771572305805717, "count": 24, "label": 1, "mean_dnbr": 0.32582588166330506}}, {"type": "Feature", "geometry": {"geodesic": false, "type": "Polygon", "coordinates": [[[28.02233135438715, 38.23766347026969], [28.0228703435576, 38.23766347026969], [28.0228703435576, 38.23820245944015], [28.02340933272808, 38.23820245944015], [28.02340933272808, 38.238741448610625], [28.02179236521667, 38.238741448610625], [28.02179236521667, 38.2392804377811], [28.02125337604619, 38.2392804377811], [28.02125337604619, 38.23981942695157], [28.02017539770526, 38.23981942695157], [28.02017539770526, 38.23766347026969], [28.02125337604619, 38.23766347026969], [28.02125337604619, 38.238741448610625], [28.02179236521667, 38.238741448610625], [28.02179236521667, 38.23820245944015], [28.02233135438715, 38.23820245944015], [28.02233135438715, 38.23766347026969]]]}, "id": "+385949+84903", "properties": {"area_ha": 3.6676467703611646, "count": 13, "label": 1, "mean_dnbr": 0.2334163336047669}}, {"type": "Feature", "geometry": {"geodesic": false, "type": "Polygon", "coordinates": [[[28.02233135438715, 38.19616130414336], [28.02502630023949, 38.19616130414336], [28.02502630023949, 38.197239282484304], [28.026104278580448, 38.197239282484304], [28.026104278580448, 38.19777827165478], [28.0266432677509, 38.19777827165478], [28.0266432677509, 38.19939523916619], [28.02556528940997, 38.19939523916619], [28.02556528940997, 38.19831726082525], [28.02502630023949, 38.19831726082525], [28.02502630023949, 38.19777827165478], [28.024487311069038, 38.19777827165478], [28.024487311069038, 38.197239282484304], [28.02340933272808, 38.197239282484304], [28.02340933272808, 38.19670029331383], [28.0228703435576, 38.19670029331383], [28.0228703435576, 38.197239282484304], [28.02233135438715, 38.197239282484304], [28.02233135438715, 38.19616130414336]]]}, "id": "+385953+84980", "properties": {"area_ha": 5.363423693222615, "count": 19, "label": 1, "mean_dnbr": 0.35180976851982254}}, {"type": "Feature", "geometry": {"geodesic": false, "type": "Polygon", "coordinates": [[[28.0266432677509, 38.328213650908936], [28.028260235262337, 38.328213650908936], [28.028260235262337, 38.3287526400794], [28.027182256921378, 38.3287526400794], [28.027182256921378, 38.32929162924987], [28.028260235262337, 38.32929162924987], [28.028260235262337, 38.329830618420345], [28.027182256921378, 38.329830618420345], [28.027182256921378, 38.33036960759082], [28.026104278580448, 38.33036960759082], [28.026104278580448, 38.33090859676129], [28.02556528940997, 38.33090859676129], [28.02556528940997, 38.329830618420345], [28.0266432677509, 38.329830618420345], [28.0266432677509, 38.32929162924987], [28.026104278580448, 38.32929162924987], [28.026104278580448, 38.3287526400794], [28.0266432677509, 38.3287526400794], [28.0266432677509, 38.328213650908936]]]}, "id": "+385959+84735", "properties": {"area_ha": 3.381284181658157, "count": 12, "label": 1, "mean_dnbr": 0.20681159221287482}}, {"type": "Feature", "geometry": {"geodesic": false, "type": "Polygon", "coordinates": [[[28.030416191944227, 38.21664289262129], [28.030955181114678, 38.21664289262129], [28.030955181114678, 38.21718188179176], [28.031494170285157, 38.21718188179176], [28.031494170285157, 38.218259860132704], [28.030416191944227, 38.218259860132704], [28.030416191944227, 38.21879884930318], [28.029877202773747, 38.21879884930318], [28.029877202773747, 38.21933783847365], [28.027721246091858, 38.21933783847365], [28.027721246091858, 38.21879884930318], [28.029338213603268, 38.21879884930318], [28.029338213603268, 38.218259860132704], [28.029877202773747, 38.218259860132704], [28.029877202773747, 38.21772087096223], [28.030416191944227, 38.21772087096223], [28.030416191944227, 38.21664289262129]]]}, "id": "+385964+84942", "properties": {"area_ha": 3.3864708647879596, "count": 12, "label": 1, "mean_dnbr": 0.24749447606398667}}, {"type": "Feature", "geometry": {"geodesic": false, "type": "Polygon", "coordinates": [[[28.032033159455636, 38.325518705056574], [28.032572148626087, 38.325518705056574], [28.032572148626087, 38.32659668339752], [28.032033159455636, 38.32659668339752], [28.032033159455636, 38.32713567256799], [28.032572148626087, 38.32713567256799], [28.032572148626087, 38.32767466173846], [28.031494170285157, 38.32767466173846], [28.031494170285157, 38.328213650908936], [28.030955181114678, 38.328213650908936], [28.030955181114678, 38.3287526400794], [28.031494170285157, 38.3287526400794], [28.031494170285157, 38.32929162924987], [28.032033159455636, 38.32929162924987], [28.032033159455636, 38.3287526400794], [28.032572148626087, 38.3287526400794], [28.032572148626087, 38.329830618420345], [28.032033159455636, 38.329830618420345], [28.032033159455636, 38.33090859676129], [28.031494170285157, 38.33090859676129], [28.031494170285157, 38.329830618420345], [28.030416191944227, 38.329830618420345], [28.030416191944227, 38.33090859676129], [28.030955181114678, 38.33090859676129], [28.030955181114678, 38.331986575102235], [28.031494170285157, 38.331986575102235], [28.031494170285157, 38.33144758593176], [28.032572148626087, 38.33144758593176], [28.032572148626087, 38.33090859676129], [28.033111137796567, 38.33090859676129], [28.033111137796567, 38.33036960759082], [28.033650126967046, 38.33036960759082], [28.033650126967046, 38.33090859676129], [28.034189116137526, 38.33090859676129], [28.034189116137526, 38.3287526400794], [28.034728105307977, 38.3287526400794], [28.034728105307977, 38.331986575102235], [28.032572148626087, 38.331986575102235], [28.032572148626087, 38.33252556427271], [28.033111137796567, 38.33252556427271], [28.033111137796567, 38.33306455344318], [28.032572148626087, 38.33306455344318], [28.032572148626087, 38.33360354261365], [28.032033159455636, 38.33360354261365], [28.032033159455636, 38.33252556427271], [28.030416191944227, 38.33252556427271], [28.030416191944227, 38.33090859676129], [28.029877202773747, 38.33090859676129], [28.029877202773747, 38.331986575102235], [28.029338213603268, 38.331986575102235], [28.029338213603268, 38.33144758593176], [28.028799224432788, 38.33144758593176], [28.028799224432788, 38.33252556427271], [28.0266432677509, 38.33252556427271], [28.0266432677509, 38.331986575102235], [28.026104278580448, 38.331986575102235], [28.026104278580448, 38.33144758593176], [28.027182256921378, 38.33144758593176], [28.027182256921378, 38.33090859676129], [28.027721246091858, 38.33090859676129], [28.027721246091858, 38.33144758593176], [28.028799224432788, 38.33144758593176], [28.028799224432788, 38.329830618420345], [28.029338213603268, 38.329830618420345], [28.029338213603268, 38.32929162924987], [28.030416191944227, 38.32929162924987], [28.030416191944227, 38.325518705056574], [28.030955181114678, 38.325518705056574], [28.030955181114678, 38.32659668339752], [28.032033159455636, 38.32659668339752], [28.032033159455636, 38.325518705056574]]]}, "id": "+385967+84740", "properties": {"area_ha": 19.160425293597864, "count": 68, "label": 1, "mean_dnbr": 0.19288625631611211}}, {"type": "Feature", "geometry": {"geodesic": false, "type": "Polygon", "coordinates": [[[28.032033159455636, 38.19077141243864], [28.032572148626087, 38.19077141243864], [28.032572148626087, 38.191310401609115], [28.033111137796567, 38.191310401609115], [28.033111137796567, 38.19184939077959], [28.033650126967046, 38.19184939077959], [28.033650126967046, 38.19238837995006], [28.034189116137526, 38.19238837995006], [28.034189116137526, 38.19292736912053], [28.033111137796567, 38.19292736912053], [28.033111137796567, 38.193466358291005], [28.032033159455636, 38.193466358291005], [28.032033159455636, 38.19400534746148], [28.030955181114678, 38.19400534746148], [28.030955181114678, 38.19454433663195], [28.030416191944227, 38.19454433663195], [28.030416191944227, 38.19400534746148], [28.029877202773747, 38.19400534746148], [28.029877202773747, 38.193466358291005], [28.029338213603268, 38.193466358291005], [28.029338213603268, 38.19292736912053], [28.030955181114678, 38.19292736912053], [28.030955181114678, 38.19184939077959], [28.031494170285157, 38.19184939077959], [28.031494170285157, 38.191310401609115], [28.032033159455636, 38.191310401609115], [28.032033159455636, 38.19077141243864]]]}, "id": "+385967+84990", "properties": {"area_ha": 7.6222205221792505, "count": 27, "label": 1, "mean_dnbr": 0.381323618822912}}, {"type": "Feature", "geometry": {"geodesic": false, "type": "Polygon", "coordinates": [[[28.031494170285157, 37.85498115923477], [28.032572148626087, 37.85498115923477], [28.032572148626087, 37.85552014840524], [28.032033159455636, 37.85552014840524], [28.032033159455636, 37.856598126746185], [28.029877202773747, 37.856598126746185], [28.029877202773747, 37.85767610508713], [28.030416191944227, 37.85767610508713], [28.030416191944227, 37.858215094257595], [28.029877202773747, 37.858215094257595], [28.029877202773747, 37.85875408342807], [28.029338213603268, 37.85875408342807], [28.029338213603268, 37.85767610508713], [28.027721246091858, 37.85767610508713], [28.027721246091858, 37.85498115923477], [28.029877202773747, 37.85498115923477], [28.029877202773747, 37.85552014840524], [28.031494170285157, 37.85552014840524], [28.031494170285157, 37.85498115923477]]]}, "id": "+385967+85613", "properties": {"area_ha": 9.35891486109284, "count": 33, "label": 1, "mean_dnbr": 0.33751835464591856}}, {"type": "Feature", "geometry": {"geodesic": false, "type": "Polygon", "coordinates": [[[28.032033159455636, 38.31797285666997], [28.033111137796567, 38.31797285666997], [28.033111137796567, 38.31851184584044], [28.032572148626087, 38.31851184584044], [28.032572148626087, 38.31905083501091], [28.034728105307977, 38.31905083501091], [28.034728105307977, 38.319589824181385], [28.034189116137526, 38.319589824181385], [28.034189116137526, 38.32012881335186], [28.033111137796567, 38.32012881335186], [28.033111137796567, 38.319589824181385], [28.032572148626087, 38.319589824181385], [28.032572148626087, 38.31905083501091], [28.030416191944227, 38.31905083501091], [28.030416191944227, 38.31851184584044], [28.032033159455636, 38.31851184584044], [28.032033159455636, 38.31797285666997]]]}, "id": "+385968+84754", "properties": {"area_ha": 3.3817675640603375, "count": 12, "label": 1, "mean_dnbr": 0.20275656268855474}}, {"type": "Feature", "geometry": {"geodesic": false, "type": "Polygon", "coordinates": [[[28.032572148626087, 38.20155119584808], [28.033650126967046, 38.20155119584808], [28.033650126967046, 38.20209018501855], [28.034728105307977, 38.20209018501855], [28.034728105307977, 38.20316816335949], [28.034189116137526, 38.20316816335949], [28.034189116137526, 38.203707152529965], [28.033111137796567, 38.203707152529965], [28.033111137796567, 38.20424614170044], [28.032033159455636, 38.20424614170044], [28.032033159455636, 38.20262917418902], [28.031494170285157, 38.20262917418902], [28.031494170285157, 38.20209018501855], [28.032572148626087, 38.20209018501855], [28.032572148626087, 38.20155119584808]]]}, "id": "+385969+84970", "properties": {"area_ha": 5.363040371753484, "count": 19, "label": 1, "mean_dnbr": 0.35003044998260197}}, {"type": "Feature", "geometry": {"geodesic": false, "type": "Polygon", "coordinates": [[[28.034189116137526, 38.33306455344318], [28.034728105307977, 38.33306455344318], [28.034728105307977, 38.334142531784124], [28.035806083648936, 38.334142531784124], [28.035806083648936, 38.33522051012506], [28.037423051160346, 38.33522051012506], [28.037423051160346, 38.335759499295534], [28.037962040330825, 38.335759499295534], [28.037962040330825, 38.337915455977424], [28.036884061989866, 38.337915455977424], [28.036884061989866, 38.33737646680695], [28.035806083648936, 38.33737646680695], [28.035806083648936, 38.337915455977424], [28.036345072819415, 38.337915455977424], [28.036345072819415, 38.338454445147896], [28.035806083648936, 38.338454445147896], [28.035806083648936, 38.33899343431837], [28.037962040330825, 38.33899343431837], [28.037962040330825, 38.34007141265931], [28.037423051160346, 38.34007141265931], [28.037423051160346, 38.34168838017072], [28.039040018671756, 38.34168838017072], [28.039040018671756, 38.34330534768214], [28.038501029501276, 38.34330534768214], [28.038501029501276, 38.34384433685261], [28.037423051160346, 38.34384433685261], [28.037423051160346, 38.34276635851167], [28.036345072819415, 38.34276635851167], [28.036345072819415, 38.342227369341195], [28.036884061989866, 38.342227369341195], [28.036884061989866, 38.34168838017072], [28.036345072819415, 38.34168838017072], [28.036345072819415, 38.34061040182978], [28.036884061989866, 38.34061040182978], [28.036884061989866, 38.34007141265931], [28.036345072819415, 38.34007141265931], [28.036345072819415, 38.33953242348884], [28.035806083648936, 38.33953242348884], [28.035806083648936, 38.33899343431837], [28.035267094478456, 38.33899343431837], [28.035267094478456, 38.34007141265931], [28.035806083648936, 38.34007141265931], [28.035806083648936, 38.34114939100025], [28.035267094478456, 38.34114939100025], [28.035267094478456, 38.34168838017072], [28.034728105307977, 38.34168838017072], [28.034728105307977, 38.342227369341195], [28.034189116137526, 38.342227369341195], [28.034189116137526, 38.34276635851167], [28.035267094478456, 38.34276635851167], [28.035267094478456, 38.342227369341195], [28.035806083648936, 38.342227369341195], [28.035806083648936, 38.34330534768214], [28.036345072819415, 38.34330534768214], [28.036345072819415, 38.344383326023085], [28.035806083648936, 38.344383326023085], [28.035806083648936, 38.34492231519356], [28.034728105307977, 38.34492231519356], [28.034728105307977, 38.344383326023085], [28.033111137796567, 38.344383326023085], [28.033111137796567, 38.34384433685261], [28.033650126967046, 38.34384433685261], [28.033650126967046, 38.34168838017072], [28.033111137796567, 38.34168838017072], [28.033111137796567, 38.34061040182978], [28.032572148626087, 38.34061040182978], [28.032572148626087, 38.33899343431837], [28.033111137796567, 38.33899343431837], [28.033111137796567, 38.33953242348884], [28.034728105307977, 38.33953242348884], [28.034728105307977, 38.338454445147896], [28.033650126967046, 38.338454445147896], [28.033650126967046, 38.337915455977424], [28.033111137796567, 38.337915455977424], [28.033111137796567, 38.33737646680695], [28.033650126967046, 38.33737646680695], [28.033650126967046, 38.335759499295534], [28.034189116137526, 38.335759499295534], [28.034189116137526, 38.33683747763648], [28.036884061989866, 38.33683747763648], [28.036884061989866, 38.33629848846601], [28.036345072819415, 38.33629848846601], [28.036345072819415, 38.335759499295534], [28.035267094478456, 38.335759499295534], [28.035267094478456, 38.33629848846601], [28.034728105307977, 38.33629848846601], [28.034728105307977, 38.335759499295534], [28.035267094478456, 38.335759499295534], [28.035267094478456, 38.33522051012506], [28.033111137796567, 38.33522051012506], [28.033111137796567, 38.33468152095459], [28.033650126967046, 38.33468152095459], [28.033650126967046, 38.33360354261365], [28.034189116137526, 38.33360354261365], [28.034189116137526, 38.33306455344318]], [[28.034728105307977, 38.34061040182978], [28.034728105307977, 38.34168838017072], [28.033650126967046, 38.34168838017072], [28.033650126967046, 38.34061040182978], [28.034728105307977, 38.34061040182978]], [[28.035267094478456, 38.33737646680695], [28.035267094478456, 38.338454445147896], [28.034728105307977, 38.338454445147896], [28.034728105307977, 38.33737646680695], [28.035267094478456, 38.33737646680695]]]}, "id": "+385971+84726", "properties": {"area_ha": 30.709030750417167, "count": 109, "label": 1, "mean_dnbr": 0.1850243814593137}}, {"type": "Feature", "geometry": {"geodesic": false, "type": "Polygon", "coordinates": [[[28.035806083648936, 38.62950859720262], [28.036884061989866, 38.62950859720262], [28.036884061989866, 38.63058657554356], [28.037962040330825, 38.63058657554356], [28.037962040330825, 38.63112556471403], [28.039579007842235, 38.63112556471403], [28.039579007842235, 38.631664553884505], [28.041195975353645, 38.631664553884505], [28.041195975353645, 38.63220354305498], [28.040656986183166, 38.63220354305498], [28.040656986183166, 38.63274253222545], [28.041734964524125, 38.63274253222545], [28.041734964524125, 38.63328152139592], [28.040117997012715, 38.63328152139592], [28.040117997012715, 38.63274253222545], [28.039040018671756, 38.63274253222545], [28.039040018671756, 38.63220354305498], [28.037962040330825, 38.63220354305498], [28.037962040330825, 38.63112556471403], [28.036884061989866, 38.63112556471403], [28.036884061989866, 38.63058657554356], [28.036345072819415, 38.63058657554356], [28.036345072819415, 38.63004758637309], [28.035806083648936, 38.63004758637309], [28.035806083648936, 38.62950859720262]]]}, "id": "+385975+84176", "properties": {"area_ha": 5.611891768205277, "count": 20, "label": 1, "mean_dnbr": 0.3927330188929244}}, {"type": "Feature", "geometry": {"geodesic": false, "type": "Polygon", "coordinates": [[[28.036345072819415, 38.350851196068746], [28.036884061989866, 38.350851196068746], [28.036884061989866, 38.35139018523922], [28.036345072819415, 38.35139018523922], [28.036345072819415, 38.35192917440969], [28.036884061989866, 38.35192917440969], [28.036884061989866, 38.352468163580156], [28.036345072819415, 38.352468163580156], [28.036345072819415, 38.3535461419211], [28.035267094478456, 38.3535461419211], [28.035267094478456, 38.352468163580156], [28.034728105307977, 38.352468163580156], [28.034728105307977, 38.35139018523922], [28.035267094478456, 38.35139018523922], [28.035267094478456, 38.35192917440969], [28.035806083648936, 38.35192917440969], [28.035806083648936, 38.35139018523922], [28.036345072819415, 38.35139018523922], [28.036345072819415, 38.350851196068746]]]}, "id": "+385975+84693", "properties": {"area_ha": 3.0985345514458307, "count": 11, "label": 1, "mean_dnbr": 0.17596187087026396}}, {"type": "Feature", "geometry": {"geodesic": false, "type": "Polygon", "coordinates": [[[28.035806083648936, 38.19616130414336], [28.036884061989866, 38.19616130414336], [28.036884061989866, 38.197239282484304], [28.037423051160346, 38.197239282484304], [28.037423051160346, 38.19831726082525], [28.034728105307977, 38.19831726082525], [28.034728105307977, 38.19670029331383], [28.035806083648936, 38.19670029331383], [28.035806083648936, 38.19616130414336]]]}, "id": "+385975+84980", "properties": {"area_ha": 4.516593768308528, "count": 16, "label": 1, "mean_dnbr": 0.398866854904782}}, {"type": "Feature", "geometry": {"geodesic": false, "type": "Polygon", "coordinates": [[[28.036345072819415, 38.522249752278746], [28.037423051160346, 38.522249752278746], [28.037423051160346, 38.52332773061969], [28.037962040330825, 38.52332773061969], [28.037962040330825, 38.52278874144922], [28.039040018671756, 38.52278874144922], [28.039040018671756, 38.524405708960636], [28.036884061989866, 38.524405708960636], [28.036884061989866, 38.52332773061969], [28.036345072819415, 38.52332773061969], [28.036345072819415, 38.522249752278746]]]}, "id": "+385976+84375", "properties": {"area_ha": 3.934255601814718, "count": 14, "label": 1, "mean_dnbr": 0.20855532838716642}}, {"type": "Feature", "geometry": {"geodesic": false, "type": "Polygon", "coordinates": [[[28.037423051160346, 38.534646503199596], [28.039040018671756, 38.534646503199596], [28.039040018671756, 38.536802459881486], [28.036884061989866, 38.536802459881486], [28.036884061989866, 38.53572448154054], [28.037423051160346, 38.53572448154054], [28.037423051160346, 38.534646503199596]]]}, "id": "+385979+84352", "properties": {"area_ha": 3.933578658129674, "count": 14, "label": 1, "mean_dnbr": 0.2180387621164467}}, {"type": "Feature", "geometry": {"geodesic": false, "type": "Polygon", "coordinates": [[[28.041195975353645, 38.56375191840507], [28.041734964524125, 38.56375191840507], [28.041734964524125, 38.56429090757554], [28.041195975353645, 38.56429090757554], [28.041195975353645, 38.56482989674601], [28.042273953694604, 38.56482989674601], [28.042273953694604, 38.56590787508696], [28.041734964524125, 38.56590787508696], [28.041734964524125, 38.56644686425743], [28.040656986183166, 38.56644686425743], [28.040656986183166, 38.56590787508696], [28.040117997012715, 38.56590787508696], [28.040117997012715, 38.56482989674601], [28.039579007842235, 38.56482989674601], [28.039579007842235, 38.56429090757554], [28.041195975353645, 38.56429090757554], [28.041195975353645, 38.56375191840507]]]}, "id": "+385984+84298", "properties": {"area_ha": 3.93196338076559, "count": 14, "label": 1, "mean_dnbr": 0.1977918850775636}}, {"type": "Feature", "geometry": {"geodesic": false, "type": "Polygon", "coordinates": [[[28.041195975353645, 38.191310401609115], [28.041734964524125, 38.191310401609115], [28.041734964524125, 38.19292736912053], [28.042273953694604, 38.19292736912053], [28.042273953694604, 38.19238837995006], [28.042812942865055, 38.19238837995006], [28.042812942865055, 38.193466358291005], [28.041734964524125, 38.193466358291005], [28.041734964524125, 38.19400534746148], [28.041195975353645, 38.19400534746148], [28.041195975353645, 38.193466358291005], [28.040656986183166, 38.193466358291005], [28.040656986183166, 38.19292736912053], [28.040117997012715, 38.19292736912053], [28.040117997012715, 38.19184939077959], [28.041195975353645, 38.19184939077959], [28.041195975353645, 38.191310401609115]]]}, "id": "+385984+84989", "properties": {"area_ha": 3.6699602745427806, "count": 13, "label": 1, "mean_dnbr": 0.26405983522247845}}, {"type": "Feature", "geometry": {"geodesic": false, "type": "Polygon", "coordinates": [[[28.041734964524125, 38.210175022575626], [28.042273953694604, 38.210175022575626], [28.042273953694604, 38.21125300091657], [28.041734964524125, 38.21125300091657], [28.041734964524125, 38.21179199008704], [28.040656986183166, 38.21179199008704], [28.040656986183166, 38.212330979257516], [28.039040018671756, 38.212330979257516], [28.039040018671756, 38.21125300091657], [28.040656986183166, 38.21125300091657], [28.040656986183166, 38.210175022575626], [28.041195975353645, 38.210175022575626], [28.041195975353645, 38.2107140117461], [28.041734964524125, 38.2107140117461], [28.041734964524125, 38.210175022575626]]]}, "id": "+385985+84954", "properties": {"area_ha": 3.6690205728251652, "count": 13, "label": 1, "mean_dnbr": 0.31492623007383647}}, {"type": "Feature", "geometry": {"geodesic": false, "type": "Polygon", "coordinates": [[[28.042812942865055, 38.20640209838233], [28.044429910376493, 38.20640209838233], [28.044429910376493, 38.2069410875528], [28.043351932035534, 38.2069410875528], [28.043351932035534, 38.20748007672327], [28.042812942865055, 38.20748007672327], [28.042812942865055, 38.20801906589374], [28.041195975353645, 38.20801906589374], [28.041195975353645, 38.20855805506421], [28.039579007842235, 38.20855805506421], [28.039579007842235, 38.20801906589374], [28.041195975353645, 38.20801906589374], [28.041195975353645, 38.20748007672327], [28.041734964524125, 38.20748007672327], [28.041734964524125, 38.2069410875528], [28.042812942865055, 38.2069410875528], [28.042812942865055, 38.20640209838233]]]}, "id": "+385989+84961", "properties": {"area_ha": 3.3869679965000885, "count": 12, "label": 1, "mean_dnbr": 0.2479379595746108}}, {"type": "Feature", "geometry": {"geodesic": false, "type": "Polygon", "coordinates": [[[28.044968899546944, 38.183225564052044], [28.045507888717424, 38.183225564052044], [28.045507888717424, 38.18376455322251], [28.046046877887903, 38.18376455322251], [28.046046877887903, 38.18538152073393], [28.047124856228834, 38.18538152073393], [28.047124856228834, 38.1859205099044], [28.047663845399313, 38.1859205099044], [28.047663845399313, 38.186998488245344], [28.046046877887903, 38.186998488245344], [28.046046877887903, 38.1859205099044], [28.045507888717424, 38.1859205099044], [28.045507888717424, 38.18538152073393], [28.044968899546944, 38.18538152073393], [28.044968899546944, 38.1859205099044], [28.042812942865055, 38.1859205099044], [28.042812942865055, 38.18645949907487], [28.042273953694604, 38.18645949907487], [28.042273953694604, 38.186998488245344], [28.041734964524125, 38.186998488245344], [28.041734964524125, 38.18645949907487], [28.041195975353645, 38.18645949907487], [28.041195975353645, 38.1859205099044], [28.042812942865055, 38.1859205099044], [28.042812942865055, 38.18538152073393], [28.043351932035534, 38.18538152073393], [28.043351932035534, 38.184842531563454], [28.043890921206014, 38.184842531563454], [28.043890921206014, 38.18430354239298], [28.043351932035534, 38.18430354239298], [28.043351932035534, 38.18376455322251], [28.044968899546944, 38.18376455322251], [28.044968899546944, 38.183225564052044]]]}, "id": "+385991+85004", "properties": {"area_ha": 9.034663403117385, "count": 32, "label": 1, "mean_dnbr": 0.3121477323072945}}, {"type": "Feature", "geometry": {"geodesic": false, "type": "Polygon", "coordinates": [[[28.047124856228834, 38.14926924631232], [28.048202834569793, 38.14926924631232], [28.048202834569793, 38.152503181335156], [28.047124856228834, 38.152503181335156], [28.047124856228834, 38.14926924631232]]]}, "id": "+385996+85067", "properties": {"area_ha": 3.389599680211921, "count": 12, "label": 1, "mean_dnbr": 0.33235891479064705}}, {"type": "Feature", "geometry": {"geodesic": false, "type": "Polygon", "coordinates": [[[28.048741823740244, 38.20640209838233], [28.050358791251682, 38.20640209838233], [28.050358791251682, 38.20748007672327], [28.050897780422133, 38.20748007672327], [28.050897780422133, 38.20801906589374], [28.051436769592613, 38.20801906589374], [28.051436769592613, 38.20855805506421], [28.049280812910723, 38.20855805506421], [28.049280812910723, 38.20748007672327], [28.048741823740244, 38.20748007672327], [28.048741823740244, 38.20640209838233]]]}, "id": "+386000+84961", "properties": {"area_ha": 3.6692160658840796, "count": 13, "label": 1, "mean_dnbr": 0.3562166491119701}}, {"type": "Feature", "geometry": {"geodesic": false, "type": "Polygon", "coordinates": [[[28.051436769592613, 38.21340895759846], [28.052514747933543, 38.21340895759846], [28.052514747933543, 38.213947946768926], [28.053592726274502, 38.213947946768926], [28.053592726274502, 38.2144869359394], [28.053053737104023, 38.2144869359394], [28.053053737104023, 38.21502592510987], [28.051436769592613, 38.21502592510987], [28.051436769592613, 38.21556491428034], [28.050358791251682, 38.21556491428034], [28.050358791251682, 38.21502592510987], [28.049819802081203, 38.21502592510987], [28.049819802081203, 38.2144869359394], [28.050897780422133, 38.2144869359394], [28.050897780422133, 38.213947946768926], [28.051436769592613, 38.213947946768926], [28.051436769592613, 38.21340895759846]]]}, "id": "+386004+84948", "properties": {"area_ha": 4.2333026691042575, "count": 15, "label": 1, "mean_dnbr": 0.36906897501815683}}, {"type": "Feature", "geometry": {"geodesic": false, "type": "Polygon", "coordinates": [[[28.052514747933543, 38.149808235482794], [28.05413171544498, 38.149808235482794], [28.05413171544498, 38.15142520299421], [28.052514747933543, 38.15142520299421], [28.052514747933543, 38.151964192164684], [28.049280812910723, 38.151964192164684], [28.049280812910723, 38.15088621382374], [28.052514747933543, 38.15088621382374], [28.052514747933543, 38.149808235482794]]]}, "id": "+386007+85066", "properties": {"area_ha": 5.9317837857418985, "count": 21, "label": 1, "mean_dnbr": 0.3487960459258113}}, {"type": "Feature", "geometry": {"geodesic": false, "type": "Polygon", "coordinates": [[[28.054670704615432, 38.51847682808545], [28.05628767212687, 38.51847682808545], [28.05628767212687, 38.520632784767336], [28.05413171544498, 38.520632784767336], [28.05413171544498, 38.5211717739378], [28.053053737104023, 38.5211717739378], [28.053053737104023, 38.51955480642639], [28.054670704615432, 38.51955480642639], [28.054670704615432, 38.51847682808545]]]}, "id": "+386011+84382", "properties": {"area_ha": 5.620640213539887, "count": 20, "label": 1, "mean_dnbr": 0.21491766926171624}}, {"type": "Feature", "geometry": {"geodesic": false, "type": "Polygon", "coordinates": [[[28.05628767212687, 38.55458910250705], [28.056826661297322, 38.55458910250705], [28.056826661297322, 38.55620607001847], [28.05628767212687, 38.55620607001847], [28.05628767212687, 38.55674505918894], [28.054670704615432, 38.55674505918894], [28.054670704615432, 38.55728404835941], [28.05413171544498, 38.55728404835941], [28.05413171544498, 38.55782303752988], [28.053592726274502, 38.55782303752988], [28.053592726274502, 38.55674505918894], [28.05413171544498, 38.55674505918894], [28.05413171544498, 38.555128091677524], [28.054670704615432, 38.555128091677524], [28.054670704615432, 38.55620607001847], [28.05574868295639, 38.55620607001847], [28.05574868295639, 38.555667080847996], [28.05628767212687, 38.555667080847996], [28.05628767212687, 38.55458910250705]]]}, "id": "+386012+84315", "properties": {"area_ha": 3.651569788268178, "count": 13, "label": 1, "mean_dnbr": 0.18377099179254505}}, {"type": "Feature", "geometry": {"geodesic": false, "type": "Polygon", "coordinates": [[[28.05628767212687, 38.52386671979016], [28.0573656504678, 38.52386671979016], [28.0573656504678, 38.52548368730158], [28.05790463963828, 38.52548368730158], [28.05790463963828, 38.526561665642525], [28.05574868295639, 38.526561665642525], [28.05574868295639, 38.52602267647205], [28.05628767212687, 38.52602267647205], [28.05628767212687, 38.52386671979016]]]}, "id": "+386013+84372", "properties": {"area_ha": 3.653137936673077, "count": 13, "label": 1, "mean_dnbr": 0.3068037949691002}}, {"type": "Feature", "geometry": {"geodesic": false, "type": "Polygon", "coordinates": [[[28.05628767212687, 38.222032784326004], [28.05790463963828, 38.222032784326004], [28.05790463963828, 38.22311076266695], [28.05898261797921, 38.22311076266695], [28.05898261797921, 38.22364975183742], [28.05790463963828, 38.22364975183742], [28.05790463963828, 38.22418874100789], [28.0573656504678, 38.22418874100789], [28.0573656504678, 38.22364975183742], [28.056826661297322, 38.22364975183742], [28.056826661297322, 38.22311076266695], [28.05574868295639, 38.22311076266695], [28.05574868295639, 38.222571773496476], [28.05628767212687, 38.222571773496476], [28.05628767212687, 38.222032784326004]]]}, "id": "+386014+84932", "properties": {"area_ha": 3.386244904599092, "count": 12, "label": 1, "mean_dnbr": 0.2792456652523286}}, {"type": "Feature", "geometry": {"geodesic": false, "type": "Polygon", "coordinates": [[[28.056826661297322, 37.85713711591666], [28.05898261797921, 37.85713711591666], [28.05898261797921, 37.85875408342807], [28.05628767212687, 37.85875408342807], [28.05628767212687, 37.85767610508713], [28.056826661297322, 37.85767610508713], [28.056826661297322, 37.85713711591666]]]}, "id": "+386016+85609", "properties": {"area_ha": 3.970368058192457, "count": 14, "label": 1, "mean_dnbr": 0.38135560897585213}}, {"type": "Feature", "geometry": {"geodesic": false, "type": "Polygon", "coordinates": [[[28.05952160714969, 38.4926053479028], [28.06167756383158, 38.4926053479028], [28.06167756383158, 38.49368332624375], [28.06059958549062, 38.49368332624375], [28.06059958549062, 38.49691726126658], [28.06006059632017, 38.49691726126658], [28.06006059632017, 38.49745625043705], [28.05952160714969, 38.49745625043705], [28.05952160714969, 38.495300293755164], [28.06006059632017, 38.495300293755164], [28.06006059632017, 38.49422231541422], [28.05952160714969, 38.49422231541422], [28.05952160714969, 38.4926053479028]]]}, "id": "+386021+84430", "properties": {"area_ha": 5.341477061639445, "count": 19, "label": 1, "mean_dnbr": 0.18380091009783628}}, {"type": "Feature", "geometry": {"geodesic": false, "type": "Polygon", "coordinates": [[[28.06221655300206, 38.60848801955422], [28.06275554217251, 38.60848801955422], [28.06275554217251, 38.609027008724695], [28.06329453134299, 38.609027008724695], [28.06329453134299, 38.60956599789517], [28.06383352051347, 38.60956599789517], [28.06383352051347, 38.61010498706564], [28.06437250968392, 38.61010498706564], [28.06437250968392, 38.611182965406584], [28.0649114988544, 38.611182965406584], [28.0649114988544, 38.61172195457705], [28.06545048802488, 38.61172195457705], [28.06545048802488, 38.612799932917994], [28.06383352051347, 38.612799932917994], [28.06383352051347, 38.611182965406584], [28.06329453134299, 38.611182965406584], [28.06329453134299, 38.61064397623611], [28.06275554217251, 38.61064397623611], [28.06275554217251, 38.60956599789517], [28.06221655300206, 38.60956599789517], [28.06221655300206, 38.60848801955422]]]}, "id": "+386023+84215", "properties": {"area_ha": 5.052170968149824, "count": 18, "label": 1, "mean_dnbr": 0.3326531446529322}}, {"type": "Feature", "geometry": {"geodesic": false, "type": "Polygon", "coordinates": [[[28.06383352051347, 38.58369451771252], [28.06598947719536, 38.58369451771252], [28.06598947719536, 38.58477249605347], [28.06545048802488, 38.58477249605347], [28.06545048802488, 38.58531148522394], [28.0649114988544, 38.58531148522394], [28.0649114988544, 38.58585047439441], [28.06329453134299, 38.58585047439441], [28.06329453134299, 38.58531148522394], [28.06275554217251, 38.58531148522394], [28.06275554217251, 38.58477249605347], [28.06329453134299, 38.58477249605347], [28.06329453134299, 38.584233506882995], [28.06383352051347, 38.584233506882995], [28.06383352051347, 38.58369451771252]]]}, "id": "+386029+84261", "properties": {"area_ha": 4.77322970856434, "count": 17, "label": 1, "mean_dnbr": 0.232690538519575}}, {"type": "Feature", "geometry": {"geodesic": false, "type": "Polygon", "coordinates": [[[28.06814543387725, 38.56860282093932], [28.0686844230477, 38.56860282093932], [28.0686844230477, 38.56914181010979], [28.06922341221818, 38.56914181010979], [28.06922341221818, 38.569680799280256], [28.069762401388658, 38.569680799280256], [28.069762401388658, 38.5707587776212], [28.06814543387725, 38.5707587776212], [28.06814543387725, 38.57021978845073], [28.06760644470677, 38.57021978845073], [28.06760644470677, 38.569680799280256], [28.06706745553629, 38.569680799280256], [28.06706745553629, 38.56914181010979], [28.06814543387725, 38.56914181010979], [28.06814543387725, 38.56860282093932]]]}, "id": "+386034+84289", "properties": {"area_ha": 3.370042690539832, "count": 12, "label": 1, "mean_dnbr": 0.19786822730555906}}, {"type": "Feature", "geometry": {"geodesic": false, "type": "Polygon", "coordinates": [[[28.06814543387725, 38.5917793552696], [28.06922341221818, 38.5917793552696], [28.06922341221818, 38.59231834444007], [28.069762401388658, 38.59231834444007], [28.069762401388658, 38.592857333610546], [28.06922341221818, 38.592857333610546], [28.06922341221818, 38.59339632278102], [28.06760644470677, 38.59339632278102], [28.06760644470677, 38.59393531195148], [28.06706745553629, 38.59393531195148], [28.06706745553629, 38.594474301121956], [28.06598947719536, 38.594474301121956], [28.06598947719536, 38.59501329029243], [28.06545048802488, 38.59501329029243], [28.06545048802488, 38.5955522794629], [28.06437250968392, 38.5955522794629], [28.06437250968392, 38.59501329029243], [28.06383352051347, 38.59501329029243], [28.06383352051347, 38.594474301121956], [28.06545048802488, 38.594474301121956], [28.06545048802488, 38.59393531195148], [28.06598947719536, 38.59393531195148], [28.06598947719536, 38.59339632278102], [28.06652846636581, 38.59339632278102], [28.06652846636581, 38.592857333610546], [28.06706745553629, 38.592857333610546], [28.06706745553629, 38.59231834444007], [28.06814543387725, 38.59231834444007], [28.06814543387725, 38.5917793552696]]]}, "id": "+386035+84246", "properties": {"area_ha": 6.737852050276616, "count": 24, "label": 1, "mean_dnbr": 0.16930052548386382}}, {"type": "Feature", "geometry": {"geodesic": false, "type": "Polygon", "coordinates": [[[28.06922341221818, 38.559440005041296], [28.075691282263847, 38.559440005041296], [28.075691282263847, 38.55997899421177], [28.075152293093367, 38.55997899421177], [28.075152293093367, 38.56051798338224], [28.078386228116187, 38.56051798338224], [28.078386228116187, 38.55997899421177], [28.080542184798077, 38.55997899421177], [28.080542184798077, 38.56051798338224], [28.080003195627626, 38.56051798338224], [28.080003195627626, 38.561595961723185], [28.078925217286667, 38.561595961723185], [28.078925217286667, 38.56267394006413], [28.077847238945736, 38.56267394006413], [28.077847238945736, 38.56375191840507], [28.076769260604777, 38.56375191840507], [28.076769260604777, 38.56429090757554], [28.076230271434298, 38.56429090757554], [28.076230271434298, 38.56482989674601], [28.075691282263847, 38.56482989674601], [28.075691282263847, 38.565368885916484], [28.075152293093367, 38.565368885916484], [28.075152293093367, 38.56590787508696], [28.072996336411478, 38.56590787508696], [28.072996336411478, 38.56644686425743], [28.073535325581958, 38.56644686425743], [28.073535325581958, 38.5669858534279], [28.07084037972959, 38.5669858534279], [28.07084037972959, 38.56644686425743], [28.0686844230477, 38.56644686425743], [28.0686844230477, 38.56590787508696], [28.06814543387725, 38.56590787508696], [28.06814543387725, 38.56482989674601], [28.06706745553629, 38.56482989674601], [28.06706745553629, 38.56429090757554], [28.06814543387725, 38.56429090757554], [28.06814543387725, 38.5632129292346], [28.0686844230477, 38.5632129292346], [28.0686844230477, 38.56267394006413], [28.06922341221818, 38.56267394006413], [28.06922341221818, 38.56213495089366], [28.06760644470677, 38.56213495089366], [28.06760644470677, 38.561595961723185], [28.06814543387725, 38.561595961723185], [28.06814543387725, 38.56105697255271], [28.0686844230477, 38.56105697255271], [28.0686844230477, 38.55997899421177], [28.06922341221818, 38.55997899421177], [28.06922341221818, 38.559440005041296]], [[28.06922341221818, 38.56482989674601], [28.06922341221818, 38.565368885916484], [28.0686844230477, 38.565368885916484], [28.0686844230477, 38.56482989674601], [28.06922341221818, 38.56482989674601]]]}, "id": "+386047+84306", "properties": {"area_ha": 60.94734423742545, "count": 217, "label": 1, "mean_dnbr": 0.5441828676525515}}, {"type": "Feature", "geometry": {"geodesic": false, "type": "Polygon", "coordinates": [[[28.074613303922888, 38.50122917463035], [28.075691282263847, 38.50122917463035], [28.075691282263847, 38.50284614214177], [28.076230271434298, 38.50284614214177], [28.076230271434298, 38.50392412048271], [28.074074314752437, 38.50392412048271], [28.074074314752437, 38.50284614214177], [28.073535325581958, 38.50284614214177], [28.073535325581958, 38.501768163800826], [28.074613303922888, 38.501768163800826], [28.074613303922888, 38.50122917463035]]]}, "id": "+386047+84414", "properties": {"area_ha": 5.059784986859111, "count": 18, "label": 1, "mean_dnbr": 0.2046350768934294}}, {"type": "Feature", "geometry": {"geodesic": false, "type": "Polygon", "coordinates": [[[28.076230271434298, 38.60794903038375], [28.076769260604777, 38.60794903038375], [28.076769260604777, 38.60848801955422], [28.077308249775257, 38.60848801955422], [28.077308249775257, 38.61064397623611], [28.078386228116187, 38.61064397623611], [28.078386228116187, 38.611182965406584], [28.078925217286667, 38.611182965406584], [28.078925217286667, 38.61172195457705], [28.079464206457146, 38.61172195457705], [28.079464206457146, 38.61226094374752], [28.080003195627626, 38.61226094374752], [28.080003195627626, 38.612799932917994], [28.080542184798077, 38.612799932917994], [28.080542184798077, 38.61333892208847], [28.081081173968556, 38.61333892208847], [28.081081173968556, 38.61441690042941], [28.080542184798077, 38.61441690042941], [28.080542184798077, 38.61387791125894], [28.079464206457146, 38.61387791125894], [28.079464206457146, 38.61333892208847], [28.078925217286667, 38.61333892208847], [28.078925217286667, 38.61387791125894], [28.078386228116187, 38.61387791125894], [28.078386228116187, 38.61333892208847], [28.077847238945736, 38.61333892208847], [28.077847238945736, 38.612799932917994], [28.077308249775257, 38.612799932917994], [28.077308249775257, 38.61226094374752], [28.076769260604777, 38.61226094374752], [28.076769260604777, 38.61172195457705], [28.076230271434298, 38.61172195457705], [28.076230271434298, 38.611182965406584], [28.075691282263847, 38.611182965406584], [28.075691282263847, 38.61064397623611], [28.075152293093367, 38.61064397623611], [28.075152293093367, 38.60956599789517], [28.075691282263847, 38.60956599789517], [28.075691282263847, 38.60848801955422], [28.076230271434298, 38.60848801955422], [28.076230271434298, 38.60794903038375]], [[28.078925217286667, 38.612799932917994], [28.078925217286667, 38.61333892208847], [28.078386228116187, 38.61333892208847], [28.078386228116187, 38.612799932917994], [28.078925217286667, 38.612799932917994]]]}, "id": "+386049+84216", "properties": {"area_ha": 12.349673266785096, "count": 44, "label": 1, "mean_dnbr": 0.1688341525567521}}, {"type": "Feature", "geometry": {"geodesic": false, "type": "Polygon", "coordinates": [[[28.078925217286667, 38.01074902950109], [28.079464206457146, 38.01074902950109], [28.079464206457146, 38.01290498618298], [28.080003195627626, 38.01290498618298], [28.080003195627626, 38.013443975353454], [28.080542184798077, 38.013443975353454], [28.080542184798077, 38.013982964523926], [28.082159152309487, 38.013982964523926], [28.082159152309487, 38.0145219536944], [28.081620163139036, 38.0145219536944], [28.081620163139036, 38.015599932035336], [28.080003195627626, 38.015599932035336], [28.080003195627626, 38.015060942864864], [28.081081173968556, 38.015060942864864], [28.081081173968556, 38.0145219536944], [28.080003195627626, 38.0145219536944], [28.080003195627626, 38.013982964523926], [28.079464206457146, 38.013982964523926], [28.079464206457146, 38.01290498618298], [28.078386228116187, 38.01290498618298], [28.078386228116187, 38.01182700784204], [28.078925217286667, 38.01182700784204], [28.078925217286667, 38.01074902950109]]]}, "id": "+386054+85324", "properties": {"area_ha": 4.810960975885164, "count": 17, "label": 1, "mean_dnbr": 0.18801653960001893}}, {"type": "Feature", "geometry": {"geodesic": false, "type": "Polygon", "coordinates": [[[28.078386228116187, 38.547043254120446], [28.080542184798077, 38.547043254120446], [28.080542184798077, 38.55027718914328], [28.081081173968556, 38.55027718914328], [28.081081173968556, 38.55405011333658], [28.081620163139036, 38.55405011333658], [28.081620163139036, 38.555128091677524], [28.081081173968556, 38.555128091677524], [28.081081173968556, 38.555667080847996], [28.081620163139036, 38.555667080847996], [28.081620163139036, 38.55620607001847], [28.079464206457146, 38.55620607001847], [28.079464206457146, 38.55674505918894], [28.076230271434298, 38.55674505918894], [28.076230271434298, 38.55620607001847], [28.076769260604777, 38.55620607001847], [28.076769260604777, 38.55458910250705], [28.077308249775257, 38.55458910250705], [28.077308249775257, 38.55351112416611], [28.076769260604777, 38.55351112416611], [28.076769260604777, 38.55189415665469], [28.076230271434298, 38.55189415665469], [28.076230271434298, 38.54973819997281], [28.075691282263847, 38.54973819997281], [28.075691282263847, 38.54866022163186], [28.076230271434298, 38.54866022163186], [28.076230271434298, 38.54812123246139], [28.077308249775257, 38.54812123246139], [28.077308249775257, 38.54758224329092], [28.078386228116187, 38.54758224329092], [28.078386228116187, 38.547043254120446]]]}, "id": "+386056+84329", "properties": {"area_ha": 39.88872482371499, "count": 142, "label": 1, "mean_dnbr": 0.3700561801087699}}, {"type": "Feature", "geometry": {"geodesic": false, "type": "Polygon", "coordinates": [[[28.080542184798077, 38.52763964398346], [28.081620163139036, 38.52763964398346], [28.081620163139036, 38.52871762232441], [28.081081173968556, 38.52871762232441], [28.081081173968556, 38.52925661149488], [28.081620163139036, 38.52925661149488], [28.081620163139036, 38.5308735790063], [28.081081173968556, 38.5308735790063], [28.081081173968556, 38.530334589835824], [28.080542184798077, 38.530334589835824], [28.080542184798077, 38.52979560066535], [28.080003195627626, 38.52979560066535], [28.080003195627626, 38.528178633153935], [28.080542184798077, 38.528178633153935], [28.080542184798077, 38.52763964398346]]]}, "id": "+386058+84365", "properties": {"area_ha": 3.652944174507795, "count": 13, "label": 1, "mean_dnbr": 0.22245835940317843}}, {"type": "Feature", "geometry": {"geodesic": false, "type": "Polygon", "coordinates": [[[28.080542184798077, 38.12609271198204], [28.081620163139036, 38.12609271198204], [28.081620163139036, 38.12824866866393], [28.081081173968556, 38.12824866866393], [28.081081173968556, 38.1287876578344], [28.079464206457146, 38.1287876578344], [28.079464206457146, 38.12824866866393], [28.080003195627626, 38.12824866866393], [28.080003195627626, 38.12663170115251], [28.080542184798077, 38.12663170115251], [28.080542184798077, 38.12609271198204]]]}, "id": "+386058+85110", "properties": {"area_ha": 3.955801574779578, "count": 14, "label": 1, "mean_dnbr": 0.27688079368121254}}, {"type": "Feature", "geometry": {"geodesic": false, "type": "Polygon", "coordinates": [[[28.083237130650446, 38.48991040205045], [28.083776119820925, 38.48991040205045], [28.083776119820925, 38.49044939122092], [28.084854098161856, 38.49044939122092], [28.084854098161856, 38.49152736956186], [28.084315108991376, 38.49152736956186], [28.084315108991376, 38.49206635873233], [28.082698141479966, 38.49206635873233], [28.082698141479966, 38.49152736956186], [28.081620163139036, 38.49152736956186], [28.081620163139036, 38.49098838039139], [28.081081173968556, 38.49098838039139], [28.081081173968556, 38.49044939122092], [28.083237130650446, 38.49044939122092], [28.083237130650446, 38.48991040205045]]]}, "id": "+386062+84435", "properties": {"area_ha": 4.779448545240709, "count": 17, "label": 1, "mean_dnbr": 0.19672642074997426}}, {"type": "Feature", "geometry": {"geodesic": false, "type": "Polygon", "coordinates": [[[28.082159152309487, 38.53195155734724], [28.084854098161856, 38.53195155734724], [28.084854098161856, 38.532490546517714], [28.085393087332335, 38.532490546517714], [28.085393087332335, 38.533029535688186], [28.082159152309487, 38.533029535688186], [28.082159152309487, 38.53195155734724]]]}, "id": "+386064+84357", "properties": {"area_ha": 3.0908167592392983, "count": 11, "label": 1, "mean_dnbr": 0.14532812882454718}}, {"type": "Feature", "geometry": {"geodesic": false, "type": "Polygon", "coordinates": [[[28.086471065673265, 38.49637827209611], [28.087549044014224, 38.49637827209611], [28.087549044014224, 38.49691726126658], [28.088088033184675, 38.49691726126658], [28.088088033184675, 38.49745625043705], [28.088627022355155, 38.49745625043705], [28.088627022355155, 38.499073217948464], [28.088088033184675, 38.499073217948464], [28.088088033184675, 38.499612207118936], [28.087549044014224, 38.499612207118936], [28.087549044014224, 38.499073217948464], [28.087010054843745, 38.499073217948464], [28.087010054843745, 38.49799523960752], [28.086471065673265, 38.49799523960752], [28.086471065673265, 38.49637827209611]]]}, "id": "+386069+84423", "properties": {"area_ha": 4.497881294574734, "count": 16, "label": 1, "mean_dnbr": 0.5472686030655467}}, {"type": "Feature", "geometry": {"geodesic": false, "type": "Polygon", "coordinates": [[[28.088088033184675, 38.76263892230913], [28.089166011525634, 38.76263892230913], [28.089166011525634, 38.7631779114796], [28.089705000696114, 38.7631779114796], [28.089705000696114, 38.763716900650074], [28.090243989866565, 38.763716900650074], [28.090243989866565, 38.76587285733196], [28.090782979037044, 38.76587285733196], [28.090782979037044, 38.766411846502436], [28.090243989866565, 38.766411846502436], [28.090243989866565, 38.76695083567291], [28.090782979037044, 38.76695083567291], [28.090782979037044, 38.76748982484338], [28.090243989866565, 38.76748982484338], [28.090243989866565, 38.76695083567291], [28.089166011525634, 38.76695083567291], [28.089166011525634, 38.766411846502436], [28.088627022355155, 38.766411846502436], [28.088627022355155, 38.76587285733196], [28.088088033184675, 38.76587285733196], [28.088088033184675, 38.76533386816149], [28.087549044014224, 38.76533386816149], [28.087549044014224, 38.76479487899102], [28.087010054843745, 38.76479487899102], [28.087010054843745, 38.76425588982055], [28.087549044014224, 38.76425588982055], [28.087549044014224, 38.7631779114796], [28.088088033184675, 38.7631779114796], [28.088088033184675, 38.76263892230913]], [[28.089705000696114, 38.76587285733196], [28.089705000696114, 38.766411846502436], [28.089166011525634, 38.766411846502436], [28.089166011525634, 38.76587285733196], [28.089705000696114, 38.76587285733196]]]}, "id": "+386072+83929", "properties": {"area_ha": 8.962336222111453, "count": 32, "label": 1, "mean_dnbr": 0.3300506902435004}}, {"type": "Feature", "geometry": {"geodesic": false, "type": "Polygon", "coordinates": [[[28.090243989866565, 38.58962339858771], [28.090782979037044, 38.58962339858771], [28.090782979037044, 38.590162387758184], [28.091321968207524, 38.590162387758184], [28.091321968207524, 38.590701376928656], [28.091860957378003, 38.590701376928656], [28.091860957378003, 38.59124036609913], [28.091321968207524, 38.59124036609913], [28.091321968207524, 38.59231834444007], [28.090243989866565, 38.59231834444007], [28.090243989866565, 38.5917793552696], [28.088088033184675, 38.5917793552696], [28.088088033184675, 38.59124036609913], [28.088627022355155, 38.59124036609913], [28.088627022355155, 38.590701376928656], [28.089705000696114, 38.590701376928656], [28.089705000696114, 38.590162387758184], [28.090243989866565, 38.590162387758184], [28.090243989866565, 38.58962339858771]]]}, "id": "+386075+84250", "properties": {"area_ha": 5.053568310866944, "count": 18, "label": 1, "mean_dnbr": 0.2024542869112995}}, {"type": "Feature", "geometry": {"geodesic": false, "type": "Polygon", "coordinates": [[[28.090782979037044, 38.59393531195148], [28.093477924889413, 38.59393531195148], [28.093477924889413, 38.59501329029243], [28.094016914059864, 38.59501329029243], [28.094016914059864, 38.59609126863337], [28.093477924889413, 38.59609126863337], [28.093477924889413, 38.596630257803845], [28.092399946548454, 38.596630257803845], [28.092399946548454, 38.59716924697432], [28.090243989866565, 38.59716924697432], [28.090243989866565, 38.596630257803845], [28.089705000696114, 38.596630257803845], [28.089705000696114, 38.594474301121956], [28.090782979037044, 38.594474301121956], [28.090782979037044, 38.59393531195148]]]}, "id": "+386080+84242", "properties": {"area_ha": 10.9487069926124, "count": 39, "label": 1, "mean_dnbr": 0.216140969150627}}, {"type": "Feature", "geometry": {"geodesic": false, "type": "Polygon", "coordinates": [[[28.090782979037044, 38.520093795596864], [28.093477924889413, 38.520093795596864], [28.093477924889413, 38.5211717739378], [28.092938935718934, 38.5211717739378], [28.092938935718934, 38.521710763108274], [28.092399946548454, 38.521710763108274], [28.092399946548454, 38.522249752278746], [28.091321968207524, 38.522249752278746], [28.091321968207524, 38.52278874144922], [28.090782979037044, 38.52278874144922], [28.090782979037044, 38.520093795596864]]]}, "id": "+386080+84379", "properties": {"area_ha": 5.058471514789573, "count": 18, "label": 1, "mean_dnbr": 0.29243342942887474}}, {"type": "Feature", "geometry": {"geodesic": false, "type": "Polygon", "coordinates": [[[28.095633881571302, 38.5917793552696], [28.096711859912233, 38.5917793552696], [28.096711859912233, 38.59231834444007], [28.097789838253192, 38.59231834444007], [28.097789838253192, 38.592857333610546], [28.099406805764602, 38.592857333610546], [28.099406805764602, 38.59231834444007], [28.099945794935053, 38.59231834444007], [28.099945794935053, 38.59339632278102], [28.099406805764602, 38.59339632278102], [28.099406805764602, 38.59393531195148], [28.096172870741754, 38.59393531195148], [28.096172870741754, 38.59339632278102], [28.095094892400823, 38.59339632278102], [28.095094892400823, 38.59231834444007], [28.095633881571302, 38.59231834444007], [28.095633881571302, 38.5917793552696]]]}, "id": "+386086+84246", "properties": {"area_ha": 6.457176359989976, "count": 23, "label": 1, "mean_dnbr": 0.19715578147877272}}, {"type": "Feature", "geometry": {"geodesic": false, "type": "Polygon", "coordinates": [[[28.096172870741754, 38.55189415665469], [28.097250849082712, 38.55189415665469], [28.097250849082712, 38.55243314582516], [28.10102377327601, 38.55243314582516], [28.10102377327601, 38.552972134995635], [28.099945794935053, 38.552972134995635], [28.099945794935053, 38.55351112416611], [28.099406805764602, 38.55351112416611], [28.099406805764602, 38.552972134995635], [28.096172870741754, 38.552972134995635], [28.096172870741754, 38.55189415665469]]]}, "id": "+386087+84320", "properties": {"area_ha": 3.370831843411681, "count": 12, "label": 1, "mean_dnbr": 0.3319721196497673}}, {"type": "Feature", "geometry": {"geodesic": false, "type": "Polygon", "coordinates": [[[28.10425770829883, 38.52548368730158], [28.10533568663979, 38.52548368730158], [28.10533568663979, 38.52602267647205], [28.10587467581024, 38.52602267647205], [28.10587467581024, 38.52763964398346], [28.10533568663979, 38.52763964398346], [28.10533568663979, 38.528178633153935], [28.1031797299579, 38.528178633153935], [28.1031797299579, 38.52602267647205], [28.10425770829883, 38.52602267647205], [28.10425770829883, 38.52548368730158]]]}, "id": "+386102+84369", "properties": {"area_ha": 5.901094595077879, "count": 21, "label": 1, "mean_dnbr": 0.4760139625204248}}, {"type": "Feature", "geometry": {"geodesic": false, "type": "Polygon", "coordinates": [[[28.10264074078742, 38.60794903038375], [28.10264074078742, 38.60633206287233], [28.10371871912838, 38.60633206287233], [28.10371871912838, 38.60579307370186], [28.10479669746931, 38.60579307370186], [28.10479669746931, 38.605254084531396], [28.10641366498072, 38.605254084531396], [28.10641366498072, 38.60794903038375], [28.10587467581024, 38.60794903038375], [28.10587467581024, 38.60741004121328], [28.10533568663979, 38.60741004121328], [28.10533568663979, 38.60848801955422], [28.10479669746931, 38.60848801955422], [28.10479669746931, 38.609027008724695], [28.1031797299579, 38.609027008724695], [28.1031797299579, 38.60794903038375], [28.10264074078742, 38.60794903038375]]]}, "id": "+386104+84221", "properties": {"area_ha": 9.824182387145333, "count": 35, "label": 1, "mean_dnbr": 0.2474614239202961}}, {"type": "Feature", "geometry": {"geodesic": false, "type": "Polygon", "coordinates": [[[28.10264074078742, 38.561595961723185], [28.10264074078742, 38.56267394006413], [28.102101751616942, 38.56267394006413], [28.102101751616942, 38.56213495089366], [28.10156276244649, 38.56213495089366], [28.10156276244649, 38.561595961723185], [28.10102377327601, 38.561595961723185], [28.10102377327601, 38.56105697255271], [28.10425770829883, 38.56105697255271], [28.10425770829883, 38.56051798338224], [28.10479669746931, 38.56051798338224], [28.10479669746931, 38.55997899421177], [28.1069526541512, 38.55997899421177], [28.1069526541512, 38.56051798338224], [28.10641366498072, 38.56051798338224], [28.10641366498072, 38.56105697255271], [28.10425770829883, 38.56105697255271], [28.10425770829883, 38.561595961723185], [28.10264074078742, 38.561595961723185]]]}, "id": "+386105+84305", "properties": {"area_ha": 4.774785312933626, "count": 17, "label": 1, "mean_dnbr": 0.2030892367724155}}, {"type": "Feature", "geometry": {"geodesic": false, "type": "Polygon", "coordinates": [[[28.10587467581024, 38.50877502301696], [28.10749164332168, 38.50877502301696], [28.10749164332168, 38.5098530013579], [28.10803063249213, 38.5098530013579], [28.10803063249213, 38.51039199052837], [28.1069526541512, 38.51039199052837], [28.1069526541512, 38.51093097969884], [28.10587467581024, 38.51093097969884], [28.10587467581024, 38.51039199052837], [28.10533568663979, 38.51039199052837], [28.10533568663979, 38.509314012187424], [28.10587467581024, 38.509314012187424], [28.10587467581024, 38.50877502301696]]]}, "id": "+386106+84400", "properties": {"area_ha": 3.934994063895675, "count": 14, "label": 1, "mean_dnbr": 0.2966502591533543}}, {"type": "Feature", "geometry": {"geodesic": false, "type": "Polygon", "coordinates": [[[28.10641366498072, 38.13687249539147], [28.10749164332168, 38.13687249539147], [28.10749164332168, 38.137411484561945], [28.10803063249213, 38.137411484561945], [28.10803063249213, 38.13848946290289], [28.10856962166261, 38.13848946290289], [28.10856962166261, 38.13902845207336], [28.10749164332168, 38.13902845207336], [28.10749164332168, 38.139567441243834], [28.1069526541512, 38.139567441243834], [28.1069526541512, 38.13848946290289], [28.10587467581024, 38.13848946290289], [28.10587467581024, 38.13795047373242], [28.10533568663979, 38.13795047373242], [28.10533568663979, 38.137411484561945], [28.10641366498072, 38.137411484561945], [28.10641366498072, 38.13687249539147]]]}, "id": "+386106+85090", "properties": {"area_ha": 4.237743626364033, "count": 15, "label": 1, "mean_dnbr": 0.2696620649156744}}, {"type": "Feature", "geometry": {"geodesic": false, "type": "Polygon", "coordinates": [[[28.10910861083309, 38.600403181997144], [28.10964760000357, 38.600403181997144], [28.10964760000357, 38.60094217116762], [28.11018658917402, 38.60094217116762], [28.11018658917402, 38.60148116033809], [28.1107255783445, 38.60148116033809], [28.1107255783445, 38.602559138679034], [28.11126456751498, 38.602559138679034], [28.11126456751498, 38.60363711701998], [28.11180355668543, 38.60363711701998], [28.11180355668543, 38.60417610619045], [28.11126456751498, 38.60417610619045], [28.11126456751498, 38.60471509536092], [28.1107255783445, 38.60471509536092], [28.1107255783445, 38.605254084531396], [28.10910861083309, 38.605254084531396], [28.10910861083309, 38.60471509536092], [28.10964760000357, 38.60471509536092], [28.10964760000357, 38.60417610619045], [28.11018658917402, 38.60417610619045], [28.11018658917402, 38.603098127849506], [28.1107255783445, 38.603098127849506], [28.1107255783445, 38.602559138679034], [28.11018658917402, 38.602559138679034], [28.11018658917402, 38.60202014950856], [28.10964760000357, 38.60202014950856], [28.10964760000357, 38.60094217116762], [28.10910861083309, 38.60094217116762], [28.10910861083309, 38.600403181997144]]]}, "id": "+386110+84230", "properties": {"area_ha": 4.771996749949849, "count": 17, "label": 1, "mean_dnbr": 0.1892014219325997}}, {"type": "Feature", "geometry": {"geodesic": false, "type": "Polygon", "coordinates": [[[28.11180355668543, 38.13309957119817], [28.11288153502639, 38.13309957119817], [28.11288153502639, 38.13417754953912], [28.11342052419687, 38.13417754953912], [28.11342052419687, 38.13525552788006], [28.1144985025378, 38.13525552788006], [28.1144985025378, 38.13579451705053], [28.11503749170828, 38.13579451705053], [28.11503749170828, 38.136333506221], [28.11234254585591, 38.136333506221], [28.11234254585591, 38.13579451705053], [28.11288153502639, 38.13579451705053], [28.11288153502639, 38.13525552788006], [28.11234254585591, 38.13525552788006], [28.11234254585591, 38.13417754953912], [28.11180355668543, 38.13417754953912], [28.11180355668543, 38.13309957119817]]]}, "id": "+386116+85097", "properties": {"area_ha": 4.52046081565455, "count": 16, "label": 1, "mean_dnbr": 0.4019023225652344}}, {"type": "Feature", "geometry": {"geodesic": false, "type": "Polygon", "coordinates": [[[28.11395951336732, 38.706584048580076], [28.11503749170828, 38.706584048580076], [28.11503749170828, 38.70712303775055], [28.115576480878758, 38.70712303775055], [28.115576480878758, 38.70874000526196], [28.1144985025378, 38.70874000526196], [28.1144985025378, 38.7098179836029], [28.11395951336732, 38.7098179836029], [28.11395951336732, 38.70927899443243], [28.11288153502639, 38.70927899443243], [28.11288153502639, 38.708201016091486], [28.11342052419687, 38.708201016091486], [28.11342052419687, 38.70766202692102], [28.11395951336732, 38.70766202692102], [28.11395951336732, 38.706584048580076]]]}, "id": "+386120+84033", "properties": {"area_ha": 5.0453151643391, "count": 18, "label": 1, "mean_dnbr": 0.2769283410922185}}, {"type": "Feature", "geometry": {"geodesic": false, "type": "Polygon", "coordinates": [[[28.1144985025378, 38.57453170181451], [28.115576480878758, 38.57453170181451], [28.115576480878758, 38.575609680155445], [28.1144985025378, 38.575609680155445], [28.1144985025378, 38.57668765849639], [28.11342052419687, 38.57668765849639], [28.11342052419687, 38.57722664766686], [28.11288153502639, 38.57722664766686], [28.11288153502639, 38.577765636837334], [28.11234254585591, 38.577765636837334], [28.11234254585591, 38.57830462600781], [28.11180355668543, 38.57830462600781], [28.11180355668543, 38.57884361517828], [28.11126456751498, 38.57884361517828], [28.11126456751498, 38.57938260434875], [28.10964760000357, 38.57938260434875], [28.10964760000357, 38.57884361517828], [28.11018658917402, 38.57884361517828], [28.11018658917402, 38.57830462600781], [28.1107255783445, 38.57830462600781], [28.1107255783445, 38.577765636837334], [28.11126456751498, 38.577765636837334], [28.11126456751498, 38.57722664766686], [28.11234254585591, 38.57722664766686], [28.11234254585591, 38.57668765849639], [28.11288153502639, 38.57668765849639], [28.11288153502639, 38.575609680155445], [28.11395951336732, 38.575609680155445], [28.11395951336732, 38.57507069098498], [28.1144985025378, 38.57507069098498], [28.1144985025378, 38.57453170181451]]]}, "id": "+386121+84278", "properties": {"area_ha": 7.020213850877028, "count": 25, "label": 1, "mean_dnbr": 0.3253715669886582}}, {"type": "Feature", "geometry": {"geodesic": false, "type": "Polygon", "coordinates": [[[28.118810415901578, 38.12986563617534], [28.11988839424251, 38.12986563617534], [28.11988839424251, 38.13094361451628], [28.120427383412988, 38.13094361451628], [28.120427383412988, 38.1325605820277], [28.120966372583467, 38.1325605820277], [28.120966372583467, 38.13309957119817], [28.11988839424251, 38.13309957119817], [28.11988839424251, 38.13417754953912], [28.119349405072057, 38.13417754953912], [28.119349405072057, 38.1325605820277], [28.118810415901578, 38.1325605820277], [28.118810415901578, 38.12986563617534]]]}, "id": "+386129+85103", "properties": {"area_ha": 5.085726778490384, "count": 18, "label": 1, "mean_dnbr": 0.41963335243153393}}, {"type": "Feature", "geometry": {"geodesic": false, "type": "Polygon", "coordinates": [[[28.120966372583467, 38.14819126797138], [28.121505361753947, 38.14819126797138], [28.121505361753947, 38.14873025714185], [28.122044350924398, 38.14873025714185], [28.122044350924398, 38.14926924631232], [28.122583340094877, 38.14926924631232], [28.122583340094877, 38.15034722465327], [28.123122329265357, 38.15034722465327], [28.123122329265357, 38.15088621382374], [28.123661318435808, 38.15088621382374], [28.123661318435808, 38.15142520299421], [28.124739296776767, 38.15142520299421], [28.124739296776767, 38.151964192164684], [28.123661318435808, 38.151964192164684], [28.123661318435808, 38.15142520299421], [28.122583340094877, 38.15142520299421], [28.122583340094877, 38.15088621382374], [28.122044350924398, 38.15088621382374], [28.122044350924398, 38.15034722465327], [28.121505361753947, 38.15034722465327], [28.121505361753947, 38.149808235482794], [28.120966372583467, 38.149808235482794], [28.120966372583467, 38.14819126797138]]]}, "id": "+386132+85069", "properties": {"area_ha": 3.954573264402848, "count": 14, "label": 1, "mean_dnbr": 0.29991567532092145}}, {"type": "Feature", "geometry": {"geodesic": false, "type": "Polygon", "coordinates": [[[28.122044350924398, 38.15951004055128], [28.124200307606287, 38.15951004055128], [28.124200307606287, 38.160049029721755], [28.123661318435808, 38.160049029721755], [28.123661318435808, 38.16058801889223], [28.123122329265357, 38.16058801889223], [28.123122329265357, 38.1611270080627], [28.121505361753947, 38.1611270080627], [28.121505361753947, 38.16058801889223], [28.120966372583467, 38.16058801889223], [28.120966372583467, 38.160049029721755], [28.122044350924398, 38.160049029721755], [28.122044350924398, 38.15951004055128]]]}, "id": "+386137+85048", "properties": {"area_ha": 3.3891588662459218, "count": 12, "label": 1, "mean_dnbr": 0.3133350482568147}}, {"type": "Feature", "geometry": {"geodesic": false, "type": "Polygon", "coordinates": [[[28.123661318435808, 38.129326647004866], [28.125817275117697, 38.129326647004866], [28.125817275117697, 38.12986563617534], [28.126356264288177, 38.12986563617534], [28.126356264288177, 38.13094361451628], [28.125817275117697, 38.13094361451628], [28.125817275117697, 38.131482603686756], [28.124200307606287, 38.131482603686756], [28.124200307606287, 38.13040462534581], [28.123661318435808, 38.13040462534581], [28.123661318435808, 38.129326647004866]]]}, "id": "+386140+85104", "properties": {"area_ha": 4.52073534590998, "count": 16, "label": 1, "mean_dnbr": 0.4473062748822299}}, {"type": "Feature", "geometry": {"geodesic": false, "type": "Polygon", "coordinates": [[[28.128512220970066, 38.152503181335156], [28.129051210140545, 38.152503181335156], [28.129051210140545, 38.15304217050563], [28.130668177651955, 38.15304217050563], [28.130668177651955, 38.154120148846566], [28.129590199310996, 38.154120148846566], [28.129590199310996, 38.15465913801704], [28.129051210140545, 38.15465913801704], [28.129051210140545, 38.15519812718751], [28.126895253458656, 38.15519812718751], [28.126895253458656, 38.15573711635798], [28.127434242629135, 38.15573711635798], [28.127434242629135, 38.156276105528455], [28.126356264288177, 38.156276105528455], [28.126356264288177, 38.15519812718751], [28.126895253458656, 38.15519812718751], [28.126895253458656, 38.15465913801704], [28.127973231799587, 38.15465913801704], [28.127973231799587, 38.154120148846566], [28.127434242629135, 38.154120148846566], [28.127434242629135, 38.153581159676094], [28.128512220970066, 38.153581159676094], [28.128512220970066, 38.152503181335156]]]}, "id": "+386146+85061", "properties": {"area_ha": 5.931528819034987, "count": 21, "label": 1, "mean_dnbr": 0.38395471961919586}}, {"type": "Feature", "geometry": {"geodesic": false, "type": "Polygon", "coordinates": [[[28.131207166822435, 37.92397177305515], [28.131746155992886, 37.92397177305515], [28.131746155992886, 37.924510762225616], [28.132824134333845, 37.924510762225616], [28.132824134333845, 37.92612772973703], [28.131746155992886, 37.92612772973703], [28.131746155992886, 37.926666718907505], [28.130668177651955, 37.926666718907505], [28.130668177651955, 37.92720570807798], [28.131746155992886, 37.92720570807798], [28.131746155992886, 37.92828368641892], [28.132285145163365, 37.92828368641892], [28.132285145163365, 37.928822675589394], [28.131746155992886, 37.928822675589394], [28.131746155992886, 37.92990065393034], [28.131207166822435, 37.92990065393034], [28.131207166822435, 37.93097863227128], [28.130668177651955, 37.93097863227128], [28.130668177651955, 37.93151762144175], [28.130129188481476, 37.93151762144175], [28.130129188481476, 37.932595599782694], [28.129590199310996, 37.932595599782694], [28.129590199310996, 37.93205661061222], [28.127434242629135, 37.93205661061222], [28.127434242629135, 37.93151762144175], [28.126356264288177, 37.93151762144175], [28.126356264288177, 37.930439643100804], [28.125817275117697, 37.930439643100804], [28.125817275117697, 37.92990065393034], [28.126356264288177, 37.92990065393034], [28.126356264288177, 37.92936166475987], [28.127434242629135, 37.92936166475987], [28.127434242629135, 37.926666718907505], [28.127973231799587, 37.926666718907505], [28.127973231799587, 37.92612772973703], [28.128512220970066, 37.92612772973703], [28.128512220970066, 37.926666718907505], [28.129051210140545, 37.926666718907505], [28.129051210140545, 37.924510762225616], [28.131207166822435, 37.924510762225616], [28.131207166822435, 37.92397177305515]], [[28.131207166822435, 37.92774469724845], [28.131207166822435, 37.92828368641892], [28.130668177651955, 37.92828368641892], [28.130668177651955, 37.928822675589394], [28.130129188481476, 37.928822675589394], [28.130129188481476, 37.93097863227128], [28.128512220970066, 37.93097863227128], [28.128512220970066, 37.92990065393034], [28.129051210140545, 37.92990065393034], [28.129051210140545, 37.92936166475987], [28.129590199310996, 37.92936166475987], [28.129590199310996, 37.92774469724845], [28.131207166822435, 37.92774469724845]]]}, "id": "+386151+85485", "properties": {"area_ha": 27.199359497765226, "count": 96, "label": 1, "mean_dnbr": 0.42647550393901423}}, {"type": "Feature", "geometry": {"geodesic": false, "type": "Polygon", "coordinates": [[[28.129590199310996, 37.87330679103081], [28.132285145163365, 37.87330679103081], [28.132285145163365, 37.87384578020128], [28.133363123504324, 37.87384578020128], [28.133363123504324, 37.874923758542224], [28.132824134333845, 37.874923758542224], [28.132824134333845, 37.87438476937175], [28.129590199310996, 37.87438476937175], [28.129590199310996, 37.87330679103081]]]}, "id": "+386152+85579", "properties": {"area_ha": 3.685974714716521, "count": 13, "label": 1, "mean_dnbr": 0.2601908798662872}}, {"type": "Feature", "geometry": {"geodesic": false, "type": "Polygon", "coordinates": [[[28.132285145163365, 38.507697044676014], [28.133363123504324, 38.507697044676014], [28.133363123504324, 38.50823603384649], [28.133902112674775, 38.50823603384649], [28.133902112674775, 38.51093097969884], [28.135519080186185, 38.51093097969884], [28.135519080186185, 38.5098530013579], [28.137675036868075, 38.5098530013579], [28.137675036868075, 38.51039199052837], [28.138214026038554, 38.51039199052837], [28.138214026038554, 38.51093097969884], [28.138753015209033, 38.51093097969884], [28.138753015209033, 38.511469968869314], [28.137675036868075, 38.511469968869314], [28.137675036868075, 38.51254794721026], [28.136597058527144, 38.51254794721026], [28.136597058527144, 38.511469968869314], [28.136058069356665, 38.511469968869314], [28.136058069356665, 38.512008958039786], [28.132285145163365, 38.512008958039786], [28.132285145163365, 38.511469968869314], [28.131746155992886, 38.511469968869314], [28.131746155992886, 38.51093097969884], [28.130668177651955, 38.51093097969884], [28.130668177651955, 38.51039199052837], [28.131746155992886, 38.51039199052837], [28.131746155992886, 38.5098530013579], [28.131207166822435, 38.5098530013579], [28.131207166822435, 38.509314012187424], [28.131746155992886, 38.509314012187424], [28.131746155992886, 38.50877502301696], [28.132285145163365, 38.50877502301696], [28.132285145163365, 38.507697044676014]], [[28.132285145163365, 38.51039199052837], [28.132285145163365, 38.51093097969884], [28.131746155992886, 38.51093097969884], [28.131746155992886, 38.51039199052837], [28.132285145163365, 38.51039199052837]]]}, "id": "+386154+84402", "properties": {"area_ha": 15.7398555153454, "count": 56, "label": 1, "mean_dnbr": 0.314947523136598}}, {"type": "Feature", "geometry": {"geodesic": false, "type": "Polygon", "coordinates": [[[28.133902112674775, 38.56051798338224], [28.134441101845255, 38.56051798338224], [28.134441101845255, 38.56213495089366], [28.131746155992886, 38.56213495089366], [28.131746155992886, 38.56267394006413], [28.131207166822435, 38.56267394006413], [28.131207166822435, 38.5632129292346], [28.130129188481476, 38.5632129292346], [28.130129188481476, 38.56267394006413], [28.130668177651955, 38.56267394006413], [28.130668177651955, 38.56213495089366], [28.131746155992886, 38.56213495089366], [28.131746155992886, 38.561595961723185], [28.132285145163365, 38.561595961723185], [28.132285145163365, 38.56105697255271], [28.133902112674775, 38.56105697255271], [28.133902112674775, 38.56051798338224]]]}, "id": "+386156+84304", "properties": {"area_ha": 3.9321595169210677, "count": 14, "label": 1, "mean_dnbr": 0.38893540802096005}}, {"type": "Feature", "geometry": {"geodesic": false, "type": "Polygon", "coordinates": [[[28.138214026038554, 38.52602267647205], [28.139830993549964, 38.52602267647205], [28.139830993549964, 38.52763964398346], [28.138753015209033, 38.52763964398346], [28.138753015209033, 38.528178633153935], [28.138214026038554, 38.528178633153935], [28.138214026038554, 38.52871762232441], [28.137675036868075, 38.52871762232441], [28.137675036868075, 38.52763964398346], [28.137136047697624, 38.52763964398346], [28.137136047697624, 38.527100654813], [28.137675036868075, 38.527100654813], [28.137675036868075, 38.526561665642525], [28.138214026038554, 38.526561665642525], [28.138214026038554, 38.52602267647205]]]}, "id": "+386166+84368", "properties": {"area_ha": 4.215049026414522, "count": 15, "label": 1, "mean_dnbr": 0.1560618157244732}}, {"type": "Feature", "geometry": {"geodesic": false, "type": "Polygon", "coordinates": [[[28.137675036868075, 38.12609271198204], [28.140369982720443, 38.12609271198204], [28.140369982720443, 38.12663170115251], [28.140908971890923, 38.12663170115251], [28.140908971890923, 38.12770967949346], [28.141447961061374, 38.12770967949346], [28.141447961061374, 38.12824866866393], [28.141986950231853, 38.12824866866393], [28.141986950231853, 38.1287876578344], [28.140908971890923, 38.1287876578344], [28.140908971890923, 38.129326647004866], [28.138214026038554, 38.129326647004866], [28.138214026038554, 38.1287876578344], [28.137136047697624, 38.1287876578344], [28.137136047697624, 38.12824866866393], [28.136597058527144, 38.12824866866393], [28.136597058527144, 38.12770967949346], [28.136058069356665, 38.12770967949346], [28.136058069356665, 38.12663170115251], [28.137675036868075, 38.12663170115251], [28.137675036868075, 38.12609271198204]]]}, "id": "+386167+85110", "properties": {"area_ha": 12.997591817600384, "count": 46, "label": 1, "mean_dnbr": 0.6450557819178055}}, {"type": "Feature", "geometry": {"geodesic": false, "type": "Polygon", "coordinates": [[[28.140369982720443, 38.52494469813111], [28.141986950231853, 38.52494469813111], [28.141986950231853, 38.52548368730158], [28.142525939402333, 38.52548368730158], [28.142525939402333, 38.52602267647205], [28.143064928572812, 38.52602267647205], [28.143064928572812, 38.526561665642525], [28.143603917743263, 38.526561665642525], [28.143603917743263, 38.527100654813], [28.142525939402333, 38.527100654813], [28.142525939402333, 38.528178633153935], [28.141986950231853, 38.528178633153935], [28.141986950231853, 38.52763964398346], [28.141447961061374, 38.52763964398346], [28.141447961061374, 38.527100654813], [28.142525939402333, 38.527100654813], [28.142525939402333, 38.526561665642525], [28.141447961061374, 38.526561665642525], [28.141447961061374, 38.52602267647205], [28.140369982720443, 38.52602267647205], [28.140369982720443, 38.52494469813111]]]}, "id": "+386170+84370", "properties": {"area_ha": 4.2151022880743625, "count": 15, "label": 1, "mean_dnbr": 0.230918490602879}}, {"type": "Feature", "geometry": {"geodesic": false, "type": "Polygon", "coordinates": [[[28.141447961061374, 38.61441690042941], [28.142525939402333, 38.61441690042941], [28.142525939402333, 38.61711184628177], [28.140908971890923, 38.61711184628177], [28.140908971890923, 38.61603386794083], [28.141447961061374, 38.61603386794083], [28.141447961061374, 38.61441690042941]]]}, "id": "+386171+84204", "properties": {"area_ha": 3.3678801271370538, "count": 12, "label": 1, "mean_dnbr": 0.26550491552365146}}, {"type": "Feature", "geometry": {"geodesic": false, "type": "Polygon", "coordinates": [[[28.142525939402333, 38.530334589835824], [28.1452208852547, 38.530334589835824], [28.1452208852547, 38.53141256817677], [28.145759874425153, 38.53141256817677], [28.145759874425153, 38.532490546517714], [28.146298863595632, 38.532490546517714], [28.146298863595632, 38.53356852485865], [28.145759874425153, 38.53356852485865], [28.145759874425153, 38.533029535688186], [28.1452208852547, 38.533029535688186], [28.1452208852547, 38.532490546517714], [28.143603917743263, 38.532490546517714], [28.143603917743263, 38.53141256817677], [28.142525939402333, 38.53141256817677], [28.142525939402333, 38.530334589835824]]]}, "id": "+386176+84360", "properties": {"area_ha": 5.900698807881496, "count": 21, "label": 1, "mean_dnbr": 0.2329537550477696}}, {"type": "Feature", "geometry": {"geodesic": false, "type": "Polygon", "coordinates": [[[28.141986950231853, 37.85390318089382], [28.1452208852547, 37.85390318089382], [28.1452208852547, 37.854442170064296], [28.144142906913743, 37.854442170064296], [28.144142906913743, 37.85498115923477], [28.143064928572812, 37.85498115923477], [28.143064928572812, 37.85552014840524], [28.141986950231853, 37.85552014840524], [28.141986950231853, 37.85390318089382]]]}, "id": "+386176+85615", "properties": {"area_ha": 3.4033057717216963, "count": 12, "label": 1, "mean_dnbr": 0.4329785010722934}}, {"type": "Feature", "geometry": {"geodesic": false, "type": "Polygon", "coordinates": [[[28.147915831107042, 38.57291473430309], [28.14845482027752, 38.57291473430309], [28.14845482027752, 38.57345372347356], [28.147915831107042, 38.57345372347356], [28.147915831107042, 38.573992712644035], [28.147376841936563, 38.573992712644035], [28.147376841936563, 38.57453170181451], [28.14683785276611, 38.57453170181451], [28.14683785276611, 38.57507069098498], [28.1452208852547, 38.57507069098498], [28.1452208852547, 38.57453170181451], [28.144681896084222, 38.57453170181451], [28.144681896084222, 38.57507069098498], [28.144142906913743, 38.57507069098498], [28.144142906913743, 38.57453170181451], [28.144681896084222, 38.57453170181451], [28.144681896084222, 38.573992712644035], [28.1452208852547, 38.573992712644035], [28.1452208852547, 38.57345372347356], [28.147915831107042, 38.57345372347356], [28.147915831107042, 38.57291473430309]]]}, "id": "+386182+84281", "properties": {"area_ha": 4.2122862504451035, "count": 15, "label": 1, "mean_dnbr": 0.1771577772788864}}, {"type": "Feature", "geometry": {"geodesic": false, "type": "Polygon", "coordinates": [[[28.14683785276611, 38.11800787442496], [28.148993809448, 38.11800787442496], [28.148993809448, 38.118546863595434], [28.14845482027752, 38.118546863595434], [28.14845482027752, 38.11962484193638], [28.147915831107042, 38.11962484193638], [28.147915831107042, 38.12016383110685], [28.14683785276611, 38.12016383110685], [28.14683785276611, 38.11800787442496]]]}, "id": "+386183+85125", "properties": {"area_ha": 3.391077433017754, "count": 12, "label": 1, "mean_dnbr": 0.3542890881525567}}, {"type": "Feature", "geometry": {"geodesic": false, "type": "Polygon", "coordinates": [[[28.14683785276611, 37.86845588849656], [28.148993809448, 37.86845588849656], [28.148993809448, 37.86953386683751], [28.149532798618452, 37.86953386683751], [28.149532798618452, 37.870611845178445], [28.148993809448, 37.870611845178445], [28.148993809448, 37.87115083434892], [28.14683785276611, 37.87115083434892], [28.14683785276611, 37.86845588849656]]]}, "id": "+386183+85588", "properties": {"area_ha": 6.238137022352613, "count": 22, "label": 1, "mean_dnbr": 0.33039520761548646}}, {"type": "Feature", "geometry": {"geodesic": false, "type": "Polygon", "coordinates": [[[28.1527667336413, 37.879235671905995], [28.15384471198223, 37.879235671905995], [28.15384471198223, 37.88031365024694], [28.15330572281175, 37.88031365024694], [28.15330572281175, 37.88193061775836], [28.1527667336413, 37.88193061775836], [28.1527667336413, 37.881391628587885], [28.15168875530034, 37.881391628587885], [28.15168875530034, 37.87977466107647], [28.15222774447082, 37.87977466107647], [28.15222774447082, 37.88031365024694], [28.15330572281175, 37.88031365024694], [28.15330572281175, 37.87977466107647], [28.1527667336413, 37.87977466107647], [28.1527667336413, 37.879235671905995]]]}, "id": "+386192+85568", "properties": {"area_ha": 3.1186145833344394, "count": 11, "label": 1, "mean_dnbr": 0.22177151281542642}}, {"type": "Feature", "geometry": {"geodesic": false, "type": "Polygon", "coordinates": [[[28.15330572281175, 37.862527007621374], [28.15546167949364, 37.862527007621374], [28.15546167949364, 37.863065996791846], [28.15600066866412, 37.863065996791846], [28.15600066866412, 37.86522195347373], [28.15384471198223, 37.86522195347373], [28.15384471198223, 37.864143975132784], [28.15330572281175, 37.864143975132784], [28.15330572281175, 37.862527007621374]]]}, "id": "+386195+85599", "properties": {"area_ha": 6.238643109419448, "count": 22, "label": 1, "mean_dnbr": 0.2695371499343408}}, {"type": "Feature", "geometry": {"geodesic": false, "type": "Polygon", "coordinates": [[[28.15492269032319, 38.61765083545224], [28.15600066866412, 38.61765083545224], [28.15600066866412, 38.61872881379318], [28.15707864700508, 38.61872881379318], [28.15707864700508, 38.61818982462271], [28.15815662534601, 38.61818982462271], [28.15815662534601, 38.61872881379318], [28.15869561451649, 38.61872881379318], [28.15869561451649, 38.619267802963655], [28.15546167949364, 38.619267802963655], [28.15546167949364, 38.61872881379318], [28.15492269032319, 38.61872881379318], [28.15492269032319, 38.61765083545224]]]}, "id": "+386196+84198", "properties": {"area_ha": 3.3677701528248116, "count": 12, "label": 1, "mean_dnbr": 0.21538894910974093}}, {"type": "Feature", "geometry": {"geodesic": false, "type": "Polygon", "coordinates": [[[28.15600066866412, 38.5136259255512], [28.1565396578346, 38.5136259255512], [28.1565396578346, 38.514164914721675], [28.15707864700508, 38.514164914721675], [28.15707864700508, 38.51632087140356], [28.1565396578346, 38.51632087140356], [28.1565396578346, 38.51685986057403], [28.15492269032319, 38.51685986057403], [28.15492269032319, 38.51632087140356], [28.15438370115271, 38.51632087140356], [28.15438370115271, 38.51685986057403], [28.15114976612989, 38.51685986057403], [28.15114976612989, 38.515781882233085], [28.15222774447082, 38.515781882233085], [28.15222774447082, 38.51632087140356], [28.15438370115271, 38.51632087140356], [28.15438370115271, 38.51524289306261], [28.15546167949364, 38.51524289306261], [28.15546167949364, 38.514164914721675], [28.15600066866412, 38.514164914721675], [28.15600066866412, 38.5136259255512]]]}, "id": "+386197+84391", "properties": {"area_ha": 7.8693579375339775, "count": 28, "label": 1, "mean_dnbr": 0.20942833937434233}}, {"type": "Feature", "geometry": {"geodesic": false, "type": "Polygon", "coordinates": [[[28.15600066866412, 38.61064397623611], [28.15707864700508, 38.61064397623611], [28.15707864700508, 38.611182965406584], [28.15761763617553, 38.611182965406584], [28.15761763617553, 38.61172195457705], [28.15869561451649, 38.61172195457705], [28.15869561451649, 38.612799932917994], [28.15815662534601, 38.612799932917994], [28.15815662534601, 38.61387791125894], [28.15707864700508, 38.61387791125894], [28.15707864700508, 38.612799932917994], [28.15815662534601, 38.612799932917994], [28.15815662534601, 38.61226094374752], [28.15761763617553, 38.61226094374752], [28.15761763617553, 38.61172195457705], [28.1565396578346, 38.61172195457705], [28.1565396578346, 38.611182965406584], [28.15600066866412, 38.611182965406584], [28.15600066866412, 38.61064397623611]]]}, "id": "+386198+84211", "properties": {"area_ha": 3.087378663947732, "count": 11, "label": 1, "mean_dnbr": 0.2488439693225482}}, {"type": "Feature", "geometry": {"geodesic": false, "type": "Polygon", "coordinates": [[[28.15330572281175, 38.55620607001847], [28.15869561451649, 38.55620607001847], [28.15869561451649, 38.55674505918894], [28.15384471198223, 38.55674505918894], [28.15384471198223, 38.55728404835941], [28.15330572281175, 38.55728404835941], [28.15330572281175, 38.55620607001847]]]}, "id": "+386201+84312", "properties": {"area_ha": 3.089746409919134, "count": 11, "label": 1, "mean_dnbr": 0.5177388105025322}}, {"type": "Feature", "geometry": {"geodesic": false, "type": "Polygon", "coordinates": [[[28.15815662534601, 38.53356852485865], [28.15923460368694, 38.53356852485865], [28.15923460368694, 38.534646503199596], [28.15977359285742, 38.534646503199596], [28.15977359285742, 38.53518549237007], [28.15761763617553, 38.53518549237007], [28.15761763617553, 38.534646503199596], [28.1565396578346, 38.534646503199596], [28.1565396578346, 38.534107514029124], [28.15815662534601, 38.534107514029124], [28.15815662534601, 38.53356852485865]]]}, "id": "+386202+84354", "properties": {"area_ha": 3.0907267618991736, "count": 11, "label": 1, "mean_dnbr": 0.3720400062359547}}, {"type": "Feature", "geometry": {"geodesic": false, "type": "Polygon", "coordinates": [[[28.15869561451649, 37.862527007621374], [28.15923460368694, 37.862527007621374], [28.15923460368694, 37.863065996791846], [28.1603125820279, 37.863065996791846], [28.1603125820279, 37.864143975132784], [28.16085157119838, 37.864143975132784], [28.16085157119838, 37.86522195347373], [28.1603125820279, 37.86522195347373], [28.1603125820279, 37.864682964303256], [28.15869561451649, 37.864682964303256], [28.15869561451649, 37.862527007621374]]]}, "id": "+386202+85599", "properties": {"area_ha": 3.4028949753188344, "count": 12, "label": 1, "mean_dnbr": 0.3315164917776175}}, {"type": "Feature", "geometry": {"geodesic": false, "type": "Polygon", "coordinates": [[[28.15707864700508, 38.51685986057403], [28.15977359285742, 38.51685986057403], [28.15977359285742, 38.517937838914975], [28.1603125820279, 38.517937838914975], [28.1603125820279, 38.5173988497445], [28.16085157119838, 38.5173988497445], [28.16085157119838, 38.51901581725592], [28.15546167949364, 38.51901581725592], [28.15546167949364, 38.51847682808545], [28.15761763617553, 38.51847682808545], [28.15761763617553, 38.517937838914975], [28.15869561451649, 38.517937838914975], [28.15869561451649, 38.5173988497445], [28.15707864700508, 38.5173988497445], [28.15707864700508, 38.51685986057403]]]}, "id": "+386203+84385", "properties": {"area_ha": 6.745015174063857, "count": 24, "label": 1, "mean_dnbr": 0.31878802577555193}}, {"type": "Feature", "geometry": {"geodesic": false, "type": "Polygon", "coordinates": [[[28.15977359285742, 37.87654072605363], [28.16192954953931, 37.87654072605363], [28.16192954953931, 37.87761870439458], [28.1603125820279, 37.87761870439458], [28.1603125820279, 37.88031365024694], [28.15923460368694, 37.88031365024694], [28.15923460368694, 37.879235671905995], [28.15977359285742, 37.879235671905995], [28.15977359285742, 37.87654072605363]]]}, "id": "+386207+85573", "properties": {"area_ha": 4.252796299631329, "count": 15, "label": 1, "mean_dnbr": 0.25445403525887966}}, {"type": "Feature", "geometry": {"geodesic": false, "type": "Polygon", "coordinates": [[[28.16139056036883, 38.520093795596864], [28.16246853870979, 38.520093795596864], [28.16246853870979, 38.520632784767336], [28.166780452073567, 38.520632784767336], [28.166780452073567, 38.5211717739378], [28.16139056036883, 38.5211717739378], [28.16139056036883, 38.520093795596864]]]}, "id": "+386208+84379", "properties": {"area_ha": 3.372389461058067, "count": 12, "label": 1, "mean_dnbr": 0.2881634999934558}}, {"type": "Feature", "geometry": {"geodesic": false, "type": "Polygon", "coordinates": [[[28.16246853870979, 38.131482603686756], [28.16354651705072, 38.131482603686756], [28.16354651705072, 38.13202159285723], [28.163007527880268, 38.13202159285723], [28.163007527880268, 38.1325605820277], [28.16139056036883, 38.1325605820277], [28.16139056036883, 38.13417754953912], [28.16085157119838, 38.13417754953912], [28.16085157119838, 38.133638560368645], [28.1603125820279, 38.133638560368645], [28.1603125820279, 38.13309957119817], [28.16085157119838, 38.13309957119817], [28.16085157119838, 38.131482603686756], [28.16192954953931, 38.131482603686756], [28.16192954953931, 38.13202159285723], [28.16246853870979, 38.13202159285723], [28.16246853870979, 38.131482603686756]]]}, "id": "+386210+85100", "properties": {"area_ha": 3.390456599804756, "count": 12, "label": 1, "mean_dnbr": 0.260791861358033}}, {"type": "Feature", "geometry": {"geodesic": false, "type": "Polygon", "coordinates": [[[28.168936408755457, 37.85929307259854], [28.170014387096387, 37.85929307259854], [28.170014387096387, 37.860371050939484], [28.169475397925908, 37.860371050939484], [28.169475397925908, 37.8619880184509], [28.168936408755457, 37.8619880184509], [28.168936408755457, 37.862527007621374], [28.171092365437346, 37.862527007621374], [28.171092365437346, 37.863065996791846], [28.171631354607797, 37.863065996791846], [28.171631354607797, 37.86360498596232], [28.171092365437346, 37.86360498596232], [28.171092365437346, 37.864682964303256], [28.170553376266867, 37.864682964303256], [28.170553376266867, 37.864143975132784], [28.168936408755457, 37.864143975132784], [28.168936408755457, 37.86360498596232], [28.168397419584977, 37.86360498596232], [28.168397419584977, 37.863065996791846], [28.167858430414498, 37.863065996791846], [28.167858430414498, 37.862527007621374], [28.167319441244018, 37.862527007621374], [28.167319441244018, 37.8619880184509], [28.167858430414498, 37.8619880184509], [28.167858430414498, 37.86144902928043], [28.168397419584977, 37.86144902928043], [28.168397419584977, 37.86091004010996], [28.168936408755457, 37.86091004010996], [28.168936408755457, 37.85929307259854]]]}, "id": "+386222+85605", "properties": {"area_ha": 8.507407577615924, "count": 30, "label": 1, "mean_dnbr": 0.3309398637411461}}, {"type": "Feature", "geometry": {"geodesic": false, "type": "Polygon", "coordinates": [[[28.16570247373261, 38.54812123246139], [28.170553376266867, 38.54812123246139], [28.170553376266867, 38.549199210802335], [28.16570247373261, 38.549199210802335], [28.16570247373261, 38.54973819997281], [28.16516348456213, 38.54973819997281], [28.16516348456213, 38.549199210802335], [28.164624495391678, 38.549199210802335], [28.164624495391678, 38.54866022163186], [28.16570247373261, 38.54866022163186], [28.16570247373261, 38.54812123246139]]]}, "id": "+386223+84327", "properties": {"area_ha": 5.899301463785376, "count": 21, "label": 1, "mean_dnbr": 0.19916945056218535}}, {"type": "Feature", "geometry": {"geodesic": false, "type": "Polygon", "coordinates": [[[28.171092365437346, 37.885164552781184], [28.171631354607797, 37.885164552781184], [28.171631354607797, 37.885703541951656], [28.171092365437346, 37.885703541951656], [28.171092365437346, 37.88624253112213], [28.170553376266867, 37.88624253112213], [28.170553376266867, 37.8867815202926], [28.170014387096387, 37.8867815202926], [28.170014387096387, 37.887859498633546], [28.168936408755457, 37.887859498633546], [28.168936408755457, 37.88839848780401], [28.167319441244018, 37.88839848780401], [28.167319441244018, 37.88732050946307], [28.168397419584977, 37.88732050946307], [28.168397419584977, 37.8867815202926], [28.168936408755457, 37.8867815202926], [28.168936408755457, 37.88624253112213], [28.169475397925908, 37.88624253112213], [28.169475397925908, 37.8867815202926], [28.170014387096387, 37.8867815202926], [28.170014387096387, 37.885703541951656], [28.171092365437346, 37.885703541951656], [28.171092365437346, 37.885164552781184]]]}, "id": "+386225+85557", "properties": {"area_ha": 4.535763993185448, "count": 16, "label": 1, "mean_dnbr": 0.3033100677250691}}, {"type": "Feature", "geometry": {"geodesic": false, "type": "Polygon", "coordinates": [[[28.171631354607797, 37.87330679103081], [28.172709332948756, 37.87330679103081], [28.172709332948756, 37.87384578020128], [28.173248322119207, 37.87384578020128], [28.173248322119207, 37.87438476937175], [28.171631354607797, 37.87438476937175], [28.171631354607797, 37.875462747712696], [28.172170343778276, 37.875462747712696], [28.172170343778276, 37.87600173688317], [28.171631354607797, 37.87600173688317], [28.171631354607797, 37.87654072605363], [28.171092365437346, 37.87654072605363], [28.171092365437346, 37.877079715224106], [28.170553376266867, 37.877079715224106], [28.170553376266867, 37.87761870439458], [28.167858430414498, 37.87761870439458], [28.167858430414498, 37.87654072605363], [28.168936408755457, 37.87654072605363], [28.168936408755457, 37.877079715224106], [28.169475397925908, 37.877079715224106], [28.169475397925908, 37.87654072605363], [28.171092365437346, 37.87654072605363], [28.171092365437346, 37.874923758542224], [28.170553376266867, 37.874923758542224], [28.170553376266867, 37.87330679103081], [28.171092365437346, 37.87330679103081], [28.171092365437346, 37.87384578020128], [28.171631354607797, 37.87384578020128], [28.171631354607797, 37.87330679103081]]]}, "id": "+386227+85579", "properties": {"area_ha": 6.8047190872788, "count": 24, "label": 1, "mean_dnbr": 0.22756137968655032}}, {"type": "Feature", "geometry": {"geodesic": false, "type": "Polygon", "coordinates": [[[28.167858430414498, 37.866838920985145], [28.172709332948756, 37.866838920985145], [28.172709332948756, 37.86791689932609], [28.173248322119207, 37.86791689932609], [28.173248322119207, 37.868994877667035], [28.172709332948756, 37.868994877667035], [28.172709332948756, 37.86953386683751], [28.173787311289686, 37.86953386683751], [28.173787311289686, 37.87007285600797], [28.172170343778276, 37.87007285600797], [28.172170343778276, 37.87168982351939], [28.171631354607797, 37.87168982351939], [28.171631354607797, 37.870611845178445], [28.171092365437346, 37.870611845178445], [28.171092365437346, 37.87007285600797], [28.171631354607797, 37.87007285600797], [28.171631354607797, 37.86953386683751], [28.172170343778276, 37.86953386683751], [28.172170343778276, 37.868994877667035], [28.172709332948756, 37.868994877667035], [28.172709332948756, 37.86791689932609], [28.170553376266867, 37.86791689932609], [28.170553376266867, 37.86845588849656], [28.171092365437346, 37.86845588849656], [28.171092365437346, 37.868994877667035], [28.167858430414498, 37.868994877667035], [28.167858430414498, 37.86845588849656], [28.167319441244018, 37.86845588849656], [28.167319441244018, 37.86791689932609], [28.166780452073567, 37.86791689932609], [28.166780452073567, 37.86737791015562], [28.167858430414498, 37.86737791015562], [28.167858430414498, 37.866838920985145]], [[28.168397419584977, 37.86737791015562], [28.168397419584977, 37.86791689932609], [28.167858430414498, 37.86791689932609], [28.167858430414498, 37.86737791015562], [28.168397419584977, 37.86737791015562]]]}, "id": "+386227+85591", "properties": {"area_ha": 11.909363919108817, "count": 42, "label": 1, "mean_dnbr": 0.28556206777851373}}, {"type": "Feature", "geometry": {"geodesic": false, "type": "Polygon", "coordinates": [[[28.173248322119207, 37.883008596099295], [28.174326300460166, 37.883008596099295], [28.174326300460166, 37.88408657444024], [28.174865289630645, 37.88408657444024], [28.174865289630645, 37.88462556361071], [28.174326300460166, 37.88462556361071], [28.174326300460166, 37.885164552781184], [28.172170343778276, 37.885164552781184], [28.172170343778276, 37.88408657444024], [28.173248322119207, 37.88408657444024], [28.173248322119207, 37.883008596099295]]]}, "id": "+386230+85561", "properties": {"area_ha": 3.6854542367168825, "count": 13, "label": 1, "mean_dnbr": 0.1997930362094105}}, {"type": "Feature", "geometry": {"geodesic": false, "type": "Polygon", "coordinates": [[[28.174326300460166, 38.514164914721675], [28.175404278801096, 38.514164914721675], [28.175404278801096, 38.51524289306261], [28.175943267971576, 38.51524289306261], [28.175943267971576, 38.515781882233085], [28.175404278801096, 38.515781882233085], [28.175404278801096, 38.51524289306261], [28.173787311289686, 38.51524289306261], [28.173787311289686, 38.515781882233085], [28.172709332948756, 38.515781882233085], [28.172709332948756, 38.51632087140356], [28.171631354607797, 38.51632087140356], [28.171631354607797, 38.515781882233085], [28.171092365437346, 38.515781882233085], [28.171092365437346, 38.51632087140356], [28.170553376266867, 38.51632087140356], [28.170553376266867, 38.515781882233085], [28.171092365437346, 38.515781882233085], [28.171092365437346, 38.51470390389215], [28.172170343778276, 38.51470390389215], [28.172170343778276, 38.514164914721675], [28.173787311289686, 38.514164914721675], [28.173787311289686, 38.51470390389215], [28.174326300460166, 38.51470390389215], [28.174326300460166, 38.514164914721675]]]}, "id": "+386232+84390", "properties": {"area_ha": 6.18310634272098, "count": 22, "label": 1, "mean_dnbr": 0.32151717856651035}}, {"type": "Feature", "geometry": {"geodesic": false, "type": "Polygon", "coordinates": [[[28.177560235482986, 37.87438476937175], [28.178638213823945, 37.87438476937175], [28.178638213823945, 37.875462747712696], [28.178099224653465, 37.875462747712696], [28.178099224653465, 37.87600173688317], [28.177560235482986, 37.87600173688317], [28.177560235482986, 37.87654072605363], [28.175943267971576, 37.87654072605363], [28.175943267971576, 37.875462747712696], [28.177560235482986, 37.875462747712696], [28.177560235482986, 37.87438476937175]]]}, "id": "+386238+85577", "properties": {"area_ha": 3.1188241229838254, "count": 11, "label": 1, "mean_dnbr": 0.2947147636913717}}, {"type": "Feature", "geometry": {"geodesic": false, "type": "Polygon", "coordinates": [[[28.180794170505834, 38.51470390389215], [28.181333159676285, 38.51470390389215], [28.181333159676285, 38.51524289306261], [28.184028105528654, 38.51524289306261], [28.184028105528654, 38.51632087140356], [28.182950127187723, 38.51632087140356], [28.182950127187723, 38.51685986057403], [28.182411138017244, 38.51685986057403], [28.182411138017244, 38.5173988497445], [28.179716192164875, 38.5173988497445], [28.179716192164875, 38.51685986057403], [28.179177202994396, 38.51685986057403], [28.179177202994396, 38.51524289306261], [28.180794170505834, 38.51524289306261], [28.180794170505834, 38.51470390389215]], [[28.181872148846765, 38.515781882233085], [28.181872148846765, 38.51632087140356], [28.180794170505834, 38.51632087140356], [28.180794170505834, 38.515781882233085], [28.181872148846765, 38.515781882233085]]]}, "id": "+386243+84389", "properties": {"area_ha": 8.150341175584066, "count": 29, "label": 1, "mean_dnbr": 0.3740473158825654}}, {"type": "Feature", "geometry": {"geodesic": false, "type": "Polygon", "coordinates": [[[28.180794170505834, 38.530334589835824], [28.182411138017244, 38.530334589835824], [28.182411138017244, 38.53141256817677], [28.181333159676285, 38.53141256817677], [28.181333159676285, 38.53195155734724], [28.180255181335355, 38.53195155734724], [28.180255181335355, 38.532490546517714], [28.179716192164875, 38.532490546517714], [28.179716192164875, 38.53195155734724], [28.179177202994396, 38.53195155734724], [28.179177202994396, 38.53141256817677], [28.180255181335355, 38.53141256817677], [28.180255181335355, 38.5308735790063], [28.180794170505834, 38.5308735790063], [28.180794170505834, 38.530334589835824]]]}, "id": "+386245+84360", "properties": {"area_ha": 3.371845611801095, "count": 12, "label": 1, "mean_dnbr": 0.25592736834178403}}, {"type": "Feature", "geometry": {"geodesic": false, "type": "Polygon", "coordinates": [[[28.180794170505834, 37.883008596099295], [28.182411138017244, 37.883008596099295], [28.182411138017244, 37.88354758526977], [28.181333159676285, 37.88354758526977], [28.181333159676285, 37.88408657444024], [28.179716192164875, 37.88408657444024], [28.179716192164875, 37.88462556361071], [28.180255181335355, 37.88462556361071], [28.180255181335355, 37.885164552781184], [28.179716192164875, 37.885164552781184], [28.179716192164875, 37.88462556361071], [28.179177202994396, 37.88462556361071], [28.179177202994396, 37.88408657444024], [28.178099224653465, 37.88408657444024], [28.178099224653465, 37.88354758526977], [28.178638213823945, 37.88354758526977], [28.178638213823945, 37.883008596099295], [28.180255181335355, 37.883008596099295], [28.180255181335355, 37.88354758526977], [28.180794170505834, 37.88354758526977], [28.180794170505834, 37.883008596099295]]]}, "id": "+386245+85561", "properties": {"area_ha": 3.968974660847872, "count": 14, "label": 1, "mean_dnbr": 0.24578220872816328}}, {"type": "Feature", "geometry": {"geodesic": false, "type": "Polygon", "coordinates": [[[28.181872148846765, 37.8619880184509], [28.182950127187723, 37.8619880184509], [28.182950127187723, 37.863065996791846], [28.184028105528654, 37.863065996791846], [28.184028105528654, 37.86360498596232], [28.184567094699133, 37.86360498596232], [28.184567094699133, 37.863065996791846], [28.186184062210543, 37.863065996791846], [28.186184062210543, 37.86360498596232], [28.186723051381023, 37.86360498596232], [28.186723051381023, 37.864143975132784], [28.184028105528654, 37.864143975132784], [28.184028105528654, 37.86360498596232], [28.182950127187723, 37.86360498596232], [28.182950127187723, 37.863065996791846], [28.181872148846765, 37.863065996791846], [28.181872148846765, 37.8619880184509]]]}, "id": "+386246+85600", "properties": {"area_ha": 3.97008574627926, "count": 14, "label": 1, "mean_dnbr": 0.20918458764632525}}, {"type": "Feature", "geometry": {"geodesic": false, "type": "Polygon", "coordinates": [[[28.182950127187723, 38.50661906633507], [28.183489116358174, 38.50661906633507], [28.183489116358174, 38.50715805550554], [28.184028105528654, 38.50715805550554], [28.184028105528654, 38.50823603384649], [28.183489116358174, 38.50823603384649], [28.183489116358174, 38.509314012187424], [28.182411138017244, 38.509314012187424], [28.182411138017244, 38.5098530013579], [28.180794170505834, 38.5098530013579], [28.180794170505834, 38.50877502301696], [28.181333159676285, 38.50877502301696], [28.181333159676285, 38.507697044676014], [28.181872148846765, 38.507697044676014], [28.181872148846765, 38.50877502301696], [28.182950127187723, 38.50877502301696], [28.182950127187723, 38.50661906633507]]]}, "id": "+386247+84404", "properties": {"area_ha": 4.497219769210226, "count": 16, "label": 1, "mean_dnbr": 0.2157330217342342}}, {"type": "Feature", "geometry": {"geodesic": false, "type": "Polygon", "coordinates": [[[28.185645073040064, 37.89109343365637], [28.186184062210543, 37.89109343365637], [28.186184062210543, 37.89324939033826], [28.187262040551474, 37.89324939033826], [28.187262040551474, 37.8943273686792], [28.186723051381023, 37.8943273686792], [28.186723051381023, 37.893788379508734], [28.185645073040064, 37.893788379508734], [28.185645073040064, 37.89324939033826], [28.185106083869584, 37.89324939033826], [28.185106083869584, 37.891632422826845], [28.185645073040064, 37.891632422826845], [28.185645073040064, 37.89109343365637]]]}, "id": "+386252+85546", "properties": {"area_ha": 3.1180964670847997, "count": 11, "label": 1, "mean_dnbr": 0.3678969115028588}}, {"type": "Feature", "geometry": {"geodesic": false, "type": "Polygon", "coordinates": [[[28.188879008062912, 37.87654072605363], [28.189417997233363, 37.87654072605363], [28.189417997233363, 37.877079715224106], [28.191573953915253, 37.877079715224106], [28.191573953915253, 37.87815769356505], [28.19265193225621, 37.87815769356505], [28.19265193225621, 37.879235671905995], [28.193190921426662, 37.879235671905995], [28.193190921426662, 37.87869668273552], [28.193729910597142, 37.87869668273552], [28.193729910597142, 37.87977466107647], [28.1948078889381, 37.87977466107647], [28.1948078889381, 37.881391628587885], [28.193190921426662, 37.881391628587885], [28.193190921426662, 37.88193061775836], [28.192112943085732, 37.88193061775836], [28.192112943085732, 37.881391628587885], [28.193190921426662, 37.881391628587885], [28.193190921426662, 37.87977466107647], [28.19265193225621, 37.87977466107647], [28.19265193225621, 37.88031365024694], [28.191034964744773, 37.88031365024694], [28.191034964744773, 37.87977466107647], [28.191573953915253, 37.87977466107647], [28.191573953915253, 37.879235671905995], [28.190495975574322, 37.879235671905995], [28.190495975574322, 37.87815769356505], [28.189417997233363, 37.87815769356505], [28.189417997233363, 37.879235671905995], [28.188340018892433, 37.879235671905995], [28.188340018892433, 37.87761870439458], [28.187801029721953, 37.87761870439458], [28.187801029721953, 37.877079715224106], [28.188879008062912, 37.877079715224106], [28.188879008062912, 37.87654072605363]]]}, "id": "+386258+85573", "properties": {"area_ha": 12.758233400885276, "count": 45, "label": 1, "mean_dnbr": 0.365869079066276}}, {"type": "Feature", "geometry": {"geodesic": false, "type": "Polygon", "coordinates": [[[28.193729910597142, 37.89324939033826], [28.1948078889381, 37.89324939033826], [28.1948078889381, 37.8943273686792], [28.193729910597142, 37.8943273686792], [28.193729910597142, 37.895405347020144], [28.191573953915253, 37.895405347020144], [28.191573953915253, 37.89594433619062], [28.190495975574322, 37.89594433619062], [28.190495975574322, 37.895405347020144], [28.191573953915253, 37.895405347020144], [28.191573953915253, 37.8943273686792], [28.193729910597142, 37.8943273686792], [28.193729910597142, 37.89324939033826]]]}, "id": "+386268+85542", "properties": {"area_ha": 3.9683845304855874, "count": 14, "label": 1, "mean_dnbr": 0.23047806932780548}}, {"type": "Feature", "geometry": {"geodesic": false, "type": "Polygon", "coordinates": [[[28.1948078889381, 37.8867815202926], [28.19588586727903, 37.8867815202926], [28.19588586727903, 37.88732050946307], [28.1948078889381, 37.88732050946307], [28.1948078889381, 37.887859498633546], [28.19588586727903, 37.887859498633546], [28.19588586727903, 37.88839848780401], [28.19642485644951, 37.88839848780401], [28.19642485644951, 37.88893747697448], [28.195346878108552, 37.88893747697448], [28.195346878108552, 37.88839848780401], [28.192112943085732, 37.88839848780401], [28.192112943085732, 37.887859498633546], [28.193729910597142, 37.887859498633546], [28.193729910597142, 37.88732050946307], [28.1948078889381, 37.88732050946307], [28.1948078889381, 37.8867815202926]]]}, "id": "+386270+85554", "properties": {"area_ha": 3.685283776892224, "count": 13, "label": 1, "mean_dnbr": 0.2926640753750697}}, {"type": "Feature", "geometry": {"geodesic": false, "type": "Polygon", "coordinates": [[[28.19426889976762, 37.875462747712696], [28.196963845619962, 37.875462747712696], [28.196963845619962, 37.87654072605363], [28.1948078889381, 37.87654072605363], [28.1948078889381, 37.877079715224106], [28.19426889976762, 37.877079715224106], [28.19426889976762, 37.875462747712696]]]}, "id": "+386272+85575", "properties": {"area_ha": 3.1187975609821743, "count": 11, "label": 1, "mean_dnbr": 0.2596538518610819}}, {"type": "Feature", "geometry": {"geodesic": false, "type": "Polygon", "coordinates": [[[28.1948078889381, 38.50500209882365], [28.19804182396092, 38.50500209882365], [28.19804182396092, 38.5060800771646], [28.19911980230185, 38.5060800771646], [28.19911980230185, 38.50661906633507], [28.19804182396092, 38.50661906633507], [28.19804182396092, 38.5060800771646], [28.1948078889381, 38.5060800771646], [28.1948078889381, 38.50500209882365]]]}, "id": "+386274+84407", "properties": {"area_ha": 3.9352225662853875, "count": 14, "label": 1, "mean_dnbr": 0.18994768569804438}}, {"type": "Feature", "geometry": {"geodesic": false, "type": "Polygon", "coordinates": [[[28.195346878108552, 37.88085263941741], [28.19804182396092, 37.88085263941741], [28.19804182396092, 37.881391628587885], [28.1985808131314, 37.881391628587885], [28.1985808131314, 37.88193061775836], [28.19911980230185, 37.88193061775836], [28.19911980230185, 37.88246960692882], [28.19965879147233, 37.88246960692882], [28.19965879147233, 37.883008596099295], [28.20073676981329, 37.883008596099295], [28.20073676981329, 37.88354758526977], [28.19965879147233, 37.88354758526977], [28.19965879147233, 37.88408657444024], [28.19911980230185, 37.88408657444024], [28.19911980230185, 37.883008596099295], [28.1985808131314, 37.883008596099295], [28.1985808131314, 37.88354758526977], [28.19750283479044, 37.88354758526977], [28.19750283479044, 37.883008596099295], [28.196963845619962, 37.883008596099295], [28.196963845619962, 37.88193061775836], [28.19750283479044, 37.88193061775836], [28.19750283479044, 37.881391628587885], [28.195346878108552, 37.881391628587885], [28.195346878108552, 37.88085263941741]]]}, "id": "+386274+85565", "properties": {"area_ha": 6.2370711068516504, "count": 22, "label": 1, "mean_dnbr": 0.27737169378650894}}, {"type": "Feature", "geometry": {"geodesic": false, "type": "Polygon", "coordinates": [[[28.19965879147233, 38.09537032926515], [28.20019778064281, 38.09537032926515], [28.20019778064281, 38.09590931843562], [28.20073676981329, 38.09590931843562], [28.20073676981329, 38.096448307606096], [28.19965879147233, 38.096448307606096], [28.19965879147233, 38.09752628594704], [28.20019778064281, 38.09752628594704], [28.20019778064281, 38.09806527511751], [28.19965879147233, 38.09806527511751], [28.19965879147233, 38.09752628594704], [28.19911980230185, 38.09752628594704], [28.19911980230185, 38.09698729677657], [28.1985808131314, 38.09698729677657], [28.1985808131314, 38.096448307606096], [28.19804182396092, 38.096448307606096], [28.19804182396092, 38.09590931843562], [28.1985808131314, 38.09590931843562], [28.1985808131314, 38.09537032926515], [28.19911980230185, 38.09537032926515], [28.19911980230185, 38.09590931843562], [28.19965879147233, 38.09590931843562], [28.19965879147233, 38.09537032926515]]]}, "id": "+386278+85167", "properties": {"area_ha": 3.109452344806059, "count": 11, "label": 1, "mean_dnbr": 0.1605167030700544}}, {"type": "Feature", "geometry": {"geodesic": false, "type": "Polygon", "coordinates": [[[28.19965879147233, 37.87869668273552], [28.20181474815422, 37.87869668273552], [28.20181474815422, 37.879235671905995], [28.2023537373247, 37.879235671905995], [28.2023537373247, 37.87977466107647], [28.20127575898374, 37.87977466107647], [28.20127575898374, 37.88085263941741], [28.19965879147233, 37.88085263941741], [28.19965879147233, 37.87869668273552]]]}, "id": "+386281+85569", "properties": {"area_ha": 4.252702939405019, "count": 15, "label": 1, "mean_dnbr": 0.33548028556437176}}, {"type": "Feature", "geometry": {"geodesic": false, "type": "Polygon", "coordinates": [[[28.20073676981329, 37.893788379508734], [28.2023537373247, 37.893788379508734], [28.2023537373247, 37.8943273686792], [28.20289272649515, 37.8943273686792], [28.20289272649515, 37.89486635784967], [28.20181474815422, 37.89486635784967], [28.20181474815422, 37.895405347020144], [28.20127575898374, 37.895405347020144], [28.20127575898374, 37.89594433619062], [28.20289272649515, 37.89594433619062], [28.20289272649515, 37.89702231453156], [28.20343171566563, 37.89702231453156], [28.20343171566563, 37.897561303702034], [28.20397070483611, 37.897561303702034], [28.20397070483611, 37.89702231453156], [28.20504868317704, 37.89702231453156], [28.20504868317704, 37.89648332536109], [28.20558767234752, 37.89648332536109], [28.20558767234752, 37.89594433619062], [28.206126661518, 37.89594433619062], [28.206126661518, 37.89702231453156], [28.20504868317704, 37.89702231453156], [28.20504868317704, 37.897561303702034], [28.20558767234752, 37.897561303702034], [28.20558767234752, 37.898100292872506], [28.20504868317704, 37.898100292872506], [28.20504868317704, 37.89863928204298], [28.20289272649515, 37.89863928204298], [28.20289272649515, 37.898100292872506], [28.20343171566563, 37.898100292872506], [28.20343171566563, 37.897561303702034], [28.2023537373247, 37.897561303702034], [28.2023537373247, 37.89702231453156], [28.20181474815422, 37.89702231453156], [28.20181474815422, 37.89648332536109], [28.19965879147233, 37.89648332536109], [28.19965879147233, 37.895405347020144], [28.19911980230185, 37.895405347020144], [28.19911980230185, 37.8943273686792], [28.19965879147233, 37.8943273686792], [28.19965879147233, 37.893788379508734], [28.20019778064281, 37.893788379508734], [28.20019778064281, 37.8943273686792], [28.20073676981329, 37.8943273686792], [28.20073676981329, 37.893788379508734]]]}, "id": "+386282+85541", "properties": {"area_ha": 11.904934335886415, "count": 42, "label": 1, "mean_dnbr": 0.33891507129621556}}, {"type": "Feature", "geometry": {"geodesic": false, "type": "Polygon", "coordinates": [[[28.20127575898374, 37.854442170064296], [28.2023537373247, 37.854442170064296], [28.2023537373247, 37.85498115923477], [28.20289272649515, 37.85498115923477], [28.20289272649515, 37.85605913757571], [28.20450969400659, 37.85605913757571], [28.20450969400659, 37.856598126746185], [28.20504868317704, 37.856598126746185], [28.20504868317704, 37.85713711591666], [28.20666565068848, 37.85713711591666], [28.20666565068848, 37.85767610508713], [28.206126661518, 37.85767610508713], [28.206126661518, 37.85929307259854], [28.20558767234752, 37.85929307259854], [28.20558767234752, 37.85983206176901], [28.20504868317704, 37.85983206176901], [28.20504868317704, 37.85875408342807], [28.20289272649515, 37.85875408342807], [28.20289272649515, 37.85929307259854], [28.20181474815422, 37.85929307259854], [28.20181474815422, 37.858215094257595], [28.20397070483611, 37.858215094257595], [28.20397070483611, 37.85713711591666], [28.20289272649515, 37.85713711591666], [28.20289272649515, 37.856598126746185], [28.2023537373247, 37.856598126746185], [28.2023537373247, 37.85605913757571], [28.20127575898374, 37.85605913757571], [28.20127575898374, 37.854442170064296]]]}, "id": "+386282+85614", "properties": {"area_ha": 10.776790821970136, "count": 38, "label": 1, "mean_dnbr": 0.22035068444307024}}, {"type": "Feature", "geometry": {"geodesic": false, "type": "Polygon", "coordinates": [[[28.2023537373247, 38.53626347071101], [28.20289272649515, 38.53626347071101], [28.20289272649515, 38.536802459881486], [28.20343171566563, 38.536802459881486], [28.20343171566563, 38.53734144905196], [28.206126661518, 38.53734144905196], [28.206126661518, 38.5384194273929], [28.20450969400659, 38.5384194273929], [28.20450969400659, 38.538958416563375], [28.20397070483611, 38.538958416563375], [28.20397070483611, 38.53949740573384], [28.20289272649515, 38.53949740573384], [28.20289272649515, 38.54003639490431], [28.2023537373247, 38.54003639490431], [28.2023537373247, 38.540575384074785], [28.20127575898374, 38.540575384074785], [28.20127575898374, 38.53949740573384], [28.2023537373247, 38.53949740573384], [28.2023537373247, 38.538958416563375], [28.20289272649515, 38.538958416563375], [28.20289272649515, 38.5384194273929], [28.2023537373247, 38.5384194273929], [28.2023537373247, 38.53788043822243], [28.20181474815422, 38.53788043822243], [28.20181474815422, 38.53734144905196], [28.2023537373247, 38.53734144905196], [28.2023537373247, 38.53626347071101]]]}, "id": "+386283+84349", "properties": {"area_ha": 8.147820358922363, "count": 29, "label": 1, "mean_dnbr": 0.35955120581744837}}, {"type": "Feature", "geometry": {"geodesic": false, "type": "Polygon", "coordinates": [[[28.20504868317704, 37.88893747697448], [28.20666565068848, 37.88893747697448], [28.20666565068848, 37.889476466144956], [28.20720463985893, 37.889476466144956], [28.20720463985893, 37.89109343365637], [28.206126661518, 37.89109343365637], [28.206126661518, 37.8905544444859], [28.20504868317704, 37.8905544444859], [28.20504868317704, 37.89001545531543], [28.20450969400659, 37.89001545531543], [28.20450969400659, 37.889476466144956], [28.20504868317704, 37.889476466144956], [28.20504868317704, 37.88893747697448]]]}, "id": "+386290+85550", "properties": {"area_ha": 3.968638484885489, "count": 14, "label": 1, "mean_dnbr": 0.34815283403198766}}, {"type": "Feature", "geometry": {"geodesic": false, "type": "Polygon", "coordinates": [[[28.20720463985893, 38.61441690042941], [28.20882160737034, 38.61441690042941], [28.20882160737034, 38.61603386794083], [28.20828261819989, 38.61603386794083], [28.20828261819989, 38.6165728571113], [28.20720463985893, 38.6165728571113], [28.20720463985893, 38.615494878770356], [28.206126661518, 38.615494878770356], [28.206126661518, 38.614955889599884], [28.20720463985893, 38.614955889599884], [28.20720463985893, 38.61441690042941]]]}, "id": "+386294+84204", "properties": {"area_ha": 3.6485586142292368, "count": 13, "label": 1, "mean_dnbr": 0.3557635637075026}}, {"type": "Feature", "geometry": {"geodesic": false, "type": "Polygon", "coordinates": [[[28.20666565068848, 38.51039199052837], [28.20936059654082, 38.51039199052837], [28.20936059654082, 38.512008958039786], [28.20882160737034, 38.512008958039786], [28.20882160737034, 38.51254794721026], [28.20774362902941, 38.51254794721026], [28.20774362902941, 38.512008958039786], [28.206126661518, 38.512008958039786], [28.206126661518, 38.51093097969884], [28.20666565068848, 38.51093097969884], [28.20666565068848, 38.51039199052837]]]}, "id": "+386295+84397", "properties": {"area_ha": 5.3402278595422255, "count": 19, "label": 1, "mean_dnbr": 0.5448860149597493}}, {"type": "Feature", "geometry": {"geodesic": false, "type": "Polygon", "coordinates": [[[28.20828261819989, 38.56429090757554], [28.210438574881778, 38.56429090757554], [28.210438574881778, 38.56590787508696], [28.209899585711298, 38.56590787508696], [28.209899585711298, 38.567524842598374], [28.20936059654082, 38.567524842598374], [28.20936059654082, 38.5669858534279], [28.20882160737034, 38.5669858534279], [28.20882160737034, 38.56644686425743], [28.20774362902941, 38.56644686425743], [28.20774362902941, 38.56590787508696], [28.20882160737034, 38.56590787508696], [28.20882160737034, 38.565368885916484], [28.20828261819989, 38.565368885916484], [28.20828261819989, 38.56429090757554]]]}, "id": "+386297+84297", "properties": {"area_ha": 5.055350676362324, "count": 18, "label": 1, "mean_dnbr": 0.3493964996749166}}, {"type": "Feature", "geometry": {"geodesic": false, "type": "Polygon", "coordinates": [[[28.20936059654082, 37.87384578020128], [28.21097756405223, 37.87384578020128], [28.21097756405223, 37.874923758542224], [28.209899585711298, 37.874923758542224], [28.209899585711298, 37.875462747712696], [28.21097756405223, 37.875462747712696], [28.21097756405223, 37.87600173688317], [28.209899585711298, 37.87600173688317], [28.209899585711298, 37.87654072605363], [28.20882160737034, 37.87654072605363], [28.20882160737034, 37.87600173688317], [28.20936059654082, 37.87600173688317], [28.20936059654082, 37.87384578020128]]]}, "id": "+386298+85578", "properties": {"area_ha": 3.402375255001174, "count": 12, "label": 1, "mean_dnbr": 0.31581633950820254}}, {"type": "Feature", "geometry": {"geodesic": false, "type": "Polygon", "coordinates": [[[28.21097756405223, 37.87761870439458], [28.211516553222708, 37.87761870439458], [28.211516553222708, 37.87977466107647], [28.210438574881778, 37.87977466107647], [28.210438574881778, 37.88031365024694], [28.21097756405223, 37.88031365024694], [28.21097756405223, 37.88085263941741], [28.211516553222708, 37.88085263941741], [28.211516553222708, 37.88246960692882], [28.209899585711298, 37.88246960692882], [28.209899585711298, 37.88193061775836], [28.20882160737034, 37.88193061775836], [28.20882160737034, 37.881391628587885], [28.20936059654082, 37.881391628587885], [28.20936059654082, 37.88085263941741], [28.209899585711298, 37.88085263941741], [28.209899585711298, 37.87977466107647], [28.20882160737034, 37.87977466107647], [28.20882160737034, 37.879235671905995], [28.209899585711298, 37.879235671905995], [28.209899585711298, 37.87869668273552], [28.210438574881778, 37.87869668273552], [28.210438574881778, 37.87815769356505], [28.21097756405223, 37.87815769356505], [28.21097756405223, 37.87761870439458]]]}, "id": "+386299+85571", "properties": {"area_ha": 7.371292080754364, "count": 26, "label": 1, "mean_dnbr": 0.33550719144713814}}, {"type": "Feature", "geometry": {"geodesic": false, "type": "Polygon", "coordinates": [[[28.210438574881778, 38.590701376928656], [28.213133520734118, 38.590701376928656], [28.213133520734118, 38.59124036609913], [28.213672509904598, 38.59124036609913], [28.213672509904598, 38.59231834444007], [28.210438574881778, 38.59231834444007], [28.210438574881778, 38.590701376928656]]]}, "id": "+386302+84248", "properties": {"area_ha": 4.772790107016845, "count": 17, "label": 1, "mean_dnbr": 0.20710263196836862}}, {"type": "Feature", "geometry": {"geodesic": false, "type": "Polygon", "coordinates": [[[28.212594531563667, 38.54327032992715], [28.213133520734118, 38.54327032992715], [28.213133520734118, 38.54380931909762], [28.213672509904598, 38.54380931909762], [28.213672509904598, 38.54434830826809], [28.215289477416007, 38.54434830826809], [28.215289477416007, 38.546504264949974], [28.214750488245528, 38.546504264949974], [28.214750488245528, 38.54758224329092], [28.214211499075077, 38.54758224329092], [28.214211499075077, 38.54812123246139], [28.213133520734118, 38.54812123246139], [28.213133520734118, 38.54758224329092], [28.212594531563667, 38.54758224329092], [28.212594531563667, 38.54812123246139], [28.212055542393188, 38.54812123246139], [28.212055542393188, 38.54758224329092], [28.211516553222708, 38.54758224329092], [28.211516553222708, 38.54542628660903], [28.212055542393188, 38.54542628660903], [28.212055542393188, 38.54434830826809], [28.212594531563667, 38.54434830826809], [28.212594531563667, 38.54327032992715]]]}, "id": "+386302+84336", "properties": {"area_ha": 12.360916959296617, "count": 44, "label": 1, "mean_dnbr": 0.5206660697960954}}, {"type": "Feature", "geometry": {"geodesic": false, "type": "Polygon", "coordinates": [[[28.213133520734118, 38.499073217948464], [28.213672509904598, 38.499073217948464], [28.213672509904598, 38.50015119628941], [28.213133520734118, 38.50015119628941], [28.213133520734118, 38.50069018545988], [28.212594531563667, 38.50069018545988], [28.212594531563667, 38.50015119628941], [28.212055542393188, 38.50015119628941], [28.212055542393188, 38.499612207118936], [28.211516553222708, 38.499612207118936], [28.211516553222708, 38.50122917463035], [28.20882160737034, 38.50122917463035], [28.20882160737034, 38.50015119628941], [28.210438574881778, 38.50015119628941], [28.210438574881778, 38.499612207118936], [28.21097756405223, 38.499612207118936], [28.21097756405223, 38.499073217948464], [28.212055542393188, 38.499073217948464], [28.212055542393188, 38.499612207118936], [28.213133520734118, 38.499612207118936], [28.213133520734118, 38.499073217948464]]]}, "id": "+386303+84418", "properties": {"area_ha": 5.341069104171848, "count": 19, "label": 1, "mean_dnbr": 0.3542000086805934}}, {"type": "Feature", "geometry": {"geodesic": false, "type": "Polygon", "coordinates": [[[28.213672509904598, 37.86522195347373], [28.214211499075077, 37.86522195347373], [28.214211499075077, 37.8657609426442], [28.213672509904598, 37.8657609426442], [28.213672509904598, 37.86629993181467], [28.212594531563667, 37.86629993181467], [28.212594531563667, 37.866838920985145], [28.213133520734118, 37.866838920985145], [28.213133520734118, 37.86737791015562], [28.212594531563667, 37.86737791015562], [28.212594531563667, 37.868994877667035], [28.211516553222708, 37.868994877667035], [28.211516553222708, 37.86845588849656], [28.210438574881778, 37.86845588849656], [28.210438574881778, 37.86791689932609], [28.21097756405223, 37.86791689932609], [28.21097756405223, 37.86737791015562], [28.211516553222708, 37.86737791015562], [28.211516553222708, 37.8657609426442], [28.212055542393188, 37.8657609426442], [28.212055542393188, 37.86522195347373], [28.213133520734118, 37.86522195347373], [28.213133520734118, 37.8657609426442], [28.213672509904598, 37.8657609426442], [28.213672509904598, 37.86522195347373]]]}, "id": "+386304+85594", "properties": {"area_ha": 5.954810551229342, "count": 21, "label": 1, "mean_dnbr": 0.24571686237425955}}, {"type": "Feature", "geometry": {"geodesic": false, "type": "Polygon", "coordinates": [[[28.213672509904598, 37.85983206176901], [28.215828466586487, 37.85983206176901], [28.215828466586487, 37.860371050939484], [28.215289477416007, 37.860371050939484], [28.215289477416007, 37.86144902928043], [28.214750488245528, 37.86144902928043], [28.214750488245528, 37.8619880184509], [28.213133520734118, 37.8619880184509], [28.213133520734118, 37.86144902928043], [28.213672509904598, 37.86144902928043], [28.213672509904598, 37.85983206176901]]]}, "id": "+386307+85604", "properties": {"area_ha": 3.6866172209290076, "count": 13, "label": 1, "mean_dnbr": 0.4343369575529962}}, {"type": "Feature", "geometry": {"geodesic": false, "type": "Polygon", "coordinates": [[[28.213133520734118, 38.55997899421177], [28.216906444927417, 38.55997899421177], [28.216906444927417, 38.56051798338224], [28.217984423268376, 38.56051798338224], [28.217984423268376, 38.56213495089366], [28.217445434097897, 38.56213495089366], [28.217445434097897, 38.56267394006413], [28.217984423268376, 38.56267394006413], [28.217984423268376, 38.5632129292346], [28.217445434097897, 38.5632129292346], [28.217445434097897, 38.56375191840507], [28.215828466586487, 38.56375191840507], [28.215828466586487, 38.56267394006413], [28.215289477416007, 38.56267394006413], [28.215289477416007, 38.5632129292346], [28.213672509904598, 38.5632129292346], [28.213672509904598, 38.56213495089366], [28.213133520734118, 38.56213495089366], [28.213133520734118, 38.55997899421177]], [[28.215289477416007, 38.56213495089366], [28.215289477416007, 38.56267394006413], [28.214750488245528, 38.56267394006413], [28.214750488245528, 38.56213495089366], [28.215289477416007, 38.56213495089366]]]}, "id": "+386309+84305", "properties": {"area_ha": 14.0433985161764, "count": 50, "label": 1, "mean_dnbr": 0.21628066255517553}}, {"type": "Feature", "geometry": {"geodesic": false, "type": "Polygon", "coordinates": [[[28.215289477416007, 37.85336419172335], [28.216906444927417, 37.85336419172335], [28.216906444927417, 37.85552014840524], [28.218523412438856, 37.85552014840524], [28.218523412438856, 37.85605913757571], [28.220679369120717, 37.85605913757571], [28.220679369120717, 37.85767610508713], [28.220140379950266, 37.85767610508713], [28.220140379950266, 37.85983206176901], [28.217445434097897, 37.85983206176901], [28.217445434097897, 37.85929307259854], [28.216906444927417, 37.85929307259854], [28.216906444927417, 37.85875408342807], [28.216367455756966, 37.85875408342807], [28.216367455756966, 37.858215094257595], [28.215289477416007, 37.858215094257595], [28.215289477416007, 37.85767610508713], [28.215828466586487, 37.85767610508713], [28.215828466586487, 37.85713711591666], [28.214750488245528, 37.85713711591666], [28.214750488245528, 37.856598126746185], [28.214211499075077, 37.856598126746185], [28.214211499075077, 37.85605913757571], [28.214750488245528, 37.85605913757571], [28.214750488245528, 37.854442170064296], [28.215289477416007, 37.854442170064296], [28.215289477416007, 37.85336419172335]]]}, "id": "+386309+85616", "properties": {"area_ha": 22.688106023138218, "count": 80, "label": 1, "mean_dnbr": 0.49073960528152305}}, {"type": "Feature", "geometry": {"geodesic": false, "type": "Polygon", "coordinates": [[[28.221757347461676, 38.22364975183742], [28.222296336632155, 38.22364975183742], [28.222296336632155, 38.22526671934884], [28.222835325802606, 38.22526671934884], [28.222835325802606, 38.226344697689775], [28.222296336632155, 38.226344697689775], [28.222296336632155, 38.22688368686025], [28.221218358291196, 38.22688368686025], [28.221218358291196, 38.22742267603072], [28.220679369120717, 38.22742267603072], [28.220679369120717, 38.228500654371665], [28.220140379950266, 38.228500654371665], [28.220140379950266, 38.22526671934884], [28.219601390779786, 38.22526671934884], [28.219601390779786, 38.224727730178365], [28.220140379950266, 38.224727730178365], [28.220140379950266, 38.22418874100789], [28.220679369120717, 38.22418874100789], [28.220679369120717, 38.22526671934884], [28.221757347461676, 38.22526671934884], [28.221757347461676, 38.22364975183742]]]}, "id": "+386319+84929", "properties": {"area_ha": 6.7722177020796375, "count": 24, "label": 1, "mean_dnbr": 0.45680429664963174}}, {"type": "Feature", "geometry": {"geodesic": false, "type": "Polygon", "coordinates": [[[28.224452293314044, 37.881391628587885], [28.226069260825454, 37.881391628587885], [28.226069260825454, 37.88246960692882], [28.224991282484496, 37.88246960692882], [28.224991282484496, 37.88408657444024], [28.225530271654975, 37.88408657444024], [28.225530271654975, 37.88462556361071], [28.222835325802606, 37.88462556361071], [28.222835325802606, 37.88354758526977], [28.223913304143565, 37.88354758526977], [28.223913304143565, 37.88246960692882], [28.224991282484496, 37.88246960692882], [28.224991282484496, 37.88193061775836], [28.224452293314044, 37.88193061775836], [28.224452293314044, 37.881391628587885]]]}, "id": "+386326+85564", "properties": {"area_ha": 5.103010196125495, "count": 18, "label": 1, "mean_dnbr": 0.323924050295922}}, {"type": "Feature", "geometry": {"geodesic": false, "type": "Polygon", "coordinates": [[[28.225530271654975, 37.87869668273552], [28.227147239166385, 37.87869668273552], [28.227147239166385, 37.879235671905995], [28.226608249995905, 37.879235671905995], [28.226608249995905, 37.88031365024694], [28.228225217507344, 37.88031365024694], [28.228225217507344, 37.87977466107647], [28.229303195848274, 37.87977466107647], [28.229303195848274, 37.88031365024694], [28.229842185018754, 37.88031365024694], [28.229842185018754, 37.881391628587885], [28.228764206677795, 37.881391628587885], [28.228764206677795, 37.88193061775836], [28.228225217507344, 37.88193061775836], [28.228225217507344, 37.88246960692882], [28.227686228336864, 37.88246960692882], [28.227686228336864, 37.88193061775836], [28.227147239166385, 37.88193061775836], [28.227147239166385, 37.881391628587885], [28.226608249995905, 37.881391628587885], [28.226608249995905, 37.88085263941741], [28.226069260825454, 37.88085263941741], [28.226069260825454, 37.88031365024694], [28.222835325802606, 37.88031365024694], [28.222835325802606, 37.87977466107647], [28.223374314973086, 37.87977466107647], [28.223374314973086, 37.879235671905995], [28.224452293314044, 37.879235671905995], [28.224452293314044, 37.87977466107647], [28.224991282484496, 37.87977466107647], [28.224991282484496, 37.879235671905995], [28.225530271654975, 37.879235671905995], [28.225530271654975, 37.87869668273552]]]}, "id": "+386328+85569", "properties": {"area_ha": 9.639393526043172, "count": 34, "label": 1, "mean_dnbr": 0.3448181192883564}}, {"type": "Feature", "geometry": {"geodesic": false, "type": "Polygon", "coordinates": [[[28.226608249995905, 38.48020859698195], [28.227686228336864, 38.48020859698195], [28.227686228336864, 38.480747586152425], [28.226608249995905, 38.480747586152425], [28.226608249995905, 38.48182556449337], [28.228225217507344, 38.48182556449337], [28.228225217507344, 38.48236455366384], [28.228764206677795, 38.48236455366384], [28.228764206677795, 38.482903542834315], [28.227686228336864, 38.482903542834315], [28.227686228336864, 38.48344253200479], [28.227147239166385, 38.48344253200479], [28.227147239166385, 38.482903542834315], [28.226608249995905, 38.482903542834315], [28.226608249995905, 38.48236455366384], [28.226069260825454, 38.48236455366384], [28.226069260825454, 38.480747586152425], [28.226608249995905, 38.480747586152425], [28.226608249995905, 38.48020859698195]]]}, "id": "+386329+84453", "properties": {"area_ha": 3.655334831053196, "count": 13, "label": 1, "mean_dnbr": 0.1820546459239941}}, {"type": "Feature", "geometry": {"geodesic": false, "type": "Polygon", "coordinates": [[[28.227686228336864, 38.55458910250705], [28.228225217507344, 38.55458910250705], [28.228225217507344, 38.555128091677524], [28.230381174189233, 38.555128091677524], [28.230381174189233, 38.555667080847996], [28.231459152530164, 38.555667080847996], [28.231459152530164, 38.55782303752988], [28.230920163359684, 38.55782303752988], [28.230920163359684, 38.56051798338224], [28.228225217507344, 38.56051798338224], [28.228225217507344, 38.55997899421177], [28.227147239166385, 38.55997899421177], [28.227147239166385, 38.55782303752988], [28.227686228336864, 38.55782303752988], [28.227686228336864, 38.55458910250705]]]}, "id": "+386330+84315", "properties": {"area_ha": 18.819219069773457, "count": 67, "label": 1, "mean_dnbr": 0.39922354942422833}}, {"type": "Feature", "geometry": {"geodesic": false, "type": "Polygon", "coordinates": [[[28.227686228336864, 38.5211717739378], [28.229303195848274, 38.5211717739378], [28.229303195848274, 38.52278874144922], [28.227686228336864, 38.52278874144922], [28.227686228336864, 38.52332773061969], [28.227147239166385, 38.52332773061969], [28.227147239166385, 38.52386671979016], [28.226069260825454, 38.52386671979016], [28.226069260825454, 38.52548368730158], [28.225530271654975, 38.52548368730158], [28.225530271654975, 38.524405708960636], [28.224991282484496, 38.524405708960636], [28.224991282484496, 38.52386671979016], [28.224452293314044, 38.52386671979016], [28.224452293314044, 38.52332773061969], [28.224991282484496, 38.52332773061969], [28.224991282484496, 38.52278874144922], [28.226069260825454, 38.52278874144922], [28.226069260825454, 38.522249752278746], [28.227686228336864, 38.522249752278746], [28.227686228336864, 38.5211717739378]]]}, "id": "+386332+84377", "properties": {"area_ha": 7.306512150256418, "count": 26, "label": 1, "mean_dnbr": 0.24957530223767443}}, {"type": "Feature", "geometry": {"geodesic": false, "type": "Polygon", "coordinates": [[[28.231459152530164, 38.57453170181451], [28.231998141700643, 38.57453170181451], [28.231998141700643, 38.57614866932592], [28.233076120041574, 38.57614866932592], [28.233076120041574, 38.57668765849639], [28.229303195848274, 38.57668765849639], [28.229303195848274, 38.57507069098498], [28.229842185018754, 38.57507069098498], [28.229842185018754, 38.575609680155445], [28.231459152530164, 38.575609680155445], [28.231459152530164, 38.57453170181451]]]}, "id": "+386337+84278", "properties": {"area_ha": 4.21222193620449, "count": 15, "label": 1, "mean_dnbr": 0.29706354521513967}}, {"type": "Feature", "geometry": {"geodesic": false, "type": "Polygon", "coordinates": [[[28.230381174189233, 38.47859162947054], [28.232537130871094, 38.47859162947054], [28.232537130871094, 38.47913061864101], [28.233615109212053, 38.47913061864101], [28.233615109212053, 38.48020859698195], [28.233076120041574, 38.48020859698195], [28.233076120041574, 38.480747586152425], [28.234693087552984, 38.480747586152425], [28.234693087552984, 38.4812865753229], [28.235232076723463, 38.4812865753229], [28.235232076723463, 38.48182556449337], [28.231998141700643, 38.48182556449337], [28.231998141700643, 38.4812865753229], [28.230381174189233, 38.4812865753229], [28.230381174189233, 38.47859162947054]]]}, "id": "+386338+84456", "properties": {"area_ha": 9.841531565561588, "count": 35, "label": 1, "mean_dnbr": 0.2672985157235879}}, {"type": "Feature", "geometry": {"geodesic": false, "type": "Polygon", "coordinates": [[[28.233076120041574, 38.50715805550554], [28.233615109212053, 38.50715805550554], [28.233615109212053, 38.50823603384649], [28.234693087552984, 38.50823603384649], [28.234693087552984, 38.507697044676014], [28.235232076723463, 38.507697044676014], [28.235232076723463, 38.509314012187424], [28.233615109212053, 38.509314012187424], [28.233615109212053, 38.50877502301696], [28.232537130871094, 38.50877502301696], [28.232537130871094, 38.509314012187424], [28.228764206677795, 38.509314012187424], [28.228764206677795, 38.50877502301696], [28.230920163359684, 38.50877502301696], [28.230920163359684, 38.50823603384649], [28.231998141700643, 38.50823603384649], [28.231998141700643, 38.507697044676014], [28.233076120041574, 38.507697044676014], [28.233076120041574, 38.50715805550554]]]}, "id": "+386340+84403", "properties": {"area_ha": 6.464775242045676, "count": 23, "label": 1, "mean_dnbr": 0.2555841659937487}}, {"type": "Feature", "geometry": {"geodesic": false, "type": "Polygon", "coordinates": [[[28.233076120041574, 37.89324939033826], [28.234154098382533, 37.89324939033826], [28.234154098382533, 37.895405347020144], [28.231998141700643, 37.895405347020144], [28.231998141700643, 37.893788379508734], [28.233076120041574, 37.893788379508734], [28.233076120041574, 37.89324939033826]]]}, "id": "+386341+85542", "properties": {"area_ha": 3.9684021529189413, "count": 14, "label": 1, "mean_dnbr": 0.33956384533038225}}, {"type": "Feature", "geometry": {"geodesic": false, "type": "Polygon", "coordinates": [[[28.233615109212053, 37.88462556361071], [28.234154098382533, 37.88462556361071], [28.234154098382533, 37.885164552781184], [28.235232076723463, 37.885164552781184], [28.235232076723463, 37.885703541951656], [28.234693087552984, 37.885703541951656], [28.234693087552984, 37.88624253112213], [28.235232076723463, 37.88624253112213], [28.235232076723463, 37.8867815202926], [28.234693087552984, 37.8867815202926], [28.234693087552984, 37.887859498633546], [28.234154098382533, 37.887859498633546], [28.234154098382533, 37.88732050946307], [28.233615109212053, 37.88732050946307], [28.233615109212053, 37.887859498633546], [28.231998141700643, 37.887859498633546], [28.231998141700643, 37.88732050946307], [28.232537130871094, 37.88732050946307], [28.232537130871094, 37.8867815202926], [28.233076120041574, 37.8867815202926], [28.233076120041574, 37.885703541951656], [28.232537130871094, 37.885703541951656], [28.232537130871094, 37.885164552781184], [28.233076120041574, 37.885164552781184], [28.233076120041574, 37.885703541951656], [28.233615109212053, 37.885703541951656], [28.233615109212053, 37.88462556361071]]]}, "id": "+386341+85558", "properties": {"area_ha": 5.669755345606889, "count": 20, "label": 1, "mean_dnbr": 0.35876276878320745}}, {"type": "Feature", "geometry": {"geodesic": false, "type": "Polygon", "coordinates": [[[28.235232076723463, 38.499612207118936], [28.237927022575832, 38.499612207118936], [28.237927022575832, 38.50015119628941], [28.236310055064422, 38.50015119628941], [28.236310055064422, 38.50069018545988], [28.235771065893942, 38.50069018545988], [28.235771065893942, 38.50122917463035], [28.235232076723463, 38.50122917463035], [28.235232076723463, 38.50069018545988], [28.234693087552984, 38.50069018545988], [28.234693087552984, 38.50122917463035], [28.233076120041574, 38.50122917463035], [28.233076120041574, 38.50069018545988], [28.233615109212053, 38.50069018545988], [28.233615109212053, 38.50015119628941], [28.235232076723463, 38.50015119628941], [28.235232076723463, 38.499612207118936]]]}, "id": "+386348+84417", "properties": {"area_ha": 3.93550045530166, "count": 14, "label": 1, "mean_dnbr": 0.25655298628931034}}, {"type": "Feature", "geometry": {"geodesic": false, "type": "Polygon", "coordinates": [[[28.24008297925772, 37.88893747697448], [28.240621968428172, 37.88893747697448], [28.240621968428172, 37.889476466144956], [28.24223893593961, 37.889476466144956], [28.24223893593961, 37.89001545531543], [28.24277792511006, 37.89001545531543], [28.24277792511006, 37.89109343365637], [28.24223893593961, 37.89109343365637], [28.24223893593961, 37.8905544444859], [28.24008297925772, 37.8905544444859], [28.24008297925772, 37.88893747697448]]]}, "id": "+386353+85550", "properties": {"area_ha": 3.118216559873707, "count": 11, "label": 1, "mean_dnbr": 0.32763860220784735}}, {"type": "Feature", "geometry": {"geodesic": false, "type": "Polygon", "coordinates": [[[28.24277792511006, 38.20640209838233], [28.24331691428054, 38.20640209838233], [28.24331691428054, 38.2069410875528], [28.24385590345102, 38.2069410875528], [28.24385590345102, 38.20748007672327], [28.24439489262147, 38.20748007672327], [28.24439489262147, 38.20855805506421], [28.24493388179195, 38.20855805506421], [28.24493388179195, 38.20909704423468], [28.24547287096243, 38.20909704423468], [28.24547287096243, 38.209636033405154], [28.24331691428054, 38.209636033405154], [28.24331691428054, 38.20855805506421], [28.24277792511006, 38.20855805506421], [28.24277792511006, 38.20640209838233]]]}, "id": "+386358+84961", "properties": {"area_ha": 4.515911531289707, "count": 16, "label": 1, "mean_dnbr": 0.32092846081809207}}, {"type": "Feature", "geometry": {"geodesic": false, "type": "Polygon", "coordinates": [[[28.24601186013291, 37.8905544444859], [28.24708983847384, 37.8905544444859], [28.24708983847384, 37.89109343365637], [28.2481678168148, 37.89109343365637], [28.2481678168148, 37.891632422826845], [28.24870680598525, 37.891632422826845], [28.24870680598525, 37.89217141199732], [28.24762882764432, 37.89217141199732], [28.24762882764432, 37.891632422826845], [28.24708983847384, 37.891632422826845], [28.24708983847384, 37.89217141199732], [28.24493388179195, 37.89217141199732], [28.24493388179195, 37.891632422826845], [28.24601186013291, 37.891632422826845], [28.24601186013291, 37.8905544444859]]]}, "id": "+386365+85547", "properties": {"area_ha": 3.4016223062860838, "count": 12, "label": 1, "mean_dnbr": 0.35855244228240946}}, {"type": "Feature", "geometry": {"geodesic": false, "type": "Polygon", "coordinates": [[[28.25355770851951, 38.50069018545988], [28.25463568686044, 38.50069018545988], [28.25463568686044, 38.50122917463035], [28.25517467603092, 38.50122917463035], [28.25517467603092, 38.501768163800826], [28.25463568686044, 38.501768163800826], [28.25463568686044, 38.5023071529713], [28.25086276266714, 38.5023071529713], [28.25086276266714, 38.50284614214177], [28.24655084930336, 38.50284614214177], [28.24655084930336, 38.5023071529713], [28.24762882764432, 38.5023071529713], [28.24762882764432, 38.501768163800826], [28.2481678168148, 38.501768163800826], [28.2481678168148, 38.50122917463035], [28.25355770851951, 38.50122917463035], [28.25355770851951, 38.50069018545988]]]}, "id": "+386379+84415", "properties": {"area_ha": 10.11965376477673, "count": 36, "label": 1, "mean_dnbr": 0.42835688099600094}}, {"type": "Feature", "geometry": {"geodesic": false, "type": "Polygon", "coordinates": [[[28.25301871934903, 38.56429090757554], [28.25517467603092, 38.56429090757554], [28.25517467603092, 38.56482989674601], [28.25625265437185, 38.56482989674601], [28.25625265437185, 38.567524842598374], [28.25463568686044, 38.567524842598374], [28.25463568686044, 38.568063831768846], [28.25301871934903, 38.568063831768846], [28.25301871934903, 38.5669858534279], [28.25463568686044, 38.5669858534279], [28.25463568686044, 38.565368885916484], [28.254096697689988, 38.565368885916484], [28.254096697689988, 38.56482989674601], [28.25301871934903, 38.56482989674601], [28.25301871934903, 38.56429090757554]]]}, "id": "+386380+84297", "properties": {"area_ha": 7.302118717253343, "count": 26, "label": 1, "mean_dnbr": 0.3227774763794194}}]}