{"type": "FeatureCollection", "columns": {"area_ha": "Number", "count": "Long<0, 4294967295>", "label": "Byte<0, 1>", "mean_dnbr": "Object", "system:index": "String"}, "features": [{"type": "Feature", "geometry": {"geodesic": false, "type": "Polygon", "coordinates": [[[26.99986889800229, 39.53231545774274], [27.00094687634325, 39.53231545774274], [27.00094687634325, 39.53285444691321], [27.00148586551373, 39.53285444691321], [27.00148586551373, 39.533393436083685], [27.006875757218438, 39.533393436083685], [27.006875757218438, 39.53393242525416], [27.007414746388918, 39.53393242525416], [27.007414746388918, 39.53447141442462], [27.008492724729848, 39.53447141442462], [27.008492724729848, 39.53554939276557], [27.009031713900328, 39.53554939276557], [27.009031713900328, 39.53608838193604], [27.00795373555937, 39.53608838193604], [27.00795373555937, 39.53770534944746], [27.008492724729848, 39.53770534944746], [27.008492724729848, 39.53824433861793], [27.009031713900328, 39.53824433861793], [27.009031713900328, 39.5387833277884], [27.010109692241258, 39.5387833277884], [27.010109692241258, 39.539322316958874], [27.010648681411737, 39.539322316958874], [27.010648681411737, 39.539861306129346], [27.010109692241258, 39.539861306129346], [27.010109692241258, 39.54040029529981], [27.00957070307078, 39.54040029529981], [27.00957070307078, 39.541478273640756], [27.00795373555937, 39.541478273640756], [27.00795373555937, 39.540939284470284], [27.007414746388918, 39.540939284470284], [27.007414746388918, 39.54040029529981], [27.006875757218438, 39.54040029529981], [27.006875757218438, 39.539322316958874], [27.007414746388918, 39.539322316958874], [27.007414746388918, 39.53824433861793], [27.00633676804796, 39.53824433861793], [27.00633676804796, 39.53770534944746], [27.00579777887748, 39.53770534944746], [27.00579777887748, 39.537166360276984], [27.00256384385466, 39.537166360276984], [27.00256384385466, 39.53608838193604], [27.00094687634325, 39.53608838193604], [27.00094687634325, 39.535010403595095], [27.00148586551373, 39.535010403595095], [27.00148586551373, 39.53554939276557], [27.00256384385466, 39.53554939276557], [27.00256384385466, 39.53608838193604], [27.005258789707028, 39.53608838193604], [27.005258789707028, 39.53554939276557], [27.00418081136607, 39.53554939276557], [27.00418081136607, 39.535010403595095], [27.00364182219559, 39.535010403595095], [27.00364182219559, 39.53447141442462], [27.00202485468418, 39.53447141442462], [27.00202485468418, 39.53393242525416], [27.00148586551373, 39.53393242525416], [27.00148586551373, 39.533393436083685], [26.99986889800229, 39.533393436083685], [26.99986889800229, 39.53231545774274]]]}, "id": "+384053+82501", "properties": {"area_ha": 30.194925953929406, "count": 109, "label": 1, "mean_dnbr": 0.5304525930454647}}, {"type": "Feature", "geometry": {"geodesic": false, "type": "Polygon", "coordinates": [[[26.99986889800229, 39.57166166718717], [27.00310283302514, 39.57166166718717], [27.00310283302514, 39.572200656357644], [27.005258789707028, 39.572200656357644], [27.005258789707028, 39.57273964552812], [27.00094687634325, 39.57273964552812], [27.00094687634325, 39.57327863469859], [27.00364182219559, 39.57327863469859], [27.00364182219559, 39.57381762386906], [27.00310283302514, 39.57381762386906], [27.00310283302514, 39.574356613039534], [27.00256384385466, 39.574356613039534], [27.00256384385466, 39.574895602210006], [27.00202485468418, 39.574895602210006], [27.00202485468418, 39.57543459138048], [27.00148586551373, 39.57543459138048], [27.00148586551373, 39.57597358055095], [27.00094687634325, 39.57597358055095], [27.00094687634325, 39.57705155889189], [27.00040788717277, 39.57705155889189], [27.00040788717277, 39.57597358055095], [27.00094687634325, 39.57597358055095], [27.00094687634325, 39.57381762386906], [26.99986889800229, 39.57381762386906], [26.99986889800229, 39.57273964552812], [27.00094687634325, 39.57273964552812], [27.00094687634325, 39.572200656357644], [26.99986889800229, 39.572200656357644], [26.99986889800229, 39.57166166718717]]]}, "id": "+384057+82428", "properties": {"area_ha": 9.690495887556947, "count": 35, "label": 1, "mean_dnbr": 0.3840130415673837}}, {"type": "Feature", "geometry": {"geodesic": false, "type": "Polygon", "coordinates": [[[27.00310283302514, 39.01111292989659], [27.00418081136607, 39.01111292989659], [27.00418081136607, 39.01165191906706], [27.005258789707028, 39.01165191906706], [27.005258789707028, 39.012190908237535], [27.00579777887748, 39.012190908237535], [27.00579777887748, 39.01272989740801], [27.005258789707028, 39.01272989740801], [27.005258789707028, 39.01326888657848], [27.00579777887748, 39.01326888657848], [27.00579777887748, 39.01380787574895], [27.00633676804796, 39.01380787574895], [27.00633676804796, 39.014346864919425], [27.005258789707028, 39.014346864919425], [27.005258789707028, 39.01380787574895], [27.00418081136607, 39.01380787574895], [27.00418081136607, 39.01272989740801], [27.00310283302514, 39.01272989740801], [27.00310283302514, 39.012190908237535], [27.00256384385466, 39.012190908237535], [27.00256384385466, 39.01165191906706], [27.00310283302514, 39.01165191906706], [27.00310283302514, 39.01111292989659]]]}, "id": "+384059+83468", "properties": {"area_ha": 5.302856565597264, "count": 19, "label": 1, "mean_dnbr": 0.41625222279267077}}, {"type": "Feature", "geometry": {"geodesic": false, "type": "Polygon", "coordinates": [[[27.00418081136607, 39.574895602210006], [27.005258789707028, 39.574895602210006], [27.005258789707028, 39.57543459138048], [27.00579777887748, 39.57543459138048], [27.00579777887748, 39.576512569721416], [27.00633676804796, 39.576512569721416], [27.00633676804796, 39.57705155889189], [27.007414746388918, 39.57705155889189], [27.007414746388918, 39.57812953723283], [27.00633676804796, 39.57812953723283], [27.00633676804796, 39.57920751557378], [27.00579777887748, 39.57920751557378], [27.00579777887748, 39.578668526403305], [27.005258789707028, 39.578668526403305], [27.005258789707028, 39.57920751557378], [27.00418081136607, 39.57920751557378], [27.00418081136607, 39.578668526403305], [27.00364182219559, 39.578668526403305], [27.00364182219559, 39.57705155889189], [27.00418081136607, 39.57705155889189], [27.00418081136607, 39.574895602210006]]]}, "id": "+384061+82422", "properties": {"area_ha": 9.413091497772953, "count": 34, "label": 1, "mean_dnbr": 0.44396730006402335}}, {"type": "Feature", "geometry": {"geodesic": false, "type": "Polygon", "coordinates": [[[27.00957070307078, 39.49782015083255], [27.011187670582217, 39.49782015083255], [27.011187670582217, 39.49889812917349], [27.010648681411737, 39.49889812917349], [27.010648681411737, 39.49943711834396], [27.010109692241258, 39.49943711834396], [27.010109692241258, 39.499976107514435], [27.00957070307078, 39.499976107514435], [27.00957070307078, 39.50051509668491], [27.009031713900328, 39.50051509668491], [27.009031713900328, 39.49943711834396], [27.00957070307078, 39.49943711834396], [27.00957070307078, 39.49782015083255]]]}, "id": "+384072+82565", "properties": {"area_ha": 3.0488503691174023, "count": 11, "label": 1, "mean_dnbr": 0.3735833416702831}}, {"type": "Feature", "geometry": {"geodesic": false, "type": "Polygon", "coordinates": [[[27.010648681411737, 38.83701942783423], [27.013343627264106, 38.83701942783423], [27.013343627264106, 38.8375584170047], [27.012804638093627, 38.8375584170047], [27.012804638093627, 38.83809740617517], [27.013343627264106, 38.83809740617517], [27.013343627264106, 38.83971437368659], [27.010109692241258, 38.83971437368659], [27.010109692241258, 38.83917538451612], [27.010648681411737, 38.83917538451612], [27.010648681411737, 38.83809740617517], [27.010109692241258, 38.83809740617517], [27.010109692241258, 38.8375584170047], [27.010648681411737, 38.8375584170047], [27.010648681411737, 38.83701942783423]]]}, "id": "+384076+83791", "properties": {"area_ha": 7.274389046748646, "count": 26, "label": 1, "mean_dnbr": 0.4128460961963001}}, {"type": "Feature", "geometry": {"geodesic": false, "type": "Polygon", "coordinates": [[[27.014421605605037, 39.52800354437896], [27.015499583945967, 39.52800354437896], [27.015499583945967, 39.528542533549434], [27.016038573116447, 39.528542533549434], [27.016038573116447, 39.529081522719906], [27.014960594775516, 39.529081522719906], [27.014960594775516, 39.53015950106085], [27.014421605605037, 39.53015950106085], [27.014421605605037, 39.52962051189038], [27.013343627264106, 39.52962051189038], [27.013343627264106, 39.528542533549434], [27.014421605605037, 39.528542533549434], [27.014421605605037, 39.52800354437896]]]}, "id": "+384080+82509", "properties": {"area_ha": 3.0475350132021073, "count": 11, "label": 1, "mean_dnbr": 0.5410027855374723}}, {"type": "Feature", "geometry": {"geodesic": false, "type": "Polygon", "coordinates": [[[27.017655540627857, 39.01165191906706], [27.018194529798336, 39.01165191906706], [27.018194529798336, 39.012190908237535], [27.019272508139295, 39.012190908237535], [27.019272508139295, 39.01272989740801], [27.020889475650705, 39.01272989740801], [27.020889475650705, 39.01326888657848], [27.021967453991635, 39.01326888657848], [27.021967453991635, 39.01380787574895], [27.023584421503045, 39.01380787574895], [27.023584421503045, 39.01704181077178], [27.023045432332594, 39.01704181077178], [27.023045432332594, 39.01650282160131], [27.021967453991635, 39.01650282160131], [27.021967453991635, 39.01704181077178], [27.019272508139295, 39.01704181077178], [27.019272508139295, 39.01758079994225], [27.018194529798336, 39.01758079994225], [27.018194529798336, 39.01650282160131], [27.017116551457406, 39.01650282160131], [27.017116551457406, 39.015963832430835], [27.016038573116447, 39.015963832430835], [27.016038573116447, 39.01542484326037], [27.014960594775516, 39.01542484326037], [27.014960594775516, 39.015963832430835], [27.013882616434557, 39.015963832430835], [27.013882616434557, 39.01542484326037], [27.012804638093627, 39.01542484326037], [27.012804638093627, 39.01380787574895], [27.013343627264106, 39.01380787574895], [27.013343627264106, 39.01326888657848], [27.014960594775516, 39.01326888657848], [27.014960594775516, 39.01380787574895], [27.017116551457406, 39.01380787574895], [27.017116551457406, 39.01272989740801], [27.017655540627857, 39.01272989740801], [27.017655540627857, 39.01165191906706]]]}, "id": "+384085+83467", "properties": {"area_ha": 33.76975733755304, "count": 121, "label": 1, "mean_dnbr": 0.4898903826816101}}, {"type": "Feature", "geometry": {"geodesic": false, "type": "Polygon", "coordinates": [[[27.018194529798336, 38.96637682874744], [27.019272508139295, 38.96637682874744], [27.019272508139295, 38.966915817917915], [27.018194529798336, 38.966915817917915], [27.018194529798336, 38.96745480708838], [27.017655540627857, 38.96745480708838], [27.017655540627857, 38.96799379625885], [27.018733518968816, 38.96799379625885], [27.018733518968816, 38.96745480708838], [27.019811497309746, 38.96745480708838], [27.019811497309746, 38.966915817917915], [27.020350486480226, 38.966915817917915], [27.020350486480226, 38.96799379625885], [27.019272508139295, 38.96799379625885], [27.019272508139295, 38.968532785429325], [27.018733518968816, 38.968532785429325], [27.018733518968816, 38.9690717745998], [27.017655540627857, 38.9690717745998], [27.017655540627857, 38.96799379625885], [27.016577562286926, 38.96799379625885], [27.016577562286926, 38.96745480708838], [27.017116551457406, 38.96745480708838], [27.017116551457406, 38.966915817917915], [27.018194529798336, 38.966915817917915], [27.018194529798336, 38.96637682874744]]]}, "id": "+384087+83551", "properties": {"area_ha": 4.189120494749556, "count": 15, "label": 1, "mean_dnbr": 0.26282558973562997}}, {"type": "Feature", "geometry": {"geodesic": false, "type": "Polygon", "coordinates": [[[27.019272508139295, 39.54686816534547], [27.020889475650705, 39.54686816534547], [27.020889475650705, 39.547407154515945], [27.020350486480226, 39.547407154515945], [27.020350486480226, 39.54794614368642], [27.019272508139295, 39.54794614368642], [27.019272508139295, 39.54848513285689], [27.018733518968816, 39.54848513285689], [27.018733518968816, 39.54902412202736], [27.018194529798336, 39.54902412202736], [27.018194529798336, 39.549563111197834], [27.017655540627857, 39.549563111197834], [27.017655540627857, 39.54848513285689], [27.018194529798336, 39.54848513285689], [27.018194529798336, 39.54794614368642], [27.018733518968816, 39.54794614368642], [27.018733518968816, 39.547407154515945], [27.019272508139295, 39.547407154515945], [27.019272508139295, 39.54686816534547]]]}, "id": "+384090+82474", "properties": {"area_ha": 3.046698483233252, "count": 11, "label": 1, "mean_dnbr": 0.2679837313915145}}, {"type": "Feature", "geometry": {"geodesic": false, "type": "Polygon", "coordinates": [[[27.018733518968816, 38.824083687742906], [27.021967453991635, 38.824083687742906], [27.021967453991635, 38.82516166608385], [27.022506443162115, 38.82516166608385], [27.022506443162115, 38.82570065525432], [27.023045432332594, 38.82570065525432], [27.023045432332594, 38.826239644424795], [27.024123410673525, 38.826239644424795], [27.024123410673525, 38.82731762276574], [27.023045432332594, 38.82731762276574], [27.023045432332594, 38.828395601106685], [27.021967453991635, 38.828395601106685], [27.021967453991635, 38.82947357944762], [27.021428464821156, 38.82947357944762], [27.021428464821156, 38.82893459027715], [27.020350486480226, 38.82893459027715], [27.020350486480226, 38.82947357944762], [27.017655540627857, 38.82947357944762], [27.017655540627857, 38.82893459027715], [27.017116551457406, 38.82893459027715], [27.017116551457406, 38.828395601106685], [27.018194529798336, 38.828395601106685], [27.018194529798336, 38.82893459027715], [27.019811497309746, 38.82893459027715], [27.019811497309746, 38.828395601106685], [27.018733518968816, 38.828395601106685], [27.018733518968816, 38.82785661193621], [27.018194529798336, 38.82785661193621], [27.018194529798336, 38.82731762276574], [27.017116551457406, 38.82731762276574], [27.017116551457406, 38.826239644424795], [27.016577562286926, 38.826239644424795], [27.016577562286926, 38.82731762276574], [27.014960594775516, 38.82731762276574], [27.014960594775516, 38.82677863359527], [27.014421605605037, 38.82677863359527], [27.014421605605037, 38.826239644424795], [27.016577562286926, 38.826239644424795], [27.016577562286926, 38.82570065525432], [27.016038573116447, 38.82570065525432], [27.016038573116447, 38.82516166608385], [27.016577562286926, 38.82516166608385], [27.016577562286926, 38.82570065525432], [27.017116551457406, 38.82570065525432], [27.017116551457406, 38.826239644424795], [27.018194529798336, 38.826239644424795], [27.018194529798336, 38.82677863359527], [27.018733518968816, 38.82677863359527], [27.018733518968816, 38.82731762276574], [27.019811497309746, 38.82731762276574], [27.019811497309746, 38.82677863359527], [27.019272508139295, 38.82677863359527], [27.019272508139295, 38.826239644424795], [27.019811497309746, 38.826239644424795], [27.019811497309746, 38.82516166608385], [27.018733518968816, 38.82516166608385], [27.018733518968816, 38.824083687742906]], [[27.020350486480226, 38.826239644424795], [27.020350486480226, 38.82677863359527], [27.019811497309746, 38.82677863359527], [27.019811497309746, 38.826239644424795], [27.020350486480226, 38.826239644424795]]]}, "id": "+384092+83815", "properties": {"area_ha": 22.945990564127502, "count": 82, "label": 1, "mean_dnbr": 0.37352530448381976}}, {"type": "Feature", "geometry": {"geodesic": false, "type": "Polygon", "coordinates": [[[27.020889475650705, 38.830012568618095], [27.022506443162115, 38.830012568618095], [27.022506443162115, 38.83055155778857], [27.023584421503045, 38.83055155778857], [27.023584421503045, 38.83109054695904], [27.024662399844004, 38.83109054695904], [27.024662399844004, 38.83162953612951], [27.025740378184935, 38.83162953612951], [27.025740378184935, 38.83270751447046], [27.024662399844004, 38.83270751447046], [27.024662399844004, 38.832168525299984], [27.024123410673525, 38.832168525299984], [27.024123410673525, 38.83162953612951], [27.023045432332594, 38.83162953612951], [27.023045432332594, 38.83109054695904], [27.021967453991635, 38.83109054695904], [27.021967453991635, 38.83055155778857], [27.020889475650705, 38.83055155778857], [27.020889475650705, 38.830012568618095]]]}, "id": "+384093+83804", "properties": {"area_ha": 3.917363755784605, "count": 14, "label": 1, "mean_dnbr": 0.34809436052343923}}, {"type": "Feature", "geometry": {"geodesic": false, "type": "Polygon", "coordinates": [[[27.023045432332594, 38.94266130524669], [27.024123410673525, 38.94266130524669], [27.024123410673525, 38.94320029441715], [27.024662399844004, 38.94320029441715], [27.024662399844004, 38.9442782727581], [27.024123410673525, 38.9442782727581], [27.024123410673525, 38.94481726192857], [27.023584421503045, 38.94481726192857], [27.023584421503045, 38.94535625109904], [27.023045432332594, 38.94535625109904], [27.023045432332594, 38.945895240269515], [27.022506443162115, 38.945895240269515], [27.022506443162115, 38.94535625109904], [27.023045432332594, 38.94535625109904], [27.023045432332594, 38.943739283587625], [27.022506443162115, 38.943739283587625], [27.022506443162115, 38.94320029441715], [27.023045432332594, 38.94320029441715], [27.023045432332594, 38.94266130524669]]]}, "id": "+384096+83595", "properties": {"area_ha": 3.631787762955143, "count": 13, "label": 1, "mean_dnbr": 0.2843639731155289}}, {"type": "Feature", "geometry": {"geodesic": false, "type": "Polygon", "coordinates": [[[27.024662399844004, 38.80683603428781], [27.025740378184935, 38.80683603428781], [27.025740378184935, 38.80791401262876], [27.027357345696345, 38.80791401262876], [27.027357345696345, 38.80845300179923], [27.028435324037304, 38.80845300179923], [27.028435324037304, 38.8089919909697], [27.026279367355414, 38.8089919909697], [27.026279367355414, 38.809530980140174], [27.025740378184935, 38.809530980140174], [27.025740378184935, 38.810069969310646], [27.024662399844004, 38.810069969310646], [27.024662399844004, 38.80845300179923], [27.024123410673525, 38.80845300179923], [27.024123410673525, 38.80791401262876], [27.024662399844004, 38.80791401262876], [27.024662399844004, 38.80683603428781]]]}, "id": "+384099+83847", "properties": {"area_ha": 6.157833208161554, "count": 22, "label": 1, "mean_dnbr": 0.3625294259167254}}, {"type": "Feature", "geometry": {"geodesic": false, "type": "Polygon", "coordinates": [[[27.032747237401082, 38.803602099264985], [27.033825215742013, 38.803602099264985], [27.033825215742013, 38.80575805594687], [27.033286226571533, 38.80575805594687], [27.033286226571533, 38.805219066776395], [27.032208248230603, 38.805219066776395], [27.032208248230603, 38.80575805594687], [27.032747237401082, 38.80575805594687], [27.032747237401082, 38.80629704511734], [27.031669259060124, 38.80629704511734], [27.031669259060124, 38.80468007760592], [27.033286226571533, 38.80468007760592], [27.033286226571533, 38.80414108843546], [27.032747237401082, 38.80414108843546], [27.032747237401082, 38.803602099264985]]]}, "id": "+384114+83853", "properties": {"area_ha": 3.0790644766336834, "count": 11, "label": 1, "mean_dnbr": 0.2956403560682744}}, {"type": "Feature", "geometry": {"geodesic": false, "type": "Polygon", "coordinates": [[[27.034903194082972, 38.97607863381593], [27.035981172423902, 38.97607863381593], [27.035981172423902, 38.97769560132735], [27.03652016159438, 38.97769560132735], [27.03652016159438, 38.97877357966829], [27.035442183253423, 38.97877357966829], [27.035442183253423, 38.97823459049782], [27.035981172423902, 38.97823459049782], [27.035981172423902, 38.97769560132735], [27.033286226571533, 38.97769560132735], [27.033286226571533, 38.977156612156875], [27.033825215742013, 38.977156612156875], [27.033825215742013, 38.9766176229864], [27.034903194082972, 38.9766176229864], [27.034903194082972, 38.97607863381593]]]}, "id": "+384118+83533", "properties": {"area_ha": 3.9093288192231777, "count": 14, "label": 1, "mean_dnbr": 0.3266523823648095}}, {"type": "Feature", "geometry": {"geodesic": false, "type": "Polygon", "coordinates": [[[27.03652016159438, 39.005723038191874], [27.03705915076486, 39.005723038191874], [27.03705915076486, 39.00626202736235], [27.037598139935312, 39.00626202736235], [27.037598139935312, 39.00680101653282], [27.03705915076486, 39.00680101653282], [27.03705915076486, 39.00734000570329], [27.03652016159438, 39.00734000570329], [27.03652016159438, 39.007878994873764], [27.035981172423902, 39.007878994873764], [27.035981172423902, 39.008417984044236], [27.035442183253423, 39.008417984044236], [27.035442183253423, 39.00895697321471], [27.034903194082972, 39.00895697321471], [27.034903194082972, 39.00949596238518], [27.033825215742013, 39.00949596238518], [27.033825215742013, 39.010034951555646], [27.035981172423902, 39.010034951555646], [27.035981172423902, 39.01057394072612], [27.03652016159438, 39.01057394072612], [27.03652016159438, 39.01111292989659], [27.035981172423902, 39.01111292989659], [27.035981172423902, 39.01057394072612], [27.035442183253423, 39.01057394072612], [27.035442183253423, 39.01111292989659], [27.033286226571533, 39.01111292989659], [27.033286226571533, 39.00895697321471], [27.033825215742013, 39.00895697321471], [27.033825215742013, 39.008417984044236], [27.034903194082972, 39.008417984044236], [27.034903194082972, 39.007878994873764], [27.035442183253423, 39.007878994873764], [27.035442183253423, 39.00734000570329], [27.035981172423902, 39.00734000570329], [27.035981172423902, 39.00680101653282], [27.03652016159438, 39.00680101653282], [27.03652016159438, 39.005723038191874]]]}, "id": "+384120+83478", "properties": {"area_ha": 7.256909439903938, "count": 26, "label": 1, "mean_dnbr": 0.44402979314432467}}, {"type": "Feature", "geometry": {"geodesic": false, "type": "Polygon", "coordinates": [[[27.03705915076486, 39.018119789112724], [27.0397540966172, 39.018119789112724], [27.0397540966172, 39.01919776745367], [27.039215107446722, 39.01919776745367], [27.039215107446722, 39.01973675662414], [27.03813712910579, 39.01973675662414], [27.03813712910579, 39.01919776745367], [27.03705915076486, 39.01919776745367], [27.03705915076486, 39.018119789112724]]]}, "id": "+384125+83455", "properties": {"area_ha": 3.3488673882926974, "count": 12, "label": 1, "mean_dnbr": 0.5606376400991417}}, {"type": "Feature", "geometry": {"geodesic": false, "type": "Polygon", "coordinates": [[[27.05053388002665, 39.033211485885936], [27.0510728691971, 39.033211485885936], [27.0510728691971, 39.0337504750564], [27.05215084753806, 39.0337504750564], [27.05215084753806, 39.03428946422687], [27.05161185836758, 39.03428946422687], [27.05161185836758, 39.034828453397346], [27.0510728691971, 39.034828453397346], [27.0510728691971, 39.03536744256782], [27.04999489085617, 39.03536744256782], [27.04999489085617, 39.03590643173829], [27.04945590168569, 39.03590643173829], [27.04945590168569, 39.03428946422687], [27.04999489085617, 39.03428946422687], [27.04999489085617, 39.0337504750564], [27.05053388002665, 39.0337504750564], [27.05053388002665, 39.033211485885936]]]}, "id": "+384146+83427", "properties": {"area_ha": 3.627145262210307, "count": 13, "label": 1, "mean_dnbr": 0.2180895718931295}}, {"type": "Feature", "geometry": {"geodesic": false, "type": "Polygon", "coordinates": [[[27.05322882587899, 39.54794614368642], [27.05376781504947, 39.54794614368642], [27.05376781504947, 39.54848513285689], [27.054845793390427, 39.54848513285689], [27.054845793390427, 39.54902412202736], [27.05376781504947, 39.54902412202736], [27.05376781504947, 39.550102100368306], [27.05215084753806, 39.550102100368306], [27.05215084753806, 39.549563111197834], [27.05161185836758, 39.549563111197834], [27.05161185836758, 39.54902412202736], [27.052689836708538, 39.54902412202736], [27.052689836708538, 39.54848513285689], [27.05322882587899, 39.54848513285689], [27.05322882587899, 39.54794614368642]]]}, "id": "+384151+82472", "properties": {"area_ha": 3.323618167409635, "count": 12, "label": 1, "mean_dnbr": 0.3045018587826273}}, {"type": "Feature", "geometry": {"geodesic": false, "type": "Polygon", "coordinates": [[[27.061852652606547, 39.0547710527048], [27.063469620117957, 39.0547710527048], [27.063469620117957, 39.05531004187527], [27.065625576799846, 39.05531004187527], [27.065625576799846, 39.05638802021622], [27.065086587629366, 39.05638802021622], [27.065086587629366, 39.05692700938669], [27.066164565970325, 39.05692700938669], [27.066164565970325, 39.05746599855716], [27.065625576799846, 39.05746599855716], [27.065625576799846, 39.0585439768981], [27.064547598458915, 39.0585439768981], [27.064547598458915, 39.05800498772763], [27.064008609288436, 39.05800498772763], [27.064008609288436, 39.05692700938669], [27.062391641777026, 39.05692700938669], [27.062391641777026, 39.05746599855716], [27.063469620117957, 39.05746599855716], [27.063469620117957, 39.05800498772763], [27.062391641777026, 39.05800498772763], [27.062391641777026, 39.05746599855716], [27.061852652606547, 39.05746599855716], [27.061852652606547, 39.0585439768981], [27.061313663436067, 39.0585439768981], [27.061313663436067, 39.05692700938669], [27.060774674265616, 39.05692700938669], [27.060774674265616, 39.05638802021622], [27.064547598458915, 39.05638802021622], [27.064547598458915, 39.055849031045746], [27.061852652606547, 39.055849031045746], [27.061852652606547, 39.0547710527048]]]}, "id": "+384169+83387", "properties": {"area_ha": 9.762297084737181, "count": 35, "label": 1, "mean_dnbr": 0.3381576512411349}}, {"type": "Feature", "geometry": {"geodesic": false, "type": "Polygon", "coordinates": [[[27.065086587629366, 39.273061666745846], [27.066164565970325, 39.273061666745846], [27.066164565970325, 39.27360065591632], [27.065625576799846, 39.27360065591632], [27.065625576799846, 39.27413964508679], [27.066164565970325, 39.27413964508679], [27.066164565970325, 39.27467863425726], [27.067242544311256, 39.27467863425726], [27.067242544311256, 39.2757566125982], [27.066703555140805, 39.2757566125982], [27.066703555140805, 39.27629560176867], [27.065625576799846, 39.27629560176867], [27.065625576799846, 39.276834590939146], [27.065086587629366, 39.276834590939146], [27.065086587629366, 39.27629560176867], [27.064547598458915, 39.27629560176867], [27.064547598458915, 39.2757566125982], [27.064008609288436, 39.2757566125982], [27.064008609288436, 39.27467863425726], [27.064547598458915, 39.27467863425726], [27.064547598458915, 39.27413964508679], [27.065086587629366, 39.27413964508679], [27.065086587629366, 39.273061666745846]]]}, "id": "+384174+82982", "properties": {"area_ha": 6.395353723821062, "count": 23, "label": 1, "mean_dnbr": 0.4520579967209416}}, {"type": "Feature", "geometry": {"geodesic": false, "type": "Polygon", "coordinates": [[[27.072093446845514, 39.04776419348867], [27.073171425186445, 39.04776419348867], [27.073171425186445, 39.04830318265914], [27.074249403527404, 39.04830318265914], [27.074249403527404, 39.04884217182961], [27.074788392697855, 39.04884217182961], [27.074788392697855, 39.049381161000085], [27.075327381868334, 39.049381161000085], [27.075327381868334, 39.04992015017056], [27.075866371038813, 39.04992015017056], [27.075866371038813, 39.05045913934103], [27.077483338550223, 39.05045913934103], [27.077483338550223, 39.0509981285115], [27.078022327720703, 39.0509981285115], [27.078022327720703, 39.051537117681974], [27.077483338550223, 39.051537117681974], [27.077483338550223, 39.05207610685244], [27.076944349379744, 39.05207610685244], [27.076944349379744, 39.05261509602291], [27.076405360209293, 39.05261509602291], [27.076405360209293, 39.053154085193384], [27.075327381868334, 39.053154085193384], [27.075327381868334, 39.053693074363856], [27.074788392697855, 39.053693074363856], [27.074788392697855, 39.053154085193384], [27.075327381868334, 39.053154085193384], [27.075327381868334, 39.0509981285115], [27.074788392697855, 39.0509981285115], [27.074788392697855, 39.04992015017056], [27.074249403527404, 39.04992015017056], [27.074249403527404, 39.049381161000085], [27.073171425186445, 39.049381161000085], [27.073171425186445, 39.04884217182961], [27.072632436015994, 39.04884217182961], [27.072632436015994, 39.04830318265914], [27.072093446845514, 39.04830318265914], [27.072093446845514, 39.04776419348867]]]}, "id": "+384187+83400", "properties": {"area_ha": 8.926310726206854, "count": 32, "label": 1, "mean_dnbr": 0.4639518340137145}}, {"type": "Feature", "geometry": {"geodesic": false, "type": "Polygon", "coordinates": [[[27.076944349379744, 39.278990547621035], [27.077483338550223, 39.278990547621035], [27.077483338550223, 39.28168549347339], [27.076944349379744, 39.28168549347339], [27.076944349379744, 39.28222448264386], [27.075866371038813, 39.28222448264386], [27.075866371038813, 39.28114650430292], [27.076405360209293, 39.28114650430292], [27.076405360209293, 39.27952953679151], [27.076944349379744, 39.27952953679151], [27.076944349379744, 39.278990547621035]]]}, "id": "+384195+82971", "properties": {"area_ha": 3.336435868069902, "count": 12, "label": 1, "mean_dnbr": 0.3159424617075197}}, {"type": "Feature", "geometry": {"geodesic": false, "type": "Polygon", "coordinates": [[[27.081256262743523, 39.2757566125982], [27.08233424108448, 39.2757566125982], [27.08233424108448, 39.27629560176867], [27.082873230254933, 39.27629560176867], [27.082873230254933, 39.27737358010962], [27.08233424108448, 39.27737358010962], [27.08233424108448, 39.27791256928009], [27.080717273573043, 39.27791256928009], [27.080717273573043, 39.27629560176867], [27.081256262743523, 39.27629560176867], [27.081256262743523, 39.2757566125982]]]}, "id": "+384204+82977", "properties": {"area_ha": 3.614674150149012, "count": 13, "label": 1, "mean_dnbr": 0.41454160286380126}}, {"type": "Feature", "geometry": {"geodesic": false, "type": "Polygon", "coordinates": [[[27.08988008947108, 39.05261509602291], [27.09095806781201, 39.05261509602291], [27.09095806781201, 39.053693074363856], [27.09149705698249, 39.053693074363856], [27.09149705698249, 39.053154085193384], [27.09203604615297, 39.053154085193384], [27.09203604615297, 39.053693074363856], [27.0931140244939, 39.053693074363856], [27.0931140244939, 39.0547710527048], [27.09257503532342, 39.0547710527048], [27.09257503532342, 39.05638802021622], [27.09203604615297, 39.05638802021622], [27.09203604615297, 39.05692700938669], [27.09257503532342, 39.05692700938669], [27.09257503532342, 39.05746599855716], [27.09095806781201, 39.05746599855716], [27.09095806781201, 39.05800498772763], [27.09041907864156, 39.05800498772763], [27.09041907864156, 39.0585439768981], [27.08880211113012, 39.0585439768981], [27.08880211113012, 39.05800498772763], [27.08772413278919, 39.05800498772763], [27.08772413278919, 39.0585439768981], [27.086646154448232, 39.0585439768981], [27.086646154448232, 39.05908296606857], [27.08610716527778, 39.05908296606857], [27.08610716527778, 39.059621955239045], [27.0855681761073, 39.059621955239045], [27.0855681761073, 39.06123892275046], [27.08610716527778, 39.06123892275046], [27.08610716527778, 39.061777911920935], [27.08718514361871, 39.061777911920935], [27.08718514361871, 39.06231690109141], [27.08449019776637, 39.06231690109141], [27.08449019776637, 39.061777911920935], [27.085029186936822, 39.061777911920935], [27.085029186936822, 39.06016094440952], [27.08449019776637, 39.06016094440952], [27.08449019776637, 39.05908296606857], [27.085029186936822, 39.05908296606857], [27.085029186936822, 39.0585439768981], [27.0855681761073, 39.0585439768981], [27.0855681761073, 39.05800498772763], [27.08718514361871, 39.05800498772763], [27.08718514361871, 39.05692700938669], [27.08826312195967, 39.05692700938669], [27.08826312195967, 39.05638802021622], [27.08880211113012, 39.05638802021622], [27.08880211113012, 39.05692700938669], [27.08988008947108, 39.05692700938669], [27.08988008947108, 39.055849031045746], [27.09041907864156, 39.055849031045746], [27.09041907864156, 39.0547710527048], [27.08880211113012, 39.0547710527048], [27.08880211113012, 39.053693074363856], [27.08988008947108, 39.053693074363856], [27.08988008947108, 39.05261509602291]]]}, "id": "+384220+83391", "properties": {"area_ha": 22.31383361572377, "count": 80, "label": 1, "mean_dnbr": 0.4277670722684759}}, {"type": "Feature", "geometry": {"geodesic": false, "type": "Polygon", "coordinates": [[[27.09419200283486, 39.05692700938669], [27.09526998117579, 39.05692700938669], [27.09526998117579, 39.05800498772763], [27.09580897034627, 39.05800498772763], [27.09580897034627, 39.0585439768981], [27.09526998117579, 39.0585439768981], [27.09526998117579, 39.05800498772763], [27.09473099200531, 39.05800498772763], [27.09473099200531, 39.0585439768981], [27.09419200283486, 39.0585439768981], [27.09419200283486, 39.05908296606857], [27.09365301366438, 39.05908296606857], [27.09365301366438, 39.0585439768981], [27.09257503532342, 39.0585439768981], [27.09257503532342, 39.05800498772763], [27.0931140244939, 39.05800498772763], [27.0931140244939, 39.05746599855716], [27.09419200283486, 39.05746599855716], [27.09419200283486, 39.05692700938669]]]}, "id": "+384228+83383", "properties": {"area_ha": 3.3470224844423346, "count": 12, "label": 1, "mean_dnbr": 0.28300469784952037}}, {"type": "Feature", "geometry": {"geodesic": false, "type": "Polygon", "coordinates": [[[27.09526998117579, 39.06069993357999], [27.09580897034627, 39.06069993357999], [27.09580897034627, 39.06123892275046], [27.09634795951675, 39.06123892275046], [27.09634795951675, 39.06231690109141], [27.09580897034627, 39.06231690109141], [27.09580897034627, 39.06285589026188], [27.09526998117579, 39.06285589026188], [27.09526998117579, 39.06393386860282], [27.09419200283486, 39.06393386860282], [27.09419200283486, 39.06339487943235], [27.09473099200531, 39.06339487943235], [27.09473099200531, 39.06231690109141], [27.0931140244939, 39.06231690109141], [27.0931140244939, 39.06285589026188], [27.09203604615297, 39.06285589026188], [27.09203604615297, 39.06123892275046], [27.09473099200531, 39.06123892275046], [27.09473099200531, 39.061777911920935], [27.09526998117579, 39.061777911920935], [27.09526998117579, 39.06069993357999]]]}, "id": "+384229+83376", "properties": {"area_ha": 6.414740845407539, "count": 23, "label": 1, "mean_dnbr": 0.39751678914187005}}, {"type": "Feature", "geometry": {"geodesic": false, "type": "Polygon", "coordinates": [[[27.09634795951675, 39.053693074363856], [27.09742593785768, 39.053693074363856], [27.09742593785768, 39.05423206353433], [27.0968869486872, 39.05423206353433], [27.0968869486872, 39.0547710527048], [27.09634795951675, 39.0547710527048], [27.09634795951675, 39.05531004187527], [27.09580897034627, 39.05531004187527], [27.09580897034627, 39.05638802021622], [27.09526998117579, 39.05638802021622], [27.09526998117579, 39.055849031045746], [27.09365301366438, 39.055849031045746], [27.09365301366438, 39.0547710527048], [27.09473099200531, 39.0547710527048], [27.09473099200531, 39.05423206353433], [27.09526998117579, 39.05423206353433], [27.09526998117579, 39.0547710527048], [27.09634795951675, 39.0547710527048], [27.09634795951675, 39.053693074363856]]]}, "id": "+384232+83389", "properties": {"area_ha": 3.905022409813389, "count": 14, "label": 1, "mean_dnbr": 0.1950050309136719}}, {"type": "Feature", "geometry": {"geodesic": false, "type": "Polygon", "coordinates": [[[27.10119886205098, 39.06770679279612], [27.104971786244278, 39.06770679279612], [27.104971786244278, 39.06878477113707], [27.102276840391937, 39.06878477113707], [27.102276840391937, 39.068245781966596], [27.10119886205098, 39.068245781966596], [27.10119886205098, 39.06770679279612]]]}, "id": "+384246+83363", "properties": {"area_ha": 3.346515166347946, "count": 12, "label": 1, "mean_dnbr": 0.1967451965989818}}, {"type": "Feature", "geometry": {"geodesic": false, "type": "Polygon", "coordinates": [[[27.108744710437577, 39.04992015017056], [27.109283699608056, 39.04992015017056], [27.109283699608056, 39.05045913934103], [27.110361677948987, 39.05045913934103], [27.110361677948987, 39.0509981285115], [27.110900667119466, 39.0509981285115], [27.110900667119466, 39.051537117681974], [27.113056623801356, 39.051537117681974], [27.113056623801356, 39.05207610685244], [27.112517634630876, 39.05207610685244], [27.112517634630876, 39.05261509602291], [27.111439656289946, 39.05261509602291], [27.111439656289946, 39.05207610685244], [27.110900667119466, 39.05207610685244], [27.110900667119466, 39.053154085193384], [27.110361677948987, 39.053154085193384], [27.110361677948987, 39.05261509602291], [27.108205721267126, 39.05261509602291], [27.108205721267126, 39.05207610685244], [27.107127742926167, 39.05207610685244], [27.107127742926167, 39.051537117681974], [27.105510775414757, 39.051537117681974], [27.105510775414757, 39.05045913934103], [27.106049764585237, 39.05045913934103], [27.106049764585237, 39.04992015017056], [27.108205721267126, 39.04992015017056], [27.108205721267126, 39.05045913934103], [27.108744710437577, 39.05045913934103], [27.108744710437577, 39.04992015017056]]]}, "id": "+384254+83396", "properties": {"area_ha": 11.994613862587606, "count": 43, "label": 1, "mean_dnbr": 0.29916788384167814}}, {"type": "Feature", "geometry": {"geodesic": false, "type": "Polygon", "coordinates": [[[27.107127742926167, 39.069862749478006], [27.109822688778536, 39.069862749478006], [27.109822688778536, 39.07094072781895], [27.109283699608056, 39.07094072781895], [27.109283699608056, 39.072018706159895], [27.106588753755688, 39.072018706159895], [27.106588753755688, 39.07147971698942], [27.106049764585237, 39.07147971698942], [27.106049764585237, 39.07094072781895], [27.106588753755688, 39.07094072781895], [27.106588753755688, 39.07040173864848], [27.107127742926167, 39.07040173864848], [27.107127742926167, 39.069862749478006]]]}, "id": "+384255+83359", "properties": {"area_ha": 6.135080823203193, "count": 22, "label": 1, "mean_dnbr": 0.23307652626702619}}, {"type": "Feature", "geometry": {"geodesic": false, "type": "Polygon", "coordinates": [[[27.118985504676544, 39.06716780362565], [27.119524493847024, 39.06716780362565], [27.119524493847024, 39.06770679279612], [27.120063483017503, 39.06770679279612], [27.120063483017503, 39.06878477113707], [27.121141461358434, 39.06878477113707], [27.121141461358434, 39.07040173864848], [27.120602472187954, 39.07040173864848], [27.120602472187954, 39.069862749478006], [27.120063483017503, 39.069862749478006], [27.120063483017503, 39.06932376030754], [27.119524493847024, 39.06932376030754], [27.119524493847024, 39.06878477113707], [27.118985504676544, 39.06878477113707], [27.118985504676544, 39.06716780362565]]]}, "id": "+384273+83364", "properties": {"area_ha": 3.0676324106159876, "count": 11, "label": 1, "mean_dnbr": 0.16082260452804403}}, {"type": "Feature", "geometry": {"geodesic": false, "type": "Polygon", "coordinates": [[[27.118446515506065, 39.05045913934103], [27.120063483017503, 39.05045913934103], [27.120063483017503, 39.05261509602291], [27.121680450528913, 39.05261509602291], [27.121680450528913, 39.053154085193384], [27.121141461358434, 39.053154085193384], [27.121141461358434, 39.053693074363856], [27.119524493847024, 39.053693074363856], [27.119524493847024, 39.05423206353433], [27.120063483017503, 39.05423206353433], [27.120063483017503, 39.0547710527048], [27.118985504676544, 39.0547710527048], [27.118985504676544, 39.05531004187527], [27.118446515506065, 39.05531004187527], [27.118446515506065, 39.0547710527048], [27.113056623801356, 39.0547710527048], [27.113056623801356, 39.05423206353433], [27.112517634630876, 39.05423206353433], [27.112517634630876, 39.053693074363856], [27.111439656289946, 39.053693074363856], [27.111439656289946, 39.053154085193384], [27.113056623801356, 39.053154085193384], [27.113056623801356, 39.053693074363856], [27.114673591312766, 39.053693074363856], [27.114673591312766, 39.05261509602291], [27.114134602142315, 39.05261509602291], [27.114134602142315, 39.05207610685244], [27.114673591312766, 39.05207610685244], [27.114673591312766, 39.0509981285115], [27.115212580483245, 39.0509981285115], [27.115212580483245, 39.05045913934103], [27.116829547994655, 39.05045913934103], [27.116829547994655, 39.0509981285115], [27.117368537165135, 39.0509981285115], [27.117368537165135, 39.05207610685244], [27.116829547994655, 39.05207610685244], [27.116829547994655, 39.053154085193384], [27.115212580483245, 39.053154085193384], [27.115212580483245, 39.053693074363856], [27.117907526335614, 39.053693074363856], [27.117907526335614, 39.0509981285115], [27.118446515506065, 39.0509981285115], [27.118446515506065, 39.05045913934103]]]}, "id": "+384274+83395", "properties": {"area_ha": 22.594114532585152, "count": 81, "label": 1, "mean_dnbr": 0.3056667729183951}}, {"type": "Feature", "geometry": {"geodesic": false, "type": "Polygon", "coordinates": [[[27.120602472187954, 39.07471365201226], [27.122219439699364, 39.07471365201226], [27.122219439699364, 39.07525264118273], [27.121680450528913, 39.07525264118273], [27.121680450528913, 39.07633061952367], [27.122219439699364, 39.07633061952367], [27.122219439699364, 39.07740859786461], [27.121141461358434, 39.07740859786461], [27.121141461358434, 39.07686960869414], [27.120602472187954, 39.07686960869414], [27.120602472187954, 39.07471365201226]]]}, "id": "+384278+83350", "properties": {"area_ha": 3.346165124228767, "count": 12, "label": 1, "mean_dnbr": 0.23311530291880395}}, {"type": "Feature", "geometry": {"geodesic": false, "type": "Polygon", "coordinates": [[[27.121680450528913, 39.0547710527048], [27.123836407210803, 39.0547710527048], [27.123836407210803, 39.05531004187527], [27.123297418040323, 39.05531004187527], [27.123297418040323, 39.055849031045746], [27.121680450528913, 39.055849031045746], [27.121680450528913, 39.05638802021622], [27.122219439699364, 39.05638802021622], [27.122219439699364, 39.05692700938669], [27.123297418040323, 39.05692700938669], [27.123297418040323, 39.05746599855716], [27.123836407210803, 39.05746599855716], [27.123836407210803, 39.05800498772763], [27.124914385551733, 39.05800498772763], [27.124914385551733, 39.05908296606857], [27.124375396381254, 39.05908296606857], [27.124375396381254, 39.06123892275046], [27.125453374722213, 39.06123892275046], [27.125453374722213, 39.061777911920935], [27.124914385551733, 39.061777911920935], [27.124914385551733, 39.06231690109141], [27.124375396381254, 39.06231690109141], [27.124375396381254, 39.06285589026188], [27.123836407210803, 39.06285589026188], [27.123836407210803, 39.06339487943235], [27.122758428869844, 39.06339487943235], [27.122758428869844, 39.06393386860282], [27.122219439699364, 39.06393386860282], [27.122219439699364, 39.06447285777329], [27.121680450528913, 39.06447285777329], [27.121680450528913, 39.06393386860282], [27.121141461358434, 39.06393386860282], [27.121141461358434, 39.06339487943235], [27.120063483017503, 39.06339487943235], [27.120063483017503, 39.061777911920935], [27.119524493847024, 39.061777911920935], [27.119524493847024, 39.06285589026188], [27.117907526335614, 39.06285589026188], [27.117907526335614, 39.06231690109141], [27.116290558824176, 39.06231690109141], [27.116290558824176, 39.06123892275046], [27.116829547994655, 39.06123892275046], [27.116829547994655, 39.06069993357999], [27.115751569653725, 39.06069993357999], [27.115751569653725, 39.059621955239045], [27.116290558824176, 39.059621955239045], [27.116290558824176, 39.05908296606857], [27.115751569653725, 39.05908296606857], [27.115751569653725, 39.0585439768981], [27.115212580483245, 39.0585439768981], [27.115212580483245, 39.05746599855716], [27.114673591312766, 39.05746599855716], [27.114673591312766, 39.05638802021622], [27.114134602142315, 39.05638802021622], [27.114134602142315, 39.055849031045746], [27.116829547994655, 39.055849031045746], [27.116829547994655, 39.05638802021622], [27.117907526335614, 39.05638802021622], [27.117907526335614, 39.05692700938669], [27.120063483017503, 39.05692700938669], [27.120063483017503, 39.05638802021622], [27.120602472187954, 39.05638802021622], [27.120602472187954, 39.055849031045746], [27.121680450528913, 39.055849031045746], [27.121680450528913, 39.0547710527048]], [[27.120602472187954, 39.06016094440952], [27.120602472187954, 39.06123892275046], [27.118985504676544, 39.06123892275046], [27.118985504676544, 39.06069993357999], [27.119524493847024, 39.06069993357999], [27.119524493847024, 39.06016094440952], [27.120602472187954, 39.06016094440952]]]}, "id": "+384281+83387", "properties": {"area_ha": 56.06138708472521, "count": 201, "label": 1, "mean_dnbr": 0.35541996221504685}}, {"type": "Feature", "geometry": {"geodesic": false, "type": "Polygon", "coordinates": [[[27.124375396381254, 39.0757916303532], [27.124914385551733, 39.0757916303532], [27.124914385551733, 39.07633061952367], [27.125992363892692, 39.07633061952367], [27.125992363892692, 39.07686960869414], [27.126531353063143, 39.07686960869414], [27.126531353063143, 39.07740859786461], [27.128687309745033, 39.07740859786461], [27.128687309745033, 39.077947587035084], [27.12976528808599, 39.077947587035084], [27.12976528808599, 39.078486576205556], [27.128687309745033, 39.078486576205556], [27.128687309745033, 39.0795645545465], [27.127070342233623, 39.0795645545465], [27.127070342233623, 39.077947587035084], [27.124914385551733, 39.077947587035084], [27.124914385551733, 39.07740859786461], [27.124375396381254, 39.07740859786461], [27.124375396381254, 39.0757916303532]]]}, "id": "+384283+83348", "properties": {"area_ha": 7.249844868103425, "count": 26, "label": 1, "mean_dnbr": 0.2778225358817216}}, {"type": "Feature", "geometry": {"geodesic": false, "type": "Polygon", "coordinates": [[[27.124375396381254, 39.05531004187527], [27.126531353063143, 39.05531004187527], [27.126531353063143, 39.055849031045746], [27.127609331404102, 39.055849031045746], [27.127609331404102, 39.05692700938669], [27.127070342233623, 39.05692700938669], [27.127070342233623, 39.05746599855716], [27.126531353063143, 39.05746599855716], [27.126531353063143, 39.05692700938669], [27.123836407210803, 39.05692700938669], [27.123836407210803, 39.05638802021622], [27.124375396381254, 39.05638802021622], [27.124375396381254, 39.05531004187527]]]}, "id": "+384286+83386", "properties": {"area_ha": 5.020660760242669, "count": 18, "label": 1, "mean_dnbr": 0.24490005979021015}}, {"type": "Feature", "geometry": {"geodesic": false, "type": "Polygon", "coordinates": [[[27.124914385551733, 39.30594000614462], [27.127070342233623, 39.30594000614462], [27.127070342233623, 39.30647899531509], [27.126531353063143, 39.30647899531509], [27.126531353063143, 39.307556973656034], [27.127070342233623, 39.307556973656034], [27.127070342233623, 39.30917394116745], [27.124914385551733, 39.30917394116745], [27.124914385551733, 39.30863495199698], [27.125453374722213, 39.30863495199698], [27.125453374722213, 39.307556973656034], [27.125992363892692, 39.307556973656034], [27.125992363892692, 39.30701798448556], [27.125453374722213, 39.30701798448556], [27.125453374722213, 39.30647899531509], [27.124914385551733, 39.30647899531509], [27.124914385551733, 39.30594000614462]]]}, "id": "+384287+82921", "properties": {"area_ha": 4.724804406702867, "count": 17, "label": 1, "mean_dnbr": 0.39468356899163903}}, {"type": "Feature", "geometry": {"geodesic": false, "type": "Polygon", "coordinates": [[[27.130843266426922, 39.086571413762634], [27.1313822555974, 39.086571413762634], [27.1313822555974, 39.08711040293311], [27.13299922310881, 39.08711040293311], [27.13299922310881, 39.08764939210358], [27.13353821227929, 39.08764939210358], [27.13353821227929, 39.088727370444516], [27.132460233938332, 39.088727370444516], [27.132460233938332, 39.08926635961499], [27.130304277256442, 39.08926635961499], [27.130304277256442, 39.088188381274044], [27.130843266426922, 39.088188381274044], [27.130843266426922, 39.086571413762634]]]}, "id": "+384295+83328", "properties": {"area_ha": 5.575991680049858, "count": 20, "label": 1, "mean_dnbr": 0.42326236189128563}}, {"type": "Feature", "geometry": {"geodesic": false, "type": "Polygon", "coordinates": [[[27.130843266426922, 39.301628092780845], [27.13299922310881, 39.301628092780845], [27.13299922310881, 39.30324506029226], [27.130843266426922, 39.30324506029226], [27.130843266426922, 39.301628092780845]]]}, "id": "+384298+82929", "properties": {"area_ha": 3.3354038379457838, "count": 12, "label": 1, "mean_dnbr": 0.43232080292565966}}, {"type": "Feature", "geometry": {"geodesic": false, "type": "Polygon", "coordinates": [[[27.13731113647259, 39.303784049462735], [27.14000608232496, 39.303784049462735], [27.14000608232496, 39.30432303863321], [27.14054507149541, 39.30432303863321], [27.14054507149541, 39.30486202780368], [27.13785012564307, 39.30486202780368], [27.13785012564307, 39.305401016974145], [27.13731113647259, 39.305401016974145], [27.13731113647259, 39.30594000614462], [27.1351551797907, 39.30594000614462], [27.1351551797907, 39.305401016974145], [27.13569416896118, 39.305401016974145], [27.13569416896118, 39.30486202780368], [27.13731113647259, 39.30486202780368], [27.13731113647259, 39.303784049462735]]]}, "id": "+384311+82925", "properties": {"area_ha": 5.280882271382558, "count": 19, "label": 1, "mean_dnbr": 0.35529327030919766}}, {"type": "Feature", "geometry": {"geodesic": false, "type": "Polygon", "coordinates": [[[27.1427010281773, 39.072018706159895], [27.14377900651826, 39.072018706159895], [27.14377900651826, 39.07309668450084], [27.14431799568871, 39.07309668450084], [27.14431799568871, 39.07363567367131], [27.145934963200148, 39.07363567367131], [27.145934963200148, 39.074174662841784], [27.1464739523706, 39.074174662841784], [27.1464739523706, 39.07525264118273], [27.145934963200148, 39.07525264118273], [27.145934963200148, 39.074174662841784], [27.14431799568871, 39.074174662841784], [27.14431799568871, 39.07471365201226], [27.14485698485919, 39.07471365201226], [27.14485698485919, 39.07633061952367], [27.1427010281773, 39.07633061952367], [27.1427010281773, 39.07525264118273], [27.14324001734778, 39.07525264118273], [27.14324001734778, 39.07471365201226], [27.14377900651826, 39.07471365201226], [27.14377900651826, 39.074174662841784], [27.14431799568871, 39.074174662841784], [27.14431799568871, 39.07363567367131], [27.14377900651826, 39.07363567367131], [27.14377900651826, 39.07309668450084], [27.1427010281773, 39.07309668450084], [27.1427010281773, 39.072018706159895]]]}, "id": "+384318+83355", "properties": {"area_ha": 6.134772028938419, "count": 22, "label": 1, "mean_dnbr": 0.1726699021169816}}, {"type": "Feature", "geometry": {"geodesic": false, "type": "Polygon", "coordinates": [[[27.14431799568871, 39.0833374787398], [27.145395974029668, 39.0833374787398], [27.145395974029668, 39.08387646791027], [27.147012941541078, 39.08387646791027], [27.147012941541078, 39.084415457080745], [27.147551930711558, 39.084415457080745], [27.147551930711558, 39.08495444625122], [27.147012941541078, 39.08495444625122], [27.147012941541078, 39.08549343542169], [27.145395974029668, 39.08549343542169], [27.145395974029668, 39.08495444625122], [27.14431799568871, 39.08495444625122], [27.14431799568871, 39.084415457080745], [27.14377900651826, 39.084415457080745], [27.14377900651826, 39.08387646791027], [27.14431799568871, 39.08387646791027], [27.14431799568871, 39.0833374787398]]]}, "id": "+384321+83334", "properties": {"area_ha": 4.73983581317437, "count": 17, "label": 1, "mean_dnbr": 0.2904884018714019}}, {"type": "Feature", "geometry": {"geodesic": false, "type": "Polygon", "coordinates": [[[27.147012941541078, 39.055849031045746], [27.14809091988201, 39.055849031045746], [27.14809091988201, 39.05638802021622], [27.148629909052488, 39.05638802021622], [27.148629909052488, 39.05746599855716], [27.149168898222968, 39.05746599855716], [27.149168898222968, 39.05800498772763], [27.147012941541078, 39.05800498772763], [27.147012941541078, 39.055849031045746]]]}, "id": "+384326+83385", "properties": {"area_ha": 3.347071485515114, "count": 12, "label": 1, "mean_dnbr": 0.39718558756794425}}, {"type": "Feature", "geometry": {"geodesic": false, "type": "Polygon", "coordinates": [[[27.152402833245787, 39.074174662841784], [27.152941822416267, 39.074174662841784], [27.152941822416267, 39.07471365201226], [27.153480811586746, 39.07471365201226], [27.153480811586746, 39.07525264118273], [27.151863844075336, 39.07525264118273], [27.151863844075336, 39.0757916303532], [27.151324854904857, 39.0757916303532], [27.151324854904857, 39.07633061952367], [27.150246876563898, 39.07633061952367], [27.150246876563898, 39.07686960869414], [27.149707887393447, 39.07686960869414], [27.149707887393447, 39.07740859786461], [27.148629909052488, 39.07740859786461], [27.148629909052488, 39.07686960869414], [27.149168898222968, 39.07686960869414], [27.149168898222968, 39.07633061952367], [27.150246876563898, 39.07633061952367], [27.150246876563898, 39.0757916303532], [27.150785865734377, 39.0757916303532], [27.150785865734377, 39.07525264118273], [27.151863844075336, 39.07525264118273], [27.151863844075336, 39.07471365201226], [27.152402833245787, 39.07471365201226], [27.152402833245787, 39.074174662841784]]]}, "id": "+384335+83351", "properties": {"area_ha": 3.346178136736463, "count": 12, "label": 1, "mean_dnbr": 0.19118710318232768}}, {"type": "Feature", "geometry": {"geodesic": false, "type": "Polygon", "coordinates": [[[27.211152652827224, 39.09196130546735], [27.212230631168154, 39.09196130546735], [27.212230631168154, 39.09250029463782], [27.213847598679564, 39.09250029463782], [27.213847598679564, 39.093039283808295], [27.214386587850043, 39.093039283808295], [27.214386587850043, 39.09411726214923], [27.213847598679564, 39.09411726214923], [27.213847598679564, 39.094656251319705], [27.213308609509085, 39.094656251319705], [27.213308609509085, 39.09573422966065], [27.214925577020523, 39.09573422966065], [27.214925577020523, 39.09627321883112], [27.212230631168154, 39.09627321883112], [27.212230631168154, 39.09573422966065], [27.211691641997675, 39.09573422966065], [27.211691641997675, 39.09519524049018], [27.212230631168154, 39.09519524049018], [27.212230631168154, 39.09411726214923], [27.212769620338634, 39.09411726214923], [27.212769620338634, 39.09357827297877], [27.210613663656744, 39.09357827297877], [27.210613663656744, 39.09250029463782], [27.211152652827224, 39.09250029463782], [27.211152652827224, 39.09196130546735]]]}, "id": "+384445+83318", "properties": {"area_ha": 8.642070048214233, "count": 31, "label": 1, "mean_dnbr": 0.4632930010898285}}, {"type": "Feature", "geometry": {"geodesic": false, "type": "Polygon", "coordinates": [[[27.213308609509085, 39.100585132194894], [27.213847598679564, 39.100585132194894], [27.213847598679564, 39.101124121365366], [27.214386587850043, 39.101124121365366], [27.214386587850043, 39.10166311053584], [27.213847598679564, 39.10166311053584], [27.213847598679564, 39.10220209970631], [27.212769620338634, 39.10220209970631], [27.212769620338634, 39.10381906721773], [27.213308609509085, 39.10381906721773], [27.213308609509085, 39.1043580563882], [27.214925577020523, 39.1043580563882], [27.214925577020523, 39.10489704555867], [27.215464566190974, 39.10489704555867], [27.215464566190974, 39.105436034729145], [27.216003555361453, 39.105436034729145], [27.216003555361453, 39.10597502389961], [27.214925577020523, 39.10597502389961], [27.214925577020523, 39.10651401307008], [27.213308609509085, 39.10651401307008], [27.213308609509085, 39.10597502389961], [27.212769620338634, 39.10597502389961], [27.212769620338634, 39.105436034729145], [27.212230631168154, 39.105436034729145], [27.212230631168154, 39.1043580563882], [27.211691641997675, 39.1043580563882], [27.211691641997675, 39.103280078047256], [27.212230631168154, 39.103280078047256], [27.212230631168154, 39.10220209970631], [27.212769620338634, 39.10220209970631], [27.212769620338634, 39.101124121365366], [27.213308609509085, 39.101124121365366], [27.213308609509085, 39.100585132194894]]]}, "id": "+384448+83302", "properties": {"area_ha": 9.19827525612834, "count": 33, "label": 1, "mean_dnbr": 0.3468797569736262}}, {"type": "Feature", "geometry": {"geodesic": false, "type": "Polygon", "coordinates": [[[27.213847598679564, 39.08926635961499], [27.214925577020523, 39.08926635961499], [27.214925577020523, 39.08980534878546], [27.215464566190974, 39.08980534878546], [27.215464566190974, 39.09034433795593], [27.213847598679564, 39.09034433795593], [27.213847598679564, 39.09142231629688], [27.212769620338634, 39.09142231629688], [27.212769620338634, 39.090883327126406], [27.211691641997675, 39.090883327126406], [27.211691641997675, 39.09034433795593], [27.213308609509085, 39.09034433795593], [27.213308609509085, 39.08980534878546], [27.213847598679564, 39.08980534878546], [27.213847598679564, 39.08926635961499]]]}, "id": "+384450+83323", "properties": {"area_ha": 3.345488130805031, "count": 12, "label": 1, "mean_dnbr": 0.2868686715406201}}, {"type": "Feature", "geometry": {"geodesic": false, "type": "Polygon", "coordinates": [[[27.219237490384273, 39.088188381274044], [27.219776479554753, 39.088188381274044], [27.219776479554753, 39.088727370444516], [27.221393447066163, 39.088727370444516], [27.221393447066163, 39.08926635961499], [27.22247142540712, 39.08926635961499], [27.22247142540712, 39.09034433795593], [27.22085445789571, 39.09034433795593], [27.22085445789571, 39.08926635961499], [27.220315468725232, 39.08926635961499], [27.220315468725232, 39.08980534878546], [27.219776479554753, 39.08980534878546], [27.219776479554753, 39.08926635961499], [27.219237490384273, 39.08926635961499], [27.219237490384273, 39.088188381274044]]]}, "id": "+384459+83325", "properties": {"area_ha": 3.3455315897047084, "count": 12, "label": 1, "mean_dnbr": 0.2579818064711552}}, {"type": "Feature", "geometry": {"geodesic": false, "type": "Polygon", "coordinates": [[[27.220315468725232, 39.11082592643386], [27.221932436236642, 39.11082592643386], [27.221932436236642, 39.112981883115744], [27.219776479554753, 39.112981883115744], [27.219776479554753, 39.111364915604334], [27.220315468725232, 39.111364915604334], [27.220315468725232, 39.11082592643386]]]}, "id": "+384463+83283", "properties": {"area_ha": 4.180581350129269, "count": 15, "label": 1, "mean_dnbr": 0.3648499903647102}}, {"type": "Feature", "geometry": {"geodesic": false, "type": "Polygon", "coordinates": [[[27.22408839291853, 39.08764939210358], [27.225166371259462, 39.08764939210358], [27.225166371259462, 39.088188381274044], [27.22570536042994, 39.088188381274044], [27.22570536042994, 39.08926635961499], [27.22462738208901, 39.08926635961499], [27.22462738208901, 39.08980534878546], [27.22408839291853, 39.08980534878546], [27.22408839291853, 39.09034433795593], [27.2230104145776, 39.09034433795593], [27.2230104145776, 39.088727370444516], [27.22247142540712, 39.088727370444516], [27.22247142540712, 39.088188381274044], [27.22408839291853, 39.088188381274044], [27.22408839291853, 39.08764939210358]]]}, "id": "+384469+83326", "properties": {"area_ha": 5.018331575975543, "count": 18, "label": 1, "mean_dnbr": 0.3474056603270205}}, {"type": "Feature", "geometry": {"geodesic": false, "type": "Polygon", "coordinates": [[[27.238641100521278, 39.138314374127916], [27.23971907886221, 39.138314374127916], [27.23971907886221, 39.13993134163933], [27.23702413300984, 39.13993134163933], [27.23702413300984, 39.138314374127916], [27.23756312218032, 39.138314374127916], [27.23756312218032, 39.13885336329839], [27.238641100521278, 39.13885336329839], [27.238641100521278, 39.138314374127916]]]}, "id": "+384496+83232", "properties": {"area_ha": 3.621777416177903, "count": 13, "label": 1, "mean_dnbr": 0.4926495945691057}}, {"type": "Feature", "geometry": {"geodesic": false, "type": "Polygon", "coordinates": [[[27.241875035544098, 39.12699560154801], [27.242414024714577, 39.12699560154801], [27.242414024714577, 39.12753459071848], [27.243492003055508, 39.12753459071848], [27.243492003055508, 39.128073579888955], [27.245108970566918, 39.128073579888955], [27.245108970566918, 39.12861256905943], [27.244569981396467, 39.12861256905943], [27.244569981396467, 39.1291515582299], [27.243492003055508, 39.1291515582299], [27.243492003055508, 39.12969054740037], [27.242953013885028, 39.12969054740037], [27.242953013885028, 39.13022953657084], [27.242414024714577, 39.13022953657084], [27.242414024714577, 39.1291515582299], [27.242953013885028, 39.1291515582299], [27.242953013885028, 39.128073579888955], [27.241875035544098, 39.128073579888955], [27.241875035544098, 39.12699560154801]]]}, "id": "+384501+83253", "properties": {"area_ha": 3.9009523776183945, "count": 14, "label": 1, "mean_dnbr": 0.4073951721829496}}, {"type": "Feature", "geometry": {"geodesic": false, "type": "Polygon", "coordinates": [[[27.242414024714577, 39.13939235246886], [27.243492003055508, 39.13939235246886], [27.243492003055508, 39.140470330809805], [27.242953013885028, 39.140470330809805], [27.242953013885028, 39.14100931998028], [27.242414024714577, 39.14100931998028], [27.242414024714577, 39.14154830915075], [27.241875035544098, 39.14154830915075], [27.241875035544098, 39.14208729832122], [27.240797057203167, 39.14208729832122], [27.240797057203167, 39.14154830915075], [27.240258068032688, 39.14154830915075], [27.240258068032688, 39.14100931998028], [27.24133604637362, 39.14100931998028], [27.24133604637362, 39.140470330809805], [27.241875035544098, 39.140470330809805], [27.241875035544098, 39.13993134163933], [27.242414024714577, 39.13993134163933], [27.242414024714577, 39.13939235246886]]]}, "id": "+384503+83230", "properties": {"area_ha": 3.900275481213436, "count": 14, "label": 1, "mean_dnbr": 0.42294480045496136}}, {"type": "Feature", "geometry": {"geodesic": false, "type": "Polygon", "coordinates": [[[27.242414024714577, 39.111903904774806], [27.243492003055508, 39.111903904774806], [27.243492003055508, 39.11244289394527], [27.244569981396467, 39.11244289394527], [27.244569981396467, 39.112981883115744], [27.245108970566918, 39.112981883115744], [27.245108970566918, 39.113520872286216], [27.245647959737397, 39.113520872286216], [27.245647959737397, 39.11405986145669], [27.245108970566918, 39.11405986145669], [27.245108970566918, 39.11513783979763], [27.244030992225987, 39.11513783979763], [27.244030992225987, 39.115676828968105], [27.242953013885028, 39.115676828968105], [27.242953013885028, 39.11459885062716], [27.243492003055508, 39.11459885062716], [27.243492003055508, 39.113520872286216], [27.242953013885028, 39.113520872286216], [27.242953013885028, 39.112981883115744], [27.242414024714577, 39.112981883115744], [27.242414024714577, 39.111903904774806]]]}, "id": "+384503+83281", "properties": {"area_ha": 6.410054270227756, "count": 23, "label": 1, "mean_dnbr": 0.3720383908138126}}, {"type": "Feature", "geometry": {"geodesic": false, "type": "Polygon", "coordinates": [[[27.244569981396467, 39.065550836114234], [27.245108970566918, 39.065550836114234], [27.245108970566918, 39.066089825284706], [27.245647959737397, 39.066089825284706], [27.245647959737397, 39.068245781966596], [27.246725938078356, 39.068245781966596], [27.246725938078356, 39.06932376030754], [27.243492003055508, 39.06932376030754], [27.243492003055508, 39.06878477113707], [27.244030992225987, 39.06878477113707], [27.244030992225987, 39.068245781966596], [27.244569981396467, 39.068245781966596], [27.244569981396467, 39.06716780362565], [27.244030992225987, 39.06716780362565], [27.244030992225987, 39.066089825284706], [27.244569981396467, 39.066089825284706], [27.244569981396467, 39.065550836114234]]]}, "id": "+384506+83367", "properties": {"area_ha": 6.135368852190442, "count": 22, "label": 1, "mean_dnbr": 0.43287815426830767}}, {"type": "Feature", "geometry": {"geodesic": false, "type": "Polygon", "coordinates": [[[27.246725938078356, 39.09573422966065], [27.247803916419286, 39.09573422966065], [27.247803916419286, 39.09627321883112], [27.248342905589766, 39.09627321883112], [27.248342905589766, 39.096812208001595], [27.248881894760217, 39.096812208001595], [27.248881894760217, 39.09735119717207], [27.248342905589766, 39.09735119717207], [27.248342905589766, 39.09789018634254], [27.246725938078356, 39.09789018634254], [27.246725938078356, 39.098968164683484], [27.245108970566918, 39.098968164683484], [27.245108970566918, 39.09842917551301], [27.244569981396467, 39.09842917551301], [27.244569981396467, 39.098968164683484], [27.242414024714577, 39.098968164683484], [27.242414024714577, 39.09842917551301], [27.24133604637362, 39.09842917551301], [27.24133604637362, 39.09789018634254], [27.240258068032688, 39.09789018634254], [27.240258068032688, 39.09735119717207], [27.240797057203167, 39.09735119717207], [27.240797057203167, 39.096812208001595], [27.241875035544098, 39.096812208001595], [27.241875035544098, 39.09735119717207], [27.242414024714577, 39.09735119717207], [27.242414024714577, 39.096812208001595], [27.242953013885028, 39.096812208001595], [27.242953013885028, 39.09573422966065], [27.243492003055508, 39.09573422966065], [27.243492003055508, 39.096812208001595], [27.242953013885028, 39.096812208001595], [27.242953013885028, 39.09735119717207], [27.243492003055508, 39.09735119717207], [27.243492003055508, 39.09789018634254], [27.245647959737397, 39.09789018634254], [27.245647959737397, 39.09735119717207], [27.247264927248807, 39.09735119717207], [27.247264927248807, 39.096812208001595], [27.246725938078356, 39.096812208001595], [27.246725938078356, 39.09573422966065]]]}, "id": "+384511+83311", "properties": {"area_ha": 11.429236636580878, "count": 41, "label": 1, "mean_dnbr": 0.2648048814645757}}, {"type": "Feature", "geometry": {"geodesic": false, "type": "Polygon", "coordinates": [[[27.251576840612586, 39.12537863403659], [27.252654818953545, 39.12537863403659], [27.252654818953545, 39.12699560154801], [27.254271786464955, 39.12699560154801], [27.254271786464955, 39.12753459071848], [27.254810775635406, 39.12753459071848], [27.254810775635406, 39.128073579888955], [27.255349764805885, 39.128073579888955], [27.255349764805885, 39.12699560154801], [27.256966732317295, 39.12699560154801], [27.256966732317295, 39.12753459071848], [27.256427743146844, 39.12753459071848], [27.256427743146844, 39.128073579888955], [27.255888753976365, 39.128073579888955], [27.255888753976365, 39.1291515582299], [27.253732797294475, 39.1291515582299], [27.253732797294475, 39.12861256905943], [27.254271786464955, 39.12861256905943], [27.254271786464955, 39.128073579888955], [27.253732797294475, 39.128073579888955], [27.253732797294475, 39.12753459071848], [27.252654818953545, 39.12753459071848], [27.252654818953545, 39.12861256905943], [27.252115829783065, 39.12861256905943], [27.252115829783065, 39.1291515582299], [27.251576840612586, 39.1291515582299], [27.251576840612586, 39.12861256905943], [27.251037851442106, 39.12861256905943], [27.251037851442106, 39.128073579888955], [27.249959873101176, 39.128073579888955], [27.249959873101176, 39.12699560154801], [27.249420883930696, 39.12699560154801], [27.249420883930696, 39.125917623207066], [27.251037851442106, 39.125917623207066], [27.251037851442106, 39.12645661237754], [27.251576840612586, 39.12645661237754], [27.251576840612586, 39.12537863403659]]]}, "id": "+384520+83256", "properties": {"area_ha": 12.260332752002022, "count": 44, "label": 1, "mean_dnbr": 0.34558041236098097}}, {"type": "Feature", "geometry": {"geodesic": false, "type": "Polygon", "coordinates": [[[27.252115829783065, 39.14154830915075], [27.253193808123996, 39.14154830915075], [27.253193808123996, 39.14316527666216], [27.251037851442106, 39.14316527666216], [27.251037851442106, 39.14262628749169], [27.249959873101176, 39.14262628749169], [27.249959873101176, 39.14208729832122], [27.249420883930696, 39.14208729832122], [27.249420883930696, 39.14154830915075], [27.249959873101176, 39.14154830915075], [27.249959873101176, 39.14208729832122], [27.252115829783065, 39.14208729832122], [27.252115829783065, 39.14154830915075]]]}, "id": "+384521+83226", "properties": {"area_ha": 3.6216016335448504, "count": 13, "label": 1, "mean_dnbr": 0.500989133158215}}, {"type": "Feature", "geometry": {"geodesic": false, "type": "Polygon", "coordinates": [[[27.251576840612586, 39.07902556537603], [27.253193808123996, 39.07902556537603], [27.253193808123996, 39.080642532887445], [27.252654818953545, 39.080642532887445], [27.252654818953545, 39.08118152205792], [27.251576840612586, 39.08118152205792], [27.251576840612586, 39.07902556537603]]]}, "id": "+384521+83342", "properties": {"area_ha": 3.067143383806042, "count": 11, "label": 1, "mean_dnbr": 0.29748938927433644}}, {"type": "Feature", "geometry": {"geodesic": false, "type": "Polygon", "coordinates": [[[27.252654818953545, 39.07255769533037], [27.253193808123996, 39.07255769533037], [27.253193808123996, 39.07309668450084], [27.253732797294475, 39.07309668450084], [27.253732797294475, 39.074174662841784], [27.254271786464955, 39.074174662841784], [27.254271786464955, 39.07525264118273], [27.253732797294475, 39.07525264118273], [27.253732797294475, 39.0757916303532], [27.252115829783065, 39.0757916303532], [27.252115829783065, 39.07525264118273], [27.251576840612586, 39.07525264118273], [27.251576840612586, 39.07471365201226], [27.252115829783065, 39.07471365201226], [27.252115829783065, 39.074174662841784], [27.252654818953545, 39.074174662841784], [27.252654818953545, 39.07363567367131], [27.253193808123996, 39.07363567367131], [27.253193808123996, 39.07309668450084], [27.252654818953545, 39.07309668450084], [27.252654818953545, 39.07255769533037]]]}, "id": "+384521+83354", "properties": {"area_ha": 4.461649510331343, "count": 16, "label": 1, "mean_dnbr": 0.39420379299463576}}, {"type": "Feature", "geometry": {"geodesic": false, "type": "Polygon", "coordinates": [[[27.253732797294475, 39.13723639578697], [27.254810775635406, 39.13723639578697], [27.254810775635406, 39.13777538495744], [27.255349764805885, 39.13777538495744], [27.255349764805885, 39.138314374127916], [27.255888753976365, 39.138314374127916], [27.255888753976365, 39.13885336329839], [27.255349764805885, 39.13885336329839], [27.255349764805885, 39.13939235246886], [27.254810775635406, 39.13939235246886], [27.254810775635406, 39.13993134163933], [27.254271786464955, 39.13993134163933], [27.254271786464955, 39.13939235246886], [27.252654818953545, 39.13939235246886], [27.252654818953545, 39.13885336329839], [27.253193808123996, 39.13885336329839], [27.253193808123996, 39.13777538495744], [27.253732797294475, 39.13777538495744], [27.253732797294475, 39.13723639578697]]]}, "id": "+384524+83234", "properties": {"area_ha": 4.736201260223415, "count": 17, "label": 1, "mean_dnbr": 0.38264949568730416}}, {"type": "Feature", "geometry": {"geodesic": false, "type": "Polygon", "coordinates": [[[27.255349764805885, 39.11244289394527], [27.255888753976365, 39.11244289394527], [27.255888753976365, 39.11405986145669], [27.252654818953545, 39.11405986145669], [27.252654818953545, 39.112981883115744], [27.255349764805885, 39.112981883115744], [27.255349764805885, 39.11244289394527]]]}, "id": "+384526+83280", "properties": {"area_ha": 3.623099626394082, "count": 13, "label": 1, "mean_dnbr": 0.4145357968944558}}, {"type": "Feature", "geometry": {"geodesic": false, "type": "Polygon", "coordinates": [[[27.256427743146844, 39.11082592643386], [27.257505721487775, 39.11082592643386], [27.257505721487775, 39.111903904774806], [27.254271786464955, 39.111903904774806], [27.254271786464955, 39.11244289394527], [27.253732797294475, 39.11244289394527], [27.253732797294475, 39.111903904774806], [27.254271786464955, 39.111903904774806], [27.254271786464955, 39.11082592643386], [27.255888753976365, 39.11082592643386], [27.255888753976365, 39.111364915604334], [27.256427743146844, 39.111364915604334], [27.256427743146844, 39.11082592643386]]]}, "id": "+384529+83283", "properties": {"area_ha": 3.3445051238437684, "count": 12, "label": 1, "mean_dnbr": 0.3328548439095527}}, {"type": "Feature", "geometry": {"geodesic": false, "type": "Polygon", "coordinates": [[[27.258583699828733, 39.12537863403659], [27.259122688999184, 39.12537863403659], [27.259122688999184, 39.12699560154801], [27.260739656510623, 39.12699560154801], [27.260739656510623, 39.128073579888955], [27.260200667340143, 39.128073579888955], [27.260200667340143, 39.12861256905943], [27.259122688999184, 39.12861256905943], [27.259122688999184, 39.128073579888955], [27.258583699828733, 39.128073579888955], [27.258583699828733, 39.12753459071848], [27.259122688999184, 39.12753459071848], [27.259122688999184, 39.12699560154801], [27.258044710658254, 39.12699560154801], [27.258044710658254, 39.12645661237754], [27.257505721487775, 39.12645661237754], [27.257505721487775, 39.125917623207066], [27.258583699828733, 39.125917623207066], [27.258583699828733, 39.12537863403659]]]}, "id": "+384532+83256", "properties": {"area_ha": 4.179673760580067, "count": 15, "label": 1, "mean_dnbr": 0.33712323112684767}}, {"type": "Feature", "geometry": {"geodesic": false, "type": "Polygon", "coordinates": [[[27.258044710658254, 39.072018706159895], [27.259122688999184, 39.072018706159895], [27.259122688999184, 39.07255769533037], [27.260200667340143, 39.07255769533037], [27.260200667340143, 39.07309668450084], [27.260739656510623, 39.07309668450084], [27.260739656510623, 39.07363567367131], [27.260200667340143, 39.07363567367131], [27.260200667340143, 39.074174662841784], [27.259122688999184, 39.074174662841784], [27.259122688999184, 39.07363567367131], [27.258583699828733, 39.07363567367131], [27.258583699828733, 39.07255769533037], [27.258044710658254, 39.07255769533037], [27.258044710658254, 39.072018706159895]]]}, "id": "+384532+83355", "properties": {"area_ha": 3.06744499491211, "count": 11, "label": 1, "mean_dnbr": 0.19269792220228318}}, {"type": "Feature", "geometry": {"geodesic": false, "type": "Polygon", "coordinates": [[[27.259661678169664, 39.14316527666216], [27.260200667340143, 39.14316527666216], [27.260200667340143, 39.14370426583263], [27.260739656510623, 39.14370426583263], [27.260739656510623, 39.144243255003104], [27.259661678169664, 39.144243255003104], [27.259661678169664, 39.14478224417358], [27.259122688999184, 39.14478224417358], [27.259122688999184, 39.14532123334405], [27.259661678169664, 39.14532123334405], [27.259661678169664, 39.14586022251452], [27.258583699828733, 39.14586022251452], [27.258583699828733, 39.14532123334405], [27.257505721487775, 39.14532123334405], [27.257505721487775, 39.14478224417358], [27.258044710658254, 39.14478224417358], [27.258044710658254, 39.144243255003104], [27.259122688999184, 39.144243255003104], [27.259122688999184, 39.14370426583263], [27.259661678169664, 39.14370426583263], [27.259661678169664, 39.14316527666216]]]}, "id": "+384534+83223", "properties": {"area_ha": 3.3429134921850068, "count": 12, "label": 1, "mean_dnbr": 0.38246590243128814}}, {"type": "Feature", "geometry": {"geodesic": false, "type": "Polygon", "coordinates": [[[27.260739656510623, 39.09357827297877], [27.261278645681074, 39.09357827297877], [27.261278645681074, 39.09411726214923], [27.260739656510623, 39.09411726214923], [27.260739656510623, 39.094656251319705], [27.261278645681074, 39.094656251319705], [27.261278645681074, 39.09519524049018], [27.261817634851553, 39.09519524049018], [27.261817634851553, 39.094656251319705], [27.262356624022033, 39.094656251319705], [27.262356624022033, 39.09411726214923], [27.263434602362963, 39.09411726214923], [27.263434602362963, 39.094656251319705], [27.263973591533443, 39.094656251319705], [27.263973591533443, 39.09519524049018], [27.262895613192484, 39.09519524049018], [27.262895613192484, 39.09627321883112], [27.261817634851553, 39.09627321883112], [27.261817634851553, 39.09573422966065], [27.261278645681074, 39.09573422966065], [27.261278645681074, 39.09519524049018], [27.259122688999184, 39.09519524049018], [27.259122688999184, 39.09627321883112], [27.258583699828733, 39.09627321883112], [27.258583699828733, 39.09735119717207], [27.257505721487775, 39.09735119717207], [27.257505721487775, 39.096812208001595], [27.256966732317295, 39.096812208001595], [27.256966732317295, 39.09627321883112], [27.258044710658254, 39.09627321883112], [27.258044710658254, 39.09573422966065], [27.257505721487775, 39.09573422966065], [27.257505721487775, 39.094656251319705], [27.258044710658254, 39.094656251319705], [27.258044710658254, 39.09411726214923], [27.260739656510623, 39.09411726214923], [27.260739656510623, 39.09357827297877]]]}, "id": "+384536+83315", "properties": {"area_ha": 9.4782127871168, "count": 34, "label": 1, "mean_dnbr": 0.18038759071211194}}, {"type": "Feature", "geometry": {"geodesic": false, "type": "Polygon", "coordinates": [[[27.260200667340143, 39.099507153853956], [27.261817634851553, 39.099507153853956], [27.261817634851553, 39.10220209970631], [27.261278645681074, 39.10220209970631], [27.261278645681074, 39.101124121365366], [27.260739656510623, 39.101124121365366], [27.260739656510623, 39.100585132194894], [27.259661678169664, 39.100585132194894], [27.259661678169664, 39.10004614302442], [27.260200667340143, 39.10004614302442], [27.260200667340143, 39.099507153853956]]]}, "id": "+384537+83304", "properties": {"area_ha": 3.066252789314847, "count": 11, "label": 1, "mean_dnbr": 0.19620433718474006}}, {"type": "Feature", "geometry": {"geodesic": false, "type": "Polygon", "coordinates": [[[27.261278645681074, 39.07471365201226], [27.262356624022033, 39.07471365201226], [27.262356624022033, 39.07525264118273], [27.261817634851553, 39.07525264118273], [27.261817634851553, 39.0757916303532], [27.260739656510623, 39.0757916303532], [27.260739656510623, 39.07633061952367], [27.260200667340143, 39.07633061952367], [27.260200667340143, 39.0757916303532], [27.259661678169664, 39.0757916303532], [27.259661678169664, 39.07633061952367], [27.259122688999184, 39.07633061952367], [27.259122688999184, 39.07686960869414], [27.258044710658254, 39.07686960869414], [27.258044710658254, 39.07471365201226], [27.259122688999184, 39.07471365201226], [27.259122688999184, 39.0757916303532], [27.259661678169664, 39.0757916303532], [27.259661678169664, 39.07525264118273], [27.260200667340143, 39.07525264118273], [27.260200667340143, 39.07471365201226], [27.260739656510623, 39.07471365201226], [27.260739656510623, 39.07525264118273], [27.261278645681074, 39.07525264118273], [27.261278645681074, 39.07471365201226]]]}, "id": "+384538+83350", "properties": {"area_ha": 4.740430122469709, "count": 17, "label": 1, "mean_dnbr": 0.26809369547370926}}, {"type": "Feature", "geometry": {"geodesic": false, "type": "Polygon", "coordinates": [[[27.263434602362963, 39.146938200855466], [27.263973591533443, 39.146938200855466], [27.263973591533443, 39.14747719002594], [27.265590559044853, 39.14747719002594], [27.265590559044853, 39.14801617919641], [27.266129548215332, 39.14801617919641], [27.266129548215332, 39.148555168366876], [27.26666853738581, 39.148555168366876], [27.26666853738581, 39.14909415753735], [27.266129548215332, 39.14909415753735], [27.266129548215332, 39.148555168366876], [27.264512580703922, 39.148555168366876], [27.264512580703922, 39.14909415753735], [27.263973591533443, 39.14909415753735], [27.263973591533443, 39.14963314670782], [27.263434602362963, 39.14963314670782], [27.263434602362963, 39.14909415753735], [27.263973591533443, 39.14909415753735], [27.263973591533443, 39.148555168366876], [27.262356624022033, 39.148555168366876], [27.262356624022033, 39.14747719002594], [27.263434602362963, 39.14747719002594], [27.263434602362963, 39.146938200855466]]]}, "id": "+384541+83216", "properties": {"area_ha": 4.735554949569352, "count": 17, "label": 1, "mean_dnbr": 0.3867586590958259}}, {"type": "Feature", "geometry": {"geodesic": false, "type": "Polygon", "coordinates": [[[27.265051569874373, 39.1043580563882], [27.266129548215332, 39.1043580563882], [27.266129548215332, 39.10489704555867], [27.267207526556263, 39.10489704555867], [27.267207526556263, 39.10597502389961], [27.266129548215332, 39.10597502389961], [27.266129548215332, 39.10651401307008], [27.265590559044853, 39.10651401307008], [27.265590559044853, 39.107053002240555], [27.265051569874373, 39.107053002240555], [27.265051569874373, 39.10651401307008], [27.263973591533443, 39.10651401307008], [27.263973591533443, 39.105436034729145], [27.264512580703922, 39.105436034729145], [27.264512580703922, 39.10489704555867], [27.265051569874373, 39.10489704555867], [27.265051569874373, 39.1043580563882]]]}, "id": "+384545+83295", "properties": {"area_ha": 5.0171444427785925, "count": 18, "label": 1, "mean_dnbr": 0.3534467938602153}}, {"type": "Feature", "geometry": {"geodesic": false, "type": "Polygon", "coordinates": [[[27.268824494067673, 39.121605709843294], [27.269363483238152, 39.121605709843294], [27.269363483238152, 39.12322267735471], [27.26990247240863, 39.12322267735471], [27.26990247240863, 39.12376166652518], [27.27044146157911, 39.12376166652518], [27.27044146157911, 39.12430065569565], [27.26990247240863, 39.12430065569565], [27.26990247240863, 39.12483964486612], [27.269363483238152, 39.12483964486612], [27.269363483238152, 39.12376166652518], [27.26828550489722, 39.12376166652518], [27.26828550489722, 39.12430065569565], [27.265590559044853, 39.12430065569565], [27.265590559044853, 39.12376166652518], [27.26828550489722, 39.12376166652518], [27.26828550489722, 39.12322267735471], [27.268824494067673, 39.12322267735471], [27.268824494067673, 39.121605709843294]]]}, "id": "+384551+83263", "properties": {"area_ha": 3.901227871645465, "count": 14, "label": 1, "mean_dnbr": 0.23953086716132552}}, {"type": "Feature", "geometry": {"geodesic": false, "type": "Polygon", "coordinates": [[[27.26990247240863, 39.128073579888955], [27.270980450749562, 39.128073579888955], [27.270980450749562, 39.1291515582299], [27.27044146157911, 39.1291515582299], [27.27044146157911, 39.13022953657084], [27.268824494067673, 39.13022953657084], [27.268824494067673, 39.13076852574131], [27.26828550489722, 39.13076852574131], [27.26828550489722, 39.13022953657084], [27.268824494067673, 39.13022953657084], [27.268824494067673, 39.12969054740037], [27.26990247240863, 39.12969054740037], [27.26990247240863, 39.1291515582299], [27.268824494067673, 39.1291515582299], [27.268824494067673, 39.12861256905943], [27.26990247240863, 39.12861256905943], [27.26990247240863, 39.128073579888955]]]}, "id": "+384554+83251", "properties": {"area_ha": 3.0650046684792356, "count": 11, "label": 1, "mean_dnbr": 0.19075505104352808}}, {"type": "Feature", "geometry": {"geodesic": false, "type": "Polygon", "coordinates": [[[27.27044146157911, 39.09250029463782], [27.272597418261, 39.09250029463782], [27.272597418261, 39.093039283808295], [27.27151943992004, 39.093039283808295], [27.27151943992004, 39.09357827297877], [27.27367539660193, 39.09357827297877], [27.27367539660193, 39.094656251319705], [27.27313640743145, 39.094656251319705], [27.27313640743145, 39.09519524049018], [27.270980450749562, 39.09519524049018], [27.270980450749562, 39.09573422966065], [27.27044146157911, 39.09573422966065], [27.27044146157911, 39.09519524049018], [27.267207526556263, 39.09519524049018], [27.267207526556263, 39.094656251319705], [27.267746515726742, 39.094656251319705], [27.267746515726742, 39.09411726214923], [27.269363483238152, 39.09411726214923], [27.269363483238152, 39.094656251319705], [27.27151943992004, 39.094656251319705], [27.27151943992004, 39.09357827297877], [27.270980450749562, 39.09357827297877], [27.270980450749562, 39.093039283808295], [27.27044146157911, 39.093039283808295], [27.27044146157911, 39.09250029463782]]]}, "id": "+384557+83317", "properties": {"area_ha": 7.805708380523181, "count": 28, "label": 1, "mean_dnbr": 0.18064954463764676}}, {"type": "Feature", "geometry": {"geodesic": false, "type": "Polygon", "coordinates": [[[27.27205842909052, 39.12268368818424], [27.27421438577241, 39.12268368818424], [27.27421438577241, 39.12376166652518], [27.27367539660193, 39.12376166652518], [27.27367539660193, 39.12430065569565], [27.27313640743145, 39.12430065569565], [27.27313640743145, 39.125917623207066], [27.272597418261, 39.125917623207066], [27.272597418261, 39.12483964486612], [27.270980450749562, 39.12483964486612], [27.270980450749562, 39.12430065569565], [27.27151943992004, 39.12430065569565], [27.27151943992004, 39.12376166652518], [27.27205842909052, 39.12376166652518], [27.27205842909052, 39.12268368818424]]]}, "id": "+384560+83261", "properties": {"area_ha": 5.015835973571687, "count": 18, "label": 1, "mean_dnbr": 0.3077174739580237}}, {"type": "Feature", "geometry": {"geodesic": false, "type": "Polygon", "coordinates": [[[27.27421438577241, 39.086571413762634], [27.2763703424543, 39.086571413762634], [27.2763703424543, 39.08711040293311], [27.27583135328382, 39.08711040293311], [27.27583135328382, 39.088188381274044], [27.27529236411334, 39.088188381274044], [27.27529236411334, 39.088727370444516], [27.27421438577241, 39.088727370444516], [27.27421438577241, 39.088188381274044], [27.27367539660193, 39.088188381274044], [27.27367539660193, 39.090883327126406], [27.272597418261, 39.090883327126406], [27.272597418261, 39.088727370444516], [27.27205842909052, 39.088727370444516], [27.27205842909052, 39.08711040293311], [27.27421438577241, 39.08711040293311], [27.27421438577241, 39.086571413762634]], [[27.27529236411334, 39.08711040293311], [27.27529236411334, 39.08764939210358], [27.27421438577241, 39.08764939210358], [27.27421438577241, 39.08711040293311], [27.27529236411334, 39.08711040293311]]]}, "id": "+384564+83328", "properties": {"area_ha": 8.085151972998771, "count": 29, "label": 1, "mean_dnbr": 0.34491232658357446}}, {"type": "Feature", "geometry": {"geodesic": false, "type": "Polygon", "coordinates": [[[27.27798730996571, 39.09357827297877], [27.27852629913619, 39.09357827297877], [27.27852629913619, 39.09519524049018], [27.2801432666476, 39.09519524049018], [27.2801432666476, 39.09573422966065], [27.27960427747712, 39.09573422966065], [27.27960427747712, 39.09627321883112], [27.27798730996571, 39.09627321883112], [27.27798730996571, 39.09735119717207], [27.27583135328382, 39.09735119717207], [27.27583135328382, 39.096812208001595], [27.27529236411334, 39.096812208001595], [27.27529236411334, 39.09627321883112], [27.27744832079523, 39.09627321883112], [27.27744832079523, 39.09519524049018], [27.27529236411334, 39.09519524049018], [27.27529236411334, 39.094656251319705], [27.27583135328382, 39.094656251319705], [27.27583135328382, 39.09357827297877], [27.27744832079523, 39.09357827297877], [27.27744832079523, 39.094656251319705], [27.27798730996571, 39.094656251319705], [27.27798730996571, 39.09357827297877]]]}, "id": "+384568+83315", "properties": {"area_ha": 8.920656078122091, "count": 32, "label": 1, "mean_dnbr": 0.4009551305199884}}, {"type": "Feature", "geometry": {"geodesic": false, "type": "Polygon", "coordinates": [[[27.27690933162475, 39.08010354371697], [27.27852629913619, 39.08010354371697], [27.27852629913619, 39.08118152205792], [27.27744832079523, 39.08118152205792], [27.27744832079523, 39.082259500398855], [27.27690933162475, 39.082259500398855], [27.27690933162475, 39.08279848956933], [27.27583135328382, 39.08279848956933], [27.27583135328382, 39.0833374787398], [27.27475337494286, 39.0833374787398], [27.27475337494286, 39.082259500398855], [27.27421438577241, 39.082259500398855], [27.27421438577241, 39.08172051122839], [27.27529236411334, 39.08172051122839], [27.27529236411334, 39.08118152205792], [27.27583135328382, 39.08118152205792], [27.27583135328382, 39.080642532887445], [27.27690933162475, 39.080642532887445], [27.27690933162475, 39.08010354371697]]]}, "id": "+384568+83340", "properties": {"area_ha": 6.691797522443916, "count": 24, "label": 1, "mean_dnbr": 0.22792283399996352}}, {"type": "Feature", "geometry": {"geodesic": false, "type": "Polygon", "coordinates": [[[27.27906528830664, 39.10166311053584], [27.28068225581805, 39.10166311053584], [27.28068225581805, 39.10220209970631], [27.27960427747712, 39.10220209970631], [27.27960427747712, 39.10274108887678], [27.27852629913619, 39.10274108887678], [27.27852629913619, 39.10381906721773], [27.27690933162475, 39.10381906721773], [27.27690933162475, 39.1043580563882], [27.2763703424543, 39.1043580563882], [27.2763703424543, 39.10489704555867], [27.27475337494286, 39.10489704555867], [27.27475337494286, 39.10381906721773], [27.27529236411334, 39.10381906721773], [27.27529236411334, 39.10274108887678], [27.27852629913619, 39.10274108887678], [27.27852629913619, 39.10220209970631], [27.27906528830664, 39.10220209970631], [27.27906528830664, 39.10166311053584]]]}, "id": "+384572+83300", "properties": {"area_ha": 6.689722571353882, "count": 24, "label": 1, "mean_dnbr": 0.4038736101203319}}, {"type": "Feature", "geometry": {"geodesic": false, "type": "Polygon", "coordinates": [[[27.27798730996571, 39.088727370444516], [27.28068225581805, 39.088727370444516], [27.28068225581805, 39.09034433795593], [27.27960427747712, 39.09034433795593], [27.27960427747712, 39.08980534878546], [27.27798730996571, 39.08980534878546], [27.27798730996571, 39.088727370444516]]]}, "id": "+384572+83324", "properties": {"area_ha": 3.345522605060714, "count": 12, "label": 1, "mean_dnbr": 0.27333133856115804}}, {"type": "Feature", "geometry": {"geodesic": false, "type": "Polygon", "coordinates": [[[27.27960427747712, 39.0833374787398], [27.28122124498853, 39.0833374787398], [27.28122124498853, 39.08387646791027], [27.28068225581805, 39.08387646791027], [27.28068225581805, 39.084415457080745], [27.2801432666476, 39.084415457080745], [27.2801432666476, 39.08549343542169], [27.27906528830664, 39.08549343542169], [27.27906528830664, 39.08495444625122], [27.27798730996571, 39.08495444625122], [27.27798730996571, 39.084415457080745], [27.27852629913619, 39.084415457080745], [27.27852629913619, 39.08387646791027], [27.27960427747712, 39.08387646791027], [27.27960427747712, 39.0833374787398]]]}, "id": "+384573+83334", "properties": {"area_ha": 3.624584041477619, "count": 13, "label": 1, "mean_dnbr": 0.2884958967071381}}, {"type": "Feature", "geometry": {"geodesic": false, "type": "Polygon", "coordinates": [[[27.28122124498853, 39.09411726214923], [27.28176023415901, 39.09411726214923], [27.28176023415901, 39.094656251319705], [27.28283821249994, 39.094656251319705], [27.28283821249994, 39.09627321883112], [27.28337720167042, 39.09627321883112], [27.28337720167042, 39.09735119717207], [27.28122124498853, 39.09735119717207], [27.28122124498853, 39.096812208001595], [27.28068225581805, 39.096812208001595], [27.28068225581805, 39.09627321883112], [27.28176023415901, 39.09627321883112], [27.28176023415901, 39.09573422966065], [27.28122124498853, 39.09573422966065], [27.28122124498853, 39.09411726214923]]]}, "id": "+384574+83314", "properties": {"area_ha": 5.017831525859105, "count": 18, "label": 1, "mean_dnbr": 0.23617186994052977}}, {"type": "Feature", "geometry": {"geodesic": false, "type": "Polygon", "coordinates": [[[27.28176023415901, 39.078486576205556], [27.28229922332949, 39.078486576205556], [27.28229922332949, 39.07902556537603], [27.284455180011378, 39.07902556537603], [27.284455180011378, 39.0795645545465], [27.28499416918183, 39.0795645545465], [27.28499416918183, 39.080642532887445], [27.284455180011378, 39.080642532887445], [27.284455180011378, 39.08172051122839], [27.2839161908409, 39.08172051122839], [27.2839161908409, 39.08118152205792], [27.28283821249994, 39.08118152205792], [27.28283821249994, 39.080642532887445], [27.28229922332949, 39.080642532887445], [27.28229922332949, 39.08118152205792], [27.28122124498853, 39.08118152205792], [27.28122124498853, 39.08172051122839], [27.28068225581805, 39.08172051122839], [27.28068225581805, 39.08118152205792], [27.2801432666476, 39.08118152205792], [27.2801432666476, 39.080642532887445], [27.27960427747712, 39.080642532887445], [27.27960427747712, 39.08010354371697], [27.28068225581805, 39.08010354371697], [27.28068225581805, 39.07902556537603], [27.28176023415901, 39.07902556537603], [27.28176023415901, 39.078486576205556]]]}, "id": "+384575+83343", "properties": {"area_ha": 9.759074670866774, "count": 35, "label": 1, "mean_dnbr": 0.20094086376476442}}, {"type": "Feature", "geometry": {"geodesic": false, "type": "Polygon", "coordinates": [[[27.28122124498853, 39.08603242459216], [27.28283821249994, 39.08603242459216], [27.28283821249994, 39.08764939210358], [27.28229922332949, 39.08764939210358], [27.28229922332949, 39.088188381274044], [27.28122124498853, 39.088188381274044], [27.28122124498853, 39.08603242459216]]]}, "id": "+384576+83329", "properties": {"area_ha": 3.066838750863403, "count": 11, "label": 1, "mean_dnbr": 0.4019489702033191}}, {"type": "Feature", "geometry": {"geodesic": false, "type": "Polygon", "coordinates": [[[27.2801432666476, 39.09196130546735], [27.28337720167042, 39.09196130546735], [27.28337720167042, 39.093039283808295], [27.28176023415901, 39.093039283808295], [27.28176023415901, 39.09250029463782], [27.28122124498853, 39.09250029463782], [27.28122124498853, 39.09357827297877], [27.2801432666476, 39.09357827297877], [27.2801432666476, 39.09196130546735]]]}, "id": "+384577+83318", "properties": {"area_ha": 3.6241427395341663, "count": 13, "label": 1, "mean_dnbr": 0.3044644958933344}}, {"type": "Feature", "geometry": {"geodesic": false, "type": "Polygon", "coordinates": [[[27.2839161908409, 39.09196130546735], [27.28499416918183, 39.09196130546735], [27.28499416918183, 39.093039283808295], [27.286072147522788, 39.093039283808295], [27.286072147522788, 39.09357827297877], [27.28661113669324, 39.09357827297877], [27.28661113669324, 39.09411726214923], [27.286072147522788, 39.09411726214923], [27.286072147522788, 39.09627321883112], [27.284455180011378, 39.09627321883112], [27.284455180011378, 39.09573422966065], [27.2839161908409, 39.09573422966065], [27.2839161908409, 39.09519524049018], [27.28337720167042, 39.09519524049018], [27.28337720167042, 39.094656251319705], [27.284455180011378, 39.094656251319705], [27.284455180011378, 39.09411726214923], [27.28499416918183, 39.09411726214923], [27.28499416918183, 39.093039283808295], [27.284455180011378, 39.093039283808295], [27.284455180011378, 39.09250029463782], [27.2839161908409, 39.09250029463782], [27.2839161908409, 39.09196130546735]]]}, "id": "+384580+83318", "properties": {"area_ha": 6.411808924892252, "count": 23, "label": 1, "mean_dnbr": 0.350862226038227}}, {"type": "Feature", "geometry": {"geodesic": false, "type": "Polygon", "coordinates": [[[27.28176023415901, 39.12376166652518], [27.285533158352308, 39.12376166652518], [27.285533158352308, 39.125917623207066], [27.28229922332949, 39.125917623207066], [27.28229922332949, 39.12483964486612], [27.28176023415901, 39.12483964486612], [27.28176023415901, 39.12376166652518]]]}, "id": "+384581+83259", "properties": {"area_ha": 7.245000363488746, "count": 26, "label": 1, "mean_dnbr": 0.3554987909364479}}, {"type": "Feature", "geometry": {"geodesic": false, "type": "Polygon", "coordinates": [[[27.287150125863718, 39.20999993380065], [27.287689115034198, 39.20999993380065], [27.287689115034198, 39.210538922971125], [27.287150125863718, 39.210538922971125], [27.287150125863718, 39.2110779121416], [27.28661113669324, 39.2110779121416], [27.28661113669324, 39.21161690131207], [27.286072147522788, 39.21161690131207], [27.286072147522788, 39.21215589048254], [27.285533158352308, 39.21215589048254], [27.285533158352308, 39.212694879653014], [27.2839161908409, 39.212694879653014], [27.2839161908409, 39.21215589048254], [27.284455180011378, 39.21215589048254], [27.284455180011378, 39.21161690131207], [27.28499416918183, 39.21161690131207], [27.28499416918183, 39.210538922971125], [27.287150125863718, 39.210538922971125], [27.287150125863718, 39.20999993380065]]]}, "id": "+384585+83099", "properties": {"area_ha": 3.896353266558344, "count": 14, "label": 1, "mean_dnbr": 0.46033585756674605}}, {"type": "Feature", "geometry": {"geodesic": false, "type": "Polygon", "coordinates": [[[27.28661113669324, 39.08711040293311], [27.287689115034198, 39.08711040293311], [27.287689115034198, 39.088727370444516], [27.28661113669324, 39.088727370444516], [27.28661113669324, 39.08926635961499], [27.286072147522788, 39.08926635961499], [27.286072147522788, 39.08980534878546], [27.285533158352308, 39.08980534878546], [27.285533158352308, 39.09034433795593], [27.28337720167042, 39.09034433795593], [27.28337720167042, 39.08980534878546], [27.28229922332949, 39.08980534878546], [27.28229922332949, 39.088727370444516], [27.284455180011378, 39.088727370444516], [27.284455180011378, 39.08764939210358], [27.286072147522788, 39.08764939210358], [27.286072147522788, 39.088188381274044], [27.28661113669324, 39.088188381274044], [27.28661113669324, 39.08711040293311]]]}, "id": "+384585+83327", "properties": {"area_ha": 8.921483405364674, "count": 32, "label": 1, "mean_dnbr": 0.3601666552063944}}, {"type": "Feature", "geometry": {"geodesic": false, "type": "Polygon", "coordinates": [[[27.290923050057017, 39.0833374787398], [27.292540017568427, 39.0833374787398], [27.292540017568427, 39.08387646791027], [27.293079006738907, 39.08387646791027], [27.293079006738907, 39.08495444625122], [27.291462039227497, 39.08495444625122], [27.291462039227497, 39.08549343542169], [27.290923050057017, 39.08549343542169], [27.290923050057017, 39.08495444625122], [27.289845071716087, 39.08495444625122], [27.289845071716087, 39.08387646791027], [27.290923050057017, 39.08387646791027], [27.290923050057017, 39.0833374787398]]]}, "id": "+384594+83334", "properties": {"area_ha": 4.46103134037036, "count": 16, "label": 1, "mean_dnbr": 0.4537342966700421}}, {"type": "Feature", "geometry": {"geodesic": false, "type": "Polygon", "coordinates": [[[27.293617995909386, 39.09034433795593], [27.294156985079866, 39.09034433795593], [27.294156985079866, 39.090883327126406], [27.294695974250317, 39.090883327126406], [27.294695974250317, 39.09142231629688], [27.295773952591276, 39.09142231629688], [27.295773952591276, 39.09196130546735], [27.294695974250317, 39.09196130546735], [27.294695974250317, 39.09142231629688], [27.294156985079866, 39.09142231629688], [27.294156985079866, 39.09196130546735], [27.293617995909386, 39.09196130546735], [27.293617995909386, 39.093039283808295], [27.294156985079866, 39.093039283808295], [27.294156985079866, 39.09357827297877], [27.295234963420796, 39.09357827297877], [27.295234963420796, 39.093039283808295], [27.297929909273165, 39.093039283808295], [27.297929909273165, 39.09250029463782], [27.297390920102686, 39.09250029463782], [27.297390920102686, 39.090883327126406], [27.298468898443616, 39.090883327126406], [27.298468898443616, 39.09142231629688], [27.299007887614096, 39.09142231629688], [27.299007887614096, 39.09196130546735], [27.299546876784575, 39.09196130546735], [27.299546876784575, 39.09357827297877], [27.298468898443616, 39.09357827297877], [27.298468898443616, 39.09411726214923], [27.293617995909386, 39.09411726214923], [27.293617995909386, 39.09357827297877], [27.293079006738907, 39.09357827297877], [27.293079006738907, 39.09196130546735], [27.292001028397976, 39.09196130546735], [27.292001028397976, 39.09142231629688], [27.293079006738907, 39.09142231629688], [27.293079006738907, 39.090883327126406], [27.293617995909386, 39.090883327126406], [27.293617995909386, 39.09034433795593]]]}, "id": "+384597+83321", "properties": {"area_ha": 11.987678000528291, "count": 43, "label": 1, "mean_dnbr": 0.3421719845584666}}, {"type": "Feature", "geometry": {"geodesic": false, "type": "Polygon", "coordinates": [[[27.304397779318805, 39.17658260523141], [27.306553736000694, 39.17658260523141], [27.306553736000694, 39.17712159440188], [27.306014746830243, 39.17712159440188], [27.306014746830243, 39.177660583572354], [27.304936768489284, 39.177660583572354], [27.304936768489284, 39.17819957274283], [27.304397779318805, 39.17819957274283], [27.304397779318805, 39.17873856191329], [27.306553736000694, 39.17873856191329], [27.306553736000694, 39.17981654025424], [27.304936768489284, 39.17981654025424], [27.304936768489284, 39.179277551083764], [27.304397779318805, 39.179277551083764], [27.304397779318805, 39.17873856191329], [27.303319800977874, 39.17873856191329], [27.303319800977874, 39.177660583572354], [27.304397779318805, 39.177660583572354], [27.304397779318805, 39.17658260523141]]]}, "id": "+384620+83161", "properties": {"area_ha": 5.2904107064985455, "count": 19, "label": 1, "mean_dnbr": 0.4174545264344997}}, {"type": "Feature", "geometry": {"geodesic": false, "type": "Polygon", "coordinates": [[[27.304936768489284, 39.111364915604334], [27.307092725171174, 39.111364915604334], [27.307092725171174, 39.112981883115744], [27.306553736000694, 39.112981883115744], [27.306553736000694, 39.113520872286216], [27.307092725171174, 39.113520872286216], [27.307092725171174, 39.11405986145669], [27.306553736000694, 39.11405986145669], [27.306553736000694, 39.11459885062716], [27.305475757659764, 39.11459885062716], [27.305475757659764, 39.112981883115744], [27.304936768489284, 39.112981883115744], [27.304936768489284, 39.111364915604334]]]}, "id": "+384621+83282", "properties": {"area_ha": 5.295331427269119, "count": 19, "label": 1, "mean_dnbr": 0.3682696254315042}}, {"type": "Feature", "geometry": {"geodesic": false, "type": "Polygon", "coordinates": [[[27.308709692682584, 39.17604361606094], [27.309787671023543, 39.17604361606094], [27.309787671023543, 39.17658260523141], [27.308709692682584, 39.17658260523141], [27.308709692682584, 39.17712159440188], [27.308170703512133, 39.17712159440188], [27.308170703512133, 39.17819957274283], [27.309248681853063, 39.17819957274283], [27.309248681853063, 39.17873856191329], [27.309787671023543, 39.17873856191329], [27.309787671023543, 39.17981654025424], [27.308709692682584, 39.17981654025424], [27.308709692682584, 39.179277551083764], [27.308170703512133, 39.179277551083764], [27.308170703512133, 39.17873856191329], [27.307631714341653, 39.17873856191329], [27.307631714341653, 39.17819957274283], [27.307092725171174, 39.17819957274283], [27.307092725171174, 39.17712159440188], [27.307631714341653, 39.17712159440188], [27.307631714341653, 39.17658260523141], [27.308709692682584, 39.17658260523141], [27.308709692682584, 39.17604361606094]]]}, "id": "+384626+83162", "properties": {"area_ha": 4.455098136980984, "count": 16, "label": 1, "mean_dnbr": 0.4573173824935981}}, {"type": "Feature", "geometry": {"geodesic": false, "type": "Polygon", "coordinates": [[[27.310865649364473, 39.185745421129425], [27.311943627705432, 39.185745421129425], [27.311943627705432, 39.1862844102999], [27.311404638534952, 39.1862844102999], [27.311404638534952, 39.18736238864084], [27.312482616875883, 39.18736238864084], [27.312482616875883, 39.187901377811315], [27.311943627705432, 39.187901377811315], [27.311943627705432, 39.18897935615226], [27.312482616875883, 39.18897935615226], [27.312482616875883, 39.18844036698179], [27.313560595216842, 39.18844036698179], [27.313560595216842, 39.19059632366367], [27.313021606046362, 39.19059632366367], [27.313021606046362, 39.190057334493204], [27.312482616875883, 39.190057334493204], [27.312482616875883, 39.18951834532273], [27.311404638534952, 39.18951834532273], [27.311404638534952, 39.18844036698179], [27.310326660193994, 39.18844036698179], [27.310326660193994, 39.1862844102999], [27.310865649364473, 39.1862844102999], [27.310865649364473, 39.185745421129425]]]}, "id": "+384630+83144", "properties": {"area_ha": 6.4032822619757885, "count": 23, "label": 1, "mean_dnbr": 0.27781133965597554}}, {"type": "Feature", "geometry": {"geodesic": false, "type": "Polygon", "coordinates": [[[27.312482616875883, 39.11513783979763], [27.313560595216842, 39.11513783979763], [27.313560595216842, 39.11675480730905], [27.315177562728252, 39.11675480730905], [27.315177562728252, 39.117832785649995], [27.312482616875883, 39.117832785649995], [27.312482616875883, 39.11729379647952], [27.311943627705432, 39.11729379647952], [27.311943627705432, 39.115676828968105], [27.312482616875883, 39.115676828968105], [27.312482616875883, 39.11513783979763]]]}, "id": "+384633+83275", "properties": {"area_ha": 5.2950483847813405, "count": 19, "label": 1, "mean_dnbr": 0.30385917341316515}}, {"type": "Feature", "geometry": {"geodesic": false, "type": "Polygon", "coordinates": [[[27.315177562728252, 39.169575746015276], [27.316255541069182, 39.169575746015276], [27.316255541069182, 39.17065372435622], [27.31571655189873, 39.17065372435622], [27.31571655189873, 39.17119271352669], [27.316255541069182, 39.17119271352669], [27.316255541069182, 39.17227069186764], [27.314638573557772, 39.17227069186764], [27.314638573557772, 39.171731702697166], [27.31409958438732, 39.171731702697166], [27.31409958438732, 39.17119271352669], [27.314638573557772, 39.17119271352669], [27.314638573557772, 39.17011473518575], [27.315177562728252, 39.17011473518575], [27.315177562728252, 39.169575746015276]]]}, "id": "+384638+83174", "properties": {"area_ha": 3.898601027545378, "count": 14, "label": 1, "mean_dnbr": 0.18727524314179414}}, {"type": "Feature", "geometry": {"geodesic": false, "type": "Polygon", "coordinates": [[[27.31409958438732, 39.13885336329839], [27.316255541069182, 39.13885336329839], [27.316255541069182, 39.13993134163933], [27.31571655189873, 39.13993134163933], [27.31571655189873, 39.140470330809805], [27.314638573557772, 39.140470330809805], [27.314638573557772, 39.14100931998028], [27.315177562728252, 39.14100931998028], [27.315177562728252, 39.14154830915075], [27.314638573557772, 39.14154830915075], [27.314638573557772, 39.14208729832122], [27.312482616875883, 39.14208729832122], [27.312482616875883, 39.14154830915075], [27.313021606046362, 39.14154830915075], [27.313021606046362, 39.140470330809805], [27.314638573557772, 39.140470330809805], [27.314638573557772, 39.13939235246886], [27.31409958438732, 39.13939235246886], [27.31409958438732, 39.13885336329839]]]}, "id": "+384638+83231", "properties": {"area_ha": 5.571841217691388, "count": 20, "label": 1, "mean_dnbr": 0.3401768723874861}}, {"type": "Feature", "geometry": {"geodesic": false, "type": "Polygon", "coordinates": [[[27.316255541069182, 39.19059632366367], [27.31679453023966, 39.19059632366367], [27.31679453023966, 39.191674302004614], [27.31733351941014, 39.191674302004614], [27.31733351941014, 39.19221329117509], [27.31679453023966, 39.19221329117509], [27.31679453023966, 39.19275228034556], [27.314638573557772, 39.19275228034556], [27.314638573557772, 39.191674302004614], [27.31409958438732, 39.191674302004614], [27.31409958438732, 39.19113531283414], [27.314638573557772, 39.19113531283414], [27.314638573557772, 39.19059632366367], [27.315177562728252, 39.19059632366367], [27.315177562728252, 39.19113531283414], [27.316255541069182, 39.19113531283414], [27.316255541069182, 39.19059632366367]]]}, "id": "+384639+83135", "properties": {"area_ha": 4.454233495854032, "count": 16, "label": 1, "mean_dnbr": 0.31421824647584873}}, {"type": "Feature", "geometry": {"geodesic": false, "type": "Polygon", "coordinates": [[[27.31733351941014, 39.169036756844804], [27.31948947609203, 39.169036756844804], [27.31948947609203, 39.169575746015276], [27.32002846526251, 39.169575746015276], [27.32002846526251, 39.17011473518575], [27.31841149775107, 39.17011473518575], [27.31841149775107, 39.17065372435622], [27.31948947609203, 39.17065372435622], [27.31948947609203, 39.17227069186764], [27.32218442194437, 39.17227069186764], [27.32218442194437, 39.1728096810381], [27.32164543277392, 39.1728096810381], [27.32164543277392, 39.173348670208576], [27.32110644360344, 39.173348670208576], [27.32110644360344, 39.17442664854952], [27.31948947609203, 39.17442664854952], [27.31948947609203, 39.17227069186764], [27.31895048692155, 39.17227069186764], [27.31895048692155, 39.1728096810381], [27.31841149775107, 39.1728096810381], [27.31841149775107, 39.173348670208576], [27.31733351941014, 39.173348670208576], [27.31733351941014, 39.17227069186764], [27.31787250858062, 39.17227069186764], [27.31787250858062, 39.17011473518575], [27.31841149775107, 39.17011473518575], [27.31841149775107, 39.169575746015276], [27.31733351941014, 39.169575746015276], [27.31733351941014, 39.169036756844804]]]}, "id": "+384644+83175", "properties": {"area_ha": 10.303292400722196, "count": 37, "label": 1, "mean_dnbr": 0.23614693894742164}}, {"type": "Feature", "geometry": {"geodesic": false, "type": "Polygon", "coordinates": [[[27.32110644360344, 39.11244289394527], [27.32218442194437, 39.11244289394527], [27.32218442194437, 39.112981883115744], [27.32326240028533, 39.112981883115744], [27.32326240028533, 39.113520872286216], [27.32272341111485, 39.113520872286216], [27.32272341111485, 39.11459885062716], [27.32110644360344, 39.11459885062716], [27.32110644360344, 39.11244289394527]]]}, "id": "+384649+83280", "properties": {"area_ha": 3.344386970802909, "count": 12, "label": 1, "mean_dnbr": 0.2256575526861827}}, {"type": "Feature", "geometry": {"geodesic": false, "type": "Polygon", "coordinates": [[[27.32272341111485, 39.181972496936126], [27.32434037862626, 39.181972496936126], [27.32434037862626, 39.1825114861066], [27.32487936779674, 39.1825114861066], [27.32487936779674, 39.18305047527707], [27.32541835696722, 39.18305047527707], [27.32541835696722, 39.18358946444754], [27.32487936779674, 39.18358946444754], [27.32487936779674, 39.184128453618015], [27.32272341111485, 39.184128453618015], [27.32272341111485, 39.18466744278848], [27.32218442194437, 39.18466744278848], [27.32218442194437, 39.18358946444754], [27.32164543277392, 39.18358946444754], [27.32164543277392, 39.18305047527707], [27.32110644360344, 39.18305047527707], [27.32110644360344, 39.1825114861066], [27.32272341111485, 39.1825114861066], [27.32272341111485, 39.181972496936126]]]}, "id": "+384653+83151", "properties": {"area_ha": 6.4037368011794955, "count": 23, "label": 1, "mean_dnbr": 0.2352353105692305}}, {"type": "Feature", "geometry": {"geodesic": false, "type": "Polygon", "coordinates": [[[27.32811330281956, 39.099507153853956], [27.32865229199004, 39.099507153853956], [27.32865229199004, 39.101124121365366], [27.33080824867193, 39.101124121365366], [27.33080824867193, 39.10274108887678], [27.33026925950145, 39.10274108887678], [27.33026925950145, 39.103280078047256], [27.32865229199004, 39.103280078047256], [27.32865229199004, 39.10381906721773], [27.32703532447863, 39.10381906721773], [27.32703532447863, 39.10166311053584], [27.32757431364911, 39.10166311053584], [27.32757431364911, 39.100585132194894], [27.32649633530815, 39.100585132194894], [27.32649633530815, 39.10004614302442], [27.32811330281956, 39.10004614302442], [27.32811330281956, 39.099507153853956]]]}, "id": "+384661+83304", "properties": {"area_ha": 10.034805695644966, "count": 36, "label": 1, "mean_dnbr": 0.3562131303282377}}, {"type": "Feature", "geometry": {"geodesic": false, "type": "Polygon", "coordinates": [[[27.32811330281956, 39.115676828968105], [27.33026925950145, 39.115676828968105], [27.33026925950145, 39.11675480730905], [27.32919128116052, 39.11675480730905], [27.32919128116052, 39.11729379647952], [27.32757431364911, 39.11729379647952], [27.32757431364911, 39.11675480730905], [27.32811330281956, 39.11675480730905], [27.32811330281956, 39.115676828968105]]]}, "id": "+384664+83274", "properties": {"area_ha": 3.0655587875652452, "count": 11, "label": 1, "mean_dnbr": 0.3710581252645642}}, {"type": "Feature", "geometry": {"geodesic": false, "type": "Polygon", "coordinates": [[[27.32757431364911, 39.1081309805815], [27.33080824867193, 39.1081309805815], [27.33080824867193, 39.109208958922444], [27.32757431364911, 39.109208958922444], [27.32757431364911, 39.1081309805815]]]}, "id": "+384665+83288", "properties": {"area_ha": 3.344618027896602, "count": 12, "label": 1, "mean_dnbr": 0.33742676617009704}}, {"type": "Feature", "geometry": {"geodesic": false, "type": "Polygon", "coordinates": [[[27.33026925950145, 39.169036756844804], [27.331347237842408, 39.169036756844804], [27.331347237842408, 39.169575746015276], [27.331886227012888, 39.169575746015276], [27.331886227012888, 39.17011473518575], [27.33242521618334, 39.17011473518575], [27.33242521618334, 39.169575746015276], [27.332964205353818, 39.169575746015276], [27.332964205353818, 39.17119271352669], [27.331886227012888, 39.17119271352669], [27.331886227012888, 39.17065372435622], [27.331347237842408, 39.17065372435622], [27.331347237842408, 39.17119271352669], [27.329730270330998, 39.17119271352669], [27.329730270330998, 39.17065372435622], [27.32919128116052, 39.17065372435622], [27.32919128116052, 39.17011473518575], [27.329730270330998, 39.17011473518575], [27.329730270330998, 39.169575746015276], [27.33026925950145, 39.169575746015276], [27.33026925950145, 39.169036756844804]]]}, "id": "+384666+83175", "properties": {"area_ha": 5.2910162700430785, "count": 19, "label": 1, "mean_dnbr": 0.20963148681774477}}, {"type": "Feature", "geometry": {"geodesic": false, "type": "Polygon", "coordinates": [[[27.331886227012888, 39.10166311053584], [27.334581172865228, 39.10166311053584], [27.334581172865228, 39.10274108887678], [27.335659151206187, 39.10274108887678], [27.335659151206187, 39.103280078047256], [27.335120162035707, 39.103280078047256], [27.335120162035707, 39.1043580563882], [27.333503194524297, 39.1043580563882], [27.333503194524297, 39.103280078047256], [27.332964205353818, 39.103280078047256], [27.332964205353818, 39.1043580563882], [27.331886227012888, 39.1043580563882], [27.331886227012888, 39.10166311053584]]]}, "id": "+384672+83300", "properties": {"area_ha": 7.525984525046464, "count": 27, "label": 1, "mean_dnbr": 0.3461039861576565}}, {"type": "Feature", "geometry": {"geodesic": false, "type": "Polygon", "coordinates": [[[27.336198140376638, 39.16634181099244], [27.336737129547117, 39.16634181099244], [27.336737129547117, 39.166880800162915], [27.337276118717597, 39.166880800162915], [27.337276118717597, 39.16741978933339], [27.338354097058527, 39.16741978933339], [27.338354097058527, 39.16795877850386], [27.337815107888076, 39.16795877850386], [27.337815107888076, 39.169036756844804], [27.336737129547117, 39.169036756844804], [27.336737129547117, 39.16795877850386], [27.336198140376638, 39.16795877850386], [27.336198140376638, 39.16741978933339], [27.335659151206187, 39.16741978933339], [27.335659151206187, 39.166880800162915], [27.336198140376638, 39.166880800162915], [27.336198140376638, 39.16634181099244]], [[27.337276118717597, 39.16741978933339], [27.337276118717597, 39.16795877850386], [27.336737129547117, 39.16795877850386], [27.336737129547117, 39.16741978933339], [27.337276118717597, 39.16741978933339]]]}, "id": "+384676+83180", "properties": {"area_ha": 3.0633287654326615, "count": 11, "label": 1, "mean_dnbr": 0.1985342057591189}}, {"type": "Feature", "geometry": {"geodesic": false, "type": "Polygon", "coordinates": [[[27.335120162035707, 39.17442664854952], [27.337276118717597, 39.17442664854952], [27.337276118717597, 39.17496563771999], [27.336737129547117, 39.17496563771999], [27.336737129547117, 39.175504626890465], [27.337815107888076, 39.175504626890465], [27.337815107888076, 39.17604361606094], [27.338354097058527, 39.17604361606094], [27.338354097058527, 39.17658260523141], [27.337276118717597, 39.17658260523141], [27.337276118717597, 39.17604361606094], [27.336198140376638, 39.17604361606094], [27.336198140376638, 39.175504626890465], [27.335120162035707, 39.175504626890465], [27.335120162035707, 39.17442664854952]]]}, "id": "+384677+83165", "properties": {"area_ha": 3.3414454259478616, "count": 12, "label": 1, "mean_dnbr": 0.21270397456335363}}, {"type": "Feature", "geometry": {"geodesic": false, "type": "Polygon", "coordinates": [[[27.336737129547117, 39.10651401307008], [27.340510053740417, 39.10651401307008], [27.340510053740417, 39.1081309805815], [27.339971064569937, 39.1081309805815], [27.339971064569937, 39.10866996975197], [27.339432075399486, 39.10866996975197], [27.339432075399486, 39.1081309805815], [27.336737129547117, 39.1081309805815], [27.336737129547117, 39.10651401307008]]]}, "id": "+384683+83291", "properties": {"area_ha": 6.131889582594639, "count": 22, "label": 1, "mean_dnbr": 0.18376613719380497}}, {"type": "Feature", "geometry": {"geodesic": false, "type": "Polygon", "coordinates": [[[27.342666010422306, 39.14586022251452], [27.343204999592785, 39.14586022251452], [27.343204999592785, 39.146399211684994], [27.344282977933716, 39.146399211684994], [27.344282977933716, 39.146938200855466], [27.343204999592785, 39.146938200855466], [27.343204999592785, 39.14801617919641], [27.342666010422306, 39.14801617919641], [27.342666010422306, 39.148555168366876], [27.342127021251827, 39.148555168366876], [27.342127021251827, 39.14801617919641], [27.341588032081376, 39.14801617919641], [27.341588032081376, 39.146938200855466], [27.342666010422306, 39.146938200855466], [27.342666010422306, 39.14586022251452]]]}, "id": "+384688+83218", "properties": {"area_ha": 3.0642221375134944, "count": 11, "label": 1, "mean_dnbr": 0.18865848288965967}}, {"type": "Feature", "geometry": {"geodesic": false, "type": "Polygon", "coordinates": [[[27.348594891297495, 39.152867081730655], [27.350750847979384, 39.152867081730655], [27.350750847979384, 39.15340607090113], [27.351828826320315, 39.15340607090113], [27.351828826320315, 39.154484049242065], [27.350750847979384, 39.154484049242065], [27.350750847979384, 39.15556202758301], [27.350211858808905, 39.15556202758301], [27.350211858808905, 39.15610101675348], [27.349672869638454, 39.15610101675348], [27.349672869638454, 39.15556202758301], [27.348055902127015, 39.15556202758301], [27.348055902127015, 39.15502303841254], [27.347516912956564, 39.15502303841254], [27.347516912956564, 39.154484049242065], [27.348594891297495, 39.154484049242065], [27.348594891297495, 39.152867081730655]]]}, "id": "+384702+83205", "properties": {"area_ha": 7.799048094380146, "count": 28, "label": 1, "mean_dnbr": 0.45318690831022646}}, {"type": "Feature", "geometry": {"geodesic": false, "type": "Polygon", "coordinates": [[[27.350750847979384, 39.14801617919641], [27.352367815490794, 39.14801617919641], [27.352367815490794, 39.14963314670782], [27.351828826320315, 39.14963314670782], [27.351828826320315, 39.15125011421924], [27.350211858808905, 39.15125011421924], [27.350211858808905, 39.150711125048765], [27.349672869638454, 39.150711125048765], [27.349672869638454, 39.15125011421924], [27.349133880467974, 39.15125011421924], [27.349133880467974, 39.15017213587829], [27.349672869638454, 39.15017213587829], [27.349672869638454, 39.14909415753735], [27.350750847979384, 39.14909415753735], [27.350750847979384, 39.14801617919641]]]}, "id": "+384705+83214", "properties": {"area_ha": 6.685335270631071, "count": 24, "label": 1, "mean_dnbr": 0.25687701621028797}}, {"type": "Feature", "geometry": {"geodesic": false, "type": "Polygon", "coordinates": [[[27.350211858808905, 39.17819957274283], [27.353445793831753, 39.17819957274283], [27.353445793831753, 39.179277551083764], [27.352906804661274, 39.179277551083764], [27.352906804661274, 39.17981654025424], [27.350211858808905, 39.17981654025424], [27.350211858808905, 39.17819957274283]]]}, "id": "+384707+83158", "properties": {"area_ha": 4.733469192945856, "count": 17, "label": 1, "mean_dnbr": 0.22119899207068755}}, {"type": "Feature", "geometry": {"geodesic": false, "type": "Polygon", "coordinates": [[[27.352367815490794, 39.14208729832122], [27.353445793831753, 39.14208729832122], [27.353445793831753, 39.14262628749169], [27.354523772172683, 39.14262628749169], [27.354523772172683, 39.14370426583263], [27.352367815490794, 39.14370426583263], [27.352367815490794, 39.144243255003104], [27.351289837149864, 39.144243255003104], [27.351289837149864, 39.14262628749169], [27.352367815490794, 39.14262628749169], [27.352367815490794, 39.14208729832122]]]}, "id": "+384707+83225", "properties": {"area_ha": 4.4573124217923255, "count": 16, "label": 1, "mean_dnbr": 0.31586111843347264}}, {"type": "Feature", "geometry": {"geodesic": false, "type": "Polygon", "coordinates": [[[27.353445793831753, 39.17388765937905], [27.353984783002204, 39.17388765937905], [27.353984783002204, 39.17712159440188], [27.353445793831753, 39.17712159440188], [27.353445793831753, 39.177660583572354], [27.351828826320315, 39.177660583572354], [27.351828826320315, 39.17712159440188], [27.352367815490794, 39.17712159440188], [27.352367815490794, 39.17604361606094], [27.351289837149864, 39.17604361606094], [27.351289837149864, 39.175504626890465], [27.350750847979384, 39.175504626890465], [27.350750847979384, 39.17604361606094], [27.350211858808905, 39.17604361606094], [27.350211858808905, 39.17658260523141], [27.349133880467974, 39.17658260523141], [27.349133880467974, 39.17604361606094], [27.348594891297495, 39.17604361606094], [27.348594891297495, 39.17442664854952], [27.349133880467974, 39.17442664854952], [27.349133880467974, 39.17496563771999], [27.351289837149864, 39.17496563771999], [27.351289837149864, 39.17442664854952], [27.350211858808905, 39.17442664854952], [27.350211858808905, 39.17388765937905], [27.351289837149864, 39.17388765937905], [27.351289837149864, 39.17442664854952], [27.351828826320315, 39.17442664854952], [27.351828826320315, 39.17388765937905], [27.352367815490794, 39.17388765937905], [27.352367815490794, 39.17604361606094], [27.352906804661274, 39.17604361606094], [27.352906804661274, 39.17442664854952], [27.353445793831753, 39.17442664854952], [27.353445793831753, 39.17388765937905]]]}, "id": "+384708+83166", "properties": {"area_ha": 10.302767564767214, "count": 37, "label": 1, "mean_dnbr": 0.21354727938055396}}, {"type": "Feature", "geometry": {"geodesic": false, "type": "Polygon", "coordinates": [[[27.351828826320315, 39.16741978933339], [27.354523772172683, 39.16741978933339], [27.354523772172683, 39.16849776767433], [27.353984783002204, 39.16849776767433], [27.353984783002204, 39.169575746015276], [27.353445793831753, 39.169575746015276], [27.353445793831753, 39.171731702697166], [27.352906804661274, 39.171731702697166], [27.352906804661274, 39.17227069186764], [27.353984783002204, 39.17227069186764], [27.353984783002204, 39.173348670208576], [27.352906804661274, 39.173348670208576], [27.352906804661274, 39.1728096810381], [27.349672869638454, 39.1728096810381], [27.349672869638454, 39.171731702697166], [27.350211858808905, 39.171731702697166], [27.350211858808905, 39.17065372435622], [27.350750847979384, 39.17065372435622], [27.350750847979384, 39.169575746015276], [27.351289837149864, 39.169575746015276], [27.351289837149864, 39.16849776767433], [27.351828826320315, 39.16849776767433], [27.351828826320315, 39.16741978933339]]]}, "id": "+384709+83178", "properties": {"area_ha": 16.151492669862602, "count": 58, "label": 1, "mean_dnbr": 0.2536556920022508}}, {"type": "Feature", "geometry": {"geodesic": false, "type": "Polygon", "coordinates": [[[27.353445793831753, 39.148555168366876], [27.355062761343163, 39.148555168366876], [27.355062761343163, 39.150711125048765], [27.354523772172683, 39.150711125048765], [27.354523772172683, 39.15125011421924], [27.353445793831753, 39.15125011421924], [27.353445793831753, 39.150711125048765], [27.352906804661274, 39.150711125048765], [27.352906804661274, 39.14963314670782], [27.353445793831753, 39.14963314670782], [27.353445793831753, 39.148555168366876]]]}, "id": "+384710+83213", "properties": {"area_ha": 4.456880861606084, "count": 16, "label": 1, "mean_dnbr": 0.18350345264369725}}, {"type": "Feature", "geometry": {"geodesic": false, "type": "Polygon", "coordinates": [[[27.355601750513642, 39.19922015039122], [27.356679728854573, 39.19922015039122], [27.356679728854573, 39.200298128732165], [27.35937467470694, 39.200298128732165], [27.35937467470694, 39.20137610707311], [27.362069620559282, 39.20137610707311], [27.362069620559282, 39.20191509624358], [27.363686588070692, 39.20191509624358], [27.363686588070692, 39.20245408541405], [27.36314759890024, 39.20245408541405], [27.36314759890024, 39.20299307458452], [27.362069620559282, 39.20299307458452], [27.362069620559282, 39.20353206375499], [27.360452653047872, 39.20353206375499], [27.360452653047872, 39.20245408541405], [27.356140739684093, 39.20245408541405], [27.356140739684093, 39.20191509624358], [27.354523772172683, 39.20191509624358], [27.354523772172683, 39.20137610707311], [27.356679728854573, 39.20137610707311], [27.356679728854573, 39.200298128732165], [27.354523772172683, 39.200298128732165], [27.354523772172683, 39.19922015039122], [27.353984783002204, 39.19922015039122], [27.353984783002204, 39.198142172050275], [27.355601750513642, 39.198142172050275], [27.355601750513642, 39.19922015039122]]]}, "id": "+384711+83121", "properties": {"area_ha": 16.701127655623374, "count": 60, "label": 1, "mean_dnbr": 0.3966841499454511}}, {"type": "Feature", "geometry": {"geodesic": false, "type": "Polygon", "coordinates": [[[27.355062761343163, 39.12322267735471], [27.355601750513642, 39.12322267735471], [27.355601750513642, 39.12376166652518], [27.356140739684093, 39.12376166652518], [27.356140739684093, 39.12430065569565], [27.355601750513642, 39.12430065569565], [27.355601750513642, 39.12483964486612], [27.356140739684093, 39.12483964486612], [27.356140739684093, 39.12537863403659], [27.356679728854573, 39.12537863403659], [27.356679728854573, 39.125917623207066], [27.355601750513642, 39.125917623207066], [27.355601750513642, 39.12699560154801], [27.355062761343163, 39.12699560154801], [27.355062761343163, 39.12753459071848], [27.353984783002204, 39.12753459071848], [27.353984783002204, 39.12645661237754], [27.353445793831753, 39.12645661237754], [27.353445793831753, 39.125917623207066], [27.353984783002204, 39.125917623207066], [27.353984783002204, 39.12645661237754], [27.354523772172683, 39.12645661237754], [27.354523772172683, 39.125917623207066], [27.355062761343163, 39.125917623207066], [27.355062761343163, 39.12537863403659], [27.355601750513642, 39.12537863403659], [27.355601750513642, 39.12483964486612], [27.355062761343163, 39.12483964486612], [27.355062761343163, 39.12322267735471]]]}, "id": "+384711+83260", "properties": {"area_ha": 4.458413274728838, "count": 16, "label": 1, "mean_dnbr": 0.20429503968237706}}, {"type": "Feature", "geometry": {"geodesic": false, "type": "Polygon", "coordinates": [[[27.356140739684093, 39.17712159440188], [27.356679728854573, 39.17712159440188], [27.356679728854573, 39.177660583572354], [27.356140739684093, 39.177660583572354], [27.356140739684093, 39.181433507765654], [27.357218718025052, 39.181433507765654], [27.357218718025052, 39.1825114861066], [27.355601750513642, 39.1825114861066], [27.355601750513642, 39.181972496936126], [27.356140739684093, 39.181972496936126], [27.356140739684093, 39.181433507765654], [27.355062761343163, 39.181433507765654], [27.355062761343163, 39.181972496936126], [27.354523772172683, 39.181972496936126], [27.354523772172683, 39.18035552942471], [27.355062761343163, 39.18035552942471], [27.355062761343163, 39.17981654025424], [27.355601750513642, 39.17981654025424], [27.355601750513642, 39.177660583572354], [27.356140739684093, 39.177660583572354], [27.356140739684093, 39.17712159440188]]]}, "id": "+384713+83160", "properties": {"area_ha": 5.290245712721558, "count": 19, "label": 1, "mean_dnbr": 0.2678043624366356}}, {"type": "Feature", "geometry": {"geodesic": false, "type": "Polygon", "coordinates": [[[27.356679728854573, 39.14909415753735], [27.358835685536462, 39.14909415753735], [27.358835685536462, 39.14963314670782], [27.359913663877393, 39.14963314670782], [27.359913663877393, 39.15017213587829], [27.35937467470694, 39.15017213587829], [27.35937467470694, 39.15125011421924], [27.358835685536462, 39.15125011421924], [27.358835685536462, 39.15178910338971], [27.357218718025052, 39.15178910338971], [27.357218718025052, 39.150711125048765], [27.356140739684093, 39.150711125048765], [27.356140739684093, 39.15017213587829], [27.356679728854573, 39.15017213587829], [27.356679728854573, 39.14909415753735]]]}, "id": "+384717+83212", "properties": {"area_ha": 6.406721555770315, "count": 23, "label": 1, "mean_dnbr": 0.18188622329680512}}, {"type": "Feature", "geometry": {"geodesic": false, "type": "Polygon", "coordinates": [[[27.360452653047872, 39.51560679345812], [27.36099164221835, 39.51560679345812], [27.36099164221835, 39.516145782628584], [27.360452653047872, 39.516145782628584], [27.360452653047872, 39.516684771799056], [27.358835685536462, 39.516684771799056], [27.358835685536462, 39.516145782628584], [27.358296696365983, 39.516145782628584], [27.358296696365983, 39.516684771799056], [27.357218718025052, 39.516684771799056], [27.357218718025052, 39.516145782628584], [27.356679728854573, 39.516145782628584], [27.356679728854573, 39.51560679345812], [27.359913663877393, 39.51560679345812], [27.359913663877393, 39.516145782628584], [27.360452653047872, 39.516145782628584], [27.360452653047872, 39.51560679345812]]]}, "id": "+384721+82532", "properties": {"area_ha": 3.325180039598673, "count": 12, "label": 1, "mean_dnbr": 0.30893438011900437}}, {"type": "Feature", "geometry": {"geodesic": false, "type": "Polygon", "coordinates": [[[27.360452653047872, 39.11891076399093], [27.36099164221835, 39.11891076399093], [27.36099164221835, 39.119449753161405], [27.36153063138883, 39.119449753161405], [27.36153063138883, 39.12052773150235], [27.359913663877393, 39.12052773150235], [27.359913663877393, 39.12106672067282], [27.357757707195503, 39.12106672067282], [27.357757707195503, 39.12052773150235], [27.358296696365983, 39.12052773150235], [27.358296696365983, 39.11998874233188], [27.358835685536462, 39.11998874233188], [27.358835685536462, 39.119449753161405], [27.360452653047872, 39.119449753161405], [27.360452653047872, 39.11891076399093]]]}, "id": "+384721+83268", "properties": {"area_ha": 4.458770205641691, "count": 16, "label": 1, "mean_dnbr": 0.3249263709520338}}, {"type": "Feature", "geometry": {"geodesic": false, "type": "Polygon", "coordinates": [[[27.35937467470694, 39.171731702697166], [27.362069620559282, 39.171731702697166], [27.362069620559282, 39.17388765937905], [27.36153063138883, 39.17388765937905], [27.36153063138883, 39.1728096810381], [27.35937467470694, 39.1728096810381], [27.35937467470694, 39.171731702697166]]]}, "id": "+384723+83170", "properties": {"area_ha": 3.3415828813613677, "count": 12, "label": 1, "mean_dnbr": 0.1560655959151887}}, {"type": "Feature", "geometry": {"geodesic": false, "type": "Polygon", "coordinates": [[[27.36153063138883, 39.15232809256018], [27.362069620559282, 39.15232809256018], [27.362069620559282, 39.152867081730655], [27.36422557724117, 39.152867081730655], [27.36422557724117, 39.15340607090113], [27.36584254475258, 39.15340607090113], [27.36584254475258, 39.1539450600716], [27.36530355558213, 39.1539450600716], [27.36530355558213, 39.154484049242065], [27.36476456641165, 39.154484049242065], [27.36476456641165, 39.1539450600716], [27.363686588070692, 39.1539450600716], [27.363686588070692, 39.15340607090113], [27.36260860972976, 39.15340607090113], [27.36260860972976, 39.154484049242065], [27.36314759890024, 39.154484049242065], [27.36314759890024, 39.15502303841254], [27.36260860972976, 39.15502303841254], [27.36260860972976, 39.15556202758301], [27.360452653047872, 39.15556202758301], [27.360452653047872, 39.15502303841254], [27.359913663877393, 39.15502303841254], [27.359913663877393, 39.154484049242065], [27.360452653047872, 39.154484049242065], [27.360452653047872, 39.15340607090113], [27.36099164221835, 39.15340607090113], [27.36099164221835, 39.152867081730655], [27.36153063138883, 39.152867081730655], [27.36153063138883, 39.15232809256018]], [[27.362069620559282, 39.154484049242065], [27.362069620559282, 39.15502303841254], [27.36153063138883, 39.15502303841254], [27.36153063138883, 39.154484049242065], [27.362069620559282, 39.154484049242065]]]}, "id": "+384723+83206", "properties": {"area_ha": 8.077621278014485, "count": 29, "label": 1, "mean_dnbr": 0.3871216012339204}}, {"type": "Feature", "geometry": {"geodesic": false, "type": "Polygon", "coordinates": [[[27.362069620559282, 39.12376166652518], [27.36314759890024, 39.12376166652518], [27.36314759890024, 39.12430065569565], [27.362069620559282, 39.12430065569565], [27.362069620559282, 39.12483964486612], [27.36314759890024, 39.12483964486612], [27.36314759890024, 39.12537863403659], [27.36422557724117, 39.12537863403659], [27.36422557724117, 39.125917623207066], [27.36476456641165, 39.125917623207066], [27.36476456641165, 39.12645661237754], [27.36530355558213, 39.12645661237754], [27.36530355558213, 39.128073579888955], [27.36422557724117, 39.128073579888955], [27.36422557724117, 39.12699560154801], [27.36260860972976, 39.12699560154801], [27.36260860972976, 39.12645661237754], [27.362069620559282, 39.12645661237754], [27.362069620559282, 39.128073579888955], [27.36153063138883, 39.128073579888955], [27.36153063138883, 39.12861256905943], [27.362069620559282, 39.12861256905943], [27.362069620559282, 39.1291515582299], [27.36260860972976, 39.1291515582299], [27.36260860972976, 39.12969054740037], [27.36153063138883, 39.12969054740037], [27.36153063138883, 39.13022953657084], [27.360452653047872, 39.13022953657084], [27.360452653047872, 39.1291515582299], [27.36099164221835, 39.1291515582299], [27.36099164221835, 39.12645661237754], [27.36153063138883, 39.12645661237754], [27.36153063138883, 39.125917623207066], [27.360452653047872, 39.125917623207066], [27.360452653047872, 39.12376166652518], [27.36099164221835, 39.12376166652518], [27.36099164221835, 39.12430065569565], [27.362069620559282, 39.12430065569565], [27.362069620559282, 39.12376166652518]]]}, "id": "+384725+83259", "properties": {"area_ha": 13.375062202837414, "count": 48, "label": 1, "mean_dnbr": 0.19670986365681872}}, {"type": "Feature", "geometry": {"geodesic": false, "type": "Polygon", "coordinates": [[[27.360452653047872, 39.10759199141103], [27.36314759890024, 39.10759199141103], [27.36314759890024, 39.109208958922444], [27.36099164221835, 39.109208958922444], [27.36099164221835, 39.10866996975197], [27.360452653047872, 39.10866996975197], [27.360452653047872, 39.10759199141103]]]}, "id": "+384725+83289", "properties": {"area_ha": 3.90206500074215, "count": 14, "label": 1, "mean_dnbr": 0.27390485046806773}}, {"type": "Feature", "geometry": {"geodesic": false, "type": "Polygon", "coordinates": [[[27.35937467470694, 39.17496563771999], [27.363686588070692, 39.17496563771999], [27.363686588070692, 39.17712159440188], [27.360452653047872, 39.17712159440188], [27.360452653047872, 39.177660583572354], [27.36099164221835, 39.177660583572354], [27.36099164221835, 39.17819957274283], [27.35937467470694, 39.17819957274283], [27.35937467470694, 39.17496563771999]]]}, "id": "+384726+83164", "properties": {"area_ha": 10.302645214404674, "count": 37, "label": 1, "mean_dnbr": 0.23194641809276623}}, {"type": "Feature", "geometry": {"geodesic": false, "type": "Polygon", "coordinates": [[[27.36314759890024, 39.16202989762867], [27.363686588070692, 39.16202989762867], [27.363686588070692, 39.16364686514009], [27.36314759890024, 39.16364686514009], [27.36314759890024, 39.165263832651505], [27.36260860972976, 39.165263832651505], [27.36260860972976, 39.16580282182198], [27.362069620559282, 39.16580282182198], [27.362069620559282, 39.163107875969615], [27.36260860972976, 39.163107875969615], [27.36260860972976, 39.16256888679914], [27.36314759890024, 39.16256888679914], [27.36314759890024, 39.16202989762867]]]}, "id": "+384726+83188", "properties": {"area_ha": 3.6204964876897043, "count": 13, "label": 1, "mean_dnbr": 0.3738146316314864}}, {"type": "Feature", "geometry": {"geodesic": false, "type": "Polygon", "coordinates": [[[27.36422557724117, 39.17496563771999], [27.36638153392306, 39.17496563771999], [27.36638153392306, 39.175504626890465], [27.36692052309354, 39.175504626890465], [27.36692052309354, 39.17712159440188], [27.36476456641165, 39.17712159440188], [27.36476456641165, 39.17604361606094], [27.36422557724117, 39.17604361606094], [27.36422557724117, 39.17496563771999]]]}, "id": "+384731+83164", "properties": {"area_ha": 4.733677331097943, "count": 17, "label": 1, "mean_dnbr": 0.19026713896366845}}, {"type": "Feature", "geometry": {"geodesic": false, "type": "Polygon", "coordinates": [[[27.37231041479825, 39.166880800162915], [27.37284940396873, 39.166880800162915], [27.37284940396873, 39.16795877850386], [27.37392738230966, 39.16795877850386], [27.37392738230966, 39.17011473518575], [27.37231041479825, 39.17011473518575], [27.37231041479825, 39.169575746015276], [27.37177142562777, 39.169575746015276], [27.37177142562777, 39.16849776767433], [27.37231041479825, 39.16849776767433], [27.37231041479825, 39.166880800162915]]]}, "id": "+384743+83179", "properties": {"area_ha": 4.455683397829574, "count": 16, "label": 1, "mean_dnbr": 0.2977921803334339}}, {"type": "Feature", "geometry": {"geodesic": false, "type": "Polygon", "coordinates": [[[27.37177142562777, 39.14963314670782], [27.37284940396873, 39.14963314670782], [27.37284940396873, 39.15017213587829], [27.37338839313921, 39.15017213587829], [27.37338839313921, 39.15178910338971], [27.37392738230966, 39.15178910338971], [27.37392738230966, 39.15125011421924], [27.37823929567344, 39.15125011421924], [27.37823929567344, 39.152867081730655], [27.37770030650296, 39.152867081730655], [27.37770030650296, 39.15340607090113], [27.37823929567344, 39.15340607090113], [27.37823929567344, 39.15502303841254], [27.37554434982107, 39.15502303841254], [27.37554434982107, 39.15556202758301], [27.37500536065062, 39.15556202758301], [27.37500536065062, 39.154484049242065], [27.37554434982107, 39.154484049242065], [27.37554434982107, 39.15340607090113], [27.37500536065062, 39.15340607090113], [27.37500536065062, 39.152867081730655], [27.37446637148014, 39.152867081730655], [27.37446637148014, 39.15232809256018], [27.37392738230966, 39.15232809256018], [27.37392738230966, 39.152867081730655], [27.37284940396873, 39.152867081730655], [27.37284940396873, 39.15340607090113], [27.37231041479825, 39.15340607090113], [27.37231041479825, 39.15232809256018], [27.37284940396873, 39.15232809256018], [27.37284940396873, 39.15125011421924], [27.37231041479825, 39.15125011421924], [27.37231041479825, 39.150711125048765], [27.37177142562777, 39.150711125048765], [27.37177142562777, 39.14963314670782]]]}, "id": "+384743+83211", "properties": {"area_ha": 16.434068461980235, "count": 59, "label": 1, "mean_dnbr": 0.25414263789861796}}, {"type": "Feature", "geometry": {"geodesic": false, "type": "Polygon", "coordinates": [[[27.37284940396873, 39.15825697343537], [27.37338839313921, 39.15825697343537], [27.37338839313921, 39.15879596260584], [27.37392738230966, 39.15879596260584], [27.37392738230966, 39.159334951776316], [27.37338839313921, 39.159334951776316], [27.37338839313921, 39.15987394094679], [27.37231041479825, 39.15987394094679], [27.37231041479825, 39.16041293011725], [27.37338839313921, 39.16041293011725], [27.37338839313921, 39.1614909084582], [27.37231041479825, 39.1614909084582], [27.37231041479825, 39.160951919287726], [27.37015445811636, 39.160951919287726], [27.37015445811636, 39.1614909084582], [27.36907647977543, 39.1614909084582], [27.36907647977543, 39.160951919287726], [27.36853749060495, 39.160951919287726], [27.36853749060495, 39.15987394094679], [27.37231041479825, 39.15987394094679], [27.37231041479825, 39.15879596260584], [27.37284940396873, 39.15879596260584], [27.37284940396873, 39.15825697343537]]]}, "id": "+384744+83195", "properties": {"area_ha": 7.241336066410928, "count": 26, "label": 1, "mean_dnbr": 0.2658589674549942}}, {"type": "Feature", "geometry": {"geodesic": false, "type": "Polygon", "coordinates": [[[27.37446637148014, 39.163107875969615], [27.379317274014397, 39.163107875969615], [27.379317274014397, 39.16634181099244], [27.37554434982107, 39.16634181099244], [27.37554434982107, 39.16580282182198], [27.37500536065062, 39.16580282182198], [27.37500536065062, 39.165263832651505], [27.37446637148014, 39.165263832651505], [27.37446637148014, 39.163107875969615]]]}, "id": "+384755+83186", "properties": {"area_ha": 14.20328741730689, "count": 51, "label": 1, "mean_dnbr": 0.46849387267641457}}, {"type": "Feature", "geometry": {"geodesic": false, "type": "Polygon", "coordinates": [[[27.379317274014397, 39.16741978933339], [27.380934241525807, 39.16741978933339], [27.380934241525807, 39.16795877850386], [27.382012219866738, 39.16795877850386], [27.382012219866738, 39.169575746015276], [27.37985626318485, 39.169575746015276], [27.37985626318485, 39.169036756844804], [27.38147323069626, 39.169036756844804], [27.38147323069626, 39.16849776767433], [27.379317274014397, 39.16849776767433], [27.379317274014397, 39.16741978933339]]]}, "id": "+384758+83178", "properties": {"area_ha": 3.620266660253711, "count": 13, "label": 1, "mean_dnbr": 0.22450694535033788}}, {"type": "Feature", "geometry": {"geodesic": false, "type": "Polygon", "coordinates": [[[27.380395252355328, 39.13130751491178], [27.38147323069626, 39.13130751491178], [27.38147323069626, 39.13238549325273], [27.383090198207697, 39.13238549325273], [27.383090198207697, 39.13346347159367], [27.382012219866738, 39.13346347159367], [27.382012219866738, 39.134002460764144], [27.380934241525807, 39.134002460764144], [27.380934241525807, 39.1329244824232], [27.38147323069626, 39.1329244824232], [27.38147323069626, 39.13238549325273], [27.380395252355328, 39.13238549325273], [27.380395252355328, 39.13130751491178]]]}, "id": "+384759+83245", "properties": {"area_ha": 3.62209728652044, "count": 13, "label": 1, "mean_dnbr": 0.2673036127680404}}, {"type": "Feature", "geometry": {"geodesic": false, "type": "Polygon", "coordinates": [[[27.382012219866738, 39.13885336329839], [27.382551209037217, 39.13885336329839], [27.382551209037217, 39.140470330809805], [27.382012219866738, 39.140470330809805], [27.382012219866738, 39.14100931998028], [27.383090198207697, 39.14100931998028], [27.383090198207697, 39.140470330809805], [27.384707165719107, 39.140470330809805], [27.384707165719107, 39.14100931998028], [27.385785144060037, 39.14100931998028], [27.385785144060037, 39.14154830915075], [27.386324133230517, 39.14154830915075], [27.386324133230517, 39.14208729832122], [27.385246154889586, 39.14208729832122], [27.385246154889586, 39.14262628749169], [27.384707165719107, 39.14262628749169], [27.384707165719107, 39.14316527666216], [27.383090198207697, 39.14316527666216], [27.383090198207697, 39.144243255003104], [27.382012219866738, 39.144243255003104], [27.382012219866738, 39.14370426583263], [27.38147323069626, 39.14370426583263], [27.38147323069626, 39.14316527666216], [27.380934241525807, 39.14316527666216], [27.380934241525807, 39.14208729832122], [27.38147323069626, 39.14208729832122], [27.38147323069626, 39.14154830915075], [27.382012219866738, 39.14154830915075], [27.382012219866738, 39.14100931998028], [27.38147323069626, 39.14100931998028], [27.38147323069626, 39.140470330809805], [27.380934241525807, 39.140470330809805], [27.380934241525807, 39.13993134163933], [27.38147323069626, 39.13993134163933], [27.38147323069626, 39.13939235246886], [27.382012219866738, 39.13939235246886], [27.382012219866738, 39.13885336329839]], [[27.383090198207697, 39.14262628749169], [27.383090198207697, 39.14316527666216], [27.382551209037217, 39.14316527666216], [27.382551209037217, 39.14262628749169], [27.383090198207697, 39.14262628749169]], [[27.382551209037217, 39.14208729832122], [27.382551209037217, 39.14262628749169], [27.382012219866738, 39.14262628749169], [27.382012219866738, 39.14208729832122], [27.382551209037217, 39.14208729832122]]]}, "id": "+384761+83231", "properties": {"area_ha": 12.257831807409554, "count": 44, "label": 1, "mean_dnbr": 0.49568882564701644}}, {"type": "Feature", "geometry": {"geodesic": false, "type": "Polygon", "coordinates": [[[27.384168176548627, 39.1366974066165], [27.384707165719107, 39.1366974066165], [27.384707165719107, 39.13777538495744], [27.385246154889586, 39.13777538495744], [27.385246154889586, 39.13885336329839], [27.383629187378148, 39.13885336329839], [27.383629187378148, 39.138314374127916], [27.383090198207697, 39.138314374127916], [27.383090198207697, 39.13777538495744], [27.382012219866738, 39.13777538495744], [27.382012219866738, 39.13723639578697], [27.384168176548627, 39.13723639578697], [27.384168176548627, 39.1366974066165]]]}, "id": "+384765+83235", "properties": {"area_ha": 3.6218309109768647, "count": 13, "label": 1, "mean_dnbr": 0.2408524334417297}}, {"type": "Feature", "geometry": {"geodesic": false, "type": "Polygon", "coordinates": [[[27.385246154889586, 39.159334951776316], [27.387941100741926, 39.159334951776316], [27.387941100741926, 39.160951919287726], [27.386863122400996, 39.160951919287726], [27.386863122400996, 39.16041293011725], [27.385246154889586, 39.16041293011725], [27.385246154889586, 39.159334951776316]]]}, "id": "+384771+83193", "properties": {"area_ha": 3.342170814988915, "count": 12, "label": 1, "mean_dnbr": 0.2766571261995708}}, {"type": "Feature", "geometry": {"geodesic": false, "type": "Polygon", "coordinates": [[[27.385246154889586, 39.156640005923954], [27.387941100741926, 39.156640005923954], [27.387941100741926, 39.15717899509443], [27.385785144060037, 39.15717899509443], [27.385785144060037, 39.15825697343537], [27.387941100741926, 39.15825697343537], [27.387941100741926, 39.15879596260584], [27.385246154889586, 39.15879596260584], [27.385246154889586, 39.156640005923954]]]}, "id": "+384771+83198", "properties": {"area_ha": 3.3422892575073764, "count": 12, "label": 1, "mean_dnbr": 0.24782227051133793}}, {"type": "Feature", "geometry": {"geodesic": false, "type": "Polygon", "coordinates": [[[27.385246154889586, 39.16849776767433], [27.388480089912406, 39.16849776767433], [27.388480089912406, 39.169036756844804], [27.387941100741926, 39.169036756844804], [27.387941100741926, 39.169575746015276], [27.385246154889586, 39.169575746015276], [27.385246154889586, 39.16849776767433]]]}, "id": "+384772+83176", "properties": {"area_ha": 3.063263655674616, "count": 11, "label": 1, "mean_dnbr": 0.3085367673739157}}, {"type": "Feature", "geometry": {"geodesic": false, "type": "Polygon", "coordinates": [[[27.387941100741926, 39.103280078047256], [27.388480089912406, 39.103280078047256], [27.388480089912406, 39.10489704555867], [27.389019079082885, 39.10489704555867], [27.389019079082885, 39.109208958922444], [27.388480089912406, 39.109208958922444], [27.388480089912406, 39.107053002240555], [27.387941100741926, 39.107053002240555], [27.387941100741926, 39.103280078047256]]]}, "id": "+384772+83297", "properties": {"area_ha": 4.180920665649299, "count": 15, "label": 1, "mean_dnbr": 0.2869563743778212}}, {"type": "Feature", "geometry": {"geodesic": false, "type": "Polygon", "coordinates": [[[27.387402111571447, 39.152867081730655], [27.389019079082885, 39.152867081730655], [27.389019079082885, 39.15340607090113], [27.390097057423816, 39.15340607090113], [27.390097057423816, 39.1539450600716], [27.391714024935226, 39.1539450600716], [27.391714024935226, 39.154484049242065], [27.392792003276185, 39.154484049242065], [27.392792003276185, 39.15502303841254], [27.392253014105705, 39.15502303841254], [27.392253014105705, 39.156640005923954], [27.391714024935226, 39.156640005923954], [27.391714024935226, 39.15717899509443], [27.390636046594295, 39.15717899509443], [27.390636046594295, 39.154484049242065], [27.387941100741926, 39.154484049242065], [27.387941100741926, 39.15340607090113], [27.387402111571447, 39.15340607090113], [27.387402111571447, 39.152867081730655]]]}, "id": "+384773+83205", "properties": {"area_ha": 8.077542141075785, "count": 29, "label": 1, "mean_dnbr": 0.41068701096659227}}, {"type": "Feature", "geometry": {"geodesic": false, "type": "Polygon", "coordinates": [[[27.387941100741926, 39.17496563771999], [27.390636046594295, 39.17496563771999], [27.390636046594295, 39.175504626890465], [27.394947959958074, 39.175504626890465], [27.394947959958074, 39.17604361606094], [27.394408970787595, 39.17604361606094], [27.394408970787595, 39.17658260523141], [27.392792003276185, 39.17658260523141], [27.392792003276185, 39.177660583572354], [27.392253014105705, 39.177660583572354], [27.392253014105705, 39.17712159440188], [27.391175035764775, 39.17712159440188], [27.391175035764775, 39.17658260523141], [27.390097057423816, 39.17658260523141], [27.390097057423816, 39.17712159440188], [27.389558068253336, 39.17712159440188], [27.389558068253336, 39.177660583572354], [27.388480089912406, 39.177660583572354], [27.388480089912406, 39.17819957274283], [27.387941100741926, 39.17819957274283], [27.387941100741926, 39.17658260523141], [27.385785144060037, 39.17658260523141], [27.385785144060037, 39.17604361606094], [27.383629187378148, 39.17604361606094], [27.383629187378148, 39.17496563771999], [27.385785144060037, 39.17496563771999], [27.385785144060037, 39.175504626890465], [27.386863122400996, 39.175504626890465], [27.386863122400996, 39.17604361606094], [27.387402111571447, 39.17604361606094], [27.387402111571447, 39.175504626890465], [27.387941100741926, 39.175504626890465], [27.387941100741926, 39.17496563771999]]]}, "id": "+384776+83164", "properties": {"area_ha": 15.871663476522013, "count": 57, "label": 1, "mean_dnbr": 0.22228750648959633}}, {"type": "Feature", "geometry": {"geodesic": false, "type": "Polygon", "coordinates": [[[27.389558068253336, 39.112981883115744], [27.390636046594295, 39.112981883115744], [27.390636046594295, 39.113520872286216], [27.392792003276185, 39.113520872286216], [27.392792003276185, 39.11405986145669], [27.393330992446664, 39.11405986145669], [27.393330992446664, 39.11513783979763], [27.389558068253336, 39.11513783979763], [27.389558068253336, 39.112981883115744]]]}, "id": "+384776+83279", "properties": {"area_ha": 6.131342591885873, "count": 22, "label": 1, "mean_dnbr": 0.1709662326485005}}, {"type": "Feature", "geometry": {"geodesic": false, "type": "Polygon", "coordinates": [[[27.390636046594295, 39.1938302586865], [27.391175035764775, 39.1938302586865], [27.391175035764775, 39.194369247856976], [27.391714024935226, 39.194369247856976], [27.391714024935226, 39.19490823702745], [27.392253014105705, 39.19490823702745], [27.392253014105705, 39.194369247856976], [27.392792003276185, 39.194369247856976], [27.392792003276185, 39.19490823702745], [27.393869981617115, 39.19490823702745], [27.393869981617115, 39.19544722619792], [27.394408970787595, 39.19544722619792], [27.394408970787595, 39.19598621536839], [27.394947959958074, 39.19598621536839], [27.394947959958074, 39.19652520453886], [27.394408970787595, 39.19652520453886], [27.394408970787595, 39.19598621536839], [27.393869981617115, 39.19598621536839], [27.393869981617115, 39.19544722619792], [27.392792003276185, 39.19544722619792], [27.392792003276185, 39.19598621536839], [27.392253014105705, 39.19598621536839], [27.392253014105705, 39.19544722619792], [27.391714024935226, 39.19544722619792], [27.391714024935226, 39.19490823702745], [27.390636046594295, 39.19490823702745], [27.390636046594295, 39.19652520453886], [27.391175035764775, 39.19652520453886], [27.391175035764775, 39.19868116122075], [27.390097057423816, 39.19868116122075], [27.390097057423816, 39.19490823702745], [27.389558068253336, 39.19490823702745], [27.389558068253336, 39.194369247856976], [27.390636046594295, 39.194369247856976], [27.390636046594295, 39.1938302586865]]]}, "id": "+384777+83129", "properties": {"area_ha": 6.6809418483672385, "count": 24, "label": 1, "mean_dnbr": 0.24492464155216623}}, {"type": "Feature", "geometry": {"geodesic": false, "type": "Polygon", "coordinates": [[[27.390097057423816, 39.11729379647952], [27.392253014105705, 39.11729379647952], [27.392253014105705, 39.117832785649995], [27.393869981617115, 39.117832785649995], [27.393869981617115, 39.11837177482046], [27.396564927469484, 39.11837177482046], [27.396564927469484, 39.119449753161405], [27.393869981617115, 39.119449753161405], [27.393869981617115, 39.11998874233188], [27.394947959958074, 39.11998874233188], [27.394947959958074, 39.12052773150235], [27.393330992446664, 39.12052773150235], [27.393330992446664, 39.119449753161405], [27.392253014105705, 39.119449753161405], [27.392253014105705, 39.11891076399093], [27.390097057423816, 39.11891076399093], [27.390097057423816, 39.11729379647952]]]}, "id": "+384779+83271", "properties": {"area_ha": 9.753747124211415, "count": 35, "label": 1, "mean_dnbr": 0.1624339895894814}}, {"type": "Feature", "geometry": {"geodesic": false, "type": "Polygon", "coordinates": [[[27.392253014105705, 39.09842917551301], [27.394408970787595, 39.09842917551301], [27.394408970787595, 39.098968164683484], [27.394947959958074, 39.098968164683484], [27.394947959958074, 39.100585132194894], [27.393869981617115, 39.100585132194894], [27.393869981617115, 39.10004614302442], [27.392792003276185, 39.10004614302442], [27.392792003276185, 39.099507153853956], [27.392253014105705, 39.099507153853956], [27.392253014105705, 39.09842917551301]]]}, "id": "+384783+83306", "properties": {"area_ha": 4.181318326433321, "count": 15, "label": 1, "mean_dnbr": 0.3471618789968184}}, {"type": "Feature", "geometry": {"geodesic": false, "type": "Polygon", "coordinates": [[[27.392253014105705, 39.1728096810381], [27.395486949128525, 39.1728096810381], [27.395486949128525, 39.17388765937905], [27.394947959958074, 39.17388765937905], [27.394947959958074, 39.17442664854952], [27.393869981617115, 39.17442664854952], [27.393869981617115, 39.17496563771999], [27.392253014105705, 39.17496563771999], [27.392253014105705, 39.1728096810381]]]}, "id": "+384785+83168", "properties": {"area_ha": 5.569193087958581, "count": 20, "label": 1, "mean_dnbr": 0.2057335194189886}}, {"type": "Feature", "geometry": {"geodesic": false, "type": "Polygon", "coordinates": [[[27.392792003276185, 39.12376166652518], [27.395486949128525, 39.12376166652518], [27.395486949128525, 39.12430065569565], [27.396025938299005, 39.12430065569565], [27.396025938299005, 39.12483964486612], [27.398181894980894, 39.12483964486612], [27.398181894980894, 39.12430065569565], [27.398720884151373, 39.12430065569565], [27.398720884151373, 39.12537863403659], [27.399259873321853, 39.12537863403659], [27.399259873321853, 39.125917623207066], [27.396564927469484, 39.125917623207066], [27.396564927469484, 39.12645661237754], [27.397103916639963, 39.12645661237754], [27.397103916639963, 39.12699560154801], [27.396025938299005, 39.12699560154801], [27.396025938299005, 39.125917623207066], [27.396564927469484, 39.125917623207066], [27.396564927469484, 39.12537863403659], [27.396025938299005, 39.12537863403659], [27.396025938299005, 39.12483964486612], [27.392792003276185, 39.12483964486612], [27.392792003276185, 39.12376166652518]]]}, "id": "+384785+83259", "properties": {"area_ha": 6.9663539163624915, "count": 25, "label": 1, "mean_dnbr": 0.3926715299049721}}, {"type": "Feature", "geometry": {"geodesic": false, "type": "Polygon", "coordinates": [[[27.396025938299005, 39.152867081730655], [27.397103916639963, 39.152867081730655], [27.397103916639963, 39.1539450600716], [27.396564927469484, 39.1539450600716], [27.396564927469484, 39.15502303841254], [27.396025938299005, 39.15502303841254], [27.396025938299005, 39.15556202758301], [27.394947959958074, 39.15556202758301], [27.394947959958074, 39.154484049242065], [27.395486949128525, 39.154484049242065], [27.395486949128525, 39.1539450600716], [27.396025938299005, 39.1539450600716], [27.396025938299005, 39.152867081730655]]]}, "id": "+384788+83205", "properties": {"area_ha": 3.063915572805006, "count": 11, "label": 1, "mean_dnbr": 0.3443797561590675}}, {"type": "Feature", "geometry": {"geodesic": false, "type": "Polygon", "coordinates": [[[27.396564927469484, 39.1728096810381], [27.398720884151373, 39.1728096810381], [27.398720884151373, 39.17496563771999], [27.396025938299005, 39.17496563771999], [27.396025938299005, 39.17442664854952], [27.396564927469484, 39.17442664854952], [27.396564927469484, 39.1728096810381]]]}, "id": "+384791+83168", "properties": {"area_ha": 4.73382462084183, "count": 17, "label": 1, "mean_dnbr": 0.30315045844489874}}, {"type": "Feature", "geometry": {"geodesic": false, "type": "Polygon", "coordinates": [[[27.397103916639963, 39.19868116122075], [27.399259873321853, 39.19868116122075], [27.399259873321853, 39.200298128732165], [27.398720884151373, 39.200298128732165], [27.398720884151373, 39.20083711790264], [27.397642905810415, 39.20083711790264], [27.397642905810415, 39.200298128732165], [27.397103916639963, 39.200298128732165], [27.397103916639963, 39.19868116122075]]]}, "id": "+384792+83120", "properties": {"area_ha": 3.897007058299482, "count": 14, "label": 1, "mean_dnbr": 0.21207223506032538}}, {"type": "Feature", "geometry": {"geodesic": false, "type": "Polygon", "coordinates": [[[27.399798862492304, 39.1539450600716], [27.400876840833263, 39.1539450600716], [27.400876840833263, 39.15610101675348], [27.399798862492304, 39.15610101675348], [27.399798862492304, 39.15825697343537], [27.398181894980894, 39.15825697343537], [27.398181894980894, 39.15610101675348], [27.398720884151373, 39.15610101675348], [27.398720884151373, 39.15556202758301], [27.399259873321853, 39.15556202758301], [27.399259873321853, 39.154484049242065], [27.399798862492304, 39.154484049242065], [27.399798862492304, 39.1539450600716]]]}, "id": "+384795+83203", "properties": {"area_ha": 6.6847283028550475, "count": 24, "label": 1, "mean_dnbr": 0.389616140600561}}, {"type": "Feature", "geometry": {"geodesic": false, "type": "Polygon", "coordinates": [[[27.40518875419704, 39.11998874233188], [27.406266732537972, 39.11998874233188], [27.406266732537972, 39.121605709843294], [27.405727743367493, 39.121605709843294], [27.405727743367493, 39.12268368818424], [27.40518875419704, 39.12268368818424], [27.40518875419704, 39.12322267735471], [27.403571786685603, 39.12322267735471], [27.403571786685603, 39.12268368818424], [27.404110775856083, 39.12268368818424], [27.404110775856083, 39.11998874233188], [27.404649765026562, 39.11998874233188], [27.404649765026562, 39.12052773150235], [27.40518875419704, 39.12052773150235], [27.40518875419704, 39.11998874233188]]]}, "id": "+384805+83266", "properties": {"area_ha": 5.573346276882833, "count": 20, "label": 1, "mean_dnbr": 0.419934114963858}}, {"type": "Feature", "geometry": {"geodesic": false, "type": "Polygon", "coordinates": [[[27.405727743367493, 39.17658260523141], [27.40680572170845, 39.17658260523141], [27.40680572170845, 39.17873856191329], [27.40842268921986, 39.17873856191329], [27.40842268921986, 39.179277551083764], [27.40896167839034, 39.179277551083764], [27.40896167839034, 39.17981654025424], [27.40680572170845, 39.17981654025424], [27.40680572170845, 39.17873856191329], [27.405727743367493, 39.17873856191329], [27.405727743367493, 39.179277551083764], [27.406266732537972, 39.179277551083764], [27.406266732537972, 39.17981654025424], [27.405727743367493, 39.17981654025424], [27.405727743367493, 39.18035552942471], [27.40518875419704, 39.18035552942471], [27.40518875419704, 39.17981654025424], [27.404110775856083, 39.17981654025424], [27.404110775856083, 39.179277551083764], [27.402493808344673, 39.179277551083764], [27.402493808344673, 39.17981654025424], [27.403032797515152, 39.17981654025424], [27.403032797515152, 39.181433507765654], [27.401954819174193, 39.181433507765654], [27.401954819174193, 39.181972496936126], [27.402493808344673, 39.181972496936126], [27.402493808344673, 39.1825114861066], [27.405727743367493, 39.1825114861066], [27.405727743367493, 39.18358946444754], [27.402493808344673, 39.18358946444754], [27.402493808344673, 39.18305047527707], [27.401954819174193, 39.18305047527707], [27.401954819174193, 39.184128453618015], [27.400876840833263, 39.184128453618015], [27.400876840833263, 39.18358946444754], [27.399798862492304, 39.18358946444754], [27.399798862492304, 39.1825114861066], [27.401954819174193, 39.1825114861066], [27.401954819174193, 39.181972496936126], [27.401415830003714, 39.181972496936126], [27.401415830003714, 39.181433507765654], [27.400876840833263, 39.181433507765654], [27.400876840833263, 39.181972496936126], [27.400337851662783, 39.181972496936126], [27.400337851662783, 39.18035552942471], [27.400876840833263, 39.18035552942471], [27.400876840833263, 39.179277551083764], [27.401415830003714, 39.179277551083764], [27.401415830003714, 39.17873856191329], [27.400876840833263, 39.17873856191329], [27.400876840833263, 39.17819957274283], [27.401415830003714, 39.17819957274283], [27.401415830003714, 39.177660583572354], [27.401954819174193, 39.177660583572354], [27.401954819174193, 39.17819957274283], [27.404110775856083, 39.17819957274283], [27.404110775856083, 39.17873856191329], [27.404649765026562, 39.17873856191329], [27.404649765026562, 39.177660583572354], [27.405727743367493, 39.177660583572354], [27.405727743367493, 39.17658260523141]]]}, "id": "+384806+83161", "properties": {"area_ha": 22.831604743335607, "count": 82, "label": 1, "mean_dnbr": 0.26797532422669273}}, {"type": "Feature", "geometry": {"geodesic": false, "type": "Polygon", "coordinates": [[[27.407344710878903, 39.14316527666216], [27.407883700049382, 39.14316527666216], [27.407883700049382, 39.144243255003104], [27.40842268921986, 39.144243255003104], [27.40842268921986, 39.14586022251452], [27.40680572170845, 39.14586022251452], [27.40680572170845, 39.14532123334405], [27.40518875419704, 39.14532123334405], [27.40518875419704, 39.144243255003104], [27.404110775856083, 39.144243255003104], [27.404110775856083, 39.14370426583263], [27.405727743367493, 39.14370426583263], [27.405727743367493, 39.144243255003104], [27.407344710878903, 39.144243255003104], [27.407344710878903, 39.14316527666216]]]}, "id": "+384808+83223", "properties": {"area_ha": 5.5715153018615435, "count": 20, "label": 1, "mean_dnbr": 0.3276024684794193}}, {"type": "Feature", "geometry": {"geodesic": false, "type": "Polygon", "coordinates": [[[27.40680572170845, 39.15825697343537], [27.40896167839034, 39.15825697343537], [27.40896167839034, 39.16041293011725], [27.407883700049382, 39.16041293011725], [27.407883700049382, 39.16202989762867], [27.40680572170845, 39.16202989762867], [27.40680572170845, 39.1614909084582], [27.405727743367493, 39.1614909084582], [27.405727743367493, 39.16041293011725], [27.406266732537972, 39.16041293011725], [27.406266732537972, 39.159334951776316], [27.40680572170845, 39.159334951776316], [27.40680572170845, 39.15825697343537]], [[27.407883700049382, 39.15987394094679], [27.407883700049382, 39.16041293011725], [27.40680572170845, 39.16041293011725], [27.40680572170845, 39.15987394094679], [27.407883700049382, 39.15987394094679]]]}, "id": "+384810+83195", "properties": {"area_ha": 7.241387522049142, "count": 26, "label": 1, "mean_dnbr": 0.334368144111382}}, {"type": "Feature", "geometry": {"geodesic": false, "type": "Polygon", "coordinates": [[[27.41003965673127, 39.13993134163933], [27.41111763507223, 39.13993134163933], [27.41111763507223, 39.140470330809805], [27.41327359175409, 39.140470330809805], [27.41327359175409, 39.14100931998028], [27.41003965673127, 39.14100931998028], [27.41003965673127, 39.14154830915075], [27.40896167839034, 39.14154830915075], [27.40896167839034, 39.140470330809805], [27.41003965673127, 39.140470330809805], [27.41003965673127, 39.13993134163933]]]}, "id": "+384814+83229", "properties": {"area_ha": 3.3431110445852608, "count": 12, "label": 1, "mean_dnbr": 0.29298868682887125}}, {"type": "Feature", "geometry": {"geodesic": false, "type": "Polygon", "coordinates": [[[27.409500667560792, 39.179277551083764], [27.41165662424268, 39.179277551083764], [27.41165662424268, 39.17981654025424], [27.41219561341316, 39.17981654025424], [27.41219561341316, 39.18089451859518], [27.41273460258364, 39.18089451859518], [27.41273460258364, 39.181433507765654], [27.41327359175409, 39.181433507765654], [27.41327359175409, 39.181972496936126], [27.41381258092457, 39.181972496936126], [27.41381258092457, 39.18305047527707], [27.41165662424268, 39.18305047527707], [27.41165662424268, 39.1825114861066], [27.40896167839034, 39.1825114861066], [27.40896167839034, 39.181972496936126], [27.41165662424268, 39.181972496936126], [27.41165662424268, 39.1825114861066], [27.41219561341316, 39.1825114861066], [27.41219561341316, 39.18089451859518], [27.41057864590175, 39.18089451859518], [27.41057864590175, 39.18035552942471], [27.409500667560792, 39.18035552942471], [27.409500667560792, 39.179277551083764]]]}, "id": "+384815+83156", "properties": {"area_ha": 7.517636707035922, "count": 27, "label": 1, "mean_dnbr": 0.2520835711546017}}, {"type": "Feature", "geometry": {"geodesic": false, "type": "Polygon", "coordinates": [[[27.41057864590175, 39.17604361606094], [27.41219561341316, 39.17604361606094], [27.41219561341316, 39.17658260523141], [27.41273460258364, 39.17658260523141], [27.41273460258364, 39.17819957274283], [27.41542954843598, 39.17819957274283], [27.41542954843598, 39.17981654025424], [27.41489055926553, 39.17981654025424], [27.41489055926553, 39.18035552942471], [27.41435157009505, 39.18035552942471], [27.41435157009505, 39.17981654025424], [27.41489055926553, 39.17981654025424], [27.41489055926553, 39.179277551083764], [27.41435157009505, 39.179277551083764], [27.41435157009505, 39.17873856191329], [27.41381258092457, 39.17873856191329], [27.41381258092457, 39.179277551083764], [27.41273460258364, 39.179277551083764], [27.41273460258364, 39.17819957274283], [27.41219561341316, 39.17819957274283], [27.41219561341316, 39.17873856191329], [27.41003965673127, 39.17873856191329], [27.41003965673127, 39.17712159440188], [27.409500667560792, 39.17712159440188], [27.409500667560792, 39.17658260523141], [27.41057864590175, 39.17658260523141], [27.41057864590175, 39.17604361606094]]]}, "id": "+384816+83162", "properties": {"area_ha": 9.467093802511144, "count": 34, "label": 1, "mean_dnbr": 0.2780324056231629}}, {"type": "Feature", "geometry": {"geodesic": false, "type": "Polygon", "coordinates": [[[27.41057864590175, 39.14747719002594], [27.41273460258364, 39.14747719002594], [27.41273460258364, 39.14909415753735], [27.41219561341316, 39.14909415753735], [27.41219561341316, 39.14963314670782], [27.41165662424268, 39.14963314670782], [27.41165662424268, 39.14909415753735], [27.41111763507223, 39.14909415753735], [27.41111763507223, 39.14963314670782], [27.40896167839034, 39.14963314670782], [27.40896167839034, 39.148555168366876], [27.409500667560792, 39.148555168366876], [27.409500667560792, 39.14909415753735], [27.41057864590175, 39.14909415753735], [27.41057864590175, 39.14747719002594]]]}, "id": "+384817+83215", "properties": {"area_ha": 5.01408182510915, "count": 18, "label": 1, "mean_dnbr": 0.17674666517195026}}, {"type": "Feature", "geometry": {"geodesic": false, "type": "Polygon", "coordinates": [[[27.41003965673127, 39.134541449934616], [27.41327359175409, 39.134541449934616], [27.41327359175409, 39.13561942827556], [27.41381258092457, 39.13561942827556], [27.41381258092457, 39.136158417446026], [27.41273460258364, 39.136158417446026], [27.41273460258364, 39.1366974066165], [27.41219561341316, 39.1366974066165], [27.41219561341316, 39.13508043910509], [27.41003965673127, 39.13508043910509], [27.41003965673127, 39.134541449934616]]]}, "id": "+384818+83239", "properties": {"area_ha": 3.343338318479429, "count": 12, "label": 1, "mean_dnbr": 0.24895654334933168}}, {"type": "Feature", "geometry": {"geodesic": false, "type": "Polygon", "coordinates": [[[27.41165662424268, 39.117832785649995], [27.41327359175409, 39.117832785649995], [27.41327359175409, 39.11837177482046], [27.41381258092457, 39.11837177482046], [27.41381258092457, 39.11891076399093], [27.41596853760646, 39.11891076399093], [27.41596853760646, 39.11998874233188], [27.41650752677694, 39.11998874233188], [27.41650752677694, 39.12052773150235], [27.41596853760646, 39.12052773150235], [27.41596853760646, 39.121605709843294], [27.41650752677694, 39.121605709843294], [27.41650752677694, 39.12106672067282], [27.41866348345883, 39.12106672067282], [27.41866348345883, 39.12268368818424], [27.41812449428835, 39.12268368818424], [27.41812449428835, 39.12430065569565], [27.41650752677694, 39.12430065569565], [27.41650752677694, 39.12268368818424], [27.41542954843598, 39.12268368818424], [27.41542954843598, 39.12214469901377], [27.41596853760646, 39.12214469901377], [27.41596853760646, 39.121605709843294], [27.41489055926553, 39.121605709843294], [27.41489055926553, 39.12214469901377], [27.41381258092457, 39.12214469901377], [27.41381258092457, 39.121605709843294], [27.41327359175409, 39.121605709843294], [27.41327359175409, 39.12052773150235], [27.41165662424268, 39.12052773150235], [27.41165662424268, 39.11998874233188], [27.41219561341316, 39.11998874233188], [27.41219561341316, 39.11837177482046], [27.41165662424268, 39.11837177482046], [27.41165662424268, 39.117832785649995]], [[27.41704651594742, 39.121605709843294], [27.41704651594742, 39.12214469901377], [27.41650752677694, 39.12214469901377], [27.41650752677694, 39.121605709843294], [27.41704651594742, 39.121605709843294]]]}, "id": "+384818+83270", "properties": {"area_ha": 17.834857063048148, "count": 64, "label": 1, "mean_dnbr": 0.3335089647713396}}, {"type": "Feature", "geometry": {"geodesic": false, "type": "Polygon", "coordinates": [[[27.41165662424268, 39.171731702697166], [27.41381258092457, 39.171731702697166], [27.41381258092457, 39.1728096810381], [27.41327359175409, 39.1728096810381], [27.41327359175409, 39.17227069186764], [27.41165662424268, 39.17227069186764], [27.41165662424268, 39.17388765937905], [27.41003965673127, 39.17388765937905], [27.41003965673127, 39.173348670208576], [27.40842268921986, 39.173348670208576], [27.40842268921986, 39.1728096810381], [27.40896167839034, 39.1728096810381], [27.40896167839034, 39.17227069186764], [27.41165662424268, 39.17227069186764], [27.41165662424268, 39.171731702697166]]]}, "id": "+384819+83170", "properties": {"area_ha": 5.290814338664192, "count": 19, "label": 1, "mean_dnbr": 0.30011506028998497}}, {"type": "Feature", "geometry": {"geodesic": false, "type": "Polygon", "coordinates": [[[27.41381258092457, 39.111903904774806], [27.41435157009505, 39.111903904774806], [27.41435157009505, 39.11244289394527], [27.41542954843598, 39.11244289394527], [27.41542954843598, 39.112981883115744], [27.41489055926553, 39.112981883115744], [27.41489055926553, 39.113520872286216], [27.41381258092457, 39.113520872286216], [27.41381258092457, 39.11405986145669], [27.41273460258364, 39.11405986145669], [27.41273460258364, 39.113520872286216], [27.41165662424268, 39.113520872286216], [27.41165662424268, 39.11244289394527], [27.41381258092457, 39.11244289394527], [27.41381258092457, 39.111903904774806]], [[27.41381258092457, 39.112981883115744], [27.41381258092457, 39.113520872286216], [27.41273460258364, 39.113520872286216], [27.41273460258364, 39.112981883115744], [27.41381258092457, 39.112981883115744]]]}, "id": "+384820+83281", "properties": {"area_ha": 3.901810499190834, "count": 14, "label": 1, "mean_dnbr": 0.20635055291759893}}, {"type": "Feature", "geometry": {"geodesic": false, "type": "Polygon", "coordinates": [[[27.41542954843598, 39.18035552942471], [27.41650752677694, 39.18035552942471], [27.41650752677694, 39.181433507765654], [27.41758550511787, 39.181433507765654], [27.41758550511787, 39.181972496936126], [27.41812449428835, 39.181972496936126], [27.41812449428835, 39.1825114861066], [27.41758550511787, 39.1825114861066], [27.41758550511787, 39.181972496936126], [27.41489055926553, 39.181972496936126], [27.41489055926553, 39.18089451859518], [27.41542954843598, 39.18089451859518], [27.41542954843598, 39.18035552942471]]]}, "id": "+384824+83154", "properties": {"area_ha": 3.062744793769826, "count": 11, "label": 1, "mean_dnbr": 0.3254194730335357}}, {"type": "Feature", "geometry": {"geodesic": false, "type": "Polygon", "coordinates": [[[27.41758550511787, 39.13076852574131], [27.41812449428835, 39.13076852574131], [27.41812449428835, 39.13130751491178], [27.41866348345883, 39.13130751491178], [27.41866348345883, 39.13238549325273], [27.41812449428835, 39.13238549325273], [27.41812449428835, 39.1329244824232], [27.41866348345883, 39.1329244824232], [27.41866348345883, 39.13346347159367], [27.41920247262928, 39.13346347159367], [27.41920247262928, 39.134002460764144], [27.41974146179976, 39.134002460764144], [27.41974146179976, 39.13508043910509], [27.41812449428835, 39.13508043910509], [27.41812449428835, 39.13561942827556], [27.41704651594742, 39.13561942827556], [27.41704651594742, 39.134541449934616], [27.41650752677694, 39.134541449934616], [27.41650752677694, 39.13346347159367], [27.41758550511787, 39.13346347159367], [27.41758550511787, 39.13076852574131]]]}, "id": "+384827+83246", "properties": {"area_ha": 7.244099473556537, "count": 26, "label": 1, "mean_dnbr": 0.34903350574305214}}, {"type": "Feature", "geometry": {"geodesic": false, "type": "Polygon", "coordinates": [[[27.41758550511787, 39.12537863403659], [27.41866348345883, 39.12537863403659], [27.41866348345883, 39.12645661237754], [27.41920247262928, 39.12645661237754], [27.41920247262928, 39.12753459071848], [27.41866348345883, 39.12753459071848], [27.41866348345883, 39.12861256905943], [27.41650752677694, 39.12861256905943], [27.41650752677694, 39.13076852574131], [27.41489055926553, 39.13076852574131], [27.41489055926553, 39.12861256905943], [27.41650752677694, 39.12861256905943], [27.41650752677694, 39.12753459071848], [27.41542954843598, 39.12753459071848], [27.41542954843598, 39.12699560154801], [27.41489055926553, 39.12699560154801], [27.41489055926553, 39.12645661237754], [27.41542954843598, 39.12645661237754], [27.41542954843598, 39.125917623207066], [27.41596853760646, 39.125917623207066], [27.41596853760646, 39.12645661237754], [27.41758550511787, 39.12645661237754], [27.41758550511787, 39.12537863403659]]]}, "id": "+384828+83256", "properties": {"area_ha": 11.145690529967245, "count": 40, "label": 1, "mean_dnbr": 0.3805137827757013}}, {"type": "Feature", "geometry": {"geodesic": false, "type": "Polygon", "coordinates": [[[27.42189741848165, 39.12322267735471], [27.42243640765213, 39.12322267735471], [27.42243640765213, 39.12483964486612], [27.42028045097024, 39.12483964486612], [27.42028045097024, 39.12430065569565], [27.41974146179976, 39.12430065569565], [27.41974146179976, 39.12483964486612], [27.41920247262928, 39.12483964486612], [27.41920247262928, 39.12322267735471], [27.42135842931117, 39.12322267735471], [27.42135842931117, 39.12376166652518], [27.42189741848165, 39.12376166652518], [27.42189741848165, 39.12322267735471]]]}, "id": "+384835+83260", "properties": {"area_ha": 4.458518601869386, "count": 16, "label": 1, "mean_dnbr": 0.29887772892356246}}, {"type": "Feature", "geometry": {"geodesic": false, "type": "Polygon", "coordinates": [[[27.42081944014072, 39.20946094463018], [27.422975396822608, 39.20946094463018], [27.422975396822608, 39.210538922971125], [27.424592364334018, 39.210538922971125], [27.424592364334018, 39.21161690131207], [27.422975396822608, 39.21161690131207], [27.422975396822608, 39.210538922971125], [27.42028045097024, 39.210538922971125], [27.42028045097024, 39.20999993380065], [27.42081944014072, 39.20999993380065], [27.42081944014072, 39.20946094463018]]]}, "id": "+384836+83100", "properties": {"area_ha": 4.1747350178351, "count": 15, "label": 1, "mean_dnbr": 0.33821277957261664}}, {"type": "Feature", "geometry": {"geodesic": false, "type": "Polygon", "coordinates": [[[27.422975396822608, 39.20299307458452], [27.42405337516354, 39.20299307458452], [27.42405337516354, 39.20353206375499], [27.42513135350447, 39.20353206375499], [27.42513135350447, 39.204071052925464], [27.424592364334018, 39.204071052925464], [27.424592364334018, 39.204610042095936], [27.42405337516354, 39.204610042095936], [27.42405337516354, 39.20514903126641], [27.422975396822608, 39.20514903126641], [27.422975396822608, 39.20299307458452]]]}, "id": "+384838+83112", "properties": {"area_ha": 3.0617461016344762, "count": 11, "label": 1, "mean_dnbr": 0.2557228327682213}}, {"type": "Feature", "geometry": {"geodesic": false, "type": "Polygon", "coordinates": [[[27.428365288527317, 39.584597407278494], [27.429443266868248, 39.584597407278494], [27.429443266868248, 39.585136396448966], [27.428904277697796, 39.585136396448966], [27.428904277697796, 39.58567538561944], [27.427826299356838, 39.58567538561944], [27.427826299356838, 39.58621437478991], [27.428904277697796, 39.58621437478991], [27.428904277697796, 39.587292353130856], [27.429443266868248, 39.587292353130856], [27.429443266868248, 39.58783134230133], [27.429982256038727, 39.58783134230133], [27.429982256038727, 39.588909320642266], [27.429443266868248, 39.588909320642266], [27.429443266868248, 39.58783134230133], [27.428904277697796, 39.58783134230133], [27.428904277697796, 39.587292353130856], [27.428365288527317, 39.587292353130856], [27.428365288527317, 39.58675336396038], [27.427826299356838, 39.58675336396038], [27.427826299356838, 39.58621437478991], [27.426209331845428, 39.58621437478991], [27.426209331845428, 39.584597407278494], [27.426748321015907, 39.584597407278494], [27.426748321015907, 39.585136396448966], [27.427287310186358, 39.585136396448966], [27.427287310186358, 39.58567538561944], [27.427826299356838, 39.58567538561944], [27.427826299356838, 39.585136396448966], [27.428365288527317, 39.585136396448966], [27.428365288527317, 39.584597407278494]]]}, "id": "+384848+82404", "properties": {"area_ha": 4.429126928707872, "count": 16, "label": 1, "mean_dnbr": 0.28682823052344536}}, {"type": "Feature", "geometry": {"geodesic": false, "type": "Polygon", "coordinates": [[[27.427287310186358, 39.12322267735471], [27.429443266868248, 39.12322267735471], [27.429443266868248, 39.12537863403659], [27.431599223550137, 39.12537863403659], [27.431599223550137, 39.125917623207066], [27.429443266868248, 39.125917623207066], [27.429443266868248, 39.12537863403659], [27.428904277697796, 39.12537863403659], [27.428904277697796, 39.12483964486612], [27.427826299356838, 39.12483964486612], [27.427826299356838, 39.12430065569565], [27.427287310186358, 39.12430065569565], [27.427287310186358, 39.12322267735471]]]}, "id": "+384848+83260", "properties": {"area_ha": 4.458485108949969, "count": 16, "label": 1, "mean_dnbr": 0.21813789722841434}}, {"type": "Feature", "geometry": {"geodesic": false, "type": "Polygon", "coordinates": [[[27.431599223550137, 39.10759199141103], [27.432138212720616, 39.10759199141103], [27.432138212720616, 39.1081309805815], [27.433755180232026, 39.1081309805815], [27.433755180232026, 39.109208958922444], [27.433216191061547, 39.109208958922444], [27.433216191061547, 39.10974794809292], [27.432677201891096, 39.10974794809292], [27.432677201891096, 39.11028693726339], [27.431599223550137, 39.11028693726339], [27.431599223550137, 39.11082592643386], [27.431060234379657, 39.11082592643386], [27.431060234379657, 39.111364915604334], [27.430521245209206, 39.111364915604334], [27.430521245209206, 39.11082592643386], [27.431060234379657, 39.11082592643386], [27.431060234379657, 39.11028693726339], [27.431599223550137, 39.11028693726339], [27.431599223550137, 39.10974794809292], [27.431060234379657, 39.10974794809292], [27.431060234379657, 39.109208958922444], [27.430521245209206, 39.109208958922444], [27.430521245209206, 39.1081309805815], [27.431599223550137, 39.1081309805815], [27.431599223550137, 39.10759199141103]]]}, "id": "+384853+83289", "properties": {"area_ha": 5.853041681358389, "count": 21, "label": 1, "mean_dnbr": 0.27017100641095054}}, {"type": "Feature", "geometry": {"geodesic": false, "type": "Polygon", "coordinates": [[[27.430521245209206, 39.16795877850386], [27.432677201891096, 39.16795877850386], [27.432677201891096, 39.169036756844804], [27.431599223550137, 39.169036756844804], [27.431599223550137, 39.169575746015276], [27.432138212720616, 39.169575746015276], [27.432138212720616, 39.17011473518575], [27.433216191061547, 39.17011473518575], [27.433216191061547, 39.17065372435622], [27.433755180232026, 39.17065372435622], [27.433755180232026, 39.17119271352669], [27.433216191061547, 39.17119271352669], [27.433216191061547, 39.171731702697166], [27.432677201891096, 39.171731702697166], [27.432677201891096, 39.17119271352669], [27.431599223550137, 39.17119271352669], [27.431599223550137, 39.17011473518575], [27.431060234379657, 39.17011473518575], [27.431060234379657, 39.169575746015276], [27.430521245209206, 39.169575746015276], [27.430521245209206, 39.169036756844804], [27.429982256038727, 39.169036756844804], [27.429982256038727, 39.16849776767433], [27.430521245209206, 39.16849776767433], [27.430521245209206, 39.16795877850386]]]}, "id": "+384854+83177", "properties": {"area_ha": 5.848013468242765, "count": 21, "label": 1, "mean_dnbr": 0.4142690713001246}}, {"type": "Feature", "geometry": {"geodesic": false, "type": "Polygon", "coordinates": [[[27.431599223550137, 39.165263832651505], [27.432677201891096, 39.165263832651505], [27.432677201891096, 39.16580282182198], [27.431599223550137, 39.16580282182198], [27.431599223550137, 39.16634181099244], [27.432138212720616, 39.16634181099244], [27.432138212720616, 39.166880800162915], [27.431599223550137, 39.166880800162915], [27.431599223550137, 39.16741978933339], [27.430521245209206, 39.16741978933339], [27.430521245209206, 39.166880800162915], [27.429982256038727, 39.166880800162915], [27.429982256038727, 39.16634181099244], [27.429443266868248, 39.16634181099244], [27.429443266868248, 39.16580282182198], [27.431599223550137, 39.16580282182198], [27.431599223550137, 39.165263832651505]]]}, "id": "+384854+83182", "properties": {"area_ha": 3.3418737777307426, "count": 12, "label": 1, "mean_dnbr": 0.2964081221051524}}, {"type": "Feature", "geometry": {"geodesic": false, "type": "Polygon", "coordinates": [[[27.434294169402506, 39.093039283808295], [27.434833158572985, 39.093039283808295], [27.434833158572985, 39.09519524049018], [27.431599223550137, 39.09519524049018], [27.431599223550137, 39.09411726214923], [27.433755180232026, 39.09411726214923], [27.433755180232026, 39.09357827297877], [27.434294169402506, 39.09357827297877], [27.434294169402506, 39.093039283808295]]]}, "id": "+384858+83316", "properties": {"area_ha": 4.181631438723104, "count": 15, "label": 1, "mean_dnbr": 0.22653559308072246}}, {"type": "Feature", "geometry": {"geodesic": false, "type": "Polygon", "coordinates": [[[27.436989115254846, 39.16795877850386], [27.437528104425326, 39.16795877850386], [27.437528104425326, 39.169036756844804], [27.438067093595805, 39.169036756844804], [27.438067093595805, 39.17227069186764], [27.438606082766285, 39.17227069186764], [27.438606082766285, 39.173348670208576], [27.438067093595805, 39.173348670208576], [27.438067093595805, 39.17388765937905], [27.436450126084395, 39.17388765937905], [27.436450126084395, 39.17227069186764], [27.436989115254846, 39.17227069186764], [27.436989115254846, 39.171731702697166], [27.436450126084395, 39.171731702697166], [27.436450126084395, 39.17065372435622], [27.436989115254846, 39.17065372435622], [27.436989115254846, 39.169036756844804], [27.435911136913916, 39.169036756844804], [27.435911136913916, 39.16849776767433], [27.436989115254846, 39.16849776767433], [27.436989115254846, 39.16795877850386]]]}, "id": "+384863+83177", "properties": {"area_ha": 8.0756405769277, "count": 29, "label": 1, "mean_dnbr": 0.3882265271755481}}, {"type": "Feature", "geometry": {"geodesic": false, "type": "Polygon", "coordinates": [[[27.437528104425326, 39.12483964486612], [27.438067093595805, 39.12483964486612], [27.438067093595805, 39.12537863403659], [27.439145071936736, 39.12537863403659], [27.439145071936736, 39.125917623207066], [27.439684061107215, 39.125917623207066], [27.439684061107215, 39.12645661237754], [27.440223050277694, 39.12645661237754], [27.440223050277694, 39.12753459071848], [27.439145071936736, 39.12753459071848], [27.439145071936736, 39.1291515582299], [27.438606082766285, 39.1291515582299], [27.438606082766285, 39.12861256905943], [27.437528104425326, 39.12861256905943], [27.437528104425326, 39.12753459071848], [27.436450126084395, 39.12753459071848], [27.436450126084395, 39.12699560154801], [27.437528104425326, 39.12699560154801], [27.437528104425326, 39.12645661237754], [27.438067093595805, 39.12645661237754], [27.438067093595805, 39.12537863403659], [27.437528104425326, 39.12537863403659], [27.437528104425326, 39.12483964486612]]]}, "id": "+384864+83257", "properties": {"area_ha": 6.966135312834941, "count": 25, "label": 1, "mean_dnbr": 0.37423195345001625}}, {"type": "Feature", "geometry": {"geodesic": false, "type": "Polygon", "coordinates": [[[27.435911136913916, 39.138314374127916], [27.438606082766285, 39.138314374127916], [27.438606082766285, 39.13885336329839], [27.439684061107215, 39.13885336329839], [27.439684061107215, 39.13939235246886], [27.439145071936736, 39.13939235246886], [27.439145071936736, 39.140470330809805], [27.439684061107215, 39.140470330809805], [27.439684061107215, 39.14208729832122], [27.440223050277694, 39.14208729832122], [27.440223050277694, 39.14262628749169], [27.439145071936736, 39.14262628749169], [27.439145071936736, 39.14154830915075], [27.438606082766285, 39.14154830915075], [27.438606082766285, 39.140470330809805], [27.438067093595805, 39.140470330809805], [27.438067093595805, 39.13939235246886], [27.436450126084395, 39.13939235246886], [27.436450126084395, 39.13885336329839], [27.435911136913916, 39.13885336329839], [27.435911136913916, 39.138314374127916]]]}, "id": "+384865+83232", "properties": {"area_ha": 6.129070940396598, "count": 22, "label": 1, "mean_dnbr": 0.24805904396349102}}, {"type": "Feature", "geometry": {"geodesic": false, "type": "Polygon", "coordinates": [[[27.440762039448174, 39.160951919287726], [27.441840017789104, 39.160951919287726], [27.441840017789104, 39.16202989762867], [27.442379006959584, 39.16202989762867], [27.442379006959584, 39.163107875969615], [27.441840017789104, 39.163107875969615], [27.441840017789104, 39.16364686514009], [27.441301028618625, 39.16364686514009], [27.441301028618625, 39.163107875969615], [27.440223050277694, 39.163107875969615], [27.440223050277694, 39.16256888679914], [27.440762039448174, 39.16256888679914], [27.440762039448174, 39.160951919287726]]]}, "id": "+384871+83190", "properties": {"area_ha": 3.342071610139199, "count": 12, "label": 1, "mean_dnbr": 0.20392763373953465}}, {"type": "Feature", "geometry": {"geodesic": false, "type": "Polygon", "coordinates": [[[27.446151931152883, 39.56465480797104], [27.447229909493814, 39.56465480797104], [27.447229909493814, 39.56681076465293], [27.445612941982404, 39.56681076465293], [27.445612941982404, 39.56519379714151], [27.446151931152883, 39.56519379714151], [27.446151931152883, 39.56465480797104]]]}, "id": "+384881+82441", "properties": {"area_ha": 3.0459190301798085, "count": 11, "label": 1, "mean_dnbr": 0.17493273199840995}}, {"type": "Feature", "geometry": {"geodesic": false, "type": "Polygon", "coordinates": [[[27.449924855346183, 39.16418585431056], [27.452080812028072, 39.16418585431056], [27.452080812028072, 39.16472484348103], [27.45261980119855, 39.16472484348103], [27.45261980119855, 39.165263832651505], [27.447768898664293, 39.165263832651505], [27.447768898664293, 39.16418585431056], [27.448846877005224, 39.16418585431056], [27.448846877005224, 39.16472484348103], [27.449924855346183, 39.16472484348103], [27.449924855346183, 39.16418585431056]]]}, "id": "+384890+83184", "properties": {"area_ha": 4.177511543030851, "count": 15, "label": 1, "mean_dnbr": 0.34479757249189963}}, {"type": "Feature", "geometry": {"geodesic": false, "type": "Polygon", "coordinates": [[[27.451541822857592, 39.16634181099244], [27.453158790369002, 39.16634181099244], [27.453158790369002, 39.166880800162915], [27.453697779539482, 39.166880800162915], [27.453697779539482, 39.16741978933339], [27.452080812028072, 39.16741978933339], [27.452080812028072, 39.16795877850386], [27.449924855346183, 39.16795877850386], [27.449924855346183, 39.16741978933339], [27.451002833687113, 39.16741978933339], [27.451002833687113, 39.166880800162915], [27.451541822857592, 39.166880800162915], [27.451541822857592, 39.16634181099244]]]}, "id": "+384892+83180", "properties": {"area_ha": 3.341844775154928, "count": 12, "label": 1, "mean_dnbr": 0.3490782440269536}}, {"type": "Feature", "geometry": {"geodesic": false, "type": "Polygon", "coordinates": [[[27.453158790369002, 39.59376022317652], [27.453697779539482, 39.59376022317652], [27.453697779539482, 39.59429921234699], [27.45585373622137, 39.59429921234699], [27.45585373622137, 39.594838201517454], [27.4569317145623, 39.594838201517454], [27.4569317145623, 39.59537719068793], [27.45747070373278, 39.59537719068793], [27.45747070373278, 39.59645516902887], [27.452080812028072, 39.59645516902887], [27.452080812028072, 39.59537719068793], [27.45261980119855, 39.59537719068793], [27.45261980119855, 39.59429921234699], [27.453158790369002, 39.59429921234699], [27.453158790369002, 39.59376022317652]], [[27.455314747050892, 39.594838201517454], [27.455314747050892, 39.59537719068793], [27.454775757880412, 39.59537719068793], [27.454775757880412, 39.594838201517454], [27.455314747050892, 39.594838201517454]]]}, "id": "+384893+82387", "properties": {"area_ha": 9.410724505839156, "count": 34, "label": 1, "mean_dnbr": 0.5344335038258851}}, {"type": "Feature", "geometry": {"geodesic": false, "type": "Polygon", "coordinates": [[[27.46016564958515, 39.36415083655557], [27.4607046387556, 39.36415083655557], [27.4607046387556, 39.36576780406698], [27.45962666041467, 39.36576780406698], [27.45962666041467, 39.365228814896504], [27.45908767124419, 39.365228814896504], [27.45908767124419, 39.36576780406698], [27.45747070373278, 39.36576780406698], [27.45747070373278, 39.365228814896504], [27.45800969290326, 39.365228814896504], [27.45800969290326, 39.36468982572604], [27.46016564958515, 39.36468982572604], [27.46016564958515, 39.36415083655557]]]}, "id": "+384906+82813", "properties": {"area_ha": 3.0547088923869445, "count": 11, "label": 1, "mean_dnbr": 0.15392399226289746}}, {"type": "Feature", "geometry": {"geodesic": false, "type": "Polygon", "coordinates": [[[27.481725216404016, 39.59537719068793], [27.483342183915425, 39.59537719068793], [27.483342183915425, 39.5959161798584], [27.485498140597315, 39.5959161798584], [27.485498140597315, 39.59807213654029], [27.484959151426835, 39.59807213654029], [27.484959151426835, 39.59861112571076], [27.484420162256356, 39.59861112571076], [27.484420162256356, 39.59645516902887], [27.483881173085905, 39.59645516902887], [27.483881173085905, 39.59807213654029], [27.483342183915425, 39.59807213654029], [27.483342183915425, 39.597533147369816], [27.482803194744946, 39.597533147369816], [27.482803194744946, 39.596994158199344], [27.481725216404016, 39.596994158199344], [27.481725216404016, 39.59537719068793]]]}, "id": "+384948+82384", "properties": {"area_ha": 6.642664921179907, "count": 24, "label": 1, "mean_dnbr": 0.38294029918927436}}, {"type": "Feature", "geometry": {"geodesic": false, "type": "Polygon", "coordinates": [[[27.486037129767794, 39.19059632366367], [27.486576118938245, 39.19059632366367], [27.486576118938245, 39.19113531283414], [27.487654097279204, 39.19113531283414], [27.487654097279204, 39.191674302004614], [27.488193086449684, 39.191674302004614], [27.488193086449684, 39.19329126951603], [27.487115108108725, 39.19329126951603], [27.487115108108725, 39.19275228034556], [27.486576118938245, 39.19275228034556], [27.486576118938245, 39.19221329117509], [27.486037129767794, 39.19221329117509], [27.486037129767794, 39.19059632366367]]]}, "id": "+384954+83135", "properties": {"area_ha": 3.619047080826822, "count": 13, "label": 1, "mean_dnbr": 0.4992286475989956}}, {"type": "Feature", "geometry": {"geodesic": false, "type": "Polygon", "coordinates": [[[27.50166781571147, 39.19868116122075], [27.502206804881922, 39.19868116122075], [27.502206804881922, 39.19922015039122], [27.50382377239336, 39.19922015039122], [27.50382377239336, 39.19975913956169], [27.50490175073429, 39.19975913956169], [27.50490175073429, 39.20083711790264], [27.50328478322288, 39.20083711790264], [27.50328478322288, 39.200298128732165], [27.5027457940524, 39.200298128732165], [27.5027457940524, 39.19975913956169], [27.502206804881922, 39.19975913956169], [27.502206804881922, 39.20083711790264], [27.5027457940524, 39.20083711790264], [27.5027457940524, 39.20137610707311], [27.50112882654099, 39.20137610707311], [27.50112882654099, 39.20083711790264], [27.50166781571147, 39.20083711790264], [27.50166781571147, 39.19868116122075]]]}, "id": "+384983+83120", "properties": {"area_ha": 4.73205445610916, "count": 17, "label": 1, "mean_dnbr": 0.3292299820445817}}, {"type": "Feature", "geometry": {"geodesic": false, "type": "Polygon", "coordinates": [[[27.500589837370512, 38.76263892230913], [27.502206804881922, 38.76263892230913], [27.502206804881922, 38.76425588982055], [27.5027457940524, 38.76425588982055], [27.5027457940524, 38.76533386816149], [27.50166781571147, 38.76533386816149], [27.50166781571147, 38.76587285733196], [27.500589837370512, 38.76587285733196], [27.500589837370512, 38.766411846502436], [27.5027457940524, 38.766411846502436], [27.5027457940524, 38.76587285733196], [27.50436276156381, 38.76587285733196], [27.50436276156381, 38.766411846502436], [27.50328478322288, 38.766411846502436], [27.50328478322288, 38.76748982484338], [27.50005084820006, 38.76748982484338], [27.50005084820006, 38.76695083567291], [27.500589837370512, 38.76695083567291], [27.500589837370512, 38.766411846502436], [27.498433880688623, 38.766411846502436], [27.498433880688623, 38.76533386816149], [27.497894891518172, 38.76533386816149], [27.497894891518172, 38.76425588982055], [27.500589837370512, 38.76425588982055], [27.500589837370512, 38.76263892230913]]]}, "id": "+384983+83929", "properties": {"area_ha": 14.28362717339367, "count": 51, "label": 1, "mean_dnbr": 0.3623367404720465}}, {"type": "Feature", "geometry": {"geodesic": false, "type": "Polygon", "coordinates": [[[27.502206804881922, 39.17496563771999], [27.5027457940524, 39.17496563771999], [27.5027457940524, 39.17604361606094], [27.50328478322288, 39.17604361606094], [27.50328478322288, 39.17658260523141], [27.50382377239336, 39.17658260523141], [27.50382377239336, 39.177660583572354], [27.50328478322288, 39.177660583572354], [27.50328478322288, 39.17712159440188], [27.50166781571147, 39.17712159440188], [27.50166781571147, 39.177660583572354], [27.500589837370512, 39.177660583572354], [27.500589837370512, 39.17819957274283], [27.50005084820006, 39.17819957274283], [27.50005084820006, 39.17873856191329], [27.498972869859102, 39.17873856191329], [27.498972869859102, 39.17819957274283], [27.498433880688623, 39.17819957274283], [27.498433880688623, 39.177660583572354], [27.495199945665803, 39.177660583572354], [27.495199945665803, 39.17712159440188], [27.497355902347692, 39.17712159440188], [27.497355902347692, 39.17658260523141], [27.498433880688623, 39.17658260523141], [27.498433880688623, 39.17712159440188], [27.498972869859102, 39.17712159440188], [27.498972869859102, 39.177660583572354], [27.500589837370512, 39.177660583572354], [27.500589837370512, 39.17658260523141], [27.50112882654099, 39.17658260523141], [27.50112882654099, 39.17604361606094], [27.50166781571147, 39.17604361606094], [27.50166781571147, 39.175504626890465], [27.502206804881922, 39.175504626890465], [27.502206804881922, 39.17496563771999]]]}, "id": "+384984+83164", "properties": {"area_ha": 8.631887562144081, "count": 31, "label": 1, "mean_dnbr": 0.26907663577812924}}, {"type": "Feature", "geometry": {"geodesic": false, "type": "Polygon", "coordinates": [[[27.50975265326855, 38.76263892230913], [27.510291642439, 38.76263892230913], [27.510291642439, 38.7631779114796], [27.51083063160948, 38.7631779114796], [27.51083063160948, 38.76479487899102], [27.51136962077996, 38.76479487899102], [27.51136962077996, 38.76587285733196], [27.51190860995044, 38.76587285733196], [27.51190860995044, 38.76748982484338], [27.510291642439, 38.76748982484338], [27.510291642439, 38.76533386816149], [27.50975265326855, 38.76533386816149], [27.50975265326855, 38.76425588982055], [27.50921366409807, 38.76425588982055], [27.50921366409807, 38.7631779114796], [27.50975265326855, 38.7631779114796], [27.50975265326855, 38.76263892230913]]]}, "id": "+384998+83929", "properties": {"area_ha": 6.441640475699363, "count": 23, "label": 1, "mean_dnbr": 0.3389950385315772}}, {"type": "Feature", "geometry": {"geodesic": false, "type": "Polygon", "coordinates": [[[27.510291642439, 39.17981654025424], [27.51083063160948, 39.17981654025424], [27.51083063160948, 39.18035552942471], [27.51136962077996, 39.18035552942471], [27.51136962077996, 39.18089451859518], [27.51244759912089, 39.18089451859518], [27.51244759912089, 39.18035552942471], [27.51298658829137, 39.18035552942471], [27.51298658829137, 39.18089451859518], [27.5140645666323, 39.18089451859518], [27.5140645666323, 39.181433507765654], [27.51460355580278, 39.181433507765654], [27.51460355580278, 39.181972496936126], [27.51136962077996, 39.181972496936126], [27.51136962077996, 39.18089451859518], [27.50975265326855, 39.18089451859518], [27.50975265326855, 39.18035552942471], [27.510291642439, 39.18035552942471], [27.510291642439, 39.17981654025424]]]}, "id": "+384999+83155", "properties": {"area_ha": 4.454923982069469, "count": 16, "label": 1, "mean_dnbr": 0.3981772584962589}}, {"type": "Feature", "geometry": {"geodesic": false, "type": "Polygon", "coordinates": [[[27.51622052331419, 39.19922015039122], [27.51675951248467, 39.19922015039122], [27.51675951248467, 39.200298128732165], [27.51514254497326, 39.200298128732165], [27.51514254497326, 39.19922015039122], [27.51460355580278, 39.19922015039122], [27.51460355580278, 39.19868116122075], [27.5140645666323, 39.19868116122075], [27.5140645666323, 39.19706419370933], [27.51514254497326, 39.19706419370933], [27.51514254497326, 39.1976031828798], [27.515681534143738, 39.1976031828798], [27.515681534143738, 39.198142172050275], [27.51622052331419, 39.198142172050275], [27.51622052331419, 39.19922015039122]]]}, "id": "+385007+83123", "properties": {"area_ha": 5.010511363054823, "count": 18, "label": 1, "mean_dnbr": 0.48340252951074825}}, {"type": "Feature", "geometry": {"geodesic": false, "type": "Polygon", "coordinates": [[[27.51837647999608, 39.588909320642266], [27.519454458337037, 39.588909320642266], [27.519454458337037, 39.58944830981274], [27.518915469166558, 39.58944830981274], [27.518915469166558, 39.58998729898321], [27.51837647999608, 39.58998729898321], [27.51837647999608, 39.59052628815368], [27.517837490825627, 39.59052628815368], [27.517837490825627, 39.591065277324155], [27.515681534143738, 39.591065277324155], [27.515681534143738, 39.5921432556651], [27.51352557746185, 39.5921432556651], [27.51352557746185, 39.59160426649463], [27.51460355580278, 39.59160426649463], [27.51460355580278, 39.591065277324155], [27.515681534143738, 39.591065277324155], [27.515681534143738, 39.58998729898321], [27.517837490825627, 39.58998729898321], [27.517837490825627, 39.58944830981274], [27.51837647999608, 39.58944830981274], [27.51837647999608, 39.588909320642266]]]}, "id": "+385015+82396", "properties": {"area_ha": 5.259248315781842, "count": 19, "label": 1, "mean_dnbr": 0.3037550592867831}}, {"type": "Feature", "geometry": {"geodesic": false, "type": "Polygon", "coordinates": [[[27.522149404189378, 39.59807213654029], [27.523227382530337, 39.59807213654029], [27.523227382530337, 39.59861112571076], [27.523766371700816, 39.59861112571076], [27.523766371700816, 39.59915011488123], [27.524305360871267, 39.59915011488123], [27.524305360871267, 39.599689104051706], [27.525383339212226, 39.599689104051706], [27.525383339212226, 39.60022809322218], [27.523766371700816, 39.60022809322218], [27.523766371700816, 39.60076708239264], [27.523227382530337, 39.60076708239264], [27.523227382530337, 39.60022809322218], [27.522688393359857, 39.60022809322218], [27.522688393359857, 39.599689104051706], [27.523227382530337, 39.599689104051706], [27.523227382530337, 39.59915011488123], [27.522149404189378, 39.59915011488123], [27.522149404189378, 39.59807213654029]]]}, "id": "+385022+82379", "properties": {"area_ha": 3.5979765911143624, "count": 13, "label": 1, "mean_dnbr": 0.29816673342552696}}, {"type": "Feature", "geometry": {"geodesic": false, "type": "Polygon", "coordinates": [[[27.522688393359857, 39.20622700960735], [27.524305360871267, 39.20622700960735], [27.524305360871267, 39.206765998777826], [27.525383339212226, 39.206765998777826], [27.525383339212226, 39.2073049879483], [27.525922328382705, 39.2073049879483], [27.525922328382705, 39.20838296628924], [27.525383339212226, 39.20838296628924], [27.525383339212226, 39.20892195545971], [27.523766371700816, 39.20892195545971], [27.523766371700816, 39.20946094463018], [27.522688393359857, 39.20946094463018], [27.522688393359857, 39.20892195545971], [27.522149404189378, 39.20892195545971], [27.522149404189378, 39.206765998777826], [27.522688393359857, 39.206765998777826], [27.522688393359857, 39.20622700960735]]]}, "id": "+385024+83106", "properties": {"area_ha": 8.628097842410021, "count": 31, "label": 1, "mean_dnbr": 0.5339271447330137}}, {"type": "Feature", "geometry": {"geodesic": false, "type": "Polygon", "coordinates": [[[27.527539295894115, 38.7594049872863], [27.528078285064566, 38.7594049872863], [27.528078285064566, 38.76102195479772], [27.523766371700816, 38.76102195479772], [27.523766371700816, 38.76048296562725], [27.524305360871267, 38.76048296562725], [27.524305360871267, 38.759943976456775], [27.527539295894115, 38.759943976456775], [27.527539295894115, 38.7594049872863]]]}, "id": "+385031+83935", "properties": {"area_ha": 4.481472535299532, "count": 16, "label": 1, "mean_dnbr": 0.2655648674764355}}, {"type": "Feature", "geometry": {"geodesic": false, "type": "Polygon", "coordinates": [[[27.541014025155903, 39.2434172623699], [27.542092003496833, 39.2434172623699], [27.542092003496833, 39.243956251540375], [27.542630992667313, 39.243956251540375], [27.542630992667313, 39.24503422988131], [27.54370897100827, 39.24503422988131], [27.54370897100827, 39.24611220822226], [27.542630992667313, 39.24611220822226], [27.542630992667313, 39.245573219051785], [27.541553014326382, 39.245573219051785], [27.541553014326382, 39.24503422988131], [27.541014025155903, 39.24503422988131], [27.541014025155903, 39.2434172623699]]]}, "id": "+385057+83037", "properties": {"area_ha": 3.8945065467464715, "count": 14, "label": 1, "mean_dnbr": 0.2972663757628942}}, {"type": "Feature", "geometry": {"geodesic": false, "type": "Polygon", "coordinates": [[[27.55448875441769, 38.7631779114796], [27.55556673275865, 38.7631779114796], [27.55556673275865, 38.763716900650074], [27.5561057219291, 38.763716900650074], [27.5561057219291, 38.76479487899102], [27.55502774358817, 38.76479487899102], [27.55502774358817, 38.76533386816149], [27.55341077607676, 38.76533386816149], [27.55341077607676, 38.76425588982055], [27.55394976524721, 38.76425588982055], [27.55394976524721, 38.763716900650074], [27.55448875441769, 38.763716900650074], [27.55448875441769, 38.7631779114796]]]}, "id": "+385082+83928", "properties": {"area_ha": 3.921050058262093, "count": 14, "label": 1, "mean_dnbr": 0.5147425410348125}}, {"type": "Feature", "geometry": {"geodesic": false, "type": "Polygon", "coordinates": [[[27.60084182307827, 39.398646143465754], [27.6019198014192, 39.398646143465754], [27.6019198014192, 39.400802100147644], [27.60138081224872, 39.400802100147644], [27.60138081224872, 39.40188007848858], [27.60084182307827, 39.40188007848858], [27.60084182307827, 39.400802100147644], [27.60030283390779, 39.400802100147644], [27.60030283390779, 39.3997241218067], [27.60084182307827, 39.3997241218067], [27.60084182307827, 39.398646143465754]]]}, "id": "+385168+82749", "properties": {"area_ha": 3.3307453300527063, "count": 12, "label": 1, "mean_dnbr": 0.2389003943549499}}, {"type": "Feature", "geometry": {"geodesic": false, "type": "Polygon", "coordinates": [[[27.618628465703836, 39.35444903148707], [27.620245433215246, 39.35444903148707], [27.620245433215246, 39.354988020657544], [27.621323411556176, 39.354988020657544], [27.621323411556176, 39.355527009828016], [27.620784422385725, 39.355527009828016], [27.620784422385725, 39.35606599899849], [27.618089476533356, 39.35606599899849], [27.618089476533356, 39.355527009828016], [27.616472509021946, 39.355527009828016], [27.616472509021946, 39.354988020657544], [27.618628465703836, 39.354988020657544], [27.618628465703836, 39.35444903148707]]]}, "id": "+385202+82831", "properties": {"area_ha": 4.721589158964469, "count": 17, "label": 1, "mean_dnbr": 0.4718073145389085}}, {"type": "Feature", "geometry": {"geodesic": false, "type": "Polygon", "coordinates": [[[27.64665590256834, 39.400802100147644], [27.64719489173882, 39.400802100147644], [27.64719489173882, 39.402419067659054], [27.64665590256834, 39.402419067659054], [27.64665590256834, 39.402958056829526], [27.64719489173882, 39.402958056829526], [27.64719489173882, 39.40403603517047], [27.64503893505693, 39.40403603517047], [27.64503893505693, 39.403497046], [27.64557792422741, 39.403497046], [27.64557792422741, 39.402958056829526], [27.64611691339789, 39.402958056829526], [27.64611691339789, 39.402419067659054], [27.64557792422741, 39.402419067659054], [27.64557792422741, 39.40188007848858], [27.64665590256834, 39.40188007848858], [27.64665590256834, 39.400802100147644]]]}, "id": "+385252+82745", "properties": {"area_ha": 3.6081727300365762, "count": 13, "label": 1, "mean_dnbr": 0.23511911369781688}}, {"type": "Feature", "geometry": {"geodesic": false, "type": "Polygon", "coordinates": [[[27.6515068051026, 39.421283688625564], [27.65366276178449, 39.421283688625564], [27.65366276178449, 39.42182267779604], [27.65474074012542, 39.42182267779604], [27.65474074012542, 39.42236166696651], [27.654201750954968, 39.42236166696651], [27.654201750954968, 39.423439645307454], [27.65366276178449, 39.423439645307454], [27.65366276178449, 39.42290065613698], [27.65312377261401, 39.42290065613698], [27.65312377261401, 39.42236166696651], [27.6515068051026, 39.42236166696651], [27.6515068051026, 39.421283688625564]]]}, "id": "+385264+82707", "properties": {"area_ha": 3.6071648773212845, "count": 13, "label": 1, "mean_dnbr": 0.3633074383987563}}, {"type": "Feature", "geometry": {"geodesic": false, "type": "Polygon", "coordinates": [[[27.65474074012542, 39.41427682940943], [27.6552797292959, 39.41427682940943], [27.6552797292959, 39.41589379692085], [27.65204579427308, 39.41589379692085], [27.65204579427308, 39.415354807750376], [27.652584783443558, 39.415354807750376], [27.652584783443558, 39.4148158185799], [27.65312377261401, 39.4148158185799], [27.65312377261401, 39.415354807750376], [27.65366276178449, 39.415354807750376], [27.65366276178449, 39.4148158185799], [27.65474074012542, 39.4148158185799], [27.65474074012542, 39.41427682940943]]]}, "id": "+385267+82720", "properties": {"area_ha": 3.0525380895965473, "count": 11, "label": 1, "mean_dnbr": 0.4369075286884824}}, {"type": "Feature", "geometry": {"geodesic": false, "type": "Polygon", "coordinates": [[[27.65474074012542, 39.407269970193305], [27.655818718466378, 39.407269970193305], [27.655818718466378, 39.40834794853424], [27.6552797292959, 39.40834794853424], [27.6552797292959, 39.408886937704715], [27.654201750954968, 39.408886937704715], [27.654201750954968, 39.40942592687519], [27.65366276178449, 39.40942592687519], [27.65366276178449, 39.408886937704715], [27.65312377261401, 39.408886937704715], [27.65312377261401, 39.40834794853424], [27.65366276178449, 39.40834794853424], [27.65366276178449, 39.40780895936377], [27.65474074012542, 39.40780895936377], [27.65474074012542, 39.407269970193305]]]}, "id": "+385268+82733", "properties": {"area_ha": 3.0528246026721564, "count": 11, "label": 1, "mean_dnbr": 0.370387170454278}}, {"type": "Feature", "geometry": {"geodesic": false, "type": "Polygon", "coordinates": [[[27.65474074012542, 39.40188007848858], [27.656357707636857, 39.40188007848858], [27.656357707636857, 39.402419067659054], [27.65689669680731, 39.402419067659054], [27.65689669680731, 39.40403603517047], [27.655818718466378, 39.40403603517047], [27.655818718466378, 39.40457502434094], [27.65474074012542, 39.40457502434094], [27.65474074012542, 39.40403603517047], [27.6552797292959, 39.40403603517047], [27.6552797292959, 39.402958056829526], [27.65474074012542, 39.402958056829526], [27.65474074012542, 39.40188007848858]]]}, "id": "+385269+82743", "properties": {"area_ha": 4.163249901347496, "count": 15, "label": 1, "mean_dnbr": 0.45412764056349764}}, {"type": "Feature", "geometry": {"geodesic": false, "type": "Polygon", "coordinates": [[[27.658513664318747, 39.40673098102283], [27.659052653489198, 39.40673098102283], [27.659052653489198, 39.407269970193305], [27.659591642659677, 39.407269970193305], [27.659591642659677, 39.40834794853424], [27.660130631830157, 39.40834794853424], [27.660130631830157, 39.40996491604566], [27.659052653489198, 39.40996491604566], [27.659052653489198, 39.40942592687519], [27.65689669680731, 39.40942592687519], [27.65689669680731, 39.40834794853424], [27.657435685977788, 39.40834794853424], [27.657435685977788, 39.407269970193305], [27.658513664318747, 39.407269970193305], [27.658513664318747, 39.40673098102283]]]}, "id": "+385274+82734", "properties": {"area_ha": 6.383165784745464, "count": 23, "label": 1, "mean_dnbr": 0.5005388627528344}}, {"type": "Feature", "geometry": {"geodesic": false, "type": "Polygon", "coordinates": [[[27.663903556023456, 39.40565300268189], [27.665520523534866, 39.40565300268189], [27.665520523534866, 39.40619199185236], [27.666598501875797, 39.40619199185236], [27.666598501875797, 39.40780895936377], [27.664442545193936, 39.40780895936377], [27.664442545193936, 39.407269970193305], [27.662825577682497, 39.407269970193305], [27.662825577682497, 39.40780895936377], [27.661747599341567, 39.40780895936377], [27.661747599341567, 39.407269970193305], [27.661208610171087, 39.407269970193305], [27.661208610171087, 39.40673098102283], [27.662286588512046, 39.40673098102283], [27.662286588512046, 39.40619199185236], [27.663903556023456, 39.40619199185236], [27.663903556023456, 39.40565300268189]]]}, "id": "+385286+82736", "properties": {"area_ha": 7.493455582138343, "count": 27, "label": 1, "mean_dnbr": 0.449913207762481}}, {"type": "Feature", "geometry": {"geodesic": false, "type": "Polygon", "coordinates": [[[27.665520523534866, 38.90654903082508], [27.666598501875797, 38.90654903082508], [27.666598501875797, 38.90762700916602], [27.667137491046276, 38.90762700916602], [27.667137491046276, 38.90816599833649], [27.666598501875797, 38.90816599833649], [27.666598501875797, 38.908704987506965], [27.667676480216755, 38.908704987506965], [27.667676480216755, 38.90924397667744], [27.667137491046276, 38.90924397667744], [27.667137491046276, 38.90978296584791], [27.665520523534866, 38.90978296584791], [27.665520523534866, 38.908704987506965], [27.666059512705345, 38.908704987506965], [27.666059512705345, 38.90762700916602], [27.665520523534866, 38.90762700916602], [27.665520523534866, 38.90654903082508]]]}, "id": "+385288+83662", "properties": {"area_ha": 3.913121722867565, "count": 14, "label": 1, "mean_dnbr": 0.2908828529588442}}, {"type": "Feature", "geometry": {"geodesic": false, "type": "Polygon", "coordinates": [[[27.668754458557686, 38.87097574557394], [27.669832436898645, 38.87097574557394], [27.669832436898645, 38.87313170225583], [27.667676480216755, 38.87313170225583], [27.667676480216755, 38.87420968059678], [27.665520523534866, 38.87420968059678], [27.665520523534866, 38.873670691426305], [27.664981534364387, 38.873670691426305], [27.664981534364387, 38.87313170225583], [27.667137491046276, 38.87313170225583], [27.667137491046276, 38.871514734744416], [27.668754458557686, 38.871514734744416], [27.668754458557686, 38.87097574557394]]]}, "id": "+385294+83728", "properties": {"area_ha": 7.2708763899744735, "count": 26, "label": 1, "mean_dnbr": 0.5410505206923089}}, {"type": "Feature", "geometry": {"geodesic": false, "type": "Polygon", "coordinates": [[[27.6935479603994, 39.661133869485475], [27.69462593874033, 39.661133869485475], [27.69462593874033, 39.66167285865595], [27.69516492791081, 39.66167285865595], [27.69516492791081, 39.66221184782642], [27.69624290625174, 39.66221184782642], [27.69624290625174, 39.66275083699689], [27.69570391708129, 39.66275083699689], [27.69570391708129, 39.663289826167365], [27.69462593874033, 39.663289826167365], [27.69462593874033, 39.66382881533784], [27.6935479603994, 39.66382881533784], [27.6935479603994, 39.663289826167365], [27.69300897122892, 39.663289826167365], [27.69300897122892, 39.66275083699689], [27.69408694956988, 39.66275083699689], [27.69408694956988, 39.66167285865595], [27.6935479603994, 39.66167285865595], [27.6935479603994, 39.661133869485475]]]}, "id": "+385340+82262", "properties": {"area_ha": 4.147719642804099, "count": 15, "label": 1, "mean_dnbr": 0.29771701197562817}}, {"type": "Feature", "geometry": {"geodesic": false, "type": "Polygon", "coordinates": [[[27.69516492791081, 38.807375023458285], [27.69678189542222, 38.807375023458285], [27.69678189542222, 38.80791401262876], [27.69839886293363, 38.80791401262876], [27.69839886293363, 38.80845300179923], [27.6973208845927, 38.80845300179923], [27.6973208845927, 38.8089919909697], [27.69839886293363, 38.8089919909697], [27.69839886293363, 38.810069969310646], [27.6973208845927, 38.810069969310646], [27.6973208845927, 38.8089919909697], [27.69570391708129, 38.8089919909697], [27.69570391708129, 38.80845300179923], [27.69516492791081, 38.80845300179923], [27.69516492791081, 38.807375023458285]]]}, "id": "+385344+83846", "properties": {"area_ha": 4.478418729444118, "count": 16, "label": 1, "mean_dnbr": 0.40808450082993103}}, {"type": "Feature", "geometry": {"geodesic": false, "type": "Polygon", "coordinates": [[[27.69570391708129, 38.85426708128932], [27.69893785210411, 38.85426708128932], [27.69893785210411, 38.854806070459794], [27.69947684127459, 38.854806070459794], [27.69947684127459, 38.85588404880074], [27.701093808786, 38.85588404880074], [27.701093808786, 38.856962027141684], [27.700015830445068, 38.856962027141684], [27.700015830445068, 38.85642303797121], [27.69839886293363, 38.85642303797121], [27.69839886293363, 38.856962027141684], [27.69678189542222, 38.856962027141684], [27.69678189542222, 38.85588404880074], [27.69624290625174, 38.85588404880074], [27.69624290625174, 38.854806070459794], [27.69570391708129, 38.854806070459794], [27.69570391708129, 38.85426708128932]]]}, "id": "+385348+83759", "properties": {"area_ha": 8.671181792298412, "count": 31, "label": 1, "mean_dnbr": 0.45626727005433426}}, {"type": "Feature", "geometry": {"geodesic": false, "type": "Polygon", "coordinates": [[[27.69785987376318, 39.14262628749169], [27.69947684127459, 39.14262628749169], [27.69947684127459, 39.14316527666216], [27.700015830445068, 39.14316527666216], [27.700015830445068, 39.144243255003104], [27.69839886293363, 39.144243255003104], [27.69839886293363, 39.14370426583263], [27.6973208845927, 39.14370426583263], [27.6973208845927, 39.14316527666216], [27.69785987376318, 39.14316527666216], [27.69785987376318, 39.14262628749169]]]}, "id": "+385349+83224", "properties": {"area_ha": 3.0643876715020752, "count": 11, "label": 1, "mean_dnbr": 0.23099232614453716}}, {"type": "Feature", "geometry": {"geodesic": false, "type": "Polygon", "coordinates": [[[27.705405722149777, 38.856962027141684], [27.707022689661187, 38.856962027141684], [27.707022689661187, 38.85804000548263], [27.707561678831667, 38.85804000548263], [27.707561678831667, 38.859117983823566], [27.706483700490708, 38.859117983823566], [27.706483700490708, 38.85965697299404], [27.705944711320257, 38.85965697299404], [27.705944711320257, 38.859117983823566], [27.705405722149777, 38.859117983823566], [27.705405722149777, 38.856962027141684]]]}, "id": "+385363+83754", "properties": {"area_ha": 4.195587894048743, "count": 15, "label": 1, "mean_dnbr": 0.4770749651593417}}, {"type": "Feature", "geometry": {"geodesic": false, "type": "Polygon", "coordinates": [[[27.711873592195445, 39.107053002240555], [27.712412581365896, 39.107053002240555], [27.712412581365896, 39.1081309805815], [27.712951570536376, 39.1081309805815], [27.712951570536376, 39.10759199141103], [27.713490559706855, 39.10759199141103], [27.713490559706855, 39.10866996975197], [27.712951570536376, 39.10866996975197], [27.712951570536376, 39.109208958922444], [27.712412581365896, 39.109208958922444], [27.712412581365896, 39.10974794809292], [27.712951570536376, 39.10974794809292], [27.712951570536376, 39.11028693726339], [27.711873592195445, 39.11028693726339], [27.711873592195445, 39.111364915604334], [27.710795613854486, 39.111364915604334], [27.710795613854486, 39.11244289394527], [27.709178646343076, 39.11244289394527], [27.709178646343076, 39.112981883115744], [27.708639657172597, 39.112981883115744], [27.708639657172597, 39.111903904774806], [27.710256624684007, 39.111903904774806], [27.710256624684007, 39.111364915604334], [27.710795613854486, 39.111364915604334], [27.710795613854486, 39.11082592643386], [27.709178646343076, 39.11082592643386], [27.709178646343076, 39.11028693726339], [27.710795613854486, 39.11028693726339], [27.710795613854486, 39.1081309805815], [27.711334603024966, 39.1081309805815], [27.711334603024966, 39.10759199141103], [27.711873592195445, 39.10759199141103], [27.711873592195445, 39.107053002240555]]]}, "id": "+385373+83290", "properties": {"area_ha": 9.19754632541947, "count": 33, "label": 1, "mean_dnbr": 0.2335215759824558}}, {"type": "Feature", "geometry": {"geodesic": false, "type": "Polygon", "coordinates": [[[27.713490559706855, 38.871514734744416], [27.715107527218265, 38.871514734744416], [27.715107527218265, 38.87205372391489], [27.715646516388745, 38.87205372391489], [27.715646516388745, 38.87313170225583], [27.714568538047786, 38.87313170225583], [27.714568538047786, 38.87259271308536], [27.714029548877306, 38.87259271308536], [27.714029548877306, 38.87205372391489], [27.713490559706855, 38.87205372391489], [27.713490559706855, 38.87259271308536], [27.712951570536376, 38.87259271308536], [27.712951570536376, 38.87313170225583], [27.712412581365896, 38.87313170225583], [27.712412581365896, 38.87205372391489], [27.713490559706855, 38.87205372391489], [27.713490559706855, 38.871514734744416]]]}, "id": "+385378+83727", "properties": {"area_ha": 3.0761522305271263, "count": 11, "label": 1, "mean_dnbr": 0.2146180568504348}}, {"type": "Feature", "geometry": {"geodesic": false, "type": "Polygon", "coordinates": [[[27.714568538047786, 38.863429897187345], [27.715107527218265, 38.863429897187345], [27.715107527218265, 38.86450787552829], [27.715646516388745, 38.86450787552829], [27.715646516388745, 38.8661248430397], [27.716185505559196, 38.8661248430397], [27.716185505559196, 38.86666383221017], [27.716724494729675, 38.86666383221017], [27.716724494729675, 38.86828079972159], [27.715646516388745, 38.86828079972159], [27.715646516388745, 38.86881978889206], [27.717802473070634, 38.86881978889206], [27.717802473070634, 38.869897767233006], [27.716185505559196, 38.869897767233006], [27.716185505559196, 38.87043675640348], [27.715107527218265, 38.87043675640348], [27.715107527218265, 38.869897767233006], [27.714568538047786, 38.869897767233006], [27.714568538047786, 38.869358778062534], [27.715107527218265, 38.869358778062534], [27.715107527218265, 38.86881978889206], [27.714568538047786, 38.86881978889206], [27.714568538047786, 38.86774181055112], [27.714029548877306, 38.86774181055112], [27.714029548877306, 38.867202821380644], [27.714568538047786, 38.867202821380644], [27.714568538047786, 38.86666383221017], [27.712951570536376, 38.86666383221017], [27.712951570536376, 38.86558585386923], [27.712412581365896, 38.86558585386923], [27.712412581365896, 38.86450787552829], [27.712951570536376, 38.86450787552829], [27.712951570536376, 38.86396888635782], [27.714568538047786, 38.86396888635782], [27.714568538047786, 38.863429897187345]], [[27.715646516388745, 38.86774181055112], [27.715646516388745, 38.86828079972159], [27.715107527218265, 38.86828079972159], [27.715107527218265, 38.86774181055112], [27.715646516388745, 38.86774181055112]], [[27.715107527218265, 38.8661248430397], [27.715107527218265, 38.86666383221017], [27.714568538047786, 38.86666383221017], [27.714568538047786, 38.8661248430397], [27.715107527218265, 38.8661248430397]]]}, "id": "+385378+83742", "properties": {"area_ha": 15.102274539562597, "count": 54, "label": 1, "mean_dnbr": 0.4620871205649482}}, {"type": "Feature", "geometry": {"geodesic": false, "type": "Polygon", "coordinates": [[[27.718880451411565, 39.10274108887678], [27.720497418922974, 39.10274108887678], [27.720497418922974, 39.103280078047256], [27.721036408093454, 39.103280078047256], [27.721036408093454, 39.10381906721773], [27.720497418922974, 39.10381906721773], [27.720497418922974, 39.1043580563882], [27.719958429752495, 39.1043580563882], [27.719958429752495, 39.10489704555867], [27.720497418922974, 39.10489704555867], [27.720497418922974, 39.105436034729145], [27.719958429752495, 39.105436034729145], [27.719958429752495, 39.10597502389961], [27.719419440582044, 39.10597502389961], [27.719419440582044, 39.105436034729145], [27.718880451411565, 39.105436034729145], [27.718880451411565, 39.1043580563882], [27.719419440582044, 39.1043580563882], [27.719419440582044, 39.10381906721773], [27.718880451411565, 39.10381906721773], [27.718880451411565, 39.10274108887678]]]}, "id": "+385388+83298", "properties": {"area_ha": 4.181039583282361, "count": 15, "label": 1, "mean_dnbr": 0.26346070149032574}}, {"type": "Feature", "geometry": {"geodesic": false, "type": "Polygon", "coordinates": [[[27.718880451411565, 38.85965697299404], [27.720497418922974, 38.85965697299404], [27.720497418922974, 38.86019596216451], [27.718880451411565, 38.86019596216451], [27.718880451411565, 38.861273940505455], [27.717263483900155, 38.861273940505455], [27.717263483900155, 38.86181292967593], [27.715646516388745, 38.86181292967593], [27.715646516388745, 38.8623519188464], [27.714568538047786, 38.8623519188464], [27.714568538047786, 38.86181292967593], [27.713490559706855, 38.86181292967593], [27.713490559706855, 38.8623519188464], [27.711873592195445, 38.8623519188464], [27.711873592195445, 38.86181292967593], [27.712412581365896, 38.86181292967593], [27.712412581365896, 38.861273940505455], [27.716185505559196, 38.861273940505455], [27.716185505559196, 38.86073495133498], [27.717263483900155, 38.86073495133498], [27.717263483900155, 38.86019596216451], [27.718880451411565, 38.86019596216451], [27.718880451411565, 38.85965697299404]]]}, "id": "+385388+83749", "properties": {"area_ha": 6.992322689859385, "count": 25, "label": 1, "mean_dnbr": 0.3266378088252563}}, {"type": "Feature", "geometry": {"geodesic": false, "type": "Polygon", "coordinates": [[[27.718880451411565, 38.778808597423286], [27.721036408093454, 38.778808597423286], [27.721036408093454, 38.77988657576423], [27.721575397263933, 38.77988657576423], [27.721575397263933, 38.780425564934696], [27.719419440582044, 38.780425564934696], [27.719419440582044, 38.77934758659376], [27.718880451411565, 38.77934758659376], [27.718880451411565, 38.77988657576423], [27.718341462241085, 38.77988657576423], [27.718341462241085, 38.77934758659376], [27.718880451411565, 38.77934758659376], [27.718880451411565, 38.778808597423286]]]}, "id": "+385389+83899", "properties": {"area_ha": 3.3601777979350853, "count": 12, "label": 1, "mean_dnbr": 0.19349650748613195}}, {"type": "Feature", "geometry": {"geodesic": false, "type": "Polygon", "coordinates": [[[27.728582256480053, 38.76748982484338], [27.72966023482101, 38.76748982484338], [27.72966023482101, 38.76802881401385], [27.730199223991463, 38.76802881401385], [27.730199223991463, 38.76910679235479], [27.728043267309573, 38.76910679235479], [27.728043267309573, 38.76964578152526], [27.727504278139122, 38.76964578152526], [27.727504278139122, 38.77180173820715], [27.725348321457233, 38.77180173820715], [27.725348321457233, 38.77126274903668], [27.724809332286753, 38.77126274903668], [27.724809332286753, 38.77072375986621], [27.724270343116274, 38.77072375986621], [27.724270343116274, 38.76964578152526], [27.725348321457233, 38.76964578152526], [27.725348321457233, 38.76910679235479], [27.725887310627684, 38.76910679235479], [27.725887310627684, 38.76964578152526], [27.726426299798163, 38.76964578152526], [27.726426299798163, 38.76910679235479], [27.728043267309573, 38.76910679235479], [27.728043267309573, 38.76802881401385], [27.728582256480053, 38.76802881401385], [27.728582256480053, 38.76748982484338]]]}, "id": "+385405+83920", "properties": {"area_ha": 9.801869208387302, "count": 35, "label": 1, "mean_dnbr": 0.4141629719208105}}, {"type": "Feature", "geometry": {"geodesic": false, "type": "Polygon", "coordinates": [[[27.73127720233242, 39.09034433795593], [27.73289416984383, 39.09034433795593], [27.73289416984383, 39.090883327126406], [27.73343315901431, 39.090883327126406], [27.73343315901431, 39.09196130546735], [27.73127720233242, 39.09196130546735], [27.73127720233242, 39.09142231629688], [27.730199223991463, 39.09142231629688], [27.730199223991463, 39.090883327126406], [27.73127720233242, 39.090883327126406], [27.73127720233242, 39.09034433795593]]]}, "id": "+385411+83321", "properties": {"area_ha": 3.6242382857074635, "count": 13, "label": 1, "mean_dnbr": 0.30142683784381397}}, {"type": "Feature", "geometry": {"geodesic": false, "type": "Polygon", "coordinates": [[[27.731816191502872, 38.78204253244611], [27.73289416984383, 38.78204253244611], [27.73289416984383, 38.78312051078706], [27.73343315901431, 38.78312051078706], [27.73343315901431, 38.78365949995753], [27.733972148184762, 38.78365949995753], [27.733972148184762, 38.784198489128], [27.73343315901431, 38.784198489128], [27.73343315901431, 38.784737478298474], [27.73127720233242, 38.784737478298474], [27.73127720233242, 38.784198489128], [27.730738213161942, 38.784198489128], [27.730738213161942, 38.78365949995753], [27.730199223991463, 38.78365949995753], [27.730199223991463, 38.784198489128], [27.728582256480053, 38.784198489128], [27.728582256480053, 38.78365949995753], [27.729121245650532, 38.78365949995753], [27.729121245650532, 38.78312051078706], [27.730199223991463, 38.78312051078706], [27.730199223991463, 38.782581521616585], [27.731816191502872, 38.782581521616585], [27.731816191502872, 38.78204253244611]], [[27.73289416984383, 38.78312051078706], [27.73289416984383, 38.78365949995753], [27.73343315901431, 38.78365949995753], [27.73343315901431, 38.784198489128], [27.731816191502872, 38.784198489128], [27.731816191502872, 38.78365949995753], [27.732355180673352, 38.78365949995753], [27.732355180673352, 38.78312051078706], [27.73289416984383, 38.78312051078706]]]}, "id": "+385411+83893", "properties": {"area_ha": 6.719992022490648, "count": 24, "label": 1, "mean_dnbr": 0.28880559204717043}}, {"type": "Feature", "geometry": {"geodesic": false, "type": "Polygon", "coordinates": [[[27.73720608320761, 39.06932376030754], [27.73882305071902, 39.06932376030754], [27.73882305071902, 39.069862749478006], [27.73990102905995, 39.069862749478006], [27.73990102905995, 39.07040173864848], [27.73828406154854, 39.07040173864848], [27.73828406154854, 39.07147971698942], [27.7393620398895, 39.07147971698942], [27.7393620398895, 39.07255769533037], [27.73828406154854, 39.07255769533037], [27.73828406154854, 39.07309668450084], [27.73720608320761, 39.07309668450084], [27.73720608320761, 39.07255769533037], [27.73612810486665, 39.07255769533037], [27.73612810486665, 39.072018706159895], [27.7355891156962, 39.072018706159895], [27.7355891156962, 39.07147971698942], [27.73612810486665, 39.07147971698942], [27.73612810486665, 39.07094072781895], [27.73666709403713, 39.07094072781895], [27.73666709403713, 39.069862749478006], [27.73720608320761, 39.069862749478006], [27.73720608320761, 39.06932376030754]]]}, "id": "+385422+83360", "properties": {"area_ha": 8.644852115147668, "count": 31, "label": 1, "mean_dnbr": 0.26794863335474894}}, {"type": "Feature", "geometry": {"geodesic": false, "type": "Polygon", "coordinates": [[[27.7393620398895, 38.82031076354961], [27.73990102905995, 38.82031076354961], [27.73990102905995, 38.82084975272008], [27.74044001823043, 38.82084975272008], [27.74044001823043, 38.822466720231496], [27.74097900740091, 38.822466720231496], [27.74097900740091, 38.823544698572434], [27.74044001823043, 38.823544698572434], [27.74044001823043, 38.824083687742906], [27.73990102905995, 38.824083687742906], [27.73990102905995, 38.823544698572434], [27.7393620398895, 38.823544698572434], [27.7393620398895, 38.82138874189055], [27.73882305071902, 38.82138874189055], [27.73882305071902, 38.82084975272008], [27.7393620398895, 38.82084975272008], [27.7393620398895, 38.82031076354961]]]}, "id": "+385424+83822", "properties": {"area_ha": 4.197711084384488, "count": 15, "label": 1, "mean_dnbr": 0.4365354966610673}}, {"type": "Feature", "geometry": {"geodesic": false, "type": "Polygon", "coordinates": [[[27.7431349640828, 38.76910679235479], [27.74421294242373, 38.76910679235479], [27.74421294242373, 38.770184770695735], [27.74475193159421, 38.770184770695735], [27.74475193159421, 38.77072375986621], [27.74367395325325, 38.77072375986621], [27.74367395325325, 38.77126274903668], [27.74475193159421, 38.77126274903668], [27.74475193159421, 38.77180173820715], [27.74529092076469, 38.77180173820715], [27.74529092076469, 38.772340727377625], [27.74582990993514, 38.772340727377625], [27.74582990993514, 38.7728797165481], [27.74529092076469, 38.7728797165481], [27.74529092076469, 38.77341870571857], [27.74421294242373, 38.77341870571857], [27.74421294242373, 38.77395769488904], [27.74367395325325, 38.77395769488904], [27.74367395325325, 38.77449668405951], [27.7431349640828, 38.77449668405951], [27.7431349640828, 38.77395769488904], [27.74205698574184, 38.77395769488904], [27.74205698574184, 38.7728797165481], [27.74259597491232, 38.7728797165481], [27.74259597491232, 38.772340727377625], [27.74367395325325, 38.772340727377625], [27.74367395325325, 38.77126274903668], [27.7431349640828, 38.77126274903668], [27.7431349640828, 38.76910679235479]]]}, "id": "+385432+83917", "properties": {"area_ha": 8.401326942444003, "count": 30, "label": 1, "mean_dnbr": 0.4846233088272351}}, {"type": "Feature", "geometry": {"geodesic": false, "type": "Polygon", "coordinates": [[[27.74259597491232, 38.776113651570924], [27.74475193159421, 38.776113651570924], [27.74475193159421, 38.77719162991187], [27.74421294242373, 38.77719162991187], [27.74421294242373, 38.77773061908234], [27.7431349640828, 38.77773061908234], [27.7431349640828, 38.77826960825281], [27.74259597491232, 38.77826960825281], [27.74259597491232, 38.77773061908234], [27.74044001823043, 38.77773061908234], [27.74044001823043, 38.776652640741396], [27.74259597491232, 38.776652640741396], [27.74259597491232, 38.776113651570924]]]}, "id": "+385433+83904", "properties": {"area_ha": 5.600491590665461, "count": 20, "label": 1, "mean_dnbr": 0.40281214650202884}}, {"type": "Feature", "geometry": {"geodesic": false, "type": "Polygon", "coordinates": [[[27.746907888276098, 38.82677863359527], [27.747446877446578, 38.82677863359527], [27.747446877446578, 38.82731762276574], [27.748524855787508, 38.82731762276574], [27.748524855787508, 38.828395601106685], [27.74798586661703, 38.828395601106685], [27.74798586661703, 38.830012568618095], [27.746907888276098, 38.830012568618095], [27.746907888276098, 38.82947357944762], [27.74636889910562, 38.82947357944762], [27.74636889910562, 38.82785661193621], [27.746907888276098, 38.82785661193621], [27.746907888276098, 38.82677863359527]]]}, "id": "+385438+83810", "properties": {"area_ha": 4.477166716331276, "count": 16, "label": 1, "mean_dnbr": 0.5204713413128009}}, {"type": "Feature", "geometry": {"geodesic": false, "type": "Polygon", "coordinates": [[[27.749063844957988, 39.10381906721773], [27.750141823298918, 39.10381906721773], [27.750141823298918, 39.10651401307008], [27.749063844957988, 39.10651401307008], [27.749063844957988, 39.107053002240555], [27.748524855787508, 39.107053002240555], [27.748524855787508, 39.1043580563882], [27.749063844957988, 39.1043580563882], [27.749063844957988, 39.10381906721773]], [[27.74960283412844, 39.1043580563882], [27.74960283412844, 39.10489704555867], [27.749063844957988, 39.10489704555867], [27.749063844957988, 39.1043580563882], [27.74960283412844, 39.1043580563882]]]}, "id": "+385443+83296", "properties": {"area_ha": 3.9022355855326145, "count": 14, "label": 1, "mean_dnbr": 0.20687814954080178}}, {"type": "Feature", "geometry": {"geodesic": false, "type": "Polygon", "coordinates": [[[27.74960283412844, 38.78312051078706], [27.750141823298918, 38.78312051078706], [27.750141823298918, 38.784198489128], [27.74960283412844, 38.784198489128], [27.74960283412844, 38.784737478298474], [27.749063844957988, 38.784737478298474], [27.749063844957988, 38.78527646746895], [27.746907888276098, 38.78527646746895], [27.746907888276098, 38.784198489128], [27.749063844957988, 38.784198489128], [27.749063844957988, 38.78365949995753], [27.74960283412844, 38.78365949995753], [27.74960283412844, 38.78312051078706]]]}, "id": "+385443+83891", "properties": {"area_ha": 3.359949219189781, "count": 12, "label": 1, "mean_dnbr": 0.42170834580589417}}, {"type": "Feature", "geometry": {"geodesic": false, "type": "Polygon", "coordinates": [[[27.754453736662697, 38.77395769488904], [27.755531715003627, 38.77395769488904], [27.755531715003627, 38.77449668405951], [27.756070704174107, 38.77449668405951], [27.756070704174107, 38.77503567322998], [27.756609693344586, 38.77503567322998], [27.756609693344586, 38.77557466240045], [27.755531715003627, 38.77557466240045], [27.755531715003627, 38.776113651570924], [27.754453736662697, 38.776113651570924], [27.754453736662697, 38.77557466240045], [27.752836769151287, 38.77557466240045], [27.752836769151287, 38.776652640741396], [27.752297779980807, 38.776652640741396], [27.752297779980807, 38.776113651570924], [27.751219801639877, 38.776113651570924], [27.751219801639877, 38.77557466240045], [27.751758790810328, 38.77557466240045], [27.751758790810328, 38.77503567322998], [27.752297779980807, 38.77503567322998], [27.752297779980807, 38.77449668405951], [27.754453736662697, 38.77449668405951], [27.754453736662697, 38.77395769488904]]]}, "id": "+385453+83908", "properties": {"area_ha": 6.720767809943519, "count": 24, "label": 1, "mean_dnbr": 0.36749743451336253}}, {"type": "Feature", "geometry": {"geodesic": false, "type": "Polygon", "coordinates": [[[27.763077563390254, 38.80683603428781], [27.763616552560705, 38.80683603428781], [27.763616552560705, 38.807375023458285], [27.764155541731185, 38.807375023458285], [27.764155541731185, 38.80791401262876], [27.765233520072144, 38.80791401262876], [27.765233520072144, 38.810069969310646], [27.765772509242595, 38.810069969310646], [27.765772509242595, 38.811686936822056], [27.765233520072144, 38.811686936822056], [27.765233520072144, 38.810069969310646], [27.764694530901664, 38.810069969310646], [27.764694530901664, 38.8089919909697], [27.764155541731185, 38.8089919909697], [27.764155541731185, 38.80845300179923], [27.763077563390254, 38.80845300179923], [27.763077563390254, 38.80791401262876], [27.763616552560705, 38.80791401262876], [27.763616552560705, 38.807375023458285], [27.763077563390254, 38.807375023458285], [27.763077563390254, 38.80683603428781]]]}, "id": "+385468+83847", "properties": {"area_ha": 3.6386937543280022, "count": 13, "label": 1, "mean_dnbr": 0.3427434990658506}}, {"type": "Feature", "geometry": {"geodesic": false, "type": "Polygon", "coordinates": [[[27.763077563390254, 39.736053364181046], [27.764155541731185, 39.736053364181046], [27.764155541731185, 39.73874831003341], [27.763077563390254, 39.73874831003341], [27.763077563390254, 39.739826288374346], [27.761999585049296, 39.739826288374346], [27.761999585049296, 39.73928729920387], [27.761460595878816, 39.73928729920387], [27.761460595878816, 39.738209320862936], [27.760921606708365, 39.738209320862936], [27.760921606708365, 39.736053364181046], [27.761460595878816, 39.736053364181046], [27.761460595878816, 39.73713134252199], [27.761999585049296, 39.73713134252199], [27.761999585049296, 39.73767033169246], [27.762538574219775, 39.73767033169246], [27.762538574219775, 39.738209320862936], [27.763077563390254, 39.738209320862936], [27.763077563390254, 39.73767033169246], [27.763616552560705, 39.73767033169246], [27.763616552560705, 39.73713134252199], [27.763077563390254, 39.73713134252199], [27.763077563390254, 39.736053364181046]]]}, "id": "+385469+82123", "properties": {"area_ha": 6.6291133541383065, "count": 24, "label": 1, "mean_dnbr": 0.3021766978085556}}, {"type": "Feature", "geometry": {"geodesic": false, "type": "Polygon", "coordinates": [[[27.761999585049296, 38.83109054695904], [27.764155541731185, 38.83109054695904], [27.764155541731185, 38.83270751447046], [27.761999585049296, 38.83270751447046], [27.761999585049296, 38.83109054695904]]]}, "id": "+385469+83802", "properties": {"area_ha": 3.357712958230869, "count": 12, "label": 1, "mean_dnbr": 0.4125135328821672}}, {"type": "Feature", "geometry": {"geodesic": false, "type": "Polygon", "coordinates": [[[27.764694530901664, 39.7312024616468], [27.765233520072144, 39.7312024616468], [27.765233520072144, 39.731741450817275], [27.765772509242595, 39.731741450817275], [27.765772509242595, 39.73281942915822], [27.768467455094964, 39.73281942915822], [27.768467455094964, 39.733358418328685], [27.767928465924484, 39.733358418328685], [27.767928465924484, 39.73389740749916], [27.767389476754005, 39.73389740749916], [27.767389476754005, 39.733358418328685], [27.766850487583554, 39.733358418328685], [27.766850487583554, 39.73389740749916], [27.765772509242595, 39.73389740749916], [27.765772509242595, 39.733358418328685], [27.765233520072144, 39.733358418328685], [27.765233520072144, 39.73281942915822], [27.763616552560705, 39.73281942915822], [27.763616552560705, 39.73389740749916], [27.762538574219775, 39.73389740749916], [27.762538574219775, 39.73443639666963], [27.763077563390254, 39.73443639666963], [27.763077563390254, 39.7349753858401], [27.762538574219775, 39.7349753858401], [27.762538574219775, 39.73443639666963], [27.761999585049296, 39.73443639666963], [27.761999585049296, 39.73389740749916], [27.762538574219775, 39.73389740749916], [27.762538574219775, 39.73281942915822], [27.763077563390254, 39.73281942915822], [27.763077563390254, 39.731741450817275], [27.764694530901664, 39.731741450817275], [27.764694530901664, 39.7312024616468]]]}, "id": "+385471+82132", "properties": {"area_ha": 7.18204766005617, "count": 26, "label": 1, "mean_dnbr": 0.2940395308132876}}, {"type": "Feature", "geometry": {"geodesic": false, "type": "Polygon", "coordinates": [[[27.766311498413074, 38.841331341198], [27.767389476754005, 38.841331341198], [27.767389476754005, 38.84294830870942], [27.764694530901664, 38.84294830870942], [27.764694530901664, 38.842409319538945], [27.764155541731185, 38.842409319538945], [27.764155541731185, 38.84187033036847], [27.766311498413074, 38.84187033036847], [27.766311498413074, 38.841331341198]]]}, "id": "+385475+83783", "properties": {"area_ha": 3.6369984069261148, "count": 13, "label": 1, "mean_dnbr": 0.35692232865561674}}, {"type": "Feature", "geometry": {"geodesic": false, "type": "Polygon", "coordinates": [[[27.772240379288263, 39.736053364181046], [27.772779368458743, 39.736053364181046], [27.772779368458743, 39.73659235335152], [27.772240379288263, 39.73659235335152], [27.772240379288263, 39.73713134252199], [27.774396335970152, 39.73713134252199], [27.774396335970152, 39.73659235335152], [27.774935325140632, 39.73659235335152], [27.774935325140632, 39.73767033169246], [27.774396335970152, 39.73767033169246], [27.774396335970152, 39.738209320862936], [27.771162400947333, 39.738209320862936], [27.771162400947333, 39.73928729920387], [27.770623411776853, 39.73928729920387], [27.770623411776853, 39.73767033169246], [27.770084422606374, 39.73767033169246], [27.770084422606374, 39.73713134252199], [27.769006444265443, 39.73713134252199], [27.769006444265443, 39.73659235335152], [27.770084422606374, 39.73659235335152], [27.770084422606374, 39.73713134252199], [27.771162400947333, 39.73713134252199], [27.771162400947333, 39.73659235335152], [27.772240379288263, 39.73659235335152], [27.772240379288263, 39.736053364181046]]]}, "id": "+385485+82123", "properties": {"area_ha": 6.629166287280193, "count": 24, "label": 1, "mean_dnbr": 0.264108577215802}}, {"type": "Feature", "geometry": {"geodesic": false, "type": "Polygon", "coordinates": [[[27.771701390117784, 39.729585494135385], [27.773318357629194, 39.729585494135385], [27.773318357629194, 39.73066347247633], [27.773857346799673, 39.73066347247633], [27.773857346799673, 39.7312024616468], [27.772779368458743, 39.7312024616468], [27.772779368458743, 39.73281942915822], [27.773857346799673, 39.73281942915822], [27.773857346799673, 39.73389740749916], [27.774396335970152, 39.73389740749916], [27.774396335970152, 39.7349753858401], [27.774935325140632, 39.7349753858401], [27.774935325140632, 39.73443639666963], [27.776013303481562, 39.73443639666963], [27.776013303481562, 39.7349753858401], [27.77709128182252, 39.7349753858401], [27.77709128182252, 39.735514375010574], [27.774396335970152, 39.735514375010574], [27.774396335970152, 39.7349753858401], [27.772779368458743, 39.7349753858401], [27.772779368458743, 39.735514375010574], [27.772240379288263, 39.735514375010574], [27.772240379288263, 39.7349753858401], [27.772779368458743, 39.7349753858401], [27.772779368458743, 39.73443639666963], [27.773318357629194, 39.73443639666963], [27.773318357629194, 39.73389740749916], [27.772240379288263, 39.73389740749916], [27.772240379288263, 39.73443639666963], [27.771701390117784, 39.73443639666963], [27.771701390117784, 39.73389740749916], [27.771162400947333, 39.73389740749916], [27.771162400947333, 39.73281942915822], [27.770623411776853, 39.73281942915822], [27.770623411776853, 39.73228043998775], [27.769545433435894, 39.73228043998775], [27.769545433435894, 39.731741450817275], [27.769006444265443, 39.731741450817275], [27.769006444265443, 39.73066347247633], [27.770084422606374, 39.73066347247633], [27.770084422606374, 39.731741450817275], [27.770623411776853, 39.731741450817275], [27.770623411776853, 39.73012448330586], [27.771701390117784, 39.73012448330586], [27.771701390117784, 39.729585494135385]]]}, "id": "+385486+82135", "properties": {"area_ha": 15.469152198412118, "count": 56, "label": 1, "mean_dnbr": 0.35087336688084786}}, {"type": "Feature", "geometry": {"geodesic": false, "type": "Polygon", "coordinates": [[[27.773857346799673, 38.77072375986621], [27.774935325140632, 38.77072375986621], [27.774935325140632, 38.77180173820715], [27.774396335970152, 38.77180173820715], [27.774396335970152, 38.77395769488904], [27.773857346799673, 38.77395769488904], [27.773857346799673, 38.77557466240045], [27.773318357629194, 38.77557466240045], [27.773318357629194, 38.77341870571857], [27.773857346799673, 38.77341870571857], [27.773857346799673, 38.77072375986621]]]}, "id": "+385489+83914", "properties": {"area_ha": 3.3604945845438072, "count": 12, "label": 1, "mean_dnbr": 0.22985449700527238}}, {"type": "Feature", "geometry": {"geodesic": false, "type": "Polygon", "coordinates": [[[27.771162400947333, 38.87636563727867], [27.775474314311083, 38.87636563727867], [27.775474314311083, 38.87690462644913], [27.774396335970152, 38.87690462644913], [27.774396335970152, 38.877443615619605], [27.773318357629194, 38.877443615619605], [27.773318357629194, 38.87798260479008], [27.771701390117784, 38.87798260479008], [27.771701390117784, 38.877443615619605], [27.771162400947333, 38.877443615619605], [27.771162400947333, 38.87636563727867]]]}, "id": "+385490+83718", "properties": {"area_ha": 4.753693424206696, "count": 17, "label": 1, "mean_dnbr": 0.3908399514115241}}, {"type": "Feature", "geometry": {"geodesic": false, "type": "Polygon", "coordinates": [[[27.774396335970152, 38.828395601106685], [27.776013303481562, 38.828395601106685], [27.776013303481562, 38.82947357944762], [27.776552292652042, 38.82947357944762], [27.776552292652042, 38.83109054695904], [27.774396335970152, 38.83109054695904], [27.774396335970152, 38.83055155778857], [27.773857346799673, 38.83055155778857], [27.773857346799673, 38.82947357944762], [27.774396335970152, 38.82947357944762], [27.774396335970152, 38.828395601106685]]]}, "id": "+385491+83807", "properties": {"area_ha": 5.596353142921975, "count": 20, "label": 1, "mean_dnbr": 0.5586846109773002}}, {"type": "Feature", "geometry": {"geodesic": false, "type": "Polygon", "coordinates": [[[27.775474314311083, 38.75832700894536], [27.776552292652042, 38.75832700894536], [27.776552292652042, 38.75886599811583], [27.77709128182252, 38.75886599811583], [27.77709128182252, 38.7594049872863], [27.77870824933393, 38.7594049872863], [27.77870824933393, 38.75886599811583], [27.78032521684534, 38.75886599811583], [27.78032521684534, 38.7594049872863], [27.77978622767486, 38.7594049872863], [27.77978622767486, 38.76048296562725], [27.779247238504382, 38.76048296562725], [27.779247238504382, 38.76102195479772], [27.778169260163452, 38.76102195479772], [27.778169260163452, 38.759943976456775], [27.776013303481562, 38.759943976456775], [27.776013303481562, 38.76048296562725], [27.774396335970152, 38.76048296562725], [27.774396335970152, 38.76102195479772], [27.773318357629194, 38.76102195479772], [27.773318357629194, 38.759943976456775], [27.773857346799673, 38.759943976456775], [27.773857346799673, 38.75886599811583], [27.775474314311083, 38.75886599811583], [27.775474314311083, 38.75832700894536]]]}, "id": "+385492+83937", "properties": {"area_ha": 9.523161146001511, "count": 34, "label": 1, "mean_dnbr": 0.44912381949812313}}, {"type": "Feature", "geometry": {"geodesic": false, "type": "Polygon", "coordinates": [[[27.77709128182252, 39.1081309805815], [27.778169260163452, 39.1081309805815], [27.778169260163452, 39.109208958922444], [27.77870824933393, 39.109208958922444], [27.77870824933393, 39.10974794809292], [27.776013303481562, 39.10974794809292], [27.776013303481562, 39.10866996975197], [27.775474314311083, 39.10866996975197], [27.775474314311083, 39.1081309805815], [27.776013303481562, 39.1081309805815], [27.776013303481562, 39.10866996975197], [27.77709128182252, 39.10866996975197], [27.77709128182252, 39.1081309805815]]]}, "id": "+385495+83288", "properties": {"area_ha": 3.344612526364401, "count": 12, "label": 1, "mean_dnbr": 0.31548733120708156}}, {"type": "Feature", "geometry": {"geodesic": false, "type": "Polygon", "coordinates": [[[27.778169260163452, 39.735514375010574], [27.77870824933393, 39.735514375010574], [27.77870824933393, 39.736053364181046], [27.779247238504382, 39.736053364181046], [27.779247238504382, 39.73659235335152], [27.77978622767486, 39.73659235335152], [27.77978622767486, 39.73713134252199], [27.77870824933393, 39.73713134252199], [27.77870824933393, 39.73659235335152], [27.778169260163452, 39.73659235335152], [27.778169260163452, 39.73767033169246], [27.777630270992972, 39.73767033169246], [27.777630270992972, 39.73713134252199], [27.776552292652042, 39.73713134252199], [27.776552292652042, 39.738209320862936], [27.77709128182252, 39.738209320862936], [27.77709128182252, 39.73928729920387], [27.775474314311083, 39.73928729920387], [27.775474314311083, 39.73874831003341], [27.776013303481562, 39.73874831003341], [27.776013303481562, 39.738209320862936], [27.775474314311083, 39.738209320862936], [27.775474314311083, 39.73767033169246], [27.776013303481562, 39.73767033169246], [27.776013303481562, 39.73713134252199], [27.776552292652042, 39.73713134252199], [27.776552292652042, 39.73659235335152], [27.778169260163452, 39.73659235335152], [27.778169260163452, 39.735514375010574]]]}, "id": "+385496+82124", "properties": {"area_ha": 4.695651495491982, "count": 17, "label": 1, "mean_dnbr": 0.322056475079428}}, {"type": "Feature", "geometry": {"geodesic": false, "type": "Polygon", "coordinates": [[[27.778169260163452, 38.79551726170791], [27.77978622767486, 38.79551726170791], [27.77978622767486, 38.79659524004885], [27.78032521684534, 38.79659524004885], [27.78032521684534, 38.798751196730734], [27.78086420601582, 38.798751196730734], [27.78086420601582, 38.80198513175357], [27.78032521684534, 38.80198513175357], [27.78032521684534, 38.798751196730734], [27.77978622767486, 38.798751196730734], [27.77978622767486, 38.797134229219324], [27.779247238504382, 38.797134229219324], [27.779247238504382, 38.79659524004885], [27.778169260163452, 38.79659524004885], [27.778169260163452, 38.79551726170791]]]}, "id": "+385498+83868", "properties": {"area_ha": 4.759022215877296, "count": 17, "label": 1, "mean_dnbr": 0.32105182158654905}}, {"type": "Feature", "geometry": {"geodesic": false, "type": "Polygon", "coordinates": [[[27.779247238504382, 38.76748982484338], [27.77978622767486, 38.76748982484338], [27.77978622767486, 38.76856780318432], [27.779247238504382, 38.76856780318432], [27.779247238504382, 38.76910679235479], [27.77870824933393, 38.76910679235479], [27.77870824933393, 38.77072375986621], [27.778169260163452, 38.77072375986621], [27.778169260163452, 38.77180173820715], [27.777630270992972, 38.77180173820715], [27.777630270992972, 38.772340727377625], [27.778169260163452, 38.772340727377625], [27.778169260163452, 38.77503567322998], [27.777630270992972, 38.77503567322998], [27.777630270992972, 38.77395769488904], [27.776552292652042, 38.77395769488904], [27.776552292652042, 38.77341870571857], [27.77709128182252, 38.77341870571857], [27.77709128182252, 38.77126274903668], [27.776552292652042, 38.77126274903668], [27.776552292652042, 38.77072375986621], [27.776013303481562, 38.77072375986621], [27.776013303481562, 38.770184770695735], [27.775474314311083, 38.770184770695735], [27.775474314311083, 38.76856780318432], [27.779247238504382, 38.76856780318432], [27.779247238504382, 38.76748982484338]]]}, "id": "+385498+83920", "properties": {"area_ha": 11.482019547612953, "count": 41, "label": 1, "mean_dnbr": 0.2979203195593051}}, {"type": "Feature", "geometry": {"geodesic": false, "type": "Polygon", "coordinates": [[[27.77870824933393, 38.84348729787989], [27.78032521684534, 38.84348729787989], [27.78032521684534, 38.84402628705036], [27.78086420601582, 38.84402628705036], [27.78086420601582, 38.844565276220834], [27.78140319518627, 38.844565276220834], [27.78140319518627, 38.845104265391306], [27.78194218435675, 38.845104265391306], [27.78194218435675, 38.84564325456178], [27.78140319518627, 38.84564325456178], [27.78140319518627, 38.84618224373225], [27.78032521684534, 38.84618224373225], [27.78032521684534, 38.846721232902716], [27.77978622767486, 38.846721232902716], [27.77978622767486, 38.84618224373225], [27.779247238504382, 38.84618224373225], [27.779247238504382, 38.84564325456178], [27.77870824933393, 38.84564325456178], [27.77870824933393, 38.845104265391306], [27.778169260163452, 38.845104265391306], [27.778169260163452, 38.84402628705036], [27.77870824933393, 38.84402628705036], [27.77870824933393, 38.84348729787989]]]}, "id": "+385499+83779", "properties": {"area_ha": 6.9939492498387335, "count": 25, "label": 1, "mean_dnbr": 0.600125055855479}}, {"type": "Feature", "geometry": {"geodesic": false, "type": "Polygon", "coordinates": [[[27.777630270992972, 38.817615817697245], [27.78032521684534, 38.817615817697245], [27.78032521684534, 38.821927731061024], [27.78086420601582, 38.821927731061024], [27.78086420601582, 38.82300570940196], [27.7851761193796, 38.82300570940196], [27.7851761193796, 38.823544698572434], [27.78140319518627, 38.823544698572434], [27.78140319518627, 38.824083687742906], [27.78086420601582, 38.824083687742906], [27.78086420601582, 38.82516166608385], [27.779247238504382, 38.82516166608385], [27.779247238504382, 38.82570065525432], [27.775474314311083, 38.82570065525432], [27.775474314311083, 38.824083687742906], [27.776013303481562, 38.824083687742906], [27.776013303481562, 38.82300570940196], [27.778169260163452, 38.82300570940196], [27.778169260163452, 38.82084975272008], [27.777630270992972, 38.82084975272008], [27.777630270992972, 38.81923278520866], [27.77709128182252, 38.81923278520866], [27.77709128182252, 38.81869379603819], [27.777630270992972, 38.81869379603819], [27.777630270992972, 38.817615817697245]]]}, "id": "+385499+83827", "properties": {"area_ha": 28.824260461134894, "count": 103, "label": 1, "mean_dnbr": 0.4774643223792381}}, {"type": "Feature", "geometry": {"geodesic": false, "type": "Polygon", "coordinates": [[[27.78140319518627, 39.588909320642266], [27.78248117352723, 39.588909320642266], [27.78248117352723, 39.58944830981274], [27.78302016269771, 39.58944830981274], [27.78302016269771, 39.58998729898321], [27.78355915186816, 39.58998729898321], [27.78355915186816, 39.591065277324155], [27.78463713020912, 39.591065277324155], [27.78463713020912, 39.5921432556651], [27.78355915186816, 39.5921432556651], [27.78355915186816, 39.591065277324155], [27.78302016269771, 39.591065277324155], [27.78302016269771, 39.58998729898321], [27.78032521684534, 39.58998729898321], [27.78032521684534, 39.58944830981274], [27.78140319518627, 39.58944830981274], [27.78140319518627, 39.588909320642266]]]}, "id": "+385503+82396", "properties": {"area_ha": 3.598457825854342, "count": 13, "label": 1, "mean_dnbr": 0.2628335339712672}}, {"type": "Feature", "geometry": {"geodesic": false, "type": "Polygon", "coordinates": [[[27.78248117352723, 38.7879714133213], [27.78355915186816, 38.7879714133213], [27.78355915186816, 38.788510402491774], [27.78409814103864, 38.788510402491774], [27.78409814103864, 38.789049391662246], [27.78463713020912, 38.789049391662246], [27.78463713020912, 38.79012737000319], [27.78302016269771, 38.79012737000319], [27.78302016269771, 38.78958838083272], [27.78248117352723, 38.78958838083272], [27.78248117352723, 38.7879714133213]]]}, "id": "+385505+83882", "properties": {"area_ha": 3.3597310126458586, "count": 12, "label": 1, "mean_dnbr": 0.30255975643158506}}, {"type": "Feature", "geometry": {"geodesic": false, "type": "Polygon", "coordinates": [[[27.78355915186816, 38.91247791170027], [27.78409814103864, 38.91247791170027], [27.78409814103864, 38.913016900870744], [27.7851761193796, 38.913016900870744], [27.7851761193796, 38.91355589004121], [27.78571510855005, 38.91355589004121], [27.78571510855005, 38.915172857552626], [27.78409814103864, 38.915172857552626], [27.78409814103864, 38.91355589004121], [27.78355915186816, 38.91355589004121], [27.78355915186816, 38.91247791170027]]]}, "id": "+385506+83651", "properties": {"area_ha": 3.6333254195931133, "count": 13, "label": 1, "mean_dnbr": 0.34770417767935746}}, {"type": "Feature", "geometry": {"geodesic": false, "type": "Polygon", "coordinates": [[[27.78248117352723, 38.82516166608385], [27.78463713020912, 38.82516166608385], [27.78463713020912, 38.82947357944762], [27.78302016269771, 38.82947357944762], [27.78302016269771, 38.83109054695904], [27.78248117352723, 38.83109054695904], [27.78248117352723, 38.82516166608385]]]}, "id": "+385507+83813", "properties": {"area_ha": 9.793920945405823, "count": 35, "label": 1, "mean_dnbr": 0.48314159357553405}}, {"type": "Feature", "geometry": {"geodesic": false, "type": "Polygon", "coordinates": [[[27.78409814103864, 38.84025336285706], [27.7851761193796, 38.84025336285706], [27.7851761193796, 38.84079235202753], [27.78571510855005, 38.84079235202753], [27.78571510855005, 38.842409319538945], [27.78409814103864, 38.842409319538945], [27.78409814103864, 38.84187033036847], [27.78355915186816, 38.84187033036847], [27.78355915186816, 38.84079235202753], [27.78409814103864, 38.84079235202753], [27.78409814103864, 38.84025336285706]]]}, "id": "+385508+83785", "properties": {"area_ha": 3.637039020225712, "count": 13, "label": 1, "mean_dnbr": 0.4104726648010126}}, {"type": "Feature", "geometry": {"geodesic": false, "type": "Polygon", "coordinates": [[[27.7851761193796, 38.79605625087838], [27.78679308689101, 38.79605625087838], [27.78679308689101, 38.79659524004885], [27.78733207606146, 38.79659524004885], [27.78733207606146, 38.798751196730734], [27.78787106523194, 38.798751196730734], [27.78787106523194, 38.79929018590121], [27.78841005440242, 38.79929018590121], [27.78841005440242, 38.79982917507168], [27.78679308689101, 38.79982917507168], [27.78679308689101, 38.79821220756027], [27.78625409772053, 38.79821220756027], [27.78625409772053, 38.798751196730734], [27.7851761193796, 38.798751196730734], [27.7851761193796, 38.7976732183898], [27.78463713020912, 38.7976732183898], [27.78463713020912, 38.79659524004885], [27.7851761193796, 38.79659524004885], [27.7851761193796, 38.79605625087838]]]}, "id": "+385511+83867", "properties": {"area_ha": 6.998588729442791, "count": 25, "label": 1, "mean_dnbr": 0.3780695379723315}}, {"type": "Feature", "geometry": {"geodesic": false, "type": "Polygon", "coordinates": [[[27.78733207606146, 38.772340727377625], [27.78787106523194, 38.772340727377625], [27.78787106523194, 38.7728797165481], [27.78733207606146, 38.7728797165481], [27.78733207606146, 38.77341870571857], [27.78625409772053, 38.77341870571857], [27.78625409772053, 38.77395769488904], [27.78355915186816, 38.77395769488904], [27.78355915186816, 38.7728797165481], [27.78733207606146, 38.7728797165481], [27.78733207606146, 38.772340727377625]]]}, "id": "+385513+83911", "properties": {"area_ha": 3.6404917704985635, "count": 13, "label": 1, "mean_dnbr": 0.504091696363224}}, {"type": "Feature", "geometry": {"geodesic": false, "type": "Polygon", "coordinates": [[[27.791105000254788, 39.19922015039122], [27.79164398942524, 39.19922015039122], [27.79164398942524, 39.200298128732165], [27.79326095693665, 39.200298128732165], [27.79326095693665, 39.20083711790264], [27.79379994610713, 39.20083711790264], [27.79379994610713, 39.20137610707311], [27.794338935277608, 39.20137610707311], [27.794338935277608, 39.20245408541405], [27.79379994610713, 39.20245408541405], [27.79379994610713, 39.20299307458452], [27.794338935277608, 39.20299307458452], [27.794338935277608, 39.20353206375499], [27.79379994610713, 39.20353206375499], [27.79379994610713, 39.204071052925464], [27.79326095693665, 39.204071052925464], [27.79326095693665, 39.20353206375499], [27.79218297859572, 39.20353206375499], [27.79218297859572, 39.20299307458452], [27.79326095693665, 39.20299307458452], [27.79326095693665, 39.20191509624358], [27.792721967766198, 39.20191509624358], [27.792721967766198, 39.20137610707311], [27.791105000254788, 39.20137610707311], [27.791105000254788, 39.20083711790264], [27.79056601108431, 39.20083711790264], [27.79056601108431, 39.19975913956169], [27.791105000254788, 39.19975913956169], [27.791105000254788, 39.19922015039122]]]}, "id": "+385520+83119", "properties": {"area_ha": 6.680413721103119, "count": 24, "label": 1, "mean_dnbr": 0.271743224393778}}, {"type": "Feature", "geometry": {"geodesic": false, "type": "Polygon", "coordinates": [[[27.78948803274335, 38.83109054695904], [27.79164398942524, 38.83109054695904], [27.79164398942524, 38.83270751447046], [27.79002702191383, 38.83270751447046], [27.79002702191383, 38.83324650364093], [27.78948803274335, 38.83324650364093], [27.78948803274335, 38.83109054695904]]]}, "id": "+385520+83802", "properties": {"area_ha": 3.63751427674186, "count": 13, "label": 1, "mean_dnbr": 0.28424737541961165}}, {"type": "Feature", "geometry": {"geodesic": false, "type": "Polygon", "coordinates": [[[27.79218297859572, 38.915172857552626], [27.79379994610713, 38.915172857552626], [27.79379994610713, 38.91625083589357], [27.794338935277608, 38.91625083589357], [27.794338935277608, 38.91678982506404], [27.794877924448087, 38.91678982506404], [27.794877924448087, 38.917328814234516], [27.794338935277608, 38.917328814234516], [27.794338935277608, 38.91786780340499], [27.792721967766198, 38.91786780340499], [27.792721967766198, 38.917328814234516], [27.79218297859572, 38.917328814234516], [27.79218297859572, 38.91840679257546], [27.79164398942524, 38.91840679257546], [27.79164398942524, 38.917328814234516], [27.79218297859572, 38.917328814234516], [27.79218297859572, 38.915172857552626]]]}, "id": "+385524+83646", "properties": {"area_ha": 5.589514393857726, "count": 20, "label": 1, "mean_dnbr": 0.3624705031991296}}, {"type": "Feature", "geometry": {"geodesic": false, "type": "Polygon", "coordinates": [[[27.795955902789018, 38.76048296562725], [27.796494891959497, 38.76048296562725], [27.796494891959497, 38.76263892230913], [27.798111859470907, 38.76263892230913], [27.798111859470907, 38.763716900650074], [27.797033881129977, 38.763716900650074], [27.797033881129977, 38.76479487899102], [27.797572870300428, 38.76479487899102], [27.797572870300428, 38.76587285733196], [27.797033881129977, 38.76587285733196], [27.797033881129977, 38.766411846502436], [27.796494891959497, 38.766411846502436], [27.796494891959497, 38.76695083567291], [27.79541691361854, 38.76695083567291], [27.79541691361854, 38.76533386816149], [27.795955902789018, 38.76533386816149], [27.795955902789018, 38.76479487899102], [27.79541691361854, 38.76479487899102], [27.79541691361854, 38.763716900650074], [27.79326095693665, 38.763716900650074], [27.79326095693665, 38.762099933138664], [27.79379994610713, 38.762099933138664], [27.79379994610713, 38.76156094396819], [27.795955902789018, 38.76156094396819], [27.795955902789018, 38.76048296562725]]]}, "id": "+385529+83933", "properties": {"area_ha": 13.7238013685701, "count": 49, "label": 1, "mean_dnbr": 0.47456179065934173}}, {"type": "Feature", "geometry": {"geodesic": false, "type": "Polygon", "coordinates": [[[27.799189837811838, 38.76695083567291], [27.800806805323276, 38.76695083567291], [27.800806805323276, 38.76748982484338], [27.801884783664207, 38.76748982484338], [27.801884783664207, 38.76802881401385], [27.802423772834686, 38.76802881401385], [27.802423772834686, 38.76856780318432], [27.801345794493727, 38.76856780318432], [27.801345794493727, 38.76910679235479], [27.797033881129977, 38.76910679235479], [27.797033881129977, 38.76802881401385], [27.797572870300428, 38.76802881401385], [27.797572870300428, 38.76748982484338], [27.799189837811838, 38.76748982484338], [27.799189837811838, 38.76695083567291]]]}, "id": "+385537+83921", "properties": {"area_ha": 8.121779953817144, "count": 29, "label": 1, "mean_dnbr": 0.4242962841103737}}, {"type": "Feature", "geometry": {"geodesic": false, "type": "Polygon", "coordinates": [[[27.801884783664207, 38.807375023458285], [27.804040740346096, 38.807375023458285], [27.804040740346096, 38.80791401262876], [27.804579729516576, 38.80791401262876], [27.804579729516576, 38.8089919909697], [27.802962762005166, 38.8089919909697], [27.802962762005166, 38.80845300179923], [27.801345794493727, 38.80845300179923], [27.801345794493727, 38.80791401262876], [27.801884783664207, 38.80791401262876], [27.801884783664207, 38.807375023458285]]]}, "id": "+385543+83846", "properties": {"area_ha": 3.638734822961795, "count": 13, "label": 1, "mean_dnbr": 0.31713475739579083}}, {"type": "Feature", "geometry": {"geodesic": false, "type": "Polygon", "coordinates": [[[27.804579729516576, 38.84726022207319], [27.805118718687027, 38.84726022207319], [27.805118718687027, 38.84779921124366], [27.806196697027985, 38.84779921124366], [27.806196697027985, 38.84941617875508], [27.805657707857506, 38.84941617875508], [27.805657707857506, 38.84995516792555], [27.805118718687027, 38.84995516792555], [27.805118718687027, 38.85049415709602], [27.803501751175617, 38.85049415709602], [27.803501751175617, 38.84995516792555], [27.802962762005166, 38.84995516792555], [27.802962762005166, 38.84941617875508], [27.803501751175617, 38.84941617875508], [27.803501751175617, 38.84833820041413], [27.804040740346096, 38.84833820041413], [27.804040740346096, 38.84779921124366], [27.804579729516576, 38.84779921124366], [27.804579729516576, 38.84726022207319]]]}, "id": "+385545+83772", "properties": {"area_ha": 6.434069329318702, "count": 23, "label": 1, "mean_dnbr": 0.33559655594428983}}, {"type": "Feature", "geometry": {"geodesic": false, "type": "Polygon", "coordinates": [[[27.806196697027985, 38.823544698572434], [27.807274675368916, 38.823544698572434], [27.807274675368916, 38.824083687742906], [27.807813664539395, 38.824083687742906], [27.807813664539395, 38.82462267691338], [27.808352653709875, 38.82462267691338], [27.808352653709875, 38.82516166608385], [27.808891642880354, 38.82516166608385], [27.808891642880354, 38.82570065525432], [27.806735686198465, 38.82570065525432], [27.806735686198465, 38.82516166608385], [27.806196697027985, 38.82516166608385], [27.806196697027985, 38.82462267691338], [27.805657707857506, 38.82462267691338], [27.805657707857506, 38.824083687742906], [27.806196697027985, 38.824083687742906], [27.806196697027985, 38.823544698572434]]]}, "id": "+385549+83816", "properties": {"area_ha": 3.9177316295103526, "count": 14, "label": 1, "mean_dnbr": 0.22455858460214134}}, {"type": "Feature", "geometry": {"geodesic": false, "type": "Polygon", "coordinates": [[[27.807813664539395, 38.82893459027715], [27.808891642880354, 38.82893459027715], [27.808891642880354, 38.830012568618095], [27.809430632050805, 38.830012568618095], [27.809430632050805, 38.832168525299984], [27.808352653709875, 38.832168525299984], [27.808352653709875, 38.83109054695904], [27.807813664539395, 38.83109054695904], [27.807813664539395, 38.82893459027715]]]}, "id": "+385552+83806", "properties": {"area_ha": 3.91740593988107, "count": 14, "label": 1, "mean_dnbr": 0.47180378666100276}}, {"type": "Feature", "geometry": {"geodesic": false, "type": "Polygon", "coordinates": [[[27.809969621221285, 38.759943976456775], [27.810508610391764, 38.759943976456775], [27.810508610391764, 38.76048296562725], [27.812125577903174, 38.76048296562725], [27.812125577903174, 38.76102195479772], [27.815898502096474, 38.76102195479772], [27.815898502096474, 38.76263892230913], [27.816437491266953, 38.76263892230913], [27.816437491266953, 38.76425588982055], [27.815359512925994, 38.76425588982055], [27.815359512925994, 38.763716900650074], [27.814820523755543, 38.763716900650074], [27.814820523755543, 38.7631779114796], [27.814281534585064, 38.7631779114796], [27.814281534585064, 38.76156094396819], [27.812664567073654, 38.76156094396819], [27.812664567073654, 38.762099933138664], [27.812125577903174, 38.762099933138664], [27.812125577903174, 38.76263892230913], [27.809430632050805, 38.76263892230913], [27.809430632050805, 38.76156094396819], [27.809969621221285, 38.76156094396819], [27.809969621221285, 38.76102195479772], [27.809430632050805, 38.76102195479772], [27.809430632050805, 38.76048296562725], [27.809969621221285, 38.76048296562725], [27.809969621221285, 38.759943976456775]]]}, "id": "+385555+83934", "properties": {"area_ha": 12.043598090524887, "count": 43, "label": 1, "mean_dnbr": 0.5057224297548554}}, {"type": "Feature", "geometry": {"geodesic": false, "type": "Polygon", "coordinates": [[[27.811047599562215, 38.91247791170027], [27.811586588732695, 38.91247791170027], [27.811586588732695, 38.915172857552626], [27.812125577903174, 38.915172857552626], [27.812125577903174, 38.91678982506404], [27.811586588732695, 38.91678982506404], [27.811586588732695, 38.9157118467231], [27.810508610391764, 38.9157118467231], [27.810508610391764, 38.915172857552626], [27.811047599562215, 38.915172857552626], [27.811047599562215, 38.914633868382154], [27.810508610391764, 38.914633868382154], [27.810508610391764, 38.91409487921168], [27.811047599562215, 38.91409487921168], [27.811047599562215, 38.91247791170027]]]}, "id": "+385557+83651", "properties": {"area_ha": 3.0743181448958703, "count": 11, "label": 1, "mean_dnbr": 0.35099948637924544}}, {"type": "Feature", "geometry": {"geodesic": false, "type": "Polygon", "coordinates": [[[27.810508610391764, 38.79929018590121], [27.811586588732695, 38.79929018590121], [27.811586588732695, 38.79982917507168], [27.812125577903174, 38.79982917507168], [27.812125577903174, 38.801446142583096], [27.811586588732695, 38.801446142583096], [27.811586588732695, 38.80252412092404], [27.810508610391764, 38.80252412092404], [27.810508610391764, 38.80198513175357], [27.809969621221285, 38.80198513175357], [27.809969621221285, 38.801446142583096], [27.809430632050805, 38.801446142583096], [27.809430632050805, 38.80036816424215], [27.810508610391764, 38.80036816424215], [27.810508610391764, 38.79929018590121]]]}, "id": "+385557+83861", "properties": {"area_ha": 5.598623376955111, "count": 20, "label": 1, "mean_dnbr": 0.33633088804992767}}, {"type": "Feature", "geometry": {"geodesic": false, "type": "Polygon", "coordinates": [[[27.810508610391764, 38.82893459027715], [27.812125577903174, 38.82893459027715], [27.812125577903174, 38.82947357944762], [27.813203556244105, 38.82947357944762], [27.813203556244105, 38.830012568618095], [27.811586588732695, 38.830012568618095], [27.811586588732695, 38.83055155778857], [27.812125577903174, 38.83055155778857], [27.812125577903174, 38.83109054695904], [27.810508610391764, 38.83109054695904], [27.810508610391764, 38.83055155778857], [27.811047599562215, 38.83055155778857], [27.811047599562215, 38.830012568618095], [27.810508610391764, 38.830012568618095], [27.810508610391764, 38.82893459027715]]]}, "id": "+385558+83806", "properties": {"area_ha": 3.3578081102366917, "count": 12, "label": 1, "mean_dnbr": 0.34760960794124063}}, {"type": "Feature", "geometry": {"geodesic": false, "type": "Polygon", "coordinates": [[[27.813203556244105, 38.791205348344135], [27.813742545414584, 38.791205348344135], [27.813742545414584, 38.792822315855545], [27.813203556244105, 38.792822315855545], [27.813203556244105, 38.79336130502602], [27.813742545414584, 38.79336130502602], [27.813742545414584, 38.797134229219324], [27.812664567073654, 38.797134229219324], [27.812664567073654, 38.792822315855545], [27.813203556244105, 38.792822315855545], [27.813203556244105, 38.791205348344135]]]}, "id": "+385561+83876", "properties": {"area_ha": 5.039208986964353, "count": 18, "label": 1, "mean_dnbr": 0.3183720818761585}}, {"type": "Feature", "geometry": {"geodesic": false, "type": "Polygon", "coordinates": [[[27.817515469607883, 38.78958838083272], [27.818593447948842, 38.78958838083272], [27.818593447948842, 38.79605625087838], [27.818054458778363, 38.79605625087838], [27.818054458778363, 38.79659524004885], [27.817515469607883, 38.79659524004885], [27.817515469607883, 38.79605625087838], [27.816976480437404, 38.79605625087838], [27.816976480437404, 38.79012737000319], [27.817515469607883, 38.79012737000319], [27.817515469607883, 38.78958838083272]]]}, "id": "+385570+83879", "properties": {"area_ha": 10.0786404465979, "count": 36, "label": 1, "mean_dnbr": 0.5310098870177119}}, {"type": "Feature", "geometry": {"geodesic": false, "type": "Polygon", "coordinates": [[[27.815898502096474, 38.83971437368659], [27.819132437119293, 38.83971437368659], [27.819132437119293, 38.84025336285706], [27.819671426289773, 38.84025336285706], [27.819671426289773, 38.841331341198], [27.820210415460252, 38.841331341198], [27.820210415460252, 38.84294830870942], [27.821288393801183, 38.84294830870942], [27.821288393801183, 38.84402628705036], [27.82074940463073, 38.84402628705036], [27.82074940463073, 38.844565276220834], [27.820210415460252, 38.844565276220834], [27.820210415460252, 38.845104265391306], [27.818054458778363, 38.845104265391306], [27.818054458778363, 38.84564325456178], [27.818593447948842, 38.84564325456178], [27.818593447948842, 38.84726022207319], [27.819132437119293, 38.84726022207319], [27.819132437119293, 38.84779921124366], [27.82074940463073, 38.84779921124366], [27.82074940463073, 38.84833820041413], [27.821288393801183, 38.84833820041413], [27.821288393801183, 38.848877189584606], [27.821827382971662, 38.848877189584606], [27.821827382971662, 38.84995516792555], [27.82236637214214, 38.84995516792555], [27.82236637214214, 38.85157213543697], [27.820210415460252, 38.85157213543697], [27.820210415460252, 38.85049415709602], [27.819671426289773, 38.85049415709602], [27.819671426289773, 38.84995516792555], [27.819132437119293, 38.84995516792555], [27.819132437119293, 38.84779921124366], [27.818593447948842, 38.84779921124366], [27.818593447948842, 38.84833820041413], [27.818054458778363, 38.84833820041413], [27.818054458778363, 38.84726022207319], [27.817515469607883, 38.84726022207319], [27.817515469607883, 38.84564325456178], [27.812664567073654, 38.84564325456178], [27.812664567073654, 38.84402628705036], [27.813203556244105, 38.84402628705036], [27.813203556244105, 38.84294830870942], [27.811586588732695, 38.84294830870942], [27.811586588732695, 38.84187033036847], [27.815359512925994, 38.84187033036847], [27.815359512925994, 38.841331341198], [27.815898502096474, 38.841331341198], [27.815898502096474, 38.84079235202753], [27.815359512925994, 38.84079235202753], [27.815359512925994, 38.84025336285706], [27.815898502096474, 38.84025336285706], [27.815898502096474, 38.83971437368659]]]}, "id": "+385571+83786", "properties": {"area_ha": 47.55927774449467, "count": 170, "label": 1, "mean_dnbr": 0.3770426932613574}}, {"type": "Feature", "geometry": {"geodesic": false, "type": "Polygon", "coordinates": [[[27.821288393801183, 38.789049391662246], [27.823444350483072, 38.789049391662246], [27.823444350483072, 38.794978272537435], [27.82236637214214, 38.794978272537435], [27.82236637214214, 38.79551726170791], [27.82074940463073, 38.79551726170791], [27.82074940463073, 38.78958838083272], [27.821288393801183, 38.78958838083272], [27.821288393801183, 38.789049391662246]]]}, "id": "+385579+83880", "properties": {"area_ha": 15.958017709051056, "count": 57, "label": 1, "mean_dnbr": 0.5339640312248706}}, {"type": "Feature", "geometry": {"geodesic": false, "type": "Polygon", "coordinates": [[[27.822905361312593, 38.83324650364093], [27.82452232882403, 38.83324650364093], [27.82452232882403, 38.8337854928114], [27.825061317994482, 38.8337854928114], [27.825061317994482, 38.834324481981874], [27.82452232882403, 38.834324481981874], [27.82452232882403, 38.83486347115234], [27.821827382971662, 38.83486347115234], [27.821827382971662, 38.83594144949328], [27.82236637214214, 38.83594144949328], [27.82236637214214, 38.83701942783423], [27.822905361312593, 38.83701942783423], [27.822905361312593, 38.8375584170047], [27.821288393801183, 38.8375584170047], [27.821288393801183, 38.83594144949328], [27.82074940463073, 38.83594144949328], [27.82074940463073, 38.83486347115234], [27.820210415460252, 38.83486347115234], [27.820210415460252, 38.834324481981874], [27.82074940463073, 38.834324481981874], [27.82074940463073, 38.8337854928114], [27.822905361312593, 38.8337854928114], [27.822905361312593, 38.83324650364093]]]}, "id": "+385581+83798", "properties": {"area_ha": 8.393926502336052, "count": 30, "label": 1, "mean_dnbr": 0.38662344611061733}}, {"type": "Feature", "geometry": {"geodesic": false, "type": "Polygon", "coordinates": [[[27.825061317994482, 39.541478273640756], [27.82613929633544, 39.541478273640756], [27.82613929633544, 39.54201726281123], [27.82721727467637, 39.54201726281123], [27.82721727467637, 39.5425562519817], [27.82775626384685, 39.5425562519817], [27.82775626384685, 39.54309524115217], [27.82829525301733, 39.54309524115217], [27.82829525301733, 39.54417321949312], [27.82775626384685, 39.54417321949312], [27.82775626384685, 39.54471220866359], [27.82721727467637, 39.54471220866359], [27.82721727467637, 39.54417321949312], [27.82560030716496, 39.54417321949312], [27.82560030716496, 39.54309524115217], [27.82452232882403, 39.54309524115217], [27.82452232882403, 39.54417321949312], [27.82398333965355, 39.54417321949312], [27.82398333965355, 39.54309524115217], [27.82452232882403, 39.54309524115217], [27.82452232882403, 39.54201726281123], [27.825061317994482, 39.54201726281123], [27.825061317994482, 39.541478273640756]]]}, "id": "+385584+82484", "properties": {"area_ha": 7.2018018952917435, "count": 26, "label": 1, "mean_dnbr": 0.40381107714239717}}, {"type": "Feature", "geometry": {"geodesic": false, "type": "Polygon", "coordinates": [[[27.82398333965355, 38.84564325456178], [27.82613929633544, 38.84564325456178], [27.82613929633544, 38.84618224373225], [27.82667828550592, 38.84618224373225], [27.82667828550592, 38.84726022207319], [27.822905361312593, 38.84726022207319], [27.822905361312593, 38.846721232902716], [27.823444350483072, 38.846721232902716], [27.823444350483072, 38.84618224373225], [27.82398333965355, 38.84618224373225], [27.82398333965355, 38.84564325456178]]]}, "id": "+385584+83775", "properties": {"area_ha": 4.7558105696265045, "count": 17, "label": 1, "mean_dnbr": 0.348667164299703}}, {"type": "Feature", "geometry": {"geodesic": false, "type": "Polygon", "coordinates": [[[27.825061317994482, 38.75832700894536], [27.82613929633544, 38.75832700894536], [27.82613929633544, 38.75886599811583], [27.825061317994482, 38.75886599811583], [27.825061317994482, 38.7594049872863], [27.82398333965355, 38.7594049872863], [27.82398333965355, 38.759943976456775], [27.82667828550592, 38.759943976456775], [27.82667828550592, 38.76102195479772], [27.82721727467637, 38.76102195479772], [27.82721727467637, 38.762099933138664], [27.820210415460252, 38.762099933138664], [27.820210415460252, 38.76156094396819], [27.82074940463073, 38.76156094396819], [27.82074940463073, 38.76102195479772], [27.821827382971662, 38.76102195479772], [27.821827382971662, 38.76048296562725], [27.823444350483072, 38.76048296562725], [27.823444350483072, 38.759943976456775], [27.821288393801183, 38.759943976456775], [27.821288393801183, 38.7594049872863], [27.821827382971662, 38.7594049872863], [27.821827382971662, 38.75886599811583], [27.825061317994482, 38.75886599811583], [27.825061317994482, 38.75832700894536]]]}, "id": "+385584+83937", "properties": {"area_ha": 14.844921364435894, "count": 53, "label": 1, "mean_dnbr": 0.4347925061638668}}, {"type": "Feature", "geometry": {"geodesic": false, "type": "Polygon", "coordinates": [[[27.83099019886967, 39.54309524115217], [27.83206817721063, 39.54309524115217], [27.83206817721063, 39.543634230322645], [27.83368514472204, 39.543634230322645], [27.83368514472204, 39.54417321949312], [27.83422413389252, 39.54417321949312], [27.83422413389252, 39.54525119783406], [27.83314615555156, 39.54525119783406], [27.83314615555156, 39.54417321949312], [27.83045120969922, 39.54417321949312], [27.83045120969922, 39.543634230322645], [27.83099019886967, 39.543634230322645], [27.83099019886967, 39.54309524115217]]]}, "id": "+385595+82481", "properties": {"area_ha": 3.3238695944273364, "count": 12, "label": 1, "mean_dnbr": 0.3598424986878837}}, {"type": "Feature", "geometry": {"geodesic": false, "type": "Polygon", "coordinates": [[[27.83045120969922, 38.83109054695904], [27.83260716638111, 38.83109054695904], [27.83260716638111, 38.83162953612951], [27.83314615555156, 38.83162953612951], [27.83314615555156, 38.83270751447046], [27.83045120969922, 38.83270751447046], [27.83045120969922, 38.83324650364093], [27.82775626384685, 38.83324650364093], [27.82775626384685, 38.832168525299984], [27.82721727467637, 38.832168525299984], [27.82721727467637, 38.83162953612951], [27.83045120969922, 38.83162953612951], [27.83045120969922, 38.83109054695904]]]}, "id": "+385596+83802", "properties": {"area_ha": 8.394245280854173, "count": 30, "label": 1, "mean_dnbr": 0.42727031187805986}}, {"type": "Feature", "geometry": {"geodesic": false, "type": "Polygon", "coordinates": [[[27.83206817721063, 39.5387833277884], [27.83314615555156, 39.5387833277884], [27.83314615555156, 39.539322316958874], [27.83368514472204, 39.539322316958874], [27.83368514472204, 39.539861306129346], [27.83314615555156, 39.539861306129346], [27.83314615555156, 39.54040029529981], [27.83206817721063, 39.54040029529981], [27.83206817721063, 39.539861306129346], [27.83152918804015, 39.539861306129346], [27.83152918804015, 39.54040029529981], [27.83099019886967, 39.54040029529981], [27.83099019886967, 39.540939284470284], [27.83206817721063, 39.540939284470284], [27.83206817721063, 39.541478273640756], [27.83099019886967, 39.541478273640756], [27.83099019886967, 39.540939284470284], [27.83045120969922, 39.540939284470284], [27.83045120969922, 39.54040029529981], [27.82991222052874, 39.54040029529981], [27.82991222052874, 39.539322316958874], [27.83045120969922, 39.539322316958874], [27.83045120969922, 39.5387833277884], [27.83152918804015, 39.5387833277884], [27.83152918804015, 39.539322316958874], [27.83206817721063, 39.539322316958874], [27.83206817721063, 39.5387833277884]], [[27.83099019886967, 39.539322316958874], [27.83099019886967, 39.54040029529981], [27.83045120969922, 39.54040029529981], [27.83045120969922, 39.539322316958874], [27.83099019886967, 39.539322316958874]], [[27.83260716638111, 39.539322316958874], [27.83260716638111, 39.539861306129346], [27.83206817721063, 39.539861306129346], [27.83206817721063, 39.539322316958874], [27.83260716638111, 39.539322316958874]]]}, "id": "+385597+82489", "properties": {"area_ha": 4.432081459836096, "count": 16, "label": 1, "mean_dnbr": 0.31852593005232793}}, {"type": "Feature", "geometry": {"geodesic": false, "type": "Polygon", "coordinates": [[[27.83260716638111, 38.84941617875508], [27.83314615555156, 38.84941617875508], [27.83314615555156, 38.85049415709602], [27.82937323135826, 38.85049415709602], [27.82937323135826, 38.851033146266495], [27.82560030716496, 38.851033146266495], [27.82560030716496, 38.85157213543697], [27.822905361312593, 38.85157213543697], [27.822905361312593, 38.85049415709602], [27.82560030716496, 38.85049415709602], [27.82560030716496, 38.84995516792555], [27.83260716638111, 38.84995516792555], [27.83260716638111, 38.84941617875508]]]}, "id": "+385597+83768", "properties": {"area_ha": 8.9513890585251, "count": 32, "label": 1, "mean_dnbr": 0.34145688891818876}}, {"type": "Feature", "geometry": {"geodesic": false, "type": "Polygon", "coordinates": [[[27.83314615555156, 38.894691269074706], [27.83745806891534, 38.894691269074706], [27.83745806891534, 38.89576924741564], [27.83584110140393, 38.89576924741564], [27.83584110140393, 38.896308236586115], [27.83476312306297, 38.896308236586115], [27.83476312306297, 38.89684722575659], [27.83368514472204, 38.89684722575659], [27.83368514472204, 38.89576924741564], [27.83314615555156, 38.89576924741564], [27.83314615555156, 38.894691269074706]]]}, "id": "+385605+83684", "properties": {"area_ha": 6.150252872225941, "count": 22, "label": 1, "mean_dnbr": 0.547973229134182}}, {"type": "Feature", "geometry": {"geodesic": false, "type": "Polygon", "coordinates": [[[27.83745806891534, 39.543634230322645], [27.83799705808582, 39.543634230322645], [27.83799705808582, 39.54417321949312], [27.83961402559723, 39.54417321949312], [27.83961402559723, 39.54471220866359], [27.84069200393816, 39.54471220866359], [27.84069200393816, 39.546329176175], [27.840153014767708, 39.546329176175], [27.840153014767708, 39.54525119783406], [27.83799705808582, 39.54525119783406], [27.83799705808582, 39.545790187004535], [27.83745806891534, 39.545790187004535], [27.83745806891534, 39.543634230322645]]]}, "id": "+385606+82480", "properties": {"area_ha": 3.877793223237443, "count": 14, "label": 1, "mean_dnbr": 0.3354617163690913}}, {"type": "Feature", "geometry": {"geodesic": false, "type": "Polygon", "coordinates": [[[27.83638009057441, 38.79012737000319], [27.838536047256298, 38.79012737000319], [27.838536047256298, 38.79066635917366], [27.83907503642675, 38.79066635917366], [27.83907503642675, 38.791205348344135], [27.83961402559723, 38.791205348344135], [27.83961402559723, 38.79174433751461], [27.83907503642675, 38.79174433751461], [27.83907503642675, 38.79228332668508], [27.83745806891534, 38.79228332668508], [27.83745806891534, 38.792822315855545], [27.83799705808582, 38.792822315855545], [27.83799705808582, 38.79336130502602], [27.83745806891534, 38.79336130502602], [27.83745806891534, 38.79390029419649], [27.83691907974486, 38.79390029419649], [27.83691907974486, 38.79443928336696], [27.83584110140393, 38.79443928336696], [27.83584110140393, 38.79336130502602], [27.83476312306297, 38.79336130502602], [27.83476312306297, 38.79228332668508], [27.83638009057441, 38.79228332668508], [27.83638009057441, 38.79012737000319]]]}, "id": "+385607+83878", "properties": {"area_ha": 10.078762965943902, "count": 36, "label": 1, "mean_dnbr": 0.4643304864166328}}, {"type": "Feature", "geometry": {"geodesic": false, "type": "Polygon", "coordinates": [[[27.83799705808582, 38.83324650364093], [27.83961402559723, 38.83324650364093], [27.83961402559723, 38.83486347115234], [27.838536047256298, 38.83486347115234], [27.838536047256298, 38.83540246032281], [27.83530211223345, 38.83540246032281], [27.83530211223345, 38.834324481981874], [27.83638009057441, 38.834324481981874], [27.83638009057441, 38.8337854928114], [27.83799705808582, 38.8337854928114], [27.83799705808582, 38.83324650364093]]]}, "id": "+385609+83798", "properties": {"area_ha": 6.435402908622229, "count": 23, "label": 1, "mean_dnbr": 0.4311046373963837}}, {"type": "Feature", "geometry": {"geodesic": false, "type": "Polygon", "coordinates": [[[27.83799705808582, 38.84618224373225], [27.84069200393816, 38.84618224373225], [27.84069200393816, 38.846721232902716], [27.84123099310864, 38.846721232902716], [27.84123099310864, 38.84779921124366], [27.83961402559723, 38.84779921124366], [27.83961402559723, 38.848877189584606], [27.84123099310864, 38.848877189584606], [27.84123099310864, 38.851033146266495], [27.841769982279118, 38.851033146266495], [27.841769982279118, 38.85211112460744], [27.840153014767708, 38.85211112460744], [27.840153014767708, 38.851033146266495], [27.83961402559723, 38.851033146266495], [27.83961402559723, 38.84995516792555], [27.83907503642675, 38.84995516792555], [27.83907503642675, 38.848877189584606], [27.838536047256298, 38.848877189584606], [27.838536047256298, 38.84726022207319], [27.83799705808582, 38.84726022207319], [27.83799705808582, 38.84618224373225]]]}, "id": "+385611+83774", "properties": {"area_ha": 11.189704585540069, "count": 40, "label": 1, "mean_dnbr": 0.3825873460254517}}, {"type": "Feature", "geometry": {"geodesic": false, "type": "Polygon", "coordinates": [[[27.840153014767708, 38.830012568618095], [27.841769982279118, 38.830012568618095], [27.841769982279118, 38.83055155778857], [27.84123099310864, 38.83055155778857], [27.84123099310864, 38.83109054695904], [27.841769982279118, 38.83109054695904], [27.841769982279118, 38.836480438663756], [27.84123099310864, 38.836480438663756], [27.84123099310864, 38.83701942783423], [27.840153014767708, 38.83701942783423], [27.840153014767708, 38.830012568618095]]]}, "id": "+385613+83804", "properties": {"area_ha": 10.352713285910713, "count": 37, "label": 1, "mean_dnbr": 0.3644112917105412}}, {"type": "Feature", "geometry": {"geodesic": false, "type": "Polygon", "coordinates": [[[27.84069200393816, 38.82677863359527], [27.841769982279118, 38.82677863359527], [27.841769982279118, 38.82893459027715], [27.84123099310864, 38.82893459027715], [27.84123099310864, 38.82947357944762], [27.840153014767708, 38.82947357944762], [27.840153014767708, 38.82893459027715], [27.84069200393816, 38.82893459027715], [27.84069200393816, 38.828395601106685], [27.840153014767708, 38.828395601106685], [27.840153014767708, 38.82731762276574], [27.84069200393816, 38.82731762276574], [27.84069200393816, 38.82677863359527]]]}, "id": "+385613+83810", "properties": {"area_ha": 3.357893045370481, "count": 12, "label": 1, "mean_dnbr": 0.1936618226685382}}, {"type": "Feature", "geometry": {"geodesic": false, "type": "Polygon", "coordinates": [[[27.840153014767708, 38.86073495133498], [27.842308971449597, 38.86073495133498], [27.842308971449597, 38.86450787552829], [27.84284796062005, 38.86450787552829], [27.84284796062005, 38.8661248430397], [27.842308971449597, 38.8661248430397], [27.842308971449597, 38.865046864698755], [27.841769982279118, 38.865046864698755], [27.841769982279118, 38.86396888635782], [27.84123099310864, 38.86396888635782], [27.84123099310864, 38.86289090801687], [27.84069200393816, 38.86289090801687], [27.84069200393816, 38.86181292967593], [27.840153014767708, 38.86181292967593], [27.840153014767708, 38.86073495133498]]]}, "id": "+385614+83747", "properties": {"area_ha": 6.432820852381044, "count": 23, "label": 1, "mean_dnbr": 0.4033032062492025}}, {"type": "Feature", "geometry": {"geodesic": false, "type": "Polygon", "coordinates": [[[27.842308971449597, 38.879599572301494], [27.84284796062005, 38.879599572301494], [27.84284796062005, 38.880138561471966], [27.843925938961007, 38.880138561471966], [27.843925938961007, 38.88067755064244], [27.843386949790528, 38.88067755064244], [27.843386949790528, 38.88175552898338], [27.84284796062005, 38.88175552898338], [27.84284796062005, 38.88337249649479], [27.842308971449597, 38.88337249649479], [27.842308971449597, 38.883911485665266], [27.84123099310864, 38.883911485665266], [27.84123099310864, 38.882294518153856], [27.841769982279118, 38.882294518153856], [27.841769982279118, 38.88067755064244], [27.842308971449597, 38.88067755064244], [27.842308971449597, 38.879599572301494]]]}, "id": "+385615+83712", "properties": {"area_ha": 5.592260073404829, "count": 20, "label": 1, "mean_dnbr": 0.3277839654464203}}, {"type": "Feature", "geometry": {"geodesic": false, "type": "Polygon", "coordinates": [[[27.841769982279118, 38.842409319538945], [27.843386949790528, 38.842409319538945], [27.843386949790528, 38.84294830870942], [27.843925938961007, 38.84294830870942], [27.843925938961007, 38.844565276220834], [27.84123099310864, 38.844565276220834], [27.84123099310864, 38.84348729787989], [27.841769982279118, 38.84348729787989], [27.841769982279118, 38.842409319538945]]]}, "id": "+385616+83781", "properties": {"area_ha": 4.75598838699248, "count": 17, "label": 1, "mean_dnbr": 0.36099225323153844}}, {"type": "Feature", "geometry": {"geodesic": false, "type": "Polygon", "coordinates": [[[27.845542906472417, 38.782581521616585], [27.846620884813348, 38.782581521616585], [27.846620884813348, 38.78312051078706], [27.847698863154307, 38.78312051078706], [27.847698863154307, 38.78365949995753], [27.848237852324786, 38.78365949995753], [27.848237852324786, 38.784198489128], [27.848776841495237, 38.784198489128], [27.848776841495237, 38.78527646746895], [27.848237852324786, 38.78527646746895], [27.848237852324786, 38.78581545663942], [27.847159873983827, 38.78581545663942], [27.847159873983827, 38.78635444580989], [27.846620884813348, 38.78635444580989], [27.846620884813348, 38.78689343498036], [27.845003917301938, 38.78689343498036], [27.845003917301938, 38.78635444580989], [27.845542906472417, 38.78635444580989], [27.845542906472417, 38.78581545663942], [27.847159873983827, 38.78581545663942], [27.847159873983827, 38.78527646746895], [27.847698863154307, 38.78527646746895], [27.847698863154307, 38.784737478298474], [27.846620884813348, 38.784737478298474], [27.846620884813348, 38.78365949995753], [27.845542906472417, 38.78365949995753], [27.845542906472417, 38.782581521616585]]]}, "id": "+385622+83892", "properties": {"area_ha": 6.439882146142195, "count": 23, "label": 1, "mean_dnbr": 0.39204657349520977}}, {"type": "Feature", "geometry": {"geodesic": false, "type": "Polygon", "coordinates": [[[27.846620884813348, 38.871514734744416], [27.847159873983827, 38.871514734744416], [27.847159873983827, 38.87259271308536], [27.847698863154307, 38.87259271308536], [27.847698863154307, 38.87205372391489], [27.848776841495237, 38.87205372391489], [27.848776841495237, 38.87313170225583], [27.849315830665716, 38.87313170225583], [27.849315830665716, 38.873670691426305], [27.849854819836196, 38.873670691426305], [27.849854819836196, 38.87420968059678], [27.848776841495237, 38.87420968059678], [27.848776841495237, 38.873670691426305], [27.846620884813348, 38.873670691426305], [27.846620884813348, 38.87313170225583], [27.846081895642897, 38.87313170225583], [27.846081895642897, 38.87259271308536], [27.846620884813348, 38.87259271308536], [27.846620884813348, 38.871514734744416]]]}, "id": "+385623+83727", "properties": {"area_ha": 4.474370997704742, "count": 16, "label": 1, "mean_dnbr": 0.41851349327910287}}, {"type": "Feature", "geometry": {"geodesic": false, "type": "Polygon", "coordinates": [[[27.847159873983827, 38.82893459027715], [27.847698863154307, 38.82893459027715], [27.847698863154307, 38.832168525299984], [27.847159873983827, 38.832168525299984], [27.847159873983827, 38.83540246032281], [27.846620884813348, 38.83540246032281], [27.846620884813348, 38.83109054695904], [27.847159873983827, 38.83109054695904], [27.847159873983827, 38.82893459027715]]]}, "id": "+385624+83806", "properties": {"area_ha": 3.9173211891911657, "count": 14, "label": 1, "mean_dnbr": 0.1858281168497421}}, {"type": "Feature", "geometry": {"geodesic": false, "type": "Polygon", "coordinates": [[[27.847159873983827, 38.81222592599253], [27.847698863154307, 38.81222592599253], [27.847698863154307, 38.81330390433347], [27.848237852324786, 38.81330390433347], [27.848237852324786, 38.81438188267442], [27.847698863154307, 38.81438188267442], [27.847698863154307, 38.81707682852677], [27.848237852324786, 38.81707682852677], [27.848237852324786, 38.81815480686772], [27.849315830665716, 38.81815480686772], [27.849315830665716, 38.81923278520866], [27.848237852324786, 38.81923278520866], [27.848237852324786, 38.81815480686772], [27.847698863154307, 38.81815480686772], [27.847698863154307, 38.81707682852677], [27.846620884813348, 38.81707682852677], [27.846620884813348, 38.815998850185835], [27.847159873983827, 38.815998850185835], [27.847159873983827, 38.81492087184489], [27.846620884813348, 38.81492087184489], [27.846620884813348, 38.813842893503946], [27.846081895642897, 38.813842893503946], [27.846081895642897, 38.81330390433347], [27.845542906472417, 38.81330390433347], [27.845542906472417, 38.812764915163], [27.847159873983827, 38.812764915163], [27.847159873983827, 38.81222592599253]]]}, "id": "+385624+83837", "properties": {"area_ha": 7.276739517774498, "count": 26, "label": 1, "mean_dnbr": 0.2991815889155111}}, {"type": "Feature", "geometry": {"geodesic": false, "type": "Polygon", "coordinates": [[[27.846620884813348, 38.7879714133213], [27.847698863154307, 38.7879714133213], [27.847698863154307, 38.788510402491774], [27.848237852324786, 38.788510402491774], [27.848237852324786, 38.78958838083272], [27.847698863154307, 38.78958838083272], [27.847698863154307, 38.79012737000319], [27.846620884813348, 38.79012737000319], [27.846620884813348, 38.79066635917366], [27.846081895642897, 38.79066635917366], [27.846081895642897, 38.791205348344135], [27.845003917301938, 38.791205348344135], [27.845003917301938, 38.79174433751461], [27.843925938961007, 38.79174433751461], [27.843925938961007, 38.79228332668508], [27.843386949790528, 38.79228332668508], [27.843386949790528, 38.79174433751461], [27.84284796062005, 38.79174433751461], [27.84284796062005, 38.78958838083272], [27.843386949790528, 38.78958838083272], [27.843386949790528, 38.789049391662246], [27.846081895642897, 38.789049391662246], [27.846081895642897, 38.788510402491774], [27.846620884813348, 38.788510402491774], [27.846620884813348, 38.7879714133213]]]}, "id": "+385624+83882", "properties": {"area_ha": 11.758896273484861, "count": 42, "label": 1, "mean_dnbr": 0.4591515914577734}}, {"type": "Feature", "geometry": {"geodesic": false, "type": "Polygon", "coordinates": [[[27.849315830665716, 38.856962027141684], [27.849854819836196, 38.856962027141684], [27.849854819836196, 38.85804000548263], [27.850393809006675, 38.85804000548263], [27.850393809006675, 38.8585789946531], [27.850932798177126, 38.8585789946531], [27.850932798177126, 38.85965697299404], [27.850393809006675, 38.85965697299404], [27.850393809006675, 38.86181292967593], [27.849315830665716, 38.86181292967593], [27.849315830665716, 38.8623519188464], [27.848237852324786, 38.8623519188464], [27.848237852324786, 38.86181292967593], [27.845542906472417, 38.86181292967593], [27.845542906472417, 38.86073495133498], [27.848776841495237, 38.86073495133498], [27.848776841495237, 38.859117983823566], [27.848237852324786, 38.859117983823566], [27.848237852324786, 38.8585789946531], [27.848776841495237, 38.8585789946531], [27.848776841495237, 38.85804000548263], [27.849315830665716, 38.85804000548263], [27.849315830665716, 38.856962027141684]]]}, "id": "+385628+83754", "properties": {"area_ha": 11.187909055334785, "count": 40, "label": 1, "mean_dnbr": 0.37775658681816615}}, {"type": "Feature", "geometry": {"geodesic": false, "type": "Polygon", "coordinates": [[[27.850393809006675, 38.77773061908234], [27.850932798177126, 38.77773061908234], [27.850932798177126, 38.77826960825281], [27.851471787347606, 38.77826960825281], [27.851471787347606, 38.77988657576423], [27.850932798177126, 38.77988657576423], [27.850932798177126, 38.780425564934696], [27.849854819836196, 38.780425564934696], [27.849854819836196, 38.78096455410517], [27.848776841495237, 38.78096455410517], [27.848776841495237, 38.78150354327564], [27.848237852324786, 38.78150354327564], [27.848237852324786, 38.78096455410517], [27.847698863154307, 38.78096455410517], [27.847698863154307, 38.77988657576423], [27.848237852324786, 38.77988657576423], [27.848237852324786, 38.77934758659376], [27.849315830665716, 38.77934758659376], [27.849315830665716, 38.778808597423286], [27.849854819836196, 38.778808597423286], [27.849854819836196, 38.77826960825281], [27.850393809006675, 38.77826960825281], [27.850393809006675, 38.77773061908234]]]}, "id": "+385630+83901", "properties": {"area_ha": 7.00036258962504, "count": 25, "label": 1, "mean_dnbr": 0.45711096704952503}}, {"type": "Feature", "geometry": {"geodesic": false, "type": "Polygon", "coordinates": [[[27.846620884813348, 38.87474866976725], [27.851471787347606, 38.87474866976725], [27.851471787347606, 38.875826648108195], [27.848237852324786, 38.875826648108195], [27.848237852324786, 38.87528765893772], [27.846620884813348, 38.87528765893772], [27.846620884813348, 38.87474866976725]]]}, "id": "+385631+83721", "properties": {"area_ha": 4.194532714562722, "count": 15, "label": 1, "mean_dnbr": 0.3399024212534249}}, {"type": "Feature", "geometry": {"geodesic": false, "type": "Polygon", "coordinates": [[[27.850932798177126, 38.80791401262876], [27.851471787347606, 38.80791401262876], [27.851471787347606, 38.8089919909697], [27.853088754859016, 38.8089919909697], [27.853088754859016, 38.809530980140174], [27.853627744029495, 38.809530980140174], [27.853627744029495, 38.810069969310646], [27.853088754859016, 38.810069969310646], [27.853088754859016, 38.813842893503946], [27.852549765688536, 38.813842893503946], [27.852549765688536, 38.81222592599253], [27.852010776518085, 38.81222592599253], [27.852010776518085, 38.811686936822056], [27.851471787347606, 38.811686936822056], [27.851471787347606, 38.81222592599253], [27.850932798177126, 38.81222592599253], [27.850932798177126, 38.8089919909697], [27.849854819836196, 38.8089919909697], [27.849854819836196, 38.809530980140174], [27.849315830665716, 38.809530980140174], [27.849315830665716, 38.8089919909697], [27.849854819836196, 38.8089919909697], [27.849854819836196, 38.80845300179923], [27.850932798177126, 38.80845300179923], [27.850932798177126, 38.80791401262876]]]}, "id": "+385631+83845", "properties": {"area_ha": 8.956593086295623, "count": 32, "label": 1, "mean_dnbr": 0.41165720801084077}}, {"type": "Feature", "geometry": {"geodesic": false, "type": "Polygon", "coordinates": [[[27.850932798177126, 39.60454000658595], [27.852010776518085, 39.60454000658595], [27.852010776518085, 39.60615697409737], [27.850932798177126, 39.60615697409737], [27.850932798177126, 39.607234952438304], [27.851471787347606, 39.607234952438304], [27.851471787347606, 39.60777394160878], [27.852010776518085, 39.60777394160878], [27.852010776518085, 39.607234952438304], [27.852549765688536, 39.607234952438304], [27.852549765688536, 39.60615697409737], [27.853088754859016, 39.60615697409737], [27.853088754859016, 39.607234952438304], [27.852549765688536, 39.607234952438304], [27.852549765688536, 39.60831293077925], [27.852010776518085, 39.60831293077925], [27.852010776518085, 39.60885191994972], [27.850932798177126, 39.60885191994972], [27.850932798177126, 39.609390909120194], [27.848237852324786, 39.609390909120194], [27.848237852324786, 39.60885191994972], [27.847159873983827, 39.60885191994972], [27.847159873983827, 39.60831293077925], [27.846620884813348, 39.60831293077925], [27.846620884813348, 39.607234952438304], [27.848776841495237, 39.607234952438304], [27.848776841495237, 39.60615697409737], [27.848237852324786, 39.60615697409737], [27.848237852324786, 39.60669596326783], [27.847698863154307, 39.60669596326783], [27.847698863154307, 39.60615697409737], [27.847159873983827, 39.60615697409737], [27.847159873983827, 39.60507899575642], [27.847698863154307, 39.60507899575642], [27.847698863154307, 39.60454000658595], [27.850393809006675, 39.60454000658595], [27.850393809006675, 39.60507899575642], [27.850932798177126, 39.60507899575642], [27.850932798177126, 39.60454000658595]], [[27.850932798177126, 39.60777394160878], [27.850932798177126, 39.60831293077925], [27.850393809006675, 39.60831293077925], [27.850393809006675, 39.60777394160878], [27.850932798177126, 39.60777394160878]], [[27.849854819836196, 39.60507899575642], [27.849854819836196, 39.605617984926894], [27.850932798177126, 39.605617984926894], [27.850932798177126, 39.60615697409737], [27.850393809006675, 39.60615697409737], [27.850393809006675, 39.60669596326783], [27.849315830665716, 39.60669596326783], [27.849315830665716, 39.60615697409737], [27.848776841495237, 39.60615697409737], [27.848776841495237, 39.605617984926894], [27.849315830665716, 39.605617984926894], [27.849315830665716, 39.60507899575642], [27.849854819836196, 39.60507899575642]]]}, "id": "+385632+82367", "properties": {"area_ha": 17.434410155475476, "count": 63, "label": 1, "mean_dnbr": 0.23701618553555626}}, {"type": "Feature", "geometry": {"geodesic": false, "type": "Polygon", "coordinates": [[[27.846620884813348, 38.82570065525432], [27.852010776518085, 38.82570065525432], [27.852010776518085, 38.826239644424795], [27.850393809006675, 38.826239644424795], [27.850393809006675, 38.82677863359527], [27.851471787347606, 38.82677863359527], [27.851471787347606, 38.82731762276574], [27.849315830665716, 38.82731762276574], [27.849315830665716, 38.82785661193621], [27.848776841495237, 38.82785661193621], [27.848776841495237, 38.828395601106685], [27.847159873983827, 38.828395601106685], [27.847159873983827, 38.82785661193621], [27.846620884813348, 38.82785661193621], [27.846620884813348, 38.82570065525432]]]}, "id": "+385632+83812", "properties": {"area_ha": 9.514107104620651, "count": 34, "label": 1, "mean_dnbr": 0.3290241135802109}}, {"type": "Feature", "geometry": {"geodesic": false, "type": "Polygon", "coordinates": [[[27.853627744029495, 38.77934758659376], [27.854166733199975, 38.77934758659376], [27.854166733199975, 38.77988657576423], [27.854705722370426, 38.77988657576423], [27.854705722370426, 38.78096455410517], [27.855244711540905, 38.78096455410517], [27.855244711540905, 38.782581521616585], [27.854705722370426, 38.782581521616585], [27.854705722370426, 38.78312051078706], [27.853627744029495, 38.78312051078706], [27.853627744029495, 38.78096455410517], [27.852549765688536, 38.78096455410517], [27.852549765688536, 38.77988657576423], [27.853627744029495, 38.77988657576423], [27.853627744029495, 38.77934758659376]]]}, "id": "+385636+83898", "properties": {"area_ha": 5.60016998873397, "count": 20, "label": 1, "mean_dnbr": 0.437906965040836}}, {"type": "Feature", "geometry": {"geodesic": false, "type": "Polygon", "coordinates": [[[27.854166733199975, 38.77449668405951], [27.855244711540905, 38.77449668405951], [27.855244711540905, 38.77557466240045], [27.855783700711385, 38.77557466240045], [27.855783700711385, 38.776652640741396], [27.853627744029495, 38.776652640741396], [27.853627744029495, 38.77503567322998], [27.854166733199975, 38.77503567322998], [27.854166733199975, 38.77449668405951]]]}, "id": "+385638+83907", "properties": {"area_ha": 3.6403973314597535, "count": 13, "label": 1, "mean_dnbr": 0.5252053620756267}}, {"type": "Feature", "geometry": {"geodesic": false, "type": "Polygon", "coordinates": [[[27.854166733199975, 38.85211112460744], [27.855783700711385, 38.85211112460744], [27.855783700711385, 38.85265011377791], [27.856322689881864, 38.85265011377791], [27.856322689881864, 38.854806070459794], [27.854705722370426, 38.854806070459794], [27.854705722370426, 38.85372809211885], [27.854166733199975, 38.85372809211885], [27.854166733199975, 38.85211112460744]]]}, "id": "+385639+83763", "properties": {"area_ha": 4.755321049420466, "count": 17, "label": 1, "mean_dnbr": 0.3302882096492488}}, {"type": "Feature", "geometry": {"geodesic": false, "type": "Polygon", "coordinates": [[[27.857400668222795, 39.603462028245005], [27.857939657393274, 39.603462028245005], [27.857939657393274, 39.60400101741548], [27.857400668222795, 39.60400101741548], [27.857400668222795, 39.605617984926894], [27.854705722370426, 39.605617984926894], [27.854705722370426, 39.60454000658595], [27.856861679052315, 39.60454000658595], [27.856861679052315, 39.60400101741548], [27.857400668222795, 39.60400101741548], [27.857400668222795, 39.603462028245005]]]}, "id": "+385643+82369", "properties": {"area_ha": 3.320951001393042, "count": 12, "label": 1, "mean_dnbr": 0.25449061849765814}}, {"type": "Feature", "geometry": {"geodesic": false, "type": "Polygon", "coordinates": [[[27.857400668222795, 39.512372858435285], [27.857939657393274, 39.512372858435285], [27.857939657393274, 39.51291184760576], [27.857400668222795, 39.51291184760576], [27.857400668222795, 39.51345083677623], [27.857939657393274, 39.51345083677623], [27.857939657393274, 39.515067804287646], [27.857400668222795, 39.515067804287646], [27.857400668222795, 39.514528815117174], [27.855783700711385, 39.514528815117174], [27.855783700711385, 39.5139898259467], [27.856322689881864, 39.5139898259467], [27.856322689881864, 39.51291184760576], [27.857400668222795, 39.51291184760576], [27.857400668222795, 39.512372858435285]]]}, "id": "+385643+82538", "properties": {"area_ha": 3.0482013698092953, "count": 11, "label": 1, "mean_dnbr": 0.29404283073663207}}, {"type": "Feature", "geometry": {"geodesic": false, "type": "Polygon", "coordinates": [[[27.860095614075163, 38.805219066776395], [27.860634603245614, 38.805219066776395], [27.860634603245614, 38.80683603428781], [27.861173592416094, 38.80683603428781], [27.861173592416094, 38.80791401262876], [27.860634603245614, 38.80791401262876], [27.860634603245614, 38.80845300179923], [27.861173592416094, 38.80845300179923], [27.861173592416094, 38.8089919909697], [27.860095614075163, 38.8089919909697], [27.860095614075163, 38.809530980140174], [27.858478646563725, 38.809530980140174], [27.858478646563725, 38.8089919909697], [27.860095614075163, 38.8089919909697], [27.860095614075163, 38.80791401262876], [27.857939657393274, 38.80791401262876], [27.857939657393274, 38.80683603428781], [27.857400668222795, 38.80683603428781], [27.857400668222795, 38.80575805594687], [27.859017635734205, 38.80575805594687], [27.859017635734205, 38.80683603428781], [27.859556624904684, 38.80683603428781], [27.859556624904684, 38.807375023458285], [27.860095614075163, 38.807375023458285], [27.860095614075163, 38.805219066776395]]]}, "id": "+385648+83850", "properties": {"area_ha": 7.277559305731079, "count": 26, "label": 1, "mean_dnbr": 0.3459386537456931}}, {"type": "Feature", "geometry": {"geodesic": false, "type": "Polygon", "coordinates": [[[27.859017635734205, 39.516145782628584], [27.861173592416094, 39.516145782628584], [27.861173592416094, 39.516684771799056], [27.862251570757053, 39.516684771799056], [27.862251570757053, 39.51722376096953], [27.861712581586573, 39.51722376096953], [27.861712581586573, 39.51776275014], [27.860634603245614, 39.51776275014], [27.860634603245614, 39.51830173931047], [27.860095614075163, 39.51830173931047], [27.860095614075163, 39.51776275014], [27.860634603245614, 39.51776275014], [27.860634603245614, 39.51722376096953], [27.860095614075163, 39.51722376096953], [27.860095614075163, 39.516684771799056], [27.859017635734205, 39.516684771799056], [27.859017635734205, 39.516145782628584]]]}, "id": "+385649+82531", "properties": {"area_ha": 3.0480560919280104, "count": 11, "label": 1, "mean_dnbr": 0.45240083947122045}}, {"type": "Feature", "geometry": {"geodesic": false, "type": "Polygon", "coordinates": [[[27.861712581586573, 38.794978272537435], [27.862790559927504, 38.794978272537435], [27.862790559927504, 38.79605625087838], [27.865485505779873, 38.79605625087838], [27.865485505779873, 38.797134229219324], [27.864407527438914, 38.797134229219324], [27.864407527438914, 38.7976732183898], [27.863868538268463, 38.7976732183898], [27.863868538268463, 38.79821220756027], [27.863329549097983, 38.79821220756027], [27.863329549097983, 38.7976732183898], [27.862790559927504, 38.7976732183898], [27.862790559927504, 38.797134229219324], [27.862251570757053, 38.797134229219324], [27.862251570757053, 38.79605625087838], [27.861712581586573, 38.79605625087838], [27.861712581586573, 38.794978272537435]]]}, "id": "+385652+83869", "properties": {"area_ha": 5.598952035163542, "count": 20, "label": 1, "mean_dnbr": 0.3952649319267639}}, {"type": "Feature", "geometry": {"geodesic": false, "type": "Polygon", "coordinates": [[[27.861712581586573, 38.8089919909697], [27.863329549097983, 38.8089919909697], [27.863329549097983, 38.809530980140174], [27.863868538268463, 38.809530980140174], [27.863868538268463, 38.811147947651584], [27.863329549097983, 38.811147947651584], [27.863329549097983, 38.81330390433347], [27.862790559927504, 38.81330390433347], [27.862790559927504, 38.812764915163], [27.862251570757053, 38.812764915163], [27.862251570757053, 38.811147947651584], [27.861712581586573, 38.811147947651584], [27.861712581586573, 38.81330390433347], [27.862251570757053, 38.81330390433347], [27.862251570757053, 38.813842893503946], [27.862790559927504, 38.813842893503946], [27.862790559927504, 38.81438188267442], [27.863329549097983, 38.81438188267442], [27.863329549097983, 38.815998850185835], [27.863868538268463, 38.815998850185835], [27.863868538268463, 38.81653783935631], [27.864946516609393, 38.81653783935631], [27.864946516609393, 38.817615817697245], [27.862251570757053, 38.817615817697245], [27.862251570757053, 38.81653783935631], [27.862790559927504, 38.81653783935631], [27.862790559927504, 38.81545986101536], [27.862251570757053, 38.81545986101536], [27.862251570757053, 38.81438188267442], [27.861712581586573, 38.81438188267442], [27.861712581586573, 38.813842893503946], [27.861173592416094, 38.813842893503946], [27.861173592416094, 38.812764915163], [27.859556624904684, 38.812764915163], [27.859556624904684, 38.81222592599253], [27.859017635734205, 38.81222592599253], [27.859017635734205, 38.811147947651584], [27.860634603245614, 38.811147947651584], [27.860634603245614, 38.81060895848111], [27.861173592416094, 38.81060895848111], [27.861173592416094, 38.811147947651584], [27.861712581586573, 38.811147947651584], [27.861712581586573, 38.8089919909697]], [[27.863329549097983, 38.809530980140174], [27.863329549097983, 38.81060895848111], [27.862790559927504, 38.81060895848111], [27.862790559927504, 38.809530980140174], [27.863329549097983, 38.809530980140174]]]}, "id": "+385653+83843", "properties": {"area_ha": 15.953378598239208, "count": 57, "label": 1, "mean_dnbr": 0.3764311837314491}}, {"type": "Feature", "geometry": {"geodesic": false, "type": "Polygon", "coordinates": [[[27.861712581586573, 38.778808597423286], [27.863329549097983, 38.778808597423286], [27.863329549097983, 38.780425564934696], [27.863868538268463, 38.780425564934696], [27.863868538268463, 38.78150354327564], [27.863329549097983, 38.78150354327564], [27.863329549097983, 38.78204253244611], [27.862251570757053, 38.78204253244611], [27.862251570757053, 38.78150354327564], [27.861712581586573, 38.78150354327564], [27.861712581586573, 38.78096455410517], [27.861173592416094, 38.78096455410517], [27.861173592416094, 38.780425564934696], [27.860634603245614, 38.780425564934696], [27.860634603245614, 38.77988657576423], [27.861173592416094, 38.77988657576423], [27.861173592416094, 38.77934758659376], [27.861712581586573, 38.77934758659376], [27.861712581586573, 38.778808597423286]]]}, "id": "+385653+83899", "properties": {"area_ha": 6.440271125810319, "count": 23, "label": 1, "mean_dnbr": 0.4464274630477299}}, {"type": "Feature", "geometry": {"geodesic": false, "type": "Polygon", "coordinates": [[[27.862251570757053, 38.803602099264985], [27.863868538268463, 38.803602099264985], [27.863868538268463, 38.80468007760592], [27.864407527438914, 38.80468007760592], [27.864407527438914, 38.805219066776395], [27.863868538268463, 38.805219066776395], [27.863868538268463, 38.80575805594687], [27.864407527438914, 38.80575805594687], [27.864407527438914, 38.80629704511734], [27.863868538268463, 38.80629704511734], [27.863868538268463, 38.80683603428781], [27.864407527438914, 38.80683603428781], [27.864407527438914, 38.807375023458285], [27.864946516609393, 38.807375023458285], [27.864946516609393, 38.80845300179923], [27.863329549097983, 38.80845300179923], [27.863329549097983, 38.80629704511734], [27.862790559927504, 38.80629704511734], [27.862790559927504, 38.805219066776395], [27.862251570757053, 38.805219066776395], [27.862251570757053, 38.803602099264985]], [[27.863868538268463, 38.80575805594687], [27.863868538268463, 38.80629704511734], [27.863329549097983, 38.80629704511734], [27.863329549097983, 38.80575805594687], [27.863868538268463, 38.80575805594687]]]}, "id": "+385654+83853", "properties": {"area_ha": 6.4379655452641, "count": 23, "label": 1, "mean_dnbr": 0.35382687588338874}}, {"type": "Feature", "geometry": {"geodesic": false, "type": "Polygon", "coordinates": [[[27.865485505779873, 38.81438188267442], [27.867102473291283, 38.81438188267442], [27.867102473291283, 38.81707682852677], [27.866563484120803, 38.81707682852677], [27.866563484120803, 38.81653783935631], [27.865485505779873, 38.81653783935631], [27.865485505779873, 38.81438188267442]]]}, "id": "+385660+83833", "properties": {"area_ha": 3.63835508654936, "count": 13, "label": 1, "mean_dnbr": 0.33551893125659327}}, {"type": "Feature", "geometry": {"geodesic": false, "type": "Polygon", "coordinates": [[[27.866563484120803, 38.80683603428781], [27.868719440802693, 38.80683603428781], [27.868719440802693, 38.807375023458285], [27.869258429973172, 38.807375023458285], [27.869258429973172, 38.8089919909697], [27.868719440802693, 38.8089919909697], [27.868719440802693, 38.810069969310646], [27.869258429973172, 38.810069969310646], [27.869258429973172, 38.81222592599253], [27.86979741914365, 38.81222592599253], [27.86979741914365, 38.81438188267442], [27.869258429973172, 38.81438188267442], [27.869258429973172, 38.81222592599253], [27.867641462461762, 38.81222592599253], [27.867641462461762, 38.811686936822056], [27.867102473291283, 38.811686936822056], [27.867102473291283, 38.81222592599253], [27.866563484120803, 38.81222592599253], [27.866563484120803, 38.811686936822056], [27.866024494950352, 38.811686936822056], [27.866024494950352, 38.810069969310646], [27.866563484120803, 38.810069969310646], [27.866563484120803, 38.80683603428781]], [[27.867102473291283, 38.810069969310646], [27.867102473291283, 38.811686936822056], [27.866563484120803, 38.811686936822056], [27.866563484120803, 38.810069969310646], [27.867102473291283, 38.810069969310646]]]}, "id": "+385663+83847", "properties": {"area_ha": 13.994802861508948, "count": 50, "label": 1, "mean_dnbr": 0.45453883382731947}}, {"type": "Feature", "geometry": {"geodesic": false, "type": "Polygon", "coordinates": [[[27.868719440802693, 38.784198489128], [27.869258429973172, 38.784198489128], [27.869258429973172, 38.784737478298474], [27.86979741914365, 38.784737478298474], [27.86979741914365, 38.78635444580989], [27.870875397484582, 38.78635444580989], [27.870875397484582, 38.78743242415083], [27.870336408314103, 38.78743242415083], [27.870336408314103, 38.78689343498036], [27.869258429973172, 38.78689343498036], [27.869258429973172, 38.78635444580989], [27.868719440802693, 38.78635444580989], [27.868719440802693, 38.78527646746895], [27.86818045163224, 38.78527646746895], [27.86818045163224, 38.784737478298474], [27.868719440802693, 38.784737478298474], [27.868719440802693, 38.784198489128]]]}, "id": "+385664+83889", "properties": {"area_ha": 3.3598857206740185, "count": 12, "label": 1, "mean_dnbr": 0.3065585401506407}}, {"type": "Feature", "geometry": {"geodesic": false, "type": "Polygon", "coordinates": [[[27.869258429973172, 38.76587285733196], [27.87195337582554, 38.76587285733196], [27.87195337582554, 38.766411846502436], [27.87141438665506, 38.766411846502436], [27.87141438665506, 38.76695083567291], [27.86979741914365, 38.76695083567291], [27.86979741914365, 38.76748982484338], [27.869258429973172, 38.76748982484338], [27.869258429973172, 38.76802881401385], [27.86979741914365, 38.76802881401385], [27.86979741914365, 38.76910679235479], [27.870336408314103, 38.76910679235479], [27.870336408314103, 38.76856780318432], [27.87303135416647, 38.76856780318432], [27.87303135416647, 38.76964578152526], [27.872492364995992, 38.76964578152526], [27.872492364995992, 38.770184770695735], [27.870336408314103, 38.770184770695735], [27.870336408314103, 38.77072375986621], [27.869258429973172, 38.77072375986621], [27.869258429973172, 38.76964578152526], [27.868719440802693, 38.76964578152526], [27.868719440802693, 38.77072375986621], [27.86818045163224, 38.77072375986621], [27.86818045163224, 38.770184770695735], [27.867641462461762, 38.770184770695735], [27.867641462461762, 38.77072375986621], [27.867102473291283, 38.77072375986621], [27.867102473291283, 38.76964578152526], [27.86818045163224, 38.76964578152526], [27.86818045163224, 38.76856780318432], [27.867641462461762, 38.76856780318432], [27.867641462461762, 38.76748982484338], [27.867102473291283, 38.76748982484338], [27.867102473291283, 38.766411846502436], [27.86818045163224, 38.766411846502436], [27.86818045163224, 38.76695083567291], [27.868719440802693, 38.76695083567291], [27.868719440802693, 38.76748982484338], [27.869258429973172, 38.76748982484338], [27.869258429973172, 38.76587285733196]]]}, "id": "+385669+83923", "properties": {"area_ha": 14.563021552303987, "count": 52, "label": 1, "mean_dnbr": 0.36828920899552725}}, {"type": "Feature", "geometry": {"geodesic": false, "type": "Polygon", "coordinates": [[[27.870336408314103, 38.77180173820715], [27.872492364995992, 38.77180173820715], [27.872492364995992, 38.772340727377625], [27.87195337582554, 38.772340727377625], [27.87195337582554, 38.7728797165481], [27.86979741914365, 38.7728797165481], [27.86979741914365, 38.77341870571857], [27.870336408314103, 38.77341870571857], [27.870336408314103, 38.77395769488904], [27.86979741914365, 38.77395769488904], [27.86979741914365, 38.77449668405951], [27.870336408314103, 38.77449668405951], [27.870336408314103, 38.77503567322998], [27.867641462461762, 38.77503567322998], [27.867641462461762, 38.776113651570924], [27.86818045163224, 38.776113651570924], [27.86818045163224, 38.776652640741396], [27.868719440802693, 38.776652640741396], [27.868719440802693, 38.77773061908234], [27.867641462461762, 38.77773061908234], [27.867641462461762, 38.776652640741396], [27.867102473291283, 38.776652640741396], [27.867102473291283, 38.77449668405951], [27.866563484120803, 38.77449668405951], [27.866563484120803, 38.77395769488904], [27.866024494950352, 38.77395769488904], [27.866024494950352, 38.77341870571857], [27.867641462461762, 38.77341870571857], [27.867641462461762, 38.77395769488904], [27.86818045163224, 38.77395769488904], [27.86818045163224, 38.77341870571857], [27.869258429973172, 38.77341870571857], [27.869258429973172, 38.7728797165481], [27.868719440802693, 38.7728797165481], [27.868719440802693, 38.77180173820715], [27.86979741914365, 38.77180173820715], [27.86979741914365, 38.772340727377625], [27.870336408314103, 38.772340727377625], [27.870336408314103, 38.77180173820715]]]}, "id": "+385670+83912", "properties": {"area_ha": 11.201469957378217, "count": 40, "label": 1, "mean_dnbr": 0.3380213821288738}}, {"type": "Feature", "geometry": {"geodesic": false, "type": "Polygon", "coordinates": [[[27.87464832167788, 38.79390029419649], [27.87518731084836, 38.79390029419649], [27.87518731084836, 38.79443928336696], [27.87572630001884, 38.79443928336696], [27.87572630001884, 38.794978272537435], [27.87626528918929, 38.794978272537435], [27.87626528918929, 38.79551726170791], [27.87518731084836, 38.79551726170791], [27.87518731084836, 38.79605625087838], [27.87410933250743, 38.79605625087838], [27.87410933250743, 38.79659524004885], [27.872492364995992, 38.79659524004885], [27.872492364995992, 38.79605625087838], [27.87303135416647, 38.79605625087838], [27.87303135416647, 38.794978272537435], [27.87410933250743, 38.794978272537435], [27.87410933250743, 38.79443928336696], [27.87464832167788, 38.79443928336696], [27.87464832167788, 38.79390029419649]]]}, "id": "+385675+83871", "properties": {"area_ha": 4.759200968193993, "count": 17, "label": 1, "mean_dnbr": 0.4729910659465559}}, {"type": "Feature", "geometry": {"geodesic": false, "type": "Polygon", "coordinates": [[[27.87572630001884, 38.80575805594687], [27.87680427835977, 38.80575805594687], [27.87680427835977, 38.80629704511734], [27.87626528918929, 38.80629704511734], [27.87626528918929, 38.80683603428781], [27.87680427835977, 38.80683603428781], [27.87680427835977, 38.807375023458285], [27.87788225670073, 38.807375023458285], [27.87788225670073, 38.80791401262876], [27.87842124587118, 38.80791401262876], [27.87842124587118, 38.8089919909697], [27.87626528918929, 38.8089919909697], [27.87626528918929, 38.80845300179923], [27.87572630001884, 38.80845300179923], [27.87572630001884, 38.80791401262876], [27.87303135416647, 38.80791401262876], [27.87303135416647, 38.80683603428781], [27.87464832167788, 38.80683603428781], [27.87464832167788, 38.807375023458285], [27.87518731084836, 38.807375023458285], [27.87518731084836, 38.80683603428781], [27.87572630001884, 38.80683603428781], [27.87572630001884, 38.80575805594687]]]}, "id": "+385678+83849", "properties": {"area_ha": 7.557445322056744, "count": 27, "label": 1, "mean_dnbr": 0.3985254114885236}}, {"type": "Feature", "geometry": {"geodesic": false, "type": "Polygon", "coordinates": [[[27.87949922421214, 38.79605625087838], [27.88003821338262, 38.79605625087838], [27.88003821338262, 38.797134229219324], [27.88057720255307, 38.797134229219324], [27.88057720255307, 38.7976732183898], [27.87949922421214, 38.7976732183898], [27.87949922421214, 38.79821220756027], [27.87896023504166, 38.79821220756027], [27.87896023504166, 38.798751196730734], [27.87842124587118, 38.798751196730734], [27.87842124587118, 38.79821220756027], [27.87788225670073, 38.79821220756027], [27.87788225670073, 38.7976732183898], [27.87842124587118, 38.7976732183898], [27.87842124587118, 38.79659524004885], [27.87949922421214, 38.79659524004885], [27.87949922421214, 38.79605625087838]]]}, "id": "+385684+83867", "properties": {"area_ha": 3.3593395581384655, "count": 12, "label": 1, "mean_dnbr": 0.3904674508558257}}, {"type": "Feature", "geometry": {"geodesic": false, "type": "Polygon", "coordinates": [[[27.87949922421214, 38.80198513175357], [27.88057720255307, 38.80198513175357], [27.88057720255307, 38.80306311009451], [27.88165518089403, 38.80306311009451], [27.88165518089403, 38.803602099264985], [27.88057720255307, 38.803602099264985], [27.88057720255307, 38.80414108843546], [27.87896023504166, 38.80414108843546], [27.87896023504166, 38.80468007760592], [27.87842124587118, 38.80468007760592], [27.87842124587118, 38.80414108843546], [27.87896023504166, 38.80414108843546], [27.87896023504166, 38.80306311009451], [27.87949922421214, 38.80306311009451], [27.87949922421214, 38.80198513175357]]]}, "id": "+385685+83856", "properties": {"area_ha": 3.6389857919633903, "count": 13, "label": 1, "mean_dnbr": 0.3471032858887589}}, {"type": "Feature", "geometry": {"geodesic": false, "type": "Polygon", "coordinates": [[[27.88003821338262, 38.78581545663942], [27.88057720255307, 38.78581545663942], [27.88057720255307, 38.78635444580989], [27.88111619172355, 38.78635444580989], [27.88111619172355, 38.78743242415083], [27.88057720255307, 38.78743242415083], [27.88057720255307, 38.7879714133213], [27.87842124587118, 38.7879714133213], [27.87842124587118, 38.78743242415083], [27.87896023504166, 38.78743242415083], [27.87896023504166, 38.78689343498036], [27.88003821338262, 38.78689343498036], [27.88003821338262, 38.78581545663942]]]}, "id": "+385685+83886", "properties": {"area_ha": 3.07984282290695, "count": 11, "label": 1, "mean_dnbr": 0.22157412139107113}}, {"type": "Feature", "geometry": {"geodesic": false, "type": "Polygon", "coordinates": [[[27.88219417006448, 38.7879714133213], [27.88327214840544, 38.7879714133213], [27.88327214840544, 38.788510402491774], [27.88381113757592, 38.788510402491774], [27.88381113757592, 38.789049391662246], [27.88219417006448, 38.789049391662246], [27.88219417006448, 38.78958838083272], [27.88273315923496, 38.78958838083272], [27.88273315923496, 38.79012737000319], [27.88327214840544, 38.79012737000319], [27.88327214840544, 38.79066635917366], [27.88219417006448, 38.79066635917366], [27.88219417006448, 38.79012737000319], [27.88111619172355, 38.79012737000319], [27.88111619172355, 38.78958838083272], [27.88165518089403, 38.78958838083272], [27.88165518089403, 38.788510402491774], [27.88219417006448, 38.788510402491774], [27.88219417006448, 38.7879714133213]]]}, "id": "+385690+83882", "properties": {"area_ha": 3.359725948215727, "count": 12, "label": 1, "mean_dnbr": 0.1875139826244242}}, {"type": "Feature", "geometry": {"geodesic": false, "type": "Polygon", "coordinates": [[[27.88219417006448, 39.547407154515945], [27.88435012674637, 39.547407154515945], [27.88435012674637, 39.54794614368642], [27.88381113757592, 39.54794614368642], [27.88381113757592, 39.54902412202736], [27.88327214840544, 39.54902412202736], [27.88327214840544, 39.549563111197834], [27.88219417006448, 39.549563111197834], [27.88219417006448, 39.547407154515945]]]}, "id": "+385692+82473", "properties": {"area_ha": 3.3236492194637095, "count": 12, "label": 1, "mean_dnbr": 0.4939894698528028}}, {"type": "Feature", "geometry": {"geodesic": false, "type": "Polygon", "coordinates": [[[27.88327214840544, 38.811147947651584], [27.88435012674637, 38.811147947651584], [27.88435012674637, 38.811686936822056], [27.88488911591685, 38.811686936822056], [27.88488911591685, 38.81222592599253], [27.88435012674637, 38.81222592599253], [27.88435012674637, 38.812764915163], [27.88327214840544, 38.812764915163], [27.88327214840544, 38.81222592599253], [27.88219417006448, 38.81222592599253], [27.88219417006448, 38.811686936822056], [27.88111619172355, 38.811686936822056], [27.88111619172355, 38.811147947651584], [27.88273315923496, 38.811147947651584], [27.88273315923496, 38.811686936822056], [27.88327214840544, 38.811686936822056], [27.88327214840544, 38.811147947651584]]]}, "id": "+385692+83839", "properties": {"area_ha": 3.358658552488288, "count": 12, "label": 1, "mean_dnbr": 0.3309448525313083}}, {"type": "Feature", "geometry": {"geodesic": false, "type": "Polygon", "coordinates": [[[27.885967094257808, 38.763716900650074], [27.88650608342826, 38.763716900650074], [27.88650608342826, 38.76425588982055], [27.887584061769218, 38.76425588982055], [27.887584061769218, 38.76533386816149], [27.88650608342826, 38.76533386816149], [27.88650608342826, 38.76587285733196], [27.887045072598738, 38.76587285733196], [27.887045072598738, 38.766411846502436], [27.887584061769218, 38.766411846502436], [27.887584061769218, 38.76695083567291], [27.88542810508733, 38.76695083567291], [27.88542810508733, 38.76587285733196], [27.88488911591685, 38.76587285733196], [27.88488911591685, 38.76425588982055], [27.885967094257808, 38.76425588982055], [27.885967094257808, 38.763716900650074]]]}, "id": "+385696+83927", "properties": {"area_ha": 5.881487099904789, "count": 21, "label": 1, "mean_dnbr": 0.5123062934030315}}, {"type": "Feature", "geometry": {"geodesic": false, "type": "Polygon", "coordinates": [[[27.88650608342826, 39.42182267779604], [27.887584061769218, 39.42182267779604], [27.887584061769218, 39.423439645307454], [27.888662040110148, 39.423439645307454], [27.888662040110148, 39.423978634477926], [27.887584061769218, 39.423978634477926], [27.887584061769218, 39.4245176236484], [27.88812305093967, 39.4245176236484], [27.88812305093967, 39.42505661281887], [27.887045072598738, 39.42505661281887], [27.887045072598738, 39.4245176236484], [27.88650608342826, 39.4245176236484], [27.88650608342826, 39.423978634477926], [27.88542810508733, 39.423978634477926], [27.88542810508733, 39.42290065613698], [27.88650608342826, 39.42290065613698], [27.88650608342826, 39.42182267779604]], [[27.887584061769218, 39.423439645307454], [27.887584061769218, 39.423978634477926], [27.887045072598738, 39.423978634477926], [27.887045072598738, 39.423439645307454], [27.887584061769218, 39.423439645307454]]]}, "id": "+385698+82706", "properties": {"area_ha": 4.7169753538796355, "count": 17, "label": 1, "mean_dnbr": 0.290371532662887}}, {"type": "Feature", "geometry": {"geodesic": false, "type": "Polygon", "coordinates": [[[27.88650608342826, 38.80468007760592], [27.887584061769218, 38.80468007760592], [27.887584061769218, 38.805219066776395], [27.888662040110148, 38.805219066776395], [27.888662040110148, 38.80575805594687], [27.889201029280628, 38.80575805594687], [27.889201029280628, 38.80629704511734], [27.887045072598738, 38.80629704511734], [27.887045072598738, 38.80575805594687], [27.885967094257808, 38.80575805594687], [27.885967094257808, 38.805219066776395], [27.88650608342826, 38.805219066776395], [27.88650608342826, 38.80468007760592]]]}, "id": "+385698+83851", "properties": {"area_ha": 3.079046781896539, "count": 11, "label": 1, "mean_dnbr": 0.3604866228976302}}, {"type": "Feature", "geometry": {"geodesic": false, "type": "Polygon", "coordinates": [[[27.887045072598738, 38.78958838083272], [27.88812305093967, 38.78958838083272], [27.88812305093967, 38.79012737000319], [27.888662040110148, 38.79012737000319], [27.888662040110148, 38.79174433751461], [27.88812305093967, 38.79174433751461], [27.88812305093967, 38.79228332668508], [27.88650608342826, 38.79228332668508], [27.88650608342826, 38.792822315855545], [27.885967094257808, 38.792822315855545], [27.885967094257808, 38.79228332668508], [27.88488911591685, 38.79228332668508], [27.88488911591685, 38.79174433751461], [27.88542810508733, 38.79174433751461], [27.88542810508733, 38.791205348344135], [27.887045072598738, 38.791205348344135], [27.887045072598738, 38.79174433751461], [27.88812305093967, 38.79174433751461], [27.88812305093967, 38.79066635917366], [27.887584061769218, 38.79066635917366], [27.887584061769218, 38.79012737000319], [27.887045072598738, 38.79012737000319], [27.887045072598738, 38.78958838083272]]]}, "id": "+385699+83879", "properties": {"area_ha": 4.479497717199549, "count": 16, "label": 1, "mean_dnbr": 0.3228614519765869}}, {"type": "Feature", "geometry": {"geodesic": false, "type": "Polygon", "coordinates": [[[27.889201029280628, 39.427751558671225], [27.890817996792038, 39.427751558671225], [27.890817996792038, 39.42882953701217], [27.890279007621558, 39.42882953701217], [27.890279007621558, 39.42936852618264], [27.890817996792038, 39.42936852618264], [27.890817996792038, 39.429907515353115], [27.891895975132996, 39.429907515353115], [27.891895975132996, 39.43044650452359], [27.892434964303447, 39.43044650452359], [27.892434964303447, 39.43098549369406], [27.891895975132996, 39.43098549369406], [27.891895975132996, 39.43044650452359], [27.890817996792038, 39.43044650452359], [27.890817996792038, 39.429907515353115], [27.890279007621558, 39.429907515353115], [27.890279007621558, 39.43044650452359], [27.888662040110148, 39.43044650452359], [27.888662040110148, 39.43098549369406], [27.88812305093967, 39.43098549369406], [27.88812305093967, 39.43044650452359], [27.887584061769218, 39.43044650452359], [27.887584061769218, 39.4282905478417], [27.88812305093967, 39.4282905478417], [27.88812305093967, 39.42882953701217], [27.888662040110148, 39.42882953701217], [27.888662040110148, 39.4282905478417], [27.889201029280628, 39.4282905478417], [27.889201029280628, 39.427751558671225]], [[27.889201029280628, 39.42936852618264], [27.889201029280628, 39.429907515353115], [27.888662040110148, 39.429907515353115], [27.888662040110148, 39.42936852618264], [27.889201029280628, 39.42936852618264]]]}, "id": "+385704+82695", "properties": {"area_ha": 7.491030019670761, "count": 27, "label": 1, "mean_dnbr": 0.3586715404049969}}, {"type": "Feature", "geometry": {"geodesic": false, "type": "Polygon", "coordinates": [[[27.889740018451107, 39.423439645307454], [27.891356985962517, 39.423439645307454], [27.891356985962517, 39.423978634477926], [27.891895975132996, 39.423978634477926], [27.891895975132996, 39.42505661281887], [27.892434964303447, 39.42505661281887], [27.892434964303447, 39.425595601989336], [27.891895975132996, 39.425595601989336], [27.891895975132996, 39.42667358033028], [27.892434964303447, 39.42667358033028], [27.892434964303447, 39.427751558671225], [27.891356985962517, 39.427751558671225], [27.891356985962517, 39.42721256950075], [27.890817996792038, 39.42721256950075], [27.890817996792038, 39.42667358033028], [27.891356985962517, 39.42667358033028], [27.891356985962517, 39.425595601989336], [27.890817996792038, 39.425595601989336], [27.890817996792038, 39.4245176236484], [27.889740018451107, 39.4245176236484], [27.889740018451107, 39.423439645307454]]]}, "id": "+385705+82703", "properties": {"area_ha": 5.271768702584025, "count": 19, "label": 1, "mean_dnbr": 0.35244560479750864}}, {"type": "Feature", "geometry": {"geodesic": false, "type": "Polygon", "coordinates": [[[27.892434964303447, 38.76048296562725], [27.893512942644406, 38.76048296562725], [27.893512942644406, 38.76102195479772], [27.894051931814857, 38.76102195479772], [27.894051931814857, 38.762099933138664], [27.892973953473927, 38.762099933138664], [27.892973953473927, 38.76156094396819], [27.891895975132996, 38.76156094396819], [27.891895975132996, 38.76263892230913], [27.890817996792038, 38.76263892230913], [27.890817996792038, 38.76102195479772], [27.892434964303447, 38.76102195479772], [27.892434964303447, 38.76048296562725]]]}, "id": "+385709+83933", "properties": {"area_ha": 3.9212006376212463, "count": 14, "label": 1, "mean_dnbr": 0.5118374169261612}}, {"type": "Feature", "geometry": {"geodesic": false, "type": "Polygon", "coordinates": [[[27.893512942644406, 39.41966672111415], [27.894051931814857, 39.41966672111415], [27.894051931814857, 39.42074469945509], [27.894590920985337, 39.42074469945509], [27.894590920985337, 39.42182267779604], [27.894051931814857, 39.42182267779604], [27.894051931814857, 39.421283688625564], [27.893512942644406, 39.421283688625564], [27.893512942644406, 39.42236166696651], [27.894590920985337, 39.42236166696651], [27.894590920985337, 39.423439645307454], [27.894051931814857, 39.423439645307454], [27.894051931814857, 39.42290065613698], [27.893512942644406, 39.42290065613698], [27.893512942644406, 39.42236166696651], [27.892434964303447, 39.42236166696651], [27.892434964303447, 39.42182267779604], [27.890817996792038, 39.42182267779604], [27.890817996792038, 39.421283688625564], [27.890279007621558, 39.421283688625564], [27.890279007621558, 39.42074469945509], [27.892973953473927, 39.42074469945509], [27.892973953473927, 39.421283688625564], [27.893512942644406, 39.421283688625564], [27.893512942644406, 39.41966672111415]], [[27.892973953473927, 39.421283688625564], [27.892973953473927, 39.42182267779604], [27.892434964303447, 39.42182267779604], [27.892434964303447, 39.421283688625564], [27.892973953473927, 39.421283688625564]]]}, "id": "+385710+82710", "properties": {"area_ha": 5.272053717762967, "count": 19, "label": 1, "mean_dnbr": 0.2964085195062126}}, {"type": "Feature", "geometry": {"geodesic": false, "type": "Polygon", "coordinates": [[[27.892434964303447, 39.131846504082255], [27.894051931814857, 39.131846504082255], [27.894051931814857, 39.1329244824232], [27.893512942644406, 39.1329244824232], [27.893512942644406, 39.13346347159367], [27.892973953473927, 39.13346347159367], [27.892973953473927, 39.134002460764144], [27.891895975132996, 39.134002460764144], [27.891895975132996, 39.134541449934616], [27.891356985962517, 39.134541449934616], [27.891356985962517, 39.13346347159367], [27.891895975132996, 39.13346347159367], [27.891895975132996, 39.1329244824232], [27.892434964303447, 39.1329244824232], [27.892434964303447, 39.131846504082255]]]}, "id": "+385710+83244", "properties": {"area_ha": 3.6220817170494155, "count": 13, "label": 1, "mean_dnbr": 0.2514532873234751}}, {"type": "Feature", "geometry": {"geodesic": false, "type": "Polygon", "coordinates": [[[27.896207888496747, 38.78958838083272], [27.896746877667226, 38.78958838083272], [27.896746877667226, 38.79012737000319], [27.898902834349116, 38.79012737000319], [27.898902834349116, 38.79066635917366], [27.898363845178636, 38.79066635917366], [27.898363845178636, 38.79174433751461], [27.898902834349116, 38.79174433751461], [27.898902834349116, 38.79228332668508], [27.897824856008185, 38.79228332668508], [27.897824856008185, 38.79174433751461], [27.896746877667226, 38.79174433751461], [27.896746877667226, 38.791205348344135], [27.895668899326296, 38.791205348344135], [27.895668899326296, 38.79066635917366], [27.896746877667226, 38.79066635917366], [27.896746877667226, 38.79012737000319], [27.896207888496747, 38.79012737000319], [27.896207888496747, 38.78958838083272]], [[27.897824856008185, 38.79066635917366], [27.897824856008185, 38.791205348344135], [27.896746877667226, 38.791205348344135], [27.896746877667226, 38.79066635917366], [27.897824856008185, 38.79066635917366]]]}, "id": "+385715+83879", "properties": {"area_ha": 3.639607516421863, "count": 13, "label": 1, "mean_dnbr": 0.3315701909032316}}, {"type": "Feature", "geometry": {"geodesic": false, "type": "Polygon", "coordinates": [[[27.899441823519595, 39.41966672111415], [27.900519801860526, 39.41966672111415], [27.900519801860526, 39.42020571028462], [27.901058791031005, 39.42020571028462], [27.901058791031005, 39.42074469945509], [27.901597780201485, 39.42074469945509], [27.901597780201485, 39.42182267779604], [27.902136769371936, 39.42182267779604], [27.902136769371936, 39.42236166696651], [27.901597780201485, 39.42236166696651], [27.901597780201485, 39.42290065613698], [27.901058791031005, 39.42290065613698], [27.901058791031005, 39.42182267779604], [27.900519801860526, 39.42182267779604], [27.900519801860526, 39.42290065613698], [27.898902834349116, 39.42290065613698], [27.898902834349116, 39.42236166696651], [27.899441823519595, 39.42236166696651], [27.899441823519595, 39.42182267779604], [27.900519801860526, 39.42182267779604], [27.900519801860526, 39.421283688625564], [27.898902834349116, 39.421283688625564], [27.898902834349116, 39.42182267779604], [27.898363845178636, 39.42182267779604], [27.898363845178636, 39.42290065613698], [27.897285866837706, 39.42290065613698], [27.897285866837706, 39.42182267779604], [27.897824856008185, 39.42182267779604], [27.897824856008185, 39.421283688625564], [27.897285866837706, 39.421283688625564], [27.897285866837706, 39.41966672111415], [27.898902834349116, 39.41966672111415], [27.898902834349116, 39.42074469945509], [27.899441823519595, 39.42074469945509], [27.899441823519595, 39.41966672111415]], [[27.898363845178636, 39.42020571028462], [27.898363845178636, 39.42074469945509], [27.897824856008185, 39.42074469945509], [27.897824856008185, 39.42020571028462], [27.898363845178636, 39.42020571028462]]]}, "id": "+385722+82710", "properties": {"area_ha": 9.434242307741801, "count": 34, "label": 1, "mean_dnbr": 0.3463805064576753}}, {"type": "Feature", "geometry": {"geodesic": false, "type": "Polygon", "coordinates": [[[27.899441823519595, 38.792822315855545], [27.901058791031005, 38.792822315855545], [27.901058791031005, 38.79336130502602], [27.902136769371936, 38.79336130502602], [27.902136769371936, 38.79390029419649], [27.901597780201485, 38.79390029419649], [27.901597780201485, 38.79443928336696], [27.902136769371936, 38.79443928336696], [27.902136769371936, 38.794978272537435], [27.900519801860526, 38.794978272537435], [27.900519801860526, 38.79443928336696], [27.898902834349116, 38.79443928336696], [27.898902834349116, 38.79336130502602], [27.898363845178636, 38.79336130502602], [27.898363845178636, 38.792822315855545], [27.898902834349116, 38.792822315855545], [27.898902834349116, 38.79336130502602], [27.899441823519595, 38.79336130502602], [27.899441823519595, 38.792822315855545]], [[27.899980812690046, 38.79336130502602], [27.899980812690046, 38.79390029419649], [27.899441823519595, 38.79390029419649], [27.899441823519595, 38.79336130502602], [27.899980812690046, 38.79336130502602]]]}, "id": "+385723+83873", "properties": {"area_ha": 4.759303417615295, "count": 17, "label": 1, "mean_dnbr": 0.2725523126144298}}, {"type": "Feature", "geometry": {"geodesic": false, "type": "Polygon", "coordinates": [[[27.903214747712894, 39.539322316958874], [27.904831715224304, 39.539322316958874], [27.904831715224304, 39.54040029529981], [27.904292726053825, 39.54040029529981], [27.904292726053825, 39.540939284470284], [27.903214747712894, 39.540939284470284], [27.903214747712894, 39.541478273640756], [27.902136769371936, 39.541478273640756], [27.902136769371936, 39.54040029529981], [27.903753736883374, 39.54040029529981], [27.903753736883374, 39.539861306129346], [27.903214747712894, 39.539861306129346], [27.903214747712894, 39.539322316958874]]]}, "id": "+385730+82488", "properties": {"area_ha": 3.0470300186167156, "count": 11, "label": 1, "mean_dnbr": 0.33037782765783785}}, {"type": "Feature", "geometry": {"geodesic": false, "type": "Polygon", "coordinates": [[[27.905909693565235, 38.76533386816149], [27.906448682735714, 38.76533386816149], [27.906448682735714, 38.76587285733196], [27.906987671906194, 38.76587285733196], [27.906987671906194, 38.766411846502436], [27.907526661076673, 38.766411846502436], [27.907526661076673, 38.76695083567291], [27.908065650247124, 38.76695083567291], [27.908065650247124, 38.76748982484338], [27.908604639417604, 38.76748982484338], [27.908604639417604, 38.76802881401385], [27.904831715224304, 38.76802881401385], [27.904831715224304, 38.76748982484338], [27.905370704394784, 38.76748982484338], [27.905370704394784, 38.766411846502436], [27.905909693565235, 38.766411846502436], [27.905909693565235, 38.76533386816149]]]}, "id": "+385733+83924", "properties": {"area_ha": 5.321250715200469, "count": 19, "label": 1, "mean_dnbr": 0.487221228971278}}, {"type": "Feature", "geometry": {"geodesic": false, "type": "Polygon", "coordinates": [[[27.905909693565235, 39.526925566038024], [27.906987671906194, 39.526925566038024], [27.906987671906194, 39.527464555208496], [27.908065650247124, 39.527464555208496], [27.908065650247124, 39.52800354437896], [27.907526661076673, 39.52800354437896], [27.907526661076673, 39.528542533549434], [27.905370704394784, 39.528542533549434], [27.905370704394784, 39.527464555208496], [27.905909693565235, 39.527464555208496], [27.905909693565235, 39.526925566038024]]]}, "id": "+385734+82511", "properties": {"area_ha": 3.047589594769866, "count": 11, "label": 1, "mean_dnbr": 0.31826286707336415}}, {"type": "Feature", "geometry": {"geodesic": false, "type": "Polygon", "coordinates": [[[27.910760596099493, 39.58136347225567], [27.911838574440452, 39.58136347225567], [27.911838574440452, 39.58190246142614], [27.911299585269973, 39.58190246142614], [27.911299585269973, 39.582441450596605], [27.910760596099493, 39.582441450596605], [27.910760596099493, 39.58351942893755], [27.910221606929014, 39.58351942893755], [27.910221606929014, 39.58405841810802], [27.909682617758563, 39.58405841810802], [27.909682617758563, 39.584597407278494], [27.910221606929014, 39.584597407278494], [27.910221606929014, 39.585136396448966], [27.911838574440452, 39.585136396448966], [27.911838574440452, 39.584597407278494], [27.912377563610903, 39.584597407278494], [27.912377563610903, 39.58351942893755], [27.912916552781383, 39.58351942893755], [27.912916552781383, 39.585136396448966], [27.913455541951862, 39.585136396448966], [27.913455541951862, 39.58567538561944], [27.912916552781383, 39.58567538561944], [27.912916552781383, 39.58621437478991], [27.908604639417604, 39.58621437478991], [27.908604639417604, 39.58567538561944], [27.908065650247124, 39.58567538561944], [27.908065650247124, 39.58405841810802], [27.909682617758563, 39.58405841810802], [27.909682617758563, 39.58298043976708], [27.908604639417604, 39.58298043976708], [27.908604639417604, 39.58351942893755], [27.908065650247124, 39.58351942893755], [27.908065650247124, 39.582441450596605], [27.910760596099493, 39.582441450596605], [27.910760596099493, 39.58136347225567]]]}, "id": "+385743+82410", "properties": {"area_ha": 11.349938602327788, "count": 41, "label": 1, "mean_dnbr": 0.3011230203559889}}, {"type": "Feature", "geometry": {"geodesic": false, "type": "Polygon", "coordinates": [[[27.913455541951862, 39.58028549391472], [27.91561149863375, 39.58028549391472], [27.91561149863375, 39.580824483085195], [27.915072509463272, 39.580824483085195], [27.915072509463272, 39.58190246142614], [27.91561149863375, 39.58190246142614], [27.91561149863375, 39.58136347225567], [27.916150487804202, 39.58136347225567], [27.916150487804202, 39.582441450596605], [27.91561149863375, 39.582441450596605], [27.91561149863375, 39.58298043976708], [27.914533520292792, 39.58298043976708], [27.914533520292792, 39.580824483085195], [27.913455541951862, 39.580824483085195], [27.913455541951862, 39.58028549391472]]]}, "id": "+385750+82412", "properties": {"area_ha": 3.3220593374882563, "count": 12, "label": 1, "mean_dnbr": 0.3041322865868536}}, {"type": "Feature", "geometry": {"geodesic": false, "type": "Polygon", "coordinates": [[[27.92531330370224, 39.5959161798584], [27.92908622789554, 39.5959161798584], [27.92908622789554, 39.59645516902887], [27.93070319540695, 39.59645516902887], [27.93070319540695, 39.597533147369816], [27.92908622789554, 39.597533147369816], [27.92908622789554, 39.596994158199344], [27.92854723872506, 39.596994158199344], [27.92854723872506, 39.59645516902887], [27.92800824955458, 39.59645516902887], [27.92800824955458, 39.596994158199344], [27.92639128204317, 39.596994158199344], [27.92639128204317, 39.59645516902887], [27.92531330370224, 39.59645516902887], [27.92531330370224, 39.5959161798584]]]}, "id": "+385775+82383", "properties": {"area_ha": 4.705202879999175, "count": 17, "label": 1, "mean_dnbr": 0.4244523624635648}}, {"type": "Feature", "geometry": {"geodesic": false, "type": "Polygon", "coordinates": [[[27.932859152088838, 39.5711226780167], [27.93393713042977, 39.5711226780167], [27.93393713042977, 39.57166166718717], [27.934476119600248, 39.57166166718717], [27.934476119600248, 39.57327863469859], [27.936093087111658, 39.57327863469859], [27.936093087111658, 39.57381762386906], [27.935554097941207, 39.57381762386906], [27.935554097941207, 39.574356613039534], [27.93393713042977, 39.574356613039534], [27.93393713042977, 39.57381762386906], [27.93178117374788, 39.57381762386906], [27.93178117374788, 39.57327863469859], [27.93070319540695, 39.57327863469859], [27.93070319540695, 39.57273964552812], [27.93232016291836, 39.57273964552812], [27.93232016291836, 39.572200656357644], [27.932859152088838, 39.572200656357644], [27.932859152088838, 39.5711226780167]]]}, "id": "+385784+82429", "properties": {"area_ha": 7.47557349418318, "count": 27, "label": 1, "mean_dnbr": 0.34383635308543303}}, {"type": "Feature", "geometry": {"geodesic": false, "type": "Polygon", "coordinates": [[[27.93393713042977, 38.76748982484338], [27.935015108770727, 38.76748982484338], [27.935015108770727, 38.76856780318432], [27.935554097941207, 38.76856780318432], [27.935554097941207, 38.76910679235479], [27.936093087111658, 38.76910679235479], [27.936093087111658, 38.770184770695735], [27.936632076282137, 38.770184770695735], [27.936632076282137, 38.76964578152526], [27.937171065452617, 38.76964578152526], [27.937171065452617, 38.770184770695735], [27.936632076282137, 38.770184770695735], [27.936632076282137, 38.77072375986621], [27.936093087111658, 38.77072375986621], [27.936093087111658, 38.770184770695735], [27.935015108770727, 38.770184770695735], [27.935015108770727, 38.76910679235479], [27.934476119600248, 38.76910679235479], [27.934476119600248, 38.76964578152526], [27.933398141259318, 38.76964578152526], [27.933398141259318, 38.76910679235479], [27.93393713042977, 38.76910679235479], [27.93393713042977, 38.76856780318432], [27.933398141259318, 38.76856780318432], [27.933398141259318, 38.76802881401385], [27.93393713042977, 38.76802881401385], [27.93393713042977, 38.76748982484338]]]}, "id": "+385786+83920", "properties": {"area_ha": 4.480902167015514, "count": 16, "label": 1, "mean_dnbr": 0.2958669592601838}}, {"type": "Feature", "geometry": {"geodesic": false, "type": "Polygon", "coordinates": [[[27.936093087111658, 39.585136396448966], [27.936632076282137, 39.585136396448966], [27.936632076282137, 39.58567538561944], [27.936093087111658, 39.58567538561944], [27.936093087111658, 39.58621437478991], [27.935554097941207, 39.58621437478991], [27.935554097941207, 39.587292353130856], [27.935015108770727, 39.587292353130856], [27.935015108770727, 39.58675336396038], [27.934476119600248, 39.58675336396038], [27.934476119600248, 39.587292353130856], [27.93393713042977, 39.587292353130856], [27.93393713042977, 39.58783134230133], [27.933398141259318, 39.58783134230133], [27.933398141259318, 39.58944830981274], [27.932859152088838, 39.58944830981274], [27.932859152088838, 39.58998729898321], [27.931242184577428, 39.58998729898321], [27.931242184577428, 39.58944830981274], [27.93070319540695, 39.58944830981274], [27.93070319540695, 39.58837033147179], [27.93016420623647, 39.58837033147179], [27.93016420623647, 39.58783134230133], [27.932859152088838, 39.58783134230133], [27.932859152088838, 39.587292353130856], [27.93232016291836, 39.587292353130856], [27.93232016291836, 39.58675336396038], [27.932859152088838, 39.58675336396038], [27.932859152088838, 39.587292353130856], [27.933398141259318, 39.587292353130856], [27.933398141259318, 39.58675336396038], [27.934476119600248, 39.58675336396038], [27.934476119600248, 39.58621437478991], [27.93393713042977, 39.58621437478991], [27.93393713042977, 39.58567538561944], [27.934476119600248, 39.58567538561944], [27.934476119600248, 39.585136396448966], [27.935015108770727, 39.585136396448966], [27.935015108770727, 39.58567538561944], [27.936093087111658, 39.58567538561944], [27.936093087111658, 39.585136396448966]]]}, "id": "+385789+82403", "properties": {"area_ha": 9.134839998160043, "count": 33, "label": 1, "mean_dnbr": 0.3949315686111571}}, {"type": "Feature", "geometry": {"geodesic": false, "type": "Polygon", "coordinates": [[[27.936093087111658, 39.574356613039534], [27.936632076282137, 39.574356613039534], [27.936632076282137, 39.574895602210006], [27.937171065452617, 39.574895602210006], [27.937171065452617, 39.57543459138048], [27.937710054623068, 39.57543459138048], [27.937710054623068, 39.576512569721416], [27.937171065452617, 39.576512569721416], [27.937171065452617, 39.57759054806236], [27.936632076282137, 39.57759054806236], [27.936632076282137, 39.57812953723283], [27.937171065452617, 39.57812953723283], [27.937171065452617, 39.578668526403305], [27.938249043793547, 39.578668526403305], [27.938249043793547, 39.57920751557378], [27.937171065452617, 39.57920751557378], [27.937171065452617, 39.578668526403305], [27.936093087111658, 39.578668526403305], [27.936093087111658, 39.57759054806236], [27.936632076282137, 39.57759054806236], [27.936632076282137, 39.57597358055095], [27.936093087111658, 39.57597358055095], [27.936093087111658, 39.574356613039534]]]}, "id": "+385789+82423", "properties": {"area_ha": 4.152868618457973, "count": 15, "label": 1, "mean_dnbr": 0.3117060087403645}}, {"type": "Feature", "geometry": {"geodesic": false, "type": "Polygon", "coordinates": [[[27.937171065452617, 39.58298043976708], [27.938249043793547, 39.58298043976708], [27.938249043793547, 39.58405841810802], [27.939866011304957, 39.58405841810802], [27.939866011304957, 39.584597407278494], [27.940405000475437, 39.584597407278494], [27.940405000475437, 39.58405841810802], [27.941482978816396, 39.58405841810802], [27.941482978816396, 39.584597407278494], [27.940405000475437, 39.584597407278494], [27.940405000475437, 39.585136396448966], [27.939866011304957, 39.585136396448966], [27.939866011304957, 39.58567538561944], [27.938788032964027, 39.58567538561944], [27.938788032964027, 39.585136396448966], [27.937171065452617, 39.585136396448966], [27.937171065452617, 39.58298043976708]]]}, "id": "+385792+82407", "properties": {"area_ha": 5.25971541100443, "count": 19, "label": 1, "mean_dnbr": 0.38495287908628084}}, {"type": "Feature", "geometry": {"geodesic": false, "type": "Polygon", "coordinates": [[[27.939327022134506, 39.58837033147179], [27.940943989645916, 39.58837033147179], [27.940943989645916, 39.58944830981274], [27.944177924668736, 39.58944830981274], [27.944177924668736, 39.58998729898321], [27.943638935498257, 39.58998729898321], [27.943638935498257, 39.59052628815368], [27.942560957157326, 39.59052628815368], [27.942560957157326, 39.58998729898321], [27.942021967986847, 39.58998729898321], [27.942021967986847, 39.59052628815368], [27.940943989645916, 39.59052628815368], [27.940943989645916, 39.58944830981274], [27.940405000475437, 39.58944830981274], [27.940405000475437, 39.588909320642266], [27.939327022134506, 39.588909320642266], [27.939327022134506, 39.58837033147179]]]}, "id": "+385797+82397", "properties": {"area_ha": 3.875268106494194, "count": 14, "label": 1, "mean_dnbr": 0.21246693216105433}}, {"type": "Feature", "geometry": {"geodesic": false, "type": "Polygon", "coordinates": [[[27.939866011304957, 39.64226924851897], [27.941482978816396, 39.64226924851897], [27.941482978816396, 39.64280823768944], [27.940405000475437, 39.64280823768944], [27.940405000475437, 39.64334722685991], [27.939866011304957, 39.64334722685991], [27.939866011304957, 39.64388621603038], [27.938788032964027, 39.64388621603038], [27.938788032964027, 39.644425205200854], [27.936093087111658, 39.644425205200854], [27.936093087111658, 39.64388621603038], [27.938788032964027, 39.64388621603038], [27.938788032964027, 39.64334722685991], [27.939327022134506, 39.64334722685991], [27.939327022134506, 39.64280823768944], [27.939866011304957, 39.64280823768944], [27.939866011304957, 39.64226924851897]]]}, "id": "+385798+82297", "properties": {"area_ha": 3.3190922226067343, "count": 12, "label": 1, "mean_dnbr": 0.292305301253873}}, {"type": "Feature", "geometry": {"geodesic": false, "type": "Polygon", "coordinates": [[[27.941482978816396, 39.60076708239264], [27.942021967986847, 39.60076708239264], [27.942021967986847, 39.601306071563116], [27.942560957157326, 39.601306071563116], [27.942560957157326, 39.603462028245005], [27.943638935498257, 39.603462028245005], [27.943638935498257, 39.60400101741548], [27.942021967986847, 39.60400101741548], [27.942021967986847, 39.60454000658595], [27.940943989645916, 39.60454000658595], [27.940943989645916, 39.60400101741548], [27.941482978816396, 39.60400101741548], [27.941482978816396, 39.603462028245005], [27.942021967986847, 39.603462028245005], [27.942021967986847, 39.60292303907453], [27.941482978816396, 39.60292303907453], [27.941482978816396, 39.60238404990406], [27.940943989645916, 39.60238404990406], [27.940943989645916, 39.601306071563116], [27.941482978816396, 39.601306071563116], [27.941482978816396, 39.60076708239264]]]}, "id": "+385799+82374", "properties": {"area_ha": 4.428065840827499, "count": 16, "label": 1, "mean_dnbr": 0.30003255986776767}}, {"type": "Feature", "geometry": {"geodesic": false, "type": "Polygon", "coordinates": [[[27.942560957157326, 39.58298043976708], [27.943099946327806, 39.58298043976708], [27.943099946327806, 39.58351942893755], [27.943638935498257, 39.58351942893755], [27.943638935498257, 39.584597407278494], [27.943099946327806, 39.584597407278494], [27.943099946327806, 39.58621437478991], [27.943638935498257, 39.58621437478991], [27.943638935498257, 39.58675336396038], [27.944177924668736, 39.58675336396038], [27.944177924668736, 39.587292353130856], [27.942560957157326, 39.587292353130856], [27.942560957157326, 39.58783134230133], [27.940943989645916, 39.58783134230133], [27.940943989645916, 39.58675336396038], [27.941482978816396, 39.58675336396038], [27.941482978816396, 39.585136396448966], [27.942021967986847, 39.585136396448966], [27.942021967986847, 39.58351942893755], [27.942560957157326, 39.58351942893755], [27.942560957157326, 39.58298043976708]], [[27.943099946327806, 39.58621437478991], [27.943099946327806, 39.58675336396038], [27.942560957157326, 39.58675336396038], [27.942560957157326, 39.58621437478991], [27.943099946327806, 39.58621437478991]]]}, "id": "+385801+82407", "properties": {"area_ha": 7.474194750204732, "count": 27, "label": 1, "mean_dnbr": 0.32157124440261275}}, {"type": "Feature", "geometry": {"geodesic": false, "type": "Polygon", "coordinates": [[[27.944177924668736, 39.59052628815368], [27.944716913839216, 39.59052628815368], [27.944716913839216, 39.591065277324155], [27.945255903009695, 39.591065277324155], [27.945255903009695, 39.5921432556651], [27.945794892180146, 39.5921432556651], [27.945794892180146, 39.593221234006045], [27.945255903009695, 39.593221234006045], [27.945255903009695, 39.59376022317652], [27.944716913839216, 39.59376022317652], [27.944716913839216, 39.594838201517454], [27.942560957157326, 39.594838201517454], [27.942560957157326, 39.59537719068793], [27.940943989645916, 39.59537719068793], [27.940943989645916, 39.594838201517454], [27.941482978816396, 39.594838201517454], [27.941482978816396, 39.59376022317652], [27.942021967986847, 39.59376022317652], [27.942021967986847, 39.593221234006045], [27.942560957157326, 39.593221234006045], [27.942560957157326, 39.59268224483557], [27.943638935498257, 39.59268224483557], [27.943638935498257, 39.593221234006045], [27.944716913839216, 39.593221234006045], [27.944716913839216, 39.59160426649463], [27.944177924668736, 39.59160426649463], [27.944177924668736, 39.5921432556651], [27.943638935498257, 39.5921432556651], [27.943638935498257, 39.59160426649463], [27.944177924668736, 39.59160426649463], [27.944177924668736, 39.59052628815368]]]}, "id": "+385804+82393", "properties": {"area_ha": 8.857318813585714, "count": 32, "label": 1, "mean_dnbr": 0.44939531434788893}}, {"type": "Feature", "geometry": {"geodesic": false, "type": "Polygon", "coordinates": [[[27.946872870521105, 39.6492761077351], [27.947950848862035, 39.6492761077351], [27.947950848862035, 39.650893075246515], [27.949567816373445, 39.650893075246515], [27.949567816373445, 39.65143206441699], [27.949028827202994, 39.65143206441699], [27.949028827202994, 39.65251004275793], [27.948489838032515, 39.65251004275793], [27.948489838032515, 39.65197105358746], [27.947950848862035, 39.65197105358746], [27.947950848862035, 39.65143206441699], [27.947411859691584, 39.65143206441699], [27.947411859691584, 39.64981509690557], [27.946872870521105, 39.64981509690557], [27.946872870521105, 39.6492761077351]]]}, "id": "+385810+82284", "properties": {"area_ha": 3.042172007078628, "count": 11, "label": 1, "mean_dnbr": 0.2605999802229811}}, {"type": "Feature", "geometry": {"geodesic": false, "type": "Polygon", "coordinates": [[[27.945255903009695, 39.5711226780167], [27.948489838032515, 39.5711226780167], [27.948489838032515, 39.572200656357644], [27.945794892180146, 39.572200656357644], [27.945794892180146, 39.57166166718717], [27.945255903009695, 39.57166166718717], [27.945255903009695, 39.5711226780167]]]}, "id": "+385811+82429", "properties": {"area_ha": 3.045651379282976, "count": 11, "label": 1, "mean_dnbr": 0.37750282082766046}}, {"type": "Feature", "geometry": {"geodesic": false, "type": "Polygon", "coordinates": [[[27.948489838032515, 39.59268224483557], [27.949567816373445, 39.59268224483557], [27.949567816373445, 39.593221234006045], [27.949028827202994, 39.593221234006045], [27.949028827202994, 39.59376022317652], [27.950645794714404, 39.59376022317652], [27.950645794714404, 39.594838201517454], [27.950106805543925, 39.594838201517454], [27.950106805543925, 39.5959161798584], [27.949567816373445, 39.5959161798584], [27.949567816373445, 39.596994158199344], [27.950106805543925, 39.596994158199344], [27.950106805543925, 39.597533147369816], [27.950645794714404, 39.597533147369816], [27.950645794714404, 39.59807213654029], [27.951184783884884, 39.59807213654029], [27.951184783884884, 39.59861112571076], [27.950645794714404, 39.59861112571076], [27.950645794714404, 39.59915011488123], [27.951723773055335, 39.59915011488123], [27.951723773055335, 39.59861112571076], [27.952262762225814, 39.59861112571076], [27.952262762225814, 39.59915011488123], [27.954418718907704, 39.59915011488123], [27.954418718907704, 39.599689104051706], [27.954957708078183, 39.599689104051706], [27.954957708078183, 39.60022809322218], [27.955496697248634, 39.60022809322218], [27.955496697248634, 39.60184506073359], [27.954957708078183, 39.60184506073359], [27.954957708078183, 39.601306071563116], [27.953879729737224, 39.601306071563116], [27.953879729737224, 39.60022809322218], [27.952262762225814, 39.60022809322218], [27.952262762225814, 39.599689104051706], [27.951184783884884, 39.599689104051706], [27.951184783884884, 39.60022809322218], [27.950106805543925, 39.60022809322218], [27.950106805543925, 39.59861112571076], [27.949567816373445, 39.59861112571076], [27.949567816373445, 39.59807213654029], [27.947950848862035, 39.59807213654029], [27.947950848862035, 39.597533147369816], [27.945255903009695, 39.597533147369816], [27.945255903009695, 39.596994158199344], [27.947950848862035, 39.596994158199344], [27.947950848862035, 39.597533147369816], [27.949028827202994, 39.597533147369816], [27.949028827202994, 39.596994158199344], [27.948489838032515, 39.596994158199344], [27.948489838032515, 39.5959161798584], [27.949028827202994, 39.5959161798584], [27.949028827202994, 39.59537719068793], [27.948489838032515, 39.59537719068793], [27.948489838032515, 39.594838201517454], [27.947950848862035, 39.594838201517454], [27.947950848862035, 39.59376022317652], [27.948489838032515, 39.59376022317652], [27.948489838032515, 39.59268224483557]]]}, "id": "+385813+82389", "properties": {"area_ha": 16.883263449090336, "count": 61, "label": 1, "mean_dnbr": 0.3424540263637717}}, {"type": "Feature", "geometry": {"geodesic": false, "type": "Polygon", "coordinates": [[[27.950645794714404, 39.58837033147179], [27.951184783884884, 39.58837033147179], [27.951184783884884, 39.58998729898321], [27.951723773055335, 39.58998729898321], [27.951723773055335, 39.59052628815368], [27.952262762225814, 39.59052628815368], [27.952262762225814, 39.58998729898321], [27.952801751396294, 39.58998729898321], [27.952801751396294, 39.58944830981274], [27.954957708078183, 39.58944830981274], [27.954957708078183, 39.588909320642266], [27.955496697248634, 39.588909320642266], [27.955496697248634, 39.58944830981274], [27.957113664760072, 39.58944830981274], [27.957113664760072, 39.588909320642266], [27.957652653930523, 39.588909320642266], [27.957652653930523, 39.58944830981274], [27.958191643101003, 39.58944830981274], [27.958191643101003, 39.58998729898321], [27.958730632271482, 39.58998729898321], [27.958730632271482, 39.59052628815368], [27.956035686419114, 39.59052628815368], [27.956035686419114, 39.58998729898321], [27.953879729737224, 39.58998729898321], [27.953879729737224, 39.59052628815368], [27.952801751396294, 39.59052628815368], [27.952801751396294, 39.591065277324155], [27.951184783884884, 39.591065277324155], [27.951184783884884, 39.59052628815368], [27.950645794714404, 39.59052628815368], [27.950645794714404, 39.58998729898321], [27.950106805543925, 39.58998729898321], [27.950106805543925, 39.58944830981274], [27.950645794714404, 39.58944830981274], [27.950645794714404, 39.58837033147179]]]}, "id": "+385816+82397", "properties": {"area_ha": 8.027365118438304, "count": 29, "label": 1, "mean_dnbr": 0.2807514054708221}}, {"type": "Feature", "geometry": {"geodesic": false, "type": "Polygon", "coordinates": [[[27.951723773055335, 39.59160426649463], [27.952801751396294, 39.59160426649463], [27.952801751396294, 39.59268224483557], [27.953340740566773, 39.59268224483557], [27.953340740566773, 39.593221234006045], [27.953879729737224, 39.593221234006045], [27.953879729737224, 39.59268224483557], [27.954957708078183, 39.59268224483557], [27.954957708078183, 39.59376022317652], [27.956035686419114, 39.59376022317652], [27.956035686419114, 39.593221234006045], [27.956574675589593, 39.593221234006045], [27.956574675589593, 39.59376022317652], [27.957113664760072, 39.59376022317652], [27.957113664760072, 39.593221234006045], [27.958191643101003, 39.593221234006045], [27.958191643101003, 39.59376022317652], [27.957113664760072, 39.59376022317652], [27.957113664760072, 39.59429921234699], [27.956035686419114, 39.59429921234699], [27.956035686419114, 39.594838201517454], [27.954957708078183, 39.594838201517454], [27.954957708078183, 39.59376022317652], [27.953879729737224, 39.59376022317652], [27.953879729737224, 39.59429921234699], [27.951723773055335, 39.59429921234699], [27.951723773055335, 39.593221234006045], [27.952262762225814, 39.593221234006045], [27.952262762225814, 39.59268224483557], [27.951723773055335, 39.59268224483557], [27.951723773055335, 39.59160426649463]]]}, "id": "+385819+82391", "properties": {"area_ha": 7.473366977145441, "count": 27, "label": 1, "mean_dnbr": 0.38424124373937396}}, {"type": "Feature", "geometry": {"geodesic": false, "type": "Polygon", "coordinates": [[[27.950645794714404, 39.56950571050529], [27.953340740566773, 39.56950571050529], [27.953340740566773, 39.57004469967576], [27.953879729737224, 39.57004469967576], [27.953879729737224, 39.5711226780167], [27.954418718907704, 39.5711226780167], [27.954418718907704, 39.57166166718717], [27.952262762225814, 39.57166166718717], [27.952262762225814, 39.5711226780167], [27.953340740566773, 39.5711226780167], [27.953340740566773, 39.57058368884623], [27.951184783884884, 39.57058368884623], [27.951184783884884, 39.5711226780167], [27.950645794714404, 39.5711226780167], [27.950645794714404, 39.56950571050529]]]}, "id": "+385820+82432", "properties": {"area_ha": 4.707009010121063, "count": 17, "label": 1, "mean_dnbr": 0.44303174103390613}}, {"type": "Feature", "geometry": {"geodesic": false, "type": "Polygon", "coordinates": [[[27.952262762225814, 39.609929898290666], [27.953879729737224, 39.609929898290666], [27.953879729737224, 39.61046888746114], [27.952801751396294, 39.61046888746114], [27.952801751396294, 39.61100787663161], [27.953340740566773, 39.61100787663161], [27.953340740566773, 39.61154686580208], [27.953879729737224, 39.61154686580208], [27.953879729737224, 39.612085854972555], [27.952801751396294, 39.612085854972555], [27.952801751396294, 39.61262484414302], [27.952262762225814, 39.61262484414302], [27.952262762225814, 39.61316383331349], [27.951184783884884, 39.61316383331349], [27.951184783884884, 39.61100787663161], [27.952262762225814, 39.61100787663161], [27.952262762225814, 39.609929898290666]], [[27.952262762225814, 39.612085854972555], [27.952262762225814, 39.61262484414302], [27.951723773055335, 39.61262484414302], [27.951723773055335, 39.612085854972555], [27.952262762225814, 39.612085854972555]]]}, "id": "+385821+82357", "properties": {"area_ha": 4.704219656010723, "count": 17, "label": 1, "mean_dnbr": 0.2995040361002741}}, {"type": "Feature", "geometry": {"geodesic": false, "type": "Polygon", "coordinates": [[[27.954957708078183, 39.585136396448966], [27.955496697248634, 39.585136396448966], [27.955496697248634, 39.58567538561944], [27.956035686419114, 39.58567538561944], [27.956035686419114, 39.58621437478991], [27.959808610612413, 39.58621437478991], [27.959808610612413, 39.587292353130856], [27.955496697248634, 39.587292353130856], [27.955496697248634, 39.58675336396038], [27.956035686419114, 39.58675336396038], [27.956035686419114, 39.58621437478991], [27.954957708078183, 39.58621437478991], [27.954957708078183, 39.585136396448966]]]}, "id": "+385824+82403", "properties": {"area_ha": 4.982751343667859, "count": 18, "label": 1, "mean_dnbr": 0.39556170487758635}}, {"type": "Feature", "geometry": {"geodesic": false, "type": "Polygon", "coordinates": [[[27.953340740566773, 39.574356613039534], [27.956035686419114, 39.574356613039534], [27.956035686419114, 39.57543459138048], [27.957652653930523, 39.57543459138048], [27.957652653930523, 39.57597358055095], [27.957113664760072, 39.57597358055095], [27.957113664760072, 39.576512569721416], [27.956574675589593, 39.576512569721416], [27.956574675589593, 39.57705155889189], [27.957113664760072, 39.57705155889189], [27.957113664760072, 39.57759054806236], [27.957652653930523, 39.57759054806236], [27.957652653930523, 39.57812953723283], [27.957113664760072, 39.57812953723283], [27.957113664760072, 39.57920751557378], [27.957652653930523, 39.57920751557378], [27.957652653930523, 39.58028549391472], [27.958191643101003, 39.58028549391472], [27.958191643101003, 39.57974650474425], [27.958730632271482, 39.57974650474425], [27.958730632271482, 39.580824483085195], [27.958191643101003, 39.580824483085195], [27.958191643101003, 39.58136347225567], [27.957652653930523, 39.58136347225567], [27.957652653930523, 39.58190246142614], [27.954418718907704, 39.58190246142614], [27.954418718907704, 39.58136347225567], [27.955496697248634, 39.58136347225567], [27.955496697248634, 39.580824483085195], [27.956035686419114, 39.580824483085195], [27.956035686419114, 39.58028549391472], [27.955496697248634, 39.58028549391472], [27.955496697248634, 39.57974650474425], [27.954957708078183, 39.57974650474425], [27.954957708078183, 39.57920751557378], [27.955496697248634, 39.57920751557378], [27.955496697248634, 39.57812953723283], [27.953879729737224, 39.57812953723283], [27.953879729737224, 39.578668526403305], [27.954418718907704, 39.578668526403305], [27.954418718907704, 39.57974650474425], [27.953879729737224, 39.57974650474425], [27.953879729737224, 39.578668526403305], [27.951723773055335, 39.578668526403305], [27.951723773055335, 39.57920751557378], [27.952262762225814, 39.57920751557378], [27.952262762225814, 39.57974650474425], [27.951184783884884, 39.57974650474425], [27.951184783884884, 39.58028549391472], [27.951723773055335, 39.58028549391472], [27.951723773055335, 39.58298043976708], [27.949567816373445, 39.58298043976708], [27.949567816373445, 39.58351942893755], [27.950645794714404, 39.58351942893755], [27.950645794714404, 39.584597407278494], [27.950106805543925, 39.584597407278494], [27.950106805543925, 39.58405841810802], [27.949028827202994, 39.58405841810802], [27.949028827202994, 39.58298043976708], [27.948489838032515, 39.58298043976708], [27.948489838032515, 39.582441450596605], [27.947950848862035, 39.582441450596605], [27.947950848862035, 39.58190246142614], [27.946872870521105, 39.58190246142614], [27.946872870521105, 39.58136347225567], [27.946333881350625, 39.58136347225567], [27.946333881350625, 39.580824483085195], [27.944716913839216, 39.580824483085195], [27.944716913839216, 39.58028549391472], [27.943638935498257, 39.58028549391472], [27.943638935498257, 39.57974650474425], [27.942021967986847, 39.57974650474425], [27.942021967986847, 39.57920751557378], [27.941482978816396, 39.57920751557378], [27.941482978816396, 39.578668526403305], [27.943638935498257, 39.578668526403305], [27.943638935498257, 39.57812953723283], [27.944716913839216, 39.57812953723283], [27.944716913839216, 39.57759054806236], [27.947411859691584, 39.57759054806236], [27.947411859691584, 39.576512569721416], [27.950106805543925, 39.576512569721416], [27.950106805543925, 39.57543459138048], [27.953340740566773, 39.57543459138048], [27.953340740566773, 39.57597358055095], [27.953879729737224, 39.57597358055095], [27.953879729737224, 39.57543459138048], [27.954418718907704, 39.57543459138048], [27.954418718907704, 39.576512569721416], [27.954957708078183, 39.576512569721416], [27.954957708078183, 39.57705155889189], [27.956035686419114, 39.57705155889189], [27.956035686419114, 39.576512569721416], [27.955496697248634, 39.576512569721416], [27.955496697248634, 39.57597358055095], [27.956035686419114, 39.57597358055095], [27.956035686419114, 39.57543459138048], [27.954957708078183, 39.57543459138048], [27.954957708078183, 39.574895602210006], [27.953340740566773, 39.574895602210006], [27.953340740566773, 39.574356613039534]], [[27.949028827202994, 39.58136347225567], [27.949028827202994, 39.58190246142614], [27.947950848862035, 39.58190246142614], [27.947950848862035, 39.58136347225567], [27.949028827202994, 39.58136347225567]], [[27.957652653930523, 39.58028549391472], [27.957652653930523, 39.580824483085195], [27.957113664760072, 39.580824483085195], [27.957113664760072, 39.58028549391472], [27.957652653930523, 39.58028549391472]], [[27.953879729737224, 39.57759054806236], [27.953879729737224, 39.57812953723283], [27.953340740566773, 39.57812953723283], [27.953340740566773, 39.57759054806236], [27.953879729737224, 39.57759054806236]], [[27.950645794714404, 39.57705155889189], [27.950645794714404, 39.57759054806236], [27.951723773055335, 39.57759054806236], [27.951723773055335, 39.578668526403305], [27.950645794714404, 39.578668526403305], [27.950645794714404, 39.57812953723283], [27.950106805543925, 39.57812953723283], [27.950106805543925, 39.57705155889189], [27.950645794714404, 39.57705155889189]], [[27.952801751396294, 39.576512569721416], [27.952801751396294, 39.57759054806236], [27.951723773055335, 39.57759054806236], [27.951723773055335, 39.576512569721416], [27.952801751396294, 39.576512569721416]], [[27.953879729737224, 39.576512569721416], [27.953879729737224, 39.57705155889189], [27.953340740566773, 39.57705155889189], [27.953340740566773, 39.576512569721416], [27.953879729737224, 39.576512569721416]]]}, "id": "+385825+82423", "properties": {"area_ha": 62.29092711034848, "count": 225, "label": 1, "mean_dnbr": 0.4923142643728999}}, {"type": "Feature", "geometry": {"geodesic": false, "type": "Polygon", "coordinates": [[[27.954418718907704, 39.61855372501821], [27.957113664760072, 39.61855372501821], [27.957113664760072, 39.61909271418868], [27.956574675589593, 39.61909271418868], [27.956574675589593, 39.6207096817001], [27.956035686419114, 39.6207096817001], [27.956035686419114, 39.62124867087057], [27.954957708078183, 39.62124867087057], [27.954957708078183, 39.6207096817001], [27.954418718907704, 39.6207096817001], [27.954418718907704, 39.62124867087057], [27.953340740566773, 39.62124867087057], [27.953340740566773, 39.6207096817001], [27.954418718907704, 39.6207096817001], [27.954418718907704, 39.620170692529626], [27.953340740566773, 39.620170692529626], [27.953340740566773, 39.619631703359154], [27.954418718907704, 39.619631703359154], [27.954418718907704, 39.61855372501821]]]}, "id": "+385827+82341", "properties": {"area_ha": 6.363756840628931, "count": 23, "label": 1, "mean_dnbr": 0.3570608678421935}}, {"type": "Feature", "geometry": {"geodesic": false, "type": "Polygon", "coordinates": [[[27.96088658895337, 39.57381762386906], [27.96304254563526, 39.57381762386906], [27.96304254563526, 39.57705155889189], [27.96412052397619, 39.57705155889189], [27.96412052397619, 39.57812953723283], [27.96519850231715, 39.57812953723283], [27.96519850231715, 39.578668526403305], [27.963581534805712, 39.578668526403305], [27.963581534805712, 39.58136347225567], [27.96412052397619, 39.58136347225567], [27.96412052397619, 39.58190246142614], [27.96250355646478, 39.58190246142614], [27.96250355646478, 39.582441450596605], [27.961425578123823, 39.582441450596605], [27.961425578123823, 39.58405841810802], [27.96304254563526, 39.58405841810802], [27.96304254563526, 39.58567538561944], [27.96088658895337, 39.58567538561944], [27.96088658895337, 39.584597407278494], [27.960347599782892, 39.584597407278494], [27.960347599782892, 39.585136396448966], [27.959808610612413, 39.585136396448966], [27.959808610612413, 39.58567538561944], [27.959269621441962, 39.58567538561944], [27.959269621441962, 39.585136396448966], [27.958730632271482, 39.585136396448966], [27.958730632271482, 39.584597407278494], [27.959269621441962, 39.584597407278494], [27.959269621441962, 39.58405841810802], [27.957652653930523, 39.58405841810802], [27.957652653930523, 39.585136396448966], [27.957113664760072, 39.585136396448966], [27.957113664760072, 39.58405841810802], [27.957652653930523, 39.58405841810802], [27.957652653930523, 39.582441450596605], [27.958730632271482, 39.582441450596605], [27.958730632271482, 39.58298043976708], [27.958191643101003, 39.58298043976708], [27.958191643101003, 39.58351942893755], [27.959269621441962, 39.58351942893755], [27.959269621441962, 39.58028549391472], [27.960347599782892, 39.58028549391472], [27.960347599782892, 39.57920751557378], [27.959269621441962, 39.57920751557378], [27.959269621441962, 39.578668526403305], [27.960347599782892, 39.578668526403305], [27.960347599782892, 39.57920751557378], [27.96088658895337, 39.57920751557378], [27.96088658895337, 39.57974650474425], [27.96250355646478, 39.57974650474425], [27.96250355646478, 39.57920751557378], [27.961964567294302, 39.57920751557378], [27.961964567294302, 39.57812953723283], [27.960347599782892, 39.57812953723283], [27.960347599782892, 39.57759054806236], [27.959808610612413, 39.57759054806236], [27.959808610612413, 39.57705155889189], [27.960347599782892, 39.57705155889189], [27.960347599782892, 39.57759054806236], [27.96250355646478, 39.57759054806236], [27.96250355646478, 39.57705155889189], [27.96088658895337, 39.57705155889189], [27.96088658895337, 39.57597358055095], [27.96250355646478, 39.57597358055095], [27.96250355646478, 39.574895602210006], [27.96088658895337, 39.574895602210006], [27.96088658895337, 39.57381762386906]], [[27.961425578123823, 39.58136347225567], [27.961425578123823, 39.582441450596605], [27.96088658895337, 39.582441450596605], [27.96088658895337, 39.58136347225567], [27.961425578123823, 39.58136347225567]]]}, "id": "+385838+82424", "properties": {"area_ha": 32.390558768613786, "count": 117, "label": 1, "mean_dnbr": 0.37604081507570697}}, {"type": "Feature", "geometry": {"geodesic": false, "type": "Polygon", "coordinates": [[[27.96250355646478, 39.619631703359154], [27.963581534805712, 39.619631703359154], [27.963581534805712, 39.620170692529626], [27.96412052397619, 39.620170692529626], [27.96412052397619, 39.6207096817001], [27.96519850231715, 39.6207096817001], [27.96519850231715, 39.62124867087057], [27.963581534805712, 39.62124867087057], [27.963581534805712, 39.62178766004104], [27.96519850231715, 39.62178766004104], [27.96519850231715, 39.622326649211516], [27.96250355646478, 39.622326649211516], [27.96250355646478, 39.62286563838199], [27.959808610612413, 39.62286563838199], [27.959808610612413, 39.622326649211516], [27.960347599782892, 39.622326649211516], [27.960347599782892, 39.62178766004104], [27.96304254563526, 39.62178766004104], [27.96304254563526, 39.62124867087057], [27.96250355646478, 39.62124867087057], [27.96250355646478, 39.619631703359154]]]}, "id": "+385839+82339", "properties": {"area_ha": 6.916981121979487, "count": 25, "label": 1, "mean_dnbr": 0.4085412273751005}}, {"type": "Feature", "geometry": {"geodesic": false, "type": "Polygon", "coordinates": [[[27.961964567294302, 39.59052628815368], [27.963581534805712, 39.59052628815368], [27.963581534805712, 39.591065277324155], [27.96304254563526, 39.591065277324155], [27.96304254563526, 39.5921432556651], [27.963581534805712, 39.5921432556651], [27.963581534805712, 39.59268224483557], [27.96412052397619, 39.59268224483557], [27.96412052397619, 39.593221234006045], [27.96465951314667, 39.593221234006045], [27.96465951314667, 39.5921432556651], [27.96519850231715, 39.5921432556651], [27.96519850231715, 39.59268224483557], [27.96627648065808, 39.59268224483557], [27.96627648065808, 39.5921432556651], [27.96681546982856, 39.5921432556651], [27.96681546982856, 39.59160426649463], [27.96735445899901, 39.59160426649463], [27.96735445899901, 39.59268224483557], [27.96681546982856, 39.59268224483557], [27.96681546982856, 39.593221234006045], [27.96465951314667, 39.593221234006045], [27.96465951314667, 39.59429921234699], [27.96519850231715, 39.59429921234699], [27.96519850231715, 39.594838201517454], [27.96412052397619, 39.594838201517454], [27.96412052397619, 39.593221234006045], [27.96304254563526, 39.593221234006045], [27.96304254563526, 39.59268224483557], [27.961425578123823, 39.59268224483557], [27.961425578123823, 39.593221234006045], [27.96088658895337, 39.593221234006045], [27.96088658895337, 39.59268224483557], [27.961425578123823, 39.59268224483557], [27.961425578123823, 39.5921432556651], [27.961964567294302, 39.5921432556651], [27.961964567294302, 39.59052628815368]]]}, "id": "+385839+82393", "properties": {"area_ha": 7.196675705521675, "count": 26, "label": 1, "mean_dnbr": 0.3315519562094836}}, {"type": "Feature", "geometry": {"geodesic": false, "type": "Polygon", "coordinates": [[[27.96412052397619, 39.61316383331349], [27.96519850231715, 39.61316383331349], [27.96519850231715, 39.613702822483965], [27.9657374914876, 39.613702822483965], [27.9657374914876, 39.61424181165444], [27.96627648065808, 39.61424181165444], [27.96627648065808, 39.61531978999538], [27.96412052397619, 39.61531978999538], [27.96412052397619, 39.61316383331349]]]}, "id": "+385842+82351", "properties": {"area_ha": 3.5972027711244356, "count": 13, "label": 1, "mean_dnbr": 0.33664049428825926}}, {"type": "Feature", "geometry": {"geodesic": false, "type": "Polygon", "coordinates": [[[27.96412052397619, 39.60184506073359], [27.96627648065808, 39.60184506073359], [27.96627648065808, 39.60238404990406], [27.96519850231715, 39.60238404990406], [27.96519850231715, 39.60400101741548], [27.96465951314667, 39.60400101741548], [27.96465951314667, 39.603462028245005], [27.96412052397619, 39.603462028245005], [27.96412052397619, 39.60400101741548], [27.96250355646478, 39.60400101741548], [27.96250355646478, 39.603462028245005], [27.96304254563526, 39.603462028245005], [27.96304254563526, 39.60292303907453], [27.96412052397619, 39.60292303907453], [27.96412052397619, 39.60184506073359]]]}, "id": "+385844+82372", "properties": {"area_ha": 3.8745399596385024, "count": 14, "label": 1, "mean_dnbr": 0.29361317350255034}}, {"type": "Feature", "geometry": {"geodesic": false, "type": "Polygon", "coordinates": [[[27.96627648065808, 39.628255530086705], [27.96789344816949, 39.628255530086705], [27.96789344816949, 39.62879451925718], [27.96843243733997, 39.62879451925718], [27.96843243733997, 39.62933350842765], [27.96897142651045, 39.62933350842765], [27.96897142651045, 39.62879451925718], [27.97004940485138, 39.62879451925718], [27.97004940485138, 39.62987249759812], [27.96897142651045, 39.62987249759812], [27.96897142651045, 39.630411486768594], [27.9657374914876, 39.630411486768594], [27.9657374914876, 39.62933350842765], [27.96627648065808, 39.62933350842765], [27.96627648065808, 39.628255530086705]]]}, "id": "+385847+82323", "properties": {"area_ha": 6.362905228567093, "count": 23, "label": 1, "mean_dnbr": 0.38926738791103477}}, {"type": "Feature", "geometry": {"geodesic": false, "type": "Polygon", "coordinates": [[[27.96519850231715, 39.580824483085195], [27.96789344816949, 39.580824483085195], [27.96789344816949, 39.582441450596605], [27.9657374914876, 39.582441450596605], [27.9657374914876, 39.58298043976708], [27.96519850231715, 39.58298043976708], [27.96519850231715, 39.582441450596605], [27.96465951314667, 39.582441450596605], [27.96465951314667, 39.58298043976708], [27.963581534805712, 39.58298043976708], [27.963581534805712, 39.582441450596605], [27.96465951314667, 39.582441450596605], [27.96465951314667, 39.58190246142614], [27.96519850231715, 39.58190246142614], [27.96519850231715, 39.580824483085195]]]}, "id": "+385847+82411", "properties": {"area_ha": 5.259907100689824, "count": 19, "label": 1, "mean_dnbr": 0.3128861847919823}}, {"type": "Feature", "geometry": {"geodesic": false, "type": "Polygon", "coordinates": [[[27.96735445899901, 39.66059488031501], [27.96843243733997, 39.66059488031501], [27.96843243733997, 39.66167285865595], [27.96897142651045, 39.66167285865595], [27.96897142651045, 39.66275083699689], [27.96843243733997, 39.66275083699689], [27.96843243733997, 39.66167285865595], [27.96789344816949, 39.66167285865595], [27.96789344816949, 39.66382881533784], [27.96681546982856, 39.66382881533784], [27.96681546982856, 39.66490679367878], [27.9657374914876, 39.66490679367878], [27.9657374914876, 39.66382881533784], [27.96519850231715, 39.66382881533784], [27.96519850231715, 39.663289826167365], [27.96465951314667, 39.663289826167365], [27.96465951314667, 39.66275083699689], [27.96519850231715, 39.66275083699689], [27.96519850231715, 39.66221184782642], [27.9657374914876, 39.66221184782642], [27.9657374914876, 39.66167285865595], [27.96681546982856, 39.66167285865595], [27.96681546982856, 39.66275083699689], [27.96735445899901, 39.66275083699689], [27.96735445899901, 39.66059488031501]]]}, "id": "+385848+82263", "properties": {"area_ha": 7.742388762495726, "count": 28, "label": 1, "mean_dnbr": 0.33567934134237326}}, {"type": "Feature", "geometry": {"geodesic": false, "type": "Polygon", "coordinates": [[[27.96681546982856, 39.62178766004104], [27.97058839402186, 39.62178766004104], [27.97058839402186, 39.622326649211516], [27.97004940485138, 39.622326649211516], [27.97004940485138, 39.62286563838199], [27.96897142651045, 39.62286563838199], [27.96897142651045, 39.62340462755246], [27.9695104156809, 39.62340462755246], [27.9695104156809, 39.6244826058934], [27.96843243733997, 39.6244826058934], [27.96843243733997, 39.622326649211516], [27.96681546982856, 39.622326649211516], [27.96681546982856, 39.62178766004104]]]}, "id": "+385852+82335", "properties": {"area_ha": 4.150079095500058, "count": 15, "label": 1, "mean_dnbr": 0.2706402052713848}}, {"type": "Feature", "geometry": {"geodesic": false, "type": "Polygon", "coordinates": [[[27.9695104156809, 39.60076708239264], [27.97112738319234, 39.60076708239264], [27.97112738319234, 39.60184506073359], [27.97220536153327, 39.60184506073359], [27.97220536153327, 39.60238404990406], [27.97274435070375, 39.60238404990406], [27.97274435070375, 39.60292303907453], [27.97220536153327, 39.60292303907453], [27.97220536153327, 39.603462028245005], [27.97166637236279, 39.603462028245005], [27.97166637236279, 39.60292303907453], [27.97004940485138, 39.60292303907453], [27.97004940485138, 39.60238404990406], [27.9695104156809, 39.60238404990406], [27.9695104156809, 39.60076708239264]]]}, "id": "+385853+82374", "properties": {"area_ha": 4.704864390956984, "count": 17, "label": 1, "mean_dnbr": 0.44659000589804293}}, {"type": "Feature", "geometry": {"geodesic": false, "type": "Polygon", "coordinates": [[[27.97112738319234, 39.57327863469859], [27.97220536153327, 39.57327863469859], [27.97220536153327, 39.574895602210006], [27.9732833398742, 39.574895602210006], [27.9732833398742, 39.57543459138048], [27.97274435070375, 39.57543459138048], [27.97274435070375, 39.57597358055095], [27.97220536153327, 39.57597358055095], [27.97220536153327, 39.57543459138048], [27.97166637236279, 39.57543459138048], [27.97166637236279, 39.574895602210006], [27.97058839402186, 39.574895602210006], [27.97058839402186, 39.57381762386906], [27.97112738319234, 39.57381762386906], [27.97112738319234, 39.57327863469859]]]}, "id": "+385855+82425", "properties": {"area_ha": 3.3223996597458942, "count": 12, "label": 1, "mean_dnbr": 0.262757435541267}}, {"type": "Feature", "geometry": {"geodesic": false, "type": "Polygon", "coordinates": [[[27.97220536153327, 39.62340462755246], [27.9732833398742, 39.62340462755246], [27.9732833398742, 39.6244826058934], [27.97382232904468, 39.6244826058934], [27.97382232904468, 39.626099573404815], [27.97436131821516, 39.626099573404815], [27.97436131821516, 39.62663856257529], [27.97490030738564, 39.62663856257529], [27.97490030738564, 39.62717755174576], [27.9732833398742, 39.62717755174576], [27.9732833398742, 39.62663856257529], [27.97274435070375, 39.62663856257529], [27.97274435070375, 39.62502159506387], [27.9732833398742, 39.62502159506387], [27.9732833398742, 39.6244826058934], [27.97112738319234, 39.6244826058934], [27.97112738319234, 39.62394361672293], [27.97220536153327, 39.62394361672293], [27.97220536153327, 39.62340462755246]]]}, "id": "+385857+82332", "properties": {"area_ha": 4.703289158162675, "count": 17, "label": 1, "mean_dnbr": 0.3584618866501911}}, {"type": "Feature", "geometry": {"geodesic": false, "type": "Polygon", "coordinates": [[[27.97436131821516, 39.58621437478991], [27.97490030738564, 39.58621437478991], [27.97490030738564, 39.58675336396038], [27.97543929655609, 39.58675336396038], [27.97543929655609, 39.587292353130856], [27.97597828572657, 39.587292353130856], [27.97597828572657, 39.58783134230133], [27.97490030738564, 39.58783134230133], [27.97490030738564, 39.58944830981274], [27.97436131821516, 39.58944830981274], [27.97436131821516, 39.58998729898321], [27.97274435070375, 39.58998729898321], [27.97274435070375, 39.59052628815368], [27.97543929655609, 39.59052628815368], [27.97543929655609, 39.58998729898321], [27.977056264067528, 39.58998729898321], [27.977056264067528, 39.58944830981274], [27.978673231578938, 39.58944830981274], [27.978673231578938, 39.588909320642266], [27.97921222074939, 39.588909320642266], [27.97921222074939, 39.58837033147179], [27.97975120991987, 39.58837033147179], [27.97975120991987, 39.588909320642266], [27.980290199090348, 39.588909320642266], [27.980290199090348, 39.58944830981274], [27.978673231578938, 39.58944830981274], [27.978673231578938, 39.58998729898321], [27.97921222074939, 39.58998729898321], [27.97921222074939, 39.59052628815368], [27.97975120991987, 39.59052628815368], [27.97975120991987, 39.591065277324155], [27.978673231578938, 39.591065277324155], [27.978673231578938, 39.58998729898321], [27.977056264067528, 39.58998729898321], [27.977056264067528, 39.5921432556651], [27.97543929655609, 39.5921432556651], [27.97543929655609, 39.59268224483557], [27.97490030738564, 39.59268224483557], [27.97490030738564, 39.59376022317652], [27.97382232904468, 39.59376022317652], [27.97382232904468, 39.59537719068793], [27.97274435070375, 39.59537719068793], [27.97274435070375, 39.59429921234699], [27.97220536153327, 39.59429921234699], [27.97220536153327, 39.59376022317652], [27.97166637236279, 39.59376022317652], [27.97166637236279, 39.593221234006045], [27.97058839402186, 39.593221234006045], [27.97058839402186, 39.59268224483557], [27.97220536153327, 39.59268224483557], [27.97220536153327, 39.593221234006045], [27.97382232904468, 39.593221234006045], [27.97382232904468, 39.59268224483557], [27.9732833398742, 39.59268224483557], [27.9732833398742, 39.59160426649463], [27.97220536153327, 39.59160426649463], [27.97220536153327, 39.591065277324155], [27.97166637236279, 39.591065277324155], [27.97166637236279, 39.58998729898321], [27.97220536153327, 39.58998729898321], [27.97220536153327, 39.588909320642266], [27.97166637236279, 39.588909320642266], [27.97166637236279, 39.58783134230133], [27.97112738319234, 39.58783134230133], [27.97112738319234, 39.588909320642266], [27.97004940485138, 39.588909320642266], [27.97004940485138, 39.58783134230133], [27.97058839402186, 39.58783134230133], [27.97058839402186, 39.587292353130856], [27.97004940485138, 39.587292353130856], [27.97004940485138, 39.58675336396038], [27.97166637236279, 39.58675336396038], [27.97166637236279, 39.58783134230133], [27.97382232904468, 39.58783134230133], [27.97382232904468, 39.58675336396038], [27.97436131821516, 39.58675336396038], [27.97436131821516, 39.58621437478991]]]}, "id": "+385860+82401", "properties": {"area_ha": 27.957115816421517, "count": 101, "label": 1, "mean_dnbr": 0.42197607078005167}}, {"type": "Feature", "geometry": {"geodesic": false, "type": "Polygon", "coordinates": [[[27.97921222074939, 39.607234952438304], [27.97975120991987, 39.607234952438304], [27.97975120991987, 39.60777394160878], [27.982985144942717, 39.60777394160878], [27.982985144942717, 39.60831293077925], [27.983524134113168, 39.60831293077925], [27.983524134113168, 39.60885191994972], [27.982446155772237, 39.60885191994972], [27.982446155772237, 39.609390909120194], [27.981907166601758, 39.609390909120194], [27.981907166601758, 39.609929898290666], [27.980829188260827, 39.609929898290666], [27.980829188260827, 39.60831293077925], [27.97921222074939, 39.60831293077925], [27.97921222074939, 39.607234952438304]]]}, "id": "+385869+82362", "properties": {"area_ha": 4.981137718065759, "count": 18, "label": 1, "mean_dnbr": 0.423960889630014}}, {"type": "Feature", "geometry": {"geodesic": false, "type": "Polygon", "coordinates": [[[27.97975120991987, 39.62987249759812], [27.980829188260827, 39.62987249759812], [27.980829188260827, 39.63095047593906], [27.981907166601758, 39.63095047593906], [27.981907166601758, 39.63148946510953], [27.980829188260827, 39.63148946510953], [27.980829188260827, 39.632028454280004], [27.97975120991987, 39.632028454280004], [27.97975120991987, 39.63310643262095], [27.97813424240846, 39.63310643262095], [27.97813424240846, 39.63148946510953], [27.97759525323798, 39.63148946510953], [27.97759525323798, 39.63095047593906], [27.97921222074939, 39.63095047593906], [27.97921222074939, 39.63148946510953], [27.97975120991987, 39.63148946510953], [27.97975120991987, 39.62987249759812]]]}, "id": "+385871+82320", "properties": {"area_ha": 6.08605343220392, "count": 22, "label": 1, "mean_dnbr": 0.4076531036897604}}, {"type": "Feature", "geometry": {"geodesic": false, "type": "Polygon", "coordinates": [[[27.97975120991987, 39.6492761077351], [27.98136817743128, 39.6492761077351], [27.98136817743128, 39.65251004275793], [27.980290199090348, 39.65251004275793], [27.980290199090348, 39.65143206441699], [27.980829188260827, 39.65143206441699], [27.980829188260827, 39.65035408607604], [27.97975120991987, 39.65035408607604], [27.97975120991987, 39.6492761077351]]]}, "id": "+385872+82284", "properties": {"area_ha": 3.3187451070160794, "count": 12, "label": 1, "mean_dnbr": 0.22142137542981366}}, {"type": "Feature", "geometry": {"geodesic": false, "type": "Polygon", "coordinates": [[[27.982446155772237, 39.582441450596605], [27.984063123283647, 39.582441450596605], [27.984063123283647, 39.58298043976708], [27.985141101624578, 39.58298043976708], [27.985141101624578, 39.58351942893755], [27.985680090795057, 39.58351942893755], [27.985680090795057, 39.58405841810802], [27.984602112454127, 39.58405841810802], [27.984602112454127, 39.584597407278494], [27.982985144942717, 39.584597407278494], [27.982985144942717, 39.585136396448966], [27.983524134113168, 39.585136396448966], [27.983524134113168, 39.58567538561944], [27.982985144942717, 39.58567538561944], [27.982985144942717, 39.585136396448966], [27.980829188260827, 39.585136396448966], [27.980829188260827, 39.58567538561944], [27.980290199090348, 39.58567538561944], [27.980290199090348, 39.58621437478991], [27.980829188260827, 39.58621437478991], [27.980829188260827, 39.58675336396038], [27.981907166601758, 39.58675336396038], [27.981907166601758, 39.587292353130856], [27.980290199090348, 39.587292353130856], [27.980290199090348, 39.58675336396038], [27.97975120991987, 39.58675336396038], [27.97975120991987, 39.587292353130856], [27.97813424240846, 39.587292353130856], [27.97813424240846, 39.58675336396038], [27.978673231578938, 39.58675336396038], [27.978673231578938, 39.58621437478991], [27.97975120991987, 39.58621437478991], [27.97975120991987, 39.58567538561944], [27.97921222074939, 39.58567538561944], [27.97921222074939, 39.585136396448966], [27.978673231578938, 39.585136396448966], [27.978673231578938, 39.58567538561944], [27.97651727489705, 39.58567538561944], [27.97651727489705, 39.585136396448966], [27.97813424240846, 39.585136396448966], [27.97813424240846, 39.58405841810802], [27.97921222074939, 39.58405841810802], [27.97921222074939, 39.584597407278494], [27.97975120991987, 39.584597407278494], [27.97975120991987, 39.585136396448966], [27.980829188260827, 39.585136396448966], [27.980829188260827, 39.584597407278494], [27.981907166601758, 39.584597407278494], [27.981907166601758, 39.58405841810802], [27.98136817743128, 39.58405841810802], [27.98136817743128, 39.58351942893755], [27.981907166601758, 39.58351942893755], [27.981907166601758, 39.58405841810802], [27.982985144942717, 39.58405841810802], [27.982985144942717, 39.58351942893755], [27.982446155772237, 39.58351942893755], [27.982446155772237, 39.582441450596605]]]}, "id": "+385877+82408", "properties": {"area_ha": 13.010806577748811, "count": 47, "label": 1, "mean_dnbr": 0.29683868547646713}}, {"type": "Feature", "geometry": {"geodesic": false, "type": "Polygon", "coordinates": [[[27.983524134113168, 39.62286563838199], [27.985141101624578, 39.62286563838199], [27.985141101624578, 39.62556058423434], [27.984063123283647, 39.62556058423434], [27.984063123283647, 39.62502159506387], [27.983524134113168, 39.62502159506387], [27.983524134113168, 39.62556058423434], [27.982985144942717, 39.62556058423434], [27.982985144942717, 39.626099573404815], [27.982446155772237, 39.626099573404815], [27.982446155772237, 39.62394361672293], [27.981907166601758, 39.62394361672293], [27.981907166601758, 39.62340462755246], [27.98136817743128, 39.62340462755246], [27.98136817743128, 39.62286563838199], [27.981907166601758, 39.62286563838199], [27.981907166601758, 39.62340462755246], [27.983524134113168, 39.62340462755246], [27.983524134113168, 39.62286563838199]]]}, "id": "+385879+82333", "properties": {"area_ha": 6.916695725935721, "count": 25, "label": 1, "mean_dnbr": 0.4181784991018653}}, {"type": "Feature", "geometry": {"geodesic": false, "type": "Polygon", "coordinates": [[[27.983524134113168, 39.593221234006045], [27.985680090795057, 39.593221234006045], [27.985680090795057, 39.59376022317652], [27.984063123283647, 39.59376022317652], [27.984063123283647, 39.594838201517454], [27.985141101624578, 39.594838201517454], [27.985141101624578, 39.59537719068793], [27.983524134113168, 39.59537719068793], [27.983524134113168, 39.5959161798584], [27.982985144942717, 39.5959161798584], [27.982985144942717, 39.59537719068793], [27.982446155772237, 39.59537719068793], [27.982446155772237, 39.594838201517454], [27.982985144942717, 39.594838201517454], [27.982985144942717, 39.59376022317652], [27.983524134113168, 39.59376022317652], [27.983524134113168, 39.593221234006045]]]}, "id": "+385880+82388", "properties": {"area_ha": 3.875017866789629, "count": 14, "label": 1, "mean_dnbr": 0.35358424373688613}}, {"type": "Feature", "geometry": {"geodesic": false, "type": "Polygon", "coordinates": [[[27.985141101624578, 39.58837033147179], [27.985680090795057, 39.58837033147179], [27.985680090795057, 39.58944830981274], [27.983524134113168, 39.58944830981274], [27.983524134113168, 39.58998729898321], [27.982985144942717, 39.58998729898321], [27.982985144942717, 39.59052628815368], [27.984602112454127, 39.59052628815368], [27.984602112454127, 39.59160426649463], [27.983524134113168, 39.59160426649463], [27.983524134113168, 39.591065277324155], [27.982985144942717, 39.591065277324155], [27.982985144942717, 39.5921432556651], [27.982446155772237, 39.5921432556651], [27.982446155772237, 39.58998729898321], [27.981907166601758, 39.58998729898321], [27.981907166601758, 39.58837033147179], [27.984063123283647, 39.58837033147179], [27.984063123283647, 39.588909320642266], [27.985141101624578, 39.588909320642266], [27.985141101624578, 39.58837033147179]]]}, "id": "+385880+82397", "properties": {"area_ha": 6.643331815095589, "count": 24, "label": 1, "mean_dnbr": 0.4699399321343871}}, {"type": "Feature", "geometry": {"geodesic": false, "type": "Polygon", "coordinates": [[[27.988914025817905, 39.62340462755246], [27.989453014988356, 39.62340462755246], [27.989453014988356, 39.6244826058934], [27.988914025817905, 39.6244826058934], [27.988914025817905, 39.62502159506387], [27.986758069136016, 39.62502159506387], [27.986758069136016, 39.62394361672293], [27.987297058306467, 39.62394361672293], [27.987297058306467, 39.62340462755246], [27.988375036647426, 39.62340462755246], [27.988375036647426, 39.62394361672293], [27.988914025817905, 39.62394361672293], [27.988914025817905, 39.62340462755246]]]}, "id": "+385887+82332", "properties": {"area_ha": 3.3200217634698945, "count": 12, "label": 1, "mean_dnbr": 0.24872485860361013}}, {"type": "Feature", "geometry": {"geodesic": false, "type": "Polygon", "coordinates": [[[27.988914025817905, 39.57920751557378], [27.991069982499766, 39.57920751557378], [27.991069982499766, 39.57974650474425], [27.990530993329315, 39.57974650474425], [27.990530993329315, 39.58028549391472], [27.991608971670246, 39.58028549391472], [27.991608971670246, 39.57974650474425], [27.992147960840725, 39.57974650474425], [27.992147960840725, 39.58028549391472], [27.991608971670246, 39.58028549391472], [27.991608971670246, 39.580824483085195], [27.990530993329315, 39.580824483085195], [27.990530993329315, 39.58136347225567], [27.989992004158836, 39.58136347225567], [27.989992004158836, 39.580824483085195], [27.990530993329315, 39.580824483085195], [27.990530993329315, 39.58028549391472], [27.988914025817905, 39.58028549391472], [27.988914025817905, 39.57920751557378]]]}, "id": "+385890+82414", "properties": {"area_ha": 3.045289013405802, "count": 11, "label": 1, "mean_dnbr": 0.36778729540656235}}, {"type": "Feature", "geometry": {"geodesic": false, "type": "Polygon", "coordinates": [[[27.990530993329315, 39.61639776833633], [27.991608971670246, 39.61639776833633], [27.991608971670246, 39.61747574667727], [27.990530993329315, 39.61747574667727], [27.990530993329315, 39.61855372501821], [27.989992004158836, 39.61855372501821], [27.989992004158836, 39.61909271418868], [27.988914025817905, 39.61909271418868], [27.988914025817905, 39.618014735847744], [27.988375036647426, 39.618014735847744], [27.988375036647426, 39.61639776833633], [27.988914025817905, 39.61639776833633], [27.988914025817905, 39.618014735847744], [27.989453014988356, 39.618014735847744], [27.989453014988356, 39.61747574667727], [27.990530993329315, 39.61747574667727], [27.990530993329315, 39.61639776833633]]]}, "id": "+385891+82345", "properties": {"area_ha": 3.8737208433689827, "count": 14, "label": 1, "mean_dnbr": 0.34588205684869794}}, {"type": "Feature", "geometry": {"geodesic": false, "type": "Polygon", "coordinates": [[[27.994842906693094, 39.61100787663161], [27.996459874204504, 39.61100787663161], [27.996459874204504, 39.61154686580208], [27.997537852545435, 39.61154686580208], [27.997537852545435, 39.61262484414302], [27.994303917522615, 39.61262484414302], [27.994303917522615, 39.612085854972555], [27.996459874204504, 39.612085854972555], [27.996459874204504, 39.61154686580208], [27.994842906693094, 39.61154686580208], [27.994842906693094, 39.61100787663161]]]}, "id": "+385900+82355", "properties": {"area_ha": 3.0439039976245836, "count": 11, "label": 1, "mean_dnbr": 0.3381358477680018}}, {"type": "Feature", "geometry": {"geodesic": false, "type": "Polygon", "coordinates": [[[27.996459874204504, 39.630411486768594], [27.997537852545435, 39.630411486768594], [27.997537852545435, 39.63095047593906], [27.996998863374955, 39.63095047593906], [27.996998863374955, 39.632567443450476], [27.993764928352135, 39.632567443450476], [27.993764928352135, 39.632028454280004], [27.992686950011205, 39.632028454280004], [27.992686950011205, 39.63095047593906], [27.996459874204504, 39.63095047593906], [27.996459874204504, 39.630411486768594]]]}, "id": "+385902+82319", "properties": {"area_ha": 6.639311715573361, "count": 24, "label": 1, "mean_dnbr": 0.515499826054196}}, {"type": "Feature", "geometry": {"geodesic": false, "type": "Polygon", "coordinates": [[[27.995920885034025, 39.58837033147179], [27.998076841715914, 39.58837033147179], [27.998076841715914, 39.588909320642266], [27.998615830886393, 39.588909320642266], [27.998615830886393, 39.58944830981274], [27.999693809227324, 39.58944830981274], [27.999693809227324, 39.59052628815368], [27.998615830886393, 39.59052628815368], [27.998615830886393, 39.58998729898321], [27.998076841715914, 39.58998729898321], [27.998076841715914, 39.58944830981274], [27.996998863374955, 39.58944830981274], [27.996998863374955, 39.588909320642266], [27.996459874204504, 39.588909320642266], [27.996459874204504, 39.58944830981274], [27.995920885034025, 39.58944830981274], [27.995920885034025, 39.59052628815368], [27.995381895863545, 39.59052628815368], [27.995381895863545, 39.58944830981274], [27.995920885034025, 39.58944830981274], [27.995920885034025, 39.58837033147179]]]}, "id": "+385903+82397", "properties": {"area_ha": 4.152104338499579, "count": 15, "label": 1, "mean_dnbr": 0.4047349877767817}}, {"type": "Feature", "geometry": {"geodesic": false, "type": "Polygon", "coordinates": [[[28.001849765909213, 39.58783134230133], [28.003466733420623, 39.58783134230133], [28.003466733420623, 39.58837033147179], [28.002927744250144, 39.58837033147179], [28.002927744250144, 39.588909320642266], [28.002388755079693, 39.588909320642266], [28.002388755079693, 39.58837033147179], [28.001849765909213, 39.58837033147179], [28.001849765909213, 39.58944830981274], [28.001310776738734, 39.58944830981274], [28.001310776738734, 39.588909320642266], [28.000771787568283, 39.588909320642266], [28.000771787568283, 39.59052628815368], [28.000232798397803, 39.59052628815368], [28.000232798397803, 39.58837033147179], [28.001849765909213, 39.58837033147179], [28.001849765909213, 39.58783134230133]]]}, "id": "+385913+82398", "properties": {"area_ha": 3.044900167979698, "count": 11, "label": 1, "mean_dnbr": 0.3785106978373859}}, {"type": "Feature", "geometry": {"geodesic": false, "type": "Polygon", "coordinates": [[[28.007239657613923, 39.62663856257529], [28.008856625125333, 39.62663856257529], [28.008856625125333, 39.62717755174576], [28.01047359263677, 39.62717755174576], [28.01047359263677, 39.628255530086705], [28.0115515709777, 39.628255530086705], [28.0115515709777, 39.62879451925718], [28.01047359263677, 39.62879451925718], [28.01047359263677, 39.628255530086705], [28.008856625125333, 39.628255530086705], [28.008856625125333, 39.62771654091623], [28.00831763595488, 39.62771654091623], [28.00831763595488, 39.62717755174576], [28.007239657613923, 39.62717755174576], [28.007239657613923, 39.62663856257529]]]}, "id": "+385923+82326", "properties": {"area_ha": 3.319852464940927, "count": 12, "label": 1, "mean_dnbr": 0.3793424505267806}}, {"type": "Feature", "geometry": {"geodesic": false, "type": "Polygon", "coordinates": [[[28.027182256921378, 39.632028454280004], [28.027721246091858, 39.632028454280004], [28.027721246091858, 39.63310643262095], [28.027182256921378, 39.63310643262095], [28.027182256921378, 39.63364542179142], [28.0266432677509, 39.63364542179142], [28.0266432677509, 39.63418441096189], [28.026104278580448, 39.63418441096189], [28.026104278580448, 39.634723400132366], [28.027182256921378, 39.634723400132366], [28.027182256921378, 39.63418441096189], [28.027721246091858, 39.63418441096189], [28.027721246091858, 39.63526238930284], [28.02502630023949, 39.63526238930284], [28.02502630023949, 39.634723400132366], [28.024487311069038, 39.634723400132366], [28.024487311069038, 39.63418441096189], [28.026104278580448, 39.63418441096189], [28.026104278580448, 39.63310643262095], [28.0266432677509, 39.63310643262095], [28.0266432677509, 39.632567443450476], [28.027182256921378, 39.632567443450476], [28.027182256921378, 39.632028454280004]]]}, "id": "+385958+82316", "properties": {"area_ha": 4.1494396191781435, "count": 15, "label": 1, "mean_dnbr": 0.2858584998341003}}, {"type": "Feature", "geometry": {"geodesic": false, "type": "Polygon", "coordinates": [[[28.035267094478456, 39.61639776833633], [28.037423051160346, 39.61639776833633], [28.037423051160346, 39.6169367575068], [28.037962040330825, 39.6169367575068], [28.037962040330825, 39.61747574667727], [28.039579007842235, 39.61747574667727], [28.039579007842235, 39.61855372501821], [28.037423051160346, 39.61855372501821], [28.037423051160346, 39.618014735847744], [28.036884061989866, 39.618014735847744], [28.036884061989866, 39.6169367575068], [28.036345072819415, 39.6169367575068], [28.036345072819415, 39.61747574667727], [28.035267094478456, 39.61747574667727], [28.035267094478456, 39.61639776833633]]]}, "id": "+385976+82345", "properties": {"area_ha": 4.7038139679751625, "count": 17, "label": 1, "mean_dnbr": 0.32066609855574224}}, {"type": "Feature", "geometry": {"geodesic": false, "type": "Polygon", "coordinates": [[[28.041734964524125, 39.612085854972555], [28.043890921206014, 39.612085854972555], [28.043890921206014, 39.61316383331349], [28.042812942865055, 39.61316383331349], [28.042812942865055, 39.61424181165444], [28.043351932035534, 39.61424181165444], [28.043351932035534, 39.613702822483965], [28.043890921206014, 39.613702822483965], [28.043890921206014, 39.61424181165444], [28.044968899546944, 39.61424181165444], [28.044968899546944, 39.61478080082491], [28.043890921206014, 39.61478080082491], [28.043890921206014, 39.61531978999538], [28.042812942865055, 39.61531978999538], [28.042812942865055, 39.615858779165855], [28.040656986183166, 39.615858779165855], [28.040656986183166, 39.61531978999538], [28.038501029501276, 39.61531978999538], [28.038501029501276, 39.61424181165444], [28.039040018671756, 39.61424181165444], [28.039040018671756, 39.61478080082491], [28.040117997012715, 39.61478080082491], [28.040117997012715, 39.61424181165444], [28.040656986183166, 39.61424181165444], [28.040656986183166, 39.613702822483965], [28.040117997012715, 39.613702822483965], [28.040117997012715, 39.61316383331349], [28.041195975353645, 39.61316383331349], [28.041195975353645, 39.61262484414302], [28.041734964524125, 39.61262484414302], [28.041734964524125, 39.612085854972555]]]}, "id": "+385988+82353", "properties": {"area_ha": 11.89846624257057, "count": 43, "label": 1, "mean_dnbr": 0.4406499266788893}}, {"type": "Feature", "geometry": {"geodesic": false, "type": "Polygon", "coordinates": [[[28.042273953694604, 39.27467863425726], [28.043890921206014, 39.27467863425726], [28.043890921206014, 39.27629560176867], [28.043351932035534, 39.27629560176867], [28.043351932035534, 39.276834590939146], [28.042273953694604, 39.276834590939146], [28.042273953694604, 39.27467863425726]]]}, "id": "+385988+82979", "properties": {"area_ha": 3.05861986916895, "count": 11, "label": 1, "mean_dnbr": 0.32215052984276}}, {"type": "Feature", "geometry": {"geodesic": false, "type": "Polygon", "coordinates": [[[28.046585867058354, 39.60292303907453], [28.047124856228834, 39.60292303907453], [28.047124856228834, 39.603462028245005], [28.047663845399313, 39.603462028245005], [28.047663845399313, 39.60454000658595], [28.048741823740244, 39.60454000658595], [28.048741823740244, 39.60507899575642], [28.049280812910723, 39.60507899575642], [28.049280812910723, 39.60615697409737], [28.048741823740244, 39.60615697409737], [28.048741823740244, 39.607234952438304], [28.049280812910723, 39.607234952438304], [28.049280812910723, 39.60831293077925], [28.048202834569793, 39.60831293077925], [28.048202834569793, 39.60615697409737], [28.048741823740244, 39.60615697409737], [28.048741823740244, 39.60507899575642], [28.047124856228834, 39.60507899575642], [28.047124856228834, 39.605617984926894], [28.046046877887903, 39.605617984926894], [28.046046877887903, 39.60454000658595], [28.047124856228834, 39.60454000658595], [28.047124856228834, 39.60400101741548], [28.046585867058354, 39.60400101741548], [28.046585867058354, 39.60292303907453]]]}, "id": "+385994+82370", "properties": {"area_ha": 5.258115666806155, "count": 19, "label": 1, "mean_dnbr": 0.32130378260480164}}, {"type": "Feature", "geometry": {"geodesic": false, "type": "Polygon", "coordinates": [[[28.046585867058354, 39.654665999439814], [28.047663845399313, 39.654665999439814], [28.047663845399313, 39.65628296695123], [28.048202834569793, 39.65628296695123], [28.048202834569793, 39.6568219561217], [28.048741823740244, 39.6568219561217], [28.048741823740244, 39.657360945292176], [28.048202834569793, 39.657360945292176], [28.048202834569793, 39.6568219561217], [28.046046877887903, 39.6568219561217], [28.046046877887903, 39.65628296695123], [28.045507888717424, 39.65628296695123], [28.045507888717424, 39.655204988610286], [28.046585867058354, 39.655204988610286], [28.046585867058354, 39.654665999439814]]]}, "id": "+385995+82274", "properties": {"area_ha": 4.148124356044796, "count": 15, "label": 1, "mean_dnbr": 0.3515592915525432}}, {"type": "Feature", "geometry": {"geodesic": false, "type": "Polygon", "coordinates": [[[28.047663845399313, 39.64765914022369], [28.048741823740244, 39.64765914022369], [28.048741823740244, 39.648737118564625], [28.049280812910723, 39.648737118564625], [28.049280812910723, 39.64981509690557], [28.049819802081203, 39.64981509690557], [28.049819802081203, 39.65035408607604], [28.049280812910723, 39.65035408607604], [28.049280812910723, 39.65197105358746], [28.048741823740244, 39.65197105358746], [28.048741823740244, 39.6492761077351], [28.048202834569793, 39.6492761077351], [28.048202834569793, 39.648737118564625], [28.047663845399313, 39.648737118564625], [28.047663845399313, 39.64765914022369]]]}, "id": "+385997+82287", "properties": {"area_ha": 3.318803961564364, "count": 12, "label": 1, "mean_dnbr": 0.2991315134623568}}, {"type": "Feature", "geometry": {"geodesic": false, "type": "Polygon", "coordinates": [[[28.047663845399313, 39.25743098080216], [28.048741823740244, 39.25743098080216], [28.048741823740244, 39.257969969972635], [28.049280812910723, 39.257969969972635], [28.049280812910723, 39.25904794831358], [28.050358791251682, 39.25904794831358], [28.050358791251682, 39.25850895914311], [28.050897780422133, 39.25850895914311], [28.050897780422133, 39.260664915825], [28.049819802081203, 39.260664915825], [28.049819802081203, 39.25958693748405], [28.049280812910723, 39.25958693748405], [28.049280812910723, 39.25904794831358], [28.048741823740244, 39.25904794831358], [28.048741823740244, 39.25850895914311], [28.048202834569793, 39.25850895914311], [28.048202834569793, 39.257969969972635], [28.047663845399313, 39.257969969972635], [28.047663845399313, 39.25743098080216]]]}, "id": "+385997+83011", "properties": {"area_ha": 3.6155912415118996, "count": 13, "label": 1, "mean_dnbr": 0.314552895585628}}, {"type": "Feature", "geometry": {"geodesic": false, "type": "Polygon", "coordinates": [[[28.050358791251682, 39.62502159506387], [28.051975758763092, 39.62502159506387], [28.051975758763092, 39.62556058423434], [28.051436769592613, 39.62556058423434], [28.051436769592613, 39.626099573404815], [28.051975758763092, 39.626099573404815], [28.051975758763092, 39.62717755174576], [28.050897780422133, 39.62717755174576], [28.050897780422133, 39.62663856257529], [28.049819802081203, 39.62663856257529], [28.049819802081203, 39.626099573404815], [28.049280812910723, 39.626099573404815], [28.049280812910723, 39.62556058423434], [28.049819802081203, 39.62556058423434], [28.049819802081203, 39.626099573404815], [28.050358791251682, 39.626099573404815], [28.050358791251682, 39.62502159506387]]]}, "id": "+386003+82329", "properties": {"area_ha": 3.3199285318152016, "count": 12, "label": 1, "mean_dnbr": 0.4267193518605267}}, {"type": "Feature", "geometry": {"geodesic": false, "type": "Polygon", "coordinates": [[[28.054670704615432, 39.62771654091623], [28.05574868295639, 39.62771654091623], [28.05574868295639, 39.62933350842765], [28.055209693785912, 39.62933350842765], [28.055209693785912, 39.630411486768594], [28.05413171544498, 39.630411486768594], [28.05413171544498, 39.62933350842765], [28.053592726274502, 39.62933350842765], [28.053592726274502, 39.628255530086705], [28.054670704615432, 39.628255530086705], [28.054670704615432, 39.62771654091623]]]}, "id": "+386010+82324", "properties": {"area_ha": 3.87308665872826, "count": 14, "label": 1, "mean_dnbr": 0.44040312323201325}}, {"type": "Feature", "geometry": {"geodesic": false, "type": "Polygon", "coordinates": [[[28.0573656504678, 39.609390909120194], [28.05898261797921, 39.609390909120194], [28.05898261797921, 39.609929898290666], [28.05952160714969, 39.609929898290666], [28.05952160714969, 39.61100787663161], [28.06006059632017, 39.61100787663161], [28.06006059632017, 39.61154686580208], [28.05790463963828, 39.61154686580208], [28.05790463963828, 39.609929898290666], [28.0573656504678, 39.609929898290666], [28.0573656504678, 39.609390909120194]]]}, "id": "+386016+82358", "properties": {"area_ha": 3.59740121462979, "count": 13, "label": 1, "mean_dnbr": 0.379838921284138}}, {"type": "Feature", "geometry": {"geodesic": false, "type": "Polygon", "coordinates": [[[28.05844362880873, 39.61478080082491], [28.06059958549062, 39.61478080082491], [28.06059958549062, 39.615858779165855], [28.0611385746611, 39.615858779165855], [28.0611385746611, 39.61531978999538], [28.06275554217251, 39.61531978999538], [28.06275554217251, 39.61639776833633], [28.06059958549062, 39.61639776833633], [28.06059958549062, 39.615858779165855], [28.05844362880873, 39.615858779165855], [28.05844362880873, 39.61478080082491]]]}, "id": "+386019+82348", "properties": {"area_ha": 4.150543684910136, "count": 15, "label": 1, "mean_dnbr": 0.2966889357242883}}, {"type": "Feature", "geometry": {"geodesic": false, "type": "Polygon", "coordinates": [[[28.06006059632017, 39.38786636005632], [28.06329453134299, 39.38786636005632], [28.06329453134299, 39.388405349226794], [28.06383352051347, 39.388405349226794], [28.06383352051347, 39.390561305908676], [28.06275554217251, 39.390561305908676], [28.06275554217251, 39.388944338397266], [28.06329453134299, 39.388944338397266], [28.06329453134299, 39.388405349226794], [28.06006059632017, 39.388405349226794], [28.06006059632017, 39.38786636005632]]]}, "id": "+386024+82769", "properties": {"area_ha": 3.6088860041894906, "count": 13, "label": 1, "mean_dnbr": 0.31335373463523214}}, {"type": "Feature", "geometry": {"geodesic": false, "type": "Polygon", "coordinates": [[[28.06329453134299, 39.61154686580208], [28.06383352051347, 39.61154686580208], [28.06383352051347, 39.612085854972555], [28.06437250968392, 39.612085854972555], [28.06437250968392, 39.61262484414302], [28.06383352051347, 39.61262484414302], [28.06383352051347, 39.61478080082491], [28.06437250968392, 39.61478080082491], [28.06437250968392, 39.615858779165855], [28.06383352051347, 39.615858779165855], [28.06383352051347, 39.61639776833633], [28.06329453134299, 39.61639776833633], [28.06329453134299, 39.615858779165855], [28.06383352051347, 39.615858779165855], [28.06383352051347, 39.61478080082491], [28.06329453134299, 39.61478080082491], [28.06329453134299, 39.613702822483965], [28.06167756383158, 39.613702822483965], [28.06167756383158, 39.61262484414302], [28.06383352051347, 39.61262484414302], [28.06383352051347, 39.612085854972555], [28.06329453134299, 39.612085854972555], [28.06329453134299, 39.61154686580208]]]}, "id": "+386025+82354", "properties": {"area_ha": 4.150652356818629, "count": 15, "label": 1, "mean_dnbr": 0.2350095534884285}}, {"type": "Feature", "geometry": {"geodesic": false, "type": "Polygon", "coordinates": [[[28.06275554217251, 39.59915011488123], [28.06383352051347, 39.59915011488123], [28.06383352051347, 39.599689104051706], [28.0649114988544, 39.599689104051706], [28.0649114988544, 39.60022809322218], [28.06598947719536, 39.60022809322218], [28.06598947719536, 39.60076708239264], [28.06545048802488, 39.60076708239264], [28.06545048802488, 39.601306071563116], [28.06598947719536, 39.601306071563116], [28.06598947719536, 39.60184506073359], [28.06437250968392, 39.60184506073359], [28.06437250968392, 39.60022809322218], [28.06383352051347, 39.60022809322218], [28.06383352051347, 39.599689104051706], [28.06275554217251, 39.599689104051706], [28.06275554217251, 39.59915011488123]]]}, "id": "+386025+82377", "properties": {"area_ha": 3.32115266882444, "count": 12, "label": 1, "mean_dnbr": 0.3901714992359014}}, {"type": "Feature", "geometry": {"geodesic": false, "type": "Polygon", "coordinates": [[[28.06275554217251, 39.63687935681425], [28.06437250968392, 39.63687935681425], [28.06437250968392, 39.63741834598472], [28.06329453134299, 39.63741834598472], [28.06329453134299, 39.63795733515519], [28.0649114988544, 39.63795733515519], [28.0649114988544, 39.63741834598472], [28.06598947719536, 39.63741834598472], [28.06598947719536, 39.63903531349614], [28.06329453134299, 39.63903531349614], [28.06329453134299, 39.63795733515519], [28.06275554217251, 39.63795733515519], [28.06275554217251, 39.63687935681425]]]}, "id": "+386026+82307", "properties": {"area_ha": 4.425810584872845, "count": 16, "label": 1, "mean_dnbr": 0.35375679852728936}}, {"type": "Feature", "geometry": {"geodesic": false, "type": "Polygon", "coordinates": [[[28.06275554217251, 39.63310643262095], [28.06437250968392, 39.63310643262095], [28.06437250968392, 39.63418441096189], [28.06383352051347, 39.63418441096189], [28.06383352051347, 39.634723400132366], [28.06437250968392, 39.634723400132366], [28.06437250968392, 39.63526238930284], [28.06383352051347, 39.63526238930284], [28.06383352051347, 39.634723400132366], [28.06329453134299, 39.634723400132366], [28.06329453134299, 39.63526238930284], [28.06275554217251, 39.63526238930284], [28.06275554217251, 39.63418441096189], [28.06006059632017, 39.63418441096189], [28.06006059632017, 39.63364542179142], [28.06059958549062, 39.63364542179142], [28.06059958549062, 39.63310643262095], [28.06167756383158, 39.63310643262095], [28.06167756383158, 39.63364542179142], [28.06275554217251, 39.63364542179142], [28.06275554217251, 39.63310643262095]]]}, "id": "+386026+82314", "properties": {"area_ha": 4.702706376560157, "count": 17, "label": 1, "mean_dnbr": 0.24961034276458205}}, {"type": "Feature", "geometry": {"geodesic": false, "type": "Polygon", "coordinates": [[[28.06383352051347, 39.37331365245358], [28.06437250968392, 39.37331365245358], [28.06437250968392, 39.374930619965], [28.06545048802488, 39.374930619965], [28.06545048802488, 39.37546960913547], [28.06437250968392, 39.37546960913547], [28.06437250968392, 39.374930619965], [28.06383352051347, 39.374930619965], [28.06383352051347, 39.37439163079453], [28.06329453134299, 39.37439163079453], [28.06329453134299, 39.37546960913547], [28.06167756383158, 39.37546960913547], [28.06167756383158, 39.374930619965], [28.0611385746611, 39.374930619965], [28.0611385746611, 39.37439163079453], [28.06221655300206, 39.37439163079453], [28.06221655300206, 39.373852641624055], [28.06383352051347, 39.373852641624055], [28.06383352051347, 39.37331365245358]]]}, "id": "+386026+82796", "properties": {"area_ha": 4.164950973694472, "count": 15, "label": 1, "mean_dnbr": 0.2745277096679276}}, {"type": "Feature", "geometry": {"geodesic": false, "type": "Polygon", "coordinates": [[[28.06329453134299, 39.62987249759812], [28.0649114988544, 39.62987249759812], [28.0649114988544, 39.63148946510953], [28.06545048802488, 39.63148946510953], [28.06545048802488, 39.632028454280004], [28.06598947719536, 39.632028454280004], [28.06598947719536, 39.632567443450476], [28.0649114988544, 39.632567443450476], [28.0649114988544, 39.632028454280004], [28.06383352051347, 39.632028454280004], [28.06383352051347, 39.630411486768594], [28.06329453134299, 39.630411486768594], [28.06329453134299, 39.62987249759812]]]}, "id": "+386027+82320", "properties": {"area_ha": 3.319682843826482, "count": 12, "label": 1, "mean_dnbr": 0.21797285517411014}}, {"type": "Feature", "geometry": {"geodesic": false, "type": "Polygon", "coordinates": [[[28.06652846636581, 39.63634036764378], [28.06760644470677, 39.63634036764378], [28.06760644470677, 39.63687935681425], [28.06814543387725, 39.63687935681425], [28.06814543387725, 39.63741834598472], [28.0686844230477, 39.63741834598472], [28.0686844230477, 39.63687935681425], [28.069762401388658, 39.63687935681425], [28.069762401388658, 39.63741834598472], [28.07030139055911, 39.63741834598472], [28.07030139055911, 39.638496324325665], [28.069762401388658, 39.638496324325665], [28.069762401388658, 39.63741834598472], [28.0686844230477, 39.63741834598472], [28.0686844230477, 39.63795733515519], [28.06922341221818, 39.63795733515519], [28.06922341221818, 39.64011329183708], [28.06760644470677, 39.64011329183708], [28.06760644470677, 39.63957430266661], [28.06706745553629, 39.63957430266661], [28.06706745553629, 39.63903531349614], [28.06652846636581, 39.63903531349614], [28.06652846636581, 39.63634036764378]]]}, "id": "+386032+82308", "properties": {"area_ha": 8.29836405974666, "count": 30, "label": 1, "mean_dnbr": 0.4342249126881363}}, {"type": "Feature", "geometry": {"geodesic": false, "type": "Polygon", "coordinates": [[[28.069762401388658, 39.61424181165444], [28.07030139055911, 39.61424181165444], [28.07030139055911, 39.61478080082491], [28.072996336411478, 39.61478080082491], [28.072996336411478, 39.61639776833633], [28.071918358070548, 39.61639776833633], [28.071918358070548, 39.6169367575068], [28.071379368900068, 39.6169367575068], [28.071379368900068, 39.6207096817001], [28.07084037972959, 39.6207096817001], [28.07084037972959, 39.62124867087057], [28.0686844230477, 39.62124867087057], [28.0686844230477, 39.61747574667727], [28.06814543387725, 39.61747574667727], [28.06814543387725, 39.61639776833633], [28.06760644470677, 39.61639776833633], [28.06760644470677, 39.615858779165855], [28.06814543387725, 39.615858779165855], [28.06814543387725, 39.61478080082491], [28.069762401388658, 39.61478080082491], [28.069762401388658, 39.61424181165444]]]}, "id": "+386037+82349", "properties": {"area_ha": 21.028820455406485, "count": 76, "label": 1, "mean_dnbr": 0.5371263199974633}}, {"type": "Feature", "geometry": {"geodesic": false, "type": "Polygon", "coordinates": [[[28.071379368900068, 39.64388621603038], [28.072457347241, 39.64388621603038], [28.072457347241, 39.644425205200854], [28.072996336411478, 39.644425205200854], [28.072996336411478, 39.64604217271227], [28.071379368900068, 39.64604217271227], [28.071379368900068, 39.6455031835418], [28.07084037972959, 39.6455031835418], [28.07084037972959, 39.644425205200854], [28.071379368900068, 39.644425205200854], [28.071379368900068, 39.64388621603038]]]}, "id": "+386041+82294", "properties": {"area_ha": 3.595606237488021, "count": 13, "label": 1, "mean_dnbr": 0.40438319402640066}}, {"type": "Feature", "geometry": {"geodesic": false, "type": "Polygon", "coordinates": [[[28.071379368900068, 39.585136396448966], [28.072457347241, 39.585136396448966], [28.072457347241, 39.58621437478991], [28.072996336411478, 39.58621437478991], [28.072996336411478, 39.587292353130856], [28.074074314752437, 39.587292353130856], [28.074074314752437, 39.588909320642266], [28.074613303922888, 39.588909320642266], [28.074613303922888, 39.58944830981274], [28.075152293093367, 39.58944830981274], [28.075152293093367, 39.59052628815368], [28.075691282263847, 39.59052628815368], [28.075691282263847, 39.591065277324155], [28.076230271434298, 39.591065277324155], [28.076230271434298, 39.59160426649463], [28.077847238945736, 39.59160426649463], [28.077847238945736, 39.591065277324155], [28.078386228116187, 39.591065277324155], [28.078386228116187, 39.5921432556651], [28.078925217286667, 39.5921432556651], [28.078925217286667, 39.59268224483557], [28.076230271434298, 39.59268224483557], [28.076230271434298, 39.593221234006045], [28.075691282263847, 39.593221234006045], [28.075691282263847, 39.59376022317652], [28.075152293093367, 39.59376022317652], [28.075152293093367, 39.593221234006045], [28.074613303922888, 39.593221234006045], [28.074613303922888, 39.59268224483557], [28.075152293093367, 39.59268224483557], [28.075152293093367, 39.5921432556651], [28.076230271434298, 39.5921432556651], [28.076230271434298, 39.59160426649463], [28.075152293093367, 39.59160426649463], [28.075152293093367, 39.59052628815368], [28.074613303922888, 39.59052628815368], [28.074613303922888, 39.58998729898321], [28.074074314752437, 39.58998729898321], [28.074074314752437, 39.58944830981274], [28.073535325581958, 39.58944830981274], [28.073535325581958, 39.58837033147179], [28.071918358070548, 39.58837033147179], [28.071918358070548, 39.588909320642266], [28.07084037972959, 39.588909320642266], [28.07084037972959, 39.58837033147179], [28.071379368900068, 39.58837033147179], [28.071379368900068, 39.58783134230133], [28.072457347241, 39.58783134230133], [28.072457347241, 39.58621437478991], [28.071918358070548, 39.58621437478991], [28.071918358070548, 39.58567538561944], [28.071379368900068, 39.58567538561944], [28.071379368900068, 39.585136396448966]]]}, "id": "+386041+82403", "properties": {"area_ha": 11.072212486766075, "count": 40, "label": 1, "mean_dnbr": 0.36102929755117347}}, {"type": "Feature", "geometry": {"geodesic": false, "type": "Polygon", "coordinates": [[[28.072457347241, 39.2509631107565], [28.072996336411478, 39.2509631107565], [28.072996336411478, 39.251502099926974], [28.073535325581958, 39.251502099926974], [28.073535325581958, 39.252041089097446], [28.074613303922888, 39.252041089097446], [28.074613303922888, 39.25311906743839], [28.074074314752437, 39.25311906743839], [28.074074314752437, 39.25258007826792], [28.073535325581958, 39.25258007826792], [28.073535325581958, 39.25311906743839], [28.072457347241, 39.25311906743839], [28.072457347241, 39.25258007826792], [28.071918358070548, 39.25258007826792], [28.071918358070548, 39.251502099926974], [28.072457347241, 39.251502099926974], [28.072457347241, 39.2509631107565]]]}, "id": "+386042+83023", "properties": {"area_ha": 3.3377954190287666, "count": 12, "label": 1, "mean_dnbr": 0.3211024310825409}}, {"type": "Feature", "geometry": {"geodesic": false, "type": "Polygon", "coordinates": [[[28.071918358070548, 39.260664915825], [28.074613303922888, 39.260664915825], [28.074613303922888, 39.26174289416594], [28.074074314752437, 39.26174289416594], [28.074074314752437, 39.26389885084782], [28.072457347241, 39.26389885084782], [28.072457347241, 39.26335986167735], [28.071918358070548, 39.26335986167735], [28.071918358070548, 39.262281883336414], [28.072457347241, 39.262281883336414], [28.072457347241, 39.26120390499547], [28.071918358070548, 39.26120390499547], [28.071918358070548, 39.260664915825]]]}, "id": "+386045+83005", "properties": {"area_ha": 6.396522567266777, "count": 23, "label": 1, "mean_dnbr": 0.4697117968368597}}, {"type": "Feature", "geometry": {"geodesic": false, "type": "Polygon", "coordinates": [[[28.074074314752437, 39.647120151053215], [28.075691282263847, 39.647120151053215], [28.075691282263847, 39.64981509690557], [28.074613303922888, 39.64981509690557], [28.074613303922888, 39.6492761077351], [28.074074314752437, 39.6492761077351], [28.074074314752437, 39.647120151053215]]]}, "id": "+386047+82288", "properties": {"area_ha": 3.8719989508850543, "count": 14, "label": 1, "mean_dnbr": 0.3610781687679298}}, {"type": "Feature", "geometry": {"geodesic": false, "type": "Polygon", "coordinates": [[[28.076230271434298, 39.36415083655557], [28.077308249775257, 39.36415083655557], [28.077308249775257, 39.36468982572604], [28.076769260604777, 39.36468982572604], [28.076769260604777, 39.365228814896504], [28.077308249775257, 39.365228814896504], [28.077308249775257, 39.36576780406698], [28.075691282263847, 39.36576780406698], [28.075691282263847, 39.36630679323745], [28.076769260604777, 39.36630679323745], [28.076769260604777, 39.367384771578394], [28.075691282263847, 39.367384771578394], [28.075691282263847, 39.36684578240792], [28.075152293093367, 39.36684578240792], [28.075152293093367, 39.36630679323745], [28.074613303922888, 39.36630679323745], [28.074613303922888, 39.365228814896504], [28.076230271434298, 39.365228814896504], [28.076230271434298, 39.36415083655557]]]}, "id": "+386050+82813", "properties": {"area_ha": 4.165476105972974, "count": 15, "label": 1, "mean_dnbr": 0.2846909055985075}}, {"type": "Feature", "geometry": {"geodesic": false, "type": "Polygon", "coordinates": [[[28.078925217286667, 39.384093435863015], [28.081081173968556, 39.384093435863015], [28.081081173968556, 39.38463242503349], [28.078925217286667, 39.38463242503349], [28.078925217286667, 39.38517141420396], [28.079464206457146, 39.38517141420396], [28.079464206457146, 39.38571040337443], [28.082698141479966, 39.38571040337443], [28.082698141479966, 39.386249392544904], [28.081620163139036, 39.386249392544904], [28.081620163139036, 39.38678838171538], [28.079464206457146, 39.38678838171538], [28.079464206457146, 39.38786636005632], [28.078386228116187, 39.38786636005632], [28.078386228116187, 39.386249392544904], [28.079464206457146, 39.386249392544904], [28.079464206457146, 39.38571040337443], [28.078925217286667, 39.38571040337443], [28.078925217286667, 39.38517141420396], [28.077308249775257, 39.38517141420396], [28.077308249775257, 39.38571040337443], [28.076769260604777, 39.38571040337443], [28.076769260604777, 39.38463242503349], [28.078925217286667, 39.38463242503349], [28.078925217286667, 39.384093435863015]]]}, "id": "+386057+82776", "properties": {"area_ha": 7.218068854041159, "count": 26, "label": 1, "mean_dnbr": 0.36012423241611774}}, {"type": "Feature", "geometry": {"geodesic": false, "type": "Polygon", "coordinates": [[[28.080003195627626, 39.37061870660123], [28.081081173968556, 39.37061870660123], [28.081081173968556, 39.371696684942165], [28.078386228116187, 39.371696684942165], [28.078386228116187, 39.37223567411264], [28.077308249775257, 39.37223567411264], [28.077308249775257, 39.37277466328311], [28.075152293093367, 39.37277466328311], [28.075152293093367, 39.37223567411264], [28.076230271434298, 39.37223567411264], [28.076230271434298, 39.371696684942165], [28.078386228116187, 39.371696684942165], [28.078386228116187, 39.3711576957717], [28.080003195627626, 39.3711576957717], [28.080003195627626, 39.37061870660123]]]}, "id": "+386057+82801", "properties": {"area_ha": 4.16513056033744, "count": 15, "label": 1, "mean_dnbr": 0.2279823702166659}}, {"type": "Feature", "geometry": {"geodesic": false, "type": "Polygon", "coordinates": [[[28.084854098161856, 39.36307285821462], [28.085932076502814, 39.36307285821462], [28.085932076502814, 39.365228814896504], [28.083776119820925, 39.365228814896504], [28.083776119820925, 39.36576780406698], [28.082698141479966, 39.36576780406698], [28.082698141479966, 39.36415083655557], [28.083237130650446, 39.36415083655557], [28.083237130650446, 39.36307285821462], [28.083776119820925, 39.36307285821462], [28.083776119820925, 39.363611847385094], [28.084854098161856, 39.363611847385094], [28.084854098161856, 39.36307285821462]], [[28.083776119820925, 39.36468982572604], [28.083776119820925, 39.365228814896504], [28.083237130650446, 39.365228814896504], [28.083237130650446, 39.36468982572604], [28.083776119820925, 39.36468982572604]]]}, "id": "+386066+82815", "properties": {"area_ha": 5.83179451291929, "count": 21, "label": 1, "mean_dnbr": 0.2787781835339112}}, {"type": "Feature", "geometry": {"geodesic": false, "type": "Polygon", "coordinates": [[[28.085393087332335, 39.3787035441583], [28.088088033184675, 39.3787035441583], [28.088088033184675, 39.37924253332877], [28.086471065673265, 39.37924253332877], [28.086471065673265, 39.37978152249924], [28.085393087332335, 39.37978152249924], [28.085393087332335, 39.380320511669716], [28.087010054843745, 39.380320511669716], [28.087010054843745, 39.38085950084019], [28.085932076502814, 39.38085950084019], [28.085932076502814, 39.382476468351605], [28.085393087332335, 39.382476468351605], [28.085393087332335, 39.38139849001066], [28.083776119820925, 39.38139849001066], [28.083776119820925, 39.38085950084019], [28.082159152309487, 39.38085950084019], [28.082159152309487, 39.380320511669716], [28.083237130650446, 39.380320511669716], [28.083237130650446, 39.37978152249924], [28.083776119820925, 39.37978152249924], [28.083776119820925, 39.37924253332877], [28.085393087332335, 39.37924253332877], [28.085393087332335, 39.3787035441583]]]}, "id": "+386070+82786", "properties": {"area_ha": 8.051585175608126, "count": 29, "label": 1, "mean_dnbr": 0.32834395212338896}}, {"type": "Feature", "geometry": {"geodesic": false, "type": "Polygon", "coordinates": [[[28.087010054843745, 39.373852641624055], [28.089166011525634, 39.373852641624055], [28.089166011525634, 39.37439163079453], [28.090243989866565, 39.37439163079453], [28.090243989866565, 39.374930619965], [28.090782979037044, 39.374930619965], [28.090782979037044, 39.37546960913547], [28.089166011525634, 39.37546960913547], [28.089166011525634, 39.37439163079453], [28.088627022355155, 39.37439163079453], [28.088627022355155, 39.374930619965], [28.086471065673265, 39.374930619965], [28.086471065673265, 39.37439163079453], [28.087010054843745, 39.37439163079453], [28.087010054843745, 39.373852641624055]]]}, "id": "+386072+82795", "properties": {"area_ha": 3.6096269394651745, "count": 13, "label": 1, "mean_dnbr": 0.30142533533425264}}, {"type": "Feature", "geometry": {"geodesic": false, "type": "Polygon", "coordinates": [[[28.089166011525634, 39.38678838171538], [28.090243989866565, 39.38678838171538], [28.090243989866565, 39.38732737088585], [28.091860957378003, 39.38732737088585], [28.091860957378003, 39.38786636005632], [28.090782979037044, 39.38786636005632], [28.090782979037044, 39.388944338397266], [28.089705000696114, 39.388944338397266], [28.089705000696114, 39.38786636005632], [28.089166011525634, 39.38786636005632], [28.089166011525634, 39.38678838171538]]]}, "id": "+386074+82771", "properties": {"area_ha": 3.0537197920453867, "count": 11, "label": 1, "mean_dnbr": 0.3392046240794565}}, {"type": "Feature", "geometry": {"geodesic": false, "type": "Polygon", "coordinates": [[[28.089705000696114, 39.31132989784933], [28.090243989866565, 39.31132989784933], [28.090243989866565, 39.311868887019806], [28.090782979037044, 39.311868887019806], [28.090782979037044, 39.31240787619028], [28.091321968207524, 39.31240787619028], [28.091321968207524, 39.31348585453122], [28.090243989866565, 39.31348585453122], [28.090243989866565, 39.31294686536075], [28.089166011525634, 39.31294686536075], [28.089166011525634, 39.31348585453122], [28.088627022355155, 39.31348585453122], [28.088627022355155, 39.31294686536075], [28.087549044014224, 39.31294686536075], [28.087549044014224, 39.31240787619028], [28.088088033184675, 39.31240787619028], [28.088088033184675, 39.311868887019806], [28.087549044014224, 39.311868887019806], [28.087549044014224, 39.31132989784933], [28.089166011525634, 39.31132989784933], [28.089166011525634, 39.311868887019806], [28.089705000696114, 39.311868887019806], [28.089705000696114, 39.31132989784933]]]}, "id": "+386074+82911", "properties": {"area_ha": 5.280304108784997, "count": 19, "label": 1, "mean_dnbr": 0.32992205962362486}}, {"type": "Feature", "geometry": {"geodesic": false, "type": "Polygon", "coordinates": [[[28.091321968207524, 39.3711576957717], [28.092399946548454, 39.3711576957717], [28.092399946548454, 39.371696684942165], [28.092938935718934, 39.371696684942165], [28.092938935718934, 39.37223567411264], [28.093477924889413, 39.37223567411264], [28.093477924889413, 39.37331365245358], [28.092938935718934, 39.37331365245358], [28.092938935718934, 39.373852641624055], [28.093477924889413, 39.373852641624055], [28.093477924889413, 39.37439163079453], [28.094016914059864, 39.37439163079453], [28.094016914059864, 39.374930619965], [28.092938935718934, 39.374930619965], [28.092938935718934, 39.37439163079453], [28.092399946548454, 39.37439163079453], [28.092399946548454, 39.373852641624055], [28.090243989866565, 39.373852641624055], [28.090243989866565, 39.37331365245358], [28.091321968207524, 39.37331365245358], [28.091321968207524, 39.37223567411264], [28.091860957378003, 39.37223567411264], [28.091860957378003, 39.371696684942165], [28.091321968207524, 39.371696684942165], [28.091321968207524, 39.3711576957717]], [[28.092399946548454, 39.37223567411264], [28.092399946548454, 39.37277466328311], [28.091860957378003, 39.37277466328311], [28.091860957378003, 39.37223567411264], [28.092399946548454, 39.37223567411264]]]}, "id": "+386078+82800", "properties": {"area_ha": 5.553396051151006, "count": 20, "label": 1, "mean_dnbr": 0.3532359650705981}}, {"type": "Feature", "geometry": {"geodesic": false, "type": "Polygon", "coordinates": [[[28.090782979037044, 39.57705155889189], [28.093477924889413, 39.57705155889189], [28.093477924889413, 39.57812953723283], [28.094016914059864, 39.57812953723283], [28.094016914059864, 39.57920751557378], [28.092399946548454, 39.57920751557378], [28.092399946548454, 39.58028549391472], [28.091860957378003, 39.58028549391472], [28.091860957378003, 39.57920751557378], [28.091321968207524, 39.57920751557378], [28.091321968207524, 39.57812953723283], [28.090243989866565, 39.57812953723283], [28.090243989866565, 39.57759054806236], [28.090782979037044, 39.57759054806236], [28.090782979037044, 39.57705155889189]], [[28.091860957378003, 39.57759054806236], [28.091860957378003, 39.57812953723283], [28.091321968207524, 39.57812953723283], [28.091321968207524, 39.57759054806236], [28.091860957378003, 39.57759054806236]]]}, "id": "+386080+82418", "properties": {"area_ha": 6.090728964541164, "count": 22, "label": 1, "mean_dnbr": 0.3821066568200062}}, {"type": "Feature", "geometry": {"geodesic": false, "type": "Polygon", "coordinates": [[[28.091860957378003, 39.31456383287217], [28.094016914059864, 39.31456383287217], [28.094016914059864, 39.31564181121311], [28.094555903230344, 39.31564181121311], [28.094555903230344, 39.316180800383584], [28.092399946548454, 39.316180800383584], [28.092399946548454, 39.31510282204264], [28.091860957378003, 39.31510282204264], [28.091860957378003, 39.31456383287217]]]}, "id": "+386081+82905", "properties": {"area_ha": 3.056888399316659, "count": 11, "label": 1, "mean_dnbr": 0.21843105683648306}}, {"type": "Feature", "geometry": {"geodesic": false, "type": "Polygon", "coordinates": [[[28.092399946548454, 39.518840728480946], [28.094555903230344, 39.518840728480946], [28.094555903230344, 39.52045769599236], [28.093477924889413, 39.52045769599236], [28.093477924889413, 39.51991870682189], [28.092938935718934, 39.51991870682189], [28.092938935718934, 39.52045769599236], [28.092399946548454, 39.52045769599236], [28.092399946548454, 39.518840728480946]]]}, "id": "+386082+82526", "properties": {"area_ha": 3.047939984461994, "count": 11, "label": 1, "mean_dnbr": 0.329372487276017}}, {"type": "Feature", "geometry": {"geodesic": false, "type": "Polygon", "coordinates": [[[28.096711859912233, 39.38517141420396], [28.099406805764602, 39.38517141420396], [28.099406805764602, 39.386249392544904], [28.097789838253192, 39.386249392544904], [28.097789838253192, 39.38678838171538], [28.096711859912233, 39.38678838171538], [28.096711859912233, 39.38517141420396]]]}, "id": "+386091+82774", "properties": {"area_ha": 3.331416150426073, "count": 12, "label": 1, "mean_dnbr": 0.3746325793132679}}, {"type": "Feature", "geometry": {"geodesic": false, "type": "Polygon", "coordinates": [[[28.10264074078742, 39.377625565817354], [28.10264074078742, 39.378164554987826], [28.102101751616942, 39.378164554987826], [28.102101751616942, 39.3787035441583], [28.10156276244649, 39.3787035441583], [28.10156276244649, 39.377625565817354], [28.10102377327601, 39.377625565817354], [28.10102377327601, 39.3787035441583], [28.099406805764602, 39.3787035441583], [28.099406805764602, 39.377625565817354], [28.10102377327601, 39.377625565817354], [28.10102377327601, 39.37708657664689], [28.10156276244649, 39.37708657664689], [28.10156276244649, 39.377625565817354], [28.102101751616942, 39.377625565817354], [28.102101751616942, 39.376547587476416], [28.10264074078742, 39.376547587476416], [28.10264074078742, 39.37708657664689], [28.10371871912838, 39.37708657664689], [28.10371871912838, 39.377625565817354], [28.10264074078742, 39.377625565817354]]]}, "id": "+386097+82790", "properties": {"area_ha": 3.887110391375413, "count": 14, "label": 1, "mean_dnbr": 0.28329441873727407}}, {"type": "Feature", "geometry": {"geodesic": false, "type": "Polygon", "coordinates": [[[28.10587467581024, 39.417510764432265], [28.1069526541512, 39.417510764432265], [28.1069526541512, 39.41966672111415], [28.10910861083309, 39.41966672111415], [28.10910861083309, 39.42074469945509], [28.10856962166261, 39.42074469945509], [28.10856962166261, 39.42182267779604], [28.1069526541512, 39.42182267779604], [28.1069526541512, 39.41966672111415], [28.10641366498072, 39.41966672111415], [28.10641366498072, 39.41858874277321], [28.10587467581024, 39.41858874277321], [28.10587467581024, 39.417510764432265]]]}, "id": "+386105+82714", "properties": {"area_ha": 5.549654204463097, "count": 20, "label": 1, "mean_dnbr": 0.34483227846454706}}, {"type": "Feature", "geometry": {"geodesic": false, "type": "Polygon", "coordinates": [[[28.11395951336732, 39.423978634477926], [28.11503749170828, 39.423978634477926], [28.11503749170828, 39.425595601989336], [28.1144985025378, 39.425595601989336], [28.1144985025378, 39.42613459115981], [28.11503749170828, 39.42613459115981], [28.11503749170828, 39.42721256950075], [28.11180355668543, 39.42721256950075], [28.11180355668543, 39.4282905478417], [28.11126456751498, 39.4282905478417], [28.11126456751498, 39.427751558671225], [28.1107255783445, 39.427751558671225], [28.1107255783445, 39.42721256950075], [28.11018658917402, 39.42721256950075], [28.11018658917402, 39.42667358033028], [28.1107255783445, 39.42667358033028], [28.1107255783445, 39.42613459115981], [28.11342052419687, 39.42613459115981], [28.11342052419687, 39.425595601989336], [28.11395951336732, 39.425595601989336], [28.11395951336732, 39.423978634477926]]]}, "id": "+386120+82702", "properties": {"area_ha": 7.768824723172707, "count": 28, "label": 1, "mean_dnbr": 0.3455026822973752}}, {"type": "Feature", "geometry": {"geodesic": false, "type": "Polygon", "coordinates": [[[28.11395951336732, 39.41966672111415], [28.11503749170828, 39.41966672111415], [28.11503749170828, 39.42020571028462], [28.115576480878758, 39.42020571028462], [28.115576480878758, 39.42074469945509], [28.11611547004921, 39.42074469945509], [28.11611547004921, 39.42182267779604], [28.11773243756062, 39.42182267779604], [28.11773243756062, 39.42290065613698], [28.117193448390168, 39.42290065613698], [28.117193448390168, 39.42236166696651], [28.1144985025378, 39.42236166696651], [28.1144985025378, 39.42182267779604], [28.11395951336732, 39.42182267779604], [28.11395951336732, 39.421283688625564], [28.11288153502639, 39.421283688625564], [28.11288153502639, 39.42074469945509], [28.11234254585591, 39.42074469945509], [28.11234254585591, 39.41966672111415], [28.11342052419687, 39.41966672111415], [28.11342052419687, 39.42074469945509], [28.11395951336732, 39.42074469945509], [28.11395951336732, 39.41966672111415]]]}, "id": "+386120+82710", "properties": {"area_ha": 7.2144470249477965, "count": 26, "label": 1, "mean_dnbr": 0.3547752917230901}}, {"type": "Feature", "geometry": {"geodesic": false, "type": "Polygon", "coordinates": [[[28.120427383412988, 39.421283688625564], [28.122044350924398, 39.421283688625564], [28.122044350924398, 39.42182267779604], [28.123122329265357, 39.42182267779604], [28.123122329265357, 39.42236166696651], [28.122044350924398, 39.42236166696651], [28.122044350924398, 39.42182267779604], [28.120966372583467, 39.42182267779604], [28.120966372583467, 39.42290065613698], [28.11988839424251, 39.42290065613698], [28.11988839424251, 39.423439645307454], [28.119349405072057, 39.423439645307454], [28.119349405072057, 39.423978634477926], [28.118810415901578, 39.423978634477926], [28.118810415901578, 39.423439645307454], [28.119349405072057, 39.423439645307454], [28.119349405072057, 39.42290065613698], [28.1182714267311, 39.42290065613698], [28.1182714267311, 39.42236166696651], [28.119349405072057, 39.42236166696651], [28.119349405072057, 39.42182267779604], [28.11988839424251, 39.42182267779604], [28.11988839424251, 39.42236166696651], [28.120427383412988, 39.42236166696651], [28.120427383412988, 39.421283688625564]]]}, "id": "+386133+82707", "properties": {"area_ha": 3.8846276240964674, "count": 14, "label": 1, "mean_dnbr": 0.23902485768658696}}, {"type": "Feature", "geometry": {"geodesic": false, "type": "Polygon", "coordinates": [[[28.120427383412988, 39.2471901865632], [28.122044350924398, 39.2471901865632], [28.122044350924398, 39.24826816490415], [28.120427383412988, 39.24826816490415], [28.120427383412988, 39.24934614324509], [28.122044350924398, 39.24934614324509], [28.122044350924398, 39.249885132415564], [28.121505361753947, 39.249885132415564], [28.121505361753947, 39.250424121586036], [28.120966372583467, 39.250424121586036], [28.120966372583467, 39.249885132415564], [28.120427383412988, 39.249885132415564], [28.120427383412988, 39.2509631107565], [28.119349405072057, 39.2509631107565], [28.119349405072057, 39.249885132415564], [28.11988839424251, 39.249885132415564], [28.11988839424251, 39.24880715407462], [28.119349405072057, 39.24880715407462], [28.119349405072057, 39.24826816490415], [28.11988839424251, 39.24826816490415], [28.11988839424251, 39.247729175733674], [28.120427383412988, 39.247729175733674], [28.120427383412988, 39.2471901865632]]]}, "id": "+386133+83030", "properties": {"area_ha": 5.285084305780559, "count": 19, "label": 1, "mean_dnbr": 0.29998292494009626}}, {"type": "Feature", "geometry": {"geodesic": false, "type": "Polygon", "coordinates": [[[28.122583340094877, 39.18089451859518], [28.123661318435808, 39.18089451859518], [28.123661318435808, 39.181972496936126], [28.122583340094877, 39.181972496936126], [28.122583340094877, 39.1825114861066], [28.122044350924398, 39.1825114861066], [28.122044350924398, 39.18305047527707], [28.120966372583467, 39.18305047527707], [28.120966372583467, 39.181433507765654], [28.121505361753947, 39.181433507765654], [28.121505361753947, 39.18089451859518], [28.122044350924398, 39.18089451859518], [28.122044350924398, 39.181433507765654], [28.122583340094877, 39.181433507765654], [28.122583340094877, 39.18089451859518]]]}, "id": "+386136+83153", "properties": {"area_ha": 3.619570804905452, "count": 13, "label": 1, "mean_dnbr": 0.23053272175108047}}, {"type": "Feature", "geometry": {"geodesic": false, "type": "Polygon", "coordinates": [[[28.121505361753947, 39.402958056829526], [28.124200307606287, 39.402958056829526], [28.124200307606287, 39.403497046], [28.124739296776767, 39.403497046], [28.124739296776767, 39.40403603517047], [28.125278285947246, 39.40403603517047], [28.125278285947246, 39.405114013511415], [28.123661318435808, 39.405114013511415], [28.123661318435808, 39.40457502434094], [28.123122329265357, 39.40457502434094], [28.123122329265357, 39.405114013511415], [28.122583340094877, 39.405114013511415], [28.122583340094877, 39.40619199185236], [28.121505361753947, 39.40619199185236], [28.121505361753947, 39.402958056829526]]]}, "id": "+386137+82741", "properties": {"area_ha": 7.771260554529342, "count": 28, "label": 1, "mean_dnbr": 0.45587358928268956}}, {"type": "Feature", "geometry": {"geodesic": false, "type": "Polygon", "coordinates": [[[28.127973231799587, 39.41858874277321], [28.129051210140545, 39.41858874277321], [28.129051210140545, 39.41966672111415], [28.127973231799587, 39.41966672111415], [28.127973231799587, 39.421283688625564], [28.126895253458656, 39.421283688625564], [28.126895253458656, 39.41912773194368], [28.127973231799587, 39.41912773194368], [28.127973231799587, 39.41858874277321]]]}, "id": "+386146+82712", "properties": {"area_ha": 3.329802078253797, "count": 12, "label": 1, "mean_dnbr": 0.3457184361229284}}, {"type": "Feature", "geometry": {"geodesic": false, "type": "Polygon", "coordinates": [[[28.130129188481476, 39.243956251540375], [28.132824134333845, 39.243956251540375], [28.132824134333845, 39.24503422988131], [28.132285145163365, 39.24503422988131], [28.132285145163365, 39.245573219051785], [28.131746155992886, 39.245573219051785], [28.131746155992886, 39.24503422988131], [28.130129188481476, 39.24503422988131], [28.130129188481476, 39.243956251540375]]]}, "id": "+386153+83036", "properties": {"area_ha": 3.059969403014629, "count": 11, "label": 1, "mean_dnbr": 0.2568143374386959}}, {"type": "Feature", "geometry": {"geodesic": false, "type": "Polygon", "coordinates": [[[28.140908971890923, 39.713415819021236], [28.142525939402333, 39.713415819021236], [28.142525939402333, 39.71449379736218], [28.141447961061374, 39.71449379736218], [28.141447961061374, 39.71557177570312], [28.139830993549964, 39.71557177570312], [28.139830993549964, 39.71611076487359], [28.138753015209033, 39.71611076487359], [28.138753015209033, 39.715032786532646], [28.139830993549964, 39.715032786532646], [28.139830993549964, 39.71449379736218], [28.140908971890923, 39.71449379736218], [28.140908971890923, 39.713415819021236]]]}, "id": "+386171+82165", "properties": {"area_ha": 4.420892837106984, "count": 16, "label": 1, "mean_dnbr": 0.3200522746448528}}, {"type": "Feature", "geometry": {"geodesic": false, "type": "Polygon", "coordinates": [[[28.143603917743263, 39.25743098080216], [28.144142906913743, 39.25743098080216], [28.144142906913743, 39.257969969972635], [28.144681896084222, 39.257969969972635], [28.144681896084222, 39.260125926654524], [28.143064928572812, 39.260125926654524], [28.143064928572812, 39.25958693748405], [28.143603917743263, 39.25958693748405], [28.143603917743263, 39.25850895914311], [28.143064928572812, 39.25850895914311], [28.143064928572812, 39.257969969972635], [28.143603917743263, 39.257969969972635], [28.143603917743263, 39.25743098080216]]]}, "id": "+386174+83011", "properties": {"area_ha": 3.0593557921192787, "count": 11, "label": 1, "mean_dnbr": 0.29273965696990023}}, {"type": "Feature", "geometry": {"geodesic": false, "type": "Polygon", "coordinates": [[[28.144142906913743, 39.682154447133875], [28.144681896084222, 39.682154447133875], [28.144681896084222, 39.684310403815765], [28.144142906913743, 39.684310403815765], [28.144142906913743, 39.68484939298623], [28.143064928572812, 39.68484939298623], [28.143064928572812, 39.68377141464529], [28.142525939402333, 39.68377141464529], [28.142525939402333, 39.68269343630435], [28.144142906913743, 39.68269343630435], [28.144142906913743, 39.682154447133875]]]}, "id": "+386175+82223", "properties": {"area_ha": 3.870029744904922, "count": 14, "label": 1, "mean_dnbr": 0.35373067707975364}}, {"type": "Feature", "geometry": {"geodesic": false, "type": "Polygon", "coordinates": [[[28.144142906913743, 39.65574397778076], [28.146298863595632, 39.65574397778076], [28.146298863595632, 39.65628296695123], [28.14683785276611, 39.65628296695123], [28.14683785276611, 39.6568219561217], [28.147915831107042, 39.6568219561217], [28.147915831107042, 39.657360945292176], [28.14683785276611, 39.657360945292176], [28.14683785276611, 39.65789993446265], [28.1452208852547, 39.65789993446265], [28.1452208852547, 39.657360945292176], [28.145759874425153, 39.657360945292176], [28.145759874425153, 39.6568219561217], [28.1452208852547, 39.6568219561217], [28.1452208852547, 39.65628296695123], [28.144142906913743, 39.65628296695123], [28.144142906913743, 39.65574397778076]]]}, "id": "+386178+82272", "properties": {"area_ha": 3.8715276114449275, "count": 14, "label": 1, "mean_dnbr": 0.27603254330870874}}, {"type": "Feature", "geometry": {"geodesic": false, "type": "Polygon", "coordinates": [[[28.145759874425153, 39.64604217271227], [28.147376841936563, 39.64604217271227], [28.147376841936563, 39.64765914022369], [28.145759874425153, 39.64765914022369], [28.145759874425153, 39.648737118564625], [28.1452208852547, 39.648737118564625], [28.1452208852547, 39.6492761077351], [28.146298863595632, 39.6492761077351], [28.146298863595632, 39.65143206441699], [28.144681896084222, 39.65143206441699], [28.144681896084222, 39.65035408607604], [28.143064928572812, 39.65035408607604], [28.143064928572812, 39.64981509690557], [28.143603917743263, 39.64981509690557], [28.143603917743263, 39.6492761077351], [28.144681896084222, 39.6492761077351], [28.144681896084222, 39.647120151053215], [28.145759874425153, 39.647120151053215], [28.145759874425153, 39.64604217271227]]]}, "id": "+386180+82290", "properties": {"area_ha": 9.126802628532456, "count": 33, "label": 1, "mean_dnbr": 0.2808762612694226}}, {"type": "Feature", "geometry": {"geodesic": false, "type": "Polygon", "coordinates": [[[28.147376841936563, 39.65789993446265], [28.147915831107042, 39.65789993446265], [28.147915831107042, 39.65843892363312], [28.14845482027752, 39.65843892363312], [28.14845482027752, 39.66005589114454], [28.147915831107042, 39.66005589114454], [28.147915831107042, 39.66167285865595], [28.149532798618452, 39.66167285865595], [28.149532798618452, 39.66221184782642], [28.14845482027752, 39.66221184782642], [28.14845482027752, 39.66275083699689], [28.14683785276611, 39.66275083699689], [28.14683785276611, 39.66167285865595], [28.147376841936563, 39.66167285865595], [28.147376841936563, 39.65789993446265]]]}, "id": "+386181+82268", "properties": {"area_ha": 4.977397826183633, "count": 18, "label": 1, "mean_dnbr": 0.32159281603627987}}, {"type": "Feature", "geometry": {"geodesic": false, "type": "Polygon", "coordinates": [[[28.14845482027752, 39.66436780450831], [28.148993809448, 39.66436780450831], [28.148993809448, 39.66490679367878], [28.15061077695941, 39.66490679367878], [28.15061077695941, 39.665445782849254], [28.149532798618452, 39.665445782849254], [28.149532798618452, 39.665984772019726], [28.14845482027752, 39.665984772019726], [28.14845482027752, 39.665445782849254], [28.14683785276611, 39.665445782849254], [28.14683785276611, 39.665984772019726], [28.1452208852547, 39.665984772019726], [28.1452208852547, 39.6665237611902], [28.143603917743263, 39.6665237611902], [28.143603917743263, 39.665445782849254], [28.145759874425153, 39.665445782849254], [28.145759874425153, 39.66490679367878], [28.146298863595632, 39.66490679367878], [28.146298863595632, 39.665445782849254], [28.14683785276611, 39.665445782849254], [28.14683785276611, 39.66490679367878], [28.14845482027752, 39.66490679367878], [28.14845482027752, 39.66436780450831]]]}, "id": "+386183+82256", "properties": {"area_ha": 5.530056065676887, "count": 20, "label": 1, "mean_dnbr": 0.33990616593583883}}, {"type": "Feature", "geometry": {"geodesic": false, "type": "Polygon", "coordinates": [[[28.149532798618452, 39.68053747962246], [28.15061077695941, 39.68053747962246], [28.15061077695941, 39.68107646879293], [28.1527667336413, 39.68107646879293], [28.1527667336413, 39.6816154579634], [28.15546167949364, 39.6816154579634], [28.15546167949364, 39.682154447133875], [28.15492269032319, 39.682154447133875], [28.15492269032319, 39.68269343630435], [28.15600066866412, 39.68269343630435], [28.15600066866412, 39.68323242547482], [28.15438370115271, 39.68323242547482], [28.15438370115271, 39.68269343630435], [28.15222774447082, 39.68269343630435], [28.15222774447082, 39.6816154579634], [28.15114976612989, 39.6816154579634], [28.15114976612989, 39.682154447133875], [28.15168875530034, 39.682154447133875], [28.15168875530034, 39.68269343630435], [28.15061077695941, 39.68269343630435], [28.15061077695941, 39.68107646879293], [28.15007178778893, 39.68107646879293], [28.15007178778893, 39.6816154579634], [28.14845482027752, 39.6816154579634], [28.14845482027752, 39.68107646879293], [28.149532798618452, 39.68107646879293], [28.149532798618452, 39.68053747962246]]]}, "id": "+386186+82226", "properties": {"area_ha": 7.187361336766025, "count": 26, "label": 1, "mean_dnbr": 0.31545930469176037}}, {"type": "Feature", "geometry": {"geodesic": false, "type": "Polygon", "coordinates": [[[28.15384471198223, 39.70802592731652], [28.15492269032319, 39.70802592731652], [28.15492269032319, 39.710720873168874], [28.15600066866412, 39.710720873168874], [28.15600066866412, 39.71125986233935], [28.15384471198223, 39.71125986233935], [28.15384471198223, 39.7101818839984], [28.15330572281175, 39.7101818839984], [28.15330572281175, 39.70856491648699], [28.15384471198223, 39.70856491648699], [28.15384471198223, 39.70802592731652]]]}, "id": "+386194+82175", "properties": {"area_ha": 4.697544864403746, "count": 17, "label": 1, "mean_dnbr": 0.5424345744271113}}, {"type": "Feature", "geometry": {"geodesic": false, "type": "Polygon", "coordinates": [[[28.16139056036883, 39.692395241372836], [28.16354651705072, 39.692395241372836], [28.16354651705072, 39.69293423054331], [28.1640855062212, 39.69293423054331], [28.1640855062212, 39.69347321971378], [28.1603125820279, 39.69347321971378], [28.1603125820279, 39.69293423054331], [28.16139056036883, 39.69293423054331], [28.16139056036883, 39.692395241372836]]]}, "id": "+386210+82204", "properties": {"area_ha": 3.0403509826641786, "count": 11, "label": 1, "mean_dnbr": 0.4926667784512252}}, {"type": "Feature", "geometry": {"geodesic": false, "type": "Polygon", "coordinates": [[[28.1640855062212, 39.70748693814605], [28.164624495391678, 39.70748693814605], [28.164624495391678, 39.70802592731652], [28.16516348456213, 39.70802592731652], [28.16516348456213, 39.70856491648699], [28.167858430414498, 39.70856491648699], [28.167858430414498, 39.70964289482793], [28.167319441244018, 39.70964289482793], [28.167319441244018, 39.7101818839984], [28.166241462903088, 39.7101818839984], [28.166241462903088, 39.70964289482793], [28.166780452073567, 39.70964289482793], [28.166780452073567, 39.70910390565746], [28.16516348456213, 39.70910390565746], [28.16516348456213, 39.70856491648699], [28.16354651705072, 39.70856491648699], [28.16354651705072, 39.70802592731652], [28.1640855062212, 39.70802592731652], [28.1640855062212, 39.70748693814605]]]}, "id": "+386212+82176", "properties": {"area_ha": 3.592274971864624, "count": 13, "label": 1, "mean_dnbr": 0.3142427547558236}}, {"type": "Feature", "geometry": {"geodesic": false, "type": "Polygon", "coordinates": [[[28.16570247373261, 39.70371401395274], [28.167858430414498, 39.70371401395274], [28.167858430414498, 39.704791992293686], [28.168936408755457, 39.704791992293686], [28.168936408755457, 39.70533098146416], [28.169475397925908, 39.70533098146416], [28.169475397925908, 39.70586997063463], [28.168936408755457, 39.70586997063463], [28.168936408755457, 39.7064089598051], [28.168397419584977, 39.7064089598051], [28.168397419584977, 39.70533098146416], [28.167858430414498, 39.70533098146416], [28.167858430414498, 39.70586997063463], [28.167319441244018, 39.70586997063463], [28.167319441244018, 39.704791992293686], [28.166780452073567, 39.704791992293686], [28.166780452073567, 39.70533098146416], [28.166241462903088, 39.70533098146416], [28.166241462903088, 39.7064089598051], [28.166780452073567, 39.7064089598051], [28.166780452073567, 39.70748693814605], [28.16516348456213, 39.70748693814605], [28.16516348456213, 39.706947948975575], [28.164624495391678, 39.706947948975575], [28.164624495391678, 39.7064089598051], [28.16516348456213, 39.7064089598051], [28.16516348456213, 39.70533098146416], [28.16570247373261, 39.70533098146416], [28.16570247373261, 39.704791992293686], [28.16516348456213, 39.704791992293686], [28.16516348456213, 39.70425300312321], [28.16570247373261, 39.70425300312321], [28.16570247373261, 39.70371401395274]]]}, "id": "+386218+82183", "properties": {"area_ha": 8.013943223128097, "count": 29, "label": 1, "mean_dnbr": 0.38193672015158575}}, {"type": "Feature", "geometry": {"geodesic": false, "type": "Polygon", "coordinates": [[[28.169475397925908, 39.69994108975944], [28.170014387096387, 39.69994108975944], [28.170014387096387, 39.700480078929914], [28.169475397925908, 39.700480078929914], [28.169475397925908, 39.701019068100386], [28.168936408755457, 39.701019068100386], [28.168936408755457, 39.70155805727086], [28.168397419584977, 39.70155805727086], [28.168397419584977, 39.70209704644133], [28.166780452073567, 39.70209704644133], [28.166780452073567, 39.701019068100386], [28.167319441244018, 39.701019068100386], [28.167319441244018, 39.700480078929914], [28.167858430414498, 39.700480078929914], [28.167858430414498, 39.69994108975944], [28.168397419584977, 39.69994108975944], [28.168397419584977, 39.700480078929914], [28.169475397925908, 39.700480078929914], [28.169475397925908, 39.69994108975944]], [[28.168397419584977, 39.700480078929914], [28.168397419584977, 39.701019068100386], [28.167858430414498, 39.701019068100386], [28.167858430414498, 39.700480078929914], [28.168397419584977, 39.700480078929914]]]}, "id": "+386222+82190", "properties": {"area_ha": 3.316327823564226, "count": 12, "label": 1, "mean_dnbr": 0.24354744835080328}}, {"type": "Feature", "geometry": {"geodesic": false, "type": "Polygon", "coordinates": [[[28.170553376266867, 39.69616816556614], [28.171092365437346, 39.69616816556614], [28.171092365437346, 39.69724614390708], [28.170553376266867, 39.69724614390708], [28.170553376266867, 39.69778513307755], [28.170014387096387, 39.69778513307755], [28.170014387096387, 39.698324122248025], [28.169475397925908, 39.698324122248025], [28.169475397925908, 39.6988631114185], [28.167319441244018, 39.6988631114185], [28.167319441244018, 39.69994108975944], [28.166241462903088, 39.69994108975944], [28.166241462903088, 39.69940210058897], [28.16570247373261, 39.69940210058897], [28.16570247373261, 39.6988631114185], [28.167319441244018, 39.6988631114185], [28.167319441244018, 39.69778513307755], [28.168936408755457, 39.69778513307755], [28.168936408755457, 39.69724614390708], [28.170553376266867, 39.69724614390708], [28.170553376266867, 39.69616816556614]]]}, "id": "+386224+82197", "properties": {"area_ha": 5.2510638059786094, "count": 19, "label": 1, "mean_dnbr": 0.38199464006311895}}, {"type": "Feature", "geometry": {"geodesic": false, "type": "Polygon", "coordinates": [[[28.170553376266867, 39.70533098146416], [28.171631354607797, 39.70533098146416], [28.171631354607797, 39.7064089598051], [28.171092365437346, 39.7064089598051], [28.171092365437346, 39.70856491648699], [28.170553376266867, 39.70856491648699], [28.170553376266867, 39.70748693814605], [28.170014387096387, 39.70748693814605], [28.170014387096387, 39.70586997063463], [28.170553376266867, 39.70586997063463], [28.170553376266867, 39.70533098146416]]]}, "id": "+386225+82180", "properties": {"area_ha": 3.0397194025426617, "count": 11, "label": 1, "mean_dnbr": 0.3024353059813893}}, {"type": "Feature", "geometry": {"geodesic": false, "type": "Polygon", "coordinates": [[[28.171631354607797, 39.69724614390708], [28.173248322119207, 39.69724614390708], [28.173248322119207, 39.698324122248025], [28.172170343778276, 39.698324122248025], [28.172170343778276, 39.69940210058897], [28.171092365437346, 39.69940210058897], [28.171092365437346, 39.6988631114185], [28.170553376266867, 39.6988631114185], [28.170553376266867, 39.698324122248025], [28.171631354607797, 39.698324122248025], [28.171631354607797, 39.69724614390708]]]}, "id": "+386228+82195", "properties": {"area_ha": 3.040089388457669, "count": 11, "label": 1, "mean_dnbr": 0.36089687871401105}}, {"type": "Feature", "geometry": {"geodesic": false, "type": "Polygon", "coordinates": [[[28.175943267971576, 39.698324122248025], [28.176482257142055, 39.698324122248025], [28.176482257142055, 39.6988631114185], [28.177021246312535, 39.6988631114185], [28.177021246312535, 39.69940210058897], [28.176482257142055, 39.69940210058897], [28.176482257142055, 39.69994108975944], [28.175943267971576, 39.69994108975944], [28.175943267971576, 39.700480078929914], [28.175404278801096, 39.700480078929914], [28.175404278801096, 39.701019068100386], [28.174865289630645, 39.701019068100386], [28.174865289630645, 39.70155805727086], [28.174326300460166, 39.70155805727086], [28.174326300460166, 39.700480078929914], [28.173787311289686, 39.700480078929914], [28.173787311289686, 39.701019068100386], [28.173248322119207, 39.701019068100386], [28.173248322119207, 39.70155805727086], [28.172170343778276, 39.70155805727086], [28.172170343778276, 39.70209704644133], [28.171631354607797, 39.70209704644133], [28.171631354607797, 39.70155805727086], [28.172170343778276, 39.70155805727086], [28.172170343778276, 39.701019068100386], [28.172709332948756, 39.701019068100386], [28.172709332948756, 39.700480078929914], [28.173248322119207, 39.700480078929914], [28.173248322119207, 39.69994108975944], [28.173787311289686, 39.69994108975944], [28.173787311289686, 39.69940210058897], [28.174326300460166, 39.69940210058897], [28.174326300460166, 39.69994108975944], [28.174865289630645, 39.69994108975944], [28.174865289630645, 39.69940210058897], [28.175404278801096, 39.69940210058897], [28.175404278801096, 39.6988631114185], [28.175943267971576, 39.6988631114185], [28.175943267971576, 39.698324122248025]]]}, "id": "+386234+82193", "properties": {"area_ha": 5.803646491530387, "count": 21, "label": 1, "mean_dnbr": 0.3957133317002106}}, {"type": "Feature", "geometry": {"geodesic": false, "type": "Polygon", "coordinates": [[[28.181333159676285, 39.71449379736218], [28.182411138017244, 39.71449379736218], [28.182411138017244, 39.715032786532646], [28.183489116358174, 39.715032786532646], [28.183489116358174, 39.71557177570312], [28.184028105528654, 39.71557177570312], [28.184028105528654, 39.715032786532646], [28.186184062210543, 39.715032786532646], [28.186184062210543, 39.71557177570312], [28.185645073040064, 39.71557177570312], [28.185645073040064, 39.71611076487359], [28.185106083869584, 39.71611076487359], [28.185106083869584, 39.71664975404406], [28.183489116358174, 39.71664975404406], [28.183489116358174, 39.71557177570312], [28.182411138017244, 39.71557177570312], [28.182411138017244, 39.715032786532646], [28.181872148846765, 39.715032786532646], [28.181872148846765, 39.71557177570312], [28.181333159676285, 39.71557177570312], [28.181333159676285, 39.71449379736218]]]}, "id": "+386245+82163", "properties": {"area_ha": 4.4208365477644005, "count": 16, "label": 1, "mean_dnbr": 0.3841093608843689}}, {"type": "Feature", "geometry": {"geodesic": false, "type": "Polygon", "coordinates": [[[28.181872148846765, 39.70802592731652], [28.182950127187723, 39.70802592731652], [28.182950127187723, 39.70910390565746], [28.182411138017244, 39.70910390565746], [28.182411138017244, 39.70964289482793], [28.181872148846765, 39.70964289482793], [28.181872148846765, 39.7101818839984], [28.181333159676285, 39.7101818839984], [28.181333159676285, 39.71125986233935], [28.182411138017244, 39.71125986233935], [28.182411138017244, 39.71179885150982], [28.182950127187723, 39.71179885150982], [28.182950127187723, 39.71233784068029], [28.183489116358174, 39.71233784068029], [28.183489116358174, 39.713415819021236], [28.181333159676285, 39.713415819021236], [28.181333159676285, 39.71395480819171], [28.180794170505834, 39.71395480819171], [28.180794170505834, 39.71449379736218], [28.180255181335355, 39.71449379736218], [28.180255181335355, 39.71395480819171], [28.180794170505834, 39.71395480819171], [28.180794170505834, 39.713415819021236], [28.181333159676285, 39.713415819021236], [28.181333159676285, 39.712876829850764], [28.180794170505834, 39.712876829850764], [28.180794170505834, 39.71179885150982], [28.179177202994396, 39.71179885150982], [28.179177202994396, 39.71125986233935], [28.178638213823945, 39.71125986233935], [28.178638213823945, 39.710720873168874], [28.178099224653465, 39.710720873168874], [28.178099224653465, 39.7101818839984], [28.179177202994396, 39.7101818839984], [28.179177202994396, 39.710720873168874], [28.179716192164875, 39.710720873168874], [28.179716192164875, 39.71125986233935], [28.180255181335355, 39.71125986233935], [28.180255181335355, 39.710720873168874], [28.180794170505834, 39.710720873168874], [28.180794170505834, 39.7101818839984], [28.181333159676285, 39.7101818839984], [28.181333159676285, 39.70856491648699], [28.181872148846765, 39.70856491648699], [28.181872148846765, 39.70802592731652]]]}, "id": "+386246+82175", "properties": {"area_ha": 9.947510316069462, "count": 36, "label": 1, "mean_dnbr": 0.42725466876622037}}, {"type": "Feature", "geometry": {"geodesic": false, "type": "Polygon", "coordinates": [[[28.182411138017244, 39.696707154736615], [28.182950127187723, 39.696707154736615], [28.182950127187723, 39.69724614390708], [28.184028105528654, 39.69724614390708], [28.184028105528654, 39.698324122248025], [28.181333159676285, 39.698324122248025], [28.181333159676285, 39.6988631114185], [28.180794170505834, 39.6988631114185], [28.180794170505834, 39.698324122248025], [28.181333159676285, 39.698324122248025], [28.181333159676285, 39.69778513307755], [28.181872148846765, 39.69778513307755], [28.181872148846765, 39.69724614390708], [28.182411138017244, 39.69724614390708], [28.182411138017244, 39.696707154736615]]]}, "id": "+386246+82196", "properties": {"area_ha": 3.0401228684329094, "count": 11, "label": 1, "mean_dnbr": 0.3304276546407618}}, {"type": "Feature", "geometry": {"geodesic": false, "type": "Polygon", "coordinates": [[[28.184567094699133, 39.52530859852661], [28.185106083869584, 39.52530859852661], [28.185106083869584, 39.528542533549434], [28.184028105528654, 39.528542533549434], [28.184028105528654, 39.527464555208496], [28.182411138017244, 39.527464555208496], [28.182411138017244, 39.526925566038024], [28.181872148846765, 39.526925566038024], [28.181872148846765, 39.52638657686755], [28.184028105528654, 39.52638657686755], [28.184028105528654, 39.526925566038024], [28.184567094699133, 39.526925566038024], [28.184567094699133, 39.52530859852661]]]}, "id": "+386250+82514", "properties": {"area_ha": 4.432896216856169, "count": 16, "label": 1, "mean_dnbr": 0.29147247223888906}}, {"type": "Feature", "geometry": {"geodesic": false, "type": "Polygon", "coordinates": [[[28.183489116358174, 39.35876094485085], [28.185106083869584, 39.35876094485085], [28.185106083869584, 39.359299934021315], [28.186184062210543, 39.359299934021315], [28.186184062210543, 39.36091690153273], [28.185645073040064, 39.36091690153273], [28.185645073040064, 39.36037791236226], [28.185106083869584, 39.36037791236226], [28.185106083869584, 39.35983892319179], [28.183489116358174, 39.35983892319179], [28.183489116358174, 39.35876094485085]]]}, "id": "+386250+82823", "properties": {"area_ha": 3.054953618008939, "count": 11, "label": 1, "mean_dnbr": 0.294863000029174}}, {"type": "Feature", "geometry": {"geodesic": false, "type": "Polygon", "coordinates": [[[28.185645073040064, 39.7101818839984], [28.186723051381023, 39.7101818839984], [28.186723051381023, 39.71125986233935], [28.185106083869584, 39.71125986233935], [28.185106083869584, 39.71179885150982], [28.185645073040064, 39.71179885150982], [28.185645073040064, 39.713415819021236], [28.184567094699133, 39.713415819021236], [28.184567094699133, 39.71125986233935], [28.185106083869584, 39.71125986233935], [28.185106083869584, 39.710720873168874], [28.185645073040064, 39.710720873168874], [28.185645073040064, 39.7101818839984]]]}, "id": "+386253+82171", "properties": {"area_ha": 3.3158168358144597, "count": 12, "label": 1, "mean_dnbr": 0.25401217986006414}}, {"type": "Feature", "geometry": {"geodesic": false, "type": "Polygon", "coordinates": [[[28.19911980230185, 39.459012930558586], [28.20073676981329, 39.459012930558586], [28.20073676981329, 39.45955191972906], [28.19911980230185, 39.45955191972906], [28.19911980230185, 39.46062989807], [28.19804182396092, 39.46062989807], [28.19804182396092, 39.461168887240476], [28.196963845619962, 39.461168887240476], [28.196963845619962, 39.46170787641094], [28.19642485644951, 39.46170787641094], [28.19642485644951, 39.461168887240476], [28.19588586727903, 39.461168887240476], [28.19588586727903, 39.46062989807], [28.19804182396092, 39.46062989807], [28.19804182396092, 39.46009090889953], [28.1985808131314, 39.46009090889953], [28.1985808131314, 39.45955191972906], [28.19911980230185, 39.45955191972906], [28.19911980230185, 39.459012930558586]]]}, "id": "+386279+82637", "properties": {"area_ha": 3.0505407329145644, "count": 11, "label": 1, "mean_dnbr": 0.29029407307842825}}, {"type": "Feature", "geometry": {"geodesic": false, "type": "Polygon", "coordinates": [[[28.206126661518, 39.71557177570312], [28.20720463985893, 39.71557177570312], [28.20720463985893, 39.71664975404406], [28.20774362902941, 39.71664975404406], [28.20774362902941, 39.71772773238501], [28.20828261819989, 39.71772773238501], [28.20828261819989, 39.71826672155548], [28.20774362902941, 39.71826672155548], [28.20774362902941, 39.71772773238501], [28.20720463985893, 39.71772773238501], [28.20720463985893, 39.717188743214535], [28.206126661518, 39.717188743214535], [28.206126661518, 39.71772773238501], [28.20558767234752, 39.71772773238501], [28.20558767234752, 39.71826672155548], [28.206126661518, 39.71826672155548], [28.206126661518, 39.71880571072595], [28.20558767234752, 39.71880571072595], [28.20558767234752, 39.719344699896425], [28.20720463985893, 39.719344699896425], [28.20720463985893, 39.72042267823737], [28.20666565068848, 39.72042267823737], [28.20666565068848, 39.720961667407835], [28.206126661518, 39.720961667407835], [28.206126661518, 39.72203964574878], [28.20666565068848, 39.72203964574878], [28.20666565068848, 39.72257863491925], [28.20558767234752, 39.72257863491925], [28.20558767234752, 39.72150065657831], [28.20450969400659, 39.72150065657831], [28.20450969400659, 39.72042267823737], [28.20343171566563, 39.72042267823737], [28.20343171566563, 39.7198836890669], [28.20450969400659, 39.7198836890669], [28.20450969400659, 39.719344699896425], [28.20504868317704, 39.719344699896425], [28.20504868317704, 39.71880571072595], [28.20450969400659, 39.71880571072595], [28.20450969400659, 39.71772773238501], [28.20343171566563, 39.71772773238501], [28.20343171566563, 39.71611076487359], [28.20397070483611, 39.71611076487359], [28.20397070483611, 39.71557177570312], [28.20504868317704, 39.71557177570312], [28.20504868317704, 39.71611076487359], [28.20450969400659, 39.71611076487359], [28.20450969400659, 39.717188743214535], [28.20558767234752, 39.717188743214535], [28.20558767234752, 39.71664975404406], [28.206126661518, 39.71664975404406], [28.206126661518, 39.71557177570312]]]}, "id": "+386291+82161", "properties": {"area_ha": 13.538211605844754, "count": 49, "label": 1, "mean_dnbr": 0.45486489030155286}}, {"type": "Feature", "geometry": {"geodesic": false, "type": "Polygon", "coordinates": [[[28.209899585711298, 39.72473459160114], [28.21097756405223, 39.72473459160114], [28.21097756405223, 39.725812569942086], [28.210438574881778, 39.725812569942086], [28.210438574881778, 39.72635155911256], [28.211516553222708, 39.72635155911256], [28.211516553222708, 39.72689054828303], [28.21097756405223, 39.72689054828303], [28.21097756405223, 39.727429537453496], [28.210438574881778, 39.727429537453496], [28.210438574881778, 39.72689054828303], [28.20936059654082, 39.72689054828303], [28.20936059654082, 39.725812569942086], [28.209899585711298, 39.725812569942086], [28.209899585711298, 39.72473459160114]]]}, "id": "+386298+82144", "properties": {"area_ha": 3.0388643829638347, "count": 11, "label": 1, "mean_dnbr": 0.275356119056187}}, {"type": "Feature", "geometry": {"geodesic": false, "type": "Polygon", "coordinates": [[[28.223374314973086, 39.45524000636529], [28.224452293314044, 39.45524000636529], [28.224452293314044, 39.456317984706224], [28.225530271654975, 39.456317984706224], [28.225530271654975, 39.4568569738767], [28.224991282484496, 39.4568569738767], [28.224991282484496, 39.45739596304717], [28.224452293314044, 39.45739596304717], [28.224452293314044, 39.45793495221764], [28.224991282484496, 39.45793495221764], [28.224991282484496, 39.458473941388114], [28.223913304143565, 39.458473941388114], [28.223913304143565, 39.45739596304717], [28.224452293314044, 39.45739596304717], [28.224452293314044, 39.456317984706224], [28.223913304143565, 39.456317984706224], [28.223913304143565, 39.4568569738767], [28.222835325802606, 39.4568569738767], [28.222835325802606, 39.45739596304717], [28.222296336632155, 39.45739596304717], [28.222296336632155, 39.45793495221764], [28.221218358291196, 39.45793495221764], [28.221218358291196, 39.45739596304717], [28.220679369120717, 39.45739596304717], [28.220679369120717, 39.4568569738767], [28.220140379950266, 39.4568569738767], [28.220140379950266, 39.45577899553575], [28.220679369120717, 39.45577899553575], [28.220679369120717, 39.456317984706224], [28.221218358291196, 39.456317984706224], [28.221218358291196, 39.45577899553575], [28.222296336632155, 39.45577899553575], [28.222296336632155, 39.456317984706224], [28.221218358291196, 39.456317984706224], [28.221218358291196, 39.4568569738767], [28.222835325802606, 39.4568569738767], [28.222835325802606, 39.45577899553575], [28.223374314973086, 39.45577899553575], [28.223374314973086, 39.45524000636529]]]}, "id": "+386323+82644", "properties": {"area_ha": 6.656075536584186, "count": 24, "label": 1, "mean_dnbr": 0.24627408410091076}}, {"type": "Feature", "geometry": {"geodesic": false, "type": "Polygon", "coordinates": [[[28.230381174189233, 39.49889812917349], [28.231459152530164, 39.49889812917349], [28.231459152530164, 39.49943711834396], [28.230381174189233, 39.49943711834396], [28.230381174189233, 39.499976107514435], [28.229842185018754, 39.499976107514435], [28.229842185018754, 39.50105408585538], [28.229303195848274, 39.50105408585538], [28.229303195848274, 39.50051509668491], [28.227686228336864, 39.50051509668491], [28.227686228336864, 39.50105408585538], [28.226069260825454, 39.50105408585538], [28.226069260825454, 39.499976107514435], [28.229303195848274, 39.499976107514435], [28.229303195848274, 39.49943711834396], [28.230381174189233, 39.49943711834396], [28.230381174189233, 39.49889812917349]]]}, "id": "+386336+82563", "properties": {"area_ha": 4.157433970659665, "count": 15, "label": 1, "mean_dnbr": 0.27650549318601897}}, {"type": "Feature", "geometry": {"geodesic": false, "type": "Polygon", "coordinates": [[[28.234154098382533, 39.49189126995736], [28.234693087552984, 39.49189126995736], [28.234693087552984, 39.4929692482983], [28.235771065893942, 39.4929692482983], [28.235771065893942, 39.49243025912783], [28.236849044234873, 39.49243025912783], [28.236849044234873, 39.4929692482983], [28.236310055064422, 39.4929692482983], [28.236310055064422, 39.493508237468774], [28.235232076723463, 39.493508237468774], [28.235232076723463, 39.49512520498019], [28.233615109212053, 39.49512520498019], [28.233615109212053, 39.49458621580972], [28.234154098382533, 39.49458621580972], [28.234154098382533, 39.4929692482983], [28.233615109212053, 39.4929692482983], [28.233615109212053, 39.493508237468774], [28.233076120041574, 39.493508237468774], [28.233076120041574, 39.4929692482983], [28.233615109212053, 39.4929692482983], [28.233615109212053, 39.49243025912783], [28.234154098382533, 39.49243025912783], [28.234154098382533, 39.49189126995736]]]}, "id": "+386342+82576", "properties": {"area_ha": 4.712231475844987, "count": 17, "label": 1, "mean_dnbr": 0.3077777586070012}}, {"type": "Feature", "geometry": {"geodesic": false, "type": "Polygon", "coordinates": [[[28.234154098382533, 39.496203183321136], [28.235232076723463, 39.496203183321136], [28.235232076723463, 39.49728116166208], [28.234693087552984, 39.49728116166208], [28.234693087552984, 39.49782015083255], [28.233076120041574, 39.49782015083255], [28.233076120041574, 39.49728116166208], [28.232537130871094, 39.49728116166208], [28.232537130871094, 39.49674217249161], [28.231998141700643, 39.49674217249161], [28.231998141700643, 39.496203183321136], [28.233615109212053, 39.496203183321136], [28.233615109212053, 39.49674217249161], [28.234154098382533, 39.49674217249161], [28.234154098382533, 39.496203183321136]]]}, "id": "+386343+82568", "properties": {"area_ha": 3.6032925426629183, "count": 13, "label": 1, "mean_dnbr": 0.30415996217997887}}, {"type": "Feature", "geometry": {"geodesic": false, "type": "Polygon", "coordinates": [[[28.24277792511006, 39.475182605672735], [28.24385590345102, 39.475182605672735], [28.24385590345102, 39.47626058401368], [28.24493388179195, 39.47626058401368], [28.24493388179195, 39.47679957318415], [28.24439489262147, 39.47679957318415], [28.24439489262147, 39.477338562354625], [28.24385590345102, 39.477338562354625], [28.24385590345102, 39.4778775515251], [28.24277792511006, 39.4778775515251], [28.24277792511006, 39.47679957318415], [28.24223893593961, 39.47679957318415], [28.24223893593961, 39.47626058401368], [28.24169994676913, 39.47626058401368], [28.24169994676913, 39.47572159484321], [28.24223893593961, 39.47572159484321], [28.24223893593961, 39.47626058401368], [28.24331691428054, 39.47626058401368], [28.24331691428054, 39.47572159484321], [28.24277792511006, 39.47572159484321], [28.24277792511006, 39.475182605672735]]]}, "id": "+386359+82607", "properties": {"area_ha": 3.8816046361839844, "count": 14, "label": 1, "mean_dnbr": 0.28108560945909744}}, {"type": "Feature", "geometry": {"geodesic": false, "type": "Polygon", "coordinates": [[[28.24493388179195, 39.42882953701217], [28.24601186013291, 39.42882953701217], [28.24601186013291, 39.43098549369406], [28.24655084930336, 39.43098549369406], [28.24655084930336, 39.431524482864525], [28.24601186013291, 39.431524482864525], [28.24601186013291, 39.432063472035], [28.24547287096243, 39.432063472035], [28.24547287096243, 39.43044650452359], [28.24439489262147, 39.43044650452359], [28.24439489262147, 39.429907515353115], [28.24331691428054, 39.429907515353115], [28.24331691428054, 39.43044650452359], [28.24277792511006, 39.43044650452359], [28.24277792511006, 39.429907515353115], [28.24331691428054, 39.429907515353115], [28.24331691428054, 39.42936852618264], [28.24493388179195, 39.42936852618264], [28.24493388179195, 39.42882953701217]]]}, "id": "+386363+82693", "properties": {"area_ha": 4.161635878525324, "count": 15, "label": 1, "mean_dnbr": 0.3066651815558289}}, {"type": "Feature", "geometry": {"geodesic": false, "type": "Polygon", "coordinates": [[[28.24547287096243, 39.4681757464566], [28.24655084930336, 39.4681757464566], [28.24655084930336, 39.46979271396802], [28.24601186013291, 39.46979271396802], [28.24601186013291, 39.47033170313849], [28.24439489262147, 39.47033170313849], [28.24439489262147, 39.46925372479755], [28.24493388179195, 39.46925372479755], [28.24493388179195, 39.468714735627074], [28.24547287096243, 39.468714735627074], [28.24547287096243, 39.4681757464566]]]}, "id": "+386364+82620", "properties": {"area_ha": 3.327438239076543, "count": 12, "label": 1, "mean_dnbr": 0.3799373264829826}}, {"type": "Feature", "geometry": {"geodesic": false, "type": "Polygon", "coordinates": [[[28.25032377349666, 39.42882953701217], [28.25086276266714, 39.42882953701217], [28.25086276266714, 39.42936852618264], [28.25032377349666, 39.42936852618264], [28.25032377349666, 39.43044650452359], [28.25140175183762, 39.43044650452359], [28.25140175183762, 39.431524482864525], [28.24978478432621, 39.431524482864525], [28.24978478432621, 39.43098549369406], [28.24870680598525, 39.43098549369406], [28.24870680598525, 39.429907515353115], [28.24978478432621, 39.429907515353115], [28.24978478432621, 39.42936852618264], [28.24924579515573, 39.42936852618264], [28.24924579515573, 39.42882953701217], [28.24978478432621, 39.42882953701217], [28.24978478432621, 39.42936852618264], [28.25032377349666, 39.42936852618264], [28.25032377349666, 39.42882953701217]]]}, "id": "+386372+82693", "properties": {"area_ha": 3.8841823198920067, "count": 14, "label": 1, "mean_dnbr": 0.19596803156966672}}, {"type": "Feature", "geometry": {"geodesic": false, "type": "Polygon", "coordinates": [[[28.25032377349666, 38.83701942783423], [28.25301871934903, 38.83701942783423], [28.25301871934903, 38.8375584170047], [28.25517467603092, 38.8375584170047], [28.25517467603092, 38.83809740617517], [28.255713665201398, 38.83809740617517], [28.255713665201398, 38.83917538451612], [28.254096697689988, 38.83917538451612], [28.254096697689988, 38.83971437368659], [28.25140175183762, 38.83971437368659], [28.25140175183762, 38.83809740617517], [28.25086276266714, 38.83809740617517], [28.25086276266714, 38.8375584170047], [28.25032377349666, 38.8375584170047], [28.25032377349666, 38.83701942783423]]]}, "id": "+386376+83791", "properties": {"area_ha": 9.512651675677475, "count": 34, "label": 1, "mean_dnbr": 0.4817223791311261}}, {"type": "Feature", "geometry": {"geodesic": false, "type": "Polygon", "coordinates": [[[28.25247973017855, 38.84079235202753], [28.25517467603092, 38.84079235202753], [28.25517467603092, 38.84187033036847], [28.2519407410081, 38.84187033036847], [28.2519407410081, 38.841331341198], [28.25247973017855, 38.841331341198], [28.25247973017855, 38.84079235202753]]]}, "id": "+386380+83784", "properties": {"area_ha": 3.0775042244904482, "count": 11, "label": 1, "mean_dnbr": 0.308122768112063}}]}