{"type": "FeatureCollection", "columns": {"area_ha": "Number", "count": "Long<0, 4294967295>", "label": "Byte<0, 1>", "mean_dnbr": "Object", "system:index": "String"}, "features": [{"type": "Feature", "geometry": {"geodesic": false, "type": "Polygon", "coordinates": [[[28.143064928572812, 38.12285877695921], [28.143603917743263, 38.12285877695921], [28.143603917743263, 38.12339776612968], [28.146298863595632, 38.12339776612968], [28.146298863595632, 38.12393675530015], [28.14683785276611, 38.12393675530015], [28.14683785276611, 38.12447574447062], [28.148993809448, 38.12447574447062], [28.148993809448, 38.125014733641095], [28.149532798618452, 38.125014733641095], [28.149532798618452, 38.12555372281157], [28.15007178778893, 38.12555372281157], [28.15007178778893, 38.12663170115251], [28.149532798618452, 38.12663170115251], [28.149532798618452, 38.12609271198204], [28.148993809448, 38.12609271198204], [28.148993809448, 38.12555372281157], [28.147376841936563, 38.12555372281157], [28.147376841936563, 38.12609271198204], [28.14683785276611, 38.12609271198204], [28.14683785276611, 38.127170690322984], [28.147376841936563, 38.127170690322984], [28.147376841936563, 38.12770967949346], [28.14845482027752, 38.12770967949346], [28.14845482027752, 38.1287876578344], [28.15007178778893, 38.1287876578344], [28.15007178778893, 38.12824866866393], [28.15061077695941, 38.12824866866393], [28.15061077695941, 38.12986563617534], [28.14845482027752, 38.12986563617534], [28.14845482027752, 38.13094361451628], [28.147376841936563, 38.13094361451628], [28.147376841936563, 38.13040462534581], [28.147915831107042, 38.13040462534581], [28.147915831107042, 38.12986563617534], [28.147376841936563, 38.12986563617534], [28.147376841936563, 38.1287876578344], [28.146298863595632, 38.1287876578344], [28.146298863595632, 38.12770967949346], [28.145759874425153, 38.12770967949346], [28.145759874425153, 38.12824866866393], [28.1452208852547, 38.12824866866393], [28.1452208852547, 38.129326647004866], [28.145759874425153, 38.129326647004866], [28.145759874425153, 38.13040462534581], [28.146298863595632, 38.13040462534581], [28.146298863595632, 38.13094361451628], [28.145759874425153, 38.13094361451628], [28.145759874425153, 38.13040462534581], [28.1452208852547, 38.13040462534581], [28.1452208852547, 38.12986563617534], [28.144681896084222, 38.12986563617534], [28.144681896084222, 38.13094361451628], [28.144142906913743, 38.13094361451628], [28.144142906913743, 38.129326647004866], [28.144681896084222, 38.129326647004866], [28.144681896084222, 38.12770967949346], [28.145759874425153, 38.12770967949346], [28.145759874425153, 38.127170690322984], [28.146298863595632, 38.127170690322984], [28.146298863595632, 38.12609271198204], [28.145759874425153, 38.12609271198204], [28.145759874425153, 38.12555372281157], [28.146298863595632, 38.12555372281157], [28.146298863595632, 38.12447574447062], [28.1452208852547, 38.12447574447062], [28.1452208852547, 38.125014733641095], [28.142525939402333, 38.125014733641095], [28.142525939402333, 38.12447574447062], [28.141986950231853, 38.12447574447062], [28.141986950231853, 38.12393675530015], [28.141447961061374, 38.12393675530015], [28.141447961061374, 38.12339776612968], [28.141986950231853, 38.12339776612968], [28.141986950231853, 38.12285877695921], [28.142525939402333, 38.12285877695921], [28.142525939402333, 38.12339776612968], [28.143064928572812, 38.12339776612968], [28.143064928572812, 38.12285877695921]], [[28.14845482027752, 38.1287876578344], [28.14845482027752, 38.129326647004866], [28.147915831107042, 38.129326647004866], [28.147915831107042, 38.1287876578344], [28.14845482027752, 38.1287876578344]], [[28.143603917743263, 38.12339776612968], [28.143603917743263, 38.12393675530015], [28.143064928572812, 38.12393675530015], [28.143064928572812, 38.12339776612968], [28.143603917743263, 38.12339776612968]]]}, "id": "+386173+85116", "properties": {"area_ha": 22.604821230662335, "count": 80, "label": 1, "mean_dnbr": 0.3895364015979664}}, {"type": "Feature", "geometry": {"geodesic": false, "type": "Polygon", "coordinates": [[[28.144142906913743, 38.156276105528455], [28.1452208852547, 38.156276105528455], [28.1452208852547, 38.15681509469893], [28.14683785276611, 38.15681509469893], [28.14683785276611, 38.1573540838694], [28.147376841936563, 38.1573540838694], [28.147376841936563, 38.15789307303987], [28.145759874425153, 38.15789307303987], [28.145759874425153, 38.158432062210345], [28.144681896084222, 38.158432062210345], [28.144681896084222, 38.15951004055128], [28.145759874425153, 38.15951004055128], [28.145759874425153, 38.160049029721755], [28.144681896084222, 38.160049029721755], [28.144681896084222, 38.16058801889223], [28.143603917743263, 38.16058801889223], [28.143603917743263, 38.15897105138082], [28.143064928572812, 38.15897105138082], [28.143064928572812, 38.158432062210345], [28.144681896084222, 38.158432062210345], [28.144681896084222, 38.15681509469893], [28.144142906913743, 38.15681509469893], [28.144142906913743, 38.156276105528455]]]}, "id": "+386176+85054", "properties": {"area_ha": 6.778504374001412, "count": 24, "label": 1, "mean_dnbr": 0.3893435086925981}}, {"type": "Feature", "geometry": {"geodesic": false, "type": "Polygon", "coordinates": [[[28.146298863595632, 38.13309957119817], [28.147376841936563, 38.13309957119817], [28.147376841936563, 38.133638560368645], [28.147915831107042, 38.133638560368645], [28.147915831107042, 38.13417754953912], [28.148993809448, 38.13417754953912], [28.148993809448, 38.13471653870959], [28.14845482027752, 38.13471653870959], [28.14845482027752, 38.13525552788006], [28.147376841936563, 38.13525552788006], [28.147376841936563, 38.13471653870959], [28.14683785276611, 38.13471653870959], [28.14683785276611, 38.13417754953912], [28.146298863595632, 38.13417754953912], [28.146298863595632, 38.13309957119817]]]}, "id": "+386180+85097", "properties": {"area_ha": 3.107842997741449, "count": 11, "label": 1, "mean_dnbr": 0.28007322416863506}}, {"type": "Feature", "geometry": {"geodesic": false, "type": "Polygon", "coordinates": [[[28.146298863595632, 38.14495733294855], [28.147915831107042, 38.14495733294855], [28.147915831107042, 38.146035311289495], [28.148993809448, 38.146035311289495], [28.148993809448, 38.14711328963044], [28.147376841936563, 38.14711328963044], [28.147376841936563, 38.146035311289495], [28.14683785276611, 38.146035311289495], [28.14683785276611, 38.14657430045997], [28.146298863595632, 38.14657430045997], [28.146298863595632, 38.14495733294855]]]}, "id": "+386181+85075", "properties": {"area_ha": 3.6723088354898494, "count": 13, "label": 1, "mean_dnbr": 0.24484413412446884}}, {"type": "Feature", "geometry": {"geodesic": false, "type": "Polygon", "coordinates": [[[28.148993809448, 38.15465913801704], [28.15007178778893, 38.15465913801704], [28.15007178778893, 38.15573711635798], [28.15168875530034, 38.15573711635798], [28.15168875530034, 38.15681509469893], [28.15114976612989, 38.15681509469893], [28.15114976612989, 38.156276105528455], [28.15007178778893, 38.156276105528455], [28.15007178778893, 38.15681509469893], [28.149532798618452, 38.15681509469893], [28.149532798618452, 38.15789307303987], [28.14845482027752, 38.15789307303987], [28.14845482027752, 38.15681509469893], [28.149532798618452, 38.15681509469893], [28.149532798618452, 38.156276105528455], [28.148993809448, 38.156276105528455], [28.148993809448, 38.15465913801704]]]}, "id": "+386185+85057", "properties": {"area_ha": 4.236687032448583, "count": 15, "label": 1, "mean_dnbr": 0.30606280549923065}}, {"type": "Feature", "geometry": {"geodesic": false, "type": "Polygon", "coordinates": [[[28.14845482027752, 38.58908440941724], [28.15061077695941, 38.58908440941724], [28.15061077695941, 38.590162387758184], [28.15007178778893, 38.590162387758184], [28.15007178778893, 38.59124036609913], [28.148993809448, 38.59124036609913], [28.148993809448, 38.590701376928656], [28.14845482027752, 38.590701376928656], [28.14845482027752, 38.58908440941724]]]}, "id": "+386186+84251", "properties": {"area_ha": 3.6498449784448757, "count": 13, "label": 1, "mean_dnbr": 0.4501167775592499}}, {"type": "Feature", "geometry": {"geodesic": false, "type": "Polygon", "coordinates": [[[28.149532798618452, 38.15034722465327], [28.15061077695941, 38.15034722465327], [28.15061077695941, 38.15142520299421], [28.15222774447082, 38.15142520299421], [28.15222774447082, 38.152503181335156], [28.15330572281175, 38.152503181335156], [28.15330572281175, 38.15304217050563], [28.15222774447082, 38.15304217050563], [28.15222774447082, 38.153581159676094], [28.15114976612989, 38.153581159676094], [28.15114976612989, 38.15304217050563], [28.15222774447082, 38.15304217050563], [28.15222774447082, 38.152503181335156], [28.15007178778893, 38.152503181335156], [28.15007178778893, 38.151964192164684], [28.15061077695941, 38.151964192164684], [28.15061077695941, 38.15142520299421], [28.149532798618452, 38.15142520299421], [28.149532798618452, 38.15034722465327]]]}, "id": "+386186+85065", "properties": {"area_ha": 4.236939808484299, "count": 15, "label": 1, "mean_dnbr": 0.29207314736613327}}, {"type": "Feature", "geometry": {"geodesic": false, "type": "Polygon", "coordinates": [[[28.15168875530034, 38.52602267647205], [28.15222774447082, 38.52602267647205], [28.15222774447082, 38.526561665642525], [28.15330572281175, 38.526561665642525], [28.15330572281175, 38.527100654813], [28.1527667336413, 38.527100654813], [28.1527667336413, 38.52871762232441], [28.15007178778893, 38.52871762232441], [28.15007178778893, 38.528178633153935], [28.15061077695941, 38.528178633153935], [28.15061077695941, 38.52763964398346], [28.15007178778893, 38.52763964398346], [28.15007178778893, 38.527100654813], [28.15061077695941, 38.527100654813], [28.15061077695941, 38.526561665642525], [28.15114976612989, 38.526561665642525], [28.15114976612989, 38.527100654813], [28.15222774447082, 38.527100654813], [28.15222774447082, 38.526561665642525], [28.15168875530034, 38.526561665642525], [28.15168875530034, 38.52602267647205]], [[28.15114976612989, 38.527100654813], [28.15114976612989, 38.52763964398346], [28.15061077695941, 38.52763964398346], [28.15061077695941, 38.527100654813], [28.15114976612989, 38.527100654813]]]}, "id": "+386189+84368", "properties": {"area_ha": 4.777036091154805, "count": 17, "label": 1, "mean_dnbr": 0.4577275969183634}}, {"type": "Feature", "geometry": {"geodesic": false, "type": "Polygon", "coordinates": [[[28.1527667336413, 38.5707587776212], [28.15492269032319, 38.5707587776212], [28.15492269032319, 38.57129776679167], [28.15384471198223, 38.57129776679167], [28.15384471198223, 38.571836755962146], [28.1527667336413, 38.571836755962146], [28.1527667336413, 38.57291473430309], [28.15330572281175, 38.57291473430309], [28.15330572281175, 38.57345372347356], [28.15384471198223, 38.57345372347356], [28.15384471198223, 38.57453170181451], [28.15438370115271, 38.57453170181451], [28.15438370115271, 38.57507069098498], [28.15384471198223, 38.57507069098498], [28.15384471198223, 38.575609680155445], [28.15492269032319, 38.575609680155445], [28.15492269032319, 38.57614866932592], [28.15438370115271, 38.57614866932592], [28.15438370115271, 38.57668765849639], [28.15330572281175, 38.57668765849639], [28.15330572281175, 38.57614866932592], [28.15222774447082, 38.57614866932592], [28.15222774447082, 38.57668765849639], [28.15114976612989, 38.57668765849639], [28.15114976612989, 38.57614866932592], [28.15061077695941, 38.57614866932592], [28.15061077695941, 38.575609680155445], [28.15007178778893, 38.575609680155445], [28.15007178778893, 38.57453170181451], [28.149532798618452, 38.57453170181451], [28.149532798618452, 38.573992712644035], [28.148993809448, 38.573992712644035], [28.148993809448, 38.57291473430309], [28.14845482027752, 38.57291473430309], [28.14845482027752, 38.571836755962146], [28.147915831107042, 38.571836755962146], [28.147915831107042, 38.57129776679167], [28.15007178778893, 38.57129776679167], [28.15007178778893, 38.5707587776212], [28.15222774447082, 38.5707587776212], [28.15222774447082, 38.57129776679167], [28.1527667336413, 38.57129776679167], [28.1527667336413, 38.5707587776212]]]}, "id": "+386194+84285", "properties": {"area_ha": 24.431523635053885, "count": 87, "label": 1, "mean_dnbr": 0.6096686423461928}}, {"type": "Feature", "geometry": {"geodesic": false, "type": "Polygon", "coordinates": [[[28.147376841936563, 37.85390318089382], [28.1565396578346, 37.85390318089382], [28.1565396578346, 37.856598126746185], [28.15546167949364, 37.856598126746185], [28.15546167949364, 37.85498115923477], [28.15492269032319, 37.85498115923477], [28.15492269032319, 37.85552014840524], [28.15330572281175, 37.85552014840524], [28.15330572281175, 37.85605913757571], [28.15222774447082, 37.85605913757571], [28.15222774447082, 37.856598126746185], [28.15061077695941, 37.856598126746185], [28.15061077695941, 37.85875408342807], [28.15114976612989, 37.85875408342807], [28.15114976612989, 37.85983206176901], [28.147915831107042, 37.85983206176901], [28.147915831107042, 37.85552014840524], [28.14845482027752, 37.85552014840524], [28.14845482027752, 37.85498115923477], [28.149532798618452, 37.85498115923477], [28.149532798618452, 37.85552014840524], [28.148993809448, 37.85552014840524], [28.148993809448, 37.856598126746185], [28.15007178778893, 37.856598126746185], [28.15007178778893, 37.854442170064296], [28.147376841936563, 37.854442170064296], [28.147376841936563, 37.856598126746185], [28.14683785276611, 37.856598126746185], [28.14683785276611, 37.85605913757571], [28.146298863595632, 37.85605913757571], [28.146298863595632, 37.854442170064296], [28.147376841936563, 37.854442170064296], [28.147376841936563, 37.85390318089382]]]}, "id": "+386197+85615", "properties": {"area_ha": 28.076346255855956, "count": 99, "label": 1, "mean_dnbr": 0.46287510098283585}}, {"type": "Feature", "geometry": {"geodesic": false, "type": "Polygon", "coordinates": [[[28.15546167949364, 38.1287876578344], [28.15707864700508, 38.1287876578344], [28.15707864700508, 38.13040462534581], [28.15815662534601, 38.13040462534581], [28.15815662534601, 38.13094361451628], [28.15761763617553, 38.13094361451628], [28.15761763617553, 38.131482603686756], [28.1565396578346, 38.131482603686756], [28.1565396578346, 38.13094361451628], [28.15600066866412, 38.13094361451628], [28.15600066866412, 38.131482603686756], [28.15438370115271, 38.131482603686756], [28.15438370115271, 38.13040462534581], [28.15546167949364, 38.13040462534581], [28.15546167949364, 38.12986563617534], [28.15600066866412, 38.12986563617534], [28.15600066866412, 38.129326647004866], [28.15546167949364, 38.129326647004866], [28.15546167949364, 38.1287876578344]]]}, "id": "+386198+85105", "properties": {"area_ha": 5.650920248254267, "count": 20, "label": 1, "mean_dnbr": 0.36924835248719423}}, {"type": "Feature", "geometry": {"geodesic": false, "type": "Polygon", "coordinates": [[[28.15869561451649, 38.522249752278746], [28.15923460368694, 38.522249752278746], [28.15923460368694, 38.52278874144922], [28.15869561451649, 38.52278874144922], [28.15869561451649, 38.52332773061969], [28.15923460368694, 38.52332773061969], [28.15923460368694, 38.52386671979016], [28.15977359285742, 38.52386671979016], [28.15977359285742, 38.524405708960636], [28.15869561451649, 38.524405708960636], [28.15869561451649, 38.52386671979016], [28.15815662534601, 38.52386671979016], [28.15815662534601, 38.52332773061969], [28.15546167949364, 38.52332773061969], [28.15546167949364, 38.52278874144922], [28.15600066866412, 38.52278874144922], [28.15600066866412, 38.522249752278746], [28.1565396578346, 38.522249752278746], [28.1565396578346, 38.52278874144922], [28.15869561451649, 38.52278874144922], [28.15869561451649, 38.522249752278746]]]}, "id": "+386202+84375", "properties": {"area_ha": 3.3722313764303946, "count": 12, "label": 1, "mean_dnbr": 0.11408249882904233}}, {"type": "Feature", "geometry": {"geodesic": false, "type": "Polygon", "coordinates": [[[28.15977359285742, 38.12178079861827], [28.1603125820279, 38.12178079861827], [28.1603125820279, 38.12231978778874], [28.16085157119838, 38.12231978778874], [28.16085157119838, 38.12285877695921], [28.16139056036883, 38.12285877695921], [28.16139056036883, 38.12231978778874], [28.16192954953931, 38.12231978778874], [28.16192954953931, 38.12285877695921], [28.16246853870979, 38.12285877695921], [28.16246853870979, 38.12393675530015], [28.1640855062212, 38.12393675530015], [28.1640855062212, 38.12447574447062], [28.16246853870979, 38.12447574447062], [28.16246853870979, 38.12393675530015], [28.16192954953931, 38.12393675530015], [28.16192954953931, 38.12339776612968], [28.16085157119838, 38.12339776612968], [28.16085157119838, 38.12285877695921], [28.15977359285742, 38.12285877695921], [28.15977359285742, 38.12178079861827]]]}, "id": "+386204+85118", "properties": {"area_ha": 3.108312264738035, "count": 11, "label": 1, "mean_dnbr": 0.2609654852531562}}, {"type": "Feature", "geometry": {"geodesic": false, "type": "Polygon", "coordinates": [[[28.16085157119838, 38.51039199052837], [28.16139056036883, 38.51039199052837], [28.16139056036883, 38.51093097969884], [28.163007527880268, 38.51093097969884], [28.163007527880268, 38.511469968869314], [28.16354651705072, 38.511469968869314], [28.16354651705072, 38.512008958039786], [28.1640855062212, 38.512008958039786], [28.1640855062212, 38.51254794721026], [28.166241462903088, 38.51254794721026], [28.166241462903088, 38.512008958039786], [28.166780452073567, 38.512008958039786], [28.166780452073567, 38.51254794721026], [28.167319441244018, 38.51254794721026], [28.167319441244018, 38.51308693638073], [28.167858430414498, 38.51308693638073], [28.167858430414498, 38.514164914721675], [28.166780452073567, 38.514164914721675], [28.166780452073567, 38.51470390389215], [28.16570247373261, 38.51470390389215], [28.16570247373261, 38.51524289306261], [28.16516348456213, 38.51524289306261], [28.16516348456213, 38.51470390389215], [28.164624495391678, 38.51470390389215], [28.164624495391678, 38.5136259255512], [28.16354651705072, 38.5136259255512], [28.16354651705072, 38.51254794721026], [28.16192954953931, 38.51254794721026], [28.16192954953931, 38.51308693638073], [28.16085157119838, 38.51308693638073], [28.16085157119838, 38.5136259255512], [28.15869561451649, 38.5136259255512], [28.15869561451649, 38.51254794721026], [28.15815662534601, 38.51254794721026], [28.15815662534601, 38.511469968869314], [28.15977359285742, 38.511469968869314], [28.15977359285742, 38.51093097969884], [28.16085157119838, 38.51093097969884], [28.16085157119838, 38.51039199052837]]]}, "id": "+386206+84397", "properties": {"area_ha": 18.268888140124876, "count": 65, "label": 1, "mean_dnbr": 0.4844728604216277}}, {"type": "Feature", "geometry": {"geodesic": false, "type": "Polygon", "coordinates": [[[28.16085157119838, 38.11585191774308], [28.16139056036883, 38.11585191774308], [28.16139056036883, 38.116929896084024], [28.16192954953931, 38.116929896084024], [28.16192954953931, 38.11746888525449], [28.16246853870979, 38.11746888525449], [28.16246853870979, 38.11800787442496], [28.16354651705072, 38.11800787442496], [28.16354651705072, 38.118546863595434], [28.1640855062212, 38.118546863595434], [28.1640855062212, 38.11962484193638], [28.163007527880268, 38.11962484193638], [28.163007527880268, 38.12070282027732], [28.16246853870979, 38.12070282027732], [28.16246853870979, 38.11962484193638], [28.16192954953931, 38.11962484193638], [28.16192954953931, 38.119085852765906], [28.16085157119838, 38.119085852765906], [28.16085157119838, 38.118546863595434], [28.1603125820279, 38.118546863595434], [28.1603125820279, 38.119085852765906], [28.15923460368694, 38.119085852765906], [28.15923460368694, 38.12070282027732], [28.15869561451649, 38.12070282027732], [28.15869561451649, 38.12178079861827], [28.15923460368694, 38.12178079861827], [28.15923460368694, 38.12339776612968], [28.15815662534601, 38.12339776612968], [28.15815662534601, 38.12285877695921], [28.15761763617553, 38.12285877695921], [28.15761763617553, 38.12339776612968], [28.15707864700508, 38.12339776612968], [28.15707864700508, 38.12393675530015], [28.1603125820279, 38.12393675530015], [28.1603125820279, 38.125014733641095], [28.15923460368694, 38.125014733641095], [28.15923460368694, 38.12447574447062], [28.15869561451649, 38.12447574447062], [28.15869561451649, 38.125014733641095], [28.15707864700508, 38.125014733641095], [28.15707864700508, 38.12393675530015], [28.1565396578346, 38.12393675530015], [28.1565396578346, 38.12339776612968], [28.15707864700508, 38.12339776612968], [28.15707864700508, 38.12285877695921], [28.15546167949364, 38.12285877695921], [28.15546167949364, 38.12178079861827], [28.15600066866412, 38.12178079861827], [28.15600066866412, 38.12070282027732], [28.15546167949364, 38.12070282027732], [28.15546167949364, 38.12016383110685], [28.15492269032319, 38.12016383110685], [28.15492269032319, 38.12070282027732], [28.15222774447082, 38.12070282027732], [28.15222774447082, 38.11962484193638], [28.15168875530034, 38.11962484193638], [28.15168875530034, 38.12070282027732], [28.15061077695941, 38.12070282027732], [28.15061077695941, 38.11962484193638], [28.148993809448, 38.11962484193638], [28.148993809448, 38.119085852765906], [28.14845482027752, 38.119085852765906], [28.14845482027752, 38.118546863595434], [28.148993809448, 38.118546863595434], [28.148993809448, 38.11800787442496], [28.147376841936563, 38.11800787442496], [28.147376841936563, 38.119085852765906], [28.14683785276611, 38.119085852765906], [28.14683785276611, 38.12016383110685], [28.147376841936563, 38.12016383110685], [28.147376841936563, 38.12070282027732], [28.14683785276611, 38.12070282027732], [28.14683785276611, 38.121241809447795], [28.145759874425153, 38.121241809447795], [28.145759874425153, 38.12231978778874], [28.144142906913743, 38.12231978778874], [28.144142906913743, 38.121241809447795], [28.143603917743263, 38.121241809447795], [28.143603917743263, 38.12231978778874], [28.141986950231853, 38.12231978778874], [28.141986950231853, 38.121241809447795], [28.140908971890923, 38.121241809447795], [28.140908971890923, 38.12016383110685], [28.141986950231853, 38.12016383110685], [28.141986950231853, 38.119085852765906], [28.142525939402333, 38.119085852765906], [28.142525939402333, 38.11800787442496], [28.141986950231853, 38.11800787442496], [28.141986950231853, 38.118546863595434], [28.141447961061374, 38.118546863595434], [28.141447961061374, 38.11800787442496], [28.141986950231853, 38.11800787442496], [28.141986950231853, 38.11746888525449], [28.143064928572812, 38.11746888525449], [28.143064928572812, 38.119085852765906], [28.142525939402333, 38.119085852765906], [28.142525939402333, 38.12016383110685], [28.143064928572812, 38.12016383110685], [28.143064928572812, 38.12070282027732], [28.144681896084222, 38.12070282027732], [28.144681896084222, 38.11800787442496], [28.144142906913743, 38.11800787442496], [28.144142906913743, 38.11746888525449], [28.1452208852547, 38.11746888525449], [28.1452208852547, 38.116929896084024], [28.144681896084222, 38.116929896084024], [28.144681896084222, 38.11639090691355], [28.1452208852547, 38.11639090691355], [28.1452208852547, 38.116929896084024], [28.145759874425153, 38.116929896084024], [28.145759874425153, 38.11585191774308], [28.146298863595632, 38.11585191774308], [28.146298863595632, 38.11746888525449], [28.1452208852547, 38.11746888525449], [28.1452208852547, 38.11800787442496], [28.146298863595632, 38.11800787442496], [28.146298863595632, 38.118546863595434], [28.14683785276611, 38.118546863595434], [28.14683785276611, 38.11800787442496], [28.147376841936563, 38.11800787442496], [28.147376841936563, 38.11746888525449], [28.148993809448, 38.11746888525449], [28.148993809448, 38.11800787442496], [28.15061077695941, 38.11800787442496], [28.15061077695941, 38.11962484193638], [28.15168875530034, 38.11962484193638], [28.15168875530034, 38.119085852765906], [28.15222774447082, 38.119085852765906], [28.15222774447082, 38.118546863595434], [28.15384471198223, 38.118546863595434], [28.15384471198223, 38.11746888525449], [28.15492269032319, 38.11746888525449], [28.15492269032319, 38.11800787442496], [28.15600066866412, 38.11800787442496], [28.15600066866412, 38.118546863595434], [28.15707864700508, 38.118546863595434], [28.15707864700508, 38.11800787442496], [28.15761763617553, 38.11800787442496], [28.15761763617553, 38.11746888525449], [28.15707864700508, 38.11746888525449], [28.15707864700508, 38.116929896084024], [28.15761763617553, 38.116929896084024], [28.15761763617553, 38.11746888525449], [28.15923460368694, 38.11746888525449], [28.15923460368694, 38.11639090691355], [28.1603125820279, 38.11639090691355], [28.1603125820279, 38.116929896084024], [28.16085157119838, 38.116929896084024], [28.16085157119838, 38.11585191774308]], [[28.15869561451649, 38.12178079861827], [28.15869561451649, 38.12231978778874], [28.15761763617553, 38.12231978778874], [28.15761763617553, 38.12178079861827], [28.15869561451649, 38.12178079861827]], [[28.15815662534601, 38.12016383110685], [28.15815662534601, 38.12070282027732], [28.15761763617553, 38.12070282027732], [28.15761763617553, 38.121241809447795], [28.15707864700508, 38.121241809447795], [28.15707864700508, 38.12070282027732], [28.1565396578346, 38.12070282027732], [28.1565396578346, 38.12016383110685], [28.15815662534601, 38.12016383110685]], [[28.15600066866412, 38.118546863595434], [28.15600066866412, 38.119085852765906], [28.15546167949364, 38.119085852765906], [28.15546167949364, 38.118546863595434], [28.15600066866412, 38.118546863595434]], [[28.15815662534601, 38.118546863595434], [28.15815662534601, 38.119085852765906], [28.15869561451649, 38.119085852765906], [28.15869561451649, 38.12016383110685], [28.15815662534601, 38.12016383110685], [28.15815662534601, 38.11962484193638], [28.15707864700508, 38.11962484193638], [28.15707864700508, 38.118546863595434], [28.15815662534601, 38.118546863595434]], [[28.16246853870979, 38.118546863595434], [28.16246853870979, 38.119085852765906], [28.16192954953931, 38.119085852765906], [28.16192954953931, 38.118546863595434], [28.16246853870979, 38.118546863595434]], [[28.15977359285742, 38.11800787442496], [28.15977359285742, 38.118546863595434], [28.15923460368694, 38.118546863595434], [28.15923460368694, 38.11800787442496], [28.15977359285742, 38.11800787442496]], [[28.16139056036883, 38.11800787442496], [28.16139056036883, 38.118546863595434], [28.16085157119838, 38.118546863595434], [28.16085157119838, 38.11800787442496], [28.16139056036883, 38.11800787442496]], [[28.16192954953931, 38.11746888525449], [28.16192954953931, 38.11800787442496], [28.16139056036883, 38.11800787442496], [28.16139056036883, 38.11746888525449], [28.16192954953931, 38.11746888525449]], [[28.16139056036883, 38.116929896084024], [28.16139056036883, 38.11746888525449], [28.16085157119838, 38.11746888525449], [28.16085157119838, 38.116929896084024], [28.16139056036883, 38.116929896084024]]]}, "id": "+386206+85129", "properties": {"area_ha": 57.647690308818504, "count": 204, "label": 1, "mean_dnbr": 0.40844966140626837}}, {"type": "Feature", "geometry": {"geodesic": false, "type": "Polygon", "coordinates": [[[28.1603125820279, 38.106689101845056], [28.16139056036883, 38.106689101845056], [28.16139056036883, 38.107767080186], [28.16246853870979, 38.107767080186], [28.16246853870979, 38.10830606935647], [28.16354651705072, 38.10830606935647], [28.16354651705072, 38.10938404769742], [28.16246853870979, 38.10938404769742], [28.16246853870979, 38.10830606935647], [28.16139056036883, 38.10830606935647], [28.16139056036883, 38.107767080186], [28.15977359285742, 38.107767080186], [28.15977359285742, 38.10722809101553], [28.1603125820279, 38.10722809101553], [28.1603125820279, 38.106689101845056]]]}, "id": "+386206+85146", "properties": {"area_ha": 3.108961559807476, "count": 11, "label": 1, "mean_dnbr": 0.3136804247363956}}, {"type": "Feature", "geometry": {"geodesic": false, "type": "Polygon", "coordinates": [[[28.16192954953931, 38.520093795596864], [28.16246853870979, 38.520093795596864], [28.16246853870979, 38.520632784767336], [28.166780452073567, 38.520632784767336], [28.166780452073567, 38.5211717739378], [28.164624495391678, 38.5211717739378], [28.164624495391678, 38.521710763108274], [28.167319441244018, 38.521710763108274], [28.167319441244018, 38.5211717739378], [28.167858430414498, 38.5211717739378], [28.167858430414498, 38.521710763108274], [28.167319441244018, 38.521710763108274], [28.167319441244018, 38.522249752278746], [28.1640855062212, 38.522249752278746], [28.1640855062212, 38.5211717739378], [28.16139056036883, 38.5211717739378], [28.16139056036883, 38.520632784767336], [28.16192954953931, 38.520632784767336], [28.16192954953931, 38.520093795596864]]]}, "id": "+386208+84379", "properties": {"area_ha": 5.339475921205624, "count": 19, "label": 1, "mean_dnbr": 0.25440651689400523}}, {"type": "Feature", "geometry": {"geodesic": false, "type": "Polygon", "coordinates": [[[28.16085157119838, 38.55351112416611], [28.163007527880268, 38.55351112416611], [28.163007527880268, 38.55458910250705], [28.16246853870979, 38.55458910250705], [28.16246853870979, 38.55405011333658], [28.16192954953931, 38.55405011333658], [28.16192954953931, 38.55458910250705], [28.15815662534601, 38.55458910250705], [28.15815662534601, 38.55405011333658], [28.16085157119838, 38.55405011333658], [28.16085157119838, 38.55351112416611]]]}, "id": "+386209+84317", "properties": {"area_ha": 3.370792613507498, "count": 12, "label": 1, "mean_dnbr": 0.3385146019923413}}, {"type": "Feature", "geometry": {"geodesic": false, "type": "Polygon", "coordinates": [[[28.163007527880268, 38.11207899354977], [28.16354651705072, 38.11207899354977], [28.16354651705072, 38.112617982720245], [28.1640855062212, 38.112617982720245], [28.1640855062212, 38.11315697189072], [28.164624495391678, 38.11315697189072], [28.164624495391678, 38.11369596106119], [28.1640855062212, 38.11369596106119], [28.1640855062212, 38.11423495023166], [28.16354651705072, 38.11423495023166], [28.16354651705072, 38.11369596106119], [28.163007527880268, 38.11369596106119], [28.163007527880268, 38.11423495023166], [28.16246853870979, 38.11423495023166], [28.16246853870979, 38.114773939402134], [28.16192954953931, 38.114773939402134], [28.16192954953931, 38.11531292857261], [28.163007527880268, 38.11531292857261], [28.163007527880268, 38.11585191774308], [28.16354651705072, 38.11585191774308], [28.16354651705072, 38.11746888525449], [28.163007527880268, 38.11746888525449], [28.163007527880268, 38.116929896084024], [28.16246853870979, 38.116929896084024], [28.16246853870979, 38.11585191774308], [28.16192954953931, 38.11585191774308], [28.16192954953931, 38.11531292857261], [28.1603125820279, 38.11531292857261], [28.1603125820279, 38.11585191774308], [28.15923460368694, 38.11585191774308], [28.15923460368694, 38.11531292857261], [28.1603125820279, 38.11531292857261], [28.1603125820279, 38.114773939402134], [28.15977359285742, 38.114773939402134], [28.15977359285742, 38.11423495023166], [28.16139056036883, 38.11423495023166], [28.16139056036883, 38.11369596106119], [28.16085157119838, 38.11369596106119], [28.16085157119838, 38.11315697189072], [28.15977359285742, 38.11315697189072], [28.15977359285742, 38.112617982720245], [28.16085157119838, 38.112617982720245], [28.16085157119838, 38.11207899354977], [28.16139056036883, 38.11207899354977], [28.16139056036883, 38.112617982720245], [28.16192954953931, 38.112617982720245], [28.16192954953931, 38.11369596106119], [28.16246853870979, 38.11369596106119], [28.16246853870979, 38.112617982720245], [28.163007527880268, 38.112617982720245], [28.163007527880268, 38.11207899354977]], [[28.16139056036883, 38.112617982720245], [28.16139056036883, 38.11315697189072], [28.16085157119838, 38.11315697189072], [28.16085157119838, 38.112617982720245], [28.16139056036883, 38.112617982720245]]]}, "id": "+386210+85136", "properties": {"area_ha": 9.891286095632813, "count": 35, "label": 1, "mean_dnbr": 0.4000474398009689}}, {"type": "Feature", "geometry": {"geodesic": false, "type": "Polygon", "coordinates": [[[28.16354651705072, 38.57453170181451], [28.164624495391678, 38.57453170181451], [28.164624495391678, 38.57507069098498], [28.16516348456213, 38.57507069098498], [28.16516348456213, 38.575609680155445], [28.16570247373261, 38.575609680155445], [28.16570247373261, 38.57668765849639], [28.163007527880268, 38.57668765849639], [28.163007527880268, 38.57507069098498], [28.16354651705072, 38.57507069098498], [28.16354651705072, 38.57453170181451]]]}, "id": "+386212+84278", "properties": {"area_ha": 4.493027002023889, "count": 16, "label": 1, "mean_dnbr": 0.4152621747052683}}, {"type": "Feature", "geometry": {"geodesic": false, "type": "Polygon", "coordinates": [[[28.16516348456213, 38.51632087140356], [28.16570247373261, 38.51632087140356], [28.16570247373261, 38.51685986057403], [28.16516348456213, 38.51685986057403], [28.16516348456213, 38.5173988497445], [28.166780452073567, 38.5173988497445], [28.166780452073567, 38.51847682808545], [28.167319441244018, 38.51847682808545], [28.167319441244018, 38.51901581725592], [28.16516348456213, 38.51901581725592], [28.16516348456213, 38.51955480642639], [28.164624495391678, 38.51955480642639], [28.164624495391678, 38.51901581725592], [28.16139056036883, 38.51901581725592], [28.16139056036883, 38.51847682808545], [28.16192954953931, 38.51847682808545], [28.16192954953931, 38.517937838914975], [28.16139056036883, 38.517937838914975], [28.16139056036883, 38.5173988497445], [28.16246853870979, 38.5173988497445], [28.16246853870979, 38.51685986057403], [28.16516348456213, 38.51685986057403], [28.16516348456213, 38.51632087140356]], [[28.164624495391678, 38.5173988497445], [28.164624495391678, 38.517937838914975], [28.1640855062212, 38.517937838914975], [28.1640855062212, 38.5173988497445], [28.164624495391678, 38.5173988497445]]]}, "id": "+386214+84386", "properties": {"area_ha": 10.1174117851416, "count": 36, "label": 1, "mean_dnbr": 0.5762457257510349}}, {"type": "Feature", "geometry": {"geodesic": false, "type": "Polygon", "coordinates": [[[28.1640855062212, 38.52871762232441], [28.166241462903088, 38.52871762232441], [28.166241462903088, 38.52925661149488], [28.166780452073567, 38.52925661149488], [28.166780452073567, 38.52979560066535], [28.16516348456213, 38.52979560066535], [28.16516348456213, 38.530334589835824], [28.166241462903088, 38.530334589835824], [28.166241462903088, 38.5308735790063], [28.166780452073567, 38.5308735790063], [28.166780452073567, 38.53195155734724], [28.166241462903088, 38.53195155734724], [28.166241462903088, 38.5308735790063], [28.1640855062212, 38.5308735790063], [28.1640855062212, 38.52871762232441]]]}, "id": "+386215+84363", "properties": {"area_ha": 4.776874884023799, "count": 17, "label": 1, "mean_dnbr": 0.18841387064319523}}, {"type": "Feature", "geometry": {"geodesic": false, "type": "Polygon", "coordinates": [[[28.166780452073567, 38.54327032992715], [28.167858430414498, 38.54327032992715], [28.167858430414498, 38.54380931909762], [28.169475397925908, 38.54380931909762], [28.169475397925908, 38.5459652757795], [28.168397419584977, 38.5459652757795], [28.168397419584977, 38.544887297438564], [28.167319441244018, 38.544887297438564], [28.167319441244018, 38.54434830826809], [28.166780452073567, 38.54434830826809], [28.166780452073567, 38.54327032992715]]]}, "id": "+386218+84336", "properties": {"area_ha": 4.214032248106883, "count": 15, "label": 1, "mean_dnbr": 0.522635260210081}}, {"type": "Feature", "geometry": {"geodesic": false, "type": "Polygon", "coordinates": [[[28.168397419584977, 38.118546863595434], [28.170014387096387, 38.118546863595434], [28.170014387096387, 38.119085852765906], [28.170553376266867, 38.119085852765906], [28.170553376266867, 38.12016383110685], [28.170014387096387, 38.12016383110685], [28.170014387096387, 38.12070282027732], [28.167858430414498, 38.12070282027732], [28.167858430414498, 38.12016383110685], [28.167319441244018, 38.12016383110685], [28.167319441244018, 38.119085852765906], [28.166241462903088, 38.119085852765906], [28.166241462903088, 38.12016383110685], [28.16570247373261, 38.12016383110685], [28.16570247373261, 38.118546863595434], [28.167319441244018, 38.118546863595434], [28.167319441244018, 38.119085852765906], [28.168397419584977, 38.119085852765906], [28.168397419584977, 38.118546863595434]], [[28.168936408755457, 38.119085852765906], [28.168936408755457, 38.11962484193638], [28.169475397925908, 38.11962484193638], [28.169475397925908, 38.12016383110685], [28.168397419584977, 38.12016383110685], [28.168397419584977, 38.119085852765906], [28.168936408755457, 38.119085852765906]]]}, "id": "+386222+85124", "properties": {"area_ha": 5.934348866865059, "count": 21, "label": 1, "mean_dnbr": 0.2738984429289293}}, {"type": "Feature", "geometry": {"geodesic": false, "type": "Polygon", "coordinates": [[[28.168397419584977, 38.590701376928656], [28.170553376266867, 38.590701376928656], [28.170553376266867, 38.59124036609913], [28.172170343778276, 38.59124036609913], [28.172170343778276, 38.592857333610546], [28.170553376266867, 38.592857333610546], [28.170553376266867, 38.59231834444007], [28.168936408755457, 38.59231834444007], [28.168936408755457, 38.5917793552696], [28.168397419584977, 38.5917793552696], [28.168397419584977, 38.590701376928656]]]}, "id": "+386223+84248", "properties": {"area_ha": 5.615017578455873, "count": 20, "label": 1, "mean_dnbr": 0.5753990678453768}}, {"type": "Feature", "geometry": {"geodesic": false, "type": "Polygon", "coordinates": [[[28.169475397925908, 38.55458910250705], [28.171631354607797, 38.55458910250705], [28.171631354607797, 38.555667080847996], [28.170014387096387, 38.555667080847996], [28.170014387096387, 38.55620607001847], [28.169475397925908, 38.55620607001847], [28.169475397925908, 38.555667080847996], [28.168397419584977, 38.555667080847996], [28.168397419584977, 38.555128091677524], [28.169475397925908, 38.555128091677524], [28.169475397925908, 38.55458910250705]]]}, "id": "+386225+84315", "properties": {"area_ha": 3.089826281653818, "count": 11, "label": 1, "mean_dnbr": 0.26740356185455055}}, {"type": "Feature", "geometry": {"geodesic": false, "type": "Polygon", "coordinates": [[[28.171092365437346, 37.85767610508713], [28.172709332948756, 37.85767610508713], [28.172709332948756, 37.858215094257595], [28.172170343778276, 37.858215094257595], [28.172170343778276, 37.85875408342807], [28.171631354607797, 37.85875408342807], [28.171631354607797, 37.85929307259854], [28.171092365437346, 37.85929307259854], [28.171092365437346, 37.85983206176901], [28.171631354607797, 37.85983206176901], [28.171631354607797, 37.86144902928043], [28.170014387096387, 37.86144902928043], [28.170014387096387, 37.85983206176901], [28.170553376266867, 37.85983206176901], [28.170553376266867, 37.858215094257595], [28.171092365437346, 37.858215094257595], [28.171092365437346, 37.85767610508713]]]}, "id": "+386227+85608", "properties": {"area_ha": 5.104639230929633, "count": 18, "label": 1, "mean_dnbr": 0.3437399120220538}}, {"type": "Feature", "geometry": {"geodesic": false, "type": "Polygon", "coordinates": [[[28.173248322119207, 38.51470390389215], [28.173787311289686, 38.51470390389215], [28.173787311289686, 38.515781882233085], [28.174865289630645, 38.515781882233085], [28.174865289630645, 38.51632087140356], [28.177560235482986, 38.51632087140356], [28.177560235482986, 38.515781882233085], [28.178099224653465, 38.515781882233085], [28.178099224653465, 38.51524289306261], [28.179177202994396, 38.51524289306261], [28.179177202994396, 38.515781882233085], [28.179716192164875, 38.515781882233085], [28.179716192164875, 38.51524289306261], [28.181333159676285, 38.51524289306261], [28.181333159676285, 38.51632087140356], [28.181872148846765, 38.51632087140356], [28.181872148846765, 38.51685986057403], [28.182950127187723, 38.51685986057403], [28.182950127187723, 38.5173988497445], [28.180255181335355, 38.5173988497445], [28.180255181335355, 38.51847682808545], [28.180794170505834, 38.51847682808545], [28.180794170505834, 38.51901581725592], [28.180255181335355, 38.51901581725592], [28.180255181335355, 38.51955480642639], [28.179716192164875, 38.51955480642639], [28.179716192164875, 38.520093795596864], [28.180255181335355, 38.520093795596864], [28.180255181335355, 38.5211717739378], [28.179716192164875, 38.5211717739378], [28.179716192164875, 38.520632784767336], [28.178099224653465, 38.520632784767336], [28.178099224653465, 38.51847682808545], [28.177560235482986, 38.51847682808545], [28.177560235482986, 38.5173988497445], [28.171631354607797, 38.5173988497445], [28.171631354607797, 38.51632087140356], [28.172170343778276, 38.51632087140356], [28.172170343778276, 38.515781882233085], [28.173248322119207, 38.515781882233085], [28.173248322119207, 38.51470390389215]]]}, "id": "+386229+84389", "properties": {"area_ha": 24.16974082545691, "count": 86, "label": 1, "mean_dnbr": 0.423396964735558}}, {"type": "Feature", "geometry": {"geodesic": false, "type": "Polygon", "coordinates": [[[28.172709332948756, 38.105072134333646], [28.173787311289686, 38.105072134333646], [28.173787311289686, 38.106150112674584], [28.173248322119207, 38.106150112674584], [28.173248322119207, 38.10830606935647], [28.171631354607797, 38.10830606935647], [28.171631354607797, 38.10722809101553], [28.171092365437346, 38.10722809101553], [28.171092365437346, 38.10830606935647], [28.170553376266867, 38.10830606935647], [28.170553376266867, 38.108845058526946], [28.169475397925908, 38.108845058526946], [28.169475397925908, 38.107767080186], [28.168397419584977, 38.107767080186], [28.168397419584977, 38.10722809101553], [28.171092365437346, 38.10722809101553], [28.171092365437346, 38.106689101845056], [28.171631354607797, 38.106689101845056], [28.171631354607797, 38.10722809101553], [28.172170343778276, 38.10722809101553], [28.172170343778276, 38.106689101845056], [28.172709332948756, 38.106689101845056], [28.172709332948756, 38.105072134333646]]]}, "id": "+386229+85149", "properties": {"area_ha": 6.783239214570736, "count": 24, "label": 1, "mean_dnbr": 0.369829079493618}}, {"type": "Feature", "geometry": {"geodesic": false, "type": "Polygon", "coordinates": [[[28.172709332948756, 38.57668765849639], [28.174326300460166, 38.57668765849639], [28.174326300460166, 38.57722664766686], [28.174865289630645, 38.57722664766686], [28.174865289630645, 38.577765636837334], [28.175943267971576, 38.577765636837334], [28.175943267971576, 38.57884361517828], [28.176482257142055, 38.57884361517828], [28.176482257142055, 38.579921593519224], [28.177021246312535, 38.579921593519224], [28.177021246312535, 38.58261653937158], [28.177560235482986, 38.58261653937158], [28.177560235482986, 38.58477249605347], [28.174865289630645, 38.58477249605347], [28.174865289630645, 38.580460582689696], [28.174326300460166, 38.580460582689696], [28.174326300460166, 38.57884361517828], [28.173787311289686, 38.57884361517828], [28.173787311289686, 38.57830462600781], [28.173248322119207, 38.57830462600781], [28.173248322119207, 38.577765636837334], [28.172709332948756, 38.577765636837334], [28.172709332948756, 38.57668765849639]]]}, "id": "+386230+84274", "properties": {"area_ha": 18.25157534786242, "count": 65, "label": 1, "mean_dnbr": 0.6158390297302352}}, {"type": "Feature", "geometry": {"geodesic": false, "type": "Polygon", "coordinates": [[[28.173787311289686, 38.55135516748422], [28.174865289630645, 38.55135516748422], [28.174865289630645, 38.55189415665469], [28.175404278801096, 38.55189415665469], [28.175404278801096, 38.552972134995635], [28.178099224653465, 38.552972134995635], [28.178099224653465, 38.55405011333658], [28.177021246312535, 38.55405011333658], [28.177021246312535, 38.55458910250705], [28.175404278801096, 38.55458910250705], [28.175404278801096, 38.55351112416611], [28.174865289630645, 38.55351112416611], [28.174865289630645, 38.552972134995635], [28.174326300460166, 38.552972134995635], [28.174326300460166, 38.55243314582516], [28.173787311289686, 38.55243314582516], [28.173787311289686, 38.55135516748422]]]}, "id": "+386231+84321", "properties": {"area_ha": 5.898927495948296, "count": 21, "label": 1, "mean_dnbr": 0.44123622179206873}}, {"type": "Feature", "geometry": {"geodesic": false, "type": "Polygon", "coordinates": [[[28.175404278801096, 38.104533145163174], [28.175943267971576, 38.104533145163174], [28.175943267971576, 38.105072134333646], [28.178099224653465, 38.105072134333646], [28.178099224653465, 38.10561112350411], [28.177560235482986, 38.10561112350411], [28.177560235482986, 38.106689101845056], [28.175943267971576, 38.106689101845056], [28.175943267971576, 38.107767080186], [28.176482257142055, 38.107767080186], [28.176482257142055, 38.10938404769742], [28.177021246312535, 38.10938404769742], [28.177021246312535, 38.10992303686789], [28.176482257142055, 38.10992303686789], [28.176482257142055, 38.11046202603836], [28.177021246312535, 38.11046202603836], [28.177021246312535, 38.112617982720245], [28.176482257142055, 38.112617982720245], [28.176482257142055, 38.11315697189072], [28.177021246312535, 38.11315697189072], [28.177021246312535, 38.11369596106119], [28.177560235482986, 38.11369596106119], [28.177560235482986, 38.11423495023166], [28.177021246312535, 38.11423495023166], [28.177021246312535, 38.11369596106119], [28.175404278801096, 38.11369596106119], [28.175404278801096, 38.11423495023166], [28.174326300460166, 38.11423495023166], [28.174326300460166, 38.114773939402134], [28.173787311289686, 38.114773939402134], [28.173787311289686, 38.11369596106119], [28.173248322119207, 38.11369596106119], [28.173248322119207, 38.112617982720245], [28.172170343778276, 38.112617982720245], [28.172170343778276, 38.11207899354977], [28.172709332948756, 38.11207899354977], [28.172709332948756, 38.1115400043793], [28.171631354607797, 38.1115400043793], [28.171631354607797, 38.111001015208835], [28.170553376266867, 38.111001015208835], [28.170553376266867, 38.1115400043793], [28.168397419584977, 38.1115400043793], [28.168397419584977, 38.11369596106119], [28.168936408755457, 38.11369596106119], [28.168936408755457, 38.11423495023166], [28.169475397925908, 38.11423495023166], [28.169475397925908, 38.11369596106119], [28.170014387096387, 38.11369596106119], [28.170014387096387, 38.11423495023166], [28.170553376266867, 38.11423495023166], [28.170553376266867, 38.11531292857261], [28.170014387096387, 38.11531292857261], [28.170014387096387, 38.11585191774308], [28.168397419584977, 38.11585191774308], [28.168397419584977, 38.11531292857261], [28.167858430414498, 38.11531292857261], [28.167858430414498, 38.11585191774308], [28.167319441244018, 38.11585191774308], [28.167319441244018, 38.116929896084024], [28.16516348456213, 38.116929896084024], [28.16516348456213, 38.11746888525449], [28.164624495391678, 38.11746888525449], [28.164624495391678, 38.11639090691355], [28.16516348456213, 38.11639090691355], [28.16516348456213, 38.11585191774308], [28.166241462903088, 38.11585191774308], [28.166241462903088, 38.114773939402134], [28.16570247373261, 38.114773939402134], [28.16570247373261, 38.11423495023166], [28.167858430414498, 38.11423495023166], [28.167858430414498, 38.11369596106119], [28.167319441244018, 38.11369596106119], [28.167319441244018, 38.11315697189072], [28.166780452073567, 38.11315697189072], [28.166780452073567, 38.11369596106119], [28.166241462903088, 38.11369596106119], [28.166241462903088, 38.11315697189072], [28.166780452073567, 38.11315697189072], [28.166780452073567, 38.112617982720245], [28.167319441244018, 38.112617982720245], [28.167319441244018, 38.1115400043793], [28.166780452073567, 38.1115400043793], [28.166780452073567, 38.111001015208835], [28.166241462903088, 38.111001015208835], [28.166241462903088, 38.11046202603836], [28.167858430414498, 38.11046202603836], [28.167858430414498, 38.111001015208835], [28.168397419584977, 38.111001015208835], [28.168397419584977, 38.10992303686789], [28.168936408755457, 38.10992303686789], [28.168936408755457, 38.11046202603836], [28.172170343778276, 38.11046202603836], [28.172170343778276, 38.10992303686789], [28.173248322119207, 38.10992303686789], [28.173248322119207, 38.10938404769742], [28.174326300460166, 38.10938404769742], [28.174326300460166, 38.108845058526946], [28.174865289630645, 38.108845058526946], [28.174865289630645, 38.10992303686789], [28.174326300460166, 38.10992303686789], [28.174326300460166, 38.11046202603836], [28.175404278801096, 38.11046202603836], [28.175404278801096, 38.10830606935647], [28.174865289630645, 38.10830606935647], [28.174865289630645, 38.10722809101553], [28.174326300460166, 38.10722809101553], [28.174326300460166, 38.106689101845056], [28.174865289630645, 38.106689101845056], [28.174865289630645, 38.10561112350411], [28.174326300460166, 38.10561112350411], [28.174326300460166, 38.105072134333646], [28.175404278801096, 38.105072134333646], [28.175404278801096, 38.104533145163174]], [[28.170014387096387, 38.11423495023166], [28.170014387096387, 38.114773939402134], [28.169475397925908, 38.114773939402134], [28.169475397925908, 38.11423495023166], [28.170014387096387, 38.11423495023166]], [[28.175943267971576, 38.1115400043793], [28.175943267971576, 38.11207899354977], [28.175404278801096, 38.11207899354977], [28.175404278801096, 38.112617982720245], [28.175943267971576, 38.112617982720245], [28.175943267971576, 38.11315697189072], [28.174865289630645, 38.11315697189072], [28.174865289630645, 38.11369596106119], [28.174326300460166, 38.11369596106119], [28.174326300460166, 38.11315697189072], [28.173787311289686, 38.11315697189072], [28.173787311289686, 38.112617982720245], [28.173248322119207, 38.112617982720245], [28.173248322119207, 38.11207899354977], [28.173787311289686, 38.11207899354977], [28.173787311289686, 38.1115400043793], [28.175943267971576, 38.1115400043793]], [[28.173787311289686, 38.11046202603836], [28.173787311289686, 38.1115400043793], [28.173248322119207, 38.1115400043793], [28.173248322119207, 38.11046202603836], [28.173787311289686, 38.11046202603836]]]}, "id": "+386233+85150", "properties": {"area_ha": 40.97978417647973, "count": 145, "label": 1, "mean_dnbr": 0.3295785383589082}}, {"type": "Feature", "geometry": {"geodesic": false, "type": "Polygon", "coordinates": [[[28.175404278801096, 37.85767610508713], [28.176482257142055, 37.85767610508713], [28.176482257142055, 37.85983206176901], [28.175943267971576, 37.85983206176901], [28.175943267971576, 37.860371050939484], [28.174865289630645, 37.860371050939484], [28.174865289630645, 37.85983206176901], [28.174326300460166, 37.85983206176901], [28.174326300460166, 37.85929307259854], [28.174865289630645, 37.85929307259854], [28.174865289630645, 37.858215094257595], [28.175404278801096, 37.858215094257595], [28.175404278801096, 37.85767610508713]]]}, "id": "+386234+85608", "properties": {"area_ha": 3.9703035299945464, "count": 14, "label": 1, "mean_dnbr": 0.3034246525677986}}, {"type": "Feature", "geometry": {"geodesic": false, "type": "Polygon", "coordinates": [[[28.174865289630645, 38.52925661149488], [28.177021246312535, 38.52925661149488], [28.177021246312535, 38.52979560066535], [28.177560235482986, 38.52979560066535], [28.177560235482986, 38.530334589835824], [28.177021246312535, 38.530334589835824], [28.177021246312535, 38.5308735790063], [28.175943267971576, 38.5308735790063], [28.175943267971576, 38.53141256817677], [28.174865289630645, 38.53141256817677], [28.174865289630645, 38.530334589835824], [28.173787311289686, 38.530334589835824], [28.173787311289686, 38.52979560066535], [28.174865289630645, 38.52979560066535], [28.174865289630645, 38.52925661149488]]]}, "id": "+386235+84362", "properties": {"area_ha": 4.776850960821679, "count": 17, "label": 1, "mean_dnbr": 0.5305508843398826}}, {"type": "Feature", "geometry": {"geodesic": false, "type": "Polygon", "coordinates": [[[28.176482257142055, 38.25275516704289], [28.177021246312535, 38.25275516704289], [28.177021246312535, 38.25383314538384], [28.175943267971576, 38.25383314538384], [28.175943267971576, 38.25491112372478], [28.178099224653465, 38.25491112372478], [28.178099224653465, 38.25598910206572], [28.177021246312535, 38.25598910206572], [28.177021246312535, 38.257067080406664], [28.176482257142055, 38.257067080406664], [28.176482257142055, 38.25652809123619], [28.175943267971576, 38.25652809123619], [28.175943267971576, 38.257067080406664], [28.174865289630645, 38.257067080406664], [28.174865289630645, 38.257606069577136], [28.176482257142055, 38.257606069577136], [28.176482257142055, 38.25814505874761], [28.178099224653465, 38.25814505874761], [28.178099224653465, 38.257606069577136], [28.177560235482986, 38.257606069577136], [28.177560235482986, 38.25652809123619], [28.178099224653465, 38.25652809123619], [28.178099224653465, 38.257067080406664], [28.178638213823945, 38.257067080406664], [28.178638213823945, 38.257606069577136], [28.179177202994396, 38.257606069577136], [28.179177202994396, 38.25868404791808], [28.178638213823945, 38.25868404791808], [28.178638213823945, 38.25922303708855], [28.177560235482986, 38.25922303708855], [28.177560235482986, 38.25868404791808], [28.177021246312535, 38.25868404791808], [28.177021246312535, 38.25922303708855], [28.175404278801096, 38.25922303708855], [28.175404278801096, 38.259762026259025], [28.174326300460166, 38.259762026259025], [28.174326300460166, 38.26084000459997], [28.173248322119207, 38.26084000459997], [28.173248322119207, 38.259762026259025], [28.174326300460166, 38.259762026259025], [28.174326300460166, 38.25922303708855], [28.174865289630645, 38.25922303708855], [28.174865289630645, 38.257606069577136], [28.173787311289686, 38.257606069577136], [28.173787311289686, 38.257067080406664], [28.173248322119207, 38.257067080406664], [28.173248322119207, 38.257606069577136], [28.172170343778276, 38.257606069577136], [28.172170343778276, 38.257067080406664], [28.172709332948756, 38.257067080406664], [28.172709332948756, 38.25652809123619], [28.173248322119207, 38.25652809123619], [28.173248322119207, 38.25598910206572], [28.173787311289686, 38.25598910206572], [28.173787311289686, 38.255450112895254], [28.175943267971576, 38.255450112895254], [28.175943267971576, 38.25491112372478], [28.174865289630645, 38.25491112372478], [28.174865289630645, 38.25383314538384], [28.175943267971576, 38.25383314538384], [28.175943267971576, 38.253294156213364], [28.176482257142055, 38.253294156213364], [28.176482257142055, 38.25275516704289]], [[28.174326300460166, 38.25598910206572], [28.174326300460166, 38.257067080406664], [28.173787311289686, 38.257067080406664], [28.173787311289686, 38.25598910206572], [28.174326300460166, 38.25598910206572]]]}, "id": "+386235+84875", "properties": {"area_ha": 17.769456232929535, "count": 63, "label": 1, "mean_dnbr": 0.3697934456242741}}, {"type": "Feature", "geometry": {"geodesic": false, "type": "Polygon", "coordinates": [[[28.176482257142055, 38.247365275338176], [28.177560235482986, 38.247365275338176], [28.177560235482986, 38.24790426450865], [28.177021246312535, 38.24790426450865], [28.177021246312535, 38.24844325367912], [28.177560235482986, 38.24844325367912], [28.177560235482986, 38.249521232020065], [28.178638213823945, 38.249521232020065], [28.178638213823945, 38.250599210361], [28.178099224653465, 38.250599210361], [28.178099224653465, 38.251138199531475], [28.178638213823945, 38.251138199531475], [28.178638213823945, 38.25167718870195], [28.177021246312535, 38.25167718870195], [28.177021246312535, 38.251138199531475], [28.177560235482986, 38.251138199531475], [28.177560235482986, 38.250599210361], [28.177021246312535, 38.250599210361], [28.177021246312535, 38.249521232020065], [28.175943267971576, 38.249521232020065], [28.175943267971576, 38.250599210361], [28.176482257142055, 38.250599210361], [28.176482257142055, 38.251138199531475], [28.175943267971576, 38.251138199531475], [28.175943267971576, 38.250599210361], [28.175404278801096, 38.250599210361], [28.175404278801096, 38.249521232020065], [28.175943267971576, 38.249521232020065], [28.175943267971576, 38.24790426450865], [28.176482257142055, 38.24790426450865], [28.176482257142055, 38.247365275338176]]]}, "id": "+386236+84885", "properties": {"area_ha": 6.487927971872829, "count": 23, "label": 1, "mean_dnbr": 0.34945192421501325}}, {"type": "Feature", "geometry": {"geodesic": false, "type": "Polygon", "coordinates": [[[28.177021246312535, 38.55997899421177], [28.178099224653465, 38.55997899421177], [28.178099224653465, 38.56051798338224], [28.178638213823945, 38.56051798338224], [28.178638213823945, 38.56105697255271], [28.179177202994396, 38.56105697255271], [28.179177202994396, 38.56213495089366], [28.177021246312535, 38.56213495089366], [28.177021246312535, 38.55997899421177]]]}, "id": "+386237+84305", "properties": {"area_ha": 3.651320909460337, "count": 13, "label": 1, "mean_dnbr": 0.24146118278111023}}, {"type": "Feature", "geometry": {"geodesic": false, "type": "Polygon", "coordinates": [[[28.176482257142055, 38.590701376928656], [28.178638213823945, 38.590701376928656], [28.178638213823945, 38.59231834444007], [28.176482257142055, 38.59231834444007], [28.176482257142055, 38.59339632278102], [28.175404278801096, 38.59339632278102], [28.175404278801096, 38.592857333610546], [28.175943267971576, 38.592857333610546], [28.175943267971576, 38.59231834444007], [28.176482257142055, 38.59231834444007], [28.176482257142055, 38.590701376928656]]]}, "id": "+386238+84248", "properties": {"area_ha": 4.211262509264956, "count": 15, "label": 1, "mean_dnbr": 0.5377154942031841}}, {"type": "Feature", "geometry": {"geodesic": false, "type": "Polygon", "coordinates": [[[28.178099224653465, 37.87654072605363], [28.178638213823945, 37.87654072605363], [28.178638213823945, 37.877079715224106], [28.178099224653465, 37.877079715224106], [28.178099224653465, 37.87761870439458], [28.177560235482986, 37.87761870439458], [28.177560235482986, 37.87869668273552], [28.177021246312535, 37.87869668273552], [28.177021246312535, 37.87815769356505], [28.176482257142055, 37.87815769356505], [28.176482257142055, 37.88031365024694], [28.175943267971576, 37.88031365024694], [28.175943267971576, 37.88193061775836], [28.175404278801096, 37.88193061775836], [28.175404278801096, 37.88085263941741], [28.174865289630645, 37.88085263941741], [28.174865289630645, 37.879235671905995], [28.175404278801096, 37.879235671905995], [28.175404278801096, 37.87977466107647], [28.175943267971576, 37.87977466107647], [28.175943267971576, 37.87815769356505], [28.176482257142055, 37.87815769356505], [28.176482257142055, 37.87761870439458], [28.177560235482986, 37.87761870439458], [28.177560235482986, 37.877079715224106], [28.178099224653465, 37.877079715224106], [28.178099224653465, 37.87654072605363]]]}, "id": "+386238+85573", "properties": {"area_ha": 4.536242781646934, "count": 16, "label": 1, "mean_dnbr": 0.21994589071041942}}, {"type": "Feature", "geometry": {"geodesic": false, "type": "Polygon", "coordinates": [[[28.178099224653465, 37.866838920985145], [28.178638213823945, 37.866838920985145], [28.178638213823945, 37.86845588849656], [28.178099224653465, 37.86845588849656], [28.178099224653465, 37.868994877667035], [28.178638213823945, 37.868994877667035], [28.178638213823945, 37.870611845178445], [28.178099224653465, 37.870611845178445], [28.178099224653465, 37.87115083434892], [28.178638213823945, 37.87115083434892], [28.178638213823945, 37.872767801860334], [28.177560235482986, 37.872767801860334], [28.177560235482986, 37.87384578020128], [28.178638213823945, 37.87384578020128], [28.178638213823945, 37.87438476937175], [28.178099224653465, 37.87438476937175], [28.178099224653465, 37.874923758542224], [28.177560235482986, 37.874923758542224], [28.177560235482986, 37.875462747712696], [28.175943267971576, 37.875462747712696], [28.175943267971576, 37.87438476937175], [28.176482257142055, 37.87438476937175], [28.176482257142055, 37.87384578020128], [28.177021246312535, 37.87384578020128], [28.177021246312535, 37.872767801860334], [28.176482257142055, 37.872767801860334], [28.176482257142055, 37.87168982351939], [28.175404278801096, 37.87168982351939], [28.175404278801096, 37.87007285600797], [28.176482257142055, 37.87007285600797], [28.176482257142055, 37.86953386683751], [28.177021246312535, 37.86953386683751], [28.177021246312535, 37.86845588849656], [28.177560235482986, 37.86845588849656], [28.177560235482986, 37.86737791015562], [28.178099224653465, 37.86737791015562], [28.178099224653465, 37.866838920985145]], [[28.177021246312535, 37.870611845178445], [28.177021246312535, 37.87115083434892], [28.176482257142055, 37.87115083434892], [28.176482257142055, 37.870611845178445], [28.177021246312535, 37.870611845178445]]]}, "id": "+386238+85591", "properties": {"area_ha": 14.460826120316689, "count": 51, "label": 1, "mean_dnbr": 0.4013843998585793}}, {"type": "Feature", "geometry": {"geodesic": false, "type": "Polygon", "coordinates": [[[28.178638213823945, 38.522249752278746], [28.180255181335355, 38.522249752278746], [28.180255181335355, 38.52278874144922], [28.179177202994396, 38.52278874144922], [28.179177202994396, 38.52332773061969], [28.178638213823945, 38.52332773061969], [28.178638213823945, 38.52386671979016], [28.177021246312535, 38.52386671979016], [28.177021246312535, 38.52332773061969], [28.175943267971576, 38.52332773061969], [28.175943267971576, 38.52278874144922], [28.176482257142055, 38.52278874144922], [28.176482257142055, 38.522249752278746], [28.177021246312535, 38.522249752278746], [28.177021246312535, 38.52278874144922], [28.178638213823945, 38.52278874144922], [28.178638213823945, 38.522249752278746]]]}, "id": "+386241+84375", "properties": {"area_ha": 3.6532529186889535, "count": 13, "label": 1, "mean_dnbr": 0.28856971055837866}}, {"type": "Feature", "geometry": {"geodesic": false, "type": "Polygon", "coordinates": [[[28.179716192164875, 37.85498115923477], [28.180794170505834, 37.85498115923477], [28.180794170505834, 37.856598126746185], [28.181333159676285, 37.856598126746185], [28.181333159676285, 37.85767610508713], [28.180794170505834, 37.85767610508713], [28.180794170505834, 37.858215094257595], [28.181333159676285, 37.858215094257595], [28.181333159676285, 37.85875408342807], [28.182411138017244, 37.85875408342807], [28.182411138017244, 37.85929307259854], [28.181872148846765, 37.85929307259854], [28.181872148846765, 37.86091004010996], [28.181333159676285, 37.86091004010996], [28.181333159676285, 37.860371050939484], [28.180794170505834, 37.860371050939484], [28.180794170505834, 37.85983206176901], [28.180255181335355, 37.85983206176901], [28.180255181335355, 37.85929307259854], [28.179716192164875, 37.85929307259854], [28.179716192164875, 37.856598126746185], [28.180255181335355, 37.856598126746185], [28.180255181335355, 37.85605913757571], [28.179716192164875, 37.85605913757571], [28.179716192164875, 37.85498115923477]], [[28.180794170505834, 37.856598126746185], [28.180794170505834, 37.85767610508713], [28.180255181335355, 37.85767610508713], [28.180255181335355, 37.856598126746185], [28.180794170505834, 37.856598126746185]]]}, "id": "+386242+85613", "properties": {"area_ha": 7.089917237744425, "count": 25, "label": 1, "mean_dnbr": 0.3559989310352404}}, {"type": "Feature", "geometry": {"geodesic": false, "type": "Polygon", "coordinates": [[[28.180255181335355, 38.25221617787242], [28.181872148846765, 38.25221617787242], [28.181872148846765, 38.25275516704289], [28.182411138017244, 38.25275516704289], [28.182411138017244, 38.25383314538384], [28.181872148846765, 38.25383314538384], [28.181872148846765, 38.25491112372478], [28.182411138017244, 38.25491112372478], [28.182411138017244, 38.25598910206572], [28.181872148846765, 38.25598910206572], [28.181872148846765, 38.255450112895254], [28.181333159676285, 38.255450112895254], [28.181333159676285, 38.25491112372478], [28.180794170505834, 38.25491112372478], [28.180794170505834, 38.255450112895254], [28.180255181335355, 38.255450112895254], [28.180255181335355, 38.25598910206572], [28.179716192164875, 38.25598910206572], [28.179716192164875, 38.25491112372478], [28.179177202994396, 38.25491112372478], [28.179177202994396, 38.25437213455431], [28.178638213823945, 38.25437213455431], [28.178638213823945, 38.25383314538384], [28.179716192164875, 38.25383314538384], [28.179716192164875, 38.25437213455431], [28.180255181335355, 38.25437213455431], [28.180255181335355, 38.25383314538384], [28.180794170505834, 38.25383314538384], [28.180794170505834, 38.253294156213364], [28.180255181335355, 38.253294156213364], [28.180255181335355, 38.25221617787242]], [[28.181333159676285, 38.25383314538384], [28.181333159676285, 38.25437213455431], [28.180794170505834, 38.25437213455431], [28.180794170505834, 38.25383314538384], [28.181333159676285, 38.25383314538384]]]}, "id": "+386244+84876", "properties": {"area_ha": 7.0516603405233065, "count": 25, "label": 1, "mean_dnbr": 0.4404207492951347}}, {"type": "Feature", "geometry": {"geodesic": false, "type": "Polygon", "coordinates": [[[28.181333159676285, 38.52386671979016], [28.182950127187723, 38.52386671979016], [28.182950127187723, 38.52494469813111], [28.184028105528654, 38.52494469813111], [28.184028105528654, 38.52548368730158], [28.183489116358174, 38.52548368730158], [28.183489116358174, 38.52602267647205], [28.181872148846765, 38.52602267647205], [28.181872148846765, 38.52548368730158], [28.180794170505834, 38.52548368730158], [28.180794170505834, 38.524405708960636], [28.181333159676285, 38.524405708960636], [28.181333159676285, 38.52386671979016]]]}, "id": "+386246+84372", "properties": {"area_ha": 4.496190318317378, "count": 16, "label": 1, "mean_dnbr": 0.5870089572105491}}, {"type": "Feature", "geometry": {"geodesic": false, "type": "Polygon", "coordinates": [[[28.181872148846765, 38.526561665642525], [28.184028105528654, 38.526561665642525], [28.184028105528654, 38.527100654813], [28.185106083869584, 38.527100654813], [28.185106083869584, 38.52763964398346], [28.185645073040064, 38.52763964398346], [28.185645073040064, 38.528178633153935], [28.186184062210543, 38.528178633153935], [28.186184062210543, 38.52871762232441], [28.184567094699133, 38.52871762232441], [28.184567094699133, 38.528178633153935], [28.184028105528654, 38.528178633153935], [28.184028105528654, 38.52763964398346], [28.183489116358174, 38.52763964398346], [28.183489116358174, 38.527100654813], [28.182950127187723, 38.527100654813], [28.182950127187723, 38.52763964398346], [28.181872148846765, 38.52763964398346], [28.181872148846765, 38.528178633153935], [28.181333159676285, 38.528178633153935], [28.181333159676285, 38.52763964398346], [28.180794170505834, 38.52763964398346], [28.180794170505834, 38.527100654813], [28.181872148846765, 38.527100654813], [28.181872148846765, 38.526561665642525]]]}, "id": "+386248+84367", "properties": {"area_ha": 5.05802885937149, "count": 18, "label": 1, "mean_dnbr": 0.4078204940814555}}, {"type": "Feature", "geometry": {"geodesic": false, "type": "Polygon", "coordinates": [[[28.183489116358174, 38.52925661149488], [28.184567094699133, 38.52925661149488], [28.184567094699133, 38.530334589835824], [28.185106083869584, 38.530334589835824], [28.185106083869584, 38.53195155734724], [28.184028105528654, 38.53195155734724], [28.184028105528654, 38.532490546517714], [28.183489116358174, 38.532490546517714], [28.183489116358174, 38.53356852485865], [28.182411138017244, 38.53356852485865], [28.182411138017244, 38.534107514029124], [28.181872148846765, 38.534107514029124], [28.181872148846765, 38.53356852485865], [28.181333159676285, 38.53356852485865], [28.181333159676285, 38.533029535688186], [28.182411138017244, 38.533029535688186], [28.182411138017244, 38.532490546517714], [28.180794170505834, 38.532490546517714], [28.180794170505834, 38.533029535688186], [28.179716192164875, 38.533029535688186], [28.179716192164875, 38.53195155734724], [28.180794170505834, 38.53195155734724], [28.180794170505834, 38.53141256817677], [28.182411138017244, 38.53141256817677], [28.182411138017244, 38.52979560066535], [28.183489116358174, 38.52979560066535], [28.183489116358174, 38.52925661149488]], [[28.183489116358174, 38.53195155734724], [28.183489116358174, 38.532490546517714], [28.182950127187723, 38.532490546517714], [28.182950127187723, 38.53195155734724], [28.183489116358174, 38.53195155734724]]]}, "id": "+386249+84362", "properties": {"area_ha": 11.239436572802273, "count": 40, "label": 1, "mean_dnbr": 0.4413622160657708}}, {"type": "Feature", "geometry": {"geodesic": false, "type": "Polygon", "coordinates": [[[28.182950127187723, 37.86360498596232], [28.184567094699133, 37.86360498596232], [28.184567094699133, 37.864143975132784], [28.184028105528654, 37.864143975132784], [28.184028105528654, 37.864682964303256], [28.183489116358174, 37.864682964303256], [28.183489116358174, 37.86522195347373], [28.185106083869584, 37.86522195347373], [28.185106083869584, 37.86629993181467], [28.186723051381023, 37.86629993181467], [28.186723051381023, 37.866838920985145], [28.186184062210543, 37.866838920985145], [28.186184062210543, 37.86737791015562], [28.185645073040064, 37.86737791015562], [28.185645073040064, 37.866838920985145], [28.184567094699133, 37.866838920985145], [28.184567094699133, 37.86629993181467], [28.183489116358174, 37.86629993181467], [28.183489116358174, 37.86522195347373], [28.182950127187723, 37.86522195347373], [28.182950127187723, 37.86360498596232]]]}, "id": "+386249+85597", "properties": {"area_ha": 4.8206558338957874, "count": 17, "label": 1, "mean_dnbr": 0.3226335483031841}}, {"type": "Feature", "geometry": {"geodesic": false, "type": "Polygon", "coordinates": [[[28.185645073040064, 38.53788043822243], [28.186184062210543, 38.53788043822243], [28.186184062210543, 38.54003639490431], [28.185645073040064, 38.54003639490431], [28.185645073040064, 38.540575384074785], [28.185106083869584, 38.540575384074785], [28.185106083869584, 38.54111437324526], [28.184028105528654, 38.54111437324526], [28.184028105528654, 38.540575384074785], [28.183489116358174, 38.540575384074785], [28.183489116358174, 38.53949740573384], [28.184028105528654, 38.53949740573384], [28.184028105528654, 38.538958416563375], [28.185645073040064, 38.538958416563375], [28.185645073040064, 38.53788043822243]]]}, "id": "+386252+84346", "properties": {"area_ha": 4.776220548536367, "count": 17, "label": 1, "mean_dnbr": 0.5557763409383801}}, {"type": "Feature", "geometry": {"geodesic": false, "type": "Polygon", "coordinates": [[[28.186184062210543, 38.247365275338176], [28.186723051381023, 38.247365275338176], [28.186723051381023, 38.24844325367912], [28.186184062210543, 38.24844325367912], [28.186184062210543, 38.249521232020065], [28.185106083869584, 38.249521232020065], [28.185106083869584, 38.24898224284959], [28.184567094699133, 38.24898224284959], [28.184567094699133, 38.25006022119053], [28.183489116358174, 38.25006022119053], [28.183489116358174, 38.249521232020065], [28.182950127187723, 38.249521232020065], [28.182950127187723, 38.250599210361], [28.182411138017244, 38.250599210361], [28.182411138017244, 38.251138199531475], [28.181333159676285, 38.251138199531475], [28.181333159676285, 38.25006022119053], [28.182411138017244, 38.25006022119053], [28.182411138017244, 38.24898224284959], [28.181872148846765, 38.24898224284959], [28.181872148846765, 38.247365275338176], [28.184028105528654, 38.247365275338176], [28.184028105528654, 38.24844325367912], [28.183489116358174, 38.24844325367912], [28.183489116358174, 38.249521232020065], [28.184028105528654, 38.249521232020065], [28.184028105528654, 38.24898224284959], [28.184567094699133, 38.24898224284959], [28.184567094699133, 38.24844325367912], [28.185106083869584, 38.24844325367912], [28.185106083869584, 38.247365275338176], [28.185645073040064, 38.247365275338176], [28.185645073040064, 38.24790426450865], [28.186184062210543, 38.24790426450865], [28.186184062210543, 38.247365275338176]]]}, "id": "+386253+84885", "properties": {"area_ha": 9.026772134132512, "count": 32, "label": 1, "mean_dnbr": 0.4578978462154522}}, {"type": "Feature", "geometry": {"geodesic": false, "type": "Polygon", "coordinates": [[[28.186723051381023, 38.51254794721026], [28.187262040551474, 38.51254794721026], [28.187262040551474, 38.5136259255512], [28.187801029721953, 38.5136259255512], [28.187801029721953, 38.51470390389215], [28.188340018892433, 38.51470390389215], [28.188340018892433, 38.51632087140356], [28.186184062210543, 38.51632087140356], [28.186184062210543, 38.515781882233085], [28.185645073040064, 38.515781882233085], [28.185645073040064, 38.51470390389215], [28.186723051381023, 38.51470390389215], [28.186723051381023, 38.51254794721026]]]}, "id": "+386254+84393", "properties": {"area_ha": 5.621024952787716, "count": 20, "label": 1, "mean_dnbr": 0.3971236146031389}}, {"type": "Feature", "geometry": {"geodesic": false, "type": "Polygon", "coordinates": [[[28.186184062210543, 38.105072134333646], [28.187262040551474, 38.105072134333646], [28.187262040551474, 38.10561112350411], [28.186184062210543, 38.10561112350411], [28.186184062210543, 38.106689101845056], [28.188340018892433, 38.106689101845056], [28.188340018892433, 38.107767080186], [28.187262040551474, 38.107767080186], [28.187262040551474, 38.10830606935647], [28.186184062210543, 38.10830606935647], [28.186184062210543, 38.107767080186], [28.185645073040064, 38.107767080186], [28.185645073040064, 38.108845058526946], [28.182411138017244, 38.108845058526946], [28.182411138017244, 38.10938404769742], [28.181333159676285, 38.10938404769742], [28.181333159676285, 38.108845058526946], [28.180794170505834, 38.108845058526946], [28.180794170505834, 38.10938404769742], [28.180255181335355, 38.10938404769742], [28.180255181335355, 38.108845058526946], [28.179177202994396, 38.108845058526946], [28.179177202994396, 38.10938404769742], [28.179716192164875, 38.10938404769742], [28.179716192164875, 38.11046202603836], [28.179177202994396, 38.11046202603836], [28.179177202994396, 38.111001015208835], [28.179716192164875, 38.111001015208835], [28.179716192164875, 38.1115400043793], [28.180255181335355, 38.1115400043793], [28.180255181335355, 38.112617982720245], [28.179177202994396, 38.112617982720245], [28.179177202994396, 38.1115400043793], [28.178638213823945, 38.1115400043793], [28.178638213823945, 38.111001015208835], [28.178099224653465, 38.111001015208835], [28.178099224653465, 38.11046202603836], [28.177560235482986, 38.11046202603836], [28.177560235482986, 38.108845058526946], [28.178099224653465, 38.108845058526946], [28.178099224653465, 38.10830606935647], [28.178638213823945, 38.10830606935647], [28.178638213823945, 38.107767080186], [28.179177202994396, 38.107767080186], [28.179177202994396, 38.10830606935647], [28.180794170505834, 38.10830606935647], [28.180794170505834, 38.106689101845056], [28.182411138017244, 38.106689101845056], [28.182411138017244, 38.106150112674584], [28.182950127187723, 38.106150112674584], [28.182950127187723, 38.10830606935647], [28.184028105528654, 38.10830606935647], [28.184028105528654, 38.107767080186], [28.185106083869584, 38.107767080186], [28.185106083869584, 38.10722809101553], [28.184028105528654, 38.10722809101553], [28.184028105528654, 38.10561112350411], [28.186184062210543, 38.10561112350411], [28.186184062210543, 38.105072134333646]], [[28.179177202994396, 38.10830606935647], [28.179177202994396, 38.108845058526946], [28.178638213823945, 38.108845058526946], [28.178638213823945, 38.10830606935647], [28.179177202994396, 38.10830606935647]]]}, "id": "+386254+85149", "properties": {"area_ha": 22.04527968809095, "count": 78, "label": 1, "mean_dnbr": 0.3984027537539404}}, {"type": "Feature", "geometry": {"geodesic": false, "type": "Polygon", "coordinates": [[[28.186184062210543, 38.530334589835824], [28.187801029721953, 38.530334589835824], [28.187801029721953, 38.53141256817677], [28.188340018892433, 38.53141256817677], [28.188340018892433, 38.533029535688186], [28.188879008062912, 38.533029535688186], [28.188879008062912, 38.534107514029124], [28.186723051381023, 38.534107514029124], [28.186723051381023, 38.53356852485865], [28.186184062210543, 38.53356852485865], [28.186184062210543, 38.533029535688186], [28.185645073040064, 38.533029535688186], [28.185645073040064, 38.532490546517714], [28.186184062210543, 38.532490546517714], [28.186184062210543, 38.53195155734724], [28.187801029721953, 38.53195155734724], [28.187801029721953, 38.53141256817677], [28.185645073040064, 38.53141256817677], [28.185645073040064, 38.5308735790063], [28.186184062210543, 38.5308735790063], [28.186184062210543, 38.530334589835824]]]}, "id": "+386255+84360", "properties": {"area_ha": 7.305562686366025, "count": 26, "label": 1, "mean_dnbr": 0.38670622302763424}}, {"type": "Feature", "geometry": {"geodesic": false, "type": "Polygon", "coordinates": [[[28.186723051381023, 38.567524842598374], [28.188340018892433, 38.567524842598374], [28.188340018892433, 38.568063831768846], [28.191034964744773, 38.568063831768846], [28.191034964744773, 38.56914181010979], [28.189956986403843, 38.56914181010979], [28.189956986403843, 38.5707587776212], [28.189417997233363, 38.5707587776212], [28.189417997233363, 38.569680799280256], [28.186723051381023, 38.569680799280256], [28.186723051381023, 38.57021978845073], [28.183489116358174, 38.57021978845073], [28.183489116358174, 38.569680799280256], [28.184028105528654, 38.569680799280256], [28.184028105528654, 38.56860282093932], [28.184567094699133, 38.56860282093932], [28.184567094699133, 38.568063831768846], [28.186184062210543, 38.568063831768846], [28.186184062210543, 38.56860282093932], [28.186723051381023, 38.56860282093932], [28.186723051381023, 38.567524842598374]]]}, "id": "+386256+84291", "properties": {"area_ha": 12.918654018545878, "count": 46, "label": 1, "mean_dnbr": 0.2893871791712047}}, {"type": "Feature", "geometry": {"geodesic": false, "type": "Polygon", "coordinates": [[[28.187262040551474, 38.544887297438564], [28.188340018892433, 38.544887297438564], [28.188340018892433, 38.54542628660903], [28.189956986403843, 38.54542628660903], [28.189956986403843, 38.5459652757795], [28.190495975574322, 38.5459652757795], [28.190495975574322, 38.546504264949974], [28.192112943085732, 38.546504264949974], [28.192112943085732, 38.54758224329092], [28.191034964744773, 38.54758224329092], [28.191034964744773, 38.547043254120446], [28.190495975574322, 38.547043254120446], [28.190495975574322, 38.546504264949974], [28.188879008062912, 38.546504264949974], [28.188879008062912, 38.5459652757795], [28.188340018892433, 38.5459652757795], [28.188340018892433, 38.54542628660903], [28.187262040551474, 38.54542628660903], [28.187262040551474, 38.544887297438564]]]}, "id": "+386256+84333", "properties": {"area_ha": 3.6520734323354014, "count": 13, "label": 1, "mean_dnbr": 0.3250679664760363}}, {"type": "Feature", "geometry": {"geodesic": false, "type": "Polygon", "coordinates": [[[28.187801029721953, 38.10183819931081], [28.188340018892433, 38.10183819931081], [28.188340018892433, 38.102377188481285], [28.188879008062912, 38.102377188481285], [28.188879008062912, 38.10291617765176], [28.189417997233363, 38.10291617765176], [28.189417997233363, 38.10345516682223], [28.188879008062912, 38.10345516682223], [28.188879008062912, 38.1039941559927], [28.187262040551474, 38.1039941559927], [28.187262040551474, 38.104533145163174], [28.186184062210543, 38.104533145163174], [28.186184062210543, 38.1039941559927], [28.185106083869584, 38.1039941559927], [28.185106083869584, 38.104533145163174], [28.185645073040064, 38.104533145163174], [28.185645073040064, 38.105072134333646], [28.184567094699133, 38.105072134333646], [28.184567094699133, 38.104533145163174], [28.183489116358174, 38.104533145163174], [28.183489116358174, 38.10345516682223], [28.186723051381023, 38.10345516682223], [28.186723051381023, 38.10291617765176], [28.186184062210543, 38.10291617765176], [28.186184062210543, 38.102377188481285], [28.187262040551474, 38.102377188481285], [28.187262040551474, 38.10291617765176], [28.187801029721953, 38.10291617765176], [28.187801029721953, 38.10183819931081]]]}, "id": "+386256+85155", "properties": {"area_ha": 7.631524524609998, "count": 27, "label": 1, "mean_dnbr": 0.39738948232055943}}, {"type": "Feature", "geometry": {"geodesic": false, "type": "Polygon", "coordinates": [[[28.188340018892433, 38.53734144905196], [28.188879008062912, 38.53734144905196], [28.188879008062912, 38.53788043822243], [28.188340018892433, 38.53788043822243], [28.188340018892433, 38.538958416563375], [28.188879008062912, 38.538958416563375], [28.188879008062912, 38.53949740573384], [28.189417997233363, 38.53949740573384], [28.189417997233363, 38.54003639490431], [28.191573953915253, 38.54003639490431], [28.191573953915253, 38.540575384074785], [28.19265193225621, 38.540575384074785], [28.19265193225621, 38.54003639490431], [28.193190921426662, 38.54003639490431], [28.193190921426662, 38.54111437324526], [28.193729910597142, 38.54111437324526], [28.193729910597142, 38.540575384074785], [28.1948078889381, 38.540575384074785], [28.1948078889381, 38.54111437324526], [28.193729910597142, 38.54111437324526], [28.193729910597142, 38.54165336241573], [28.193190921426662, 38.54165336241573], [28.193190921426662, 38.5421923515862], [28.19265193225621, 38.5421923515862], [28.19265193225621, 38.542731340756674], [28.191573953915253, 38.542731340756674], [28.191573953915253, 38.5421923515862], [28.189956986403843, 38.5421923515862], [28.189956986403843, 38.540575384074785], [28.189417997233363, 38.540575384074785], [28.189417997233363, 38.54003639490431], [28.188340018892433, 38.54003639490431], [28.188340018892433, 38.538958416563375], [28.187801029721953, 38.538958416563375], [28.187801029721953, 38.53788043822243], [28.188340018892433, 38.53788043822243], [28.188340018892433, 38.53734144905196]]]}, "id": "+386257+84347", "properties": {"area_ha": 9.552298577131912, "count": 34, "label": 1, "mean_dnbr": 0.40718714674804957}}, {"type": "Feature", "geometry": {"geodesic": false, "type": "Polygon", "coordinates": [[[28.187801029721953, 38.524405708960636], [28.189956986403843, 38.524405708960636], [28.189956986403843, 38.52494469813111], [28.191034964744773, 38.52494469813111], [28.191034964744773, 38.52548368730158], [28.190495975574322, 38.52548368730158], [28.190495975574322, 38.526561665642525], [28.188340018892433, 38.526561665642525], [28.188340018892433, 38.52602267647205], [28.187262040551474, 38.52602267647205], [28.187262040551474, 38.52548368730158], [28.186184062210543, 38.52548368730158], [28.186184062210543, 38.52494469813111], [28.187801029721953, 38.52494469813111], [28.187801029721953, 38.524405708960636]]]}, "id": "+386259+84371", "properties": {"area_ha": 6.4632294259732825, "count": 23, "label": 1, "mean_dnbr": 0.5053190575441379}}, {"type": "Feature", "geometry": {"geodesic": false, "type": "Polygon", "coordinates": [[[28.189417997233363, 38.09698729677657], [28.190495975574322, 38.09698729677657], [28.190495975574322, 38.09806527511751], [28.192112943085732, 38.09806527511751], [28.192112943085732, 38.098604264287985], [28.19265193225621, 38.098604264287985], [28.19265193225621, 38.09914325345845], [28.195346878108552, 38.09914325345845], [28.195346878108552, 38.100221231799395], [28.19642485644951, 38.100221231799395], [28.19642485644951, 38.10076022096987], [28.19588586727903, 38.10076022096987], [28.19588586727903, 38.10129921014034], [28.196963845619962, 38.10129921014034], [28.196963845619962, 38.10183819931081], [28.19642485644951, 38.10183819931081], [28.19642485644951, 38.10345516682223], [28.196963845619962, 38.10345516682223], [28.196963845619962, 38.104533145163174], [28.195346878108552, 38.104533145163174], [28.195346878108552, 38.1039941559927], [28.1948078889381, 38.1039941559927], [28.1948078889381, 38.104533145163174], [28.19426889976762, 38.104533145163174], [28.19426889976762, 38.105072134333646], [28.193729910597142, 38.105072134333646], [28.193729910597142, 38.104533145163174], [28.193190921426662, 38.104533145163174], [28.193190921426662, 38.10345516682223], [28.191573953915253, 38.10345516682223], [28.191573953915253, 38.102377188481285], [28.19426889976762, 38.102377188481285], [28.19426889976762, 38.10291617765176], [28.1948078889381, 38.10291617765176], [28.1948078889381, 38.10183819931081], [28.195346878108552, 38.10183819931081], [28.195346878108552, 38.10129921014034], [28.1948078889381, 38.10129921014034], [28.1948078889381, 38.10076022096987], [28.19426889976762, 38.10076022096987], [28.19426889976762, 38.100221231799395], [28.193729910597142, 38.100221231799395], [28.193729910597142, 38.09968224262892], [28.193190921426662, 38.09968224262892], [28.193190921426662, 38.100221231799395], [28.192112943085732, 38.100221231799395], [28.192112943085732, 38.09914325345845], [28.190495975574322, 38.09914325345845], [28.190495975574322, 38.098604264287985], [28.189956986403843, 38.098604264287985], [28.189956986403843, 38.09752628594704], [28.189417997233363, 38.09752628594704], [28.189417997233363, 38.09698729677657]], [[28.19426889976762, 38.10291617765176], [28.19426889976762, 38.10345516682223], [28.193729910597142, 38.10345516682223], [28.193729910597142, 38.10291617765176], [28.19426889976762, 38.10291617765176]]]}, "id": "+386260+85164", "properties": {"area_ha": 18.090078449653397, "count": 64, "label": 1, "mean_dnbr": 0.402648818653856}}, {"type": "Feature", "geometry": {"geodesic": false, "type": "Polygon", "coordinates": [[[28.189956986403843, 37.87007285600797], [28.190495975574322, 37.87007285600797], [28.190495975574322, 37.87168982351939], [28.189956986403843, 37.87168982351939], [28.189956986403843, 37.872767801860334], [28.191034964744773, 37.872767801860334], [28.191034964744773, 37.87384578020128], [28.189417997233363, 37.87384578020128], [28.189417997233363, 37.87330679103081], [28.188879008062912, 37.87330679103081], [28.188879008062912, 37.872767801860334], [28.189417997233363, 37.872767801860334], [28.189417997233363, 37.87168982351939], [28.189956986403843, 37.87168982351939], [28.189956986403843, 37.87007285600797]]]}, "id": "+386260+85585", "properties": {"area_ha": 3.402498804395071, "count": 12, "label": 1, "mean_dnbr": 0.32252476913804656}}, {"type": "Feature", "geometry": {"geodesic": false, "type": "Polygon", "coordinates": [[[28.190495975574322, 38.24251437280393], [28.19265193225621, 38.24251437280393], [28.19265193225621, 38.243053361974404], [28.192112943085732, 38.243053361974404], [28.192112943085732, 38.243592351144876], [28.190495975574322, 38.243592351144876], [28.190495975574322, 38.24574830782676], [28.189956986403843, 38.24574830782676], [28.189956986403843, 38.244670329485814], [28.188340018892433, 38.244670329485814], [28.188340018892433, 38.245209318656286], [28.187801029721953, 38.245209318656286], [28.187801029721953, 38.24628729699723], [28.187262040551474, 38.24628729699723], [28.187262040551474, 38.245209318656286], [28.187801029721953, 38.245209318656286], [28.187801029721953, 38.24413134031534], [28.188340018892433, 38.24413134031534], [28.188340018892433, 38.243592351144876], [28.190495975574322, 38.243592351144876], [28.190495975574322, 38.24251437280393]]]}, "id": "+386264+84894", "properties": {"area_ha": 5.924205820854954, "count": 21, "label": 1, "mean_dnbr": 0.3520996123788716}}, {"type": "Feature", "geometry": {"geodesic": false, "type": "Polygon", "coordinates": [[[28.190495975574322, 38.104533145163174], [28.19265193225621, 38.104533145163174], [28.19265193225621, 38.105072134333646], [28.191573953915253, 38.105072134333646], [28.191573953915253, 38.10561112350411], [28.191034964744773, 38.10561112350411], [28.191034964744773, 38.106689101845056], [28.189956986403843, 38.106689101845056], [28.189956986403843, 38.10722809101553], [28.188879008062912, 38.10722809101553], [28.188879008062912, 38.10561112350411], [28.189417997233363, 38.10561112350411], [28.189417997233363, 38.105072134333646], [28.190495975574322, 38.105072134333646], [28.190495975574322, 38.104533145163174]]]}, "id": "+386264+85150", "properties": {"area_ha": 5.0875383791050695, "count": 18, "label": 1, "mean_dnbr": 0.47127501693209845}}, {"type": "Feature", "geometry": {"geodesic": false, "type": "Polygon", "coordinates": [[[28.191573953915253, 38.5060800771646], [28.193729910597142, 38.5060800771646], [28.193729910597142, 38.50715805550554], [28.193190921426662, 38.50715805550554], [28.193190921426662, 38.507697044676014], [28.192112943085732, 38.507697044676014], [28.192112943085732, 38.50823603384649], [28.190495975574322, 38.50823603384649], [28.190495975574322, 38.507697044676014], [28.191573953915253, 38.507697044676014], [28.191573953915253, 38.5060800771646]]]}, "id": "+386266+84405", "properties": {"area_ha": 3.935140861836222, "count": 14, "label": 1, "mean_dnbr": 0.3392502414001271}}, {"type": "Feature", "geometry": {"geodesic": false, "type": "Polygon", "coordinates": [[[28.191573953915253, 38.24898224284959], [28.193729910597142, 38.24898224284959], [28.193729910597142, 38.251138199531475], [28.192112943085732, 38.251138199531475], [28.192112943085732, 38.250599210361], [28.191573953915253, 38.250599210361], [28.191573953915253, 38.24898224284959]]]}, "id": "+386266+84882", "properties": {"area_ha": 4.231231503833516, "count": 15, "label": 1, "mean_dnbr": 0.48496878793526144}}, {"type": "Feature", "geometry": {"geodesic": false, "type": "Polygon", "coordinates": [[[28.192112943085732, 38.24628729699723], [28.193729910597142, 38.24628729699723], [28.193729910597142, 38.2468262861677], [28.19265193225621, 38.2468262861677], [28.19265193225621, 38.247365275338176], [28.193190921426662, 38.247365275338176], [28.193190921426662, 38.24790426450865], [28.193729910597142, 38.24790426450865], [28.193729910597142, 38.24844325367912], [28.193190921426662, 38.24844325367912], [28.193190921426662, 38.24790426450865], [28.190495975574322, 38.24790426450865], [28.190495975574322, 38.2468262861677], [28.191034964744773, 38.2468262861677], [28.191034964744773, 38.247365275338176], [28.191573953915253, 38.247365275338176], [28.191573953915253, 38.2468262861677], [28.192112943085732, 38.2468262861677], [28.192112943085732, 38.24628729699723]]]}, "id": "+386266+84887", "properties": {"area_ha": 3.3851264505928667, "count": 12, "label": 1, "mean_dnbr": 0.4425197866416829}}, {"type": "Feature", "geometry": {"geodesic": false, "type": "Polygon", "coordinates": [[[28.19426889976762, 38.55836202670035], [28.1948078889381, 38.55836202670035], [28.1948078889381, 38.559440005041296], [28.196963845619962, 38.559440005041296], [28.196963845619962, 38.55997899421177], [28.19642485644951, 38.55997899421177], [28.19642485644951, 38.56051798338224], [28.195346878108552, 38.56051798338224], [28.195346878108552, 38.55997899421177], [28.19426889976762, 38.55997899421177], [28.19426889976762, 38.56051798338224], [28.193190921426662, 38.56051798338224], [28.193190921426662, 38.55997899421177], [28.19265193225621, 38.55997899421177], [28.19265193225621, 38.559440005041296], [28.193729910597142, 38.559440005041296], [28.193729910597142, 38.55890101587082], [28.19426889976762, 38.55890101587082], [28.19426889976762, 38.55836202670035]]]}, "id": "+386268+84308", "properties": {"area_ha": 4.2131382406271385, "count": 15, "label": 1, "mean_dnbr": 0.34503185257754165}}, {"type": "Feature", "geometry": {"geodesic": false, "type": "Polygon", "coordinates": [[[28.193729910597142, 38.51039199052837], [28.1948078889381, 38.51039199052837], [28.1948078889381, 38.511469968869314], [28.19426889976762, 38.511469968869314], [28.19426889976762, 38.51254794721026], [28.19265193225621, 38.51254794721026], [28.19265193225621, 38.511469968869314], [28.192112943085732, 38.511469968869314], [28.192112943085732, 38.51039199052837], [28.19265193225621, 38.51039199052837], [28.19265193225621, 38.511469968869314], [28.193729910597142, 38.511469968869314], [28.193729910597142, 38.51039199052837]]]}, "id": "+386268+84397", "properties": {"area_ha": 3.3727769009052087, "count": 12, "label": 1, "mean_dnbr": 0.34439604625113407}}, {"type": "Feature", "geometry": {"geodesic": false, "type": "Polygon", "coordinates": [[[28.193190921426662, 37.87115083434892], [28.1948078889381, 37.87115083434892], [28.1948078889381, 37.87222881268986], [28.19588586727903, 37.87222881268986], [28.19588586727903, 37.872767801860334], [28.193190921426662, 37.872767801860334], [28.193190921426662, 37.87115083434892]]]}, "id": "+386268+85583", "properties": {"area_ha": 3.1189838243613335, "count": 11, "label": 1, "mean_dnbr": 0.4396151195887819}}, {"type": "Feature", "geometry": {"geodesic": false, "type": "Polygon", "coordinates": [[[28.1948078889381, 37.85929307259854], [28.19642485644951, 37.85929307259854], [28.19642485644951, 37.85983206176901], [28.196963845619962, 37.85983206176901], [28.196963845619962, 37.860371050939484], [28.19642485644951, 37.860371050939484], [28.19642485644951, 37.86091004010996], [28.1948078889381, 37.86091004010996], [28.1948078889381, 37.86144902928043], [28.19426889976762, 37.86144902928043], [28.19426889976762, 37.860371050939484], [28.1948078889381, 37.860371050939484], [28.1948078889381, 37.85929307259854]]]}, "id": "+386271+85605", "properties": {"area_ha": 3.403063096667941, "count": 12, "label": 1, "mean_dnbr": 0.2753397287704077}}, {"type": "Feature", "geometry": {"geodesic": false, "type": "Polygon", "coordinates": [[[28.19588586727903, 38.50661906633507], [28.19750283479044, 38.50661906633507], [28.19750283479044, 38.50715805550554], [28.19804182396092, 38.50715805550554], [28.19804182396092, 38.50823603384649], [28.19750283479044, 38.50823603384649], [28.19750283479044, 38.50877502301696], [28.195346878108552, 38.50877502301696], [28.195346878108552, 38.509314012187424], [28.193190921426662, 38.509314012187424], [28.193190921426662, 38.50877502301696], [28.19426889976762, 38.50877502301696], [28.19426889976762, 38.507697044676014], [28.1948078889381, 38.507697044676014], [28.1948078889381, 38.50823603384649], [28.195346878108552, 38.50823603384649], [28.195346878108552, 38.50715805550554], [28.19588586727903, 38.50715805550554], [28.19588586727903, 38.50661906633507]]]}, "id": "+386273+84404", "properties": {"area_ha": 6.745882788135099, "count": 24, "label": 1, "mean_dnbr": 0.472703779968735}}, {"type": "Feature", "geometry": {"geodesic": false, "type": "Polygon", "coordinates": [[[28.19804182396092, 38.534646503199596], [28.1985808131314, 38.534646503199596], [28.1985808131314, 38.53572448154054], [28.19804182396092, 38.53572448154054], [28.19804182396092, 38.53626347071101], [28.1985808131314, 38.53626347071101], [28.1985808131314, 38.53734144905196], [28.19911980230185, 38.53734144905196], [28.19911980230185, 38.5384194273929], [28.1985808131314, 38.5384194273929], [28.1985808131314, 38.53734144905196], [28.19804182396092, 38.53734144905196], [28.19804182396092, 38.5384194273929], [28.19750283479044, 38.5384194273929], [28.19750283479044, 38.53734144905196], [28.19804182396092, 38.53734144905196], [28.19804182396092, 38.536802459881486], [28.19750283479044, 38.536802459881486], [28.19750283479044, 38.53626347071101], [28.19642485644951, 38.53626347071101], [28.19642485644951, 38.53572448154054], [28.19804182396092, 38.53572448154054], [28.19804182396092, 38.534646503199596]]]}, "id": "+386275+84352", "properties": {"area_ha": 3.371593005980194, "count": 12, "label": 1, "mean_dnbr": 0.18728634126650182}}, {"type": "Feature", "geometry": {"geodesic": false, "type": "Polygon", "coordinates": [[[28.19804182396092, 38.19238837995006], [28.1985808131314, 38.19238837995006], [28.1985808131314, 38.19292736912053], [28.20019778064281, 38.19292736912053], [28.20019778064281, 38.193466358291005], [28.20181474815422, 38.193466358291005], [28.20181474815422, 38.19400534746148], [28.20289272649515, 38.19400534746148], [28.20289272649515, 38.19454433663195], [28.20343171566563, 38.19454433663195], [28.20343171566563, 38.193466358291005], [28.20450969400659, 38.193466358291005], [28.20450969400659, 38.19292736912053], [28.20558767234752, 38.19292736912053], [28.20558767234752, 38.19454433663195], [28.206126661518, 38.19454433663195], [28.206126661518, 38.19508332580242], [28.20397070483611, 38.19508332580242], [28.20397070483611, 38.19562231497289], [28.2023537373247, 38.19562231497289], [28.2023537373247, 38.19508332580242], [28.20019778064281, 38.19508332580242], [28.20019778064281, 38.193466358291005], [28.19965879147233, 38.193466358291005], [28.19965879147233, 38.19454433663195], [28.19911980230185, 38.19454433663195], [28.19911980230185, 38.19508332580242], [28.19750283479044, 38.19508332580242], [28.19750283479044, 38.19292736912053], [28.19804182396092, 38.19292736912053], [28.19804182396092, 38.19238837995006]]]}, "id": "+386275+84987", "properties": {"area_ha": 13.832655620240894, "count": 49, "label": 1, "mean_dnbr": 0.45903943306167655}}, {"type": "Feature", "geometry": {"geodesic": false, "type": "Polygon", "coordinates": [[[28.19804182396092, 37.85552014840524], [28.1985808131314, 37.85552014840524], [28.1985808131314, 37.85605913757571], [28.19911980230185, 37.85605913757571], [28.19911980230185, 37.856598126746185], [28.20019778064281, 37.856598126746185], [28.20019778064281, 37.85605913757571], [28.20181474815422, 37.85605913757571], [28.20181474815422, 37.856598126746185], [28.20289272649515, 37.856598126746185], [28.20289272649515, 37.85713711591666], [28.20073676981329, 37.85713711591666], [28.20073676981329, 37.856598126746185], [28.20019778064281, 37.856598126746185], [28.20019778064281, 37.85713711591666], [28.19588586727903, 37.85713711591666], [28.19588586727903, 37.85767610508713], [28.1948078889381, 37.85767610508713], [28.1948078889381, 37.85713711591666], [28.19588586727903, 37.85713711591666], [28.19588586727903, 37.856598126746185], [28.19642485644951, 37.856598126746185], [28.19642485644951, 37.85605913757571], [28.195346878108552, 37.85605913757571], [28.195346878108552, 37.85552014840524], [28.19642485644951, 37.85552014840524], [28.19642485644951, 37.85605913757571], [28.196963845619962, 37.85605913757571], [28.196963845619962, 37.856598126746185], [28.19750283479044, 37.856598126746185], [28.19750283479044, 37.85605913757571], [28.19804182396092, 37.85605913757571], [28.19804182396092, 37.85552014840524]]]}, "id": "+386275+85612", "properties": {"area_ha": 6.806516943041029, "count": 24, "label": 1, "mean_dnbr": 0.27301994709907607}}, {"type": "Feature", "geometry": {"geodesic": false, "type": "Polygon", "coordinates": [[[28.19804182396092, 38.24143639446299], [28.19911980230185, 38.24143639446299], [28.19911980230185, 38.24251437280393], [28.1985808131314, 38.24251437280393], [28.1985808131314, 38.243592351144876], [28.19750283479044, 38.243592351144876], [28.19750283479044, 38.24251437280393], [28.196963845619962, 38.24251437280393], [28.196963845619962, 38.243053361974404], [28.19642485644951, 38.243053361974404], [28.19642485644951, 38.24143639446299], [28.19750283479044, 38.24143639446299], [28.19750283479044, 38.24251437280393], [28.19804182396092, 38.24251437280393], [28.19804182396092, 38.24143639446299]]]}, "id": "+386276+84896", "properties": {"area_ha": 3.66745531167664, "count": 13, "label": 1, "mean_dnbr": 0.3605812438408427}}, {"type": "Feature", "geometry": {"geodesic": false, "type": "Polygon", "coordinates": [[[28.19750283479044, 38.09752628594704], [28.19911980230185, 38.09752628594704], [28.19911980230185, 38.098604264287985], [28.20073676981329, 38.098604264287985], [28.20073676981329, 38.09968224262892], [28.20127575898374, 38.09968224262892], [28.20127575898374, 38.100221231799395], [28.20073676981329, 38.100221231799395], [28.20073676981329, 38.09968224262892], [28.20019778064281, 38.09968224262892], [28.20019778064281, 38.09914325345845], [28.19965879147233, 38.09914325345845], [28.19965879147233, 38.09968224262892], [28.1985808131314, 38.09968224262892], [28.1985808131314, 38.098604264287985], [28.19750283479044, 38.098604264287985], [28.19750283479044, 38.09752628594704]]]}, "id": "+386276+85163", "properties": {"area_ha": 3.957355774244733, "count": 14, "label": 1, "mean_dnbr": 0.400665815735837}}, {"type": "Feature", "geometry": {"geodesic": false, "type": "Polygon", "coordinates": [[[28.19750283479044, 38.55243314582516], [28.19965879147233, 38.55243314582516], [28.19965879147233, 38.552972134995635], [28.20019778064281, 38.552972134995635], [28.20019778064281, 38.55351112416611], [28.20073676981329, 38.55351112416611], [28.20073676981329, 38.55458910250705], [28.20019778064281, 38.55458910250705], [28.20019778064281, 38.555128091677524], [28.19965879147233, 38.555128091677524], [28.19965879147233, 38.55458910250705], [28.19804182396092, 38.55458910250705], [28.19804182396092, 38.55405011333658], [28.19750283479044, 38.55405011333658], [28.19750283479044, 38.55458910250705], [28.196963845619962, 38.55458910250705], [28.196963845619962, 38.55405011333658], [28.19750283479044, 38.55405011333658], [28.19750283479044, 38.55243314582516]]]}, "id": "+386277+84319", "properties": {"area_ha": 6.179793316128194, "count": 22, "label": 1, "mean_dnbr": 0.5072602862301728}}, {"type": "Feature", "geometry": {"geodesic": false, "type": "Polygon", "coordinates": [[[28.196963845619962, 38.19023242326817], [28.19965879147233, 38.19023242326817], [28.19965879147233, 38.19077141243864], [28.19911980230185, 38.19077141243864], [28.19911980230185, 38.191310401609115], [28.19965879147233, 38.191310401609115], [28.19965879147233, 38.19184939077959], [28.19911980230185, 38.19184939077959], [28.19911980230185, 38.191310401609115], [28.1985808131314, 38.191310401609115], [28.1985808131314, 38.19184939077959], [28.19804182396092, 38.19184939077959], [28.19804182396092, 38.191310401609115], [28.196963845619962, 38.191310401609115], [28.196963845619962, 38.19023242326817]]]}, "id": "+386277+84991", "properties": {"area_ha": 3.1054157212780655, "count": 11, "label": 1, "mean_dnbr": 0.43397379554049315}}, {"type": "Feature", "geometry": {"geodesic": false, "type": "Polygon", "coordinates": [[[28.1985808131314, 38.56482989674601], [28.20019778064281, 38.56482989674601], [28.20019778064281, 38.56644686425743], [28.1985808131314, 38.56644686425743], [28.1985808131314, 38.56590787508696], [28.19750283479044, 38.56590787508696], [28.19750283479044, 38.565368885916484], [28.1985808131314, 38.565368885916484], [28.1985808131314, 38.56482989674601]]]}, "id": "+386278+84296", "properties": {"area_ha": 3.0893836168497133, "count": 11, "label": 1, "mean_dnbr": 0.434924591572535}}, {"type": "Feature", "geometry": {"geodesic": false, "type": "Polygon", "coordinates": [[[28.20127575898374, 38.52548368730158], [28.20343171566563, 38.52548368730158], [28.20343171566563, 38.52602267647205], [28.20289272649515, 38.52602267647205], [28.20289272649515, 38.526561665642525], [28.20343171566563, 38.526561665642525], [28.20343171566563, 38.52763964398346], [28.20289272649515, 38.52763964398346], [28.20289272649515, 38.528178633153935], [28.20450969400659, 38.528178633153935], [28.20450969400659, 38.52871762232441], [28.20558767234752, 38.52871762232441], [28.20558767234752, 38.52925661149488], [28.20504868317704, 38.52925661149488], [28.20504868317704, 38.52979560066535], [28.20343171566563, 38.52979560066535], [28.20343171566563, 38.52925661149488], [28.2023537373247, 38.52925661149488], [28.2023537373247, 38.52979560066535], [28.20289272649515, 38.52979560066535], [28.20289272649515, 38.530334589835824], [28.20181474815422, 38.530334589835824], [28.20181474815422, 38.53195155734724], [28.20127575898374, 38.53195155734724], [28.20127575898374, 38.530334589835824], [28.20181474815422, 38.530334589835824], [28.20181474815422, 38.52979560066535], [28.20019778064281, 38.52979560066535], [28.20019778064281, 38.53141256817677], [28.19911980230185, 38.53141256817677], [28.19911980230185, 38.5308735790063], [28.1985808131314, 38.5308735790063], [28.1985808131314, 38.53141256817677], [28.196963845619962, 38.53141256817677], [28.196963845619962, 38.5308735790063], [28.1985808131314, 38.5308735790063], [28.1985808131314, 38.52925661149488], [28.19911980230185, 38.52925661149488], [28.19911980230185, 38.52871762232441], [28.20073676981329, 38.52871762232441], [28.20073676981329, 38.52763964398346], [28.20127575898374, 38.52763964398346], [28.20127575898374, 38.526561665642525], [28.20181474815422, 38.526561665642525], [28.20181474815422, 38.52602267647205], [28.20127575898374, 38.52602267647205], [28.20127575898374, 38.52548368730158]]]}, "id": "+386284+84369", "properties": {"area_ha": 17.70279170303124, "count": 63, "label": 1, "mean_dnbr": 0.35327716715058727}}, {"type": "Feature", "geometry": {"geodesic": false, "type": "Polygon", "coordinates": [[[28.20343171566563, 38.09590931843562], [28.20397070483611, 38.09590931843562], [28.20397070483611, 38.096448307606096], [28.20450969400659, 38.096448307606096], [28.20450969400659, 38.09698729677657], [28.20558767234752, 38.09698729677657], [28.20558767234752, 38.09752628594704], [28.20504868317704, 38.09752628594704], [28.20504868317704, 38.09806527511751], [28.20397070483611, 38.09806527511751], [28.20397070483611, 38.09914325345845], [28.20343171566563, 38.09914325345845], [28.20343171566563, 38.098604264287985], [28.2023537373247, 38.098604264287985], [28.2023537373247, 38.09752628594704], [28.20343171566563, 38.09752628594704], [28.20343171566563, 38.09590931843562]], [[28.20397070483611, 38.09752628594704], [28.20397070483611, 38.09806527511751], [28.20343171566563, 38.09806527511751], [28.20343171566563, 38.09752628594704], [28.20397070483611, 38.09752628594704]]]}, "id": "+386285+85166", "properties": {"area_ha": 4.240094314447537, "count": 15, "label": 1, "mean_dnbr": 0.36766040337529454}}, {"type": "Feature", "geometry": {"geodesic": false, "type": "Polygon", "coordinates": [[[28.20343171566563, 38.53518549237007], [28.20450969400659, 38.53518549237007], [28.20450969400659, 38.53572448154054], [28.20397070483611, 38.53572448154054], [28.20397070483611, 38.536802459881486], [28.20343171566563, 38.536802459881486], [28.20343171566563, 38.53734144905196], [28.20558767234752, 38.53734144905196], [28.20558767234752, 38.53788043822243], [28.206126661518, 38.53788043822243], [28.206126661518, 38.5384194273929], [28.20450969400659, 38.5384194273929], [28.20450969400659, 38.538958416563375], [28.20397070483611, 38.538958416563375], [28.20397070483611, 38.53949740573384], [28.2023537373247, 38.53949740573384], [28.2023537373247, 38.538958416563375], [28.20289272649515, 38.538958416563375], [28.20289272649515, 38.5384194273929], [28.20181474815422, 38.5384194273929], [28.20181474815422, 38.536802459881486], [28.20343171566563, 38.536802459881486], [28.20343171566563, 38.53518549237007]], [[28.20289272649515, 38.53734144905196], [28.20289272649515, 38.53788043822243], [28.2023537373247, 38.53788043822243], [28.2023537373247, 38.53734144905196], [28.20289272649515, 38.53734144905196]]]}, "id": "+386286+84351", "properties": {"area_ha": 7.585970539649755, "count": 27, "label": 1, "mean_dnbr": 0.2859857395388413}}, {"type": "Feature", "geometry": {"geodesic": false, "type": "Polygon", "coordinates": [[[28.20504868317704, 38.58908440941724], [28.20558767234752, 38.58908440941724], [28.20558767234752, 38.58962339858771], [28.206126661518, 38.58962339858771], [28.206126661518, 38.590162387758184], [28.20666565068848, 38.590162387758184], [28.20666565068848, 38.590701376928656], [28.206126661518, 38.590701376928656], [28.206126661518, 38.5917793552696], [28.20450969400659, 38.5917793552696], [28.20450969400659, 38.590701376928656], [28.20397070483611, 38.590701376928656], [28.20397070483611, 38.590162387758184], [28.20504868317704, 38.590162387758184], [28.20504868317704, 38.58908440941724]]]}, "id": "+386288+84251", "properties": {"area_ha": 3.9305772201287503, "count": 14, "label": 1, "mean_dnbr": 0.5264637189550919}}, {"type": "Feature", "geometry": {"geodesic": false, "type": "Polygon", "coordinates": [[[28.20343171566563, 38.54812123246139], [28.206126661518, 38.54812123246139], [28.206126661518, 38.55027718914328], [28.20450969400659, 38.55027718914328], [28.20450969400659, 38.54973819997281], [28.20343171566563, 38.54973819997281], [28.20343171566563, 38.549199210802335], [28.2023537373247, 38.549199210802335], [28.2023537373247, 38.54866022163186], [28.20181474815422, 38.54866022163186], [28.20181474815422, 38.54812123246139], [28.20289272649515, 38.54812123246139], [28.20289272649515, 38.54866022163186], [28.20343171566563, 38.54866022163186], [28.20343171566563, 38.54812123246139]]]}, "id": "+386289+84327", "properties": {"area_ha": 6.180185508613945, "count": 22, "label": 1, "mean_dnbr": 0.3397734496756067}}, {"type": "Feature", "geometry": {"geodesic": false, "type": "Polygon", "coordinates": [[[28.20504868317704, 38.238741448610625], [28.206126661518, 38.238741448610625], [28.206126661518, 38.2392804377811], [28.20558767234752, 38.2392804377811], [28.20558767234752, 38.23981942695157], [28.20666565068848, 38.23981942695157], [28.20666565068848, 38.24035841612204], [28.20774362902941, 38.24035841612204], [28.20774362902941, 38.240897405292515], [28.20720463985893, 38.240897405292515], [28.20720463985893, 38.24197538363346], [28.206126661518, 38.24197538363346], [28.206126661518, 38.24251437280393], [28.20558767234752, 38.24251437280393], [28.20558767234752, 38.24197538363346], [28.20289272649515, 38.24197538363346], [28.20289272649515, 38.24143639446299], [28.20504868317704, 38.24143639446299], [28.20504868317704, 38.240897405292515], [28.20558767234752, 38.240897405292515], [28.20558767234752, 38.23981942695157], [28.20504868317704, 38.23981942695157], [28.20504868317704, 38.238741448610625]]]}, "id": "+386289+84901", "properties": {"area_ha": 6.206590556995864, "count": 22, "label": 1, "mean_dnbr": 0.42860371468239433}}, {"type": "Feature", "geometry": {"geodesic": false, "type": "Polygon", "coordinates": [[[28.206126661518, 38.520632784767336], [28.20720463985893, 38.520632784767336], [28.20720463985893, 38.52278874144922], [28.20504868317704, 38.52278874144922], [28.20504868317704, 38.52332773061969], [28.20450969400659, 38.52332773061969], [28.20450969400659, 38.522249752278746], [28.20343171566563, 38.522249752278746], [28.20343171566563, 38.521710763108274], [28.20558767234752, 38.521710763108274], [28.20558767234752, 38.5211717739378], [28.206126661518, 38.5211717739378], [28.206126661518, 38.520632784767336]]]}, "id": "+386291+84378", "properties": {"area_ha": 5.058424827245348, "count": 18, "label": 1, "mean_dnbr": 0.6164186266286201}}, {"type": "Feature", "geometry": {"geodesic": false, "type": "Polygon", "coordinates": [[[28.20666565068848, 38.210175022575626], [28.20774362902941, 38.210175022575626], [28.20774362902941, 38.2107140117461], [28.20666565068848, 38.2107140117461], [28.20666565068848, 38.21125300091657], [28.20720463985893, 38.21125300091657], [28.20720463985893, 38.21179199008704], [28.20774362902941, 38.21179199008704], [28.20774362902941, 38.21286996842799], [28.20558767234752, 38.21286996842799], [28.20558767234752, 38.2107140117461], [28.20666565068848, 38.2107140117461], [28.20666565068848, 38.210175022575626]]]}, "id": "+386292+84954", "properties": {"area_ha": 4.233468131580254, "count": 15, "label": 1, "mean_dnbr": 0.4741502358232942}}, {"type": "Feature", "geometry": {"geodesic": false, "type": "Polygon", "coordinates": [[[28.20666565068848, 38.20316816335949], [28.20774362902941, 38.20316816335949], [28.20774362902941, 38.203707152529965], [28.20828261819989, 38.203707152529965], [28.20828261819989, 38.20424614170044], [28.210438574881778, 38.20424614170044], [28.210438574881778, 38.20478513087091], [28.21097756405223, 38.20478513087091], [28.21097756405223, 38.20532412004138], [28.211516553222708, 38.20532412004138], [28.211516553222708, 38.20478513087091], [28.212055542393188, 38.20478513087091], [28.212055542393188, 38.205863109211855], [28.211516553222708, 38.205863109211855], [28.211516553222708, 38.20640209838233], [28.210438574881778, 38.20640209838233], [28.210438574881778, 38.2069410875528], [28.20936059654082, 38.2069410875528], [28.20936059654082, 38.205863109211855], [28.20882160737034, 38.205863109211855], [28.20882160737034, 38.20478513087091], [28.20828261819989, 38.20478513087091], [28.20828261819989, 38.20532412004138], [28.20774362902941, 38.20532412004138], [28.20774362902941, 38.20640209838233], [28.20666565068848, 38.20640209838233], [28.20666565068848, 38.20532412004138], [28.20720463985893, 38.20532412004138], [28.20720463985893, 38.20478513087091], [28.20774362902941, 38.20478513087091], [28.20774362902941, 38.203707152529965], [28.20720463985893, 38.203707152529965], [28.20720463985893, 38.20424614170044], [28.206126661518, 38.20424614170044], [28.206126661518, 38.203707152529965], [28.20666565068848, 38.203707152529965], [28.20666565068848, 38.20316816335949]]]}, "id": "+386292+84967", "properties": {"area_ha": 9.314449013989691, "count": 33, "label": 1, "mean_dnbr": 0.42730251812547654}}, {"type": "Feature", "geometry": {"geodesic": false, "type": "Polygon", "coordinates": [[[28.20558767234752, 38.178913650688266], [28.20828261819989, 38.178913650688266], [28.20828261819989, 38.17945263985874], [28.20774362902941, 38.17945263985874], [28.20774362902941, 38.181069607370155], [28.20666565068848, 38.181069607370155], [28.20666565068848, 38.18053061819968], [28.206126661518, 38.18053061819968], [28.206126661518, 38.17999162902921], [28.20504868317704, 38.17999162902921], [28.20504868317704, 38.17945263985874], [28.20558767234752, 38.17945263985874], [28.20558767234752, 38.178913650688266]], [[28.20720463985893, 38.17945263985874], [28.20720463985893, 38.17999162902921], [28.20666565068848, 38.17999162902921], [28.20666565068848, 38.17945263985874], [28.20720463985893, 38.17945263985874]]]}, "id": "+386293+85012", "properties": {"area_ha": 3.952953259655294, "count": 14, "label": 1, "mean_dnbr": 0.43726470692706126}}, {"type": "Feature", "geometry": {"geodesic": false, "type": "Polygon", "coordinates": [[[28.20774362902941, 37.856598126746185], [28.20882160737034, 37.856598126746185], [28.20882160737034, 37.85713711591666], [28.209899585711298, 37.85713711591666], [28.209899585711298, 37.85875408342807], [28.20720463985893, 37.85875408342807], [28.20720463985893, 37.85929307259854], [28.20666565068848, 37.85929307259854], [28.20666565068848, 37.85767610508713], [28.20774362902941, 37.85767610508713], [28.20774362902941, 37.856598126746185]]]}, "id": "+386294+85610", "properties": {"area_ha": 5.388361680674467, "count": 19, "label": 1, "mean_dnbr": 0.4065932992125172}}, {"type": "Feature", "geometry": {"geodesic": false, "type": "Polygon", "coordinates": [[[28.20397070483611, 38.56105697255271], [28.209899585711298, 38.56105697255271], [28.209899585711298, 38.561595961723185], [28.20666565068848, 38.561595961723185], [28.20666565068848, 38.56213495089366], [28.210438574881778, 38.56213495089366], [28.210438574881778, 38.56375191840507], [28.209899585711298, 38.56375191840507], [28.209899585711298, 38.56429090757554], [28.20450969400659, 38.56429090757554], [28.20450969400659, 38.56482989674601], [28.2023537373247, 38.56482989674601], [28.2023537373247, 38.56429090757554], [28.20073676981329, 38.56429090757554], [28.20073676981329, 38.56375191840507], [28.20019778064281, 38.56375191840507], [28.20019778064281, 38.5632129292346], [28.19965879147233, 38.5632129292346], [28.19965879147233, 38.56375191840507], [28.19911980230185, 38.56375191840507], [28.19911980230185, 38.56267394006413], [28.19965879147233, 38.56267394006413], [28.19965879147233, 38.56213495089366], [28.20073676981329, 38.56213495089366], [28.20073676981329, 38.561595961723185], [28.20127575898374, 38.561595961723185], [28.20127575898374, 38.56105697255271], [28.20289272649515, 38.56105697255271], [28.20289272649515, 38.561595961723185], [28.20343171566563, 38.561595961723185], [28.20343171566563, 38.56213495089366], [28.20397070483611, 38.56213495089366], [28.20397070483611, 38.56105697255271]]]}, "id": "+386296+84303", "properties": {"area_ha": 29.771530913054633, "count": 106, "label": 1, "mean_dnbr": 0.5378201978751027}}, {"type": "Feature", "geometry": {"geodesic": false, "type": "Polygon", "coordinates": [[[28.20450969400659, 37.85336419172335], [28.209899585711298, 37.85336419172335], [28.209899585711298, 37.85390318089382], [28.210438574881778, 37.85390318089382], [28.210438574881778, 37.85498115923477], [28.20774362902941, 37.85498115923477], [28.20774362902941, 37.854442170064296], [28.20720463985893, 37.854442170064296], [28.20720463985893, 37.85390318089382], [28.20666565068848, 37.85390318089382], [28.20666565068848, 37.854442170064296], [28.20558767234752, 37.854442170064296], [28.20558767234752, 37.85390318089382], [28.20450969400659, 37.85390318089382], [28.20450969400659, 37.85336419172335]]]}, "id": "+386296+85616", "properties": {"area_ha": 6.522992105396785, "count": 23, "label": 1, "mean_dnbr": 0.2766135270878989}}, {"type": "Feature", "geometry": {"geodesic": false, "type": "Polygon", "coordinates": [[[28.20774362902941, 37.863065996791846], [28.210438574881778, 37.863065996791846], [28.210438574881778, 37.864143975132784], [28.21097756405223, 37.864143975132784], [28.21097756405223, 37.864682964303256], [28.20936059654082, 37.864682964303256], [28.20936059654082, 37.864143975132784], [28.20882160737034, 37.864143975132784], [28.20882160737034, 37.86360498596232], [28.20774362902941, 37.86360498596232], [28.20774362902941, 37.863065996791846]]]}, "id": "+386297+85598", "properties": {"area_ha": 3.119314971013411, "count": 11, "label": 1, "mean_dnbr": 0.4846532192849044}}, {"type": "Feature", "geometry": {"geodesic": false, "type": "Polygon", "coordinates": [[[28.209899585711298, 38.514164914721675], [28.211516553222708, 38.514164914721675], [28.211516553222708, 38.515781882233085], [28.20882160737034, 38.515781882233085], [28.20882160737034, 38.51470390389215], [28.209899585711298, 38.51470390389215], [28.209899585711298, 38.514164914721675]]]}, "id": "+386299+84390", "properties": {"area_ha": 3.653667904888706, "count": 13, "label": 1, "mean_dnbr": 0.48257553262224284}}, {"type": "Feature", "geometry": {"geodesic": false, "type": "Polygon", "coordinates": [[[28.210438574881778, 38.2107140117461], [28.212055542393188, 38.2107140117461], [28.212055542393188, 38.21125300091657], [28.214211499075077, 38.21125300091657], [28.214211499075077, 38.21179199008704], [28.214750488245528, 38.21179199008704], [28.214750488245528, 38.21286996842799], [28.214211499075077, 38.21286996842799], [28.214211499075077, 38.21340895759846], [28.215828466586487, 38.21340895759846], [28.215828466586487, 38.213947946768926], [28.216367455756966, 38.213947946768926], [28.216367455756966, 38.2144869359394], [28.215828466586487, 38.2144869359394], [28.215828466586487, 38.21502592510987], [28.214750488245528, 38.21502592510987], [28.214750488245528, 38.213947946768926], [28.213133520734118, 38.213947946768926], [28.213133520734118, 38.2144869359394], [28.214211499075077, 38.2144869359394], [28.214211499075077, 38.21502592510987], [28.213133520734118, 38.21502592510987], [28.213133520734118, 38.2144869359394], [28.212055542393188, 38.2144869359394], [28.212055542393188, 38.213947946768926], [28.212594531563667, 38.213947946768926], [28.212594531563667, 38.21340895759846], [28.211516553222708, 38.21340895759846], [28.211516553222708, 38.21286996842799], [28.213133520734118, 38.21286996842799], [28.213133520734118, 38.21179199008704], [28.211516553222708, 38.21179199008704], [28.211516553222708, 38.212330979257516], [28.209899585711298, 38.212330979257516], [28.209899585711298, 38.213947946768926], [28.20936059654082, 38.213947946768926], [28.20936059654082, 38.21340895759846], [28.20882160737034, 38.21340895759846], [28.20882160737034, 38.21286996842799], [28.20828261819989, 38.21286996842799], [28.20828261819989, 38.21179199008704], [28.209899585711298, 38.21179199008704], [28.209899585711298, 38.21125300091657], [28.210438574881778, 38.21125300091657], [28.210438574881778, 38.2107140117461]]]}, "id": "+386300+84953", "properties": {"area_ha": 13.82910166987939, "count": 49, "label": 1, "mean_dnbr": 0.4646910742094962}}, {"type": "Feature", "geometry": {"geodesic": false, "type": "Polygon", "coordinates": [[[28.209899585711298, 38.57021978845073], [28.212594531563667, 38.57021978845073], [28.212594531563667, 38.571836755962146], [28.20936059654082, 38.571836755962146], [28.20936059654082, 38.57291473430309], [28.20882160737034, 38.57291473430309], [28.20882160737034, 38.571836755962146], [28.20936059654082, 38.571836755962146], [28.20936059654082, 38.57129776679167], [28.209899585711298, 38.57129776679167], [28.209899585711298, 38.57021978845073]]]}, "id": "+386301+84286", "properties": {"area_ha": 5.054972833536957, "count": 18, "label": 1, "mean_dnbr": 0.34758524150059816}}, {"type": "Feature", "geometry": {"geodesic": false, "type": "Polygon", "coordinates": [[[28.21097756405223, 38.52602267647205], [28.212594531563667, 38.52602267647205], [28.212594531563667, 38.526561665642525], [28.212055542393188, 38.526561665642525], [28.212055542393188, 38.527100654813], [28.21097756405223, 38.527100654813], [28.21097756405223, 38.52763964398346], [28.209899585711298, 38.52763964398346], [28.209899585711298, 38.528178633153935], [28.20828261819989, 38.528178633153935], [28.20828261819989, 38.52763964398346], [28.20882160737034, 38.52763964398346], [28.20882160737034, 38.527100654813], [28.209899585711298, 38.527100654813], [28.209899585711298, 38.526561665642525], [28.21097756405223, 38.526561665642525], [28.21097756405223, 38.52602267647205]]]}, "id": "+386301+84368", "properties": {"area_ha": 3.934050508026493, "count": 14, "label": 1, "mean_dnbr": 0.18509452789342098}}, {"type": "Feature", "geometry": {"geodesic": false, "type": "Polygon", "coordinates": [[[28.211516553222708, 38.21933783847365], [28.212594531563667, 38.21933783847365], [28.212594531563667, 38.219876827644114], [28.213133520734118, 38.219876827644114], [28.213133520734118, 38.22041581681459], [28.213672509904598, 38.22041581681459], [28.213672509904598, 38.22095480598506], [28.214211499075077, 38.22095480598506], [28.214211499075077, 38.22149379515553], [28.213133520734118, 38.22149379515553], [28.213133520734118, 38.22095480598506], [28.212594531563667, 38.22095480598506], [28.212594531563667, 38.222032784326004], [28.21097756405223, 38.222032784326004], [28.21097756405223, 38.22149379515553], [28.209899585711298, 38.22149379515553], [28.209899585711298, 38.22095480598506], [28.21097756405223, 38.22095480598506], [28.21097756405223, 38.219876827644114], [28.211516553222708, 38.219876827644114], [28.211516553222708, 38.21933783847365]]]}, "id": "+386301+84937", "properties": {"area_ha": 5.926110685211766, "count": 21, "label": 1, "mean_dnbr": 0.625824757110998}}, {"type": "Feature", "geometry": {"geodesic": false, "type": "Polygon", "coordinates": [[[28.211516553222708, 38.17837466151779], [28.212594531563667, 38.17837466151779], [28.212594531563667, 38.178913650688266], [28.214211499075077, 38.178913650688266], [28.214211499075077, 38.17999162902921], [28.215289477416007, 38.17999162902921], [28.215289477416007, 38.181069607370155], [28.212594531563667, 38.181069607370155], [28.212594531563667, 38.17999162902921], [28.210438574881778, 38.17999162902921], [28.210438574881778, 38.181069607370155], [28.20936059654082, 38.181069607370155], [28.20936059654082, 38.18160859654063], [28.210438574881778, 38.18160859654063], [28.210438574881778, 38.1821475857111], [28.209899585711298, 38.1821475857111], [28.209899585711298, 38.18268657488157], [28.20936059654082, 38.18268657488157], [28.20936059654082, 38.1821475857111], [28.20882160737034, 38.1821475857111], [28.20882160737034, 38.181069607370155], [28.20936059654082, 38.181069607370155], [28.20936059654082, 38.17999162902921], [28.209899585711298, 38.17999162902921], [28.209899585711298, 38.17945263985874], [28.21097756405223, 38.17945263985874], [28.21097756405223, 38.178913650688266], [28.211516553222708, 38.178913650688266], [28.211516553222708, 38.17837466151779]], [[28.213672509904598, 38.17945263985874], [28.213672509904598, 38.17999162902921], [28.213133520734118, 38.17999162902921], [28.213133520734118, 38.17945263985874], [28.213672509904598, 38.17945263985874]]]}, "id": "+386301+85013", "properties": {"area_ha": 9.600017791392968, "count": 34, "label": 1, "mean_dnbr": 0.3561172229110793}}, {"type": "Feature", "geometry": {"geodesic": false, "type": "Polygon", "coordinates": [[[28.212594531563667, 38.232273578564964], [28.213672509904598, 38.232273578564964], [28.213672509904598, 38.2355075135878], [28.213133520734118, 38.2355075135878], [28.213133520734118, 38.23604650275827], [28.212594531563667, 38.23604650275827], [28.212594531563667, 38.2355075135878], [28.211516553222708, 38.2355075135878], [28.211516553222708, 38.23442953524685], [28.21097756405223, 38.23442953524685], [28.21097756405223, 38.2355075135878], [28.210438574881778, 38.2355075135878], [28.210438574881778, 38.23442953524685], [28.21097756405223, 38.23442953524685], [28.21097756405223, 38.23335155690591], [28.212594531563667, 38.23335155690591], [28.212594531563667, 38.232273578564964]]]}, "id": "+386303+84913", "properties": {"area_ha": 7.053587482305826, "count": 25, "label": 1, "mean_dnbr": 0.5107877057973709}}, {"type": "Feature", "geometry": {"geodesic": false, "type": "Polygon", "coordinates": [[[28.213133520734118, 38.20424614170044], [28.213672509904598, 38.20424614170044], [28.213672509904598, 38.20478513087091], [28.215289477416007, 38.20478513087091], [28.215289477416007, 38.205863109211855], [28.214750488245528, 38.205863109211855], [28.214750488245528, 38.20640209838233], [28.215289477416007, 38.20640209838233], [28.215289477416007, 38.20855805506421], [28.214750488245528, 38.20855805506421], [28.214750488245528, 38.20909704423468], [28.214211499075077, 38.20909704423468], [28.214211499075077, 38.2069410875528], [28.213672509904598, 38.2069410875528], [28.213672509904598, 38.20478513087091], [28.213133520734118, 38.20478513087091], [28.213133520734118, 38.20424614170044]]]}, "id": "+386303+84965", "properties": {"area_ha": 5.362766758526245, "count": 19, "label": 1, "mean_dnbr": 0.4484937763220922}}, {"type": "Feature", "geometry": {"geodesic": false, "type": "Polygon", "coordinates": [[[28.213133520734118, 38.191310401609115], [28.214211499075077, 38.191310401609115], [28.214211499075077, 38.19292736912053], [28.214750488245528, 38.19292736912053], [28.214750488245528, 38.19508332580242], [28.214211499075077, 38.19508332580242], [28.214211499075077, 38.19562231497289], [28.213672509904598, 38.19562231497289], [28.213672509904598, 38.19616130414336], [28.211516553222708, 38.19616130414336], [28.211516553222708, 38.19562231497289], [28.20936059654082, 38.19562231497289], [28.20936059654082, 38.19508332580242], [28.212594531563667, 38.19508332580242], [28.212594531563667, 38.19400534746148], [28.212055542393188, 38.19400534746148], [28.212055542393188, 38.19292736912053], [28.213672509904598, 38.19292736912053], [28.213672509904598, 38.19238837995006], [28.213133520734118, 38.19238837995006], [28.213133520734118, 38.191310401609115]]]}, "id": "+386304+84989", "properties": {"area_ha": 10.162738326887345, "count": 36, "label": 1, "mean_dnbr": 0.37977210586650434}}, {"type": "Feature", "geometry": {"geodesic": false, "type": "Polygon", "coordinates": [[[28.21097756405223, 37.854442170064296], [28.214211499075077, 37.854442170064296], [28.214211499075077, 37.85498115923477], [28.214750488245528, 37.85498115923477], [28.214750488245528, 37.85552014840524], [28.213133520734118, 37.85552014840524], [28.213133520734118, 37.85713711591666], [28.212055542393188, 37.85713711591666], [28.212055542393188, 37.856598126746185], [28.212594531563667, 37.856598126746185], [28.212594531563667, 37.85498115923477], [28.21097756405223, 37.85498115923477], [28.21097756405223, 37.854442170064296]]]}, "id": "+386304+85614", "properties": {"area_ha": 3.9704857979444568, "count": 14, "label": 1, "mean_dnbr": 0.31503509430792204}}, {"type": "Feature", "geometry": {"geodesic": false, "type": "Polygon", "coordinates": [[[28.211516553222708, 38.23766347026969], [28.214750488245528, 38.23766347026969], [28.214750488245528, 38.23820245944015], [28.214211499075077, 38.23820245944015], [28.214211499075077, 38.2392804377811], [28.213133520734118, 38.2392804377811], [28.213133520734118, 38.23981942695157], [28.212055542393188, 38.23981942695157], [28.212055542393188, 38.240897405292515], [28.212594531563667, 38.240897405292515], [28.212594531563667, 38.24035841612204], [28.214211499075077, 38.24035841612204], [28.214211499075077, 38.24197538363346], [28.212594531563667, 38.24197538363346], [28.212594531563667, 38.24143639446299], [28.21097756405223, 38.24143639446299], [28.21097756405223, 38.240897405292515], [28.211516553222708, 38.240897405292515], [28.211516553222708, 38.23766347026969]]]}, "id": "+386305+84903", "properties": {"area_ha": 9.310025656622276, "count": 33, "label": 1, "mean_dnbr": 0.5522522094789485}}, {"type": "Feature", "geometry": {"geodesic": false, "type": "Polygon", "coordinates": [[[28.212594531563667, 38.19885624999572], [28.214750488245528, 38.19885624999572], [28.214750488245528, 38.19939523916619], [28.215828466586487, 38.19939523916619], [28.215828466586487, 38.20047321750714], [28.213133520734118, 38.20047321750714], [28.213133520734118, 38.20209018501855], [28.212594531563667, 38.20209018501855], [28.212594531563667, 38.20155119584808], [28.210438574881778, 38.20155119584808], [28.210438574881778, 38.20262917418902], [28.209899585711298, 38.20262917418902], [28.209899585711298, 38.20155119584808], [28.20936059654082, 38.20155119584808], [28.20936059654082, 38.199934228336666], [28.209899585711298, 38.199934228336666], [28.209899585711298, 38.19939523916619], [28.210438574881778, 38.19939523916619], [28.210438574881778, 38.199934228336666], [28.211516553222708, 38.199934228336666], [28.211516553222708, 38.19939523916619], [28.212594531563667, 38.19939523916619], [28.212594531563667, 38.19885624999572]]]}, "id": "+386305+84975", "properties": {"area_ha": 11.855554607540713, "count": 42, "label": 1, "mean_dnbr": 0.5336566935214484}}, {"type": "Feature", "geometry": {"geodesic": false, "type": "Polygon", "coordinates": [[[28.212594531563667, 38.5098530013579], [28.215289477416007, 38.5098530013579], [28.215289477416007, 38.512008958039786], [28.212594531563667, 38.512008958039786], [28.212594531563667, 38.5098530013579]]]}, "id": "+386306+84398", "properties": {"area_ha": 5.62133476747557, "count": 20, "label": 1, "mean_dnbr": 0.6312193078038401}}, {"type": "Feature", "geometry": {"geodesic": false, "type": "Polygon", "coordinates": [[[28.215289477416007, 37.85767610508713], [28.215828466586487, 37.85767610508713], [28.215828466586487, 37.858215094257595], [28.216906444927417, 37.858215094257595], [28.216906444927417, 37.85875408342807], [28.217445434097897, 37.85875408342807], [28.217445434097897, 37.85929307259854], [28.217984423268376, 37.85929307259854], [28.217984423268376, 37.85983206176901], [28.219601390779786, 37.85983206176901], [28.219601390779786, 37.86091004010996], [28.219062401609307, 37.86091004010996], [28.219062401609307, 37.86144902928043], [28.218523412438856, 37.86144902928043], [28.218523412438856, 37.86091004010996], [28.217984423268376, 37.86091004010996], [28.217984423268376, 37.85983206176901], [28.217445434097897, 37.85983206176901], [28.217445434097897, 37.85929307259854], [28.216906444927417, 37.85929307259854], [28.216906444927417, 37.85875408342807], [28.215828466586487, 37.85875408342807], [28.215828466586487, 37.858215094257595], [28.215289477416007, 37.858215094257595], [28.215289477416007, 37.85767610508713]]]}, "id": "+386307+85608", "properties": {"area_ha": 3.4030833228445356, "count": 12, "label": 1, "mean_dnbr": 0.20517349532209442}}, {"type": "Feature", "geometry": {"geodesic": false, "type": "Polygon", "coordinates": [[[28.215289477416007, 38.20101220667761], [28.216367455756966, 38.20101220667761], [28.216367455756966, 38.20155119584808], [28.216906444927417, 38.20155119584808], [28.216906444927417, 38.20209018501855], [28.216367455756966, 38.20209018501855], [28.216367455756966, 38.20262917418902], [28.215828466586487, 38.20262917418902], [28.215828466586487, 38.203707152529965], [28.214750488245528, 38.203707152529965], [28.214750488245528, 38.20316816335949], [28.214211499075077, 38.20316816335949], [28.214211499075077, 38.20262917418902], [28.214750488245528, 38.20262917418902], [28.214750488245528, 38.20155119584808], [28.215289477416007, 38.20155119584808], [28.215289477416007, 38.20101220667761]]]}, "id": "+386308+84971", "properties": {"area_ha": 3.9517426997890484, "count": 14, "label": 1, "mean_dnbr": 0.40490194370262916}}, {"type": "Feature", "geometry": {"geodesic": false, "type": "Polygon", "coordinates": [[[28.216367455756966, 38.53734144905196], [28.216906444927417, 38.53734144905196], [28.216906444927417, 38.53788043822243], [28.217445434097897, 38.53788043822243], [28.217445434097897, 38.538958416563375], [28.217984423268376, 38.538958416563375], [28.217984423268376, 38.53949740573384], [28.217445434097897, 38.53949740573384], [28.217445434097897, 38.54111437324526], [28.216367455756966, 38.54111437324526], [28.216367455756966, 38.54003639490431], [28.215828466586487, 38.54003639490431], [28.215828466586487, 38.540575384074785], [28.215289477416007, 38.540575384074785], [28.215289477416007, 38.54003639490431], [28.215828466586487, 38.54003639490431], [28.215828466586487, 38.5384194273929], [28.216367455756966, 38.5384194273929], [28.216367455756966, 38.53734144905196]], [[28.216906444927417, 38.538958416563375], [28.216906444927417, 38.54003639490431], [28.216367455756966, 38.54003639490431], [28.216367455756966, 38.538958416563375], [28.216906444927417, 38.538958416563375]]]}, "id": "+386309+84347", "properties": {"area_ha": 4.495292142920839, "count": 16, "label": 1, "mean_dnbr": 0.33624315984844394}}, {"type": "Feature", "geometry": {"geodesic": false, "type": "Polygon", "coordinates": [[[28.215828466586487, 38.16328296474459], [28.217445434097897, 38.16328296474459], [28.217445434097897, 38.16436094308553], [28.219062401609307, 38.16436094308553], [28.219062401609307, 38.16543892142648], [28.218523412438856, 38.16543892142648], [28.218523412438856, 38.16597791059694], [28.217984423268376, 38.16597791059694], [28.217984423268376, 38.16543892142648], [28.217445434097897, 38.16543892142648], [28.217445434097897, 38.164899932256006], [28.216906444927417, 38.164899932256006], [28.216906444927417, 38.16436094308553], [28.216367455756966, 38.16436094308553], [28.216367455756966, 38.16382195391506], [28.215828466586487, 38.16382195391506], [28.215828466586487, 38.16328296474459]]]}, "id": "+386310+85041", "properties": {"area_ha": 3.671375367178039, "count": 13, "label": 1, "mean_dnbr": 0.5322458067071898}}, {"type": "Feature", "geometry": {"geodesic": false, "type": "Polygon", "coordinates": [[[28.216906444927417, 38.2069410875528], [28.219062401609307, 38.2069410875528], [28.219062401609307, 38.20748007672327], [28.219601390779786, 38.20748007672327], [28.219601390779786, 38.20801906589374], [28.220140379950266, 38.20801906589374], [28.220140379950266, 38.210175022575626], [28.216906444927417, 38.210175022575626], [28.216906444927417, 38.20909704423468], [28.216367455756966, 38.20909704423468], [28.216367455756966, 38.20801906589374], [28.216906444927417, 38.20801906589374], [28.216906444927417, 38.2069410875528]]]}, "id": "+386313+84960", "properties": {"area_ha": 9.878512902717013, "count": 35, "label": 1, "mean_dnbr": 0.5189093569130544}}, {"type": "Feature", "geometry": {"geodesic": false, "type": "Polygon", "coordinates": [[[28.217984423268376, 38.09590931843562], [28.219062401609307, 38.09590931843562], [28.219062401609307, 38.09698729677657], [28.217984423268376, 38.09698729677657], [28.217984423268376, 38.09806527511751], [28.216906444927417, 38.09806527511751], [28.216906444927417, 38.09698729677657], [28.216367455756966, 38.09698729677657], [28.216367455756966, 38.09590931843562], [28.216906444927417, 38.09590931843562], [28.216906444927417, 38.096448307606096], [28.217984423268376, 38.096448307606096], [28.217984423268376, 38.09590931843562]]]}, "id": "+386313+85166", "properties": {"area_ha": 3.3921092260104406, "count": 12, "label": 1, "mean_dnbr": 0.29415140258804456}}, {"type": "Feature", "geometry": {"geodesic": false, "type": "Polygon", "coordinates": [[[28.219062401609307, 38.2258057085193], [28.219601390779786, 38.2258057085193], [28.219601390779786, 38.22688368686025], [28.218523412438856, 38.22688368686025], [28.218523412438856, 38.22742267603072], [28.219062401609307, 38.22742267603072], [28.219062401609307, 38.228500654371665], [28.220679369120717, 38.228500654371665], [28.220679369120717, 38.22796166520119], [28.223374314973086, 38.22796166520119], [28.223374314973086, 38.22903964354214], [28.222296336632155, 38.22903964354214], [28.222296336632155, 38.22957863271261], [28.219062401609307, 38.22957863271261], [28.219062401609307, 38.22903964354214], [28.217445434097897, 38.22903964354214], [28.217445434097897, 38.22796166520119], [28.218523412438856, 38.22796166520119], [28.218523412438856, 38.22742267603072], [28.217984423268376, 38.22742267603072], [28.217984423268376, 38.22688368686025], [28.217445434097897, 38.22688368686025], [28.217445434097897, 38.226344697689775], [28.217984423268376, 38.226344697689775], [28.217984423268376, 38.22688368686025], [28.218523412438856, 38.22688368686025], [28.218523412438856, 38.226344697689775], [28.219062401609307, 38.226344697689775], [28.219062401609307, 38.2258057085193]]]}, "id": "+386314+84925", "properties": {"area_ha": 8.747168080800368, "count": 31, "label": 1, "mean_dnbr": 0.4110973965427858}}, {"type": "Feature", "geometry": {"geodesic": false, "type": "Polygon", "coordinates": [[[28.218523412438856, 38.18645949907487], [28.220679369120717, 38.18645949907487], [28.220679369120717, 38.187537477415816], [28.219601390779786, 38.187537477415816], [28.219601390779786, 38.18807646658629], [28.219062401609307, 38.18807646658629], [28.219062401609307, 38.18861545575676], [28.218523412438856, 38.18861545575676], [28.218523412438856, 38.18645949907487]]]}, "id": "+386316+84998", "properties": {"area_ha": 3.105576766939719, "count": 11, "label": 1, "mean_dnbr": 0.5247246720340826}}, {"type": "Feature", "geometry": {"geodesic": false, "type": "Polygon", "coordinates": [[[28.220140379950266, 38.53788043822243], [28.221218358291196, 38.53788043822243], [28.221218358291196, 38.5384194273929], [28.221757347461676, 38.5384194273929], [28.221757347461676, 38.538958416563375], [28.222296336632155, 38.538958416563375], [28.222296336632155, 38.5384194273929], [28.223374314973086, 38.5384194273929], [28.223374314973086, 38.538958416563375], [28.222835325802606, 38.538958416563375], [28.222835325802606, 38.54003639490431], [28.221757347461676, 38.54003639490431], [28.221757347461676, 38.538958416563375], [28.221218358291196, 38.538958416563375], [28.221218358291196, 38.53949740573384], [28.220140379950266, 38.53949740573384], [28.220140379950266, 38.540575384074785], [28.219601390779786, 38.540575384074785], [28.219601390779786, 38.538958416563375], [28.219062401609307, 38.538958416563375], [28.219062401609307, 38.54003639490431], [28.218523412438856, 38.54003639490431], [28.218523412438856, 38.538958416563375], [28.219062401609307, 38.538958416563375], [28.219062401609307, 38.53788043822243], [28.219601390779786, 38.53788043822243], [28.219601390779786, 38.538958416563375], [28.220140379950266, 38.538958416563375], [28.220140379950266, 38.53788043822243]]]}, "id": "+386317+84346", "properties": {"area_ha": 5.6191375322440384, "count": 20, "label": 1, "mean_dnbr": 0.2549144904898372}}, {"type": "Feature", "geometry": {"geodesic": false, "type": "Polygon", "coordinates": [[[28.217445434097897, 37.85336419172335], [28.221218358291196, 37.85336419172335], [28.221218358291196, 37.85390318089382], [28.220679369120717, 37.85390318089382], [28.220679369120717, 37.85552014840524], [28.221218358291196, 37.85552014840524], [28.221218358291196, 37.85498115923477], [28.222296336632155, 37.85498115923477], [28.222296336632155, 37.85552014840524], [28.223374314973086, 37.85552014840524], [28.223374314973086, 37.85605913757571], [28.224452293314044, 37.85605913757571], [28.224452293314044, 37.85498115923477], [28.225530271654975, 37.85498115923477], [28.225530271654975, 37.85605913757571], [28.224452293314044, 37.85605913757571], [28.224452293314044, 37.856598126746185], [28.219062401609307, 37.856598126746185], [28.219062401609307, 37.85605913757571], [28.217445434097897, 37.85605913757571], [28.217445434097897, 37.85552014840524], [28.219062401609307, 37.85552014840524], [28.219062401609307, 37.85498115923477], [28.218523412438856, 37.85498115923477], [28.218523412438856, 37.854442170064296], [28.217445434097897, 37.854442170064296], [28.217445434097897, 37.85336419172335]]]}, "id": "+386317+85616", "properties": {"area_ha": 13.329642789411452, "count": 47, "label": 1, "mean_dnbr": 0.2715062895718936}}, {"type": "Feature", "geometry": {"geodesic": false, "type": "Polygon", "coordinates": [[[28.221218358291196, 38.19184939077959], [28.221757347461676, 38.19184939077959], [28.221757347461676, 38.193466358291005], [28.222296336632155, 38.193466358291005], [28.222296336632155, 38.19454433663195], [28.221757347461676, 38.19454433663195], [28.221757347461676, 38.19400534746148], [28.220679369120717, 38.19400534746148], [28.220679369120717, 38.19292736912053], [28.219601390779786, 38.19292736912053], [28.219601390779786, 38.19238837995006], [28.221218358291196, 38.19238837995006], [28.221218358291196, 38.19184939077959]]]}, "id": "+386318+84988", "properties": {"area_ha": 3.105330586092209, "count": 11, "label": 1, "mean_dnbr": 0.34040331773668964}}, {"type": "Feature", "geometry": {"geodesic": false, "type": "Polygon", "coordinates": [[[28.220679369120717, 38.1896934340977], [28.221757347461676, 38.1896934340977], [28.221757347461676, 38.19023242326817], [28.221218358291196, 38.19023242326817], [28.221218358291196, 38.191310401609115], [28.216906444927417, 38.191310401609115], [28.216906444927417, 38.19077141243864], [28.219062401609307, 38.19077141243864], [28.219062401609307, 38.19023242326817], [28.219601390779786, 38.19023242326817], [28.219601390779786, 38.19077141243864], [28.220679369120717, 38.19077141243864], [28.220679369120717, 38.1896934340977]]]}, "id": "+386318+84992", "properties": {"area_ha": 3.387791773216528, "count": 12, "label": 1, "mean_dnbr": 0.45479735743840605}}, {"type": "Feature", "geometry": {"geodesic": false, "type": "Polygon", "coordinates": [[[28.220140379950266, 38.2144869359394], [28.222296336632155, 38.2144869359394], [28.222296336632155, 38.21556491428034], [28.221757347461676, 38.21556491428034], [28.221757347461676, 38.216103903450815], [28.222296336632155, 38.216103903450815], [28.222296336632155, 38.21664289262129], [28.221757347461676, 38.21664289262129], [28.221757347461676, 38.21772087096223], [28.218523412438856, 38.21772087096223], [28.218523412438856, 38.21718188179176], [28.217984423268376, 38.21718188179176], [28.217984423268376, 38.21664289262129], [28.218523412438856, 38.21664289262129], [28.218523412438856, 38.216103903450815], [28.220140379950266, 38.216103903450815], [28.220140379950266, 38.2144869359394]], [[28.220679369120717, 38.216103903450815], [28.220679369120717, 38.21664289262129], [28.220140379950266, 38.21664289262129], [28.220140379950266, 38.216103903450815], [28.220679369120717, 38.216103903450815]]]}, "id": "+386319+84946", "properties": {"area_ha": 8.466407273703233, "count": 30, "label": 1, "mean_dnbr": 0.5248851816777996}}, {"type": "Feature", "geometry": {"geodesic": false, "type": "Polygon", "coordinates": [[[28.220679369120717, 38.16975083479025], [28.222835325802606, 38.16975083479025], [28.222835325802606, 38.170828813131195], [28.221757347461676, 38.170828813131195], [28.221757347461676, 38.17190679147213], [28.220140379950266, 38.17190679147213], [28.220140379950266, 38.170828813131195], [28.220679369120717, 38.170828813131195], [28.220679369120717, 38.16975083479025]]]}, "id": "+386320+85029", "properties": {"area_ha": 3.9534524358435803, "count": 14, "label": 1, "mean_dnbr": 0.44031786135307605}}, {"type": "Feature", "geometry": {"geodesic": false, "type": "Polygon", "coordinates": [[[28.222296336632155, 38.567524842598374], [28.223374314973086, 38.567524842598374], [28.223374314973086, 38.56914181010979], [28.222835325802606, 38.56914181010979], [28.222835325802606, 38.57021978845073], [28.221218358291196, 38.57021978845073], [28.221218358291196, 38.569680799280256], [28.221757347461676, 38.569680799280256], [28.221757347461676, 38.568063831768846], [28.222296336632155, 38.568063831768846], [28.222296336632155, 38.567524842598374]]]}, "id": "+386321+84291", "properties": {"area_ha": 3.650925240534023, "count": 13, "label": 1, "mean_dnbr": 0.27126857157944034}}, {"type": "Feature", "geometry": {"geodesic": false, "type": "Polygon", "coordinates": [[[28.219601390779786, 38.50715805550554], [28.223374314973086, 38.50715805550554], [28.223374314973086, 38.507697044676014], [28.223913304143565, 38.507697044676014], [28.223913304143565, 38.50823603384649], [28.224452293314044, 38.50823603384649], [28.224452293314044, 38.50877502301696], [28.223913304143565, 38.50877502301696], [28.223913304143565, 38.509314012187424], [28.223374314973086, 38.509314012187424], [28.223374314973086, 38.50877502301696], [28.221218358291196, 38.50877502301696], [28.221218358291196, 38.50823603384649], [28.219601390779786, 38.50823603384649], [28.219601390779786, 38.50715805550554]]]}, "id": "+386321+84403", "properties": {"area_ha": 6.183693660474193, "count": 22, "label": 1, "mean_dnbr": 0.4351936266105774}}, {"type": "Feature", "geometry": {"geodesic": false, "type": "Polygon", "coordinates": [[[28.222835325802606, 38.23604650275827], [28.223913304143565, 38.23604650275827], [28.223913304143565, 38.237124481099215], [28.224452293314044, 38.237124481099215], [28.224452293314044, 38.23766347026969], [28.223913304143565, 38.23766347026969], [28.223913304143565, 38.237124481099215], [28.222835325802606, 38.237124481099215], [28.222835325802606, 38.23766347026969], [28.223374314973086, 38.23766347026969], [28.223374314973086, 38.238741448610625], [28.223913304143565, 38.238741448610625], [28.223913304143565, 38.2392804377811], [28.222296336632155, 38.2392804377811], [28.222296336632155, 38.23981942695157], [28.221757347461676, 38.23981942695157], [28.221757347461676, 38.238741448610625], [28.222296336632155, 38.238741448610625], [28.222296336632155, 38.237124481099215], [28.222835325802606, 38.237124481099215], [28.222835325802606, 38.23604650275827]]]}, "id": "+386322+84906", "properties": {"area_ha": 4.231938654001131, "count": 15, "label": 1, "mean_dnbr": 0.3498067549406603}}, {"type": "Feature", "geometry": {"geodesic": false, "type": "Polygon", "coordinates": [[[28.223374314973086, 38.158432062210345], [28.223913304143565, 38.158432062210345], [28.223913304143565, 38.15897105138082], [28.223374314973086, 38.15897105138082], [28.223374314973086, 38.15951004055128], [28.224452293314044, 38.15951004055128], [28.224452293314044, 38.160049029721755], [28.224991282484496, 38.160049029721755], [28.224991282484496, 38.16058801889223], [28.222835325802606, 38.16058801889223], [28.222835325802606, 38.1611270080627], [28.221757347461676, 38.1611270080627], [28.221757347461676, 38.16058801889223], [28.221218358291196, 38.16058801889223], [28.221218358291196, 38.15897105138082], [28.223374314973086, 38.15897105138082], [28.223374314973086, 38.158432062210345]]]}, "id": "+386322+85050", "properties": {"area_ha": 5.648633476346669, "count": 20, "label": 1, "mean_dnbr": 0.4025654913182626}}, {"type": "Feature", "geometry": {"geodesic": false, "type": "Polygon", "coordinates": [[[28.223913304143565, 38.18430354239298], [28.224452293314044, 38.18430354239298], [28.224452293314044, 38.184842531563454], [28.225530271654975, 38.184842531563454], [28.225530271654975, 38.18538152073393], [28.226069260825454, 38.18538152073393], [28.226069260825454, 38.1859205099044], [28.226608249995905, 38.1859205099044], [28.226608249995905, 38.18645949907487], [28.225530271654975, 38.18645949907487], [28.225530271654975, 38.186998488245344], [28.226069260825454, 38.186998488245344], [28.226069260825454, 38.187537477415816], [28.226608249995905, 38.187537477415816], [28.226608249995905, 38.18807646658629], [28.227686228336864, 38.18807646658629], [28.227686228336864, 38.18861545575676], [28.226608249995905, 38.18861545575676], [28.226608249995905, 38.18807646658629], [28.224991282484496, 38.18807646658629], [28.224991282484496, 38.187537477415816], [28.224452293314044, 38.187537477415816], [28.224452293314044, 38.18645949907487], [28.224991282484496, 38.18645949907487], [28.224991282484496, 38.1859205099044], [28.224452293314044, 38.1859205099044], [28.224452293314044, 38.184842531563454], [28.223913304143565, 38.184842531563454], [28.223913304143565, 38.18430354239298]]]}, "id": "+386323+85002", "properties": {"area_ha": 5.364238710593115, "count": 19, "label": 1, "mean_dnbr": 0.47458648390268127}}, {"type": "Feature", "geometry": {"geodesic": false, "type": "Polygon", "coordinates": [[[28.223374314973086, 38.51039199052837], [28.224991282484496, 38.51039199052837], [28.224991282484496, 38.511469968869314], [28.225530271654975, 38.511469968869314], [28.225530271654975, 38.512008958039786], [28.224452293314044, 38.512008958039786], [28.224452293314044, 38.51254794721026], [28.223374314973086, 38.51254794721026], [28.223374314973086, 38.511469968869314], [28.222835325802606, 38.511469968869314], [28.222835325802606, 38.51093097969884], [28.223374314973086, 38.51093097969884], [28.223374314973086, 38.51039199052837]]]}, "id": "+386324+84397", "properties": {"area_ha": 3.653842114847327, "count": 13, "label": 1, "mean_dnbr": 0.4765338582375156}}, {"type": "Feature", "geometry": {"geodesic": false, "type": "Polygon", "coordinates": [[[28.223913304143565, 38.19077141243864], [28.224991282484496, 38.19077141243864], [28.224991282484496, 38.19238837995006], [28.226069260825454, 38.19238837995006], [28.226069260825454, 38.19292736912053], [28.226608249995905, 38.19292736912053], [28.226608249995905, 38.19400534746148], [28.226069260825454, 38.19400534746148], [28.226069260825454, 38.19454433663195], [28.225530271654975, 38.19454433663195], [28.225530271654975, 38.19616130414336], [28.224991282484496, 38.19616130414336], [28.224991282484496, 38.19670029331383], [28.224452293314044, 38.19670029331383], [28.224452293314044, 38.197239282484304], [28.223913304143565, 38.197239282484304], [28.223913304143565, 38.19508332580242], [28.224452293314044, 38.19508332580242], [28.224452293314044, 38.19454433663195], [28.223913304143565, 38.19454433663195], [28.223913304143565, 38.193466358291005], [28.224452293314044, 38.193466358291005], [28.224452293314044, 38.19292736912053], [28.223913304143565, 38.19292736912053], [28.223913304143565, 38.19077141243864]], [[28.225530271654975, 38.193466358291005], [28.225530271654975, 38.19454433663195], [28.224991282484496, 38.19454433663195], [28.224991282484496, 38.19400534746148], [28.224452293314044, 38.19400534746148], [28.224452293314044, 38.193466358291005], [28.225530271654975, 38.193466358291005]]]}, "id": "+386324+84990", "properties": {"area_ha": 8.751301814825679, "count": 31, "label": 1, "mean_dnbr": 0.3728660845030696}}, {"type": "Feature", "geometry": {"geodesic": false, "type": "Polygon", "coordinates": [[[28.224452293314044, 38.23335155690591], [28.225530271654975, 38.23335155690591], [28.225530271654975, 38.2355075135878], [28.226069260825454, 38.2355075135878], [28.226069260825454, 38.234968524417326], [28.227147239166385, 38.234968524417326], [28.227147239166385, 38.2355075135878], [28.227686228336864, 38.2355075135878], [28.227686228336864, 38.23604650275827], [28.224452293314044, 38.23604650275827], [28.224452293314044, 38.2355075135878], [28.224991282484496, 38.2355075135878], [28.224991282484496, 38.23389054607638], [28.224452293314044, 38.23389054607638], [28.224452293314044, 38.23335155690591]]]}, "id": "+386325+84911", "properties": {"area_ha": 3.6678432400586427, "count": 13, "label": 1, "mean_dnbr": 0.29134944129425644}}, {"type": "Feature", "geometry": {"geodesic": false, "type": "Polygon", "coordinates": [[[28.223374314973086, 38.17621870483591], [28.226069260825454, 38.17621870483591], [28.226069260825454, 38.17675769400638], [28.226608249995905, 38.17675769400638], [28.226608249995905, 38.17783567234732], [28.227147239166385, 38.17783567234732], [28.227147239166385, 38.178913650688266], [28.227686228336864, 38.178913650688266], [28.227686228336864, 38.17945263985874], [28.228225217507344, 38.17945263985874], [28.228225217507344, 38.18053061819968], [28.224452293314044, 38.18053061819968], [28.224452293314044, 38.17999162902921], [28.225530271654975, 38.17999162902921], [28.225530271654975, 38.17783567234732], [28.223374314973086, 38.17783567234732], [28.223374314973086, 38.177296683176856], [28.222835325802606, 38.177296683176856], [28.222835325802606, 38.17675769400638], [28.223374314973086, 38.17675769400638], [28.223374314973086, 38.17621870483591]]]}, "id": "+386326+85017", "properties": {"area_ha": 11.294437297552587, "count": 40, "label": 1, "mean_dnbr": 0.44396787014577044}}, {"type": "Feature", "geometry": {"geodesic": false, "type": "Polygon", "coordinates": [[[28.225530271654975, 38.15681509469893], [28.226069260825454, 38.15681509469893], [28.226069260825454, 38.1573540838694], [28.227686228336864, 38.1573540838694], [28.227686228336864, 38.15789307303987], [28.228225217507344, 38.15789307303987], [28.228225217507344, 38.15897105138082], [28.227686228336864, 38.15897105138082], [28.227686228336864, 38.15951004055128], [28.226069260825454, 38.15951004055128], [28.226069260825454, 38.15897105138082], [28.224991282484496, 38.15897105138082], [28.224991282484496, 38.15789307303987], [28.226069260825454, 38.15789307303987], [28.226069260825454, 38.1573540838694], [28.225530271654975, 38.1573540838694], [28.225530271654975, 38.15681509469893]]]}, "id": "+386326+85053", "properties": {"area_ha": 5.366316104619914, "count": 19, "label": 1, "mean_dnbr": 0.49953777538392025}}, {"type": "Feature", "geometry": {"geodesic": false, "type": "Polygon", "coordinates": [[[28.223913304143565, 38.54111437324526], [28.226608249995905, 38.54111437324526], [28.226608249995905, 38.54542628660903], [28.225530271654975, 38.54542628660903], [28.225530271654975, 38.54380931909762], [28.226069260825454, 38.54380931909762], [28.226069260825454, 38.542731340756674], [28.225530271654975, 38.542731340756674], [28.225530271654975, 38.5421923515862], [28.224991282484496, 38.5421923515862], [28.224991282484496, 38.54165336241573], [28.224452293314044, 38.54165336241573], [28.224452293314044, 38.5421923515862], [28.223913304143565, 38.5421923515862], [28.223913304143565, 38.54111437324526]]]}, "id": "+386327+84340", "properties": {"area_ha": 5.3378890359655395, "count": 19, "label": 1, "mean_dnbr": 0.37578410320283273}}, {"type": "Feature", "geometry": {"geodesic": false, "type": "Polygon", "coordinates": [[[28.224991282484496, 38.524405708960636], [28.226608249995905, 38.524405708960636], [28.226608249995905, 38.52548368730158], [28.225530271654975, 38.52548368730158], [28.225530271654975, 38.52602267647205], [28.226069260825454, 38.52602267647205], [28.226069260825454, 38.526561665642525], [28.227686228336864, 38.526561665642525], [28.227686228336864, 38.52602267647205], [28.228764206677795, 38.52602267647205], [28.228764206677795, 38.526561665642525], [28.229303195848274, 38.526561665642525], [28.229303195848274, 38.52763964398346], [28.226069260825454, 38.52763964398346], [28.226069260825454, 38.52871762232441], [28.225530271654975, 38.52871762232441], [28.225530271654975, 38.528178633153935], [28.224991282484496, 38.528178633153935], [28.224991282484496, 38.52548368730158], [28.225530271654975, 38.52548368730158], [28.225530271654975, 38.52494469813111], [28.224991282484496, 38.52494469813111], [28.224991282484496, 38.524405708960636]]]}, "id": "+386327+84371", "properties": {"area_ha": 8.149171473471617, "count": 29, "label": 1, "mean_dnbr": 0.2977604588330582}}, {"type": "Feature", "geometry": {"geodesic": false, "type": "Polygon", "coordinates": [[[28.225530271654975, 38.137411484561945], [28.226608249995905, 38.137411484561945], [28.226608249995905, 38.13902845207336], [28.227147239166385, 38.13902845207336], [28.227147239166385, 38.13795047373242], [28.228225217507344, 38.13795047373242], [28.228225217507344, 38.13848946290289], [28.228764206677795, 38.13848946290289], [28.228764206677795, 38.13902845207336], [28.228225217507344, 38.13902845207336], [28.228225217507344, 38.14064541958478], [28.227147239166385, 38.14064541958478], [28.227147239166385, 38.139567441243834], [28.226608249995905, 38.139567441243834], [28.226608249995905, 38.13902845207336], [28.225530271654975, 38.13902845207336], [28.225530271654975, 38.137411484561945]]]}, "id": "+386327+85089", "properties": {"area_ha": 5.085234339764924, "count": 18, "label": 1, "mean_dnbr": 0.4044370451660725}}, {"type": "Feature", "geometry": {"geodesic": false, "type": "Polygon", "coordinates": [[[28.225530271654975, 38.20047321750714], [28.227147239166385, 38.20047321750714], [28.227147239166385, 38.20101220667761], [28.228225217507344, 38.20101220667761], [28.228225217507344, 38.20155119584808], [28.226069260825454, 38.20155119584808], [28.226069260825454, 38.20209018501855], [28.225530271654975, 38.20209018501855], [28.225530271654975, 38.20262917418902], [28.224991282484496, 38.20262917418902], [28.224991282484496, 38.20155119584808], [28.225530271654975, 38.20155119584808], [28.225530271654975, 38.20047321750714]]]}, "id": "+386328+84972", "properties": {"area_ha": 3.1049861605053897, "count": 11, "label": 1, "mean_dnbr": 0.3893535367285246}}, {"type": "Feature", "geometry": {"geodesic": false, "type": "Polygon", "coordinates": [[[28.226608249995905, 38.19616130414336], [28.227147239166385, 38.19616130414336], [28.227147239166385, 38.19670029331383], [28.227686228336864, 38.19670029331383], [28.227686228336864, 38.19831726082525], [28.224991282484496, 38.19831726082525], [28.224991282484496, 38.197239282484304], [28.225530271654975, 38.197239282484304], [28.225530271654975, 38.19670029331383], [28.226608249995905, 38.19670029331383], [28.226608249995905, 38.19616130414336]]]}, "id": "+386328+84980", "properties": {"area_ha": 4.234304241806573, "count": 15, "label": 1, "mean_dnbr": 0.4590011599121988}}, {"type": "Feature", "geometry": {"geodesic": false, "type": "Polygon", "coordinates": [[[28.226608249995905, 38.49583928292564], [28.227686228336864, 38.49583928292564], [28.227686228336864, 38.49637827209611], [28.228225217507344, 38.49637827209611], [28.228225217507344, 38.49691726126658], [28.227147239166385, 38.49691726126658], [28.227147239166385, 38.49637827209611], [28.226608249995905, 38.49637827209611], [28.226608249995905, 38.49745625043705], [28.225530271654975, 38.49745625043705], [28.225530271654975, 38.49799523960752], [28.224991282484496, 38.49799523960752], [28.224991282484496, 38.49853422877799], [28.223374314973086, 38.49853422877799], [28.223374314973086, 38.49745625043705], [28.224991282484496, 38.49745625043705], [28.224991282484496, 38.49691726126658], [28.226069260825454, 38.49691726126658], [28.226069260825454, 38.49637827209611], [28.226608249995905, 38.49637827209611], [28.226608249995905, 38.49583928292564]]]}, "id": "+386329+84424", "properties": {"area_ha": 4.21679941755606, "count": 15, "label": 1, "mean_dnbr": 0.4104430722725191}}, {"type": "Feature", "geometry": {"geodesic": false, "type": "Polygon", "coordinates": [[[28.226608249995905, 38.226344697689775], [28.228225217507344, 38.226344697689775], [28.228225217507344, 38.22903964354214], [28.227147239166385, 38.22903964354214], [28.227147239166385, 38.22957863271261], [28.226069260825454, 38.22957863271261], [28.226069260825454, 38.228500654371665], [28.226608249995905, 38.228500654371665], [28.226608249995905, 38.22796166520119], [28.227147239166385, 38.22796166520119], [28.227147239166385, 38.22688368686025], [28.226608249995905, 38.22688368686025], [28.226608249995905, 38.226344697689775]]]}, "id": "+386330+84924", "properties": {"area_ha": 4.514682969295585, "count": 16, "label": 1, "mean_dnbr": 0.4369933655122853}}, {"type": "Feature", "geometry": {"geodesic": false, "type": "Polygon", "coordinates": [[[28.227686228336864, 38.21340895759846], [28.228764206677795, 38.21340895759846], [28.228764206677795, 38.213947946768926], [28.229303195848274, 38.213947946768926], [28.229303195848274, 38.2144869359394], [28.230920163359684, 38.2144869359394], [28.230920163359684, 38.21664289262129], [28.230381174189233, 38.21664289262129], [28.230381174189233, 38.21772087096223], [28.230920163359684, 38.21772087096223], [28.230920163359684, 38.21933783847365], [28.229842185018754, 38.21933783847365], [28.229842185018754, 38.21879884930318], [28.229303195848274, 38.21879884930318], [28.229303195848274, 38.218259860132704], [28.229842185018754, 38.218259860132704], [28.229842185018754, 38.21772087096223], [28.228764206677795, 38.21772087096223], [28.228764206677795, 38.21556491428034], [28.227686228336864, 38.21556491428034], [28.227686228336864, 38.216103903450815], [28.226608249995905, 38.216103903450815], [28.226608249995905, 38.21664289262129], [28.227147239166385, 38.21664289262129], [28.227147239166385, 38.21718188179176], [28.227686228336864, 38.21718188179176], [28.227686228336864, 38.21772087096223], [28.226608249995905, 38.21772087096223], [28.226608249995905, 38.21664289262129], [28.225530271654975, 38.21664289262129], [28.225530271654975, 38.21879884930318], [28.226069260825454, 38.21879884930318], [28.226069260825454, 38.218259860132704], [28.227147239166385, 38.218259860132704], [28.227147239166385, 38.21879884930318], [28.227686228336864, 38.21879884930318], [28.227686228336864, 38.219876827644114], [28.227147239166385, 38.219876827644114], [28.227147239166385, 38.22041581681459], [28.226608249995905, 38.22041581681459], [28.226608249995905, 38.22095480598506], [28.224991282484496, 38.22095480598506], [28.224991282484496, 38.22041581681459], [28.224452293314044, 38.22041581681459], [28.224452293314044, 38.22095480598506], [28.223913304143565, 38.22095480598506], [28.223913304143565, 38.222032784326004], [28.224452293314044, 38.222032784326004], [28.224452293314044, 38.222571773496476], [28.223913304143565, 38.222571773496476], [28.223913304143565, 38.22311076266695], [28.221757347461676, 38.22311076266695], [28.221757347461676, 38.222571773496476], [28.221218358291196, 38.222571773496476], [28.221218358291196, 38.22095480598506], [28.220140379950266, 38.22095480598506], [28.220140379950266, 38.222032784326004], [28.219601390779786, 38.222032784326004], [28.219601390779786, 38.222571773496476], [28.220140379950266, 38.222571773496476], [28.220140379950266, 38.22311076266695], [28.219062401609307, 38.22311076266695], [28.219062401609307, 38.22364975183742], [28.218523412438856, 38.22364975183742], [28.218523412438856, 38.22526671934884], [28.217984423268376, 38.22526671934884], [28.217984423268376, 38.2258057085193], [28.215289477416007, 38.2258057085193], [28.215289477416007, 38.22526671934884], [28.214750488245528, 38.22526671934884], [28.214750488245528, 38.22688368686025], [28.213133520734118, 38.22688368686025], [28.213133520734118, 38.2258057085193], [28.213672509904598, 38.2258057085193], [28.213672509904598, 38.22526671934884], [28.214750488245528, 38.22526671934884], [28.214750488245528, 38.224727730178365], [28.213672509904598, 38.224727730178365], [28.213672509904598, 38.22418874100789], [28.215289477416007, 38.22418874100789], [28.215289477416007, 38.22364975183742], [28.213672509904598, 38.22364975183742], [28.213672509904598, 38.22311076266695], [28.215828466586487, 38.22311076266695], [28.215828466586487, 38.22418874100789], [28.216906444927417, 38.22418874100789], [28.216906444927417, 38.22311076266695], [28.216367455756966, 38.22311076266695], [28.216367455756966, 38.222571773496476], [28.217445434097897, 38.222571773496476], [28.217445434097897, 38.22311076266695], [28.218523412438856, 38.22311076266695], [28.218523412438856, 38.222032784326004], [28.216906444927417, 38.222032784326004], [28.216906444927417, 38.22149379515553], [28.218523412438856, 38.22149379515553], [28.218523412438856, 38.22095480598506], [28.217984423268376, 38.22095480598506], [28.217984423268376, 38.22041581681459], [28.217445434097897, 38.22041581681459], [28.217445434097897, 38.219876827644114], [28.216906444927417, 38.219876827644114], [28.216906444927417, 38.22095480598506], [28.216367455756966, 38.22095480598506], [28.216367455756966, 38.219876827644114], [28.216906444927417, 38.219876827644114], [28.216906444927417, 38.21879884930318], [28.217984423268376, 38.21879884930318], [28.217984423268376, 38.218259860132704], [28.219062401609307, 38.218259860132704], [28.219062401609307, 38.21879884930318], [28.220140379950266, 38.21879884930318], [28.220140379950266, 38.218259860132704], [28.221218358291196, 38.218259860132704], [28.221218358291196, 38.21879884930318], [28.223913304143565, 38.21879884930318], [28.223913304143565, 38.21556491428034], [28.222835325802606, 38.21556491428034], [28.222835325802606, 38.21502592510987], [28.224452293314044, 38.21502592510987], [28.224452293314044, 38.2144869359394], [28.225530271654975, 38.2144869359394], [28.225530271654975, 38.213947946768926], [28.226069260825454, 38.213947946768926], [28.226069260825454, 38.2144869359394], [28.226608249995905, 38.2144869359394], [28.226608249995905, 38.213947946768926], [28.227147239166385, 38.213947946768926], [28.227147239166385, 38.2144869359394], [28.227686228336864, 38.2144869359394], [28.227686228336864, 38.21340895759846]], [[28.222835325802606, 38.219876827644114], [28.222835325802606, 38.22095480598506], [28.222296336632155, 38.22095480598506], [28.222296336632155, 38.219876827644114], [28.222835325802606, 38.219876827644114]], [[28.224991282484496, 38.21879884930318], [28.224991282484496, 38.219876827644114], [28.224452293314044, 38.219876827644114], [28.224452293314044, 38.21879884930318], [28.224991282484496, 38.21879884930318]]]}, "id": "+386331+84948", "properties": {"area_ha": 66.59918083116061, "count": 236, "label": 1, "mean_dnbr": 0.4656709623494303}}, {"type": "Feature", "geometry": {"geodesic": false, "type": "Polygon", "coordinates": [[[28.226608249995905, 38.162204986403644], [28.228764206677795, 38.162204986403644], [28.228764206677795, 38.16274397557412], [28.227686228336864, 38.16274397557412], [28.227686228336864, 38.16328296474459], [28.229842185018754, 38.16328296474459], [28.229842185018754, 38.16382195391506], [28.230381174189233, 38.16382195391506], [28.230381174189233, 38.16436094308553], [28.230920163359684, 38.16436094308553], [28.230920163359684, 38.164899932256006], [28.231459152530164, 38.164899932256006], [28.231459152530164, 38.16543892142648], [28.228225217507344, 38.16543892142648], [28.228225217507344, 38.16597791059694], [28.228764206677795, 38.16597791059694], [28.228764206677795, 38.166516899767416], [28.229303195848274, 38.166516899767416], [28.229303195848274, 38.16705588893789], [28.230381174189233, 38.16705588893789], [28.230381174189233, 38.16597791059694], [28.230920163359684, 38.16597791059694], [28.230920163359684, 38.166516899767416], [28.231998141700643, 38.166516899767416], [28.231998141700643, 38.16759487810836], [28.230381174189233, 38.16759487810836], [28.230381174189233, 38.16813386727883], [28.229842185018754, 38.16813386727883], [28.229842185018754, 38.168672856449305], [28.229303195848274, 38.168672856449305], [28.229303195848274, 38.16975083479025], [28.230381174189233, 38.16975083479025], [28.230381174189233, 38.16921184561978], [28.230920163359684, 38.16921184561978], [28.230920163359684, 38.168672856449305], [28.233615109212053, 38.168672856449305], [28.233615109212053, 38.16759487810836], [28.234154098382533, 38.16759487810836], [28.234154098382533, 38.16705588893789], [28.236310055064422, 38.16705588893789], [28.236310055064422, 38.16597791059694], [28.237388033405352, 38.16597791059694], [28.237388033405352, 38.166516899767416], [28.238466011746283, 38.166516899767416], [28.238466011746283, 38.16705588893789], [28.236310055064422, 38.16705588893789], [28.236310055064422, 38.168672856449305], [28.237927022575832, 38.168672856449305], [28.237927022575832, 38.16813386727883], [28.239005000916762, 38.16813386727883], [28.239005000916762, 38.168672856449305], [28.238466011746283, 38.168672856449305], [28.238466011746283, 38.16921184561978], [28.237388033405352, 38.16921184561978], [28.237388033405352, 38.16975083479025], [28.235232076723463, 38.16975083479025], [28.235232076723463, 38.168672856449305], [28.233615109212053, 38.168672856449305], [28.233615109212053, 38.16975083479025], [28.232537130871094, 38.16975083479025], [28.232537130871094, 38.17028982396072], [28.231998141700643, 38.17028982396072], [28.231998141700643, 38.16921184561978], [28.231459152530164, 38.16921184561978], [28.231459152530164, 38.16975083479025], [28.230920163359684, 38.16975083479025], [28.230920163359684, 38.17028982396072], [28.229303195848274, 38.17028982396072], [28.229303195848274, 38.170828813131195], [28.231459152530164, 38.170828813131195], [28.231459152530164, 38.17190679147213], [28.231998141700643, 38.17190679147213], [28.231998141700643, 38.17352375898355], [28.231459152530164, 38.17352375898355], [28.231459152530164, 38.172445780642605], [28.230920163359684, 38.172445780642605], [28.230920163359684, 38.17352375898355], [28.230381174189233, 38.17352375898355], [28.230381174189233, 38.172445780642605], [28.230920163359684, 38.172445780642605], [28.230920163359684, 38.17190679147213], [28.227686228336864, 38.17190679147213], [28.227686228336864, 38.17136780230167], [28.227147239166385, 38.17136780230167], [28.227147239166385, 38.170828813131195], [28.226608249995905, 38.170828813131195], [28.226608249995905, 38.17136780230167], [28.226069260825454, 38.17136780230167], [28.226069260825454, 38.17190679147213], [28.225530271654975, 38.17190679147213], [28.225530271654975, 38.172445780642605], [28.226069260825454, 38.172445780642605], [28.226069260825454, 38.17298476981308], [28.224452293314044, 38.17298476981308], [28.224452293314044, 38.17136780230167], [28.223913304143565, 38.17136780230167], [28.223913304143565, 38.170828813131195], [28.224452293314044, 38.170828813131195], [28.224452293314044, 38.16921184561978], [28.225530271654975, 38.16921184561978], [28.225530271654975, 38.168672856449305], [28.224991282484496, 38.168672856449305], [28.224991282484496, 38.16813386727883], [28.225530271654975, 38.16813386727883], [28.225530271654975, 38.16759487810836], [28.227686228336864, 38.16759487810836], [28.227686228336864, 38.166516899767416], [28.226608249995905, 38.166516899767416], [28.226608249995905, 38.16543892142648], [28.227147239166385, 38.16543892142648], [28.227147239166385, 38.16436094308553], [28.226069260825454, 38.16436094308553], [28.226069260825454, 38.16328296474459], [28.227147239166385, 38.16328296474459], [28.227147239166385, 38.16274397557412], [28.226608249995905, 38.16274397557412], [28.226608249995905, 38.162204986403644]], [[28.225530271654975, 38.170828813131195], [28.225530271654975, 38.17190679147213], [28.224991282484496, 38.17190679147213], [28.224991282484496, 38.170828813131195], [28.225530271654975, 38.170828813131195]], [[28.228764206677795, 38.16975083479025], [28.228764206677795, 38.17028982396072], [28.228225217507344, 38.17028982396072], [28.228225217507344, 38.16975083479025], [28.228764206677795, 38.16975083479025]]]}, "id": "+386331+85043", "properties": {"area_ha": 52.526325055866934, "count": 186, "label": 1, "mean_dnbr": 0.4291275689527343}}, {"type": "Feature", "geometry": {"geodesic": false, "type": "Polygon", "coordinates": [[[28.226069260825454, 37.870611845178445], [28.228764206677795, 37.870611845178445], [28.228764206677795, 37.87168982351939], [28.227686228336864, 37.87168982351939], [28.227686228336864, 37.872767801860334], [28.226069260825454, 37.872767801860334], [28.226069260825454, 37.87222881268986], [28.226608249995905, 37.87222881268986], [28.226608249995905, 37.87168982351939], [28.226069260825454, 37.87168982351939], [28.226069260825454, 37.870611845178445]]]}, "id": "+386331+85584", "properties": {"area_ha": 4.2531673957568605, "count": 15, "label": 1, "mean_dnbr": 0.30198444761566434}}, {"type": "Feature", "geometry": {"geodesic": false, "type": "Polygon", "coordinates": [[[28.227686228336864, 37.85498115923477], [28.228764206677795, 37.85498115923477], [28.228764206677795, 37.85605913757571], [28.229303195848274, 37.85605913757571], [28.229303195848274, 37.856598126746185], [28.228764206677795, 37.856598126746185], [28.228764206677795, 37.85713711591666], [28.227147239166385, 37.85713711591666], [28.227147239166385, 37.858215094257595], [28.226608249995905, 37.858215094257595], [28.226608249995905, 37.85767610508713], [28.225530271654975, 37.85767610508713], [28.225530271654975, 37.85713711591666], [28.226069260825454, 37.85713711591666], [28.226069260825454, 37.85552014840524], [28.227147239166385, 37.85552014840524], [28.227147239166385, 37.85605913757571], [28.227686228336864, 37.85605913757571], [28.227686228336864, 37.85498115923477]]]}, "id": "+386331+85613", "properties": {"area_ha": 5.955665641326007, "count": 21, "label": 1, "mean_dnbr": 0.35578473692092166}}, {"type": "Feature", "geometry": {"geodesic": false, "type": "Polygon", "coordinates": [[[28.228225217507344, 38.191310401609115], [28.229303195848274, 38.191310401609115], [28.229303195848274, 38.19238837995006], [28.228764206677795, 38.19238837995006], [28.228764206677795, 38.19292736912053], [28.229303195848274, 38.19292736912053], [28.229303195848274, 38.193466358291005], [28.230381174189233, 38.193466358291005], [28.230381174189233, 38.19400534746148], [28.230920163359684, 38.19400534746148], [28.230920163359684, 38.19292736912053], [28.230381174189233, 38.19292736912053], [28.230381174189233, 38.19238837995006], [28.231459152530164, 38.19238837995006], [28.231459152530164, 38.193466358291005], [28.231998141700643, 38.193466358291005], [28.231998141700643, 38.19400534746148], [28.230920163359684, 38.19400534746148], [28.230920163359684, 38.19454433663195], [28.228225217507344, 38.19454433663195], [28.228225217507344, 38.19400534746148], [28.227686228336864, 38.19400534746148], [28.227686228336864, 38.19184939077959], [28.228225217507344, 38.19184939077959], [28.228225217507344, 38.191310401609115]]]}, "id": "+386332+84989", "properties": {"area_ha": 7.05757722343012, "count": 25, "label": 1, "mean_dnbr": 0.4127354693250518}}, {"type": "Feature", "geometry": {"geodesic": false, "type": "Polygon", "coordinates": [[[28.228225217507344, 38.13471653870959], [28.229303195848274, 38.13471653870959], [28.229303195848274, 38.13525552788006], [28.228764206677795, 38.13525552788006], [28.228764206677795, 38.13579451705053], [28.228225217507344, 38.13579451705053], [28.228225217507344, 38.13687249539147], [28.227147239166385, 38.13687249539147], [28.227147239166385, 38.13579451705053], [28.226608249995905, 38.13579451705053], [28.226608249995905, 38.13471653870959], [28.227686228336864, 38.13471653870959], [28.227686228336864, 38.13525552788006], [28.228225217507344, 38.13525552788006], [28.228225217507344, 38.13471653870959]]]}, "id": "+386332+85094", "properties": {"area_ha": 3.3903086054237597, "count": 12, "label": 1, "mean_dnbr": 0.3147520574727663}}, {"type": "Feature", "geometry": {"geodesic": false, "type": "Polygon", "coordinates": [[[28.229303195848274, 38.23281256773544], [28.229842185018754, 38.23281256773544], [28.229842185018754, 38.23335155690591], [28.230920163359684, 38.23335155690591], [28.230920163359684, 38.23389054607638], [28.231459152530164, 38.23389054607638], [28.231459152530164, 38.23335155690591], [28.231998141700643, 38.23335155690591], [28.231998141700643, 38.23389054607638], [28.232537130871094, 38.23389054607638], [28.232537130871094, 38.234968524417326], [28.233076120041574, 38.234968524417326], [28.233076120041574, 38.2355075135878], [28.232537130871094, 38.2355075135878], [28.232537130871094, 38.234968524417326], [28.231998141700643, 38.234968524417326], [28.231998141700643, 38.23389054607638], [28.231459152530164, 38.23389054607638], [28.231459152530164, 38.234968524417326], [28.229842185018754, 38.234968524417326], [28.229842185018754, 38.23442953524685], [28.230920163359684, 38.23442953524685], [28.230920163359684, 38.23389054607638], [28.229303195848274, 38.23389054607638], [28.229303195848274, 38.23281256773544]]]}, "id": "+386333+84912", "properties": {"area_ha": 3.3857300699670567, "count": 12, "label": 1, "mean_dnbr": 0.389488501815184}}, {"type": "Feature", "geometry": {"geodesic": false, "type": "Polygon", "coordinates": [[[28.228764206677795, 37.88354758526977], [28.229842185018754, 37.88354758526977], [28.229842185018754, 37.88462556361071], [28.230381174189233, 37.88462556361071], [28.230381174189233, 37.88408657444024], [28.230920163359684, 37.88408657444024], [28.230920163359684, 37.885703541951656], [28.229303195848274, 37.885703541951656], [28.229303195848274, 37.88462556361071], [28.228764206677795, 37.88462556361071], [28.228764206677795, 37.88354758526977]]]}, "id": "+386333+85560", "properties": {"area_ha": 3.118440805200778, "count": 11, "label": 1, "mean_dnbr": 0.1804007872591313}}, {"type": "Feature", "geometry": {"geodesic": false, "type": "Polygon", "coordinates": [[[28.229842185018754, 38.503385131312236], [28.230381174189233, 38.503385131312236], [28.230381174189233, 38.50392412048271], [28.230920163359684, 38.50392412048271], [28.230920163359684, 38.50446310965318], [28.231459152530164, 38.50446310965318], [28.231459152530164, 38.50392412048271], [28.233615109212053, 38.50392412048271], [28.233615109212053, 38.50500209882365], [28.234154098382533, 38.50500209882365], [28.234154098382533, 38.5060800771646], [28.233076120041574, 38.5060800771646], [28.233076120041574, 38.50500209882365], [28.231459152530164, 38.50500209882365], [28.231459152530164, 38.5060800771646], [28.230920163359684, 38.5060800771646], [28.230920163359684, 38.505541087994125], [28.230381174189233, 38.505541087994125], [28.230381174189233, 38.50500209882365], [28.230920163359684, 38.50500209882365], [28.230920163359684, 38.50446310965318], [28.229842185018754, 38.50446310965318], [28.229842185018754, 38.503385131312236]]]}, "id": "+386334+84410", "properties": {"area_ha": 5.340720934189789, "count": 19, "label": 1, "mean_dnbr": 0.34694122702793856}}, {"type": "Feature", "geometry": {"geodesic": false, "type": "Polygon", "coordinates": [[[28.229303195848274, 38.57021978845073], [28.230920163359684, 38.57021978845073], [28.230920163359684, 38.5707587776212], [28.231998141700643, 38.5707587776212], [28.231998141700643, 38.57129776679167], [28.233076120041574, 38.57129776679167], [28.233076120041574, 38.571836755962146], [28.232537130871094, 38.571836755962146], [28.232537130871094, 38.57237574513262], [28.231459152530164, 38.57237574513262], [28.231459152530164, 38.57291473430309], [28.230920163359684, 38.57291473430309], [28.230920163359684, 38.57345372347356], [28.228225217507344, 38.57345372347356], [28.228225217507344, 38.57291473430309], [28.227686228336864, 38.57291473430309], [28.227686228336864, 38.57237574513262], [28.228225217507344, 38.57237574513262], [28.228225217507344, 38.571836755962146], [28.228764206677795, 38.571836755962146], [28.228764206677795, 38.5707587776212], [28.229303195848274, 38.5707587776212], [28.229303195848274, 38.57021978845073]]]}, "id": "+386335+84286", "properties": {"area_ha": 10.390662659079016, "count": 37, "label": 1, "mean_dnbr": 0.460900137675362}}, {"type": "Feature", "geometry": {"geodesic": false, "type": "Polygon", "coordinates": [[[28.230381174189233, 38.20101220667761], [28.230920163359684, 38.20101220667761], [28.230920163359684, 38.203707152529965], [28.231459152530164, 38.203707152529965], [28.231459152530164, 38.20424614170044], [28.230920163359684, 38.20424614170044], [28.230920163359684, 38.20478513087091], [28.228764206677795, 38.20478513087091], [28.228764206677795, 38.20262917418902], [28.229303195848274, 38.20262917418902], [28.229303195848274, 38.20209018501855], [28.230381174189233, 38.20209018501855], [28.230381174189233, 38.20101220667761]], [[28.229842185018754, 38.203707152529965], [28.229842185018754, 38.20424614170044], [28.229303195848274, 38.20424614170044], [28.229303195848274, 38.203707152529965], [28.229842185018754, 38.203707152529965]]]}, "id": "+386335+84971", "properties": {"area_ha": 5.927539401613733, "count": 21, "label": 1, "mean_dnbr": 0.38681948084444406}}, {"type": "Feature", "geometry": {"geodesic": false, "type": "Polygon", "coordinates": [[[28.229842185018754, 38.13094361451628], [28.230920163359684, 38.13094361451628], [28.230920163359684, 38.131482603686756], [28.233615109212053, 38.131482603686756], [28.233615109212053, 38.13202159285723], [28.234154098382533, 38.13202159285723], [28.234154098382533, 38.1325605820277], [28.234693087552984, 38.1325605820277], [28.234693087552984, 38.13309957119817], [28.234154098382533, 38.13309957119817], [28.234154098382533, 38.1325605820277], [28.233615109212053, 38.1325605820277], [28.233615109212053, 38.13202159285723], [28.233076120041574, 38.13202159285723], [28.233076120041574, 38.1325605820277], [28.230381174189233, 38.1325605820277], [28.230381174189233, 38.13309957119817], [28.229303195848274, 38.13309957119817], [28.229303195848274, 38.131482603686756], [28.229842185018754, 38.131482603686756], [28.229842185018754, 38.13094361451628]]]}, "id": "+386335+85101", "properties": {"area_ha": 5.933330174239414, "count": 21, "label": 1, "mean_dnbr": 0.5047341822560223}}, {"type": "Feature", "geometry": {"geodesic": false, "type": "Polygon", "coordinates": [[[28.230381174189233, 38.219876827644114], [28.231459152530164, 38.219876827644114], [28.231459152530164, 38.22041581681459], [28.231998141700643, 38.22041581681459], [28.231998141700643, 38.222032784326004], [28.230381174189233, 38.222032784326004], [28.230381174189233, 38.219876827644114]]]}, "id": "+386336+84936", "properties": {"area_ha": 3.104144641090786, "count": 11, "label": 1, "mean_dnbr": 0.3823692516260021}}, {"type": "Feature", "geometry": {"geodesic": false, "type": "Polygon", "coordinates": [[[28.229842185018754, 37.864682964303256], [28.231459152530164, 37.864682964303256], [28.231459152530164, 37.86522195347373], [28.231998141700643, 37.86522195347373], [28.231998141700643, 37.8657609426442], [28.231459152530164, 37.8657609426442], [28.231459152530164, 37.86629993181467], [28.230920163359684, 37.86629993181467], [28.230920163359684, 37.866838920985145], [28.228225217507344, 37.866838920985145], [28.228225217507344, 37.8657609426442], [28.227686228336864, 37.8657609426442], [28.227686228336864, 37.86629993181467], [28.227147239166385, 37.86629993181467], [28.227147239166385, 37.86522195347373], [28.228225217507344, 37.86522195347373], [28.228225217507344, 37.8657609426442], [28.230381174189233, 37.8657609426442], [28.230381174189233, 37.86522195347373], [28.229842185018754, 37.86522195347373], [28.229842185018754, 37.864682964303256]]]}, "id": "+386336+85595", "properties": {"area_ha": 5.671341603544338, "count": 20, "label": 1, "mean_dnbr": 0.4038158421377479}}, {"type": "Feature", "geometry": {"geodesic": false, "type": "Polygon", "coordinates": [[[28.230381174189233, 38.565368885916484], [28.231998141700643, 38.565368885916484], [28.231998141700643, 38.56590787508696], [28.231459152530164, 38.56590787508696], [28.231459152530164, 38.5669858534279], [28.230920163359684, 38.5669858534279], [28.230920163359684, 38.568063831768846], [28.230381174189233, 38.568063831768846], [28.230381174189233, 38.56914181010979], [28.229842185018754, 38.56914181010979], [28.229842185018754, 38.569680799280256], [28.229303195848274, 38.569680799280256], [28.229303195848274, 38.567524842598374], [28.228225217507344, 38.567524842598374], [28.228225217507344, 38.568063831768846], [28.227686228336864, 38.568063831768846], [28.227686228336864, 38.56860282093932], [28.227147239166385, 38.56860282093932], [28.227147239166385, 38.5669858534279], [28.227686228336864, 38.5669858534279], [28.227686228336864, 38.56590787508696], [28.229303195848274, 38.56590787508696], [28.229303195848274, 38.567524842598374], [28.229842185018754, 38.567524842598374], [28.229842185018754, 38.56590787508696], [28.230381174189233, 38.56590787508696], [28.230381174189233, 38.565368885916484]]]}, "id": "+386337+84295", "properties": {"area_ha": 8.987103697334991, "count": 32, "label": 1, "mean_dnbr": 0.4539521809366877}}, {"type": "Feature", "geometry": {"geodesic": false, "type": "Polygon", "coordinates": [[[28.230920163359684, 38.22796166520119], [28.231998141700643, 38.22796166520119], [28.231998141700643, 38.228500654371665], [28.232537130871094, 38.228500654371665], [28.232537130871094, 38.22957863271261], [28.231998141700643, 38.22957863271261], [28.231998141700643, 38.230656611053554], [28.229842185018754, 38.230656611053554], [28.229842185018754, 38.23119560022403], [28.229303195848274, 38.23119560022403], [28.229303195848274, 38.2317345893945], [28.228225217507344, 38.2317345893945], [28.228225217507344, 38.23119560022403], [28.228764206677795, 38.23119560022403], [28.228764206677795, 38.22957863271261], [28.229303195848274, 38.22957863271261], [28.229303195848274, 38.228500654371665], [28.230920163359684, 38.228500654371665], [28.230920163359684, 38.22796166520119]]]}, "id": "+386337+84921", "properties": {"area_ha": 8.464837956931458, "count": 30, "label": 1, "mean_dnbr": 0.519347359589064}}, {"type": "Feature", "geometry": {"geodesic": false, "type": "Polygon", "coordinates": [[[28.231998141700643, 38.49691726126658], [28.232537130871094, 38.49691726126658], [28.232537130871094, 38.49745625043705], [28.233076120041574, 38.49745625043705], [28.233076120041574, 38.49799523960752], [28.234154098382533, 38.49799523960752], [28.234154098382533, 38.49853422877799], [28.233615109212053, 38.49853422877799], [28.233615109212053, 38.499073217948464], [28.232537130871094, 38.499073217948464], [28.232537130871094, 38.50015119628941], [28.233076120041574, 38.50015119628941], [28.233076120041574, 38.50069018545988], [28.231998141700643, 38.50069018545988], [28.231998141700643, 38.499612207118936], [28.231459152530164, 38.499612207118936], [28.231459152530164, 38.499073217948464], [28.230920163359684, 38.499073217948464], [28.230920163359684, 38.49853422877799], [28.229303195848274, 38.49853422877799], [28.229303195848274, 38.49799523960752], [28.230920163359684, 38.49799523960752], [28.230920163359684, 38.49745625043705], [28.231998141700643, 38.49745625043705], [28.231998141700643, 38.49691726126658]]]}, "id": "+386338+84422", "properties": {"area_ha": 6.746758754474035, "count": 24, "label": 1, "mean_dnbr": 0.3382980538494051}}, {"type": "Feature", "geometry": {"geodesic": false, "type": "Polygon", "coordinates": [[[28.231998141700643, 38.472662748595354], [28.232537130871094, 38.472662748595354], [28.232537130871094, 38.47320173776582], [28.233076120041574, 38.47320173776582], [28.233076120041574, 38.474279716106764], [28.233615109212053, 38.474279716106764], [28.233615109212053, 38.47535769444771], [28.234154098382533, 38.47535769444771], [28.234154098382533, 38.476435672788654], [28.234693087552984, 38.476435672788654], [28.234693087552984, 38.4775136511296], [28.233615109212053, 38.4775136511296], [28.233615109212053, 38.476974661959126], [28.233076120041574, 38.476974661959126], [28.233076120041574, 38.4775136511296], [28.231998141700643, 38.4775136511296], [28.231998141700643, 38.476974661959126], [28.231459152530164, 38.476974661959126], [28.231459152530164, 38.47589668361818], [28.230920163359684, 38.47589668361818], [28.230920163359684, 38.47535769444771], [28.231459152530164, 38.47535769444771], [28.231459152530164, 38.47481870527724], [28.231998141700643, 38.47481870527724], [28.231998141700643, 38.47535769444771], [28.232537130871094, 38.47535769444771], [28.232537130871094, 38.474279716106764], [28.231998141700643, 38.474279716106764], [28.231998141700643, 38.472662748595354]]]}, "id": "+386338+84467", "properties": {"area_ha": 8.717334352060774, "count": 31, "label": 1, "mean_dnbr": 0.27556003194721457}}, {"type": "Feature", "geometry": {"geodesic": false, "type": "Polygon", "coordinates": [[[28.230920163359684, 38.19885624999572], [28.232537130871094, 38.19885624999572], [28.232537130871094, 38.19939523916619], [28.231998141700643, 38.19939523916619], [28.231998141700643, 38.199934228336666], [28.234154098382533, 38.199934228336666], [28.234154098382533, 38.20047321750714], [28.234693087552984, 38.20047321750714], [28.234693087552984, 38.20155119584808], [28.231459152530164, 38.20155119584808], [28.231459152530164, 38.20047321750714], [28.230920163359684, 38.20047321750714], [28.230920163359684, 38.19885624999572]], [[28.231998141700643, 38.199934228336666], [28.231998141700643, 38.20047321750714], [28.231459152530164, 38.20047321750714], [28.231459152530164, 38.199934228336666], [28.231998141700643, 38.199934228336666]]]}, "id": "+386338+84975", "properties": {"area_ha": 6.210054645434021, "count": 22, "label": 1, "mean_dnbr": 0.47131945517039914}}, {"type": "Feature", "geometry": {"geodesic": false, "type": "Polygon", "coordinates": [[[28.230920163359684, 38.19562231497289], [28.232537130871094, 38.19562231497289], [28.232537130871094, 38.19670029331383], [28.233076120041574, 38.19670029331383], [28.233076120041574, 38.19777827165478], [28.233615109212053, 38.19777827165478], [28.233615109212053, 38.19831726082525], [28.232537130871094, 38.19831726082525], [28.232537130871094, 38.19777827165478], [28.231998141700643, 38.19777827165478], [28.231998141700643, 38.197239282484304], [28.232537130871094, 38.197239282484304], [28.232537130871094, 38.19670029331383], [28.230381174189233, 38.19670029331383], [28.230381174189233, 38.19616130414336], [28.230920163359684, 38.19616130414336], [28.230920163359684, 38.19562231497289]]]}, "id": "+386338+84981", "properties": {"area_ha": 3.3874698622028068, "count": 12, "label": 1, "mean_dnbr": 0.3941921668752844}}, {"type": "Feature", "geometry": {"geodesic": false, "type": "Polygon", "coordinates": [[[28.229303195848274, 38.151964192164684], [28.232537130871094, 38.151964192164684], [28.232537130871094, 38.152503181335156], [28.233076120041574, 38.152503181335156], [28.233076120041574, 38.15304217050563], [28.231459152530164, 38.15304217050563], [28.231459152530164, 38.153581159676094], [28.230920163359684, 38.153581159676094], [28.230920163359684, 38.15304217050563], [28.230381174189233, 38.15304217050563], [28.230381174189233, 38.154120148846566], [28.229842185018754, 38.154120148846566], [28.229842185018754, 38.153581159676094], [28.229303195848274, 38.153581159676094], [28.229303195848274, 38.15304217050563], [28.228764206677795, 38.15304217050563], [28.228764206677795, 38.153581159676094], [28.228225217507344, 38.153581159676094], [28.228225217507344, 38.15304217050563], [28.227686228336864, 38.15304217050563], [28.227686228336864, 38.151964192164684], [28.228764206677795, 38.151964192164684], [28.228764206677795, 38.152503181335156], [28.229303195848274, 38.152503181335156], [28.229303195848274, 38.151964192164684]]]}, "id": "+386338+85062", "properties": {"area_ha": 6.496548209653112, "count": 23, "label": 1, "mean_dnbr": 0.4228888019738379}}, {"type": "Feature", "geometry": {"geodesic": false, "type": "Polygon", "coordinates": [[[28.229842185018754, 38.14873025714185], [28.232537130871094, 38.14873025714185], [28.232537130871094, 38.149808235482794], [28.233076120041574, 38.149808235482794], [28.233076120041574, 38.15034722465327], [28.232537130871094, 38.15034722465327], [28.232537130871094, 38.149808235482794], [28.231459152530164, 38.149808235482794], [28.231459152530164, 38.15088621382374], [28.230381174189233, 38.15088621382374], [28.230381174189233, 38.149808235482794], [28.229842185018754, 38.149808235482794], [28.229842185018754, 38.14873025714185]]]}, "id": "+386338+85068", "properties": {"area_ha": 4.237062082155194, "count": 15, "label": 1, "mean_dnbr": 0.25786154694903646}}, {"type": "Feature", "geometry": {"geodesic": false, "type": "Polygon", "coordinates": [[[28.231998141700643, 37.872767801860334], [28.233076120041574, 37.872767801860334], [28.233076120041574, 37.87330679103081], [28.235232076723463, 37.87330679103081], [28.235232076723463, 37.87438476937175], [28.234154098382533, 37.87438476937175], [28.234154098382533, 37.874923758542224], [28.234693087552984, 37.874923758542224], [28.234693087552984, 37.875462747712696], [28.234154098382533, 37.875462747712696], [28.234154098382533, 37.874923758542224], [28.233615109212053, 37.874923758542224], [28.233615109212053, 37.87438476937175], [28.232537130871094, 37.87438476937175], [28.232537130871094, 37.87384578020128], [28.231459152530164, 37.87384578020128], [28.231459152530164, 37.87330679103081], [28.231998141700643, 37.87330679103081], [28.231998141700643, 37.872767801860334]], [[28.234154098382533, 37.87384578020128], [28.234154098382533, 37.87438476937175], [28.233615109212053, 37.87438476937175], [28.233615109212053, 37.87384578020128], [28.234154098382533, 37.87384578020128]]]}, "id": "+386339+85580", "properties": {"area_ha": 4.2530391584529035, "count": 15, "label": 1, "mean_dnbr": 0.23106488666848796}}, {"type": "Feature", "geometry": {"geodesic": false, "type": "Polygon", "coordinates": [[[28.233076120041574, 38.55351112416611], [28.234154098382533, 38.55351112416611], [28.234154098382533, 38.55458910250705], [28.234693087552984, 38.55458910250705], [28.234693087552984, 38.555128091677524], [28.234154098382533, 38.555128091677524], [28.234154098382533, 38.55836202670035], [28.233615109212053, 38.55836202670035], [28.233615109212053, 38.561595961723185], [28.233076120041574, 38.561595961723185], [28.233076120041574, 38.56213495089366], [28.231998141700643, 38.56213495089366], [28.231998141700643, 38.55620607001847], [28.233076120041574, 38.55620607001847], [28.233076120041574, 38.555667080847996], [28.233615109212053, 38.555667080847996], [28.233615109212053, 38.555128091677524], [28.233076120041574, 38.555128091677524], [28.233076120041574, 38.55351112416611]]]}, "id": "+386341+84317", "properties": {"area_ha": 12.920613252971519, "count": 46, "label": 1, "mean_dnbr": 0.5637254161745509}}, {"type": "Feature", "geometry": {"geodesic": false, "type": "Polygon", "coordinates": [[[28.233076120041574, 37.866838920985145], [28.234154098382533, 37.866838920985145], [28.234154098382533, 37.86791689932609], [28.233076120041574, 37.86791689932609], [28.233076120041574, 37.86845588849656], [28.233615109212053, 37.86845588849656], [28.233615109212053, 37.868994877667035], [28.234154098382533, 37.868994877667035], [28.234154098382533, 37.86953386683751], [28.234693087552984, 37.86953386683751], [28.234693087552984, 37.87007285600797], [28.235232076723463, 37.87007285600797], [28.235232076723463, 37.870611845178445], [28.233076120041574, 37.870611845178445], [28.233076120041574, 37.87168982351939], [28.231998141700643, 37.87168982351939], [28.231998141700643, 37.87222881268986], [28.231459152530164, 37.87222881268986], [28.231459152530164, 37.87168982351939], [28.231998141700643, 37.87168982351939], [28.231998141700643, 37.87115083434892], [28.232537130871094, 37.87115083434892], [28.232537130871094, 37.87007285600797], [28.230920163359684, 37.87007285600797], [28.230920163359684, 37.870611845178445], [28.231459152530164, 37.870611845178445], [28.231459152530164, 37.87115083434892], [28.229842185018754, 37.87115083434892], [28.229842185018754, 37.87007285600797], [28.230381174189233, 37.87007285600797], [28.230381174189233, 37.868994877667035], [28.230920163359684, 37.868994877667035], [28.230920163359684, 37.86845588849656], [28.230381174189233, 37.86845588849656], [28.230381174189233, 37.86737791015562], [28.230920163359684, 37.86737791015562], [28.230920163359684, 37.86845588849656], [28.231459152530164, 37.86845588849656], [28.231459152530164, 37.868994877667035], [28.233076120041574, 37.868994877667035], [28.233076120041574, 37.86845588849656], [28.232537130871094, 37.86845588849656], [28.232537130871094, 37.86791689932609], [28.233076120041574, 37.86791689932609], [28.233076120041574, 37.866838920985145]]]}, "id": "+386341+85591", "properties": {"area_ha": 10.775006263431838, "count": 38, "label": 1, "mean_dnbr": 0.3822033676964235}}, {"type": "Feature", "geometry": {"geodesic": false, "type": "Polygon", "coordinates": [[[28.233076120041574, 38.21933783847365], [28.234693087552984, 38.21933783847365], [28.234693087552984, 38.219876827644114], [28.235232076723463, 38.219876827644114], [28.235232076723463, 38.22095480598506], [28.232537130871094, 38.22095480598506], [28.232537130871094, 38.22041581681459], [28.233076120041574, 38.22041581681459], [28.233076120041574, 38.21933783847365]]]}, "id": "+386342+84937", "properties": {"area_ha": 3.386384689621361, "count": 12, "label": 1, "mean_dnbr": 0.3723721178950388}}, {"type": "Feature", "geometry": {"geodesic": false, "type": "Polygon", "coordinates": [[[28.233615109212053, 38.20855805506421], [28.234693087552984, 38.20855805506421], [28.234693087552984, 38.210175022575626], [28.235771065893942, 38.210175022575626], [28.235771065893942, 38.209636033405154], [28.237927022575832, 38.209636033405154], [28.237927022575832, 38.2107140117461], [28.24008297925772, 38.2107140117461], [28.24008297925772, 38.21125300091657], [28.239543990087242, 38.21125300091657], [28.239543990087242, 38.21179199008704], [28.238466011746283, 38.21179199008704], [28.238466011746283, 38.21125300091657], [28.237927022575832, 38.21125300091657], [28.237927022575832, 38.2107140117461], [28.234154098382533, 38.2107140117461], [28.234154098382533, 38.21125300091657], [28.235232076723463, 38.21125300091657], [28.235232076723463, 38.21286996842799], [28.236849044234873, 38.21286996842799], [28.236849044234873, 38.21340895759846], [28.237388033405352, 38.21340895759846], [28.237388033405352, 38.213947946768926], [28.236310055064422, 38.213947946768926], [28.236310055064422, 38.2144869359394], [28.237927022575832, 38.2144869359394], [28.237927022575832, 38.21502592510987], [28.239005000916762, 38.21502592510987], [28.239005000916762, 38.216103903450815], [28.238466011746283, 38.216103903450815], [28.238466011746283, 38.21664289262129], [28.239005000916762, 38.21664289262129], [28.239005000916762, 38.218259860132704], [28.238466011746283, 38.218259860132704], [28.238466011746283, 38.21772087096223], [28.237927022575832, 38.21772087096223], [28.237927022575832, 38.21664289262129], [28.237388033405352, 38.21664289262129], [28.237388033405352, 38.216103903450815], [28.236849044234873, 38.216103903450815], [28.236849044234873, 38.21556491428034], [28.236310055064422, 38.21556491428034], [28.236310055064422, 38.21502592510987], [28.231998141700643, 38.21502592510987], [28.231998141700643, 38.213947946768926], [28.235232076723463, 38.213947946768926], [28.235232076723463, 38.21286996842799], [28.233615109212053, 38.21286996842799], [28.233615109212053, 38.21179199008704], [28.232537130871094, 38.21179199008704], [28.232537130871094, 38.2107140117461], [28.233076120041574, 38.2107140117461], [28.233076120041574, 38.20909704423468], [28.233615109212053, 38.20909704423468], [28.233615109212053, 38.20855805506421]]]}, "id": "+386342+84957", "properties": {"area_ha": 23.424838161468717, "count": 83, "label": 1, "mean_dnbr": 0.42278413262467324}}, {"type": "Feature", "geometry": {"geodesic": false, "type": "Polygon", "coordinates": [[[28.234154098382533, 38.14711328963044], [28.234693087552984, 38.14711328963044], [28.234693087552984, 38.147652278800905], [28.237927022575832, 38.147652278800905], [28.237927022575832, 38.14819126797138], [28.236849044234873, 38.14819126797138], [28.236849044234873, 38.14873025714185], [28.235771065893942, 38.14873025714185], [28.235771065893942, 38.149808235482794], [28.234154098382533, 38.149808235482794], [28.234154098382533, 38.14873025714185], [28.235232076723463, 38.14873025714185], [28.235232076723463, 38.14819126797138], [28.234154098382533, 38.14819126797138], [28.234154098382533, 38.14711328963044]]]}, "id": "+386342+85071", "properties": {"area_ha": 4.8020738395582745, "count": 17, "label": 1, "mean_dnbr": 0.36874973598034055}}, {"type": "Feature", "geometry": {"geodesic": false, "type": "Polygon", "coordinates": [[[28.233076120041574, 38.50122917463035], [28.235232076723463, 38.50122917463035], [28.235232076723463, 38.501768163800826], [28.235771065893942, 38.501768163800826], [28.235771065893942, 38.503385131312236], [28.235232076723463, 38.503385131312236], [28.235232076723463, 38.50392412048271], [28.234693087552984, 38.50392412048271], [28.234693087552984, 38.503385131312236], [28.233076120041574, 38.503385131312236], [28.233076120041574, 38.50284614214177], [28.231998141700643, 38.50284614214177], [28.231998141700643, 38.501768163800826], [28.233076120041574, 38.501768163800826], [28.233076120041574, 38.50122917463035]]]}, "id": "+386343+84414", "properties": {"area_ha": 6.74639729472896, "count": 24, "label": 1, "mean_dnbr": 0.350659117458592}}, {"type": "Feature", "geometry": {"geodesic": false, "type": "Polygon", "coordinates": [[[28.233615109212053, 38.216103903450815], [28.235232076723463, 38.216103903450815], [28.235232076723463, 38.21664289262129], [28.234693087552984, 38.21664289262129], [28.234693087552984, 38.21718188179176], [28.235771065893942, 38.21718188179176], [28.235771065893942, 38.218259860132704], [28.233615109212053, 38.218259860132704], [28.233615109212053, 38.21772087096223], [28.234154098382533, 38.21772087096223], [28.234154098382533, 38.21718188179176], [28.233615109212053, 38.21718188179176], [28.233615109212053, 38.216103903450815]]]}, "id": "+386343+84943", "properties": {"area_ha": 3.386515563861833, "count": 12, "label": 1, "mean_dnbr": 0.3930168706711564}}, {"type": "Feature", "geometry": {"geodesic": false, "type": "Polygon", "coordinates": [[[28.233615109212053, 38.19454433663195], [28.235232076723463, 38.19454433663195], [28.235232076723463, 38.19508332580242], [28.234693087552984, 38.19508332580242], [28.234693087552984, 38.19616130414336], [28.235232076723463, 38.19616130414336], [28.235232076723463, 38.19670029331383], [28.235771065893942, 38.19670029331383], [28.235771065893942, 38.197239282484304], [28.236310055064422, 38.197239282484304], [28.236310055064422, 38.19777827165478], [28.235771065893942, 38.19777827165478], [28.235771065893942, 38.19831726082525], [28.235232076723463, 38.19831726082525], [28.235232076723463, 38.19777827165478], [28.234154098382533, 38.19777827165478], [28.234154098382533, 38.197239282484304], [28.233615109212053, 38.197239282484304], [28.233615109212053, 38.19616130414336], [28.233076120041574, 38.19616130414336], [28.233076120041574, 38.19562231497289], [28.233615109212053, 38.19562231497289], [28.233615109212053, 38.19454433663195]]]}, "id": "+386343+84983", "properties": {"area_ha": 5.645803588391494, "count": 20, "label": 1, "mean_dnbr": 0.45892404151693833}}, {"type": "Feature", "geometry": {"geodesic": false, "type": "Polygon", "coordinates": [[[28.234693087552984, 38.23389054607638], [28.235771065893942, 38.23389054607638], [28.235771065893942, 38.234968524417326], [28.236310055064422, 38.234968524417326], [28.236310055064422, 38.23604650275827], [28.236849044234873, 38.23604650275827], [28.236849044234873, 38.23820245944015], [28.236310055064422, 38.23820245944015], [28.236310055064422, 38.23766347026969], [28.235232076723463, 38.23766347026969], [28.235232076723463, 38.23820245944015], [28.234154098382533, 38.23820245944015], [28.234154098382533, 38.23766347026969], [28.235232076723463, 38.23766347026969], [28.235232076723463, 38.237124481099215], [28.236310055064422, 38.237124481099215], [28.236310055064422, 38.23658549192874], [28.235771065893942, 38.23658549192874], [28.235771065893942, 38.23604650275827], [28.234693087552984, 38.23604650275827], [28.234693087552984, 38.2355075135878], [28.234154098382533, 38.2355075135878], [28.234154098382533, 38.234968524417326], [28.234693087552984, 38.234968524417326], [28.234693087552984, 38.23389054607638]]]}, "id": "+386344+84910", "properties": {"area_ha": 5.642728520432578, "count": 20, "label": 1, "mean_dnbr": 0.4383738658396611}}, {"type": "Feature", "geometry": {"geodesic": false, "type": "Polygon", "coordinates": [[[28.235232076723463, 38.19885624999572], [28.235771065893942, 38.19885624999572], [28.235771065893942, 38.19939523916619], [28.236310055064422, 38.19939523916619], [28.236310055064422, 38.199934228336666], [28.237388033405352, 38.199934228336666], [28.237388033405352, 38.19939523916619], [28.24008297925772, 38.19939523916619], [28.24008297925772, 38.20262917418902], [28.240621968428172, 38.20262917418902], [28.240621968428172, 38.20316816335949], [28.24008297925772, 38.20316816335949], [28.24008297925772, 38.203707152529965], [28.24169994676913, 38.203707152529965], [28.24169994676913, 38.205863109211855], [28.24223893593961, 38.205863109211855], [28.24223893593961, 38.20640209838233], [28.24116095759865, 38.20640209838233], [28.24116095759865, 38.2069410875528], [28.240621968428172, 38.2069410875528], [28.240621968428172, 38.20424614170044], [28.237388033405352, 38.20424614170044], [28.237388033405352, 38.203707152529965], [28.237927022575832, 38.203707152529965], [28.237927022575832, 38.20316816335949], [28.238466011746283, 38.20316816335949], [28.238466011746283, 38.20262917418902], [28.239543990087242, 38.20262917418902], [28.239543990087242, 38.20209018501855], [28.238466011746283, 38.20209018501855], [28.238466011746283, 38.20155119584808], [28.237388033405352, 38.20155119584808], [28.237388033405352, 38.20101220667761], [28.235771065893942, 38.20101220667761], [28.235771065893942, 38.20047321750714], [28.235232076723463, 38.20047321750714], [28.235232076723463, 38.19885624999572]], [[28.239005000916762, 38.20101220667761], [28.239005000916762, 38.20155119584808], [28.238466011746283, 38.20155119584808], [28.238466011746283, 38.20101220667761], [28.239005000916762, 38.20101220667761]]]}, "id": "+386344+84975", "properties": {"area_ha": 16.653809837999194, "count": 59, "label": 1, "mean_dnbr": 0.44688145788911593}}, {"type": "Feature", "geometry": {"geodesic": false, "type": "Polygon", "coordinates": [[[28.234693087552984, 38.15951004055128], [28.236310055064422, 38.15951004055128], [28.236310055064422, 38.1611270080627], [28.236849044234873, 38.1611270080627], [28.236849044234873, 38.16166599723317], [28.235771065893942, 38.16166599723317], [28.235771065893942, 38.162204986403644], [28.235232076723463, 38.162204986403644], [28.235232076723463, 38.16166599723317], [28.234154098382533, 38.16166599723317], [28.234154098382533, 38.162204986403644], [28.233076120041574, 38.162204986403644], [28.233076120041574, 38.16166599723317], [28.231459152530164, 38.16166599723317], [28.231459152530164, 38.1611270080627], [28.231998141700643, 38.1611270080627], [28.231998141700643, 38.16058801889223], [28.234693087552984, 38.16058801889223], [28.234693087552984, 38.15951004055128]]]}, "id": "+386345+85048", "properties": {"area_ha": 7.625530960265755, "count": 27, "label": 1, "mean_dnbr": 0.3888569907024145}}, {"type": "Feature", "geometry": {"geodesic": false, "type": "Polygon", "coordinates": [[[28.236310055064422, 38.57345372347356], [28.236849044234873, 38.57345372347356], [28.236849044234873, 38.57614866932592], [28.236310055064422, 38.57614866932592], [28.236310055064422, 38.57668765849639], [28.235771065893942, 38.57668765849639], [28.235771065893942, 38.57614866932592], [28.235232076723463, 38.57614866932592], [28.235232076723463, 38.575609680155445], [28.235771065893942, 38.575609680155445], [28.235771065893942, 38.573992712644035], [28.236310055064422, 38.573992712644035], [28.236310055064422, 38.57345372347356]]]}, "id": "+386346+84280", "properties": {"area_ha": 3.0889749118959102, "count": 11, "label": 1, "mean_dnbr": 0.49079523940869646}}, {"type": "Feature", "geometry": {"geodesic": false, "type": "Polygon", "coordinates": [[[28.236310055064422, 38.222032784326004], [28.236849044234873, 38.222032784326004], [28.236849044234873, 38.22418874100789], [28.235771065893942, 38.22418874100789], [28.235771065893942, 38.224727730178365], [28.234693087552984, 38.224727730178365], [28.234693087552984, 38.22526671934884], [28.233615109212053, 38.22526671934884], [28.233615109212053, 38.22418874100789], [28.231459152530164, 38.22418874100789], [28.231459152530164, 38.22364975183742], [28.230920163359684, 38.22364975183742], [28.230920163359684, 38.22311076266695], [28.231459152530164, 38.22311076266695], [28.231459152530164, 38.222571773496476], [28.231998141700643, 38.222571773496476], [28.231998141700643, 38.22311076266695], [28.233076120041574, 38.22311076266695], [28.233076120041574, 38.222571773496476], [28.233615109212053, 38.222571773496476], [28.233615109212053, 38.222032784326004], [28.234693087552984, 38.222032784326004], [28.234693087552984, 38.222571773496476], [28.235232076723463, 38.222571773496476], [28.235232076723463, 38.22364975183742], [28.236310055064422, 38.22364975183742], [28.236310055064422, 38.222032784326004]]]}, "id": "+386346+84932", "properties": {"area_ha": 9.594294097438619, "count": 34, "label": 1, "mean_dnbr": 0.4936595013506822}}, {"type": "Feature", "geometry": {"geodesic": false, "type": "Polygon", "coordinates": [[[28.235232076723463, 38.20316816335949], [28.236849044234873, 38.20316816335949], [28.236849044234873, 38.20532412004138], [28.239005000916762, 38.20532412004138], [28.239005000916762, 38.205863109211855], [28.238466011746283, 38.205863109211855], [28.238466011746283, 38.20640209838233], [28.237927022575832, 38.20640209838233], [28.237927022575832, 38.2069410875528], [28.236849044234873, 38.2069410875528], [28.236849044234873, 38.20748007672327], [28.237927022575832, 38.20748007672327], [28.237927022575832, 38.20909704423468], [28.236849044234873, 38.20909704423468], [28.236849044234873, 38.20855805506421], [28.236310055064422, 38.20855805506421], [28.236310055064422, 38.20909704423468], [28.235232076723463, 38.20909704423468], [28.235232076723463, 38.20855805506421], [28.236310055064422, 38.20855805506421], [28.236310055064422, 38.20801906589374], [28.236849044234873, 38.20801906589374], [28.236849044234873, 38.20748007672327], [28.231998141700643, 38.20748007672327], [28.231998141700643, 38.20640209838233], [28.231459152530164, 38.20640209838233], [28.231459152530164, 38.20532412004138], [28.233076120041574, 38.20532412004138], [28.233076120041574, 38.20424614170044], [28.234154098382533, 38.20424614170044], [28.234154098382533, 38.20478513087091], [28.234693087552984, 38.20478513087091], [28.234693087552984, 38.20424614170044], [28.235232076723463, 38.20424614170044], [28.235232076723463, 38.20316816335949]], [[28.235232076723463, 38.20532412004138], [28.235232076723463, 38.20640209838233], [28.234693087552984, 38.20640209838233], [28.234693087552984, 38.20532412004138], [28.235232076723463, 38.20532412004138]]]}, "id": "+386346+84967", "properties": {"area_ha": 20.604512962463165, "count": 73, "label": 1, "mean_dnbr": 0.46736945850635364}}, {"type": "Feature", "geometry": {"geodesic": false, "type": "Polygon", "coordinates": [[[28.235771065893942, 38.49691726126658], [28.237388033405352, 38.49691726126658], [28.237388033405352, 38.49745625043705], [28.237927022575832, 38.49745625043705], [28.237927022575832, 38.49853422877799], [28.239543990087242, 38.49853422877799], [28.239543990087242, 38.499612207118936], [28.236310055064422, 38.499612207118936], [28.236310055064422, 38.499073217948464], [28.234693087552984, 38.499073217948464], [28.234693087552984, 38.49799523960752], [28.235232076723463, 38.49799523960752], [28.235232076723463, 38.49745625043705], [28.235771065893942, 38.49745625043705], [28.235771065893942, 38.49691726126658]]]}, "id": "+386347+84422", "properties": {"area_ha": 8.152368012961146, "count": 29, "label": 1, "mean_dnbr": 0.478320814625273}}, {"type": "Feature", "geometry": {"geodesic": false, "type": "Polygon", "coordinates": [[[28.236849044234873, 38.15088621382374], [28.237388033405352, 38.15088621382374], [28.237388033405352, 38.151964192164684], [28.24008297925772, 38.151964192164684], [28.24008297925772, 38.152503181335156], [28.239005000916762, 38.152503181335156], [28.239005000916762, 38.15304217050563], [28.239543990087242, 38.15304217050563], [28.239543990087242, 38.153581159676094], [28.239005000916762, 38.153581159676094], [28.239005000916762, 38.154120148846566], [28.237388033405352, 38.154120148846566], [28.237388033405352, 38.15519812718751], [28.237927022575832, 38.15519812718751], [28.237927022575832, 38.156276105528455], [28.239543990087242, 38.156276105528455], [28.239543990087242, 38.1573540838694], [28.238466011746283, 38.1573540838694], [28.238466011746283, 38.158432062210345], [28.239005000916762, 38.158432062210345], [28.239005000916762, 38.15897105138082], [28.238466011746283, 38.15897105138082], [28.238466011746283, 38.15951004055128], [28.237388033405352, 38.15951004055128], [28.237388033405352, 38.15897105138082], [28.237927022575832, 38.15897105138082], [28.237927022575832, 38.158432062210345], [28.236310055064422, 38.158432062210345], [28.236310055064422, 38.1573540838694], [28.235771065893942, 38.1573540838694], [28.235771065893942, 38.15897105138082], [28.235232076723463, 38.15897105138082], [28.235232076723463, 38.158432062210345], [28.232537130871094, 38.158432062210345], [28.232537130871094, 38.15789307303987], [28.233615109212053, 38.15789307303987], [28.233615109212053, 38.1573540838694], [28.234693087552984, 38.1573540838694], [28.234693087552984, 38.15681509469893], [28.233076120041574, 38.15681509469893], [28.233076120041574, 38.156276105528455], [28.232537130871094, 38.156276105528455], [28.232537130871094, 38.1573540838694], [28.231459152530164, 38.1573540838694], [28.231459152530164, 38.15681509469893], [28.229303195848274, 38.15681509469893], [28.229303195848274, 38.15573711635798], [28.230381174189233, 38.15573711635798], [28.230381174189233, 38.156276105528455], [28.231998141700643, 38.156276105528455], [28.231998141700643, 38.15519812718751], [28.233615109212053, 38.15519812718751], [28.233615109212053, 38.15465913801704], [28.231459152530164, 38.15465913801704], [28.231459152530164, 38.15519812718751], [28.229842185018754, 38.15519812718751], [28.229842185018754, 38.15465913801704], [28.231459152530164, 38.15465913801704], [28.231459152530164, 38.154120148846566], [28.231998141700643, 38.154120148846566], [28.231998141700643, 38.153581159676094], [28.233615109212053, 38.153581159676094], [28.233615109212053, 38.15304217050563], [28.234693087552984, 38.15304217050563], [28.234693087552984, 38.15465913801704], [28.235232076723463, 38.15465913801704], [28.235232076723463, 38.15519812718751], [28.234693087552984, 38.15519812718751], [28.234693087552984, 38.15681509469893], [28.235232076723463, 38.15681509469893], [28.235232076723463, 38.156276105528455], [28.236310055064422, 38.156276105528455], [28.236310055064422, 38.15573711635798], [28.235771065893942, 38.15573711635798], [28.235771065893942, 38.15519812718751], [28.236849044234873, 38.15519812718751], [28.236849044234873, 38.153581159676094], [28.235771065893942, 38.153581159676094], [28.235771065893942, 38.15304217050563], [28.235232076723463, 38.15304217050563], [28.235232076723463, 38.152503181335156], [28.235771065893942, 38.152503181335156], [28.235771065893942, 38.15304217050563], [28.237388033405352, 38.15304217050563], [28.237388033405352, 38.152503181335156], [28.236310055064422, 38.152503181335156], [28.236310055064422, 38.151964192164684], [28.235771065893942, 38.151964192164684], [28.235771065893942, 38.15142520299421], [28.236849044234873, 38.15142520299421], [28.236849044234873, 38.15088621382374]], [[28.235771065893942, 38.15681509469893], [28.235771065893942, 38.1573540838694], [28.235232076723463, 38.1573540838694], [28.235232076723463, 38.15681509469893], [28.235771065893942, 38.15681509469893]], [[28.237927022575832, 38.15681509469893], [28.237927022575832, 38.1573540838694], [28.237388033405352, 38.1573540838694], [28.237388033405352, 38.15681509469893], [28.237927022575832, 38.15681509469893]], [[28.238466011746283, 38.15304217050563], [28.238466011746283, 38.153581159676094], [28.237927022575832, 38.153581159676094], [28.237927022575832, 38.15304217050563], [28.238466011746283, 38.15304217050563]]]}, "id": "+386347+85064", "properties": {"area_ha": 32.19915209790208, "count": 114, "label": 1, "mean_dnbr": 0.4078713252392435}}, {"type": "Feature", "geometry": {"geodesic": false, "type": "Polygon", "coordinates": [[[28.234693087552984, 37.85282520255288], [28.237388033405352, 37.85282520255288], [28.237388033405352, 37.85390318089382], [28.235232076723463, 37.85390318089382], [28.235232076723463, 37.85498115923477], [28.234693087552984, 37.85498115923477], [28.234693087552984, 37.85282520255288]]]}, "id": "+386347+85617", "properties": {"area_ha": 3.403365609069112, "count": 12, "label": 1, "mean_dnbr": 0.55422313699516}}, {"type": "Feature", "geometry": {"geodesic": false, "type": "Polygon", "coordinates": [[[28.237927022575832, 38.13471653870959], [28.238466011746283, 38.13471653870959], [28.238466011746283, 38.13579451705053], [28.239005000916762, 38.13579451705053], [28.239005000916762, 38.13795047373242], [28.238466011746283, 38.13795047373242], [28.238466011746283, 38.13848946290289], [28.237927022575832, 38.13848946290289], [28.237927022575832, 38.13902845207336], [28.237388033405352, 38.13902845207336], [28.237388033405352, 38.139567441243834], [28.236310055064422, 38.139567441243834], [28.236310055064422, 38.13795047373242], [28.236849044234873, 38.13795047373242], [28.236849044234873, 38.137411484561945], [28.237927022575832, 38.137411484561945], [28.237927022575832, 38.136333506221], [28.237388033405352, 38.136333506221], [28.237388033405352, 38.13687249539147], [28.236310055064422, 38.13687249539147], [28.236310055064422, 38.13579451705053], [28.237388033405352, 38.13579451705053], [28.237388033405352, 38.13525552788006], [28.237927022575832, 38.13525552788006], [28.237927022575832, 38.13471653870959]], [[28.238466011746283, 38.13579451705053], [28.238466011746283, 38.136333506221], [28.237927022575832, 38.136333506221], [28.237927022575832, 38.13579451705053], [28.238466011746283, 38.13579451705053]]]}, "id": "+386349+85094", "properties": {"area_ha": 7.345501718638945, "count": 26, "label": 1, "mean_dnbr": 0.50684932414688}}, {"type": "Feature", "geometry": {"geodesic": false, "type": "Polygon", "coordinates": [[[28.237388033405352, 38.579921593519224], [28.240621968428172, 38.579921593519224], [28.240621968428172, 38.580460582689696], [28.24008297925772, 38.580460582689696], [28.24008297925772, 38.581538561030634], [28.238466011746283, 38.581538561030634], [28.238466011746283, 38.582077550201106], [28.236310055064422, 38.582077550201106], [28.236310055064422, 38.581538561030634], [28.236849044234873, 38.581538561030634], [28.236849044234873, 38.58099957186017], [28.237388033405352, 38.58099957186017], [28.237388033405352, 38.579921593519224]]]}, "id": "+386353+84268", "properties": {"area_ha": 5.896644968463351, "count": 21, "label": 1, "mean_dnbr": 0.21228868492578581}}, {"type": "Feature", "geometry": {"geodesic": false, "type": "Polygon", "coordinates": [[[28.24008297925772, 38.499612207118936], [28.24116095759865, 38.499612207118936], [28.24116095759865, 38.50122917463035], [28.24223893593961, 38.50122917463035], [28.24223893593961, 38.5023071529713], [28.24169994676913, 38.5023071529713], [28.24169994676913, 38.50284614214177], [28.240621968428172, 38.50284614214177], [28.240621968428172, 38.5023071529713], [28.239543990087242, 38.5023071529713], [28.239543990087242, 38.50122917463035], [28.24008297925772, 38.50122917463035], [28.24008297925772, 38.499612207118936]]]}, "id": "+386354+84417", "properties": {"area_ha": 5.05987028722094, "count": 18, "label": 1, "mean_dnbr": 0.5295565274169317}}, {"type": "Feature", "geometry": {"geodesic": false, "type": "Polygon", "coordinates": [[[28.240621968428172, 37.87654072605363], [28.24169994676913, 37.87654072605363], [28.24169994676913, 37.877079715224106], [28.24223893593961, 37.877079715224106], [28.24223893593961, 37.87761870439458], [28.24277792511006, 37.87761870439458], [28.24277792511006, 37.87815769356505], [28.24331691428054, 37.87815769356505], [28.24331691428054, 37.87869668273552], [28.24008297925772, 37.87869668273552], [28.24008297925772, 37.877079715224106], [28.240621968428172, 37.877079715224106], [28.240621968428172, 37.87654072605363]]]}, "id": "+386355+85573", "properties": {"area_ha": 4.819877348342982, "count": 17, "label": 1, "mean_dnbr": 0.4149197368271992}}, {"type": "Feature", "geometry": {"geodesic": false, "type": "Polygon", "coordinates": [[[28.24116095759865, 38.22095480598506], [28.24223893593961, 38.22095480598506], [28.24223893593961, 38.22149379515553], [28.24439489262147, 38.22149379515553], [28.24439489262147, 38.222032784326004], [28.24385590345102, 38.222032784326004], [28.24385590345102, 38.222571773496476], [28.24493388179195, 38.222571773496476], [28.24493388179195, 38.22364975183742], [28.24385590345102, 38.22364975183742], [28.24385590345102, 38.22418874100789], [28.24439489262147, 38.22418874100789], [28.24439489262147, 38.224727730178365], [28.24493388179195, 38.224727730178365], [28.24493388179195, 38.22418874100789], [28.24547287096243, 38.22418874100789], [28.24547287096243, 38.224727730178365], [28.24493388179195, 38.224727730178365], [28.24493388179195, 38.22526671934884], [28.24385590345102, 38.22526671934884], [28.24385590345102, 38.226344697689775], [28.24331691428054, 38.226344697689775], [28.24331691428054, 38.22688368686025], [28.24169994676913, 38.22688368686025], [28.24169994676913, 38.226344697689775], [28.24116095759865, 38.226344697689775], [28.24116095759865, 38.2258057085193], [28.24008297925772, 38.2258057085193], [28.24008297925772, 38.226344697689775], [28.237927022575832, 38.226344697689775], [28.237927022575832, 38.2258057085193], [28.236310055064422, 38.2258057085193], [28.236310055064422, 38.22526671934884], [28.236849044234873, 38.22526671934884], [28.236849044234873, 38.224727730178365], [28.238466011746283, 38.224727730178365], [28.238466011746283, 38.22364975183742], [28.239005000916762, 38.22364975183742], [28.239005000916762, 38.224727730178365], [28.240621968428172, 38.224727730178365], [28.240621968428172, 38.22364975183742], [28.24223893593961, 38.22364975183742], [28.24223893593961, 38.22311076266695], [28.24169994676913, 38.22311076266695], [28.24169994676913, 38.222032784326004], [28.24223893593961, 38.222032784326004], [28.24223893593961, 38.22149379515553], [28.24116095759865, 38.22149379515553], [28.24116095759865, 38.22095480598506]], [[28.24331691428054, 38.22418874100789], [28.24331691428054, 38.224727730178365], [28.24116095759865, 38.224727730178365], [28.24116095759865, 38.22418874100789], [28.24331691428054, 38.22418874100789]], [[28.24385590345102, 38.22311076266695], [28.24385590345102, 38.22364975183742], [28.24331691428054, 38.22364975183742], [28.24331691428054, 38.22311076266695], [28.24385590345102, 38.22311076266695]]]}, "id": "+386356+84934", "properties": {"area_ha": 20.599245181847774, "count": 73, "label": 1, "mean_dnbr": 0.48144163344664553}}, {"type": "Feature", "geometry": {"geodesic": false, "type": "Polygon", "coordinates": [[[28.240621968428172, 38.19777827165478], [28.24385590345102, 38.19777827165478], [28.24385590345102, 38.19831726082525], [28.24331691428054, 38.19831726082525], [28.24331691428054, 38.19885624999572], [28.24008297925772, 38.19885624999572], [28.24008297925772, 38.19831726082525], [28.240621968428172, 38.19831726082525], [28.240621968428172, 38.19777827165478]]]}, "id": "+386359+84977", "properties": {"area_ha": 3.3873943029717704, "count": 12, "label": 1, "mean_dnbr": 0.44812165797024134}}, {"type": "Feature", "geometry": {"geodesic": false, "type": "Polygon", "coordinates": [[[28.24277792511006, 38.13795047373242], [28.24385590345102, 38.13795047373242], [28.24385590345102, 38.13902845207336], [28.24331691428054, 38.13902845207336], [28.24331691428054, 38.139567441243834], [28.24277792511006, 38.139567441243834], [28.24277792511006, 38.140106430414306], [28.24223893593961, 38.140106430414306], [28.24223893593961, 38.14118440875525], [28.24169994676913, 38.14118440875525], [28.24169994676913, 38.14064541958478], [28.24116095759865, 38.14064541958478], [28.24116095759865, 38.140106430414306], [28.24169994676913, 38.140106430414306], [28.24169994676913, 38.13902845207336], [28.24277792511006, 38.13902845207336], [28.24277792511006, 38.13795047373242]]]}, "id": "+386359+85088", "properties": {"area_ha": 3.390130589811378, "count": 12, "label": 1, "mean_dnbr": 0.2882936883233815}}, {"type": "Feature", "geometry": {"geodesic": false, "type": "Polygon", "coordinates": [[[28.24008297925772, 38.21933783847365], [28.24439489262147, 38.21933783847365], [28.24439489262147, 38.22041581681459], [28.24223893593961, 38.22041581681459], [28.24223893593961, 38.219876827644114], [28.24169994676913, 38.219876827644114], [28.24169994676913, 38.22041581681459], [28.24008297925772, 38.22041581681459], [28.24008297925772, 38.22095480598506], [28.239005000916762, 38.22095480598506], [28.239005000916762, 38.22149379515553], [28.238466011746283, 38.22149379515553], [28.238466011746283, 38.22095480598506], [28.237927022575832, 38.22095480598506], [28.237927022575832, 38.22041581681459], [28.236310055064422, 38.22041581681459], [28.236310055064422, 38.21933783847365], [28.239543990087242, 38.21933783847365], [28.239543990087242, 38.22041581681459], [28.24008297925772, 38.22041581681459], [28.24008297925772, 38.21933783847365]]]}, "id": "+386360+84937", "properties": {"area_ha": 9.030295001555665, "count": 32, "label": 1, "mean_dnbr": 0.4631966838795874}}, {"type": "Feature", "geometry": {"geodesic": false, "type": "Polygon", "coordinates": [[[28.24331691428054, 38.21340895759846], [28.24439489262147, 38.21340895759846], [28.24439489262147, 38.213947946768926], [28.24493388179195, 38.213947946768926], [28.24493388179195, 38.2144869359394], [28.24547287096243, 38.2144869359394], [28.24547287096243, 38.213947946768926], [28.24655084930336, 38.213947946768926], [28.24655084930336, 38.2144869359394], [28.24708983847384, 38.2144869359394], [28.24708983847384, 38.21502592510987], [28.24762882764432, 38.21502592510987], [28.24762882764432, 38.216103903450815], [28.24601186013291, 38.216103903450815], [28.24601186013291, 38.21556491428034], [28.24547287096243, 38.21556491428034], [28.24547287096243, 38.21502592510987], [28.24331691428054, 38.21502592510987], [28.24331691428054, 38.21556491428034], [28.24223893593961, 38.21556491428034], [28.24223893593961, 38.21502592510987], [28.24331691428054, 38.21502592510987], [28.24331691428054, 38.21340895759846]]]}, "id": "+386360+84948", "properties": {"area_ha": 6.491041149598465, "count": 23, "label": 1, "mean_dnbr": 0.38203108578939016}}, {"type": "Feature", "geometry": {"geodesic": false, "type": "Polygon", "coordinates": [[[28.24439489262147, 38.22796166520119], [28.24493388179195, 38.22796166520119], [28.24493388179195, 38.228500654371665], [28.24547287096243, 38.228500654371665], [28.24547287096243, 38.23011762188308], [28.24655084930336, 38.23011762188308], [28.24655084930336, 38.230656611053554], [28.24547287096243, 38.230656611053554], [28.24547287096243, 38.23011762188308], [28.24439489262147, 38.23011762188308], [28.24439489262147, 38.22957863271261], [28.24331691428054, 38.22957863271261], [28.24331691428054, 38.23011762188308], [28.24385590345102, 38.23011762188308], [28.24385590345102, 38.23119560022403], [28.24547287096243, 38.23119560022403], [28.24547287096243, 38.2317345893945], [28.24439489262147, 38.2317345893945], [28.24439489262147, 38.232273578564964], [28.24331691428054, 38.232273578564964], [28.24331691428054, 38.23119560022403], [28.24223893593961, 38.23119560022403], [28.24223893593961, 38.23011762188308], [28.24277792511006, 38.23011762188308], [28.24277792511006, 38.22957863271261], [28.24223893593961, 38.22957863271261], [28.24223893593961, 38.22903964354214], [28.24277792511006, 38.22903964354214], [28.24277792511006, 38.22796166520119], [28.24385590345102, 38.22796166520119], [28.24385590345102, 38.228500654371665], [28.24439489262147, 38.228500654371665], [28.24439489262147, 38.22796166520119]]]}, "id": "+386361+84921", "properties": {"area_ha": 8.74696539018745, "count": 31, "label": 1, "mean_dnbr": 0.4446869520719405}}, {"type": "Feature", "geometry": {"geodesic": false, "type": "Polygon", "coordinates": [[[28.24169994676913, 38.216103903450815], [28.24493388179195, 38.216103903450815], [28.24493388179195, 38.21664289262129], [28.24547287096243, 38.21664289262129], [28.24547287096243, 38.21718188179176], [28.24439489262147, 38.21718188179176], [28.24439489262147, 38.218259860132704], [28.24223893593961, 38.218259860132704], [28.24223893593961, 38.21718188179176], [28.24008297925772, 38.21718188179176], [28.24008297925772, 38.21664289262129], [28.24169994676913, 38.21664289262129], [28.24169994676913, 38.216103903450815]]]}, "id": "+386361+84943", "properties": {"area_ha": 6.773033966680452, "count": 24, "label": 1, "mean_dnbr": 0.4396725177055333}}, {"type": "Feature", "geometry": {"geodesic": false, "type": "Polygon", "coordinates": [[[28.24385590345102, 38.139567441243834], [28.24547287096243, 38.139567441243834], [28.24547287096243, 38.14064541958478], [28.2481678168148, 38.14064541958478], [28.2481678168148, 38.141723397925716], [28.24762882764432, 38.141723397925716], [28.24762882764432, 38.14226238709619], [28.24655084930336, 38.14226238709619], [28.24655084930336, 38.141723397925716], [28.24439489262147, 38.141723397925716], [28.24439489262147, 38.14064541958478], [28.24385590345102, 38.14064541958478], [28.24385590345102, 38.14226238709619], [28.24331691428054, 38.14226238709619], [28.24331691428054, 38.141723397925716], [28.24277792511006, 38.141723397925716], [28.24277792511006, 38.14064541958478], [28.24385590345102, 38.14064541958478], [28.24385590345102, 38.139567441243834]]]}, "id": "+386362+85085", "properties": {"area_ha": 7.6276202274279274, "count": 27, "label": 1, "mean_dnbr": 0.4215643320826641}}, {"type": "Feature", "geometry": {"geodesic": false, "type": "Polygon", "coordinates": [[[28.24547287096243, 38.20262917418902], [28.24655084930336, 38.20262917418902], [28.24655084930336, 38.20316816335949], [28.24708983847384, 38.20316816335949], [28.24708983847384, 38.203707152529965], [28.24547287096243, 38.203707152529965], [28.24547287096243, 38.20424614170044], [28.24439489262147, 38.20424614170044], [28.24439489262147, 38.20532412004138], [28.24331691428054, 38.20532412004138], [28.24331691428054, 38.20424614170044], [28.24277792511006, 38.20424614170044], [28.24277792511006, 38.20316816335949], [28.24547287096243, 38.20316816335949], [28.24547287096243, 38.20262917418902]]]}, "id": "+386364+84968", "properties": {"area_ha": 5.362960286845059, "count": 19, "label": 1, "mean_dnbr": 0.44253105443064283}}, {"type": "Feature", "geometry": {"geodesic": false, "type": "Polygon", "coordinates": [[[28.24547287096243, 38.19939523916619], [28.24708983847384, 38.19939523916619], [28.24708983847384, 38.20047321750714], [28.24762882764432, 38.20047321750714], [28.24762882764432, 38.20101220667761], [28.24870680598525, 38.20101220667761], [28.24870680598525, 38.20262917418902], [28.24708983847384, 38.20262917418902], [28.24708983847384, 38.20155119584808], [28.24493388179195, 38.20155119584808], [28.24493388179195, 38.20262917418902], [28.24439489262147, 38.20262917418902], [28.24439489262147, 38.20155119584808], [28.24385590345102, 38.20155119584808], [28.24385590345102, 38.20101220667761], [28.24277792511006, 38.20101220667761], [28.24277792511006, 38.20155119584808], [28.24223893593961, 38.20155119584808], [28.24223893593961, 38.20047321750714], [28.24169994676913, 38.20047321750714], [28.24169994676913, 38.199934228336666], [28.24277792511006, 38.199934228336666], [28.24277792511006, 38.19939523916619], [28.24439489262147, 38.19939523916619], [28.24439489262147, 38.199934228336666], [28.24385590345102, 38.199934228336666], [28.24385590345102, 38.20101220667761], [28.24439489262147, 38.20101220667761], [28.24439489262147, 38.20047321750714], [28.24493388179195, 38.20047321750714], [28.24493388179195, 38.199934228336666], [28.24547287096243, 38.199934228336666], [28.24547287096243, 38.19939523916619]]]}, "id": "+386365+84974", "properties": {"area_ha": 11.573194003156548, "count": 41, "label": 1, "mean_dnbr": 0.42379622084366964}}, {"type": "Feature", "geometry": {"geodesic": false, "type": "Polygon", "coordinates": [[[28.24601186013291, 38.49583928292564], [28.24762882764432, 38.49583928292564], [28.24762882764432, 38.49637827209611], [28.24708983847384, 38.49637827209611], [28.24708983847384, 38.49691726126658], [28.24601186013291, 38.49691726126658], [28.24601186013291, 38.49799523960752], [28.24547287096243, 38.49799523960752], [28.24547287096243, 38.49853422877799], [28.24601186013291, 38.49853422877799], [28.24601186013291, 38.499073217948464], [28.24547287096243, 38.499073217948464], [28.24547287096243, 38.50015119628941], [28.24385590345102, 38.50015119628941], [28.24385590345102, 38.499612207118936], [28.24331691428054, 38.499612207118936], [28.24331691428054, 38.49853422877799], [28.24277792511006, 38.49853422877799], [28.24277792511006, 38.49799523960752], [28.24331691428054, 38.49799523960752], [28.24331691428054, 38.49691726126658], [28.24169994676913, 38.49691726126658], [28.24169994676913, 38.49637827209611], [28.24331691428054, 38.49637827209611], [28.24331691428054, 38.49691726126658], [28.24601186013291, 38.49691726126658], [28.24601186013291, 38.49583928292564]], [[28.24547287096243, 38.49745625043705], [28.24547287096243, 38.49799523960752], [28.24493388179195, 38.49799523960752], [28.24493388179195, 38.49745625043705], [28.24547287096243, 38.49745625043705]]]}, "id": "+386366+84424", "properties": {"area_ha": 9.557977677120236, "count": 34, "label": 1, "mean_dnbr": 0.3555440554778964}}, {"type": "Feature", "geometry": {"geodesic": false, "type": "Polygon", "coordinates": [[[28.24762882764432, 38.57291473430309], [28.2481678168148, 38.57291473430309], [28.2481678168148, 38.57345372347356], [28.24924579515573, 38.57345372347356], [28.24924579515573, 38.57507069098498], [28.24870680598525, 38.57507069098498], [28.24870680598525, 38.57614866932592], [28.2481678168148, 38.57614866932592], [28.2481678168148, 38.57507069098498], [28.24762882764432, 38.57507069098498], [28.24762882764432, 38.57291473430309]]]}, "id": "+386367+84281", "properties": {"area_ha": 3.369825220774425, "count": 12, "label": 1, "mean_dnbr": 0.34138763436812847}}, {"type": "Feature", "geometry": {"geodesic": false, "type": "Polygon", "coordinates": [[[28.24601186013291, 37.85983206176901], [28.2481678168148, 37.85983206176901], [28.2481678168148, 37.86144902928043], [28.24762882764432, 37.86144902928043], [28.24762882764432, 37.8619880184509], [28.24547287096243, 37.8619880184509], [28.24547287096243, 37.86144902928043], [28.24601186013291, 37.86144902928043], [28.24601186013291, 37.85983206176901]]]}, "id": "+386367+85604", "properties": {"area_ha": 4.53737598542397, "count": 16, "label": 1, "mean_dnbr": 0.35047587860646406}}, {"type": "Feature", "geometry": {"geodesic": false, "type": "Polygon", "coordinates": [[[28.2481678168148, 38.57668765849639], [28.24924579515573, 38.57668765849639], [28.24924579515573, 38.577765636837334], [28.24978478432621, 38.577765636837334], [28.24978478432621, 38.57884361517828], [28.24870680598525, 38.57884361517828], [28.24870680598525, 38.57830462600781], [28.24708983847384, 38.57830462600781], [28.24708983847384, 38.57722664766686], [28.2481678168148, 38.57722664766686], [28.2481678168148, 38.57668765849639]]]}, "id": "+386369+84274", "properties": {"area_ha": 3.650474372230773, "count": 13, "label": 1, "mean_dnbr": 0.3980159173445602}}, {"type": "Feature", "geometry": {"geodesic": false, "type": "Polygon", "coordinates": [[[28.24870680598525, 38.212330979257516], [28.24924579515573, 38.212330979257516], [28.24924579515573, 38.21340895759846], [28.2481678168148, 38.21340895759846], [28.2481678168148, 38.213947946768926], [28.24978478432621, 38.213947946768926], [28.24978478432621, 38.2144869359394], [28.25140175183762, 38.2144869359394], [28.25140175183762, 38.21502592510987], [28.25086276266714, 38.21502592510987], [28.25086276266714, 38.21664289262129], [28.24924579515573, 38.21664289262129], [28.24924579515573, 38.21718188179176], [28.24978478432621, 38.21718188179176], [28.24978478432621, 38.21772087096223], [28.2481678168148, 38.21772087096223], [28.2481678168148, 38.21879884930318], [28.24870680598525, 38.21879884930318], [28.24870680598525, 38.22041581681459], [28.24978478432621, 38.22041581681459], [28.24978478432621, 38.22311076266695], [28.24924579515573, 38.22311076266695], [28.24924579515573, 38.22364975183742], [28.24762882764432, 38.22364975183742], [28.24762882764432, 38.22311076266695], [28.24708983847384, 38.22311076266695], [28.24708983847384, 38.222571773496476], [28.24762882764432, 38.222571773496476], [28.24762882764432, 38.222032784326004], [28.2481678168148, 38.222032784326004], [28.2481678168148, 38.22149379515553], [28.24601186013291, 38.22149379515553], [28.24601186013291, 38.22095480598506], [28.24547287096243, 38.22095480598506], [28.24547287096243, 38.21933783847365], [28.24655084930336, 38.21933783847365], [28.24655084930336, 38.218259860132704], [28.24762882764432, 38.218259860132704], [28.24762882764432, 38.21772087096223], [28.2481678168148, 38.21772087096223], [28.2481678168148, 38.21718188179176], [28.24762882764432, 38.21718188179176], [28.24762882764432, 38.21664289262129], [28.2481678168148, 38.21664289262129], [28.2481678168148, 38.216103903450815], [28.24924579515573, 38.216103903450815], [28.24924579515573, 38.21556491428034], [28.24870680598525, 38.21556491428034], [28.24870680598525, 38.21502592510987], [28.2481678168148, 38.21502592510987], [28.2481678168148, 38.2144869359394], [28.24762882764432, 38.2144869359394], [28.24762882764432, 38.213947946768926], [28.24708983847384, 38.213947946768926], [28.24708983847384, 38.21286996842799], [28.24870680598525, 38.21286996842799], [28.24870680598525, 38.212330979257516]], [[28.24762882764432, 38.219876827644114], [28.24762882764432, 38.22095480598506], [28.24655084930336, 38.22095480598506], [28.24655084930336, 38.22041581681459], [28.24708983847384, 38.22041581681459], [28.24708983847384, 38.219876827644114], [28.24762882764432, 38.219876827644114]], [[28.24708983847384, 38.21933783847365], [28.24708983847384, 38.219876827644114], [28.24655084930336, 38.219876827644114], [28.24655084930336, 38.21933783847365], [28.24708983847384, 38.21933783847365]]]}, "id": "+386369+84950", "properties": {"area_ha": 22.85860256516777, "count": 81, "label": 1, "mean_dnbr": 0.43358325364212186}}, {"type": "Feature", "geometry": {"geodesic": false, "type": "Polygon", "coordinates": [[[28.2481678168148, 38.203707152529965], [28.24978478432621, 38.203707152529965], [28.24978478432621, 38.20478513087091], [28.24870680598525, 38.20478513087091], [28.24870680598525, 38.20532412004138], [28.2481678168148, 38.20532412004138], [28.2481678168148, 38.20640209838233], [28.24924579515573, 38.20640209838233], [28.24924579515573, 38.205863109211855], [28.25032377349666, 38.205863109211855], [28.25032377349666, 38.20532412004138], [28.2519407410081, 38.20532412004138], [28.2519407410081, 38.205863109211855], [28.25247973017855, 38.205863109211855], [28.25247973017855, 38.2069410875528], [28.2519407410081, 38.2069410875528], [28.2519407410081, 38.20801906589374], [28.25301871934903, 38.20801906589374], [28.25301871934903, 38.20909704423468], [28.25140175183762, 38.20909704423468], [28.25140175183762, 38.209636033405154], [28.25032377349666, 38.209636033405154], [28.25032377349666, 38.210175022575626], [28.24924579515573, 38.210175022575626], [28.24924579515573, 38.209636033405154], [28.24870680598525, 38.209636033405154], [28.24870680598525, 38.20909704423468], [28.2481678168148, 38.20909704423468], [28.2481678168148, 38.20855805506421], [28.24708983847384, 38.20855805506421], [28.24708983847384, 38.209636033405154], [28.24601186013291, 38.209636033405154], [28.24601186013291, 38.20909704423468], [28.24547287096243, 38.20909704423468], [28.24547287096243, 38.20855805506421], [28.24655084930336, 38.20855805506421], [28.24655084930336, 38.20801906589374], [28.24762882764432, 38.20801906589374], [28.24762882764432, 38.2069410875528], [28.24601186013291, 38.2069410875528], [28.24601186013291, 38.20640209838233], [28.24547287096243, 38.20640209838233], [28.24547287096243, 38.20532412004138], [28.24655084930336, 38.20532412004138], [28.24655084930336, 38.20478513087091], [28.2481678168148, 38.20478513087091], [28.2481678168148, 38.203707152529965]], [[28.25032377349666, 38.20909704423468], [28.25032377349666, 38.209636033405154], [28.24978478432621, 38.209636033405154], [28.24978478432621, 38.20909704423468], [28.25032377349666, 38.20909704423468]], [[28.25086276266714, 38.20801906589374], [28.25086276266714, 38.20909704423468], [28.25032377349666, 38.20909704423468], [28.25032377349666, 38.20801906589374], [28.25086276266714, 38.20801906589374]], [[28.24978478432621, 38.20748007672327], [28.24978478432621, 38.20801906589374], [28.24924579515573, 38.20801906589374], [28.24924579515573, 38.20748007672327], [28.24978478432621, 38.20748007672327]], [[28.2481678168148, 38.20640209838233], [28.2481678168148, 38.2069410875528], [28.24762882764432, 38.2069410875528], [28.24762882764432, 38.20640209838233], [28.2481678168148, 38.20640209838233]]]}, "id": "+386370+84966", "properties": {"area_ha": 23.991129797428936, "count": 85, "label": 1, "mean_dnbr": 0.4444116656671468}}, {"type": "Feature", "geometry": {"geodesic": false, "type": "Polygon", "coordinates": [[[28.24924579515573, 38.54866022163186], [28.25032377349666, 38.54866022163186], [28.25032377349666, 38.552972134995635], [28.24978478432621, 38.552972134995635], [28.24978478432621, 38.55351112416611], [28.24924579515573, 38.55351112416611], [28.24924579515573, 38.54866022163186]]]}, "id": "+386371+84326", "properties": {"area_ha": 4.7754764637688005, "count": 17, "label": 1, "mean_dnbr": 0.40638692021463135}}, {"type": "Feature", "geometry": {"geodesic": false, "type": "Polygon", "coordinates": [[[28.2481678168148, 37.863065996791846], [28.25032377349666, 37.863065996791846], [28.25032377349666, 37.864143975132784], [28.24978478432621, 37.864143975132784], [28.24978478432621, 37.864682964303256], [28.24870680598525, 37.864682964303256], [28.24870680598525, 37.864143975132784], [28.24762882764432, 37.864143975132784], [28.24762882764432, 37.86360498596232], [28.2481678168148, 37.86360498596232], [28.2481678168148, 37.863065996791846]]]}, "id": "+386371+85598", "properties": {"area_ha": 3.1193194952825163, "count": 11, "label": 1, "mean_dnbr": 0.32818696005415743}}, {"type": "Feature", "geometry": {"geodesic": false, "type": "Polygon", "coordinates": [[[28.25032377349666, 38.826239644424795], [28.25086276266714, 38.826239644424795], [28.25086276266714, 38.82677863359527], [28.25140175183762, 38.82677863359527], [28.25140175183762, 38.82731762276574], [28.254096697689988, 38.82731762276574], [28.254096697689988, 38.82785661193621], [28.2519407410081, 38.82785661193621], [28.2519407410081, 38.828395601106685], [28.254096697689988, 38.828395601106685], [28.254096697689988, 38.82893459027715], [28.25086276266714, 38.82893459027715], [28.25086276266714, 38.82731762276574], [28.25032377349666, 38.82731762276574], [28.25032377349666, 38.826239644424795]]]}, "id": "+386372+83811", "properties": {"area_ha": 4.757036619353954, "count": 17, "label": 1, "mean_dnbr": 0.35631375226764717}}, {"type": "Feature", "geometry": {"geodesic": false, "type": "Polygon", "coordinates": [[[28.24655084930336, 37.85282520255288], [28.25086276266714, 37.85282520255288], [28.25086276266714, 37.85336419172335], [28.24870680598525, 37.85336419172335], [28.24870680598525, 37.85390318089382], [28.24924579515573, 37.85390318089382], [28.24924579515573, 37.85552014840524], [28.24870680598525, 37.85552014840524], [28.24870680598525, 37.85498115923477], [28.24708983847384, 37.85498115923477], [28.24708983847384, 37.854442170064296], [28.2481678168148, 37.854442170064296], [28.2481678168148, 37.85390318089382], [28.24762882764432, 37.85390318089382], [28.24762882764432, 37.85336419172335], [28.24655084930336, 37.85336419172335], [28.24655084930336, 37.85282520255288]]]}, "id": "+386372+85617", "properties": {"area_ha": 4.821382281849743, "count": 17, "label": 1, "mean_dnbr": 0.28074666076729626}}, {"type": "Feature", "geometry": {"geodesic": false, "type": "Polygon", "coordinates": [[[28.25032377349666, 38.499073217948464], [28.2519407410081, 38.499073217948464], [28.2519407410081, 38.499612207118936], [28.25247973017855, 38.499612207118936], [28.25247973017855, 38.50122917463035], [28.25086276266714, 38.50122917463035], [28.25086276266714, 38.50069018545988], [28.25032377349666, 38.50069018545988], [28.25032377349666, 38.499073217948464]]]}, "id": "+386374+84418", "properties": {"area_ha": 3.9355233828139435, "count": 14, "label": 1, "mean_dnbr": 0.40744651361789147}}, {"type": "Feature", "geometry": {"geodesic": false, "type": "Polygon", "coordinates": [[[28.25032377349666, 38.222571773496476], [28.2519407410081, 38.222571773496476], [28.2519407410081, 38.22364975183742], [28.25140175183762, 38.22364975183742], [28.25140175183762, 38.22418874100789], [28.25086276266714, 38.22418874100789], [28.25086276266714, 38.224727730178365], [28.2519407410081, 38.224727730178365], [28.2519407410081, 38.22418874100789], [28.25247973017855, 38.22418874100789], [28.25247973017855, 38.224727730178365], [28.2519407410081, 38.224727730178365], [28.2519407410081, 38.22526671934884], [28.25140175183762, 38.22526671934884], [28.25140175183762, 38.2258057085193], [28.25086276266714, 38.2258057085193], [28.25086276266714, 38.224727730178365], [28.24978478432621, 38.224727730178365], [28.24978478432621, 38.22364975183742], [28.25086276266714, 38.22364975183742], [28.25086276266714, 38.22311076266695], [28.25032377349666, 38.22311076266695], [28.25032377349666, 38.222571773496476]]]}, "id": "+386374+84931", "properties": {"area_ha": 3.950562684054264, "count": 14, "label": 1, "mean_dnbr": 0.400407189464265}}, {"type": "Feature", "geometry": {"geodesic": false, "type": "Polygon", "coordinates": [[[28.25140175183762, 38.22041581681459], [28.2519407410081, 38.22041581681459], [28.2519407410081, 38.22095480598506], [28.25301871934903, 38.22095480598506], [28.25301871934903, 38.22149379515553], [28.25355770851951, 38.22149379515553], [28.25355770851951, 38.22095480598506], [28.25463568686044, 38.22095480598506], [28.25463568686044, 38.22149379515553], [28.25517467603092, 38.22149379515553], [28.25517467603092, 38.22311076266695], [28.25625265437185, 38.22311076266695], [28.25625265437185, 38.22418874100789], [28.254096697689988, 38.22418874100789], [28.254096697689988, 38.22311076266695], [28.25355770851951, 38.22311076266695], [28.25355770851951, 38.222032784326004], [28.25140175183762, 38.222032784326004], [28.25140175183762, 38.22041581681459]]]}, "id": "+386374+84935", "properties": {"area_ha": 7.619130644621643, "count": 27, "label": 1, "mean_dnbr": 0.4259458974549653}}, {"type": "Feature", "geometry": {"geodesic": false, "type": "Polygon", "coordinates": [[[28.25140175183762, 38.19885624999572], [28.2519407410081, 38.19885624999572], [28.2519407410081, 38.19939523916619], [28.25247973017855, 38.19939523916619], [28.25247973017855, 38.20262917418902], [28.25463568686044, 38.20262917418902], [28.25463568686044, 38.20424614170044], [28.25247973017855, 38.20424614170044], [28.25247973017855, 38.20478513087091], [28.25301871934903, 38.20478513087091], [28.25301871934903, 38.20532412004138], [28.25247973017855, 38.20532412004138], [28.25247973017855, 38.20478513087091], [28.2519407410081, 38.20478513087091], [28.2519407410081, 38.203707152529965], [28.25247973017855, 38.203707152529965], [28.25247973017855, 38.20262917418902], [28.2519407410081, 38.20262917418902], [28.2519407410081, 38.20316816335949], [28.25086276266714, 38.20316816335949], [28.25086276266714, 38.20101220667761], [28.25032377349666, 38.20101220667761], [28.25032377349666, 38.20047321750714], [28.25140175183762, 38.20047321750714], [28.25140175183762, 38.19885624999572]], [[28.25355770851951, 38.20316816335949], [28.25355770851951, 38.203707152529965], [28.25301871934903, 38.203707152529965], [28.25301871934903, 38.20316816335949], [28.25355770851951, 38.20316816335949]]]}, "id": "+386374+84975", "properties": {"area_ha": 9.597103143330282, "count": 34, "label": 1, "mean_dnbr": 0.4200616525467958}}, {"type": "Feature", "geometry": {"geodesic": false, "type": "Polygon", "coordinates": [[[28.2519407410081, 37.88246960692882], [28.25247973017855, 37.88246960692882], [28.25247973017855, 37.88408657444024], [28.2519407410081, 37.88408657444024], [28.2519407410081, 37.885164552781184], [28.25140175183762, 37.885164552781184], [28.25140175183762, 37.885703541951656], [28.25032377349666, 37.885703541951656], [28.25032377349666, 37.885164552781184], [28.24978478432621, 37.885164552781184], [28.24978478432621, 37.88408657444024], [28.2519407410081, 37.88408657444024], [28.2519407410081, 37.88246960692882]]]}, "id": "+386375+85562", "properties": {"area_ha": 3.6854349503372896, "count": 13, "label": 1, "mean_dnbr": 0.24801558237159274}}, {"type": "Feature", "geometry": {"geodesic": false, "type": "Polygon", "coordinates": [[[28.25247973017855, 37.87384578020128], [28.25301871934903, 37.87384578020128], [28.25301871934903, 37.874923758542224], [28.254096697689988, 37.874923758542224], [28.254096697689988, 37.87600173688317], [28.25355770851951, 37.87600173688317], [28.25355770851951, 37.877079715224106], [28.2519407410081, 37.877079715224106], [28.2519407410081, 37.87815769356505], [28.25032377349666, 37.87815769356505], [28.25032377349666, 37.87761870439458], [28.25086276266714, 37.87761870439458], [28.25086276266714, 37.877079715224106], [28.2519407410081, 37.877079715224106], [28.2519407410081, 37.87600173688317], [28.25086276266714, 37.87600173688317], [28.25086276266714, 37.875462747712696], [28.25247973017855, 37.875462747712696], [28.25247973017855, 37.87384578020128]]]}, "id": "+386376+85578", "properties": {"area_ha": 6.2375996130027485, "count": 22, "label": 1, "mean_dnbr": 0.32423982010920804}}, {"type": "Feature", "geometry": {"geodesic": false, "type": "Polygon", "coordinates": [[[28.2519407410081, 37.86845588849656], [28.25301871934903, 37.86845588849656], [28.25301871934903, 37.868994877667035], [28.25355770851951, 37.868994877667035], [28.25355770851951, 37.86953386683751], [28.254096697689988, 37.86953386683751], [28.254096697689988, 37.87007285600797], [28.25301871934903, 37.87007285600797], [28.25301871934903, 37.86953386683751], [28.25247973017855, 37.86953386683751], [28.25247973017855, 37.87007285600797], [28.2519407410081, 37.87007285600797], [28.2519407410081, 37.870611845178445], [28.25086276266714, 37.870611845178445], [28.25086276266714, 37.87007285600797], [28.25032377349666, 37.87007285600797], [28.25032377349666, 37.86953386683751], [28.2519407410081, 37.86953386683751], [28.2519407410081, 37.86845588849656]]]}, "id": "+386376+85588", "properties": {"area_ha": 3.6861815351516283, "count": 13, "label": 1, "mean_dnbr": 0.3273510407454334}}, {"type": "Feature", "geometry": {"geodesic": false, "type": "Polygon", "coordinates": [[[28.25301871934903, 38.49206635873233], [28.25355770851951, 38.49206635873233], [28.25355770851951, 38.493144337073275], [28.254096697689988, 38.493144337073275], [28.254096697689988, 38.49422231541422], [28.25247973017855, 38.49422231541422], [28.25247973017855, 38.49368332624375], [28.2519407410081, 38.49368332624375], [28.2519407410081, 38.4926053479028], [28.25301871934903, 38.4926053479028], [28.25301871934903, 38.49206635873233]]]}, "id": "+386377+84431", "properties": {"area_ha": 3.092492290411059, "count": 11, "label": 1, "mean_dnbr": 0.426293271108692}}, {"type": "Feature", "geometry": {"geodesic": false, "type": "Polygon", "coordinates": [[[28.25301871934903, 38.54111437324526], [28.25517467603092, 38.54111437324526], [28.25517467603092, 38.542731340756674], [28.25301871934903, 38.542731340756674], [28.25301871934903, 38.54111437324526]]]}, "id": "+386380+84340", "properties": {"area_ha": 3.3713486193695883, "count": 12, "label": 1, "mean_dnbr": 0.4863179435385929}}, {"type": "Feature", "geometry": {"geodesic": false, "type": "Polygon", "coordinates": [[[28.25463568686044, 38.213947946768926], [28.25517467603092, 38.213947946768926], [28.25517467603092, 38.21502592510987], [28.25679164354233, 38.21502592510987], [28.25679164354233, 38.21664289262129], [28.25625265437185, 38.21664289262129], [28.25625265437185, 38.21718188179176], [28.25679164354233, 38.21718188179176], [28.25679164354233, 38.21772087096223], [28.25625265437185, 38.21772087096223], [28.25625265437185, 38.218259860132704], [28.25517467603092, 38.218259860132704], [28.25517467603092, 38.21879884930318], [28.254096697689988, 38.21879884930318], [28.254096697689988, 38.218259860132704], [28.25463568686044, 38.218259860132704], [28.25463568686044, 38.21772087096223], [28.254096697689988, 38.21772087096223], [28.254096697689988, 38.21718188179176], [28.25463568686044, 38.21718188179176], [28.25463568686044, 38.21664289262129], [28.254096697689988, 38.21664289262129], [28.254096697689988, 38.21556491428034], [28.25463568686044, 38.21556491428034], [28.25463568686044, 38.213947946768926]], [[28.255713665201398, 38.216103903450815], [28.255713665201398, 38.21664289262129], [28.25517467603092, 38.21664289262129], [28.25517467603092, 38.216103903450815], [28.255713665201398, 38.216103903450815]]]}, "id": "+386380+84947", "properties": {"area_ha": 7.901937478077829, "count": 28, "label": 1, "mean_dnbr": 0.4047543396373166}}, {"type": "Feature", "geometry": {"geodesic": false, "type": "Polygon", "coordinates": [[[28.254096697689988, 37.870611845178445], [28.25517467603092, 37.870611845178445], [28.25517467603092, 37.87115083434892], [28.255713665201398, 37.87115083434892], [28.255713665201398, 37.87168982351939], [28.25625265437185, 37.87168982351939], [28.25625265437185, 37.87330679103081], [28.255713665201398, 37.87330679103081], [28.255713665201398, 37.87222881268986], [28.25463568686044, 37.87222881268986], [28.25463568686044, 37.872767801860334], [28.25355770851951, 37.872767801860334], [28.25355770851951, 37.87222881268986], [28.25301871934903, 37.87222881268986], [28.25301871934903, 37.872767801860334], [28.25247973017855, 37.872767801860334], [28.25247973017855, 37.87222881268986], [28.25301871934903, 37.87222881268986], [28.25301871934903, 37.87168982351939], [28.254096697689988, 37.87168982351939], [28.254096697689988, 37.870611845178445]]]}, "id": "+386380+85584", "properties": {"area_ha": 4.536697752247792, "count": 16, "label": 1, "mean_dnbr": 0.37459718077293297}}, {"type": "Feature", "geometry": {"geodesic": false, "type": "Polygon", "coordinates": [[[28.25301871934903, 37.8867815202926], [28.255713665201398, 37.8867815202926], [28.255713665201398, 37.88732050946307], [28.25625265437185, 37.88732050946307], [28.25625265437185, 37.887859498633546], [28.25301871934903, 37.887859498633546], [28.25301871934903, 37.8867815202926]]]}, "id": "+386381+85554", "properties": {"area_ha": 3.1183365091394912, "count": 11, "label": 1, "mean_dnbr": 0.22581783980206604}}, {"type": "Feature", "geometry": {"geodesic": false, "type": "Polygon", "coordinates": [[[28.25625265437185, 37.86953386683751], [28.25679164354233, 37.86953386683751], [28.25679164354233, 37.87007285600797], [28.257330632712808, 37.87007285600797], [28.257330632712808, 37.870611845178445], [28.257869621883287, 37.870611845178445], [28.257869621883287, 37.87007285600797], [28.25840861105374, 37.87007285600797], [28.25840861105374, 37.870611845178445], [28.257869621883287, 37.870611845178445], [28.257869621883287, 37.87115083434892], [28.259486589394697, 37.87115083434892], [28.259486589394697, 37.872767801860334], [28.258947600224218, 37.872767801860334], [28.258947600224218, 37.87330679103081], [28.257869621883287, 37.87330679103081], [28.257869621883287, 37.872767801860334], [28.257330632712808, 37.872767801860334], [28.257330632712808, 37.87330679103081], [28.25679164354233, 37.87330679103081], [28.25679164354233, 37.872767801860334], [28.257330632712808, 37.872767801860334], [28.257330632712808, 37.87222881268986], [28.25679164354233, 37.87222881268986], [28.25679164354233, 37.87115083434892], [28.25625265437185, 37.87115083434892], [28.25625265437185, 37.870611845178445], [28.255713665201398, 37.870611845178445], [28.255713665201398, 37.87007285600797], [28.25625265437185, 37.87007285600797], [28.25625265437185, 37.86953386683751]]]}, "id": "+386383+85586", "properties": {"area_ha": 7.088620321409013, "count": 25, "label": 1, "mean_dnbr": 0.398967673263783}}, {"type": "Feature", "geometry": {"geodesic": false, "type": "Polygon", "coordinates": [[[28.25625265437185, 38.56590787508696], [28.257330632712808, 38.56590787508696], [28.257330632712808, 38.5669858534279], [28.257869621883287, 38.5669858534279], [28.257869621883287, 38.568063831768846], [28.259486589394697, 38.568063831768846], [28.259486589394697, 38.56914181010979], [28.25840861105374, 38.56914181010979], [28.25840861105374, 38.569680799280256], [28.258947600224218, 38.569680799280256], [28.258947600224218, 38.57021978845073], [28.259486589394697, 38.57021978845073], [28.259486589394697, 38.57129776679167], [28.260025578565177, 38.57129776679167], [28.260025578565177, 38.57021978845073], [28.260564567735628, 38.57021978845073], [28.260564567735628, 38.56914181010979], [28.261103556906107, 38.56914181010979], [28.261103556906107, 38.57129776679167], [28.261642546076587, 38.57129776679167], [28.261642546076587, 38.571836755962146], [28.262181535247038, 38.571836755962146], [28.262181535247038, 38.57237574513262], [28.261103556906107, 38.57237574513262], [28.261103556906107, 38.571836755962146], [28.260564567735628, 38.571836755962146], [28.260564567735628, 38.57129776679167], [28.260025578565177, 38.57129776679167], [28.260025578565177, 38.57237574513262], [28.260564567735628, 38.57237574513262], [28.260564567735628, 38.57291473430309], [28.260025578565177, 38.57291473430309], [28.260025578565177, 38.57237574513262], [28.259486589394697, 38.57237574513262], [28.259486589394697, 38.57129776679167], [28.25840861105374, 38.57129776679167], [28.25840861105374, 38.57021978845073], [28.257869621883287, 38.57021978845073], [28.257869621883287, 38.568063831768846], [28.25625265437185, 38.568063831768846], [28.25625265437185, 38.56590787508696]]]}, "id": "+386384+84294", "properties": {"area_ha": 10.110172013439948, "count": 36, "label": 1, "mean_dnbr": 0.439590905218952}}, {"type": "Feature", "geometry": {"geodesic": false, "type": "Polygon", "coordinates": [[[28.255713665201398, 38.232273578564964], [28.25840861105374, 38.232273578564964], [28.25840861105374, 38.23281256773544], [28.260025578565177, 38.23281256773544], [28.260025578565177, 38.23335155690591], [28.260564567735628, 38.23335155690591], [28.260564567735628, 38.23389054607638], [28.25840861105374, 38.23389054607638], [28.25840861105374, 38.23281256773544], [28.255713665201398, 38.23281256773544], [28.255713665201398, 38.232273578564964]]]}, "id": "+386386+84913", "properties": {"area_ha": 3.385782349027032, "count": 12, "label": 1, "mean_dnbr": 0.39599626804612326}}, {"type": "Feature", "geometry": {"geodesic": false, "type": "Polygon", "coordinates": [[[28.255713665201398, 37.85390318089382], [28.25840861105374, 37.85390318089382], [28.25840861105374, 37.85498115923477], [28.257330632712808, 37.85498115923477], [28.257330632712808, 37.85552014840524], [28.25679164354233, 37.85552014840524], [28.25679164354233, 37.85498115923477], [28.255713665201398, 37.85498115923477], [28.255713665201398, 37.85390318089382]]]}, "id": "+386386+85615", "properties": {"area_ha": 3.119704973919433, "count": 11, "label": 1, "mean_dnbr": 0.4036975182742849}}, {"type": "Feature", "geometry": {"geodesic": false, "type": "Polygon", "coordinates": [[[28.25463568686044, 38.547043254120446], [28.258947600224218, 38.547043254120446], [28.258947600224218, 38.54866022163186], [28.25679164354233, 38.54866022163186], [28.25679164354233, 38.54812123246139], [28.25625265437185, 38.54812123246139], [28.25625265437185, 38.54758224329092], [28.25463568686044, 38.54758224329092], [28.25463568686044, 38.547043254120446]]]}, "id": "+386387+84329", "properties": {"area_ha": 4.775646816773319, "count": 17, "label": 1, "mean_dnbr": 0.5224785032124701}}, {"type": "Feature", "geometry": {"geodesic": false, "type": "Polygon", "coordinates": [[[28.25840861105374, 38.520093795596864], [28.258947600224218, 38.520093795596864], [28.258947600224218, 38.5211717739378], [28.25840861105374, 38.5211717739378], [28.25840861105374, 38.521710763108274], [28.257869621883287, 38.521710763108274], [28.257869621883287, 38.522249752278746], [28.25517467603092, 38.522249752278746], [28.25517467603092, 38.521710763108274], [28.255713665201398, 38.521710763108274], [28.255713665201398, 38.5211717739378], [28.25679164354233, 38.5211717739378], [28.25679164354233, 38.520632784767336], [28.257330632712808, 38.520632784767336], [28.257330632712808, 38.520093795596864], [28.257869621883287, 38.520093795596864], [28.257869621883287, 38.5211717739378], [28.25840861105374, 38.5211717739378], [28.25840861105374, 38.520093795596864]]]}, "id": "+386387+84379", "properties": {"area_ha": 4.21540203645054, "count": 15, "label": 1, "mean_dnbr": 0.34494999911434654}}, {"type": "Feature", "geometry": {"geodesic": false, "type": "Polygon", "coordinates": [[[28.258947600224218, 38.81707682852677], [28.259486589394697, 38.81707682852677], [28.259486589394697, 38.817615817697245], [28.260025578565177, 38.817615817697245], [28.260025578565177, 38.81815480686772], [28.260564567735628, 38.81815480686772], [28.260564567735628, 38.81869379603819], [28.259486589394697, 38.81869379603819], [28.259486589394697, 38.81923278520866], [28.260025578565177, 38.81923278520866], [28.260025578565177, 38.819771774379134], [28.257330632712808, 38.819771774379134], [28.257330632712808, 38.81923278520866], [28.257869621883287, 38.81923278520866], [28.257869621883287, 38.81869379603819], [28.259486589394697, 38.81869379603819], [28.259486589394697, 38.81815480686772], [28.25840861105374, 38.81815480686772], [28.25840861105374, 38.817615817697245], [28.258947600224218, 38.817615817697245], [28.258947600224218, 38.81707682852677]]]}, "id": "+386388+83828", "properties": {"area_ha": 3.918067869676865, "count": 14, "label": 1, "mean_dnbr": 0.3594611145399974}}, {"type": "Feature", "geometry": {"geodesic": false, "type": "Polygon", "coordinates": [[[28.25840861105374, 38.191310401609115], [28.259486589394697, 38.191310401609115], [28.259486589394697, 38.19184939077959], [28.258947600224218, 38.19184939077959], [28.258947600224218, 38.19238837995006], [28.260025578565177, 38.19238837995006], [28.260025578565177, 38.193466358291005], [28.259486589394697, 38.193466358291005], [28.259486589394697, 38.19400534746148], [28.260025578565177, 38.19400534746148], [28.260025578565177, 38.19454433663195], [28.260564567735628, 38.19454433663195], [28.260564567735628, 38.19508332580242], [28.260025578565177, 38.19508332580242], [28.260025578565177, 38.19454433663195], [28.259486589394697, 38.19454433663195], [28.259486589394697, 38.19508332580242], [28.25840861105374, 38.19508332580242], [28.25840861105374, 38.19454433663195], [28.257869621883287, 38.19454433663195], [28.257869621883287, 38.193466358291005], [28.25679164354233, 38.193466358291005], [28.25679164354233, 38.19292736912053], [28.25840861105374, 38.19292736912053], [28.25840861105374, 38.191310401609115]]]}, "id": "+386388+84989", "properties": {"area_ha": 6.210638189503072, "count": 22, "label": 1, "mean_dnbr": 0.30563436883270545}}, {"type": "Feature", "geometry": {"geodesic": false, "type": "Polygon", "coordinates": [[[28.25625265437185, 38.57614866932592], [28.260025578565177, 38.57614866932592], [28.260025578565177, 38.57722664766686], [28.258947600224218, 38.57722664766686], [28.258947600224218, 38.577765636837334], [28.25679164354233, 38.577765636837334], [28.25679164354233, 38.57722664766686], [28.25625265437185, 38.57722664766686], [28.25625265437185, 38.57614866932592]]]}, "id": "+386389+84275", "properties": {"area_ha": 5.054535998131893, "count": 18, "label": 1, "mean_dnbr": 0.5093123943854914}}, {"type": "Feature", "geometry": {"geodesic": false, "type": "Polygon", "coordinates": [[[28.258947600224218, 38.22526671934884], [28.260564567735628, 38.22526671934884], [28.260564567735628, 38.226344697689775], [28.261103556906107, 38.226344697689775], [28.261103556906107, 38.22742267603072], [28.260025578565177, 38.22742267603072], [28.260025578565177, 38.22796166520119], [28.259486589394697, 38.22796166520119], [28.259486589394697, 38.22742267603072], [28.258947600224218, 38.22742267603072], [28.258947600224218, 38.22688368686025], [28.260564567735628, 38.22688368686025], [28.260564567735628, 38.226344697689775], [28.258947600224218, 38.226344697689775], [28.258947600224218, 38.22526671934884]]]}, "id": "+386390+84926", "properties": {"area_ha": 3.386081826066761, "count": 12, "label": 1, "mean_dnbr": 0.43744052331074856}}, {"type": "Feature", "geometry": {"geodesic": false, "type": "Polygon", "coordinates": [[[28.25840861105374, 37.85552014840524], [28.260564567735628, 37.85552014840524], [28.260564567735628, 37.85605913757571], [28.261103556906107, 37.85605913757571], [28.261103556906107, 37.85767610508713], [28.25840861105374, 37.85767610508713], [28.25840861105374, 37.85552014840524]]]}, "id": "+386390+85612", "properties": {"area_ha": 5.388452545768333, "count": 19, "label": 1, "mean_dnbr": 0.3191444361306327}}, {"type": "Feature", "geometry": {"geodesic": false, "type": "Polygon", "coordinates": [[[28.263259513587997, 38.20316816335949], [28.264337491928927, 38.20316816335949], [28.264337491928927, 38.20478513087091], [28.263798502758476, 38.20478513087091], [28.263798502758476, 38.20532412004138], [28.263259513587997, 38.20532412004138], [28.263259513587997, 38.20478513087091], [28.262181535247038, 38.20478513087091], [28.262181535247038, 38.20424614170044], [28.261642546076587, 38.20424614170044], [28.261642546076587, 38.203707152529965], [28.263259513587997, 38.203707152529965], [28.263259513587997, 38.20316816335949]]]}, "id": "+386397+84967", "properties": {"area_ha": 3.387120066266261, "count": 12, "label": 1, "mean_dnbr": 0.35668244660163184}}, {"type": "Feature", "geometry": {"geodesic": false, "type": "Polygon", "coordinates": [[[28.263259513587997, 37.87330679103081], [28.264337491928927, 37.87330679103081], [28.264337491928927, 37.87384578020128], [28.263798502758476, 37.87384578020128], [28.263798502758476, 37.87438476937175], [28.264337491928927, 37.87438476937175], [28.264337491928927, 37.87600173688317], [28.263798502758476, 37.87600173688317], [28.263798502758476, 37.877079715224106], [28.262720524417517, 37.877079715224106], [28.262720524417517, 37.87600173688317], [28.263259513587997, 37.87600173688317], [28.263259513587997, 37.87330679103081]]]}, "id": "+386397+85579", "properties": {"area_ha": 3.6858992824264525, "count": 13, "label": 1, "mean_dnbr": 0.43802220001076386}}, {"type": "Feature", "geometry": {"geodesic": false, "type": "Polygon", "coordinates": [[[28.264337491928927, 38.4678118460611], [28.264876481099407, 38.4678118460611], [28.264876481099407, 38.468350835231576], [28.265415470269886, 38.468350835231576], [28.265415470269886, 38.46942881357252], [28.264876481099407, 38.46942881357252], [28.264876481099407, 38.46996780274299], [28.262181535247038, 38.46996780274299], [28.262181535247038, 38.46942881357252], [28.261642546076587, 38.46942881357252], [28.261642546076587, 38.46888982440205], [28.263259513587997, 38.46888982440205], [28.263259513587997, 38.468350835231576], [28.264337491928927, 38.468350835231576], [28.264337491928927, 38.4678118460611]]]}, "id": "+386398+84476", "properties": {"area_ha": 4.780917045655833, "count": 17, "label": 1, "mean_dnbr": 0.5133341008077108}}, {"type": "Feature", "geometry": {"geodesic": false, "type": "Polygon", "coordinates": [[[28.264337491928927, 38.569680799280256], [28.265415470269886, 38.569680799280256], [28.265415470269886, 38.57021978845073], [28.267032437781296, 38.57021978845073], [28.267032437781296, 38.5707587776212], [28.267571426951775, 38.5707587776212], [28.267571426951775, 38.57129776679167], [28.266493448610817, 38.57129776679167], [28.266493448610817, 38.571836755962146], [28.265415470269886, 38.571836755962146], [28.265415470269886, 38.57129776679167], [28.264337491928927, 38.57129776679167], [28.264337491928927, 38.571836755962146], [28.263259513587997, 38.571836755962146], [28.263259513587997, 38.57129776679167], [28.264337491928927, 38.57129776679167], [28.264337491928927, 38.569680799280256]]]}, "id": "+386399+84287", "properties": {"area_ha": 4.774153072057628, "count": 17, "label": 1, "mean_dnbr": 0.45397220020809237}}, {"type": "Feature", "geometry": {"geodesic": false, "type": "Polygon", "coordinates": [[[28.264876481099407, 38.21179199008704], [28.265415470269886, 38.21179199008704], [28.265415470269886, 38.21286996842799], [28.264876481099407, 38.21286996842799], [28.264876481099407, 38.21340895759846], [28.263798502758476, 38.21340895759846], [28.263798502758476, 38.213947946768926], [28.264337491928927, 38.213947946768926], [28.264337491928927, 38.2144869359394], [28.265415470269886, 38.2144869359394], [28.265415470269886, 38.213947946768926], [28.268110416122227, 38.213947946768926], [28.268110416122227, 38.2144869359394], [28.268649405292706, 38.2144869359394], [28.268649405292706, 38.21556491428034], [28.270266372804116, 38.21556491428034], [28.270266372804116, 38.216103903450815], [28.271344351145075, 38.216103903450815], [28.271344351145075, 38.21664289262129], [28.271883340315554, 38.21664289262129], [28.271883340315554, 38.21718188179176], [28.269727383633665, 38.21718188179176], [28.269727383633665, 38.216103903450815], [28.267032437781296, 38.216103903450815], [28.267032437781296, 38.21556491428034], [28.266493448610817, 38.21556491428034], [28.266493448610817, 38.216103903450815], [28.265415470269886, 38.216103903450815], [28.265415470269886, 38.21664289262129], [28.264337491928927, 38.21664289262129], [28.264337491928927, 38.21718188179176], [28.263798502758476, 38.21718188179176], [28.263798502758476, 38.21772087096223], [28.263259513587997, 38.21772087096223], [28.263259513587997, 38.218259860132704], [28.262720524417517, 38.218259860132704], [28.262720524417517, 38.21879884930318], [28.258947600224218, 38.21879884930318], [28.258947600224218, 38.21933783847365], [28.257869621883287, 38.21933783847365], [28.257869621883287, 38.218259860132704], [28.258947600224218, 38.218259860132704], [28.258947600224218, 38.21772087096223], [28.259486589394697, 38.21772087096223], [28.259486589394697, 38.216103903450815], [28.258947600224218, 38.216103903450815], [28.258947600224218, 38.21664289262129], [28.25840861105374, 38.21664289262129], [28.25840861105374, 38.216103903450815], [28.257869621883287, 38.216103903450815], [28.257869621883287, 38.2144869359394], [28.259486589394697, 38.2144869359394], [28.259486589394697, 38.213947946768926], [28.260025578565177, 38.213947946768926], [28.260025578565177, 38.2144869359394], [28.261103556906107, 38.2144869359394], [28.261103556906107, 38.213947946768926], [28.262181535247038, 38.213947946768926], [28.262181535247038, 38.21502592510987], [28.261642546076587, 38.21502592510987], [28.261642546076587, 38.21556491428034], [28.263259513587997, 38.21556491428034], [28.263259513587997, 38.21502592510987], [28.262720524417517, 38.21502592510987], [28.262720524417517, 38.21340895759846], [28.263798502758476, 38.21340895759846], [28.263798502758476, 38.21286996842799], [28.264876481099407, 38.21286996842799], [28.264876481099407, 38.21179199008704]], [[28.261103556906107, 38.21772087096223], [28.261103556906107, 38.218259860132704], [28.259486589394697, 38.218259860132704], [28.259486589394697, 38.21772087096223], [28.261103556906107, 38.21772087096223]], [[28.265415470269886, 38.21502592510987], [28.265415470269886, 38.21556491428034], [28.263798502758476, 38.21556491428034], [28.263798502758476, 38.21502592510987], [28.265415470269886, 38.21502592510987]]]}, "id": "+386399+84951", "properties": {"area_ha": 34.99463058802167, "count": 124, "label": 1, "mean_dnbr": 0.4665361408751992}}, {"type": "Feature", "geometry": {"geodesic": false, "type": "Polygon", "coordinates": [[[28.264337491928927, 38.520093795596864], [28.266493448610817, 38.520093795596864], [28.266493448610817, 38.520632784767336], [28.268649405292706, 38.520632784767336], [28.268649405292706, 38.5211717739378], [28.267032437781296, 38.5211717739378], [28.267032437781296, 38.522249752278746], [28.264876481099407, 38.522249752278746], [28.264876481099407, 38.521710763108274], [28.265415470269886, 38.521710763108274], [28.265415470269886, 38.5211717739378], [28.264876481099407, 38.5211717739378], [28.264876481099407, 38.520632784767336], [28.264337491928927, 38.520632784767336], [28.264337491928927, 38.520093795596864]]]}, "id": "+386401+84379", "properties": {"area_ha": 5.058481992390715, "count": 18, "label": 1, "mean_dnbr": 0.33978200099018624}}, {"type": "Feature", "geometry": {"geodesic": false, "type": "Polygon", "coordinates": [[[28.265415470269886, 37.87115083434892], [28.266493448610817, 37.87115083434892], [28.266493448610817, 37.87168982351939], [28.265954459440366, 37.87168982351939], [28.265954459440366, 37.87438476937175], [28.264876481099407, 37.87438476937175], [28.264876481099407, 37.87222881268986], [28.265415470269886, 37.87222881268986], [28.265415470269886, 37.87115083434892]]]}, "id": "+386401+85583", "properties": {"area_ha": 3.118940939411521, "count": 11, "label": 1, "mean_dnbr": 0.4534749902233033}}, {"type": "Feature", "geometry": {"geodesic": false, "type": "Polygon", "coordinates": [[[28.265415470269886, 38.20801906589374], [28.267032437781296, 38.20801906589374], [28.267032437781296, 38.20855805506421], [28.269188394463185, 38.20855805506421], [28.269188394463185, 38.20909704423468], [28.268110416122227, 38.20909704423468], [28.268110416122227, 38.209636033405154], [28.265954459440366, 38.209636033405154], [28.265954459440366, 38.20909704423468], [28.265415470269886, 38.20909704423468], [28.265415470269886, 38.20801906589374]]]}, "id": "+386402+84958", "properties": {"area_ha": 3.951385487715348, "count": 14, "label": 1, "mean_dnbr": 0.3925053435826727}}, {"type": "Feature", "geometry": {"geodesic": false, "type": "Polygon", "coordinates": [[[28.267571426951775, 38.20424614170044], [28.268110416122227, 38.20424614170044], [28.268110416122227, 38.20532412004138], [28.269188394463185, 38.20532412004138], [28.269188394463185, 38.205863109211855], [28.268649405292706, 38.205863109211855], [28.268649405292706, 38.20640209838233], [28.266493448610817, 38.20640209838233], [28.266493448610817, 38.2069410875528], [28.265954459440366, 38.2069410875528], [28.265954459440366, 38.20640209838233], [28.266493448610817, 38.20640209838233], [28.266493448610817, 38.205863109211855], [28.267032437781296, 38.205863109211855], [28.267032437781296, 38.20478513087091], [28.267571426951775, 38.20478513087091], [28.267571426951775, 38.20424614170044]]]}, "id": "+386404+84965", "properties": {"area_ha": 3.387057399802085, "count": 12, "label": 1, "mean_dnbr": 0.38478759783406236}}, {"type": "Feature", "geometry": {"geodesic": false, "type": "Polygon", "coordinates": [[[28.268649405292706, 38.5173988497445], [28.269727383633665, 38.5173988497445], [28.269727383633665, 38.517937838914975], [28.270266372804116, 38.517937838914975], [28.270266372804116, 38.51955480642639], [28.270805361974595, 38.51955480642639], [28.270805361974595, 38.520632784767336], [28.269727383633665, 38.520632784767336], [28.269727383633665, 38.520093795596864], [28.268649405292706, 38.520093795596864], [28.268649405292706, 38.51955480642639], [28.268110416122227, 38.51955480642639], [28.268110416122227, 38.517937838914975], [28.268649405292706, 38.517937838914975], [28.268649405292706, 38.5173988497445]]]}, "id": "+386407+84384", "properties": {"area_ha": 5.6207041607869, "count": 20, "label": 1, "mean_dnbr": 0.4226926210919959}}, {"type": "Feature", "geometry": {"geodesic": false, "type": "Polygon", "coordinates": [[[28.269188394463185, 38.511469968869314], [28.269727383633665, 38.511469968869314], [28.269727383633665, 38.51254794721026], [28.270266372804116, 38.51254794721026], [28.270266372804116, 38.5136259255512], [28.268649405292706, 38.5136259255512], [28.268649405292706, 38.514164914721675], [28.267571426951775, 38.514164914721675], [28.267571426951775, 38.5136259255512], [28.267032437781296, 38.5136259255512], [28.267032437781296, 38.51308693638073], [28.265415470269886, 38.51308693638073], [28.265415470269886, 38.51254794721026], [28.263798502758476, 38.51254794721026], [28.263798502758476, 38.512008958039786], [28.264876481099407, 38.512008958039786], [28.264876481099407, 38.511469968869314], [28.266493448610817, 38.511469968869314], [28.266493448610817, 38.512008958039786], [28.265954459440366, 38.512008958039786], [28.265954459440366, 38.51254794721026], [28.267571426951775, 38.51254794721026], [28.267571426951775, 38.51308693638073], [28.268110416122227, 38.51308693638073], [28.268110416122227, 38.512008958039786], [28.269188394463185, 38.512008958039786], [28.269188394463185, 38.511469968869314]]]}, "id": "+386407+84395", "properties": {"area_ha": 7.588615558511784, "count": 27, "label": 1, "mean_dnbr": 0.3809737642115145}}, {"type": "Feature", "geometry": {"geodesic": false, "type": "Polygon", "coordinates": [[[28.271344351145075, 38.210175022575626], [28.271883340315554, 38.210175022575626], [28.271883340315554, 38.2107140117461], [28.273500307826964, 38.2107140117461], [28.273500307826964, 38.21179199008704], [28.274039296997415, 38.21179199008704], [28.274039296997415, 38.212330979257516], [28.272961318656485, 38.212330979257516], [28.272961318656485, 38.21286996842799], [28.270266372804116, 38.21286996842799], [28.270266372804116, 38.212330979257516], [28.270805361974595, 38.212330979257516], [28.270805361974595, 38.21179199008704], [28.272422329486005, 38.21179199008704], [28.272422329486005, 38.21125300091657], [28.271344351145075, 38.21125300091657], [28.271344351145075, 38.210175022575626]]]}, "id": "+386411+84954", "properties": {"area_ha": 5.080157970150426, "count": 18, "label": 1, "mean_dnbr": 0.31446167810233194}}, {"type": "Feature", "geometry": {"geodesic": false, "type": "Polygon", "coordinates": [[[28.271344351145075, 37.88031365024694], [28.272422329486005, 37.88031365024694], [28.272422329486005, 37.88085263941741], [28.273500307826964, 37.88085263941741], [28.273500307826964, 37.881391628587885], [28.274039296997415, 37.881391628587885], [28.274039296997415, 37.883008596099295], [28.271883340315554, 37.883008596099295], [28.271883340315554, 37.88246960692882], [28.270805361974595, 37.88246960692882], [28.270805361974595, 37.88193061775836], [28.271344351145075, 37.88193061775836], [28.271344351145075, 37.88031365024694]]]}, "id": "+386412+85566", "properties": {"area_ha": 5.953622249028118, "count": 21, "label": 1, "mean_dnbr": 0.5252760360382976}}, {"type": "Feature", "geometry": {"geodesic": false, "type": "Polygon", "coordinates": [[[28.271344351145075, 38.52871762232441], [28.272961318656485, 38.52871762232441], [28.272961318656485, 38.52979560066535], [28.273500307826964, 38.52979560066535], [28.273500307826964, 38.5308735790063], [28.271883340315554, 38.5308735790063], [28.271883340315554, 38.52979560066535], [28.270805361974595, 38.52979560066535], [28.270805361974595, 38.52925661149488], [28.271344351145075, 38.52925661149488], [28.271344351145075, 38.52871762232441]]]}, "id": "+386413+84363", "properties": {"area_ha": 3.6529117853763293, "count": 13, "label": 1, "mean_dnbr": 0.3970425141181182}}, {"type": "Feature", "geometry": {"geodesic": false, "type": "Polygon", "coordinates": [[[28.272422329486005, 38.20155119584808], [28.272961318656485, 38.20155119584808], [28.272961318656485, 38.20262917418902], [28.275117275338374, 38.20262917418902], [28.275117275338374, 38.20316816335949], [28.274578286167895, 38.20316816335949], [28.274578286167895, 38.20424614170044], [28.274039296997415, 38.20424614170044], [28.274039296997415, 38.20478513087091], [28.273500307826964, 38.20478513087091], [28.273500307826964, 38.20424614170044], [28.271883340315554, 38.20424614170044], [28.271883340315554, 38.203707152529965], [28.270266372804116, 38.203707152529965], [28.270266372804116, 38.20316816335949], [28.270805361974595, 38.20316816335949], [28.270805361974595, 38.20209018501855], [28.272422329486005, 38.20209018501855], [28.272422329486005, 38.20155119584808]], [[28.272422329486005, 38.20316816335949], [28.272422329486005, 38.203707152529965], [28.271883340315554, 38.203707152529965], [28.271883340315554, 38.20316816335949], [28.272422329486005, 38.20316816335949]]]}, "id": "+386413+84970", "properties": {"area_ha": 7.338859386673064, "count": 26, "label": 1, "mean_dnbr": 0.39681310786436585}}, {"type": "Feature", "geometry": {"geodesic": false, "type": "Polygon", "coordinates": [[[28.272422329486005, 38.18430354239298], [28.272961318656485, 38.18430354239298], [28.272961318656485, 38.18538152073393], [28.274039296997415, 38.18538152073393], [28.274039296997415, 38.1859205099044], [28.274578286167895, 38.1859205099044], [28.274578286167895, 38.18645949907487], [28.274039296997415, 38.18645949907487], [28.274039296997415, 38.186998488245344], [28.274578286167895, 38.186998488245344], [28.274578286167895, 38.187537477415816], [28.275117275338374, 38.187537477415816], [28.275117275338374, 38.18807646658629], [28.275656264508854, 38.18807646658629], [28.275656264508854, 38.187537477415816], [28.277812221190743, 38.187537477415816], [28.277812221190743, 38.18861545575676], [28.278351210361194, 38.18861545575676], [28.278351210361194, 38.18807646658629], [28.278890199531673, 38.18807646658629], [28.278890199531673, 38.18861545575676], [28.279429188702153, 38.18861545575676], [28.279429188702153, 38.18807646658629], [28.279968177872604, 38.18807646658629], [28.279968177872604, 38.18861545575676], [28.281046156213563, 38.18861545575676], [28.281046156213563, 38.187537477415816], [28.282124134554493, 38.187537477415816], [28.282124134554493, 38.18915444492723], [28.281585145384042, 38.18915444492723], [28.281585145384042, 38.1896934340977], [28.280507167043083, 38.1896934340977], [28.280507167043083, 38.19077141243864], [28.278890199531673, 38.19077141243864], [28.278890199531673, 38.1896934340977], [28.277812221190743, 38.1896934340977], [28.277812221190743, 38.19023242326817], [28.276734242849784, 38.19023242326817], [28.276734242849784, 38.19077141243864], [28.277812221190743, 38.19077141243864], [28.277812221190743, 38.19184939077959], [28.278351210361194, 38.19184939077959], [28.278351210361194, 38.19238837995006], [28.277812221190743, 38.19238837995006], [28.277812221190743, 38.19184939077959], [28.276195253679305, 38.19184939077959], [28.276195253679305, 38.191310401609115], [28.275656264508854, 38.191310401609115], [28.275656264508854, 38.19023242326817], [28.274578286167895, 38.19023242326817], [28.274578286167895, 38.19077141243864], [28.274039296997415, 38.19077141243864], [28.274039296997415, 38.191310401609115], [28.274578286167895, 38.191310401609115], [28.274578286167895, 38.19184939077959], [28.273500307826964, 38.19184939077959], [28.273500307826964, 38.19454433663195], [28.274039296997415, 38.19454433663195], [28.274039296997415, 38.19400534746148], [28.275117275338374, 38.19400534746148], [28.275117275338374, 38.193466358291005], [28.275656264508854, 38.193466358291005], [28.275656264508854, 38.19400534746148], [28.276195253679305, 38.19400534746148], [28.276195253679305, 38.19508332580242], [28.276734242849784, 38.19508332580242], [28.276734242849784, 38.19670029331383], [28.277273232020264, 38.19670029331383], [28.277273232020264, 38.19616130414336], [28.278351210361194, 38.19616130414336], [28.278351210361194, 38.193466358291005], [28.279429188702153, 38.193466358291005], [28.279429188702153, 38.19400534746148], [28.279968177872604, 38.19400534746148], [28.279968177872604, 38.19292736912053], [28.278890199531673, 38.19292736912053], [28.278890199531673, 38.19184939077959], [28.279968177872604, 38.19184939077959], [28.279968177872604, 38.19292736912053], [28.280507167043083, 38.19292736912053], [28.280507167043083, 38.19400534746148], [28.281046156213563, 38.19400534746148], [28.281046156213563, 38.19454433663195], [28.281585145384042, 38.19454433663195], [28.281585145384042, 38.19508332580242], [28.282663123724973, 38.19508332580242], [28.282663123724973, 38.19454433663195], [28.282124134554493, 38.19454433663195], [28.282124134554493, 38.19400534746148], [28.281585145384042, 38.19400534746148], [28.281585145384042, 38.19238837995006], [28.282663123724973, 38.19238837995006], [28.282663123724973, 38.19184939077959], [28.28697503708875, 38.19184939077959], [28.28697503708875, 38.191310401609115], [28.28751402625923, 38.191310401609115], [28.28751402625923, 38.19077141243864], [28.288053015429682, 38.19077141243864], [28.288053015429682, 38.19184939077959], [28.28697503708875, 38.19184939077959], [28.28697503708875, 38.19238837995006], [28.28966998294112, 38.19238837995006], [28.28966998294112, 38.19292736912053], [28.29020897211157, 38.19292736912053], [28.29020897211157, 38.193466358291005], [28.28966998294112, 38.193466358291005], [28.28966998294112, 38.19400534746148], [28.28859200460016, 38.19400534746148], [28.28859200460016, 38.19454433663195], [28.28913099377064, 38.19454433663195], [28.28913099377064, 38.19508332580242], [28.29074796128205, 38.19508332580242], [28.29074796128205, 38.193466358291005], [28.29128695045253, 38.193466358291005], [28.29128695045253, 38.19508332580242], [28.29182593962298, 38.19508332580242], [28.29182593962298, 38.19454433663195], [28.29290391796394, 38.19454433663195], [28.29290391796394, 38.19508332580242], [28.29344290713442, 38.19508332580242], [28.29344290713442, 38.19670029331383], [28.29182593962298, 38.19670029331383], [28.29182593962298, 38.19616130414336], [28.29128695045253, 38.19616130414336], [28.29128695045253, 38.19508332580242], [28.29074796128205, 38.19508332580242], [28.29074796128205, 38.19562231497289], [28.28966998294112, 38.19562231497289], [28.28966998294112, 38.19616130414336], [28.28913099377064, 38.19616130414336], [28.28913099377064, 38.197239282484304], [28.28751402625923, 38.197239282484304], [28.28751402625923, 38.19831726082525], [28.28535806957734, 38.19831726082525], [28.28535806957734, 38.19939523916619], [28.284280091236383, 38.19939523916619], [28.284280091236383, 38.199934228336666], [28.28374110206593, 38.199934228336666], [28.28374110206593, 38.20047321750714], [28.283202112895452, 38.20047321750714], [28.283202112895452, 38.19939523916619], [28.282124134554493, 38.19939523916619], [28.282124134554493, 38.199934228336666], [28.281046156213563, 38.199934228336666], [28.281046156213563, 38.19939523916619], [28.280507167043083, 38.19939523916619], [28.280507167043083, 38.199934228336666], [28.279968177872604, 38.199934228336666], [28.279968177872604, 38.20101220667761], [28.279429188702153, 38.20101220667761], [28.279429188702153, 38.199934228336666], [28.278890199531673, 38.199934228336666], [28.278890199531673, 38.20209018501855], [28.278351210361194, 38.20209018501855], [28.278351210361194, 38.20047321750714], [28.277273232020264, 38.20047321750714], [28.277273232020264, 38.199934228336666], [28.275117275338374, 38.199934228336666], [28.275117275338374, 38.20101220667761], [28.274578286167895, 38.20101220667761], [28.274578286167895, 38.20155119584808], [28.274039296997415, 38.20155119584808], [28.274039296997415, 38.20101220667761], [28.272961318656485, 38.20101220667761], [28.272961318656485, 38.199934228336666], [28.274039296997415, 38.199934228336666], [28.274039296997415, 38.19939523916619], [28.273500307826964, 38.19939523916619], [28.273500307826964, 38.19831726082525], [28.272961318656485, 38.19831726082525], [28.272961318656485, 38.19777827165478], [28.274039296997415, 38.19777827165478], [28.274039296997415, 38.197239282484304], [28.274578286167895, 38.197239282484304], [28.274578286167895, 38.19777827165478], [28.275117275338374, 38.19777827165478], [28.275117275338374, 38.19885624999572], [28.277812221190743, 38.19885624999572], [28.277812221190743, 38.19831726082525], [28.277273232020264, 38.19831726082525], [28.277273232020264, 38.197239282484304], [28.276195253679305, 38.197239282484304], [28.276195253679305, 38.19670029331383], [28.275656264508854, 38.19670029331383], [28.275656264508854, 38.19616130414336], [28.275117275338374, 38.19616130414336], [28.275117275338374, 38.19562231497289], [28.274578286167895, 38.19562231497289], [28.274578286167895, 38.19616130414336], [28.274039296997415, 38.19616130414336], [28.274039296997415, 38.19562231497289], [28.273500307826964, 38.19562231497289], [28.273500307826964, 38.19454433663195], [28.272961318656485, 38.19454433663195], [28.272961318656485, 38.19562231497289], [28.272422329486005, 38.19562231497289], [28.272422329486005, 38.19616130414336], [28.271344351145075, 38.19616130414336], [28.271344351145075, 38.19562231497289], [28.270805361974595, 38.19562231497289], [28.270805361974595, 38.19454433663195], [28.270266372804116, 38.19454433663195], [28.270266372804116, 38.19508332580242], [28.269727383633665, 38.19508332580242], [28.269727383633665, 38.19454433663195], [28.270266372804116, 38.19454433663195], [28.270266372804116, 38.19400534746148], [28.270805361974595, 38.19400534746148], [28.270805361974595, 38.193466358291005], [28.269727383633665, 38.193466358291005], [28.269727383633665, 38.19400534746148], [28.269188394463185, 38.19400534746148], [28.269188394463185, 38.19508332580242], [28.268649405292706, 38.19508332580242], [28.268649405292706, 38.19454433663195], [28.268110416122227, 38.19454433663195], [28.268110416122227, 38.193466358291005], [28.269188394463185, 38.193466358291005], [28.269188394463185, 38.19238837995006], [28.267571426951775, 38.19238837995006], [28.267571426951775, 38.19184939077959], [28.266493448610817, 38.19184939077959], [28.266493448610817, 38.19238837995006], [28.267032437781296, 38.19238837995006], [28.267032437781296, 38.193466358291005], [28.265954459440366, 38.193466358291005], [28.265954459440366, 38.19454433663195], [28.265415470269886, 38.19454433663195], [28.265415470269886, 38.19508332580242], [28.265954459440366, 38.19508332580242], [28.265954459440366, 38.19562231497289], [28.266493448610817, 38.19562231497289], [28.266493448610817, 38.19670029331383], [28.267571426951775, 38.19670029331383], [28.267571426951775, 38.19616130414336], [28.267032437781296, 38.19616130414336], [28.267032437781296, 38.19562231497289], [28.268110416122227, 38.19562231497289], [28.268110416122227, 38.19616130414336], [28.268649405292706, 38.19616130414336], [28.268649405292706, 38.197239282484304], [28.268110416122227, 38.197239282484304], [28.268110416122227, 38.19777827165478], [28.269188394463185, 38.19777827165478], [28.269188394463185, 38.19885624999572], [28.269727383633665, 38.19885624999572], [28.269727383633665, 38.199934228336666], [28.270805361974595, 38.199934228336666], [28.270805361974595, 38.20047321750714], [28.269727383633665, 38.20047321750714], [28.269727383633665, 38.199934228336666], [28.269188394463185, 38.199934228336666], [28.269188394463185, 38.20047321750714], [28.268110416122227, 38.20047321750714], [28.268110416122227, 38.20101220667761], [28.268649405292706, 38.20101220667761], [28.268649405292706, 38.20155119584808], [28.268110416122227, 38.20155119584808], [28.268110416122227, 38.20262917418902], [28.268649405292706, 38.20262917418902], [28.268649405292706, 38.20209018501855], [28.269188394463185, 38.20209018501855], [28.269188394463185, 38.20155119584808], [28.269727383633665, 38.20155119584808], [28.269727383633665, 38.20262917418902], [28.269188394463185, 38.20262917418902], [28.269188394463185, 38.20316816335949], [28.267032437781296, 38.20316816335949], [28.267032437781296, 38.20209018501855], [28.267571426951775, 38.20209018501855], [28.267571426951775, 38.20155119584808], [28.268110416122227, 38.20155119584808], [28.268110416122227, 38.20101220667761], [28.267032437781296, 38.20101220667761], [28.267032437781296, 38.20155119584808], [28.266493448610817, 38.20155119584808], [28.266493448610817, 38.20209018501855], [28.265954459440366, 38.20209018501855], [28.265954459440366, 38.20155119584808], [28.265415470269886, 38.20155119584808], [28.265415470269886, 38.20262917418902], [28.264876481099407, 38.20262917418902], [28.264876481099407, 38.20209018501855], [28.264337491928927, 38.20209018501855], [28.264337491928927, 38.20101220667761], [28.264876481099407, 38.20101220667761], [28.264876481099407, 38.20155119584808], [28.265415470269886, 38.20155119584808], [28.265415470269886, 38.20047321750714], [28.266493448610817, 38.20047321750714], [28.266493448610817, 38.20101220667761], [28.267032437781296, 38.20101220667761], [28.267032437781296, 38.199934228336666], [28.268110416122227, 38.199934228336666], [28.268110416122227, 38.19939523916619], [28.269188394463185, 38.19939523916619], [28.269188394463185, 38.19885624999572], [28.267032437781296, 38.19885624999572], [28.267032437781296, 38.19831726082525], [28.267571426951775, 38.19831726082525], [28.267571426951775, 38.19777827165478], [28.266493448610817, 38.19777827165478], [28.266493448610817, 38.197239282484304], [28.265954459440366, 38.197239282484304], [28.265954459440366, 38.19670029331383], [28.265415470269886, 38.19670029331383], [28.265415470269886, 38.197239282484304], [28.264337491928927, 38.197239282484304], [28.264337491928927, 38.19831726082525], [28.263798502758476, 38.19831726082525], [28.263798502758476, 38.19777827165478], [28.262720524417517, 38.19777827165478], [28.262720524417517, 38.19885624999572], [28.264876481099407, 38.19885624999572], [28.264876481099407, 38.199934228336666], [28.264337491928927, 38.199934228336666], [28.264337491928927, 38.20047321750714], [28.263798502758476, 38.20047321750714], [28.263798502758476, 38.20155119584808], [28.262720524417517, 38.20155119584808], [28.262720524417517, 38.20262917418902], [28.262181535247038, 38.20262917418902], [28.262181535247038, 38.20316816335949], [28.261103556906107, 38.20316816335949], [28.261103556906107, 38.20209018501855], [28.260564567735628, 38.20209018501855], [28.260564567735628, 38.20155119584808], [28.260025578565177, 38.20155119584808], [28.260025578565177, 38.20262917418902], [28.25840861105374, 38.20262917418902], [28.25840861105374, 38.20101220667761], [28.257869621883287, 38.20101220667761], [28.257869621883287, 38.20155119584808], [28.257330632712808, 38.20155119584808], [28.257330632712808, 38.20101220667761], [28.25625265437185, 38.20101220667761], [28.25625265437185, 38.19939523916619], [28.25679164354233, 38.19939523916619], [28.25679164354233, 38.199934228336666], [28.257330632712808, 38.199934228336666], [28.257330632712808, 38.20047321750714], [28.258947600224218, 38.20047321750714], [28.258947600224218, 38.20155119584808], [28.260025578565177, 38.20155119584808], [28.260025578565177, 38.20101220667761], [28.261103556906107, 38.20101220667761], [28.261103556906107, 38.20209018501855], [28.262181535247038, 38.20209018501855], [28.262181535247038, 38.20155119584808], [28.262720524417517, 38.20155119584808], [28.262720524417517, 38.20101220667761], [28.261642546076587, 38.20101220667761], [28.261642546076587, 38.19885624999572], [28.262181535247038, 38.19885624999572], [28.262181535247038, 38.19777827165478], [28.262720524417517, 38.19777827165478], [28.262720524417517, 38.19670029331383], [28.259486589394697, 38.19670029331383], [28.259486589394697, 38.197239282484304], [28.258947600224218, 38.197239282484304], [28.258947600224218, 38.19831726082525], [28.259486589394697, 38.19831726082525], [28.259486589394697, 38.19885624999572], [28.260025578565177, 38.19885624999572], [28.260025578565177, 38.19831726082525], [28.261103556906107, 38.19831726082525], [28.261103556906107, 38.19939523916619], [28.260564567735628, 38.19939523916619], [28.260564567735628, 38.199934228336666], [28.25840861105374, 38.199934228336666], [28.25840861105374, 38.19939523916619], [28.257869621883287, 38.19939523916619], [28.257869621883287, 38.19670029331383], [28.257330632712808, 38.19670029331383], [28.257330632712808, 38.197239282484304], [28.25679164354233, 38.197239282484304], [28.25679164354233, 38.19885624999572], [28.25463568686044, 38.19885624999572], [28.25463568686044, 38.19939523916619], [28.25517467603092, 38.19939523916619], [28.25517467603092, 38.20101220667761], [28.255713665201398, 38.20101220667761], [28.255713665201398, 38.20155119584808], [28.25517467603092, 38.20155119584808], [28.25517467603092, 38.20209018501855], [28.257330632712808, 38.20209018501855], [28.257330632712808, 38.20262917418902], [28.257869621883287, 38.20262917418902], [28.257869621883287, 38.203707152529965], [28.25679164354233, 38.203707152529965], [28.25679164354233, 38.20424614170044], [28.257869621883287, 38.20424614170044], [28.257869621883287, 38.20478513087091], [28.25840861105374, 38.20478513087091], [28.25840861105374, 38.205863109211855], [28.257869621883287, 38.205863109211855], [28.257869621883287, 38.20640209838233], [28.257330632712808, 38.20640209838233], [28.257330632712808, 38.2069410875528], [28.25679164354233, 38.2069410875528], [28.25679164354233, 38.20748007672327], [28.255713665201398, 38.20748007672327], [28.255713665201398, 38.20801906589374], [28.25625265437185, 38.20801906589374], [28.25625265437185, 38.20855805506421], [28.255713665201398, 38.20855805506421], [28.255713665201398, 38.20801906589374], [28.25517467603092, 38.20801906589374], [28.25517467603092, 38.20855805506421], [28.25463568686044, 38.20855805506421], [28.25463568686044, 38.20909704423468], [28.25517467603092, 38.20909704423468], [28.25517467603092, 38.209636033405154], [28.25355770851951, 38.209636033405154], [28.25355770851951, 38.20855805506421], [28.254096697689988, 38.20855805506421], [28.254096697689988, 38.20801906589374], [28.25355770851951, 38.20801906589374], [28.25355770851951, 38.20748007672327], [28.254096697689988, 38.20748007672327], [28.254096697689988, 38.205863109211855], [28.25517467603092, 38.205863109211855], [28.25517467603092, 38.20478513087091], [28.255713665201398, 38.20478513087091], [28.255713665201398, 38.203707152529965], [28.25625265437185, 38.203707152529965], [28.25625265437185, 38.20262917418902], [28.25517467603092, 38.20262917418902], [28.25517467603092, 38.20209018501855], [28.254096697689988, 38.20209018501855], [28.254096697689988, 38.20155119584808], [28.25355770851951, 38.20155119584808], [28.25355770851951, 38.20209018501855], [28.25301871934903, 38.20209018501855], [28.25301871934903, 38.20155119584808], [28.25355770851951, 38.20155119584808], [28.25355770851951, 38.199934228336666], [28.25301871934903, 38.199934228336666], [28.25301871934903, 38.19939523916619], [28.254096697689988, 38.19939523916619], [28.254096697689988, 38.19885624999572], [28.25463568686044, 38.19885624999572], [28.25463568686044, 38.19831726082525], [28.25301871934903, 38.19831726082525], [28.25301871934903, 38.197239282484304], [28.25140175183762, 38.197239282484304], [28.25140175183762, 38.19777827165478], [28.2519407410081, 38.19777827165478], [28.2519407410081, 38.19831726082525], [28.24924579515573, 38.19831726082525], [28.24924579515573, 38.19777827165478], [28.2481678168148, 38.19777827165478], [28.2481678168148, 38.19831726082525], [28.24762882764432, 38.19831726082525], [28.24762882764432, 38.19885624999572], [28.24655084930336, 38.19885624999572], [28.24655084930336, 38.19831726082525], [28.24547287096243, 38.19831726082525], [28.24547287096243, 38.197239282484304], [28.24655084930336, 38.197239282484304], [28.24655084930336, 38.19616130414336], [28.24708983847384, 38.19616130414336], [28.24708983847384, 38.19562231497289], [28.2481678168148, 38.19562231497289], [28.2481678168148, 38.19508332580242], [28.24978478432621, 38.19508332580242], [28.24978478432621, 38.19562231497289], [28.24870680598525, 38.19562231497289], [28.24870680598525, 38.19616130414336], [28.25301871934903, 38.19616130414336], [28.25301871934903, 38.19670029331383], [28.254096697689988, 38.19670029331383], [28.254096697689988, 38.19562231497289], [28.25463568686044, 38.19562231497289], [28.25463568686044, 38.197239282484304], [28.25679164354233, 38.197239282484304], [28.25679164354233, 38.19670029331383], [28.25625265437185, 38.19670029331383], [28.25625265437185, 38.19616130414336], [28.25679164354233, 38.19616130414336], [28.25679164354233, 38.19562231497289], [28.263259513587997, 38.19562231497289], [28.263259513587997, 38.19670029331383], [28.263798502758476, 38.19670029331383], [28.263798502758476, 38.19508332580242], [28.264337491928927, 38.19508332580242], [28.264337491928927, 38.19454433663195], [28.263798502758476, 38.19454433663195], [28.263798502758476, 38.19400534746148], [28.263259513587997, 38.19400534746148], [28.263259513587997, 38.19508332580242], [28.262720524417517, 38.19508332580242], [28.262720524417517, 38.19454433663195], [28.262181535247038, 38.19454433663195], [28.262181535247038, 38.193466358291005], [28.263259513587997, 38.193466358291005], [28.263259513587997, 38.19292736912053], [28.263798502758476, 38.19292736912053], [28.263798502758476, 38.193466358291005], [28.264337491928927, 38.193466358291005], [28.264337491928927, 38.19292736912053], [28.264876481099407, 38.19292736912053], [28.264876481099407, 38.193466358291005], [28.265954459440366, 38.193466358291005], [28.265954459440366, 38.19292736912053], [28.265415470269886, 38.19292736912053], [28.265415470269886, 38.19184939077959], [28.265954459440366, 38.19184939077959], [28.265954459440366, 38.191310401609115], [28.264876481099407, 38.191310401609115], [28.264876481099407, 38.19184939077959], [28.264337491928927, 38.19184939077959], [28.264337491928927, 38.19238837995006], [28.263259513587997, 38.19238837995006], [28.263259513587997, 38.19184939077959], [28.262720524417517, 38.19184939077959], [28.262720524417517, 38.19077141243864], [28.263259513587997, 38.19077141243864], [28.263259513587997, 38.19023242326817], [28.262181535247038, 38.19023242326817], [28.262181535247038, 38.18861545575676], [28.261642546076587, 38.18861545575676], [28.261642546076587, 38.187537477415816], [28.262181535247038, 38.187537477415816], [28.262181535247038, 38.186998488245344], [28.263259513587997, 38.186998488245344], [28.263259513587997, 38.18807646658629], [28.263798502758476, 38.18807646658629], [28.263798502758476, 38.18861545575676], [28.264337491928927, 38.18861545575676], [28.264337491928927, 38.18915444492723], [28.264876481099407, 38.18915444492723], [28.264876481099407, 38.18861545575676], [28.265415470269886, 38.18861545575676], [28.265415470269886, 38.186998488245344], [28.264876481099407, 38.186998488245344], [28.264876481099407, 38.18645949907487], [28.265415470269886, 38.18645949907487], [28.265415470269886, 38.186998488245344], [28.266493448610817, 38.186998488245344], [28.266493448610817, 38.18645949907487], [28.267032437781296, 38.18645949907487], [28.267032437781296, 38.1859205099044], [28.268110416122227, 38.1859205099044], [28.268110416122227, 38.186998488245344], [28.266493448610817, 38.186998488245344], [28.266493448610817, 38.1896934340977], [28.265954459440366, 38.1896934340977], [28.265954459440366, 38.191310401609115], [28.267032437781296, 38.191310401609115], [28.267032437781296, 38.19077141243864], [28.268110416122227, 38.19077141243864], [28.268110416122227, 38.191310401609115], [28.268649405292706, 38.191310401609115], [28.268649405292706, 38.19184939077959], [28.269188394463185, 38.19184939077959], [28.269188394463185, 38.19238837995006], [28.270266372804116, 38.19238837995006], [28.270266372804116, 38.191310401609115], [28.269188394463185, 38.191310401609115], [28.269188394463185, 38.19077141243864], [28.270266372804116, 38.19077141243864], [28.270266372804116, 38.19023242326817], [28.269727383633665, 38.19023242326817], [28.269727383633665, 38.1896934340977], [28.270266372804116, 38.1896934340977], [28.270266372804116, 38.18915444492723], [28.269188394463185, 38.18915444492723], [28.269188394463185, 38.18807646658629], [28.271344351145075, 38.18807646658629], [28.271344351145075, 38.18861545575676], [28.271883340315554, 38.18861545575676], [28.271883340315554, 38.19023242326817], [28.272422329486005, 38.19023242326817], [28.272422329486005, 38.1896934340977], [28.272961318656485, 38.1896934340977], [28.272961318656485, 38.19023242326817], [28.274039296997415, 38.19023242326817], [28.274039296997415, 38.1896934340977], [28.274578286167895, 38.1896934340977], [28.274578286167895, 38.187537477415816], [28.274039296997415, 38.187537477415816], [28.274039296997415, 38.186998488245344], [28.272961318656485, 38.186998488245344], [28.272961318656485, 38.187537477415816], [28.272422329486005, 38.187537477415816], [28.272422329486005, 38.18807646658629], [28.271883340315554, 38.18807646658629], [28.271883340315554, 38.18538152073393], [28.272422329486005, 38.18538152073393], [28.272422329486005, 38.18430354239298]], [[28.255713665201398, 38.205863109211855], [28.255713665201398, 38.20640209838233], [28.25517467603092, 38.20640209838233], [28.25517467603092, 38.205863109211855], [28.255713665201398, 38.205863109211855]], [[28.258947600224218, 38.19885624999572], [28.258947600224218, 38.19939523916619], [28.25840861105374, 38.19939523916619], [28.25840861105374, 38.19885624999572], [28.258947600224218, 38.19885624999572]], [[28.262720524417517, 38.19885624999572], [28.262720524417517, 38.19939523916619], [28.262181535247038, 38.19939523916619], [28.262181535247038, 38.19885624999572], [28.262720524417517, 38.19885624999572]], [[28.266493448610817, 38.20101220667761], [28.266493448610817, 38.20155119584808], [28.265954459440366, 38.20155119584808], [28.265954459440366, 38.20101220667761], [28.266493448610817, 38.20101220667761]], [[28.258947600224218, 38.19670029331383], [28.258947600224218, 38.197239282484304], [28.25840861105374, 38.197239282484304], [28.25840861105374, 38.19670029331383], [28.258947600224218, 38.19670029331383]], [[28.257330632712808, 38.19616130414336], [28.257330632712808, 38.19670029331383], [28.25679164354233, 38.19670029331383], [28.25679164354233, 38.19616130414336], [28.257330632712808, 38.19616130414336]], [[28.264876481099407, 38.19508332580242], [28.264876481099407, 38.19562231497289], [28.264337491928927, 38.19562231497289], [28.264337491928927, 38.19508332580242], [28.264876481099407, 38.19508332580242]], [[28.279968177872604, 38.19885624999572], [28.279968177872604, 38.199934228336666], [28.279429188702153, 38.199934228336666], [28.279429188702153, 38.19885624999572], [28.279968177872604, 38.19885624999572]], [[28.284280091236383, 38.19777827165478], [28.284280091236383, 38.19831726082525], [28.28374110206593, 38.19831726082525], [28.28374110206593, 38.19777827165478], [28.284280091236383, 38.19777827165478]], [[28.283202112895452, 38.19616130414336], [28.283202112895452, 38.19670029331383], [28.282124134554493, 38.19670029331383], [28.282124134554493, 38.19616130414336], [28.283202112895452, 38.19616130414336]], [[28.281585145384042, 38.19508332580242], [28.281585145384042, 38.19670029331383], [28.282124134554493, 38.19670029331383], [28.282124134554493, 38.19777827165478], [28.280507167043083, 38.19777827165478], [28.280507167043083, 38.19831726082525], [28.279429188702153, 38.19831726082525], [28.279429188702153, 38.197239282484304], [28.280507167043083, 38.197239282484304], [28.280507167043083, 38.19616130414336], [28.281046156213563, 38.19616130414336], [28.281046156213563, 38.19508332580242], [28.281585145384042, 38.19508332580242]], [[28.28374110206593, 38.19508332580242], [28.28374110206593, 38.19562231497289], [28.283202112895452, 38.19562231497289], [28.283202112895452, 38.19508332580242], [28.28374110206593, 38.19508332580242]], [[28.28751402625923, 38.19508332580242], [28.28751402625923, 38.19562231497289], [28.28697503708875, 38.19562231497289], [28.28697503708875, 38.19508332580242], [28.28751402625923, 38.19508332580242]], [[28.28913099377064, 38.19508332580242], [28.28913099377064, 38.19562231497289], [28.288053015429682, 38.19562231497289], [28.288053015429682, 38.19508332580242], [28.28913099377064, 38.19508332580242]], [[28.275656264508854, 38.19454433663195], [28.275656264508854, 38.19508332580242], [28.275117275338374, 38.19508332580242], [28.275117275338374, 38.19454433663195], [28.275656264508854, 38.19454433663195]], [[28.288053015429682, 38.19400534746148], [28.288053015429682, 38.19508332580242], [28.28751402625923, 38.19508332580242], [28.28751402625923, 38.19454433663195], [28.28697503708875, 38.19454433663195], [28.28697503708875, 38.19400534746148], [28.288053015429682, 38.19400534746148]], [[28.272422329486005, 38.193466358291005], [28.272422329486005, 38.19454433663195], [28.271883340315554, 38.19454433663195], [28.271883340315554, 38.19400534746148], [28.271344351145075, 38.19400534746148], [28.271344351145075, 38.193466358291005], [28.272422329486005, 38.193466358291005]], [[28.28697503708875, 38.193466358291005], [28.28697503708875, 38.19400534746148], [28.286436047918272, 38.19400534746148], [28.286436047918272, 38.193466358291005], [28.28697503708875, 38.193466358291005]], [[28.28374110206593, 38.19238837995006], [28.28374110206593, 38.19292736912053], [28.284280091236383, 38.19292736912053], [28.284280091236383, 38.193466358291005], [28.284819080406862, 38.193466358291005], [28.284819080406862, 38.19292736912053], [28.286436047918272, 38.19292736912053], [28.286436047918272, 38.193466358291005], [28.28535806957734, 38.193466358291005], [28.28535806957734, 38.19400534746148], [28.285897058747793, 38.19400534746148], [28.285897058747793, 38.19508332580242], [28.284819080406862, 38.19508332580242], [28.284819080406862, 38.19400534746148], [28.28374110206593, 38.19400534746148], [28.28374110206593, 38.19454433663195], [28.283202112895452, 38.19454433663195], [28.283202112895452, 38.19238837995006], [28.28374110206593, 38.19238837995006]], [[28.272422329486005, 38.19077141243864], [28.272422329486005, 38.19184939077959], [28.272961318656485, 38.19184939077959], [28.272961318656485, 38.19238837995006], [28.271883340315554, 38.19238837995006], [28.271883340315554, 38.19077141243864], [28.272422329486005, 38.19077141243864]], [[28.264337491928927, 38.18915444492723], [28.264337491928927, 38.19023242326817], [28.263259513587997, 38.19023242326817], [28.263259513587997, 38.1896934340977], [28.263798502758476, 38.1896934340977], [28.263798502758476, 38.18915444492723], [28.264337491928927, 38.18915444492723]], [[28.279429188702153, 38.18915444492723], [28.279429188702153, 38.1896934340977], [28.278890199531673, 38.1896934340977], [28.278890199531673, 38.18915444492723], [28.279429188702153, 38.18915444492723]], [[28.276734242849784, 38.18861545575676], [28.276734242849784, 38.18915444492723], [28.276195253679305, 38.18915444492723], [28.276195253679305, 38.18861545575676], [28.276734242849784, 38.18861545575676]], [[28.279968177872604, 38.18861545575676], [28.279968177872604, 38.18915444492723], [28.279429188702153, 38.18915444492723], [28.279429188702153, 38.18861545575676], [28.279968177872604, 38.18861545575676]]]}, "id": "+386413+85002", "properties": {"area_ha": 248.1346729444625, "count": 879, "label": 1, "mean_dnbr": 0.4147508155177829}}, {"type": "Feature", "geometry": {"geodesic": false, "type": "Polygon", "coordinates": [[[28.272422329486005, 38.49691726126658], [28.273500307826964, 38.49691726126658], [28.273500307826964, 38.49799523960752], [28.274039296997415, 38.49799523960752], [28.274039296997415, 38.499612207118936], [28.274578286167895, 38.499612207118936], [28.274578286167895, 38.50015119628941], [28.274039296997415, 38.50015119628941], [28.274039296997415, 38.499612207118936], [28.273500307826964, 38.499612207118936], [28.273500307826964, 38.499073217948464], [28.272961318656485, 38.499073217948464], [28.272961318656485, 38.49853422877799], [28.272422329486005, 38.49853422877799], [28.272422329486005, 38.49799523960752], [28.271883340315554, 38.49799523960752], [28.271883340315554, 38.49745625043705], [28.272422329486005, 38.49745625043705], [28.272422329486005, 38.49691726126658]]]}, "id": "+386414+84422", "properties": {"area_ha": 3.3733934569085875, "count": 12, "label": 1, "mean_dnbr": 0.20238394143255894}}, {"type": "Feature", "geometry": {"geodesic": false, "type": "Polygon", "coordinates": [[[28.271883340315554, 37.87222881268986], [28.273500307826964, 37.87222881268986], [28.273500307826964, 37.87330679103081], [28.276195253679305, 37.87330679103081], [28.276195253679305, 37.87384578020128], [28.274039296997415, 37.87384578020128], [28.274039296997415, 37.87438476937175], [28.273500307826964, 37.87438476937175], [28.273500307826964, 37.874923758542224], [28.276734242849784, 37.874923758542224], [28.276734242849784, 37.87654072605363], [28.275656264508854, 37.87654072605363], [28.275656264508854, 37.87761870439458], [28.272961318656485, 37.87761870439458], [28.272961318656485, 37.87869668273552], [28.271883340315554, 37.87869668273552], [28.271883340315554, 37.87761870439458], [28.272422329486005, 37.87761870439458], [28.272422329486005, 37.877079715224106], [28.274578286167895, 37.877079715224106], [28.274578286167895, 37.87654072605363], [28.272961318656485, 37.87654072605363], [28.272961318656485, 37.875462747712696], [28.272422329486005, 37.875462747712696], [28.272422329486005, 37.874923758542224], [28.271883340315554, 37.874923758542224], [28.271883340315554, 37.87222881268986]]]}, "id": "+386414+85581", "properties": {"area_ha": 15.594162674646089, "count": 55, "label": 1, "mean_dnbr": 0.4284348352310359}}, {"type": "Feature", "geometry": {"geodesic": false, "type": "Polygon", "coordinates": [[[28.272422329486005, 38.57507069098498], [28.274039296997415, 38.57507069098498], [28.274039296997415, 38.57722664766686], [28.272961318656485, 38.57722664766686], [28.272961318656485, 38.57668765849639], [28.272422329486005, 38.57668765849639], [28.272422329486005, 38.57507069098498]]]}, "id": "+386415+84277", "properties": {"area_ha": 3.0889329480733125, "count": 11, "label": 1, "mean_dnbr": 0.4565424367101359}}, {"type": "Feature", "geometry": {"geodesic": false, "type": "Polygon", "coordinates": [[[28.276734242849784, 38.49853422877799], [28.277273232020264, 38.49853422877799], [28.277273232020264, 38.499612207118936], [28.277812221190743, 38.499612207118936], [28.277812221190743, 38.50015119628941], [28.277273232020264, 38.50015119628941], [28.277273232020264, 38.50069018545988], [28.277812221190743, 38.50069018545988], [28.277812221190743, 38.50122917463035], [28.278351210361194, 38.50122917463035], [28.278351210361194, 38.501768163800826], [28.277812221190743, 38.501768163800826], [28.277812221190743, 38.5023071529713], [28.276734242849784, 38.5023071529713], [28.276734242849784, 38.501768163800826], [28.276195253679305, 38.501768163800826], [28.276195253679305, 38.50122917463035], [28.276734242849784, 38.50122917463035], [28.276734242849784, 38.50069018545988], [28.276195253679305, 38.50069018545988], [28.276195253679305, 38.50015119628941], [28.275656264508854, 38.50015119628941], [28.275656264508854, 38.499612207118936], [28.276195253679305, 38.499612207118936], [28.276195253679305, 38.499073217948464], [28.276734242849784, 38.499073217948464], [28.276734242849784, 38.49853422877799]]]}, "id": "+386421+84419", "properties": {"area_ha": 4.778822068572494, "count": 17, "label": 1, "mean_dnbr": 0.2479793899346374}}, {"type": "Feature", "geometry": {"geodesic": false, "type": "Polygon", "coordinates": [[[28.276734242849784, 38.47805264030007], [28.278351210361194, 38.47805264030007], [28.278351210361194, 38.47913061864101], [28.278890199531673, 38.47913061864101], [28.278890199531673, 38.48020859698195], [28.276734242849784, 38.48020859698195], [28.276734242849784, 38.47805264030007]]]}, "id": "+386423+84457", "properties": {"area_ha": 3.936671281089105, "count": 14, "label": 1, "mean_dnbr": 0.45902610999899973}}, {"type": "Feature", "geometry": {"geodesic": false, "type": "Polygon", "coordinates": [[[28.278890199531673, 37.864682964303256], [28.279429188702153, 37.864682964303256], [28.279429188702153, 37.8657609426442], [28.281046156213563, 37.8657609426442], [28.281046156213563, 37.866838920985145], [28.279968177872604, 37.866838920985145], [28.279968177872604, 37.86629993181467], [28.279429188702153, 37.86629993181467], [28.279429188702153, 37.86737791015562], [28.277273232020264, 37.86737791015562], [28.277273232020264, 37.866838920985145], [28.278351210361194, 37.866838920985145], [28.278351210361194, 37.86629993181467], [28.277273232020264, 37.86629993181467], [28.277273232020264, 37.86522195347373], [28.278890199531673, 37.86522195347373], [28.278890199531673, 37.864682964303256]], [[28.279429188702153, 37.8657609426442], [28.279429188702153, 37.86629993181467], [28.278351210361194, 37.86629993181467], [28.278351210361194, 37.8657609426442], [28.279429188702153, 37.8657609426442]]]}, "id": "+386425+85595", "properties": {"area_ha": 5.1041828290202975, "count": 18, "label": 1, "mean_dnbr": 0.26359204825245747}}, {"type": "Feature", "geometry": {"geodesic": false, "type": "Polygon", "coordinates": [[[28.280507167043083, 38.20155119584808], [28.281046156213563, 38.20155119584808], [28.281046156213563, 38.20209018501855], [28.281585145384042, 38.20209018501855], [28.281585145384042, 38.20316816335949], [28.281046156213563, 38.20316816335949], [28.281046156213563, 38.203707152529965], [28.279429188702153, 38.203707152529965], [28.279429188702153, 38.20424614170044], [28.278890199531673, 38.20424614170044], [28.278890199531673, 38.203707152529965], [28.279429188702153, 38.203707152529965], [28.279429188702153, 38.20262917418902], [28.279968177872604, 38.20262917418902], [28.279968177872604, 38.20209018501855], [28.280507167043083, 38.20209018501855], [28.280507167043083, 38.20155119584808]]]}, "id": "+386428+84970", "properties": {"area_ha": 3.3871837414999346, "count": 12, "label": 1, "mean_dnbr": 0.3910192939050352}}, {"type": "Feature", "geometry": {"geodesic": false, "type": "Polygon", "coordinates": [[[28.277812221190743, 37.8619880184509], [28.281046156213563, 37.8619880184509], [28.281046156213563, 37.863065996791846], [28.277812221190743, 37.863065996791846], [28.277812221190743, 37.864143975132784], [28.277273232020264, 37.864143975132784], [28.277273232020264, 37.86360498596232], [28.276734242849784, 37.86360498596232], [28.276734242849784, 37.863065996791846], [28.277812221190743, 37.863065996791846], [28.277812221190743, 37.8619880184509]]]}, "id": "+386428+85600", "properties": {"area_ha": 4.2536846084031446, "count": 15, "label": 1, "mean_dnbr": 0.3610730368541589}}, {"type": "Feature", "geometry": {"geodesic": false, "type": "Polygon", "coordinates": [[[28.281046156213563, 37.874923758542224], [28.282124134554493, 37.874923758542224], [28.282124134554493, 37.87761870439458], [28.281585145384042, 37.87761870439458], [28.281585145384042, 37.87815769356505], [28.280507167043083, 37.87815769356505], [28.280507167043083, 37.87869668273552], [28.279968177872604, 37.87869668273552], [28.279968177872604, 37.87654072605363], [28.280507167043083, 37.87654072605363], [28.280507167043083, 37.875462747712696], [28.281046156213563, 37.875462747712696], [28.281046156213563, 37.874923758542224]]]}, "id": "+386430+85576", "properties": {"area_ha": 5.6705003400145735, "count": 20, "label": 1, "mean_dnbr": 0.5799357602033764}}, {"type": "Feature", "geometry": {"geodesic": false, "type": "Polygon", "coordinates": [[[28.282663123724973, 37.893788379508734], [28.284280091236383, 37.893788379508734], [28.284280091236383, 37.8943273686792], [28.28374110206593, 37.8943273686792], [28.28374110206593, 37.89594433619062], [28.282124134554493, 37.89594433619062], [28.282124134554493, 37.89486635784967], [28.282663123724973, 37.89486635784967], [28.282663123724973, 37.893788379508734]]]}, "id": "+386434+85541", "properties": {"area_ha": 3.118007225689838, "count": 11, "label": 1, "mean_dnbr": 0.30259131664806704}}, {"type": "Feature", "geometry": {"geodesic": false, "type": "Polygon", "coordinates": [[[28.28374110206593, 38.18430354239298], [28.28535806957734, 38.18430354239298], [28.28535806957734, 38.184842531563454], [28.284819080406862, 38.184842531563454], [28.284819080406862, 38.18538152073393], [28.284280091236383, 38.18538152073393], [28.284280091236383, 38.1859205099044], [28.28374110206593, 38.1859205099044], [28.28374110206593, 38.18538152073393], [28.282663123724973, 38.18538152073393], [28.282663123724973, 38.1859205099044], [28.282124134554493, 38.1859205099044], [28.282124134554493, 38.18645949907487], [28.281585145384042, 38.18645949907487], [28.281585145384042, 38.186998488245344], [28.280507167043083, 38.186998488245344], [28.280507167043083, 38.187537477415816], [28.278890199531673, 38.187537477415816], [28.278890199531673, 38.186998488245344], [28.278351210361194, 38.186998488245344], [28.278351210361194, 38.18645949907487], [28.281585145384042, 38.18645949907487], [28.281585145384042, 38.1859205099044], [28.282124134554493, 38.1859205099044], [28.282124134554493, 38.18538152073393], [28.281046156213563, 38.18538152073393], [28.281046156213563, 38.184842531563454], [28.281585145384042, 38.184842531563454], [28.281585145384042, 38.18430354239298], [28.282124134554493, 38.18430354239298], [28.282124134554493, 38.184842531563454], [28.28374110206593, 38.184842531563454], [28.28374110206593, 38.18430354239298]]]}, "id": "+386436+85002", "properties": {"area_ha": 6.493597123430532, "count": 23, "label": 1, "mean_dnbr": 0.2830894340402185}}, {"type": "Feature", "geometry": {"geodesic": false, "type": "Polygon", "coordinates": [[[28.284280091236383, 38.51308693638073], [28.285897058747793, 38.51308693638073], [28.285897058747793, 38.514164914721675], [28.286436047918272, 38.514164914721675], [28.286436047918272, 38.51524289306261], [28.284280091236383, 38.51524289306261], [28.284280091236383, 38.51308693638073]]]}, "id": "+386437+84392", "properties": {"area_ha": 3.9347572528908357, "count": 14, "label": 1, "mean_dnbr": 0.5394818888168333}}, {"type": "Feature", "geometry": {"geodesic": false, "type": "Polygon", "coordinates": [[[28.284819080406862, 37.90888007628194], [28.286436047918272, 37.90888007628194], [28.286436047918272, 37.90941906545241], [28.285897058747793, 37.90941906545241], [28.285897058747793, 37.909958054622884], [28.288053015429682, 37.909958054622884], [28.288053015429682, 37.91103603296383], [28.28859200460016, 37.91103603296383], [28.28859200460016, 37.9115750221343], [28.288053015429682, 37.9115750221343], [28.288053015429682, 37.91211401130477], [28.28535806957734, 37.91211401130477], [28.28535806957734, 37.91265300047524], [28.284819080406862, 37.91265300047524], [28.284819080406862, 37.910497043793356], [28.28535806957734, 37.910497043793356], [28.28535806957734, 37.90941906545241], [28.284819080406862, 37.90941906545241], [28.284819080406862, 37.90888007628194]]]}, "id": "+386438+85513", "properties": {"area_ha": 8.218419299459374, "count": 29, "label": 1, "mean_dnbr": 0.3345089933085963}}, {"type": "Feature", "geometry": {"geodesic": false, "type": "Polygon", "coordinates": [[[28.286436047918272, 38.4812865753229], [28.28751402625923, 38.4812865753229], [28.28751402625923, 38.48236455366384], [28.28697503708875, 38.48236455366384], [28.28697503708875, 38.482903542834315], [28.28751402625923, 38.482903542834315], [28.28751402625923, 38.48344253200479], [28.28697503708875, 38.48344253200479], [28.28697503708875, 38.48398152117526], [28.286436047918272, 38.48398152117526], [28.286436047918272, 38.48344253200479], [28.285897058747793, 38.48344253200479], [28.285897058747793, 38.48398152117526], [28.28535806957734, 38.48398152117526], [28.28535806957734, 38.48344253200479], [28.284819080406862, 38.48344253200479], [28.284819080406862, 38.482903542834315], [28.28535806957734, 38.482903542834315], [28.28535806957734, 38.48236455366384], [28.285897058747793, 38.48236455366384], [28.285897058747793, 38.48182556449337], [28.286436047918272, 38.48182556449337], [28.286436047918272, 38.4812865753229]], [[28.28697503708875, 38.482903542834315], [28.28697503708875, 38.48344253200479], [28.286436047918272, 38.48344253200479], [28.286436047918272, 38.482903542834315], [28.28697503708875, 38.482903542834315]]]}, "id": "+386440+84451", "properties": {"area_ha": 3.936477537575036, "count": 14, "label": 1, "mean_dnbr": 0.20112397498345305}}, {"type": "Feature", "geometry": {"geodesic": false, "type": "Polygon", "coordinates": [[[28.28751402625923, 38.20155119584808], [28.288053015429682, 38.20155119584808], [28.288053015429682, 38.20209018501855], [28.28751402625923, 38.20209018501855], [28.28751402625923, 38.20262917418902], [28.28697503708875, 38.20262917418902], [28.28697503708875, 38.203707152529965], [28.285897058747793, 38.203707152529965], [28.285897058747793, 38.20316816335949], [28.28535806957734, 38.20316816335949], [28.28535806957734, 38.203707152529965], [28.284819080406862, 38.203707152529965], [28.284819080406862, 38.20424614170044], [28.28535806957734, 38.20424614170044], [28.28535806957734, 38.205863109211855], [28.284819080406862, 38.205863109211855], [28.284819080406862, 38.20640209838233], [28.28374110206593, 38.20640209838233], [28.28374110206593, 38.20478513087091], [28.282663123724973, 38.20478513087091], [28.282663123724973, 38.20640209838233], [28.282124134554493, 38.20640209838233], [28.282124134554493, 38.205863109211855], [28.281046156213563, 38.205863109211855], [28.281046156213563, 38.2069410875528], [28.277273232020264, 38.2069410875528], [28.277273232020264, 38.20640209838233], [28.279429188702153, 38.20640209838233], [28.279429188702153, 38.205863109211855], [28.281046156213563, 38.205863109211855], [28.281046156213563, 38.20478513087091], [28.281585145384042, 38.20478513087091], [28.281585145384042, 38.203707152529965], [28.282124134554493, 38.203707152529965], [28.282124134554493, 38.20478513087091], [28.282663123724973, 38.20478513087091], [28.282663123724973, 38.20424614170044], [28.283202112895452, 38.20424614170044], [28.283202112895452, 38.20316816335949], [28.28374110206593, 38.20316816335949], [28.28374110206593, 38.203707152529965], [28.284819080406862, 38.203707152529965], [28.284819080406862, 38.20262917418902], [28.28374110206593, 38.20262917418902], [28.28374110206593, 38.20155119584808], [28.284819080406862, 38.20155119584808], [28.284819080406862, 38.20209018501855], [28.28535806957734, 38.20209018501855], [28.28535806957734, 38.20155119584808], [28.285897058747793, 38.20155119584808], [28.285897058747793, 38.20209018501855], [28.28751402625923, 38.20209018501855], [28.28751402625923, 38.20155119584808]], [[28.285897058747793, 38.20209018501855], [28.285897058747793, 38.20262917418902], [28.28535806957734, 38.20262917418902], [28.28535806957734, 38.20209018501855], [28.285897058747793, 38.20209018501855]]]}, "id": "+386441+84970", "properties": {"area_ha": 14.959752659806082, "count": 53, "label": 1, "mean_dnbr": 0.4141279173340609}}, {"type": "Feature", "geometry": {"geodesic": false, "type": "Polygon", "coordinates": [[[28.28535806957734, 37.89109343365637], [28.288053015429682, 37.89109343365637], [28.288053015429682, 37.891632422826845], [28.28751402625923, 37.891632422826845], [28.28751402625923, 37.89324939033826], [28.28535806957734, 37.89324939033826], [28.28535806957734, 37.89109343365637]]]}, "id": "+386441+85546", "properties": {"area_ha": 4.8189131003311285, "count": 17, "label": 1, "mean_dnbr": 0.2683345643842207}}, {"type": "Feature", "geometry": {"geodesic": false, "type": "Polygon", "coordinates": [[[28.286436047918272, 37.87330679103081], [28.288053015429682, 37.87330679103081], [28.288053015429682, 37.875462747712696], [28.28751402625923, 37.875462747712696], [28.28751402625923, 37.87600173688317], [28.286436047918272, 37.87600173688317], [28.286436047918272, 37.87330679103081]]]}, "id": "+386441+85579", "properties": {"area_ha": 3.9694657181944777, "count": 14, "label": 1, "mean_dnbr": 0.3317419455096918}}, {"type": "Feature", "geometry": {"geodesic": false, "type": "Polygon", "coordinates": [[[28.286436047918272, 38.20424614170044], [28.28859200460016, 38.20424614170044], [28.28859200460016, 38.20478513087091], [28.28913099377064, 38.20478513087091], [28.28913099377064, 38.205863109211855], [28.288053015429682, 38.205863109211855], [28.288053015429682, 38.20532412004138], [28.28859200460016, 38.20532412004138], [28.28859200460016, 38.20478513087091], [28.28751402625923, 38.20478513087091], [28.28751402625923, 38.205863109211855], [28.285897058747793, 38.205863109211855], [28.285897058747793, 38.20532412004138], [28.286436047918272, 38.20532412004138], [28.286436047918272, 38.20424614170044]]]}, "id": "+386442+84965", "properties": {"area_ha": 3.3870761801279783, "count": 12, "label": 1, "mean_dnbr": 0.37313359084691167}}, {"type": "Feature", "geometry": {"geodesic": false, "type": "Polygon", "coordinates": [[[28.28859200460016, 38.49422231541422], [28.28966998294112, 38.49422231541422], [28.28966998294112, 38.49476130458469], [28.28859200460016, 38.49476130458469], [28.28859200460016, 38.495300293755164], [28.29020897211157, 38.495300293755164], [28.29020897211157, 38.49637827209611], [28.28913099377064, 38.49637827209611], [28.28913099377064, 38.49691726126658], [28.288053015429682, 38.49691726126658], [28.288053015429682, 38.49637827209611], [28.28751402625923, 38.49637827209611], [28.28751402625923, 38.49422231541422], [28.288053015429682, 38.49422231541422], [28.288053015429682, 38.49476130458469], [28.28859200460016, 38.49476130458469], [28.28859200460016, 38.49422231541422]]]}, "id": "+386444+84427", "properties": {"area_ha": 4.779150368548195, "count": 17, "label": 1, "mean_dnbr": 0.20836430872309625}}, {"type": "Feature", "geometry": {"geodesic": false, "type": "Polygon", "coordinates": [[[28.29074796128205, 38.19831726082525], [28.29128695045253, 38.19831726082525], [28.29128695045253, 38.19885624999572], [28.29236492879346, 38.19885624999572], [28.29236492879346, 38.199934228336666], [28.28966998294112, 38.199934228336666], [28.28966998294112, 38.20047321750714], [28.288053015429682, 38.20047321750714], [28.288053015429682, 38.19831726082525], [28.29020897211157, 38.19831726082525], [28.29020897211157, 38.19885624999572], [28.29074796128205, 38.19885624999572], [28.29074796128205, 38.19831726082525]]]}, "id": "+386447+84976", "properties": {"area_ha": 6.774702964398044, "count": 24, "label": 1, "mean_dnbr": 0.40530804282728583}}, {"type": "Feature", "geometry": {"geodesic": false, "type": "Polygon", "coordinates": [[[28.28966998294112, 37.89217141199732], [28.29128695045253, 37.89217141199732], [28.29128695045253, 37.8943273686792], [28.28966998294112, 37.8943273686792], [28.28966998294112, 37.89217141199732]]]}, "id": "+386447+85544", "properties": {"area_ha": 3.401538274233396, "count": 12, "label": 1, "mean_dnbr": 0.3575488233858919}}, {"type": "Feature", "geometry": {"geodesic": false, "type": "Polygon", "coordinates": [[[28.29290391796394, 37.88408657444024], [28.29344290713442, 37.88408657444024], [28.29344290713442, 37.88462556361071], [28.29721583132772, 37.88462556361071], [28.29721583132772, 37.8867815202926], [28.29452088547535, 37.8867815202926], [28.29452088547535, 37.88624253112213], [28.29559886381631, 37.88624253112213], [28.29559886381631, 37.885703541951656], [28.29398189630487, 37.885703541951656], [28.29398189630487, 37.885164552781184], [28.29344290713442, 37.885164552781184], [28.29344290713442, 37.885703541951656], [28.29236492879346, 37.885703541951656], [28.29236492879346, 37.88462556361071], [28.29290391796394, 37.88462556361071], [28.29290391796394, 37.88408657444024]]]}, "id": "+386451+85559", "properties": {"area_ha": 7.370757104712066, "count": 26, "label": 1, "mean_dnbr": 0.40908606362554195}}, {"type": "Feature", "geometry": {"geodesic": false, "type": "Polygon", "coordinates": [[[28.29290391796394, 38.472662748595354], [28.29398189630487, 38.472662748595354], [28.29398189630487, 38.47320173776582], [28.29505987464583, 38.47320173776582], [28.29505987464583, 38.47481870527724], [28.29452088547535, 38.47481870527724], [28.29452088547535, 38.474279716106764], [28.29344290713442, 38.474279716106764], [28.29344290713442, 38.47481870527724], [28.29290391796394, 38.47481870527724], [28.29290391796394, 38.472662748595354]]]}, "id": "+386452+84467", "properties": {"area_ha": 3.374541603242202, "count": 12, "label": 1, "mean_dnbr": 0.2936436450481429}}, {"type": "Feature", "geometry": {"geodesic": false, "type": "Polygon", "coordinates": [[[28.29344290713442, 37.864682964303256], [28.29398189630487, 37.864682964303256], [28.29398189630487, 37.86522195347373], [28.29452088547535, 37.86522195347373], [28.29452088547535, 37.8657609426442], [28.29398189630487, 37.8657609426442], [28.29398189630487, 37.86629993181467], [28.29452088547535, 37.86629993181467], [28.29452088547535, 37.86845588849656], [28.29182593962298, 37.86845588849656], [28.29182593962298, 37.86791689932609], [28.29128695045253, 37.86791689932609], [28.29128695045253, 37.86629993181467], [28.29236492879346, 37.86629993181467], [28.29236492879346, 37.86522195347373], [28.29344290713442, 37.86522195347373], [28.29344290713442, 37.864682964303256]]]}, "id": "+386452+85595", "properties": {"area_ha": 8.790463114941879, "count": 31, "label": 1, "mean_dnbr": 0.3970490054666702}}, {"type": "Feature", "geometry": {"geodesic": false, "type": "Polygon", "coordinates": [[[28.29290391796394, 37.852286213382406], [28.29398189630487, 37.852286213382406], [28.29398189630487, 37.85282520255288], [28.29452088547535, 37.85282520255288], [28.29452088547535, 37.85336419172335], [28.29505987464583, 37.85336419172335], [28.29505987464583, 37.85390318089382], [28.29667684215724, 37.85390318089382], [28.29667684215724, 37.85336419172335], [28.29721583132772, 37.85336419172335], [28.29721583132772, 37.85390318089382], [28.29667684215724, 37.85390318089382], [28.29667684215724, 37.85498115923477], [28.29613785298676, 37.85498115923477], [28.29613785298676, 37.85552014840524], [28.29559886381631, 37.85552014840524], [28.29559886381631, 37.85605913757571], [28.29505987464583, 37.85605913757571], [28.29505987464583, 37.856598126746185], [28.29398189630487, 37.856598126746185], [28.29398189630487, 37.85605913757571], [28.29290391796394, 37.85605913757571], [28.29290391796394, 37.85498115923477], [28.29452088547535, 37.85498115923477], [28.29452088547535, 37.854442170064296], [28.29505987464583, 37.854442170064296], [28.29505987464583, 37.85390318089382], [28.29398189630487, 37.85390318089382], [28.29398189630487, 37.85336419172335], [28.29344290713442, 37.85336419172335], [28.29344290713442, 37.85282520255288], [28.29290391796394, 37.85282520255288], [28.29290391796394, 37.852286213382406]]]}, "id": "+386452+85618", "properties": {"area_ha": 7.6574640559632945, "count": 27, "label": 1, "mean_dnbr": 0.31350266287305784}}, {"type": "Feature", "geometry": {"geodesic": false, "type": "Polygon", "coordinates": [[[28.29452088547535, 38.512008958039786], [28.29505987464583, 38.512008958039786], [28.29505987464583, 38.51254794721026], [28.29559886381631, 38.51254794721026], [28.29559886381631, 38.51308693638073], [28.29613785298676, 38.51308693638073], [28.29613785298676, 38.5136259255512], [28.29398189630487, 38.5136259255512], [28.29398189630487, 38.514164914721675], [28.28966998294112, 38.514164914721675], [28.28966998294112, 38.5136259255512], [28.29128695045253, 38.5136259255512], [28.29128695045253, 38.51254794721026], [28.29452088547535, 38.51254794721026], [28.29452088547535, 38.512008958039786]]]}, "id": "+386454+84394", "properties": {"area_ha": 7.3075286597087254, "count": 26, "label": 1, "mean_dnbr": 0.3867481988593497}}, {"type": "Feature", "geometry": {"geodesic": false, "type": "Polygon", "coordinates": [[[28.29452088547535, 37.87115083434892], [28.29505987464583, 37.87115083434892], [28.29505987464583, 37.87168982351939], [28.29559886381631, 37.87168982351939], [28.29559886381631, 37.87222881268986], [28.29613785298676, 37.87222881268986], [28.29613785298676, 37.87384578020128], [28.29290391796394, 37.87384578020128], [28.29290391796394, 37.872767801860334], [28.29344290713442, 37.872767801860334], [28.29344290713442, 37.87168982351939], [28.29452088547535, 37.87168982351939], [28.29452088547535, 37.87115083434892]]]}, "id": "+386454+85583", "properties": {"area_ha": 6.237908001924939, "count": 22, "label": 1, "mean_dnbr": 0.5208596322288248}}, {"type": "Feature", "geometry": {"geodesic": false, "type": "Polygon", "coordinates": [[[28.29667684215724, 38.18053061819968], [28.29775482049817, 38.18053061819968], [28.29775482049817, 38.18160859654063], [28.29829380966865, 38.18160859654063], [28.29829380966865, 38.1821475857111], [28.29775482049817, 38.1821475857111], [28.29775482049817, 38.18268657488157], [28.29667684215724, 38.18268657488157], [28.29667684215724, 38.183225564052044], [28.29721583132772, 38.183225564052044], [28.29721583132772, 38.18376455322251], [28.29667684215724, 38.18376455322251], [28.29667684215724, 38.18430354239298], [28.29559886381631, 38.18430354239298], [28.29559886381631, 38.183225564052044], [28.29505987464583, 38.183225564052044], [28.29505987464583, 38.18538152073393], [28.29398189630487, 38.18538152073393], [28.29398189630487, 38.1859205099044], [28.29452088547535, 38.1859205099044], [28.29452088547535, 38.186998488245344], [28.29344290713442, 38.186998488245344], [28.29344290713442, 38.18645949907487], [28.29290391796394, 38.18645949907487], [28.29290391796394, 38.186998488245344], [28.29236492879346, 38.186998488245344], [28.29236492879346, 38.184842531563454], [28.29344290713442, 38.184842531563454], [28.29344290713442, 38.18268657488157], [28.29613785298676, 38.18268657488157], [28.29613785298676, 38.18160859654063], [28.29667684215724, 38.18160859654063], [28.29667684215724, 38.18053061819968]]]}, "id": "+386459+85009", "properties": {"area_ha": 12.98757158004858, "count": 46, "label": 1, "mean_dnbr": 0.42238238658948296}}, {"type": "Feature", "geometry": {"geodesic": false, "type": "Polygon", "coordinates": [[[28.29721583132772, 38.18430354239298], [28.29829380966865, 38.18430354239298], [28.29829380966865, 38.1859205099044], [28.29775482049817, 38.1859205099044], [28.29775482049817, 38.18645949907487], [28.29667684215724, 38.18645949907487], [28.29667684215724, 38.186998488245344], [28.29559886381631, 38.186998488245344], [28.29559886381631, 38.1859205099044], [28.29613785298676, 38.1859205099044], [28.29613785298676, 38.184842531563454], [28.29667684215724, 38.184842531563454], [28.29667684215724, 38.18538152073393], [28.29721583132772, 38.18538152073393], [28.29721583132772, 38.18430354239298]], [[28.29667684215724, 38.1859205099044], [28.29667684215724, 38.18645949907487], [28.29613785298676, 38.18645949907487], [28.29613785298676, 38.1859205099044], [28.29667684215724, 38.1859205099044]], [[28.29775482049817, 38.18538152073393], [28.29775482049817, 38.1859205099044], [28.29721583132772, 38.1859205099044], [28.29721583132772, 38.18538152073393], [28.29775482049817, 38.18538152073393]]]}, "id": "+386460+85002", "properties": {"area_ha": 3.670316066933087, "count": 13, "label": 1, "mean_dnbr": 0.34550693403140015}}, {"type": "Feature", "geometry": {"geodesic": false, "type": "Polygon", "coordinates": [[[28.29829380966865, 37.88193061775836], [28.29883279883913, 37.88193061775836], [28.29883279883913, 37.88246960692882], [28.30098875552102, 37.88246960692882], [28.30098875552102, 37.883008596099295], [28.301527744691498, 37.883008596099295], [28.301527744691498, 37.88354758526977], [28.29991077718006, 37.88354758526977], [28.29991077718006, 37.88408657444024], [28.29937178800961, 37.88408657444024], [28.29937178800961, 37.88354758526977], [28.29883279883913, 37.88354758526977], [28.29883279883913, 37.88246960692882], [28.29829380966865, 37.88246960692882], [28.29829380966865, 37.88193061775836]]]}, "id": "+386461+85563", "properties": {"area_ha": 3.1185055361687524, "count": 11, "label": 1, "mean_dnbr": 0.301367791958042}}, {"type": "Feature", "geometry": {"geodesic": false, "type": "Polygon", "coordinates": [[[28.29829380966865, 37.87600173688317], [28.29937178800961, 37.87600173688317], [28.29937178800961, 37.87654072605363], [28.30044976635054, 37.87654072605363], [28.30044976635054, 37.87815769356505], [28.29991077718006, 37.87815769356505], [28.29991077718006, 37.879235671905995], [28.29883279883913, 37.879235671905995], [28.29883279883913, 37.87869668273552], [28.29829380966865, 37.87869668273552], [28.29829380966865, 37.87600173688317]]]}, "id": "+386462+85574", "properties": {"area_ha": 5.386914720708121, "count": 19, "label": 1, "mean_dnbr": 0.47654619952726807}}, {"type": "Feature", "geometry": {"geodesic": false, "type": "Polygon", "coordinates": [[[28.30206673386195, 38.172445780642605], [28.30260572303243, 38.172445780642605], [28.30260572303243, 38.17406274815402], [28.30206673386195, 38.17406274815402], [28.30206673386195, 38.175140726494966], [28.301527744691498, 38.175140726494966], [28.301527744691498, 38.17567971566544], [28.30260572303243, 38.17567971566544], [28.30260572303243, 38.17621870483591], [28.30044976635054, 38.17621870483591], [28.30044976635054, 38.17675769400638], [28.301527744691498, 38.17675769400638], [28.301527744691498, 38.177296683176856], [28.30098875552102, 38.177296683176856], [28.30098875552102, 38.17945263985874], [28.30044976635054, 38.17945263985874], [28.30044976635054, 38.17999162902921], [28.29991077718006, 38.17999162902921], [28.29991077718006, 38.17837466151779], [28.30044976635054, 38.17837466151779], [28.30044976635054, 38.177296683176856], [28.29991077718006, 38.177296683176856], [28.29991077718006, 38.17567971566544], [28.30044976635054, 38.17567971566544], [28.30044976635054, 38.175140726494966], [28.29937178800961, 38.175140726494966], [28.29937178800961, 38.174601737324494], [28.30044976635054, 38.174601737324494], [28.30044976635054, 38.17406274815402], [28.29991077718006, 38.17406274815402], [28.29991077718006, 38.17298476981308], [28.30044976635054, 38.17298476981308], [28.30044976635054, 38.17406274815402], [28.30098875552102, 38.17406274815402], [28.30098875552102, 38.174601737324494], [28.301527744691498, 38.174601737324494], [28.301527744691498, 38.17352375898355], [28.30206673386195, 38.17352375898355], [28.30206673386195, 38.172445780642605]], [[28.30098875552102, 38.174601737324494], [28.30098875552102, 38.175140726494966], [28.30044976635054, 38.175140726494966], [28.30044976635054, 38.174601737324494], [28.30098875552102, 38.174601737324494]]]}, "id": "+386468+85024", "properties": {"area_ha": 8.471093817481117, "count": 30, "label": 1, "mean_dnbr": 0.3626575558474007}}, {"type": "Feature", "geometry": {"geodesic": false, "type": "Polygon", "coordinates": [[[28.30260572303243, 37.85390318089382], [28.30422269054384, 37.85390318089382], [28.30422269054384, 37.854442170064296], [28.303683701373387, 37.854442170064296], [28.303683701373387, 37.85498115923477], [28.30422269054384, 37.85498115923477], [28.30422269054384, 37.85552014840524], [28.304761679714318, 37.85552014840524], [28.304761679714318, 37.856598126746185], [28.30422269054384, 37.856598126746185], [28.30422269054384, 37.85605913757571], [28.30206673386195, 37.85605913757571], [28.30206673386195, 37.856598126746185], [28.301527744691498, 37.856598126746185], [28.301527744691498, 37.85552014840524], [28.30206673386195, 37.85552014840524], [28.30206673386195, 37.85498115923477], [28.30260572303243, 37.85498115923477], [28.30260572303243, 37.85390318089382]]]}, "id": "+386471+85615", "properties": {"area_ha": 4.821331874263317, "count": 17, "label": 1, "mean_dnbr": 0.2789333464633441}}, {"type": "Feature", "geometry": {"geodesic": false, "type": "Polygon", "coordinates": [[[28.303144712202908, 38.474279716106764], [28.304761679714318, 38.474279716106764], [28.304761679714318, 38.47589668361818], [28.30422269054384, 38.47589668361818], [28.30422269054384, 38.476435672788654], [28.303144712202908, 38.476435672788654], [28.303144712202908, 38.474279716106764]]]}, "id": "+386472+84464", "properties": {"area_ha": 3.09326223822514, "count": 11, "label": 1, "mean_dnbr": 0.3216233729418316}}, {"type": "Feature", "geometry": {"geodesic": false, "type": "Polygon", "coordinates": [[[28.30260572303243, 37.864682964303256], [28.304761679714318, 37.864682964303256], [28.304761679714318, 37.86629993181467], [28.30422269054384, 37.86629993181467], [28.30422269054384, 37.866838920985145], [28.303144712202908, 37.866838920985145], [28.303144712202908, 37.8657609426442], [28.30260572303243, 37.8657609426442], [28.30260572303243, 37.866838920985145], [28.30044976635054, 37.866838920985145], [28.30044976635054, 37.8657609426442], [28.30260572303243, 37.8657609426442], [28.30260572303243, 37.864682964303256]]]}, "id": "+386472+85595", "properties": {"area_ha": 5.954898851471852, "count": 21, "label": 1, "mean_dnbr": 0.3650052004899218}}, {"type": "Feature", "geometry": {"geodesic": false, "type": "Polygon", "coordinates": [[[28.307995614737138, 37.85713711591666], [28.308534603907617, 37.85713711591666], [28.308534603907617, 37.85767610508713], [28.307995614737138, 37.85767610508713], [28.307995614737138, 37.858215094257595], [28.308534603907617, 37.858215094257595], [28.308534603907617, 37.860371050939484], [28.30206673386195, 37.860371050939484], [28.30206673386195, 37.85929307259854], [28.305300668884797, 37.85929307259854], [28.305300668884797, 37.85875408342807], [28.30583965805525, 37.85875408342807], [28.30583965805525, 37.858215094257595], [28.307456625566687, 37.858215094257595], [28.307456625566687, 37.85767610508713], [28.307995614737138, 37.85767610508713], [28.307995614737138, 37.85713711591666]]]}, "id": "+386479+85609", "properties": {"area_ha": 10.493056250274734, "count": 37, "label": 1, "mean_dnbr": 0.5673893939607425}}, {"type": "Feature", "geometry": {"geodesic": false, "type": "Polygon", "coordinates": [[[28.309612582248576, 37.862527007621374], [28.310690560589507, 37.862527007621374], [28.310690560589507, 37.863065996791846], [28.309612582248576, 37.863065996791846], [28.309612582248576, 37.86360498596232], [28.309073593078097, 37.86360498596232], [28.309073593078097, 37.864682964303256], [28.309612582248576, 37.864682964303256], [28.309612582248576, 37.86522195347373], [28.307995614737138, 37.86522195347373], [28.307995614737138, 37.864682964303256], [28.307456625566687, 37.864682964303256], [28.307456625566687, 37.86360498596232], [28.308534603907617, 37.86360498596232], [28.308534603907617, 37.863065996791846], [28.309612582248576, 37.863065996791846], [28.309612582248576, 37.862527007621374]]]}, "id": "+386483+85599", "properties": {"area_ha": 3.686464773453091, "count": 13, "label": 1, "mean_dnbr": 0.33405716892577864}}, {"type": "Feature", "geometry": {"geodesic": false, "type": "Polygon", "coordinates": [[[28.310690560589507, 38.49799523960752], [28.311229549759986, 38.49799523960752], [28.311229549759986, 38.499073217948464], [28.311768538930437, 38.499073217948464], [28.311768538930437, 38.50015119628941], [28.312307528100916, 38.50015119628941], [28.312307528100916, 38.50069018545988], [28.311229549759986, 38.50069018545988], [28.311229549759986, 38.50122917463035], [28.310690560589507, 38.50122917463035], [28.310690560589507, 38.50069018545988], [28.310151571419027, 38.50069018545988], [28.310151571419027, 38.50015119628941], [28.309612582248576, 38.50015119628941], [28.309612582248576, 38.49853422877799], [28.310690560589507, 38.49853422877799], [28.310690560589507, 38.49799523960752]]]}, "id": "+386484+84420", "properties": {"area_ha": 4.7788824256985265, "count": 17, "label": 1, "mean_dnbr": 0.5750244464917215}}, {"type": "Feature", "geometry": {"geodesic": false, "type": "Polygon", "coordinates": [[[28.310690560589507, 37.85282520255288], [28.312307528100916, 37.85282520255288], [28.312307528100916, 37.85336419172335], [28.312846517271396, 37.85336419172335], [28.312846517271396, 37.85390318089382], [28.312307528100916, 37.85390318089382], [28.312307528100916, 37.854442170064296], [28.309612582248576, 37.854442170064296], [28.309612582248576, 37.85498115923477], [28.309073593078097, 37.85498115923477], [28.309073593078097, 37.85552014840524], [28.307456625566687, 37.85552014840524], [28.307456625566687, 37.85605913757571], [28.306917636396207, 37.85605913757571], [28.306917636396207, 37.85552014840524], [28.30583965805525, 37.85552014840524], [28.30583965805525, 37.85390318089382], [28.306917636396207, 37.85390318089382], [28.306917636396207, 37.85336419172335], [28.307456625566687, 37.85336419172335], [28.307456625566687, 37.85282520255288], [28.309073593078097, 37.85282520255288], [28.309073593078097, 37.85336419172335], [28.310690560589507, 37.85336419172335], [28.310690560589507, 37.85282520255288]]]}, "id": "+386486+85617", "properties": {"area_ha": 12.195322401088324, "count": 43, "label": 1, "mean_dnbr": 0.44805570592943983}}, {"type": "Feature", "geometry": {"geodesic": false, "type": "Polygon", "coordinates": [[[28.311768538930437, 37.85498115923477], [28.313385506441875, 37.85498115923477], [28.313385506441875, 37.85552014840524], [28.316080452294216, 37.85552014840524], [28.316080452294216, 37.85605913757571], [28.315541463123765, 37.85605913757571], [28.315541463123765, 37.85713711591666], [28.313924495612326, 37.85713711591666], [28.313924495612326, 37.856598126746185], [28.313385506441875, 37.856598126746185], [28.313385506441875, 37.85713711591666], [28.312846517271396, 37.85713711591666], [28.312846517271396, 37.85875408342807], [28.312307528100916, 37.85875408342807], [28.312307528100916, 37.858215094257595], [28.311229549759986, 37.858215094257595], [28.311229549759986, 37.85767610508713], [28.311768538930437, 37.85767610508713], [28.311768538930437, 37.856598126746185], [28.311229549759986, 37.856598126746185], [28.311229549759986, 37.85552014840524], [28.311768538930437, 37.85552014840524], [28.311768538930437, 37.85498115923477]]]}, "id": "+386488+85613", "properties": {"area_ha": 9.075287159264324, "count": 32, "label": 1, "mean_dnbr": 0.39169508749150383}}, {"type": "Feature", "geometry": {"geodesic": false, "type": "Polygon", "coordinates": [[[28.317158430635175, 37.872767801860334], [28.318236408976105, 37.872767801860334], [28.318236408976105, 37.87384578020128], [28.319853376487515, 37.87384578020128], [28.319853376487515, 37.874923758542224], [28.320931354828474, 37.874923758542224], [28.320931354828474, 37.87600173688317], [28.321470343998953, 37.87600173688317], [28.321470343998953, 37.877079715224106], [28.319314387317064, 37.877079715224106], [28.319314387317064, 37.87600173688317], [28.318775398146585, 37.87600173688317], [28.318775398146585, 37.87654072605363], [28.318236408976105, 37.87654072605363], [28.318236408976105, 37.87600173688317], [28.317697419805626, 37.87600173688317], [28.317697419805626, 37.874923758542224], [28.317158430635175, 37.874923758542224], [28.317158430635175, 37.872767801860334]], [[28.319853376487515, 37.874923758542224], [28.319853376487515, 37.87600173688317], [28.319314387317064, 37.87600173688317], [28.319314387317064, 37.874923758542224], [28.319853376487515, 37.874923758542224]]]}, "id": "+386497+85580", "properties": {"area_ha": 9.356530829348399, "count": 33, "label": 1, "mean_dnbr": 0.29498238797113796}}, {"type": "Feature", "geometry": {"geodesic": false, "type": "Polygon", "coordinates": [[[28.318236408976105, 38.48775444536856], [28.319314387317064, 38.48775444536856], [28.319314387317064, 38.48829343453903], [28.319853376487515, 38.48829343453903], [28.319853376487515, 38.4888324237095], [28.318236408976105, 38.4888324237095], [28.318236408976105, 38.489371412879976], [28.317697419805626, 38.489371412879976], [28.317697419805626, 38.48991040205045], [28.316619441464695, 38.48991040205045], [28.316619441464695, 38.489371412879976], [28.316080452294216, 38.489371412879976], [28.316080452294216, 38.48775444536856], [28.317158430635175, 38.48775444536856], [28.317158430635175, 38.48829343453903], [28.318236408976105, 38.48829343453903], [28.318236408976105, 38.48775444536856]]]}, "id": "+386499+84439", "properties": {"area_ha": 4.779611424691675, "count": 17, "label": 1, "mean_dnbr": 0.27172321852221515}}, {"type": "Feature", "geometry": {"geodesic": false, "type": "Polygon", "coordinates": [[[28.318236408976105, 37.85875408342807], [28.320392365657995, 37.85875408342807], [28.320392365657995, 37.85929307259854], [28.320931354828474, 37.85929307259854], [28.320931354828474, 37.860371050939484], [28.320392365657995, 37.860371050939484], [28.320392365657995, 37.86091004010996], [28.319314387317064, 37.86091004010996], [28.319314387317064, 37.860371050939484], [28.318775398146585, 37.860371050939484], [28.318775398146585, 37.85929307259854], [28.318236408976105, 37.85929307259854], [28.318236408976105, 37.85875408342807]]]}, "id": "+386501+85606", "properties": {"area_ha": 3.9702624588005286, "count": 14, "label": 1, "mean_dnbr": 0.24560700816665437}}, {"type": "Feature", "geometry": {"geodesic": false, "type": "Polygon", "coordinates": [[[28.320392365657995, 37.864143975132784], [28.320931354828474, 37.864143975132784], [28.320931354828474, 37.864682964303256], [28.322009333169404, 37.864682964303256], [28.322009333169404, 37.86522195347373], [28.323626300680814, 37.86522195347373], [28.323626300680814, 37.866838920985145], [28.323087311510363, 37.866838920985145], [28.323087311510363, 37.86737791015562], [28.322548322339884, 37.86737791015562], [28.322548322339884, 37.866838920985145], [28.320931354828474, 37.866838920985145], [28.320931354828474, 37.86791689932609], [28.320392365657995, 37.86791689932609], [28.320392365657995, 37.86737791015562], [28.319853376487515, 37.86737791015562], [28.319853376487515, 37.866838920985145], [28.320392365657995, 37.866838920985145], [28.320392365657995, 37.864143975132784]]]}, "id": "+386502+85596", "properties": {"area_ha": 7.372723059094822, "count": 26, "label": 1, "mean_dnbr": 0.4883608317404919}}, {"type": "Feature", "geometry": {"geodesic": false, "type": "Polygon", "coordinates": [[[28.323087311510363, 37.85498115923477], [28.324704279021773, 37.85498115923477], [28.324704279021773, 37.85605913757571], [28.324165289851294, 37.85605913757571], [28.324165289851294, 37.856598126746185], [28.322548322339884, 37.856598126746185], [28.322548322339884, 37.85713711591666], [28.322009333169404, 37.85713711591666], [28.322009333169404, 37.856598126746185], [28.321470343998953, 37.856598126746185], [28.321470343998953, 37.85552014840524], [28.323087311510363, 37.85552014840524], [28.323087311510363, 37.85498115923477]]]}, "id": "+386509+85613", "properties": {"area_ha": 4.25407461339446, "count": 15, "label": 1, "mean_dnbr": 0.4675350119717432}}, {"type": "Feature", "geometry": {"geodesic": false, "type": "Polygon", "coordinates": [[[28.327399224874142, 38.44625227924224], [28.327938214044593, 38.44625227924224], [28.327938214044593, 38.44679126841271], [28.328477203215073, 38.44679126841271], [28.328477203215073, 38.44733025758318], [28.329016192385552, 38.44733025758318], [28.329016192385552, 38.44840823592413], [28.327938214044593, 38.44840823592413], [28.327938214044593, 38.44894722509459], [28.329016192385552, 38.44894722509459], [28.329016192385552, 38.449486214265065], [28.328477203215073, 38.449486214265065], [28.328477203215073, 38.45002520343554], [28.327938214044593, 38.45002520343554], [28.327938214044593, 38.45056419260601], [28.327399224874142, 38.45056419260601], [28.327399224874142, 38.45002520343554], [28.326860235703663, 38.45002520343554], [28.326860235703663, 38.45056419260601], [28.326321246533183, 38.45056419260601], [28.326321246533183, 38.451642170946954], [28.325782257362704, 38.451642170946954], [28.325782257362704, 38.45110318177648], [28.325243268192253, 38.45110318177648], [28.325243268192253, 38.449486214265065], [28.322009333169404, 38.449486214265065], [28.322009333169404, 38.44894722509459], [28.323087311510363, 38.44894722509459], [28.323087311510363, 38.44840823592413], [28.324165289851294, 38.44840823592413], [28.324165289851294, 38.447869246753655], [28.324704279021773, 38.447869246753655], [28.324704279021773, 38.44733025758318], [28.326321246533183, 38.44733025758318], [28.326321246533183, 38.447869246753655], [28.326860235703663, 38.447869246753655], [28.326860235703663, 38.44840823592413], [28.327399224874142, 38.44840823592413], [28.327399224874142, 38.447869246753655], [28.327938214044593, 38.447869246753655], [28.327938214044593, 38.44733025758318], [28.326860235703663, 38.44733025758318], [28.326860235703663, 38.44679126841271], [28.327399224874142, 38.44679126841271], [28.327399224874142, 38.44625227924224]], [[28.326860235703663, 38.44840823592413], [28.326860235703663, 38.44894722509459], [28.326321246533183, 38.44894722509459], [28.326321246533183, 38.44840823592413], [28.326860235703663, 38.44840823592413]]]}, "id": "+386515+84516", "properties": {"area_ha": 14.34676821255031, "count": 51, "label": 1, "mean_dnbr": 0.2157788262349172}}, {"type": "Feature", "geometry": {"geodesic": false, "type": "Polygon", "coordinates": [[[28.331711138237893, 37.85713711591666], [28.33278911657885, 37.85713711591666], [28.33278911657885, 37.858215094257595], [28.332250127408372, 37.858215094257595], [28.332250127408372, 37.86091004010996], [28.330094170726483, 37.86091004010996], [28.330094170726483, 37.85983206176901], [28.33117214906744, 37.85983206176901], [28.33117214906744, 37.85875408342807], [28.331711138237893, 37.85875408342807], [28.331711138237893, 37.85713711591666]]]}, "id": "+386524+85609", "properties": {"area_ha": 4.821067734587408, "count": 17, "label": 1, "mean_dnbr": 0.41829767030544523}}, {"type": "Feature", "geometry": {"geodesic": false, "type": "Polygon", "coordinates": [[[28.335484062431192, 37.86360498596232], [28.33656204077215, 37.86360498596232], [28.33656204077215, 37.864143975132784], [28.33710102994263, 37.864143975132784], [28.33710102994263, 37.864682964303256], [28.33817900828356, 37.864682964303256], [28.33817900828356, 37.864143975132784], [28.34033496496545, 37.864143975132784], [28.34033496496545, 37.864682964303256], [28.33817900828356, 37.864682964303256], [28.33817900828356, 37.8657609426442], [28.33710102994263, 37.8657609426442], [28.33710102994263, 37.86522195347373], [28.33656204077215, 37.86522195347373], [28.33656204077215, 37.864682964303256], [28.335484062431192, 37.864682964303256], [28.335484062431192, 37.86360498596232]]]}, "id": "+386531+85597", "properties": {"area_ha": 3.9700048893829103, "count": 14, "label": 1, "mean_dnbr": 0.323976231398178}}, {"type": "Feature", "geometry": {"geodesic": false, "type": "Polygon", "coordinates": [[[28.33656204077215, 38.46349993269733], [28.33710102994263, 38.46349993269733], [28.33710102994263, 38.464038921867804], [28.33656204077215, 38.464038921867804], [28.33656204077215, 38.464577911038276], [28.33817900828356, 38.464577911038276], [28.33817900828356, 38.46511690020875], [28.33871799745404, 38.46511690020875], [28.33871799745404, 38.46565588937922], [28.33925698662452, 38.46565588937922], [28.33925698662452, 38.46619487854969], [28.33817900828356, 38.46619487854969], [28.33817900828356, 38.46727285689063], [28.33764001911308, 38.46727285689063], [28.33764001911308, 38.466733867720166], [28.33710102994263, 38.466733867720166], [28.33710102994263, 38.46565588937922], [28.33656204077215, 38.46565588937922], [28.33656204077215, 38.46511690020875], [28.33602305160167, 38.46511690020875], [28.33602305160167, 38.464038921867804], [28.33656204077215, 38.464038921867804], [28.33656204077215, 38.46349993269733]]]}, "id": "+386532+84484", "properties": {"area_ha": 4.781149276598793, "count": 17, "label": 1, "mean_dnbr": 0.3259819540319774}}, {"type": "Feature", "geometry": {"geodesic": false, "type": "Polygon", "coordinates": [[[28.33871799745404, 37.87168982351939], [28.33979597579497, 37.87168982351939], [28.33979597579497, 37.87222881268986], [28.34249092164734, 37.87222881268986], [28.34249092164734, 37.872767801860334], [28.34195193247686, 37.872767801860334], [28.34195193247686, 37.87330679103081], [28.33871799745404, 37.87330679103081], [28.33871799745404, 37.87168982351939]]]}, "id": "+386537+85582", "properties": {"area_ha": 4.253121832990934, "count": 15, "label": 1, "mean_dnbr": 0.3629393444479093}}, {"type": "Feature", "geometry": {"geodesic": false, "type": "Polygon", "coordinates": [[[28.33817900828356, 37.86845588849656], [28.33979597579497, 37.86845588849656], [28.33979597579497, 37.87007285600797], [28.33764001911308, 37.87007285600797], [28.33764001911308, 37.86953386683751], [28.33656204077215, 37.86953386683751], [28.33656204077215, 37.868994877667035], [28.33817900828356, 37.868994877667035], [28.33817900828356, 37.86845588849656]]]}, "id": "+386537+85588", "properties": {"area_ha": 3.686199932732562, "count": 13, "label": 1, "mean_dnbr": 0.30931400415062116}}, {"type": "Feature", "geometry": {"geodesic": false, "type": "Polygon", "coordinates": [[[28.34033496496545, 37.879235671905995], [28.34087395413593, 37.879235671905995], [28.34087395413593, 37.88031365024694], [28.34249092164734, 37.88031365024694], [28.34249092164734, 37.88085263941741], [28.34302991081782, 37.88085263941741], [28.34302991081782, 37.88246960692882], [28.34249092164734, 37.88246960692882], [28.34249092164734, 37.883008596099295], [28.34195193247686, 37.883008596099295], [28.34195193247686, 37.88408657444024], [28.34087395413593, 37.88408657444024], [28.34087395413593, 37.88354758526977], [28.34033496496545, 37.88354758526977], [28.34033496496545, 37.88408657444024], [28.33979597579497, 37.88408657444024], [28.33979597579497, 37.88462556361071], [28.33925698662452, 37.88462556361071], [28.33925698662452, 37.885164552781184], [28.33817900828356, 37.885164552781184], [28.33817900828356, 37.8867815202926], [28.33871799745404, 37.8867815202926], [28.33871799745404, 37.887859498633546], [28.33817900828356, 37.887859498633546], [28.33817900828356, 37.88839848780401], [28.33710102994263, 37.88839848780401], [28.33710102994263, 37.88893747697448], [28.33602305160167, 37.88893747697448], [28.33602305160167, 37.88839848780401], [28.33440608409026, 37.88839848780401], [28.33440608409026, 37.887859498633546], [28.333867094919782, 37.887859498633546], [28.333867094919782, 37.88732050946307], [28.33440608409026, 37.88732050946307], [28.33440608409026, 37.887859498633546], [28.33494507326074, 37.887859498633546], [28.33494507326074, 37.88732050946307], [28.335484062431192, 37.88732050946307], [28.335484062431192, 37.887859498633546], [28.33602305160167, 37.887859498633546], [28.33602305160167, 37.88732050946307], [28.33656204077215, 37.88732050946307], [28.33656204077215, 37.885164552781184], [28.33817900828356, 37.885164552781184], [28.33817900828356, 37.88462556361071], [28.33764001911308, 37.88462556361071], [28.33764001911308, 37.88408657444024], [28.33925698662452, 37.88408657444024], [28.33925698662452, 37.88246960692882], [28.33979597579497, 37.88246960692882], [28.33979597579497, 37.87977466107647], [28.34033496496545, 37.87977466107647], [28.34033496496545, 37.879235671905995]]]}, "id": "+386539+85568", "properties": {"area_ha": 21.54572931535047, "count": 76, "label": 1, "mean_dnbr": 0.40158355655786104}}, {"type": "Feature", "geometry": {"geodesic": false, "type": "Polygon", "coordinates": [[[28.33979597579497, 37.86144902928043], [28.34195193247686, 37.86144902928043], [28.34195193247686, 37.8619880184509], [28.34141294330638, 37.8619880184509], [28.34141294330638, 37.86360498596232], [28.34195193247686, 37.86360498596232], [28.34195193247686, 37.864143975132784], [28.34356889998827, 37.864143975132784], [28.34356889998827, 37.864682964303256], [28.34141294330638, 37.864682964303256], [28.34141294330638, 37.864143975132784], [28.34087395413593, 37.864143975132784], [28.34087395413593, 37.86360498596232], [28.34033496496545, 37.86360498596232], [28.34033496496545, 37.8619880184509], [28.33979597579497, 37.8619880184509], [28.33979597579497, 37.86144902928043]]]}, "id": "+386541+85601", "properties": {"area_ha": 4.537240669886031, "count": 16, "label": 1, "mean_dnbr": 0.35472460030298614}}, {"type": "Feature", "geometry": {"geodesic": false, "type": "Polygon", "coordinates": [[[28.34302991081782, 37.875462747712696], [28.34410788915875, 37.875462747712696], [28.34410788915875, 37.87761870439458], [28.34356889998827, 37.87761870439458], [28.34356889998827, 37.87869668273552], [28.34195193247686, 37.87869668273552], [28.34195193247686, 37.87654072605363], [28.34249092164734, 37.87654072605363], [28.34249092164734, 37.87600173688317], [28.34302991081782, 37.87600173688317], [28.34302991081782, 37.875462747712696]]]}, "id": "+386545+85575", "properties": {"area_ha": 5.38694842502093, "count": 19, "label": 1, "mean_dnbr": 0.3661090887845893}}, {"type": "Feature", "geometry": {"geodesic": false, "type": "Polygon", "coordinates": [[[28.34195193247686, 37.90349018457722], [28.34572485667016, 37.90349018457722], [28.34572485667016, 37.904029173747695], [28.34518586749971, 37.904029173747695], [28.34518586749971, 37.90456816291817], [28.34195193247686, 37.90456816291817], [28.34195193247686, 37.90349018457722]]]}, "id": "+386548+85523", "properties": {"area_ha": 3.6844476069603056, "count": 13, "label": 1, "mean_dnbr": 0.3189887158095163}}, {"type": "Feature", "geometry": {"geodesic": false, "type": "Polygon", "coordinates": [[[28.34572485667016, 37.86845588849656], [28.34626384584064, 37.86845588849656], [28.34626384584064, 37.868994877667035], [28.34680283501112, 37.868994877667035], [28.34680283501112, 37.870611845178445], [28.34734182418157, 37.870611845178445], [28.34734182418157, 37.87115083434892], [28.34788081335205, 37.87115083434892], [28.34788081335205, 37.87168982351939], [28.34841980252253, 37.87168982351939], [28.34841980252253, 37.872767801860334], [28.348958791693008, 37.872767801860334], [28.348958791693008, 37.87330679103081], [28.34841980252253, 37.87330679103081], [28.34841980252253, 37.872767801860334], [28.34788081335205, 37.872767801860334], [28.34788081335205, 37.87222881268986], [28.34734182418157, 37.87222881268986], [28.34734182418157, 37.87168982351939], [28.34680283501112, 37.87168982351939], [28.34680283501112, 37.870611845178445], [28.34572485667016, 37.870611845178445], [28.34572485667016, 37.87115083434892], [28.34626384584064, 37.87115083434892], [28.34626384584064, 37.87168982351939], [28.34518586749971, 37.87168982351939], [28.34518586749971, 37.868994877667035], [28.34572485667016, 37.868994877667035], [28.34572485667016, 37.86845588849656]]]}, "id": "+386549+85588", "properties": {"area_ha": 5.6709683829253805, "count": 20, "label": 1, "mean_dnbr": 0.36283031345413386}}, {"type": "Feature", "geometry": {"geodesic": false, "type": "Polygon", "coordinates": [[[28.34680283501112, 37.89486635784967], [28.34734182418157, 37.89486635784967], [28.34734182418157, 37.895405347020144], [28.348958791693008, 37.895405347020144], [28.348958791693008, 37.89594433619062], [28.350036770033938, 37.89594433619062], [28.350036770033938, 37.89702231453156], [28.348958791693008, 37.89702231453156], [28.348958791693008, 37.898100292872506], [28.34841980252253, 37.898100292872506], [28.34841980252253, 37.89863928204298], [28.34788081335205, 37.89863928204298], [28.34788081335205, 37.897561303702034], [28.34734182418157, 37.897561303702034], [28.34734182418157, 37.89917827121345], [28.34626384584064, 37.89917827121345], [28.34626384584064, 37.89702231453156], [28.34734182418157, 37.89702231453156], [28.34734182418157, 37.89594433619062], [28.34680283501112, 37.89594433619062], [28.34680283501112, 37.89486635784967]]]}, "id": "+386551+85539", "properties": {"area_ha": 8.219961299651894, "count": 29, "label": 1, "mean_dnbr": 0.2977173694958577}}, {"type": "Feature", "geometry": {"geodesic": false, "type": "Polygon", "coordinates": [[[28.34841980252253, 37.86522195347373], [28.34949778086346, 37.86522195347373], [28.34949778086346, 37.8657609426442], [28.350036770033938, 37.8657609426442], [28.350036770033938, 37.86629993181467], [28.351114748374897, 37.86629993181467], [28.351114748374897, 37.86737791015562], [28.350036770033938, 37.86737791015562], [28.350036770033938, 37.86845588849656], [28.34949778086346, 37.86845588849656], [28.34949778086346, 37.86791689932609], [28.348958791693008, 37.86791689932609], [28.348958791693008, 37.86737791015562], [28.34734182418157, 37.86737791015562], [28.34734182418157, 37.866838920985145], [28.34680283501112, 37.866838920985145], [28.34680283501112, 37.86629993181467], [28.34788081335205, 37.86629993181467], [28.34788081335205, 37.8657609426442], [28.34734182418157, 37.8657609426442], [28.34734182418157, 37.86522195347373], [28.34788081335205, 37.86522195347373], [28.34788081335205, 37.8657609426442], [28.34841980252253, 37.8657609426442], [28.34841980252253, 37.86522195347373]]]}, "id": "+386555+85594", "properties": {"area_ha": 7.089098552836638, "count": 25, "label": 1, "mean_dnbr": 0.7804696575079696}}, {"type": "Feature", "geometry": {"geodesic": false, "type": "Polygon", "coordinates": [[[28.350036770033938, 37.89863928204298], [28.351653737545348, 37.89863928204298], [28.351653737545348, 37.90133422789533], [28.348958791693008, 37.90133422789533], [28.348958791693008, 37.901873217065805], [28.34841980252253, 37.901873217065805], [28.34841980252253, 37.90241220623628], [28.34734182418157, 37.90241220623628], [28.34734182418157, 37.90133422789533], [28.34788081335205, 37.90133422789533], [28.34788081335205, 37.90079523872486], [28.34734182418157, 37.90079523872486], [28.34734182418157, 37.89971726038392], [28.34788081335205, 37.89971726038392], [28.34788081335205, 37.89917827121345], [28.350036770033938, 37.89917827121345], [28.350036770033938, 37.89863928204298]]]}, "id": "+386559+85532", "properties": {"area_ha": 10.77050255480309, "count": 38, "label": 1, "mean_dnbr": 0.47218251205009093}}, {"type": "Feature", "geometry": {"geodesic": false, "type": "Polygon", "coordinates": [[[28.352192726715828, 37.8657609426442], [28.352731715886307, 37.8657609426442], [28.352731715886307, 37.86629993181467], [28.353809694227238, 37.86629993181467], [28.353809694227238, 37.866838920985145], [28.354348683397717, 37.866838920985145], [28.354348683397717, 37.86737791015562], [28.353809694227238, 37.86737791015562], [28.353809694227238, 37.86791689932609], [28.354348683397717, 37.86791689932609], [28.354348683397717, 37.86845588849656], [28.355965650909127, 37.86845588849656], [28.355965650909127, 37.86791689932609], [28.357043629250086, 37.86791689932609], [28.357043629250086, 37.870611845178445], [28.356504640079606, 37.870611845178445], [28.356504640079606, 37.87115083434892], [28.354887672568196, 37.87115083434892], [28.354887672568196, 37.870611845178445], [28.354348683397717, 37.870611845178445], [28.354348683397717, 37.87115083434892], [28.353270705056758, 37.87115083434892], [28.353270705056758, 37.870611845178445], [28.352731715886307, 37.870611845178445], [28.352731715886307, 37.87007285600797], [28.352192726715828, 37.87007285600797], [28.352192726715828, 37.86953386683751], [28.354348683397717, 37.86953386683751], [28.354348683397717, 37.87007285600797], [28.355426661738647, 37.87007285600797], [28.355426661738647, 37.86953386683751], [28.354887672568196, 37.86953386683751], [28.354887672568196, 37.868994877667035], [28.354348683397717, 37.868994877667035], [28.354348683397717, 37.86845588849656], [28.353270705056758, 37.86845588849656], [28.353270705056758, 37.86737791015562], [28.352192726715828, 37.86737791015562], [28.352192726715828, 37.866838920985145], [28.351653737545348, 37.866838920985145], [28.351653737545348, 37.86629993181467], [28.352192726715828, 37.86629993181467], [28.352192726715828, 37.8657609426442]]]}, "id": "+386561+85593", "properties": {"area_ha": 12.192850628018773, "count": 43, "label": 1, "mean_dnbr": 0.4637461174381533}}, {"type": "Feature", "geometry": {"geodesic": false, "type": "Polygon", "coordinates": [[[28.352731715886307, 37.864682964303256], [28.353809694227238, 37.864682964303256], [28.353809694227238, 37.86522195347373], [28.358121607591016, 37.86522195347373], [28.358121607591016, 37.86629993181467], [28.357582618420537, 37.86629993181467], [28.357582618420537, 37.866838920985145], [28.356504640079606, 37.866838920985145], [28.356504640079606, 37.86629993181467], [28.354348683397717, 37.86629993181467], [28.354348683397717, 37.8657609426442], [28.353270705056758, 37.8657609426442], [28.353270705056758, 37.86522195347373], [28.352731715886307, 37.86522195347373], [28.352731715886307, 37.864682964303256]]]}, "id": "+386563+85595", "properties": {"area_ha": 5.671301561264767, "count": 20, "label": 1, "mean_dnbr": 0.40609386368591643}}, {"type": "Feature", "geometry": {"geodesic": false, "type": "Polygon", "coordinates": [[[28.354887672568196, 37.885703541951656], [28.355426661738647, 37.885703541951656], [28.355426661738647, 37.88732050946307], [28.351653737545348, 37.88732050946307], [28.351653737545348, 37.8867815202926], [28.352731715886307, 37.8867815202926], [28.352731715886307, 37.885703541951656], [28.353270705056758, 37.885703541951656], [28.353270705056758, 37.88624253112213], [28.354887672568196, 37.88624253112213], [28.354887672568196, 37.885703541951656]]]}, "id": "+386566+85556", "properties": {"area_ha": 3.968847063607877, "count": 14, "label": 1, "mean_dnbr": 0.4686911896138784}}, {"type": "Feature", "geometry": {"geodesic": false, "type": "Polygon", "coordinates": [[[28.356504640079606, 37.85713711591666], [28.357582618420537, 37.85713711591666], [28.357582618420537, 37.85767610508713], [28.358121607591016, 37.85767610508713], [28.358121607591016, 37.858215094257595], [28.358660596761496, 37.858215094257595], [28.358660596761496, 37.85875408342807], [28.358121607591016, 37.85875408342807], [28.358121607591016, 37.85929307259854], [28.355965650909127, 37.85929307259854], [28.355965650909127, 37.85983206176901], [28.355426661738647, 37.85983206176901], [28.355426661738647, 37.85875408342807], [28.355965650909127, 37.85875408342807], [28.355965650909127, 37.85767610508713], [28.356504640079606, 37.85767610508713], [28.356504640079606, 37.85713711591666]], [[28.357582618420537, 37.858215094257595], [28.357582618420537, 37.85875408342807], [28.357043629250086, 37.85875408342807], [28.357043629250086, 37.858215094257595], [28.357582618420537, 37.858215094257595]]]}, "id": "+386570+85609", "properties": {"area_ha": 4.537533189452282, "count": 16, "label": 1, "mean_dnbr": 0.36380289328179943}}, {"type": "Feature", "geometry": {"geodesic": false, "type": "Polygon", "coordinates": [[[28.357582618420537, 37.88246960692882], [28.358121607591016, 37.88246960692882], [28.358121607591016, 37.883008596099295], [28.358660596761496, 37.883008596099295], [28.358660596761496, 37.885703541951656], [28.359738575102426, 37.885703541951656], [28.359738575102426, 37.88624253112213], [28.360277564272906, 37.88624253112213], [28.360277564272906, 37.8867815202926], [28.359738575102426, 37.8867815202926], [28.359738575102426, 37.88732050946307], [28.358121607591016, 37.88732050946307], [28.358121607591016, 37.885703541951656], [28.357582618420537, 37.885703541951656], [28.357582618420537, 37.88246960692882]]]}, "id": "+386571+85562", "properties": {"area_ha": 5.95333618312862, "count": 21, "label": 1, "mean_dnbr": 0.2965302211889041}}, {"type": "Feature", "geometry": {"geodesic": false, "type": "Polygon", "coordinates": [[[28.358660596761496, 37.901873217065805], [28.359199585931947, 37.901873217065805], [28.359199585931947, 37.90295119540675], [28.359738575102426, 37.90295119540675], [28.359738575102426, 37.904029173747695], [28.355965650909127, 37.904029173747695], [28.355965650909127, 37.90349018457722], [28.354348683397717, 37.90349018457722], [28.354348683397717, 37.904029173747695], [28.353809694227238, 37.904029173747695], [28.353809694227238, 37.90456816291817], [28.351653737545348, 37.90456816291817], [28.351653737545348, 37.90564614125911], [28.350575759204418, 37.90564614125911], [28.350575759204418, 37.90295119540675], [28.351114748374897, 37.90295119540675], [28.351114748374897, 37.90349018457722], [28.352192726715828, 37.90349018457722], [28.352192726715828, 37.904029173747695], [28.353809694227238, 37.904029173747695], [28.353809694227238, 37.90295119540675], [28.358121607591016, 37.90295119540675], [28.358121607591016, 37.90241220623628], [28.358660596761496, 37.90241220623628], [28.358660596761496, 37.901873217065805]]]}, "id": "+386573+85526", "properties": {"area_ha": 10.203152346269496, "count": 36, "label": 1, "mean_dnbr": 0.36836687996766404}}, {"type": "Feature", "geometry": {"geodesic": false, "type": "Polygon", "coordinates": [[[28.358660596761496, 37.86791689932609], [28.360277564272906, 37.86791689932609], [28.360277564272906, 37.86845588849656], [28.360816553443385, 37.86845588849656], [28.360816553443385, 37.86953386683751], [28.358660596761496, 37.86953386683751], [28.358660596761496, 37.87007285600797], [28.359738575102426, 37.87007285600797], [28.359738575102426, 37.870611845178445], [28.359199585931947, 37.870611845178445], [28.359199585931947, 37.87115083434892], [28.358660596761496, 37.87115083434892], [28.358660596761496, 37.870611845178445], [28.358121607591016, 37.870611845178445], [28.358121607591016, 37.87007285600797], [28.357582618420537, 37.87007285600797], [28.357582618420537, 37.86953386683751], [28.358660596761496, 37.86953386683751], [28.358660596761496, 37.86791689932609]]]}, "id": "+386575+85589", "properties": {"area_ha": 4.820415984255662, "count": 17, "label": 1, "mean_dnbr": 0.4157194767383512}}, {"type": "Feature", "geometry": {"geodesic": false, "type": "Polygon", "coordinates": [[[28.359199585931947, 38.464577911038276], [28.361355542613836, 38.464577911038276], [28.361355542613836, 38.46511690020875], [28.361894531784316, 38.46511690020875], [28.361894531784316, 38.46565588937922], [28.362433520954795, 38.46565588937922], [28.362433520954795, 38.466733867720166], [28.360277564272906, 38.466733867720166], [28.360277564272906, 38.46565588937922], [28.358660596761496, 38.46565588937922], [28.358660596761496, 38.46511690020875], [28.359199585931947, 38.46511690020875], [28.359199585931947, 38.464577911038276]]]}, "id": "+386577+84482", "properties": {"area_ha": 5.062385611567326, "count": 18, "label": 1, "mean_dnbr": 0.43172330239317813}}, {"type": "Feature", "geometry": {"geodesic": false, "type": "Polygon", "coordinates": [[[28.360816553443385, 37.87977466107647], [28.361355542613836, 37.87977466107647], [28.361355542613836, 37.88085263941741], [28.360816553443385, 37.88085263941741], [28.360816553443385, 37.881391628587885], [28.362433520954795, 37.881391628587885], [28.362433520954795, 37.883008596099295], [28.359738575102426, 37.883008596099295], [28.359738575102426, 37.88246960692882], [28.360277564272906, 37.88246960692882], [28.360277564272906, 37.881391628587885], [28.359738575102426, 37.881391628587885], [28.359738575102426, 37.88031365024694], [28.360816553443385, 37.88031365024694], [28.360816553443385, 37.87977466107647]]]}, "id": "+386577+85567", "properties": {"area_ha": 5.38662007646438, "count": 19, "label": 1, "mean_dnbr": 0.22832877207527774}}, {"type": "Feature", "geometry": {"geodesic": false, "type": "Polygon", "coordinates": [[[28.359738575102426, 37.86144902928043], [28.361894531784316, 37.86144902928043], [28.361894531784316, 37.862527007621374], [28.360816553443385, 37.862527007621374], [28.360816553443385, 37.863065996791846], [28.360277564272906, 37.863065996791846], [28.360277564272906, 37.86360498596232], [28.359738575102426, 37.86360498596232], [28.359738575102426, 37.864682964303256], [28.358660596761496, 37.864682964303256], [28.358660596761496, 37.862527007621374], [28.359738575102426, 37.862527007621374], [28.359738575102426, 37.86144902928043]]]}, "id": "+386578+85601", "properties": {"area_ha": 5.387988177483428, "count": 19, "label": 1, "mean_dnbr": 0.4791921960317684}}, {"type": "Feature", "geometry": {"geodesic": false, "type": "Polygon", "coordinates": [[[28.361355542613836, 37.90941906545241], [28.362433520954795, 37.90941906545241], [28.362433520954795, 37.910497043793356], [28.361894531784316, 37.910497043793356], [28.361894531784316, 37.91103603296383], [28.361355542613836, 37.91103603296383], [28.361355542613836, 37.9115750221343], [28.362433520954795, 37.9115750221343], [28.362433520954795, 37.91211401130477], [28.360816553443385, 37.91211401130477], [28.360816553443385, 37.909958054622884], [28.361355542613836, 37.909958054622884], [28.361355542613836, 37.90941906545241]]]}, "id": "+386579+85512", "properties": {"area_ha": 3.1173359579366613, "count": 11, "label": 1, "mean_dnbr": 0.30321956217063634}}, {"type": "Feature", "geometry": {"geodesic": false, "type": "Polygon", "coordinates": [[[28.361355542613836, 37.86953386683751], [28.362433520954795, 37.86953386683751], [28.362433520954795, 37.87007285600797], [28.364589477636684, 37.87007285600797], [28.364589477636684, 37.87115083434892], [28.364050488466205, 37.87115083434892], [28.364050488466205, 37.87168982351939], [28.361894531784316, 37.87168982351939], [28.361894531784316, 37.87115083434892], [28.360816553443385, 37.87115083434892], [28.360816553443385, 37.870611845178445], [28.361355542613836, 37.870611845178445], [28.361355542613836, 37.86953386683751]]]}, "id": "+386579+85586", "properties": {"area_ha": 5.387417388410148, "count": 19, "label": 1, "mean_dnbr": 0.542701816783752}}, {"type": "Feature", "geometry": {"geodesic": false, "type": "Polygon", "coordinates": [[[28.361355542613836, 37.885703541951656], [28.362972510125275, 37.885703541951656], [28.362972510125275, 37.88624253112213], [28.361894531784316, 37.88624253112213], [28.361894531784316, 37.8867815202926], [28.362972510125275, 37.8867815202926], [28.362972510125275, 37.88732050946307], [28.363511499295726, 37.88732050946307], [28.363511499295726, 37.8867815202926], [28.364589477636684, 37.8867815202926], [28.364589477636684, 37.887859498633546], [28.361355542613836, 37.887859498633546], [28.361355542613836, 37.885703541951656]]]}, "id": "+386580+85556", "properties": {"area_ha": 4.252302279545174, "count": 15, "label": 1, "mean_dnbr": 0.26203532302000754}}, {"type": "Feature", "geometry": {"geodesic": false, "type": "Polygon", "coordinates": [[[28.362433520954795, 37.85605913757571], [28.362972510125275, 37.85605913757571], [28.362972510125275, 37.85929307259854], [28.361894531784316, 37.85929307259854], [28.361894531784316, 37.85875408342807], [28.360277564272906, 37.85875408342807], [28.360277564272906, 37.85767610508713], [28.360816553443385, 37.85767610508713], [28.360816553443385, 37.85713711591666], [28.362433520954795, 37.85713711591666], [28.362433520954795, 37.85605913757571]]]}, "id": "+386580+85611", "properties": {"area_ha": 5.104753934321418, "count": 18, "label": 1, "mean_dnbr": 0.3499673591883116}}, {"type": "Feature", "geometry": {"geodesic": false, "type": "Polygon", "coordinates": [[[28.363511499295726, 37.864143975132784], [28.364050488466205, 37.864143975132784], [28.364050488466205, 37.864682964303256], [28.364589477636684, 37.864682964303256], [28.364589477636684, 37.86522195347373], [28.364050488466205, 37.86522195347373], [28.364050488466205, 37.8657609426442], [28.365128466807136, 37.8657609426442], [28.365128466807136, 37.866838920985145], [28.366206445148094, 37.866838920985145], [28.366206445148094, 37.86737791015562], [28.365667455977615, 37.86737791015562], [28.365667455977615, 37.86791689932609], [28.364589477636684, 37.86791689932609], [28.364589477636684, 37.866838920985145], [28.364050488466205, 37.866838920985145], [28.364050488466205, 37.86629993181467], [28.362972510125275, 37.86629993181467], [28.362972510125275, 37.8657609426442], [28.363511499295726, 37.8657609426442], [28.363511499295726, 37.864143975132784]]]}, "id": "+386582+85596", "properties": {"area_ha": 4.2534820006595755, "count": 15, "label": 1, "mean_dnbr": 0.2898857507922131}}, {"type": "Feature", "geometry": {"geodesic": false, "type": "Polygon", "coordinates": [[[28.364050488466205, 37.856598126746185], [28.365128466807136, 37.856598126746185], [28.365128466807136, 37.85713711591666], [28.365667455977615, 37.85713711591666], [28.365667455977615, 37.85767610508713], [28.366206445148094, 37.85767610508713], [28.366206445148094, 37.858215094257595], [28.365667455977615, 37.858215094257595], [28.365667455977615, 37.85875408342807], [28.366206445148094, 37.85875408342807], [28.366206445148094, 37.860371050939484], [28.365128466807136, 37.860371050939484], [28.365128466807136, 37.86091004010996], [28.364589477636684, 37.86091004010996], [28.364589477636684, 37.86144902928043], [28.364050488466205, 37.86144902928043], [28.364050488466205, 37.862527007621374], [28.363511499295726, 37.862527007621374], [28.363511499295726, 37.86144902928043], [28.364050488466205, 37.86144902928043], [28.364050488466205, 37.85983206176901], [28.364589477636684, 37.85983206176901], [28.364589477636684, 37.85929307259854], [28.365128466807136, 37.85929307259854], [28.365128466807136, 37.858215094257595], [28.363511499295726, 37.858215094257595], [28.363511499295726, 37.85713711591666], [28.364050488466205, 37.85713711591666], [28.364050488466205, 37.856598126746185]]]}, "id": "+386584+85610", "properties": {"area_ha": 7.373425202282434, "count": 26, "label": 1, "mean_dnbr": 0.39023707867648516}}, {"type": "Feature", "geometry": {"geodesic": false, "type": "Polygon", "coordinates": [[[28.364589477636684, 37.9191208705209], [28.367284423489025, 37.9191208705209], [28.367284423489025, 37.920198848861844], [28.366745434318574, 37.920198848861844], [28.366745434318574, 37.920737838032316], [28.367284423489025, 37.920737838032316], [28.367284423489025, 37.92127682720279], [28.364589477636684, 37.92127682720279], [28.364589477636684, 37.9191208705209]]]}, "id": "+386588+85494", "properties": {"area_ha": 5.383797787980101, "count": 19, "label": 1, "mean_dnbr": 0.21103299400123016}}, {"type": "Feature", "geometry": {"geodesic": false, "type": "Polygon", "coordinates": [[[28.368362401829984, 37.89217141199732], [28.369440380170914, 37.89217141199732], [28.369440380170914, 37.893788379508734], [28.369979369341394, 37.893788379508734], [28.369979369341394, 37.89271040116779], [28.370518358511873, 37.89271040116779], [28.370518358511873, 37.8943273686792], [28.369440380170914, 37.8943273686792], [28.369440380170914, 37.89486635784967], [28.368362401829984, 37.89486635784967], [28.368362401829984, 37.89217141199732]]]}, "id": "+386592+85544", "properties": {"area_ha": 3.968445363222001, "count": 14, "label": 1, "mean_dnbr": 0.22212086413498297}}, {"type": "Feature", "geometry": {"geodesic": false, "type": "Polygon", "coordinates": [[[28.369440380170914, 37.8867815202926], [28.369979369341394, 37.8867815202926], [28.369979369341394, 37.88732050946307], [28.373213304364214, 37.88732050946307], [28.373213304364214, 37.88839848780401], [28.369979369341394, 37.88839848780401], [28.369979369341394, 37.887859498633546], [28.369440380170914, 37.887859498633546], [28.369440380170914, 37.8867815202926]]]}, "id": "+386593+85554", "properties": {"area_ha": 3.9687560025884276, "count": 14, "label": 1, "mean_dnbr": 0.4911978386391383}}, {"type": "Feature", "geometry": {"geodesic": false, "type": "Polygon", "coordinates": [[[28.369979369341394, 38.44247935504894], [28.371057347682324, 38.44247935504894], [28.371057347682324, 38.443557333389876], [28.371596336852804, 38.443557333389876], [28.371596336852804, 38.44409632256035], [28.370518358511873, 38.44409632256035], [28.370518358511873, 38.44463531173082], [28.369440380170914, 38.44463531173082], [28.369440380170914, 38.443557333389876], [28.368901391000463, 38.443557333389876], [28.368901391000463, 38.44247935504894], [28.369440380170914, 38.44247935504894], [28.369440380170914, 38.443018344219404], [28.369979369341394, 38.443018344219404], [28.369979369341394, 38.44247935504894]]]}, "id": "+386595+84523", "properties": {"area_ha": 3.657287839259908, "count": 13, "label": 1, "mean_dnbr": 0.3530200929850392}}, {"type": "Feature", "geometry": {"geodesic": false, "type": "Polygon", "coordinates": [[[28.370518358511873, 37.85552014840524], [28.371596336852804, 37.85552014840524], [28.371596336852804, 37.85605913757571], [28.371057347682324, 37.85605913757571], [28.371057347682324, 37.856598126746185], [28.370518358511873, 37.856598126746185], [28.370518358511873, 37.85767610508713], [28.372135326023283, 37.85767610508713], [28.372135326023283, 37.85929307259854], [28.370518358511873, 37.85929307259854], [28.370518358511873, 37.85983206176901], [28.369979369341394, 37.85983206176901], [28.369979369341394, 37.85929307259854], [28.370518358511873, 37.85929307259854], [28.370518358511873, 37.858215094257595], [28.368362401829984, 37.858215094257595], [28.368362401829984, 37.856598126746185], [28.368901391000463, 37.856598126746185], [28.368901391000463, 37.85713711591666], [28.369440380170914, 37.85713711591666], [28.369440380170914, 37.85605913757571], [28.368901391000463, 37.85605913757571], [28.368901391000463, 37.85552014840524], [28.369440380170914, 37.85552014840524], [28.369440380170914, 37.85605913757571], [28.370518358511873, 37.85605913757571], [28.370518358511873, 37.85552014840524]]]}, "id": "+386596+85612", "properties": {"area_ha": 7.65717450231937, "count": 27, "label": 1, "mean_dnbr": 0.422937222203105}}, {"type": "Feature", "geometry": {"geodesic": false, "type": "Polygon", "coordinates": [[[28.369440380170914, 37.90241220623628], [28.372135326023283, 37.90241220623628], [28.372135326023283, 37.90349018457722], [28.373213304364214, 37.90349018457722], [28.373213304364214, 37.90456816291817], [28.373752293534693, 37.90456816291817], [28.373752293534693, 37.90349018457722], [28.374291282705173, 37.90349018457722], [28.374291282705173, 37.90564614125911], [28.373213304364214, 37.90564614125911], [28.373213304364214, 37.90510715208864], [28.371596336852804, 37.90510715208864], [28.371596336852804, 37.906185130429584], [28.368901391000463, 37.906185130429584], [28.368901391000463, 37.90510715208864], [28.369979369341394, 37.90510715208864], [28.369979369341394, 37.90456816291817], [28.369440380170914, 37.90456816291817], [28.369440380170914, 37.90241220623628]], [[28.371057347682324, 37.90349018457722], [28.371057347682324, 37.90456816291817], [28.370518358511873, 37.90456816291817], [28.370518358511873, 37.904029173747695], [28.369979369341394, 37.904029173747695], [28.369979369341394, 37.90349018457722], [28.371057347682324, 37.90349018457722]]]}, "id": "+386597+85525", "properties": {"area_ha": 12.187005957492262, "count": 43, "label": 1, "mean_dnbr": 0.4006542095546181}}, {"type": "Feature", "geometry": {"geodesic": false, "type": "Polygon", "coordinates": [[[28.371057347682324, 37.898100292872506], [28.372135326023283, 37.898100292872506], [28.372135326023283, 37.89863928204298], [28.371596336852804, 37.89863928204298], [28.371596336852804, 37.89917827121345], [28.371057347682324, 37.89917827121345], [28.371057347682324, 37.89971726038392], [28.372135326023283, 37.89971726038392], [28.372135326023283, 37.90025624955439], [28.370518358511873, 37.90025624955439], [28.370518358511873, 37.901873217065805], [28.368901391000463, 37.901873217065805], [28.368901391000463, 37.90025624955439], [28.369440380170914, 37.90025624955439], [28.369440380170914, 37.89917827121345], [28.371057347682324, 37.89917827121345], [28.371057347682324, 37.898100292872506]]]}, "id": "+386597+85533", "properties": {"area_ha": 5.668698340956287, "count": 20, "label": 1, "mean_dnbr": 0.3588118124696803}}, {"type": "Feature", "geometry": {"geodesic": false, "type": "Polygon", "coordinates": [[[28.372135326023283, 37.89648332536109], [28.372674315193763, 37.89648332536109], [28.372674315193763, 37.89702231453156], [28.373752293534693, 37.89702231453156], [28.373752293534693, 37.897561303702034], [28.374291282705173, 37.897561303702034], [28.374291282705173, 37.89702231453156], [28.374830271875652, 37.89702231453156], [28.374830271875652, 37.898100292872506], [28.375369261046103, 37.898100292872506], [28.375369261046103, 37.89863928204298], [28.375908250216582, 37.89863928204298], [28.375908250216582, 37.90079523872486], [28.376447239387062, 37.90079523872486], [28.376447239387062, 37.90133422789533], [28.376986228557513, 37.90133422789533], [28.376986228557513, 37.90241220623628], [28.376447239387062, 37.90241220623628], [28.376447239387062, 37.90133422789533], [28.374291282705173, 37.90133422789533], [28.374291282705173, 37.90079523872486], [28.374830271875652, 37.90079523872486], [28.374830271875652, 37.90025624955439], [28.374291282705173, 37.90025624955439], [28.374291282705173, 37.89971726038392], [28.373752293534693, 37.89971726038392], [28.373752293534693, 37.898100292872506], [28.373213304364214, 37.898100292872506], [28.373213304364214, 37.897561303702034], [28.371596336852804, 37.897561303702034], [28.371596336852804, 37.89702231453156], [28.372135326023283, 37.89702231453156], [28.372135326023283, 37.89648332536109]]]}, "id": "+386598+85536", "properties": {"area_ha": 8.786608901080916, "count": 31, "label": 1, "mean_dnbr": 0.3184864107644124}}, {"type": "Feature", "geometry": {"geodesic": false, "type": "Polygon", "coordinates": [[[28.372135326023283, 37.90672411960005], [28.373213304364214, 37.90672411960005], [28.373213304364214, 37.907802097940994], [28.373752293534693, 37.907802097940994], [28.373752293534693, 37.90888007628194], [28.373213304364214, 37.90888007628194], [28.373213304364214, 37.90941906545241], [28.374291282705173, 37.90941906545241], [28.374291282705173, 37.909958054622884], [28.372135326023283, 37.909958054622884], [28.372135326023283, 37.907802097940994], [28.372674315193763, 37.907802097940994], [28.372674315193763, 37.90726310877052], [28.372135326023283, 37.90726310877052], [28.372135326023283, 37.90672411960005]]]}, "id": "+386599+85517", "properties": {"area_ha": 4.251042720303028, "count": 15, "label": 1, "mean_dnbr": 0.32720945425498205}}, {"type": "Feature", "geometry": {"geodesic": false, "type": "Polygon", "coordinates": [[[28.373752293534693, 37.856598126746185], [28.374830271875652, 37.856598126746185], [28.374830271875652, 37.85767610508713], [28.374291282705173, 37.85767610508713], [28.374291282705173, 37.858215094257595], [28.373752293534693, 37.858215094257595], [28.373752293534693, 37.85875408342807], [28.372674315193763, 37.85875408342807], [28.372674315193763, 37.858215094257595], [28.373213304364214, 37.858215094257595], [28.373213304364214, 37.85713711591666], [28.372135326023283, 37.85713711591666], [28.372135326023283, 37.856598126746185], [28.373213304364214, 37.856598126746185], [28.373213304364214, 37.85713711591666], [28.373752293534693, 37.85713711591666], [28.373752293534693, 37.856598126746185]]]}, "id": "+386602+85610", "properties": {"area_ha": 3.119590117148121, "count": 11, "label": 1, "mean_dnbr": 0.2096276504163687}}, {"type": "Feature", "geometry": {"geodesic": false, "type": "Polygon", "coordinates": [[[28.375908250216582, 38.810069969310646], [28.376447239387062, 38.810069969310646], [28.376447239387062, 38.81222592599253], [28.374291282705173, 38.81222592599253], [28.374291282705173, 38.811147947651584], [28.373752293534693, 38.811147947651584], [28.373752293534693, 38.81060895848111], [28.374291282705173, 38.81060895848111], [28.374291282705173, 38.811147947651584], [28.375908250216582, 38.811147947651584], [28.375908250216582, 38.810069969310646]]]}, "id": "+386605+83841", "properties": {"area_ha": 3.078792848175984, "count": 11, "label": 1, "mean_dnbr": 0.16436863891325812}}, {"type": "Feature", "geometry": {"geodesic": false, "type": "Polygon", "coordinates": [[[28.375908250216582, 37.87384578020128], [28.376447239387062, 37.87384578020128], [28.376447239387062, 37.87438476937175], [28.377525217727992, 37.87438476937175], [28.377525217727992, 37.87600173688317], [28.375369261046103, 37.87600173688317], [28.375369261046103, 37.87654072605363], [28.374830271875652, 37.87654072605363], [28.374830271875652, 37.87761870439458], [28.374291282705173, 37.87761870439458], [28.374291282705173, 37.87654072605363], [28.373752293534693, 37.87654072605363], [28.373752293534693, 37.875462747712696], [28.374291282705173, 37.875462747712696], [28.374291282705173, 37.87438476937175], [28.375908250216582, 37.87438476937175], [28.375908250216582, 37.87384578020128]]]}, "id": "+386605+85578", "properties": {"area_ha": 7.088254167536042, "count": 25, "label": 1, "mean_dnbr": 0.45085432629850547}}, {"type": "Feature", "geometry": {"geodesic": false, "type": "Polygon", "coordinates": [[[28.376986228557513, 37.8619880184509], [28.377525217727992, 37.8619880184509], [28.377525217727992, 37.863065996791846], [28.376986228557513, 37.863065996791846], [28.376986228557513, 37.864143975132784], [28.379681174409882, 37.864143975132784], [28.379681174409882, 37.86629993181467], [28.378064206898472, 37.86629993181467], [28.378064206898472, 37.8657609426442], [28.376986228557513, 37.8657609426442], [28.376986228557513, 37.864143975132784], [28.376447239387062, 37.864143975132784], [28.376447239387062, 37.86522195347373], [28.375908250216582, 37.86522195347373], [28.375908250216582, 37.8657609426442], [28.375369261046103, 37.8657609426442], [28.375369261046103, 37.864682964303256], [28.373752293534693, 37.864682964303256], [28.373752293534693, 37.864143975132784], [28.374291282705173, 37.864143975132784], [28.374291282705173, 37.86360498596232], [28.375908250216582, 37.86360498596232], [28.375908250216582, 37.864143975132784], [28.376447239387062, 37.864143975132784], [28.376447239387062, 37.862527007621374], [28.376986228557513, 37.862527007621374], [28.376986228557513, 37.8619880184509]]]}, "id": "+386607+85600", "properties": {"area_ha": 9.64143104624304, "count": 34, "label": 1, "mean_dnbr": 0.38592961825248207}}, {"type": "Feature", "geometry": {"geodesic": false, "type": "Polygon", "coordinates": [[[28.378064206898472, 37.889476466144956], [28.37860319606895, 37.889476466144956], [28.37860319606895, 37.89109343365637], [28.379681174409882, 37.89109343365637], [28.379681174409882, 37.89001545531543], [28.38129814192129, 37.89001545531543], [28.38129814192129, 37.89109343365637], [28.38075915275084, 37.89109343365637], [28.38075915275084, 37.891632422826845], [28.37860319606895, 37.891632422826845], [28.37860319606895, 37.89109343365637], [28.378064206898472, 37.89109343365637], [28.378064206898472, 37.889476466144956]]]}, "id": "+386609+85549", "properties": {"area_ha": 3.685128583872006, "count": 13, "label": 1, "mean_dnbr": 0.2710683007327311}}, {"type": "Feature", "geometry": {"geodesic": false, "type": "Polygon", "coordinates": [[[28.378064206898472, 37.85929307259854], [28.37860319606895, 37.85929307259854], [28.37860319606895, 37.85983206176901], [28.379142185239402, 37.85983206176901], [28.379142185239402, 37.860371050939484], [28.37860319606895, 37.860371050939484], [28.37860319606895, 37.86091004010996], [28.379142185239402, 37.86091004010996], [28.379142185239402, 37.86144902928043], [28.38075915275084, 37.86144902928043], [28.38075915275084, 37.86091004010996], [28.38022016358036, 37.86091004010996], [28.38022016358036, 37.85983206176901], [28.38075915275084, 37.85983206176901], [28.38075915275084, 37.86091004010996], [28.38183713109177, 37.86091004010996], [28.38183713109177, 37.8619880184509], [28.38129814192129, 37.8619880184509], [28.38129814192129, 37.863065996791846], [28.38022016358036, 37.863065996791846], [28.38022016358036, 37.862527007621374], [28.379681174409882, 37.862527007621374], [28.379681174409882, 37.8619880184509], [28.379142185239402, 37.8619880184509], [28.379142185239402, 37.86144902928043], [28.37860319606895, 37.86144902928043], [28.37860319606895, 37.862527007621374], [28.378064206898472, 37.862527007621374], [28.378064206898472, 37.86091004010996], [28.377525217727992, 37.86091004010996], [28.377525217727992, 37.85983206176901], [28.378064206898472, 37.85983206176901], [28.378064206898472, 37.85929307259854]]]}, "id": "+386609+85605", "properties": {"area_ha": 6.806024062947973, "count": 24, "label": 1, "mean_dnbr": 0.34109718333818745}}, {"type": "Feature", "geometry": {"geodesic": false, "type": "Polygon", "coordinates": [[[28.376986228557513, 37.86845588849656], [28.379142185239402, 37.86845588849656], [28.379142185239402, 37.868994877667035], [28.378064206898472, 37.868994877667035], [28.378064206898472, 37.870611845178445], [28.377525217727992, 37.870611845178445], [28.377525217727992, 37.87115083434892], [28.375369261046103, 37.87115083434892], [28.375369261046103, 37.870611845178445], [28.375908250216582, 37.870611845178445], [28.375908250216582, 37.868994877667035], [28.376986228557513, 37.868994877667035], [28.376986228557513, 37.86845588849656]]]}, "id": "+386610+85588", "properties": {"area_ha": 5.671035542364948, "count": 20, "label": 1, "mean_dnbr": 0.4124944087969292}}, {"type": "Feature", "geometry": {"geodesic": false, "type": "Polygon", "coordinates": [[[28.379142185239402, 37.86953386683751], [28.38129814192129, 37.86953386683751], [28.38129814192129, 37.87007285600797], [28.38237612026225, 37.87007285600797], [28.38237612026225, 37.870611845178445], [28.38075915275084, 37.870611845178445], [28.38075915275084, 37.87115083434892], [28.379142185239402, 37.87115083434892], [28.379142185239402, 37.86953386683751]]]}, "id": "+386614+85586", "properties": {"area_ha": 3.686146272585188, "count": 13, "label": 1, "mean_dnbr": 0.47928276437213696}}, {"type": "Feature", "geometry": {"geodesic": false, "type": "Polygon", "coordinates": [[[28.38129814192129, 37.909958054622884], [28.38183713109177, 37.909958054622884], [28.38183713109177, 37.91265300047524], [28.38129814192129, 37.91265300047524], [28.38129814192129, 37.91211401130477], [28.38075915275084, 37.91211401130477], [28.38075915275084, 37.91265300047524], [28.38022016358036, 37.91265300047524], [28.38022016358036, 37.91319198964571], [28.379142185239402, 37.91319198964571], [28.379142185239402, 37.91211401130477], [28.38075915275084, 37.91211401130477], [28.38075915275084, 37.91103603296383], [28.38129814192129, 37.91103603296383], [28.38129814192129, 37.909958054622884]]]}, "id": "+386615+85511", "properties": {"area_ha": 3.400674882651731, "count": 12, "label": 1, "mean_dnbr": 0.23819936867331248}}, {"type": "Feature", "geometry": {"geodesic": false, "type": "Polygon", "coordinates": [[[28.38022016358036, 37.87168982351939], [28.3829151094327, 37.87168982351939], [28.3829151094327, 37.87222881268986], [28.38237612026225, 37.87222881268986], [28.38237612026225, 37.87438476937175], [28.38183713109177, 37.87438476937175], [28.38183713109177, 37.87384578020128], [28.379681174409882, 37.87384578020128], [28.379681174409882, 37.87330679103081], [28.38022016358036, 37.87330679103081], [28.38022016358036, 37.87168982351939]]]}, "id": "+386617+85582", "properties": {"area_ha": 5.387255348415564, "count": 19, "label": 1, "mean_dnbr": 0.4856317185573525}}, {"type": "Feature", "geometry": {"geodesic": false, "type": "Polygon", "coordinates": [[[28.3829151094327, 37.85983206176901], [28.38345409860318, 37.85983206176901], [28.38345409860318, 37.860371050939484], [28.38399308777366, 37.860371050939484], [28.38399308777366, 37.86091004010996], [28.38453207694414, 37.86091004010996], [28.38453207694414, 37.860371050939484], [28.38507106611459, 37.860371050939484], [28.38507106611459, 37.86144902928043], [28.38453207694414, 37.86144902928043], [28.38453207694414, 37.8619880184509], [28.38399308777366, 37.8619880184509], [28.38399308777366, 37.86144902928043], [28.38345409860318, 37.86144902928043], [28.38345409860318, 37.8619880184509], [28.3829151094327, 37.8619880184509], [28.3829151094327, 37.863065996791846], [28.38399308777366, 37.863065996791846], [28.38399308777366, 37.864143975132784], [28.38345409860318, 37.864143975132784], [28.38345409860318, 37.864682964303256], [28.3829151094327, 37.864682964303256], [28.3829151094327, 37.864143975132784], [28.38237612026225, 37.864143975132784], [28.38237612026225, 37.8619880184509], [28.3829151094327, 37.8619880184509], [28.3829151094327, 37.85983206176901]]]}, "id": "+386618+85604", "properties": {"area_ha": 5.388041047553668, "count": 19, "label": 1, "mean_dnbr": 0.28322665742430664}}, {"type": "Feature", "geometry": {"geodesic": false, "type": "Polygon", "coordinates": [[[28.38183713109177, 37.868994877667035], [28.38507106611459, 37.868994877667035], [28.38507106611459, 37.86953386683751], [28.38614904445555, 37.86953386683751], [28.38614904445555, 37.87007285600797], [28.38561005528507, 37.87007285600797], [28.38561005528507, 37.87115083434892], [28.38776601196696, 37.87115083434892], [28.38776601196696, 37.87222881268986], [28.38830500113744, 37.87222881268986], [28.38830500113744, 37.872767801860334], [28.39046095781933, 37.872767801860334], [28.39046095781933, 37.87330679103081], [28.39099994698978, 37.87330679103081], [28.39099994698978, 37.87384578020128], [28.38992196864885, 37.87384578020128], [28.38992196864885, 37.87438476937175], [28.38776601196696, 37.87438476937175], [28.38776601196696, 37.87384578020128], [28.38668803362603, 37.87384578020128], [28.38668803362603, 37.874923758542224], [28.38614904445555, 37.874923758542224], [28.38614904445555, 37.87438476937175], [28.38507106611459, 37.87438476937175], [28.38507106611459, 37.87168982351939], [28.38399308777366, 37.87168982351939], [28.38399308777366, 37.87007285600797], [28.38453207694414, 37.87007285600797], [28.38453207694414, 37.86953386683751], [28.38183713109177, 37.86953386683751], [28.38183713109177, 37.868994877667035]], [[28.38668803362603, 37.87330679103081], [28.38668803362603, 37.87384578020128], [28.38561005528507, 37.87384578020128], [28.38561005528507, 37.87330679103081], [28.38668803362603, 37.87330679103081]], [[28.38561005528507, 37.87115083434892], [28.38561005528507, 37.87168982351939], [28.38507106611459, 37.87168982351939], [28.38507106611459, 37.87115083434892], [28.38561005528507, 37.87115083434892]]]}, "id": "+386621+85587", "properties": {"area_ha": 16.729003377692983, "count": 59, "label": 1, "mean_dnbr": 0.4439663732786516}}, {"type": "Feature", "geometry": {"geodesic": false, "type": "Polygon", "coordinates": [[[28.38507106611459, 37.9191208705209], [28.38561005528507, 37.9191208705209], [28.38561005528507, 37.91965985969137], [28.38776601196696, 37.91965985969137], [28.38776601196696, 37.920737838032316], [28.38830500113744, 37.920737838032316], [28.38830500113744, 37.92181581637326], [28.38776601196696, 37.92181581637326], [28.38776601196696, 37.92127682720279], [28.38722702279648, 37.92127682720279], [28.38722702279648, 37.920737838032316], [28.38507106611459, 37.920737838032316], [28.38507106611459, 37.9191208705209]]]}, "id": "+386622+85494", "properties": {"area_ha": 3.966999825034626, "count": 14, "label": 1, "mean_dnbr": 0.2891455359467195}}, {"type": "Feature", "geometry": {"geodesic": false, "type": "Polygon", "coordinates": [[[28.3829151094327, 37.92720570807798], [28.38614904445555, 37.92720570807798], [28.38614904445555, 37.92936166475987], [28.38561005528507, 37.92936166475987], [28.38561005528507, 37.92990065393034], [28.38507106611459, 37.92990065393034], [28.38507106611459, 37.92828368641892], [28.38345409860318, 37.92828368641892], [28.38345409860318, 37.928822675589394], [28.3829151094327, 37.928822675589394], [28.3829151094327, 37.92828368641892], [28.38345409860318, 37.92828368641892], [28.38345409860318, 37.92774469724845], [28.3829151094327, 37.92774469724845], [28.3829151094327, 37.92720570807798]]]}, "id": "+386623+85479", "properties": {"area_ha": 4.816541035274474, "count": 17, "label": 1, "mean_dnbr": 0.30165024630047416}}, {"type": "Feature", "geometry": {"geodesic": false, "type": "Polygon", "coordinates": [[[28.38561005528507, 37.863065996791846], [28.38668803362603, 37.863065996791846], [28.38668803362603, 37.86360498596232], [28.38722702279648, 37.86360498596232], [28.38722702279648, 37.8657609426442], [28.38668803362603, 37.8657609426442], [28.38668803362603, 37.866838920985145], [28.38614904445555, 37.866838920985145], [28.38614904445555, 37.86737791015562], [28.38453207694414, 37.86737791015562], [28.38453207694414, 37.864682964303256], [28.38507106611459, 37.864682964303256], [28.38507106611459, 37.86360498596232], [28.38561005528507, 37.86360498596232], [28.38561005528507, 37.863065996791846]]]}, "id": "+386624+85598", "properties": {"area_ha": 8.79064631040797, "count": 31, "label": 1, "mean_dnbr": 0.3813514625760939}}, {"type": "Feature", "geometry": {"geodesic": false, "type": "Polygon", "coordinates": [[[28.38453207694414, 37.88732050946307], [28.38722702279648, 37.88732050946307], [28.38722702279648, 37.88839848780401], [28.38776601196696, 37.88839848780401], [28.38776601196696, 37.889476466144956], [28.38668803362603, 37.889476466144956], [28.38668803362603, 37.89001545531543], [28.38561005528507, 37.89001545531543], [28.38561005528507, 37.88893747697448], [28.38614904445555, 37.88893747697448], [28.38614904445555, 37.88839848780401], [28.38507106611459, 37.88839848780401], [28.38507106611459, 37.887859498633546], [28.38453207694414, 37.887859498633546], [28.38453207694414, 37.88732050946307]]]}, "id": "+386625+85553", "properties": {"area_ha": 5.102626389057471, "count": 18, "label": 1, "mean_dnbr": 0.40319703863924816}}, {"type": "Feature", "geometry": {"geodesic": false, "type": "Polygon", "coordinates": [[[28.38614904445555, 37.89863928204298], [28.38776601196696, 37.89863928204298], [28.38776601196696, 37.89971726038392], [28.38722702279648, 37.89971726038392], [28.38722702279648, 37.90079523872486], [28.38668803362603, 37.90079523872486], [28.38668803362603, 37.901873217065805], [28.38614904445555, 37.901873217065805], [28.38614904445555, 37.90133422789533], [28.38561005528507, 37.90133422789533], [28.38561005528507, 37.89917827121345], [28.38614904445555, 37.89917827121345], [28.38614904445555, 37.89863928204298]]]}, "id": "+386626+85532", "properties": {"area_ha": 4.534966677965986, "count": 16, "label": 1, "mean_dnbr": 0.2778037539479011}}, {"type": "Feature", "geometry": {"geodesic": false, "type": "Polygon", "coordinates": [[[28.38776601196696, 37.92235480554373], [28.38938297947837, 37.92235480554373], [28.38938297947837, 37.922893794714206], [28.38830500113744, 37.922893794714206], [28.38830500113744, 37.92343278388468], [28.38722702279648, 37.92343278388468], [28.38722702279648, 37.92397177305515], [28.38668803362603, 37.92397177305515], [28.38668803362603, 37.92504975139609], [28.38614904445555, 37.92504975139609], [28.38614904445555, 37.92397177305515], [28.38561005528507, 37.92397177305515], [28.38561005528507, 37.92343278388468], [28.38614904445555, 37.92343278388468], [28.38614904445555, 37.922893794714206], [28.38776601196696, 37.922893794714206], [28.38776601196696, 37.92235480554373]]]}, "id": "+386629+85488", "properties": {"area_ha": 3.400141362606059, "count": 12, "label": 1, "mean_dnbr": 0.3290451689566622}}, {"type": "Feature", "geometry": {"geodesic": false, "type": "Polygon", "coordinates": [[[28.38722702279648, 37.90510715208864], [28.39099994698978, 37.90510715208864], [28.39099994698978, 37.90672411960005], [28.38884399030789, 37.90672411960005], [28.38884399030789, 37.90726310877052], [28.38830500113744, 37.90726310877052], [28.38830500113744, 37.90834108711147], [28.38776601196696, 37.90834108711147], [28.38776601196696, 37.90941906545241], [28.38722702279648, 37.90941906545241], [28.38722702279648, 37.910497043793356], [28.38561005528507, 37.910497043793356], [28.38561005528507, 37.90941906545241], [28.38668803362603, 37.90941906545241], [28.38668803362603, 37.90834108711147], [28.38722702279648, 37.90834108711147], [28.38722702279648, 37.90510715208864]]]}, "id": "+386632+85520", "properties": {"area_ha": 10.769475911922871, "count": 38, "label": 1, "mean_dnbr": 0.39123884004571907}}, {"type": "Feature", "geometry": {"geodesic": false, "type": "Polygon", "coordinates": [[[28.38884399030789, 37.88031365024694], [28.39153893616026, 37.88031365024694], [28.39153893616026, 37.883008596099295], [28.38938297947837, 37.883008596099295], [28.38938297947837, 37.88354758526977], [28.38884399030789, 37.88354758526977], [28.38884399030789, 37.88246960692882], [28.38830500113744, 37.88246960692882], [28.38830500113744, 37.88085263941741], [28.38884399030789, 37.88085263941741], [28.38884399030789, 37.88031365024694]], [[28.39099994698978, 37.88085263941741], [28.39099994698978, 37.881391628587885], [28.39046095781933, 37.881391628587885], [28.39046095781933, 37.88085263941741], [28.39099994698978, 37.88085263941741]]]}, "id": "+386633+85566", "properties": {"area_ha": 7.938157079914445, "count": 28, "label": 1, "mean_dnbr": 0.23761908640157334}}, {"type": "Feature", "geometry": {"geodesic": false, "type": "Polygon", "coordinates": [[[28.39099994698978, 37.85767610508713], [28.39207792533074, 37.85767610508713], [28.39207792533074, 37.85875408342807], [28.39153893616026, 37.85875408342807], [28.39153893616026, 37.85983206176901], [28.39099994698978, 37.85983206176901], [28.39099994698978, 37.85929307259854], [28.38992196864885, 37.85929307259854], [28.38992196864885, 37.860371050939484], [28.38884399030789, 37.860371050939484], [28.38884399030789, 37.8619880184509], [28.38668803362603, 37.8619880184509], [28.38668803362603, 37.86144902928043], [28.38722702279648, 37.86144902928043], [28.38722702279648, 37.85983206176901], [28.38776601196696, 37.85983206176901], [28.38776601196696, 37.85929307259854], [28.38722702279648, 37.85929307259854], [28.38722702279648, 37.85875408342807], [28.38453207694414, 37.85875408342807], [28.38453207694414, 37.858215094257595], [28.38830500113744, 37.858215094257595], [28.38830500113744, 37.85929307259854], [28.38938297947837, 37.85929307259854], [28.38938297947837, 37.858215094257595], [28.39099994698978, 37.858215094257595], [28.39099994698978, 37.85767610508713]]]}, "id": "+386634+85608", "properties": {"area_ha": 11.343627953694511, "count": 40, "label": 1, "mean_dnbr": 0.3952878724864555}}, {"type": "Feature", "geometry": {"geodesic": false, "type": "Polygon", "coordinates": [[[28.39046095781933, 37.89217141199732], [28.39369489284215, 37.89217141199732], [28.39369489284215, 37.89324939033826], [28.39046095781933, 37.89324939033826], [28.39046095781933, 37.89217141199732]]]}, "id": "+386637+85544", "properties": {"area_ha": 3.4015631784414198, "count": 12, "label": 1, "mean_dnbr": 0.4065821499494684}}, {"type": "Feature", "geometry": {"geodesic": false, "type": "Polygon", "coordinates": [[[28.39315590367167, 37.91804289217996], [28.394233882012628, 37.91804289217996], [28.394233882012628, 37.9191208705209], [28.39692882786497, 37.9191208705209], [28.39692882786497, 37.91965985969137], [28.396389838694517, 37.91965985969137], [28.396389838694517, 37.920198848861844], [28.394233882012628, 37.920198848861844], [28.394233882012628, 37.920737838032316], [28.39477287118308, 37.920737838032316], [28.39477287118308, 37.92127682720279], [28.394233882012628, 37.92127682720279], [28.394233882012628, 37.92235480554373], [28.39477287118308, 37.92235480554373], [28.39477287118308, 37.922893794714206], [28.39531186035356, 37.922893794714206], [28.39531186035356, 37.92343278388468], [28.396389838694517, 37.92343278388468], [28.396389838694517, 37.922893794714206], [28.39692882786497, 37.922893794714206], [28.39692882786497, 37.92397177305515], [28.397467817035448, 37.92397177305515], [28.397467817035448, 37.924510762225616], [28.39531186035356, 37.924510762225616], [28.39531186035356, 37.92343278388468], [28.394233882012628, 37.92343278388468], [28.394233882012628, 37.922893794714206], [28.39315590367167, 37.922893794714206], [28.39315590367167, 37.92343278388468], [28.39207792533074, 37.92343278388468], [28.39207792533074, 37.92235480554373], [28.39153893616026, 37.92235480554373], [28.39153893616026, 37.92181581637326], [28.39207792533074, 37.92181581637326], [28.39207792533074, 37.92235480554373], [28.39315590367167, 37.92235480554373], [28.39315590367167, 37.92127682720279], [28.39369489284215, 37.92127682720279], [28.39369489284215, 37.920737838032316], [28.39315590367167, 37.920737838032316], [28.39315590367167, 37.920198848861844], [28.39153893616026, 37.920198848861844], [28.39153893616026, 37.9191208705209], [28.392616914501218, 37.9191208705209], [28.392616914501218, 37.91965985969137], [28.39315590367167, 37.91965985969137], [28.39315590367167, 37.91804289217996]]]}, "id": "+386638+85496", "properties": {"area_ha": 13.600987848076848, "count": 48, "label": 1, "mean_dnbr": 0.32943510933441994}}, {"type": "Feature", "geometry": {"geodesic": false, "type": "Polygon", "coordinates": [[[28.39315590367167, 37.90456816291817], [28.394233882012628, 37.90456816291817], [28.394233882012628, 37.90510715208864], [28.39477287118308, 37.90510715208864], [28.39477287118308, 37.90564614125911], [28.39531186035356, 37.90564614125911], [28.39531186035356, 37.90834108711147], [28.394233882012628, 37.90834108711147], [28.394233882012628, 37.907802097940994], [28.392616914501218, 37.907802097940994], [28.392616914501218, 37.90834108711147], [28.39153893616026, 37.90834108711147], [28.39153893616026, 37.90672411960005], [28.392616914501218, 37.90672411960005], [28.392616914501218, 37.906185130429584], [28.39315590367167, 37.906185130429584], [28.39315590367167, 37.90456816291817]], [[28.39477287118308, 37.906185130429584], [28.39477287118308, 37.90672411960005], [28.394233882012628, 37.90672411960005], [28.394233882012628, 37.906185130429584], [28.39477287118308, 37.906185130429584]]]}, "id": "+386638+85521", "properties": {"area_ha": 8.785698034257209, "count": 31, "label": 1, "mean_dnbr": 0.3432496565849435}}, {"type": "Feature", "geometry": {"geodesic": false, "type": "Polygon", "coordinates": [[[28.392616914501218, 37.885703541951656], [28.394233882012628, 37.885703541951656], [28.394233882012628, 37.8867815202926], [28.39477287118308, 37.8867815202926], [28.39477287118308, 37.88732050946307], [28.39531186035356, 37.88732050946307], [28.39531186035356, 37.887859498633546], [28.39692882786497, 37.887859498633546], [28.39692882786497, 37.88839848780401], [28.397467817035448, 37.88839848780401], [28.397467817035448, 37.889476466144956], [28.394233882012628, 37.889476466144956], [28.394233882012628, 37.88893747697448], [28.39315590367167, 37.88893747697448], [28.39315590367167, 37.889476466144956], [28.392616914501218, 37.889476466144956], [28.392616914501218, 37.89001545531543], [28.39153893616026, 37.89001545531543], [28.39153893616026, 37.8905544444859], [28.39046095781933, 37.8905544444859], [28.39046095781933, 37.89109343365637], [28.38938297947837, 37.89109343365637], [28.38938297947837, 37.891632422826845], [28.38830500113744, 37.891632422826845], [28.38830500113744, 37.8905544444859], [28.39046095781933, 37.8905544444859], [28.39046095781933, 37.89001545531543], [28.39153893616026, 37.89001545531543], [28.39153893616026, 37.889476466144956], [28.39099994698978, 37.889476466144956], [28.39099994698978, 37.88893747697448], [28.39315590367167, 37.88893747697448], [28.39315590367167, 37.8867815202926], [28.392616914501218, 37.8867815202926], [28.392616914501218, 37.88839848780401], [28.39207792533074, 37.88839848780401], [28.39207792533074, 37.88624253112213], [28.392616914501218, 37.88624253112213], [28.392616914501218, 37.885703541951656]]]}, "id": "+386638+85556", "properties": {"area_ha": 14.740954681188668, "count": 52, "label": 1, "mean_dnbr": 0.3336325568884133}}, {"type": "Feature", "geometry": {"geodesic": false, "type": "Polygon", "coordinates": [[[28.39315590367167, 37.86360498596232], [28.395850849524038, 37.86360498596232], [28.395850849524038, 37.864143975132784], [28.396389838694517, 37.864143975132784], [28.396389838694517, 37.8657609426442], [28.39315590367167, 37.8657609426442], [28.39315590367167, 37.86522195347373], [28.392616914501218, 37.86522195347373], [28.392616914501218, 37.864682964303256], [28.39315590367167, 37.864682964303256], [28.39315590367167, 37.86360498596232]]]}, "id": "+386641+85597", "properties": {"area_ha": 6.805721103050931, "count": 24, "label": 1, "mean_dnbr": 0.49455909636477074}}, {"type": "Feature", "geometry": {"geodesic": false, "type": "Polygon", "coordinates": [[[28.392616914501218, 37.87330679103081], [28.396389838694517, 37.87330679103081], [28.396389838694517, 37.87384578020128], [28.397467817035448, 37.87384578020128], [28.397467817035448, 37.874923758542224], [28.39692882786497, 37.874923758542224], [28.39692882786497, 37.875462747712696], [28.392616914501218, 37.875462747712696], [28.392616914501218, 37.874923758542224], [28.39207792533074, 37.874923758542224], [28.39207792533074, 37.87438476937175], [28.392616914501218, 37.87438476937175], [28.392616914501218, 37.87330679103081]]]}, "id": "+386642+85579", "properties": {"area_ha": 9.640174229464927, "count": 34, "label": 1, "mean_dnbr": 0.5266978388121182}}, {"type": "Feature", "geometry": {"geodesic": false, "type": "Polygon", "coordinates": [[[28.395850849524038, 37.86629993181467], [28.39692882786497, 37.86629993181467], [28.39692882786497, 37.868994877667035], [28.396389838694517, 37.868994877667035], [28.396389838694517, 37.87007285600797], [28.39477287118308, 37.87007285600797], [28.39477287118308, 37.86845588849656], [28.39531186035356, 37.86845588849656], [28.39531186035356, 37.86791689932609], [28.395850849524038, 37.86791689932609], [28.395850849524038, 37.86629993181467]]]}, "id": "+386643+85592", "properties": {"area_ha": 5.387589415451309, "count": 19, "label": 1, "mean_dnbr": 0.5197370112267872}}, {"type": "Feature", "geometry": {"geodesic": false, "type": "Polygon", "coordinates": [[[28.39692882786497, 37.85875408342807], [28.397467817035448, 37.85875408342807], [28.397467817035448, 37.8619880184509], [28.39692882786497, 37.8619880184509], [28.39692882786497, 37.862527007621374], [28.39477287118308, 37.862527007621374], [28.39477287118308, 37.86144902928043], [28.39531186035356, 37.86144902928043], [28.39531186035356, 37.860371050939484], [28.396389838694517, 37.860371050939484], [28.396389838694517, 37.85983206176901], [28.39692882786497, 37.85983206176901], [28.39692882786497, 37.85875408342807]]]}, "id": "+386644+85606", "properties": {"area_ha": 5.955294169706103, "count": 21, "label": 1, "mean_dnbr": 0.4131790688488304}}, {"type": "Feature", "geometry": {"geodesic": false, "type": "Polygon", "coordinates": [[[28.396389838694517, 37.870611845178445], [28.399084784546858, 37.870611845178445], [28.399084784546858, 37.87168982351939], [28.398545795376407, 37.87168982351939], [28.398545795376407, 37.87222881268986], [28.39477287118308, 37.87222881268986], [28.39477287118308, 37.87168982351939], [28.39369489284215, 37.87168982351939], [28.39369489284215, 37.87115083434892], [28.396389838694517, 37.87115083434892], [28.396389838694517, 37.870611845178445]]]}, "id": "+386647+85584", "properties": {"area_ha": 6.238009031305339, "count": 22, "label": 1, "mean_dnbr": 0.44612772198004425}}, {"type": "Feature", "geometry": {"geodesic": false, "type": "Polygon", "coordinates": [[[28.39692882786497, 37.88408657444024], [28.399623773717337, 37.88408657444024], [28.399623773717337, 37.88624253112213], [28.398545795376407, 37.88624253112213], [28.398545795376407, 37.8867815202926], [28.397467817035448, 37.8867815202926], [28.397467817035448, 37.88624253112213], [28.398006806205927, 37.88624253112213], [28.398006806205927, 37.885703541951656], [28.399084784546858, 37.885703541951656], [28.399084784546858, 37.885164552781184], [28.397467817035448, 37.885164552781184], [28.397467817035448, 37.88462556361071], [28.39692882786497, 37.88462556361071], [28.39692882786497, 37.88408657444024]]]}, "id": "+386648+85559", "properties": {"area_ha": 4.252379024169892, "count": 15, "label": 1, "mean_dnbr": 0.26092728924280123}}, {"type": "Feature", "geometry": {"geodesic": false, "type": "Polygon", "coordinates": [[[28.399084784546858, 37.898100292872506], [28.400162762887817, 37.898100292872506], [28.400162762887817, 37.89863928204298], [28.399623773717337, 37.89863928204298], [28.399623773717337, 37.89917827121345], [28.400162762887817, 37.89917827121345], [28.400162762887817, 37.89971726038392], [28.399623773717337, 37.89971726038392], [28.399623773717337, 37.90133422789533], [28.398006806205927, 37.90133422789533], [28.398006806205927, 37.90079523872486], [28.398545795376407, 37.90079523872486], [28.398545795376407, 37.90025624955439], [28.397467817035448, 37.90025624955439], [28.397467817035448, 37.89971726038392], [28.398006806205927, 37.89971726038392], [28.398006806205927, 37.89863928204298], [28.399084784546858, 37.89863928204298], [28.399084784546858, 37.898100292872506]]]}, "id": "+386649+85533", "properties": {"area_ha": 5.101858964548093, "count": 18, "label": 1, "mean_dnbr": 0.21670606297232686}}, {"type": "Feature", "geometry": {"geodesic": false, "type": "Polygon", "coordinates": [[[28.399084784546858, 37.90834108711147], [28.401240741228747, 37.90834108711147], [28.401240741228747, 37.90888007628194], [28.401779730399227, 37.90888007628194], [28.401779730399227, 37.90941906545241], [28.401240741228747, 37.90941906545241], [28.401240741228747, 37.90888007628194], [28.400701752058268, 37.90888007628194], [28.400701752058268, 37.90941906545241], [28.399623773717337, 37.90941906545241], [28.399623773717337, 37.909958054622884], [28.399084784546858, 37.909958054622884], [28.399084784546858, 37.910497043793356], [28.398545795376407, 37.910497043793356], [28.398545795376407, 37.909958054622884], [28.399084784546858, 37.909958054622884], [28.399084784546858, 37.90941906545241], [28.398545795376407, 37.90941906545241], [28.398545795376407, 37.90888007628194], [28.399084784546858, 37.90888007628194], [28.399084784546858, 37.90834108711147]]]}, "id": "+386651+85514", "properties": {"area_ha": 3.117399438629044, "count": 11, "label": 1, "mean_dnbr": 0.21751941602078698}}, {"type": "Feature", "geometry": {"geodesic": false, "type": "Polygon", "coordinates": [[[28.401240741228747, 37.8657609426442], [28.401779730399227, 37.8657609426442], [28.401779730399227, 37.866838920985145], [28.403396697910637, 37.866838920985145], [28.403396697910637, 37.86737791015562], [28.404474676251596, 37.86737791015562], [28.404474676251596, 37.86791689932609], [28.401779730399227, 37.86791689932609], [28.401779730399227, 37.868994877667035], [28.399084784546858, 37.868994877667035], [28.399084784546858, 37.86845588849656], [28.398006806205927, 37.86845588849656], [28.398006806205927, 37.86791689932609], [28.397467817035448, 37.86791689932609], [28.397467817035448, 37.866838920985145], [28.400701752058268, 37.866838920985145], [28.400701752058268, 37.86629993181467], [28.401240741228747, 37.86629993181467], [28.401240741228747, 37.8657609426442]]]}, "id": "+386652+85593", "properties": {"area_ha": 11.058845605923489, "count": 39, "label": 1, "mean_dnbr": 0.3964684960805308}}, {"type": "Feature", "geometry": {"geodesic": false, "type": "Polygon", "coordinates": [[[28.402857708740157, 37.87222881268986], [28.405552654592526, 37.87222881268986], [28.405552654592526, 37.87330679103081], [28.406091643763006, 37.87330679103081], [28.406091643763006, 37.87438476937175], [28.405552654592526, 37.87438476937175], [28.405552654592526, 37.874923758542224], [28.406091643763006, 37.874923758542224], [28.406091643763006, 37.87654072605363], [28.409325578785825, 37.87654072605363], [28.409325578785825, 37.87869668273552], [28.408247600444895, 37.87869668273552], [28.408247600444895, 37.877079715224106], [28.406091643763006, 37.877079715224106], [28.406091643763006, 37.87654072605363], [28.405552654592526, 37.87654072605363], [28.405552654592526, 37.87815769356505], [28.406091643763006, 37.87815769356505], [28.406091643763006, 37.87869668273552], [28.405552654592526, 37.87869668273552], [28.405552654592526, 37.87815769356505], [28.405013665422047, 37.87815769356505], [28.405013665422047, 37.87761870439458], [28.403396697910637, 37.87761870439458], [28.403396697910637, 37.877079715224106], [28.402857708740157, 37.877079715224106], [28.402857708740157, 37.87654072605363], [28.402318719569706, 37.87654072605363], [28.402318719569706, 37.87600173688317], [28.401779730399227, 37.87600173688317], [28.401779730399227, 37.874923758542224], [28.401240741228747, 37.874923758542224], [28.401240741228747, 37.87438476937175], [28.400162762887817, 37.87438476937175], [28.400162762887817, 37.87330679103081], [28.402857708740157, 37.87330679103081], [28.402857708740157, 37.87222881268986]]]}, "id": "+386659+85581", "properties": {"area_ha": 24.383622419725235, "count": 86, "label": 1, "mean_dnbr": 0.5464014352020786}}, {"type": "Feature", "geometry": {"geodesic": false, "type": "Polygon", "coordinates": [[[28.405552654592526, 37.87977466107647], [28.406630632933457, 37.87977466107647], [28.406630632933457, 37.88193061775836], [28.405552654592526, 37.88193061775836], [28.405552654592526, 37.88246960692882], [28.403935687081116, 37.88246960692882], [28.403935687081116, 37.88354758526977], [28.402318719569706, 37.88354758526977], [28.402318719569706, 37.88246960692882], [28.403935687081116, 37.88246960692882], [28.403935687081116, 37.881391628587885], [28.405552654592526, 37.881391628587885], [28.405552654592526, 37.87977466107647]]]}, "id": "+386661+85567", "properties": {"area_ha": 5.670110294944426, "count": 20, "label": 1, "mean_dnbr": 0.27110183685173533}}, {"type": "Feature", "geometry": {"geodesic": false, "type": "Polygon", "coordinates": [[[28.406630632933457, 37.85983206176901], [28.407708611274415, 37.85983206176901], [28.407708611274415, 37.860371050939484], [28.407169622103936, 37.860371050939484], [28.407169622103936, 37.86091004010996], [28.407708611274415, 37.86091004010996], [28.407708611274415, 37.8619880184509], [28.406630632933457, 37.8619880184509], [28.406630632933457, 37.862527007621374], [28.405552654592526, 37.862527007621374], [28.405552654592526, 37.8619880184509], [28.405013665422047, 37.8619880184509], [28.405013665422047, 37.863065996791846], [28.404474676251596, 37.863065996791846], [28.404474676251596, 37.86360498596232], [28.403935687081116, 37.86360498596232], [28.403935687081116, 37.863065996791846], [28.403396697910637, 37.863065996791846], [28.403396697910637, 37.86360498596232], [28.402857708740157, 37.86360498596232], [28.402857708740157, 37.864682964303256], [28.401240741228747, 37.864682964303256], [28.401240741228747, 37.86360498596232], [28.401779730399227, 37.86360498596232], [28.401779730399227, 37.863065996791846], [28.400701752058268, 37.863065996791846], [28.400701752058268, 37.862527007621374], [28.399084784546858, 37.862527007621374], [28.399084784546858, 37.86091004010996], [28.399623773717337, 37.86091004010996], [28.399623773717337, 37.860371050939484], [28.400701752058268, 37.860371050939484], [28.400701752058268, 37.86091004010996], [28.403935687081116, 37.86091004010996], [28.403935687081116, 37.860371050939484], [28.405013665422047, 37.860371050939484], [28.405013665422047, 37.86144902928043], [28.405552654592526, 37.86144902928043], [28.405552654592526, 37.860371050939484], [28.406630632933457, 37.860371050939484], [28.406630632933457, 37.85983206176901]], [[28.404474676251596, 37.862527007621374], [28.404474676251596, 37.863065996791846], [28.403935687081116, 37.863065996791846], [28.403935687081116, 37.862527007621374], [28.404474676251596, 37.862527007621374]], [[28.401240741228747, 37.86144902928043], [28.401240741228747, 37.8619880184509], [28.400701752058268, 37.8619880184509], [28.400701752058268, 37.86144902928043], [28.401240741228747, 37.86144902928043]]]}, "id": "+386663+85604", "properties": {"area_ha": 19.567136901726805, "count": 69, "label": 1, "mean_dnbr": 0.38537473259289273}}, {"type": "Feature", "geometry": {"geodesic": false, "type": "Polygon", "coordinates": [[[28.407708611274415, 37.91373097881618], [28.408247600444895, 37.91373097881618], [28.408247600444895, 37.914269967986655], [28.407708611274415, 37.914269967986655], [28.407708611274415, 37.91480895715713], [28.406630632933457, 37.91480895715713], [28.406630632933457, 37.9153479463276], [28.405552654592526, 37.9153479463276], [28.405552654592526, 37.91696491383902], [28.405013665422047, 37.91696491383902], [28.405013665422047, 37.91750390300949], [28.403935687081116, 37.91750390300949], [28.403935687081116, 37.916425924668545], [28.405013665422047, 37.916425924668545], [28.405013665422047, 37.914269967986655], [28.407708611274415, 37.914269967986655], [28.407708611274415, 37.91373097881618]]]}, "id": "+386664+85504", "properties": {"area_ha": 4.534000581001353, "count": 16, "label": 1, "mean_dnbr": 0.24904484364502275}}, {"type": "Feature", "geometry": {"geodesic": false, "type": "Polygon", "coordinates": [[[28.407708611274415, 37.86629993181467], [28.408247600444895, 37.86629993181467], [28.408247600444895, 37.866838920985145], [28.409325578785825, 37.866838920985145], [28.409325578785825, 37.86845588849656], [28.407169622103936, 37.86845588849656], [28.407169622103936, 37.86737791015562], [28.407708611274415, 37.86737791015562], [28.407708611274415, 37.86629993181467]]]}, "id": "+386664+85592", "properties": {"area_ha": 3.4027287788933003, "count": 12, "label": 1, "mean_dnbr": 0.26564365982442023}}, {"type": "Feature", "geometry": {"geodesic": false, "type": "Polygon", "coordinates": [[[28.405552654592526, 37.891632422826845], [28.408786589615346, 37.891632422826845], [28.408786589615346, 37.89217141199732], [28.407708611274415, 37.89217141199732], [28.407708611274415, 37.89271040116779], [28.405552654592526, 37.89271040116779], [28.405552654592526, 37.89324939033826], [28.405013665422047, 37.89324939033826], [28.405013665422047, 37.893788379508734], [28.407708611274415, 37.893788379508734], [28.407708611274415, 37.8943273686792], [28.408786589615346, 37.8943273686792], [28.408786589615346, 37.89486635784967], [28.406091643763006, 37.89486635784967], [28.406091643763006, 37.89594433619062], [28.404474676251596, 37.89594433619062], [28.404474676251596, 37.89486635784967], [28.403935687081116, 37.89486635784967], [28.403935687081116, 37.89271040116779], [28.402318719569706, 37.89271040116779], [28.402318719569706, 37.891632422826845], [28.405013665422047, 37.891632422826845], [28.405013665422047, 37.89217141199732], [28.403935687081116, 37.89217141199732], [28.403935687081116, 37.89271040116779], [28.404474676251596, 37.89271040116779], [28.404474676251596, 37.89324939033826], [28.405013665422047, 37.89324939033826], [28.405013665422047, 37.89271040116779], [28.405552654592526, 37.89271040116779], [28.405552654592526, 37.891632422826845]], [[28.405552654592526, 37.89486635784967], [28.405552654592526, 37.895405347020144], [28.405013665422047, 37.895405347020144], [28.405013665422047, 37.89486635784967], [28.405552654592526, 37.89486635784967]]]}, "id": "+386665+85545", "properties": {"area_ha": 12.188790047641268, "count": 43, "label": 1, "mean_dnbr": 0.2678187306198896}}, {"type": "Feature", "geometry": {"geodesic": false, "type": "Polygon", "coordinates": [[[28.409864567956305, 37.85929307259854], [28.410403557126784, 37.85929307259854], [28.410403557126784, 37.85983206176901], [28.410942546297235, 37.85983206176901], [28.410942546297235, 37.86091004010996], [28.410403557126784, 37.86091004010996], [28.410403557126784, 37.86144902928043], [28.409864567956305, 37.86144902928043], [28.409864567956305, 37.86091004010996], [28.409325578785825, 37.86091004010996], [28.409325578785825, 37.8619880184509], [28.408786589615346, 37.8619880184509], [28.408786589615346, 37.863065996791846], [28.408247600444895, 37.863065996791846], [28.408247600444895, 37.86144902928043], [28.408786589615346, 37.86144902928043], [28.408786589615346, 37.86091004010996], [28.409325578785825, 37.86091004010996], [28.409325578785825, 37.85983206176901], [28.409864567956305, 37.85983206176901], [28.409864567956305, 37.85929307259854]]]}, "id": "+386668+85605", "properties": {"area_ha": 3.6866148771335503, "count": 13, "label": 1, "mean_dnbr": 0.4382511739164879}}, {"type": "Feature", "geometry": {"geodesic": false, "type": "Polygon", "coordinates": [[[28.409864567956305, 37.90241220623628], [28.411481535467715, 37.90241220623628], [28.411481535467715, 37.90456816291817], [28.410403557126784, 37.90456816291817], [28.410403557126784, 37.90349018457722], [28.409325578785825, 37.90349018457722], [28.409325578785825, 37.90295119540675], [28.408786589615346, 37.90295119540675], [28.408786589615346, 37.90241220623628], [28.409325578785825, 37.90241220623628], [28.409325578785825, 37.90295119540675], [28.409864567956305, 37.90295119540675], [28.409864567956305, 37.90241220623628]]]}, "id": "+386670+85525", "properties": {"area_ha": 3.4010720495449664, "count": 12, "label": 1, "mean_dnbr": 0.24323272082802386}}, {"type": "Feature", "geometry": {"geodesic": false, "type": "Polygon", "coordinates": [[[28.413098502979125, 37.885703541951656], [28.414176481320084, 37.885703541951656], [28.414176481320084, 37.8867815202926], [28.415254459661014, 37.8867815202926], [28.415254459661014, 37.88624253112213], [28.415793448831494, 37.88624253112213], [28.415793448831494, 37.8867815202926], [28.415254459661014, 37.8867815202926], [28.415254459661014, 37.88732050946307], [28.415793448831494, 37.88732050946307], [28.415793448831494, 37.887859498633546], [28.413637492149604, 37.887859498633546], [28.413637492149604, 37.88732050946307], [28.413098502979125, 37.88732050946307], [28.413098502979125, 37.885703541951656]]]}, "id": "+386675+85556", "properties": {"area_ha": 3.685321436612196, "count": 13, "label": 1, "mean_dnbr": 0.19414397959839055}}, {"type": "Feature", "geometry": {"geodesic": false, "type": "Polygon", "coordinates": [[[28.413637492149604, 37.85983206176901], [28.415254459661014, 37.85983206176901], [28.415254459661014, 37.86144902928043], [28.415793448831494, 37.86144902928043], [28.415793448831494, 37.8619880184509], [28.417410416342904, 37.8619880184509], [28.417410416342904, 37.862527007621374], [28.416871427172424, 37.862527007621374], [28.416871427172424, 37.863065996791846], [28.416332438001973, 37.863065996791846], [28.416332438001973, 37.862527007621374], [28.415254459661014, 37.862527007621374], [28.415254459661014, 37.863065996791846], [28.414715470490535, 37.863065996791846], [28.414715470490535, 37.862527007621374], [28.413098502979125, 37.862527007621374], [28.413098502979125, 37.863065996791846], [28.412559513808645, 37.863065996791846], [28.412559513808645, 37.86360498596232], [28.412020524638194, 37.86360498596232], [28.412020524638194, 37.864143975132784], [28.412559513808645, 37.864143975132784], [28.412559513808645, 37.86522195347373], [28.412020524638194, 37.86522195347373], [28.412020524638194, 37.8657609426442], [28.411481535467715, 37.8657609426442], [28.411481535467715, 37.86629993181467], [28.410403557126784, 37.86629993181467], [28.410403557126784, 37.86522195347373], [28.410942546297235, 37.86522195347373], [28.410942546297235, 37.864682964303256], [28.411481535467715, 37.864682964303256], [28.411481535467715, 37.864143975132784], [28.410403557126784, 37.864143975132784], [28.410403557126784, 37.86360498596232], [28.410942546297235, 37.86360498596232], [28.410942546297235, 37.862527007621374], [28.411481535467715, 37.862527007621374], [28.411481535467715, 37.86144902928043], [28.412020524638194, 37.86144902928043], [28.412020524638194, 37.8619880184509], [28.413098502979125, 37.8619880184509], [28.413098502979125, 37.86144902928043], [28.414176481320084, 37.86144902928043], [28.414176481320084, 37.86091004010996], [28.413637492149604, 37.86091004010996], [28.413637492149604, 37.85983206176901]]]}, "id": "+386677+85604", "properties": {"area_ha": 13.328203006049359, "count": 47, "label": 1, "mean_dnbr": 0.3146788095570879}}, {"type": "Feature", "geometry": {"geodesic": false, "type": "Polygon", "coordinates": [[[28.414715470490535, 37.86522195347373], [28.415793448831494, 37.86522195347373], [28.415793448831494, 37.8657609426442], [28.416871427172424, 37.8657609426442], [28.416871427172424, 37.86845588849656], [28.415793448831494, 37.86845588849656], [28.415793448831494, 37.868994877667035], [28.414715470490535, 37.868994877667035], [28.414715470490535, 37.86845588849656], [28.413637492149604, 37.86845588849656], [28.413637492149604, 37.86737791015562], [28.414176481320084, 37.86737791015562], [28.414176481320084, 37.86629993181467], [28.414715470490535, 37.86629993181467], [28.414715470490535, 37.86522195347373]]]}, "id": "+386678+85594", "properties": {"area_ha": 8.506854719298076, "count": 30, "label": 1, "mean_dnbr": 0.5692935057854566}}, {"type": "Feature", "geometry": {"geodesic": false, "type": "Polygon", "coordinates": [[[28.415793448831494, 37.86953386683751], [28.416332438001973, 37.86953386683751], [28.416332438001973, 37.87007285600797], [28.416871427172424, 37.87007285600797], [28.416871427172424, 37.87115083434892], [28.413098502979125, 37.87115083434892], [28.413098502979125, 37.87168982351939], [28.415793448831494, 37.87168982351939], [28.415793448831494, 37.872767801860334], [28.415254459661014, 37.872767801860334], [28.415254459661014, 37.87330679103081], [28.413098502979125, 37.87330679103081], [28.413098502979125, 37.87384578020128], [28.415254459661014, 37.87384578020128], [28.415254459661014, 37.87438476937175], [28.414715470490535, 37.87438476937175], [28.414715470490535, 37.875462747712696], [28.413637492149604, 37.875462747712696], [28.413637492149604, 37.87654072605363], [28.409864567956305, 37.87654072605363], [28.409864567956305, 37.875462747712696], [28.409325578785825, 37.875462747712696], [28.409325578785825, 37.874923758542224], [28.408786589615346, 37.874923758542224], [28.408786589615346, 37.872767801860334], [28.408247600444895, 37.872767801860334], [28.408247600444895, 37.87168982351939], [28.409325578785825, 37.87168982351939], [28.409325578785825, 37.87222881268986], [28.410942546297235, 37.87222881268986], [28.410942546297235, 37.875462747712696], [28.412020524638194, 37.875462747712696], [28.412020524638194, 37.872767801860334], [28.412559513808645, 37.872767801860334], [28.412559513808645, 37.87330679103081], [28.413098502979125, 37.87330679103081], [28.413098502979125, 37.87168982351939], [28.412020524638194, 37.87168982351939], [28.412020524638194, 37.87115083434892], [28.410403557126784, 37.87115083434892], [28.410403557126784, 37.87168982351939], [28.409864567956305, 37.87168982351939], [28.409864567956305, 37.87115083434892], [28.408786589615346, 37.87115083434892], [28.408786589615346, 37.86953386683751], [28.413637492149604, 37.86953386683751], [28.413637492149604, 37.87007285600797], [28.415793448831494, 37.87007285600797], [28.415793448831494, 37.86953386683751]]]}, "id": "+386679+85586", "properties": {"area_ha": 32.89067538313949, "count": 116, "label": 1, "mean_dnbr": 0.38522322005282617}}, {"type": "Feature", "geometry": {"geodesic": false, "type": "Polygon", "coordinates": [[[28.417410416342904, 38.724909680376115], [28.417949405513383, 38.724909680376115], [28.417949405513383, 38.728682604569414], [28.416871427172424, 38.728682604569414], [28.416871427172424, 38.727065637058], [28.417410416342904, 38.727065637058], [28.417410416342904, 38.72598765871706], [28.416871427172424, 38.72598765871706], [28.416871427172424, 38.72544866954659], [28.417410416342904, 38.72544866954659], [28.417410416342904, 38.724909680376115]]]}, "id": "+386682+83999", "properties": {"area_ha": 3.082435293735156, "count": 11, "label": 1, "mean_dnbr": 0.5194164911276263}}, {"type": "Feature", "geometry": {"geodesic": false, "type": "Polygon", "coordinates": [[[28.417949405513383, 37.87438476937175], [28.419027383854313, 37.87438476937175], [28.419027383854313, 37.874923758542224], [28.419566373024793, 37.874923758542224], [28.419566373024793, 37.87600173688317], [28.419027383854313, 37.87600173688317], [28.419027383854313, 37.877079715224106], [28.417410416342904, 37.877079715224106], [28.417410416342904, 37.874923758542224], [28.417949405513383, 37.874923758542224], [28.417949405513383, 37.87438476937175]]]}, "id": "+386684+85577", "properties": {"area_ha": 4.53646320332881, "count": 16, "label": 1, "mean_dnbr": 0.3205461655207015}}, {"type": "Feature", "geometry": {"geodesic": false, "type": "Polygon", "coordinates": [[[28.419566373024793, 37.86953386683751], [28.420105362195272, 37.86953386683751], [28.420105362195272, 37.87007285600797], [28.420644351365723, 37.87007285600797], [28.420644351365723, 37.870611845178445], [28.420105362195272, 37.870611845178445], [28.420105362195272, 37.872767801860334], [28.420644351365723, 37.872767801860334], [28.420644351365723, 37.87115083434892], [28.421183340536203, 37.87115083434892], [28.421183340536203, 37.870611845178445], [28.421722329706682, 37.870611845178445], [28.421722329706682, 37.87115083434892], [28.422261318877162, 37.87115083434892], [28.422261318877162, 37.87222881268986], [28.421183340536203, 37.87222881268986], [28.421183340536203, 37.87330679103081], [28.422800308047613, 37.87330679103081], [28.422800308047613, 37.87384578020128], [28.422261318877162, 37.87384578020128], [28.422261318877162, 37.87438476937175], [28.421183340536203, 37.87438476937175], [28.421183340536203, 37.87330679103081], [28.420644351365723, 37.87330679103081], [28.420644351365723, 37.87384578020128], [28.420105362195272, 37.87384578020128], [28.420105362195272, 37.87330679103081], [28.419566373024793, 37.87330679103081], [28.419566373024793, 37.87384578020128], [28.419027383854313, 37.87384578020128], [28.419027383854313, 37.87330679103081], [28.418488394683834, 37.87330679103081], [28.418488394683834, 37.87384578020128], [28.417410416342904, 37.87384578020128], [28.417410416342904, 37.872767801860334], [28.418488394683834, 37.872767801860334], [28.418488394683834, 37.87168982351939], [28.419027383854313, 37.87168982351939], [28.419027383854313, 37.870611845178445], [28.419566373024793, 37.870611845178445], [28.419566373024793, 37.86953386683751]]]}, "id": "+386686+85586", "properties": {"area_ha": 10.491053527490648, "count": 37, "label": 1, "mean_dnbr": 0.27270144700720556}}, {"type": "Feature", "geometry": {"geodesic": false, "type": "Polygon", "coordinates": [[[28.420105362195272, 37.864143975132784], [28.420644351365723, 37.864143975132784], [28.420644351365723, 37.8657609426442], [28.419027383854313, 37.8657609426442], [28.419027383854313, 37.86629993181467], [28.417949405513383, 37.86629993181467], [28.417949405513383, 37.86522195347373], [28.419027383854313, 37.86522195347373], [28.419027383854313, 37.864682964303256], [28.420105362195272, 37.864682964303256], [28.420105362195272, 37.864143975132784]]]}, "id": "+386687+85596", "properties": {"area_ha": 3.11926023612756, "count": 11, "label": 1, "mean_dnbr": 0.3463959176390199}}, {"type": "Feature", "geometry": {"geodesic": false, "type": "Polygon", "coordinates": [[[28.422261318877162, 37.86360498596232], [28.423339297218092, 37.86360498596232], [28.423339297218092, 37.864682964303256], [28.42387828638857, 37.864682964303256], [28.42387828638857, 37.86629993181467], [28.423339297218092, 37.86629993181467], [28.423339297218092, 37.866838920985145], [28.422800308047613, 37.866838920985145], [28.422800308047613, 37.86737791015562], [28.423339297218092, 37.86737791015562], [28.423339297218092, 37.86845588849656], [28.422261318877162, 37.86845588849656], [28.422261318877162, 37.8657609426442], [28.422800308047613, 37.8657609426442], [28.422800308047613, 37.864682964303256], [28.422261318877162, 37.864682964303256], [28.422261318877162, 37.86360498596232]]]}, "id": "+386692+85597", "properties": {"area_ha": 5.1041972987694875, "count": 18, "label": 1, "mean_dnbr": 0.3603674717318228}}, {"type": "Feature", "geometry": {"geodesic": false, "type": "Polygon", "coordinates": [[[28.42549525389998, 37.866838920985145], [28.426573232240912, 37.866838920985145], [28.426573232240912, 37.86845588849656], [28.42603424307046, 37.86845588849656], [28.42603424307046, 37.868994877667035], [28.42549525389998, 37.868994877667035], [28.42549525389998, 37.87115083434892], [28.42603424307046, 37.87115083434892], [28.42603424307046, 37.870611845178445], [28.426573232240912, 37.870611845178445], [28.426573232240912, 37.87007285600797], [28.42603424307046, 37.87007285600797], [28.42603424307046, 37.86953386683751], [28.426573232240912, 37.86953386683751], [28.426573232240912, 37.868994877667035], [28.42765121058187, 37.868994877667035], [28.42765121058187, 37.86953386683751], [28.42819019975235, 37.86953386683751], [28.42819019975235, 37.87007285600797], [28.4287291889228, 37.87007285600797], [28.4287291889228, 37.87330679103081], [28.42980716726376, 37.87330679103081], [28.42980716726376, 37.874923758542224], [28.42926817809328, 37.874923758542224], [28.42926817809328, 37.877079715224106], [28.42765121058187, 37.877079715224106], [28.42765121058187, 37.87761870439458], [28.426573232240912, 37.87761870439458], [28.426573232240912, 37.87869668273552], [28.42603424307046, 37.87869668273552], [28.42603424307046, 37.879235671905995], [28.42711222141139, 37.879235671905995], [28.42711222141139, 37.87869668273552], [28.42819019975235, 37.87869668273552], [28.42819019975235, 37.87761870439458], [28.42926817809328, 37.87761870439458], [28.42926817809328, 37.87815769356505], [28.42980716726376, 37.87815769356505], [28.42980716726376, 37.87977466107647], [28.42603424307046, 37.87977466107647], [28.42603424307046, 37.879235671905995], [28.42549525389998, 37.879235671905995], [28.42549525389998, 37.87977466107647], [28.424956264729502, 37.87977466107647], [28.424956264729502, 37.879235671905995], [28.424417275559023, 37.879235671905995], [28.424417275559023, 37.87977466107647], [28.423339297218092, 37.87977466107647], [28.423339297218092, 37.88085263941741], [28.42387828638857, 37.88085263941741], [28.42387828638857, 37.88193061775836], [28.423339297218092, 37.88193061775836], [28.423339297218092, 37.88246960692882], [28.422800308047613, 37.88246960692882], [28.422800308047613, 37.883008596099295], [28.422261318877162, 37.883008596099295], [28.422261318877162, 37.88354758526977], [28.421183340536203, 37.88354758526977], [28.421183340536203, 37.883008596099295], [28.420644351365723, 37.883008596099295], [28.420644351365723, 37.879235671905995], [28.421183340536203, 37.879235671905995], [28.421183340536203, 37.87815769356505], [28.421722329706682, 37.87815769356505], [28.421722329706682, 37.87761870439458], [28.421183340536203, 37.87761870439458], [28.421183340536203, 37.87654072605363], [28.422261318877162, 37.87654072605363], [28.422261318877162, 37.87761870439458], [28.422800308047613, 37.87761870439458], [28.422800308047613, 37.87654072605363], [28.423339297218092, 37.87654072605363], [28.423339297218092, 37.87600173688317], [28.42387828638857, 37.87600173688317], [28.42387828638857, 37.87654072605363], [28.423339297218092, 37.87654072605363], [28.423339297218092, 37.87761870439458], [28.42387828638857, 37.87761870439458], [28.42387828638857, 37.87815769356505], [28.424417275559023, 37.87815769356505], [28.424417275559023, 37.87761870439458], [28.426573232240912, 37.87761870439458], [28.426573232240912, 37.875462747712696], [28.42711222141139, 37.875462747712696], [28.42711222141139, 37.87330679103081], [28.42765121058187, 37.87330679103081], [28.42765121058187, 37.872767801860334], [28.42711222141139, 37.872767801860334], [28.42711222141139, 37.87222881268986], [28.42603424307046, 37.87222881268986], [28.42603424307046, 37.87330679103081], [28.424417275559023, 37.87330679103081], [28.424417275559023, 37.872767801860334], [28.42387828638857, 37.872767801860334], [28.42387828638857, 37.87168982351939], [28.423339297218092, 37.87168982351939], [28.423339297218092, 37.87115083434892], [28.424956264729502, 37.87115083434892], [28.424956264729502, 37.87007285600797], [28.423339297218092, 37.87007285600797], [28.423339297218092, 37.868994877667035], [28.42387828638857, 37.868994877667035], [28.42387828638857, 37.86953386683751], [28.424417275559023, 37.86953386683751], [28.424417275559023, 37.868994877667035], [28.424956264729502, 37.868994877667035], [28.424956264729502, 37.86845588849656], [28.42549525389998, 37.86845588849656], [28.42549525389998, 37.866838920985145]], [[28.421722329706682, 37.88031365024694], [28.421722329706682, 37.88085263941741], [28.421183340536203, 37.88085263941741], [28.421183340536203, 37.88031365024694], [28.421722329706682, 37.88031365024694]], [[28.42765121058187, 37.870611845178445], [28.42765121058187, 37.87115083434892], [28.42711222141139, 37.87115083434892], [28.42711222141139, 37.870611845178445], [28.42765121058187, 37.870611845178445]]]}, "id": "+386698+85591", "properties": {"area_ha": 53.58689175875672, "count": 189, "label": 1, "mean_dnbr": 0.3920406872144945}}, {"type": "Feature", "geometry": {"geodesic": false, "type": "Polygon", "coordinates": [[[28.42926817809328, 37.86953386683751], [28.43034615643424, 37.86953386683751], [28.43034615643424, 37.87007285600797], [28.43142413477517, 37.87007285600797], [28.43142413477517, 37.87115083434892], [28.43411908062754, 37.87115083434892], [28.43411908062754, 37.87168982351939], [28.43358009145706, 37.87168982351939], [28.43358009145706, 37.87222881268986], [28.43304110228658, 37.87222881268986], [28.43304110228658, 37.872767801860334], [28.43411908062754, 37.872767801860334], [28.43411908062754, 37.87330679103081], [28.43196312394565, 37.87330679103081], [28.43196312394565, 37.872767801860334], [28.4325021131161, 37.872767801860334], [28.4325021131161, 37.87222881268986], [28.42980716726376, 37.87222881268986], [28.42980716726376, 37.87115083434892], [28.42926817809328, 37.87115083434892], [28.42926817809328, 37.86953386683751]]]}, "id": "+386705+85586", "properties": {"area_ha": 8.506364927055786, "count": 30, "label": 1, "mean_dnbr": 0.3893069834552489}}, {"type": "Feature", "geometry": {"geodesic": false, "type": "Polygon", "coordinates": [[[28.43034615643424, 37.90941906545241], [28.43088514560469, 37.90941906545241], [28.43088514560469, 37.909958054622884], [28.43196312394565, 37.909958054622884], [28.43196312394565, 37.910497043793356], [28.43088514560469, 37.910497043793356], [28.43088514560469, 37.91265300047524], [28.43034615643424, 37.91265300047524], [28.43034615643424, 37.91373097881618], [28.42926817809328, 37.91373097881618], [28.42926817809328, 37.91265300047524], [28.42980716726376, 37.91265300047524], [28.42980716726376, 37.91103603296383], [28.43034615643424, 37.91103603296383], [28.43034615643424, 37.910497043793356], [28.43088514560469, 37.910497043793356], [28.43088514560469, 37.909958054622884], [28.43034615643424, 37.909958054622884], [28.43034615643424, 37.90941906545241]]]}, "id": "+386706+85512", "properties": {"area_ha": 3.967463511742134, "count": 14, "label": 1, "mean_dnbr": 0.27389526032158507}}, {"type": "Feature", "geometry": {"geodesic": false, "type": "Polygon", "coordinates": [[[28.43358009145706, 37.88408657444024], [28.43411908062754, 37.88408657444024], [28.43411908062754, 37.88462556361071], [28.43465806979799, 37.88462556361071], [28.43465806979799, 37.885164552781184], [28.43627503730943, 37.885164552781184], [28.43627503730943, 37.88462556361071], [28.43681402647988, 37.88462556361071], [28.43681402647988, 37.885164552781184], [28.43735301565036, 37.885164552781184], [28.43735301565036, 37.885703541951656], [28.43681402647988, 37.885703541951656], [28.43681402647988, 37.88624253112213], [28.43304110228658, 37.88624253112213], [28.43304110228658, 37.885703541951656], [28.43465806979799, 37.885703541951656], [28.43465806979799, 37.885164552781184], [28.43304110228658, 37.885164552781184], [28.43304110228658, 37.88462556361071], [28.43358009145706, 37.88462556361071], [28.43358009145706, 37.88408657444024]]]}, "id": "+386712+85559", "properties": {"area_ha": 4.819388949489827, "count": 17, "label": 1, "mean_dnbr": 0.2262565668353174}}, {"type": "Feature", "geometry": {"geodesic": false, "type": "Polygon", "coordinates": [[[28.43573604813895, 37.86845588849656], [28.43735301565036, 37.86845588849656], [28.43735301565036, 37.86953386683751], [28.43843099399129, 37.86953386683751], [28.43843099399129, 37.87007285600797], [28.43789200482084, 37.87007285600797], [28.43789200482084, 37.870611845178445], [28.43735301565036, 37.870611845178445], [28.43735301565036, 37.86953386683751], [28.43627503730943, 37.86953386683751], [28.43627503730943, 37.870611845178445], [28.43519705896847, 37.870611845178445], [28.43519705896847, 37.87168982351939], [28.43465806979799, 37.87168982351939], [28.43465806979799, 37.87007285600797], [28.43573604813895, 37.87007285600797], [28.43573604813895, 37.86845588849656]]]}, "id": "+386718+85588", "properties": {"area_ha": 4.253274071587569, "count": 15, "label": 1, "mean_dnbr": 0.3873244302108195}}, {"type": "Feature", "geometry": {"geodesic": false, "type": "Polygon", "coordinates": [[[28.43789200482084, 37.87600173688317], [28.43843099399129, 37.87600173688317], [28.43843099399129, 37.87815769356505], [28.43896998316177, 37.87815769356505], [28.43896998316177, 37.87869668273552], [28.43573604813895, 37.87869668273552], [28.43573604813895, 37.87815769356505], [28.43627503730943, 37.87815769356505], [28.43627503730943, 37.87761870439458], [28.43681402647988, 37.87761870439458], [28.43681402647988, 37.877079715224106], [28.43789200482084, 37.877079715224106], [28.43789200482084, 37.87600173688317]]]}, "id": "+386720+85574", "properties": {"area_ha": 4.252836027556449, "count": 15, "label": 1, "mean_dnbr": 0.40689596082115415}}, {"type": "Feature", "geometry": {"geodesic": false, "type": "Polygon", "coordinates": [[[28.43735301565036, 37.89324939033826], [28.43896998316177, 37.89324939033826], [28.43896998316177, 37.89486635784967], [28.43843099399129, 37.89486635784967], [28.43843099399129, 37.895405347020144], [28.43896998316177, 37.895405347020144], [28.43896998316177, 37.89594433619062], [28.43519705896847, 37.89594433619062], [28.43519705896847, 37.895405347020144], [28.43465806979799, 37.895405347020144], [28.43465806979799, 37.893788379508734], [28.43735301565036, 37.893788379508734], [28.43735301565036, 37.89324939033826]], [[28.43789200482084, 37.8943273686792], [28.43789200482084, 37.89486635784967], [28.43681402647988, 37.89486635784967], [28.43681402647988, 37.8943273686792], [28.43789200482084, 37.8943273686792]]]}, "id": "+386721+85542", "properties": {"area_ha": 8.787152516850423, "count": 31, "label": 1, "mean_dnbr": 0.3180542799829028}}, {"type": "Feature", "geometry": {"geodesic": false, "type": "Polygon", "coordinates": [[[28.43735301565036, 37.88732050946307], [28.43896998316177, 37.88732050946307], [28.43896998316177, 37.88893747697448], [28.43843099399129, 37.88893747697448], [28.43843099399129, 37.889476466144956], [28.43950897233225, 37.889476466144956], [28.43950897233225, 37.89001545531543], [28.43896998316177, 37.89001545531543], [28.43896998316177, 37.8905544444859], [28.43789200482084, 37.8905544444859], [28.43789200482084, 37.891632422826845], [28.43519705896847, 37.891632422826845], [28.43519705896847, 37.89001545531543], [28.43465806979799, 37.89001545531543], [28.43465806979799, 37.8905544444859], [28.43304110228658, 37.8905544444859], [28.43304110228658, 37.889476466144956], [28.43411908062754, 37.889476466144956], [28.43411908062754, 37.88839848780401], [28.43358009145706, 37.88839848780401], [28.43358009145706, 37.88893747697448], [28.43304110228658, 37.88893747697448], [28.43304110228658, 37.88732050946307], [28.43465806979799, 37.88732050946307], [28.43465806979799, 37.88839848780401], [28.43573604813895, 37.88839848780401], [28.43573604813895, 37.88893747697448], [28.43735301565036, 37.88893747697448], [28.43735301565036, 37.88732050946307]], [[28.43789200482084, 37.88893747697448], [28.43789200482084, 37.889476466144956], [28.43735301565036, 37.889476466144956], [28.43735301565036, 37.88893747697448], [28.43789200482084, 37.88893747697448]]]}, "id": "+386721+85553", "properties": {"area_ha": 16.441615269560508, "count": 58, "label": 1, "mean_dnbr": 0.2919203659715034}}, {"type": "Feature", "geometry": {"geodesic": false, "type": "Polygon", "coordinates": [[[28.44112593984366, 37.87007285600797], [28.442203918184617, 37.87007285600797], [28.442203918184617, 37.870611845178445], [28.441664929014138, 37.870611845178445], [28.441664929014138, 37.87115083434892], [28.44058695067318, 37.87115083434892], [28.44058695067318, 37.87222881268986], [28.441664929014138, 37.87222881268986], [28.441664929014138, 37.87330679103081], [28.44112593984366, 37.87330679103081], [28.44112593984366, 37.87384578020128], [28.44058695067318, 37.87384578020128], [28.44058695067318, 37.872767801860334], [28.43950897233225, 37.872767801860334], [28.43950897233225, 37.87222881268986], [28.43896998316177, 37.87222881268986], [28.43896998316177, 37.87115083434892], [28.44058695067318, 37.87115083434892], [28.44058695067318, 37.870611845178445], [28.44112593984366, 37.870611845178445], [28.44112593984366, 37.87007285600797]]]}, "id": "+386727+85585", "properties": {"area_ha": 4.820240720986529, "count": 17, "label": 1, "mean_dnbr": 0.31454968483386786}}, {"type": "Feature", "geometry": {"geodesic": false, "type": "Polygon", "coordinates": [[[28.443281896525548, 37.885703541951656], [28.44435987486648, 37.885703541951656], [28.44435987486648, 37.88624253112213], [28.444898864036958, 37.88624253112213], [28.444898864036958, 37.8867815202926], [28.445437853207437, 37.8867815202926], [28.445437853207437, 37.88893747697448], [28.44435987486648, 37.88893747697448], [28.44435987486648, 37.88839848780401], [28.443281896525548, 37.88839848780401], [28.443281896525548, 37.887859498633546], [28.44274290735507, 37.887859498633546], [28.44274290735507, 37.88624253112213], [28.443281896525548, 37.88624253112213], [28.443281896525548, 37.885703541951656]]]}, "id": "+386731+85556", "properties": {"area_ha": 6.23665635176694, "count": 22, "label": 1, "mean_dnbr": 0.49950153365983463}}, {"type": "Feature", "geometry": {"geodesic": false, "type": "Polygon", "coordinates": [[[28.446515831548368, 37.891632422826845], [28.447054820718847, 37.891632422826845], [28.447054820718847, 37.89217141199732], [28.447593809889327, 37.89217141199732], [28.447593809889327, 37.89324939033826], [28.448132799059806, 37.89324939033826], [28.448132799059806, 37.893788379508734], [28.447054820718847, 37.893788379508734], [28.447054820718847, 37.8943273686792], [28.447593809889327, 37.8943273686792], [28.447593809889327, 37.89486635784967], [28.448132799059806, 37.89486635784967], [28.448132799059806, 37.895405347020144], [28.447593809889327, 37.895405347020144], [28.447593809889327, 37.89486635784967], [28.447054820718847, 37.89486635784967], [28.447054820718847, 37.89594433619062], [28.446515831548368, 37.89594433619062], [28.446515831548368, 37.89648332536109], [28.445437853207437, 37.89648332536109], [28.445437853207437, 37.89594433619062], [28.445976842377917, 37.89594433619062], [28.445976842377917, 37.895405347020144], [28.445437853207437, 37.895405347020144], [28.445437853207437, 37.8943273686792], [28.445976842377917, 37.8943273686792], [28.445976842377917, 37.89486635784967], [28.447054820718847, 37.89486635784967], [28.447054820718847, 37.8943273686792], [28.446515831548368, 37.8943273686792], [28.446515831548368, 37.89324939033826], [28.445976842377917, 37.89324939033826], [28.445976842377917, 37.89271040116779], [28.446515831548368, 37.89271040116779], [28.446515831548368, 37.891632422826845]]]}, "id": "+386736+85545", "properties": {"area_ha": 5.669158463991169, "count": 20, "label": 1, "mean_dnbr": 0.2805342000485063}}, {"type": "Feature", "geometry": {"geodesic": false, "type": "Polygon", "coordinates": [[[28.446515831548368, 37.87600173688317], [28.448132799059806, 37.87600173688317], [28.448132799059806, 37.877079715224106], [28.447054820718847, 37.877079715224106], [28.447054820718847, 37.87654072605363], [28.446515831548368, 37.87654072605363], [28.446515831548368, 37.87815769356505], [28.44435987486648, 37.87815769356505], [28.44435987486648, 37.877079715224106], [28.443820885696027, 37.877079715224106], [28.443820885696027, 37.87600173688317], [28.445976842377917, 37.87600173688317], [28.445976842377917, 37.87654072605363], [28.446515831548368, 37.87654072605363], [28.446515831548368, 37.87600173688317]]]}, "id": "+386738+85574", "properties": {"area_ha": 6.2375334985025, "count": 22, "label": 1, "mean_dnbr": 0.349135943563263}}, {"type": "Feature", "geometry": {"geodesic": false, "type": "Polygon", "coordinates": [[[28.453522690764515, 37.88246960692882], [28.456217636616856, 37.88246960692882], [28.456217636616856, 37.88354758526977], [28.455678647446405, 37.88354758526977], [28.455678647446405, 37.88408657444024], [28.454600669105446, 37.88408657444024], [28.454600669105446, 37.885164552781184], [28.454061679934995, 37.885164552781184], [28.454061679934995, 37.88462556361071], [28.453522690764515, 37.88462556361071], [28.453522690764515, 37.88246960692882]]]}, "id": "+386753+85562", "properties": {"area_ha": 4.819473786725078, "count": 17, "label": 1, "mean_dnbr": 0.535015681255819}}, {"type": "Feature", "geometry": {"geodesic": false, "type": "Polygon", "coordinates": [[[28.455139658275925, 37.88839848780401], [28.456756625787335, 37.88839848780401], [28.456756625787335, 37.88893747697448], [28.457295614957815, 37.88893747697448], [28.457295614957815, 37.889476466144956], [28.456756625787335, 37.889476466144956], [28.456756625787335, 37.8905544444859], [28.458373593298745, 37.8905544444859], [28.458373593298745, 37.893788379508734], [28.457295614957815, 37.893788379508734], [28.457295614957815, 37.8943273686792], [28.456756625787335, 37.8943273686792], [28.456756625787335, 37.893788379508734], [28.456217636616856, 37.893788379508734], [28.456217636616856, 37.89271040116779], [28.455678647446405, 37.89271040116779], [28.455678647446405, 37.89109343365637], [28.455139658275925, 37.89109343365637], [28.455139658275925, 37.8905544444859], [28.455678647446405, 37.8905544444859], [28.455678647446405, 37.89001545531543], [28.456217636616856, 37.89001545531543], [28.456217636616856, 37.889476466144956], [28.455139658275925, 37.889476466144956], [28.455139658275925, 37.88839848780401]]]}, "id": "+386754+85551", "properties": {"area_ha": 11.33873927615376, "count": 40, "label": 1, "mean_dnbr": 0.4643587671260778}}, {"type": "Feature", "geometry": {"geodesic": false, "type": "Polygon", "coordinates": [[[28.457295614957815, 37.88193061775836], [28.457834604128294, 37.88193061775836], [28.457834604128294, 37.883008596099295], [28.461607528321593, 37.883008596099295], [28.461607528321593, 37.88246960692882], [28.463763485003483, 37.88246960692882], [28.463763485003483, 37.883008596099295], [28.464302474173934, 37.883008596099295], [28.464302474173934, 37.88408657444024], [28.462146517492044, 37.88408657444024], [28.462146517492044, 37.88462556361071], [28.461607528321593, 37.88462556361071], [28.461607528321593, 37.88408657444024], [28.461068539151114, 37.88408657444024], [28.461068539151114, 37.885164552781184], [28.459451571639704, 37.885164552781184], [28.459451571639704, 37.88624253112213], [28.458912582469225, 37.88624253112213], [28.458912582469225, 37.885164552781184], [28.459451571639704, 37.885164552781184], [28.459451571639704, 37.88462556361071], [28.458912582469225, 37.88462556361071], [28.458912582469225, 37.88408657444024], [28.457834604128294, 37.88408657444024], [28.457834604128294, 37.88354758526977], [28.457295614957815, 37.88354758526977], [28.457295614957815, 37.88193061775836]]]}, "id": "+386756+85563", "properties": {"area_ha": 11.623394987335482, "count": 41, "label": 1, "mean_dnbr": 0.432333483474528}}, {"type": "Feature", "geometry": {"geodesic": false, "type": "Polygon", "coordinates": [[[28.456756625787335, 38.7308385612513], [28.458373593298745, 38.7308385612513], [28.458373593298745, 38.731377550421776], [28.458912582469225, 38.731377550421776], [28.458912582469225, 38.73191653959225], [28.457834604128294, 38.73191653959225], [28.457834604128294, 38.732994517933186], [28.456217636616856, 38.732994517933186], [28.456217636616856, 38.73191653959225], [28.456756625787335, 38.73191653959225], [28.456756625787335, 38.7308385612513]]]}, "id": "+386757+83988", "properties": {"area_ha": 3.6426279232850787, "count": 13, "label": 1, "mean_dnbr": 0.2530021395941574}}, {"type": "Feature", "geometry": {"geodesic": false, "type": "Polygon", "coordinates": [[[28.459990560810184, 37.877079715224106], [28.460529549980635, 37.877079715224106], [28.460529549980635, 37.87761870439458], [28.461068539151114, 37.87761870439458], [28.461068539151114, 37.87815769356505], [28.462146517492044, 37.87815769356505], [28.462146517492044, 37.87761870439458], [28.462685506662524, 37.87761870439458], [28.462685506662524, 37.87815769356505], [28.463224495833003, 37.87815769356505], [28.463224495833003, 37.87761870439458], [28.463763485003483, 37.87761870439458], [28.463763485003483, 37.87815769356505], [28.464302474173934, 37.87815769356505], [28.464302474173934, 37.87977466107647], [28.463763485003483, 37.87977466107647], [28.463763485003483, 37.87869668273552], [28.462685506662524, 37.87869668273552], [28.462685506662524, 37.879235671905995], [28.461607528321593, 37.879235671905995], [28.461607528321593, 37.87869668273552], [28.459451571639704, 37.87869668273552], [28.459451571639704, 37.87761870439458], [28.459990560810184, 37.87761870439458], [28.459990560810184, 37.877079715224106]]]}, "id": "+386761+85572", "properties": {"area_ha": 5.386864386259979, "count": 19, "label": 1, "mean_dnbr": 0.30109413122583395}}, {"type": "Feature", "geometry": {"geodesic": false, "type": "Polygon", "coordinates": [[[28.460529549980635, 38.732994517933186], [28.461607528321593, 38.732994517933186], [28.461607528321593, 38.73407249627413], [28.459990560810184, 38.73407249627413], [28.459990560810184, 38.7346114854446], [28.460529549980635, 38.7346114854446], [28.460529549980635, 38.735150474615075], [28.458912582469225, 38.735150474615075], [28.458912582469225, 38.73407249627413], [28.458373593298745, 38.73407249627413], [28.458373593298745, 38.732994517933186], [28.459451571639704, 38.732994517933186], [28.459451571639704, 38.73407249627413], [28.459990560810184, 38.73407249627413], [28.459990560810184, 38.73353350710366], [28.460529549980635, 38.73353350710366], [28.460529549980635, 38.732994517933186]]]}, "id": "+386763+83984", "properties": {"area_ha": 3.9227200464304506, "count": 14, "label": 1, "mean_dnbr": 0.2620570558155854}}, {"type": "Feature", "geometry": {"geodesic": false, "type": "Polygon", "coordinates": [[[28.460529549980635, 37.89324939033826], [28.461607528321593, 37.89324939033826], [28.461607528321593, 37.893788379508734], [28.460529549980635, 37.893788379508734], [28.460529549980635, 37.895405347020144], [28.461068539151114, 37.895405347020144], [28.461068539151114, 37.89594433619062], [28.459451571639704, 37.89594433619062], [28.459451571639704, 37.895405347020144], [28.458373593298745, 37.895405347020144], [28.458373593298745, 37.89486635784967], [28.459990560810184, 37.89486635784967], [28.459990560810184, 37.893788379508734], [28.460529549980635, 37.893788379508734], [28.460529549980635, 37.89324939033826]]]}, "id": "+386763+85542", "properties": {"area_ha": 3.1180099472100444, "count": 11, "label": 1, "mean_dnbr": 0.3597099247402384}}, {"type": "Feature", "geometry": {"geodesic": false, "type": "Polygon", "coordinates": [[[28.469153376708192, 37.87384578020128], [28.46969236587867, 37.87384578020128], [28.46969236587867, 37.87438476937175], [28.469153376708192, 37.87438476937175], [28.469153376708192, 37.875462747712696], [28.468614387537713, 37.875462747712696], [28.468614387537713, 37.874923758542224], [28.468075398367233, 37.874923758542224], [28.468075398367233, 37.875462747712696], [28.466997420026303, 37.875462747712696], [28.466997420026303, 37.87384578020128], [28.468614387537713, 37.87384578020128], [28.468614387537713, 37.87438476937175], [28.469153376708192, 37.87438476937175], [28.469153376708192, 37.87384578020128]]]}, "id": "+386778+85578", "properties": {"area_ha": 3.118864320715931, "count": 11, "label": 1, "mean_dnbr": 0.30116545277597095}}, {"type": "Feature", "geometry": {"geodesic": false, "type": "Polygon", "coordinates": [[[28.468614387537713, 37.88031365024694], [28.470231355049123, 37.88031365024694], [28.470231355049123, 37.881391628587885], [28.46969236587867, 37.881391628587885], [28.46969236587867, 37.88193061775836], [28.469153376708192, 37.88193061775836], [28.469153376708192, 37.881391628587885], [28.466997420026303, 37.881391628587885], [28.466997420026303, 37.88031365024694], [28.467536409196782, 37.88031365024694], [28.467536409196782, 37.88085263941741], [28.468614387537713, 37.88085263941741], [28.468614387537713, 37.88031365024694]]]}, "id": "+386779+85566", "properties": {"area_ha": 3.1185997881683543, "count": 11, "label": 1, "mean_dnbr": 0.28544705604736337}}, {"type": "Feature", "geometry": {"geodesic": false, "type": "Polygon", "coordinates": [[[28.470231355049123, 37.90079523872486], [28.47292630090149, 37.90079523872486], [28.47292630090149, 37.901873217065805], [28.47346529007197, 37.901873217065805], [28.47346529007197, 37.90241220623628], [28.47292630090149, 37.90241220623628], [28.47292630090149, 37.901873217065805], [28.47130933339008, 37.901873217065805], [28.47130933339008, 37.90133422789533], [28.470770344219602, 37.90133422789533], [28.470770344219602, 37.901873217065805], [28.469153376708192, 37.901873217065805], [28.469153376708192, 37.90241220623628], [28.468614387537713, 37.90241220623628], [28.468614387537713, 37.90133422789533], [28.470231355049123, 37.90133422789533], [28.470231355049123, 37.90079523872486]]]}, "id": "+386784+85528", "properties": {"area_ha": 3.9680068134515585, "count": 14, "label": 1, "mean_dnbr": 0.24204018851276696}}, {"type": "Feature", "geometry": {"geodesic": false, "type": "Polygon", "coordinates": [[[28.470770344219602, 37.89702231453156], [28.47292630090149, 37.89702231453156], [28.47292630090149, 37.897561303702034], [28.472387311731012, 37.897561303702034], [28.472387311731012, 37.89863928204298], [28.47184832256056, 37.89863928204298], [28.47184832256056, 37.89917827121345], [28.47130933339008, 37.89917827121345], [28.47130933339008, 37.898100292872506], [28.470770344219602, 37.898100292872506], [28.470770344219602, 37.89863928204298], [28.470231355049123, 37.89863928204298], [28.470231355049123, 37.89917827121345], [28.46969236587867, 37.89917827121345], [28.46969236587867, 37.897561303702034], [28.470770344219602, 37.897561303702034], [28.470770344219602, 37.89702231453156]]]}, "id": "+386784+85535", "properties": {"area_ha": 4.251642810590084, "count": 15, "label": 1, "mean_dnbr": 0.20571622121672575}}, {"type": "Feature", "geometry": {"geodesic": false, "type": "Polygon", "coordinates": [[[28.472387311731012, 37.8867815202926], [28.474004279242422, 37.8867815202926], [28.474004279242422, 37.88839848780401], [28.47292630090149, 37.88839848780401], [28.47292630090149, 37.88893747697448], [28.47184832256056, 37.88893747697448], [28.47184832256056, 37.88839848780401], [28.472387311731012, 37.88839848780401], [28.472387311731012, 37.887859498633546], [28.47184832256056, 37.887859498633546], [28.47184832256056, 37.88732050946307], [28.472387311731012, 37.88732050946307], [28.472387311731012, 37.8867815202926]]]}, "id": "+386786+85554", "properties": {"area_ha": 3.4017901597027005, "count": 12, "label": 1, "mean_dnbr": 0.361712700527282}}, {"type": "Feature", "geometry": {"geodesic": false, "type": "Polygon", "coordinates": [[[28.474004279242422, 37.88031365024694], [28.4745432684129, 37.88031365024694], [28.4745432684129, 37.88085263941741], [28.47562124675386, 37.88085263941741], [28.47562124675386, 37.88193061775836], [28.47616023592431, 37.88193061775836], [28.47616023592431, 37.88354758526977], [28.47669922509479, 37.88354758526977], [28.47669922509479, 37.88408657444024], [28.47616023592431, 37.88408657444024], [28.47616023592431, 37.88354758526977], [28.47562124675386, 37.88354758526977], [28.47562124675386, 37.88408657444024], [28.47508225758338, 37.88408657444024], [28.47508225758338, 37.88354758526977], [28.4745432684129, 37.88354758526977], [28.4745432684129, 37.88246960692882], [28.47346529007197, 37.88246960692882], [28.47346529007197, 37.881391628587885], [28.474004279242422, 37.881391628587885], [28.474004279242422, 37.88031365024694]]]}, "id": "+386787+85566", "properties": {"area_ha": 5.953581160210596, "count": 21, "label": 1, "mean_dnbr": 0.34069305550519774}}, {"type": "Feature", "geometry": {"geodesic": false, "type": "Polygon", "coordinates": [[[28.47346529007197, 37.904029173747695], [28.47562124675386, 37.904029173747695], [28.47562124675386, 37.90456816291817], [28.47508225758338, 37.90456816291817], [28.47508225758338, 37.90510715208864], [28.4745432684129, 37.90510715208864], [28.4745432684129, 37.90564614125911], [28.474004279242422, 37.90564614125911], [28.474004279242422, 37.90672411960005], [28.47346529007197, 37.90672411960005], [28.47346529007197, 37.90510715208864], [28.47292630090149, 37.90510715208864], [28.47292630090149, 37.90456816291817], [28.47346529007197, 37.90456816291817], [28.47346529007197, 37.904029173747695]], [[28.4745432684129, 37.90456816291817], [28.4745432684129, 37.90510715208864], [28.474004279242422, 37.90510715208864], [28.474004279242422, 37.90456816291817], [28.4745432684129, 37.90456816291817]]]}, "id": "+386789+85522", "properties": {"area_ha": 3.117573176025388, "count": 11, "label": 1, "mean_dnbr": 0.24975387763042825}}, {"type": "Feature", "geometry": {"geodesic": false, "type": "Polygon", "coordinates": [[[28.4783161926062, 37.89971726038392], [28.47885518177668, 37.89971726038392], [28.47885518177668, 37.90025624955439], [28.47939417094716, 37.90025624955439], [28.47939417094716, 37.90079523872486], [28.47885518177668, 37.90079523872486], [28.47885518177668, 37.90133422789533], [28.47939417094716, 37.90133422789533], [28.47939417094716, 37.901873217065805], [28.47993316011761, 37.901873217065805], [28.47993316011761, 37.90241220623628], [28.48047214928809, 37.90241220623628], [28.48047214928809, 37.904029173747695], [28.4783161926062, 37.904029173747695], [28.4783161926062, 37.901873217065805], [28.47777720343575, 37.901873217065805], [28.47777720343575, 37.90079523872486], [28.4783161926062, 37.90079523872486], [28.4783161926062, 37.89971726038392]]]}, "id": "+386795+85530", "properties": {"area_ha": 6.5188192800560305, "count": 23, "label": 1, "mean_dnbr": 0.3258956898553391}}, {"type": "Feature", "geometry": {"geodesic": false, "type": "Polygon", "coordinates": [[[28.48101113845857, 37.88354758526977], [28.48262810596998, 37.88354758526977], [28.48262810596998, 37.885703541951656], [28.48155012762905, 37.885703541951656], [28.48155012762905, 37.8867815202926], [28.48262810596998, 37.8867815202926], [28.48262810596998, 37.887859498633546], [28.4820891167995, 37.887859498633546], [28.4820891167995, 37.88839848780401], [28.48047214928809, 37.88839848780401], [28.48047214928809, 37.885703541951656], [28.48101113845857, 37.885703541951656], [28.48101113845857, 37.88462556361071], [28.48155012762905, 37.88462556361071], [28.48155012762905, 37.88408657444024], [28.48101113845857, 37.88408657444024], [28.48101113845857, 37.88354758526977]]]}, "id": "+386802+85560", "properties": {"area_ha": 7.370713457927853, "count": 26, "label": 1, "mean_dnbr": 0.38870949195271054}}, {"type": "Feature", "geometry": {"geodesic": false, "type": "Polygon", "coordinates": [[[28.48694001933376, 37.883008596099295], [28.48855698684517, 37.883008596099295], [28.48855698684517, 37.885164552781184], [28.48801799767469, 37.885164552781184], [28.48801799767469, 37.885703541951656], [28.48640103016328, 37.885703541951656], [28.48640103016328, 37.885164552781184], [28.48694001933376, 37.885164552781184], [28.48694001933376, 37.883008596099295]]]}, "id": "+386813+85561", "properties": {"area_ha": 4.252436442184479, "count": 15, "label": 1, "mean_dnbr": 0.3307491401652137}}, {"type": "Feature", "geometry": {"geodesic": false, "type": "Polygon", "coordinates": [[[28.491790921867988, 37.89486635784967], [28.492329911038468, 37.89486635784967], [28.492329911038468, 37.89594433619062], [28.491790921867988, 37.89594433619062], [28.491790921867988, 37.89648332536109], [28.491251932697537, 37.89648332536109], [28.491251932697537, 37.89702231453156], [28.490173954356578, 37.89702231453156], [28.490173954356578, 37.89594433619062], [28.489095976015648, 37.89594433619062], [28.489095976015648, 37.895405347020144], [28.491790921867988, 37.895405347020144], [28.491790921867988, 37.89486635784967]]]}, "id": "+386820+85539", "properties": {"area_ha": 3.4014021171220987, "count": 12, "label": 1, "mean_dnbr": 0.3425890609068626}}, {"type": "Feature", "geometry": {"geodesic": false, "type": "Polygon", "coordinates": [[[28.492868900208947, 38.741618344660736], [28.493407889379426, 38.741618344660736], [28.493407889379426, 38.74215733383121], [28.495024856890836, 38.74215733383121], [28.495024856890836, 38.74323531217215], [28.495563846061316, 38.74323531217215], [28.495563846061316, 38.74269632300168], [28.496641824402246, 38.74269632300168], [28.496641824402246, 38.743774301342626], [28.497180813572726, 38.743774301342626], [28.497180813572726, 38.74431329051309], [28.497719802743177, 38.74431329051309], [28.497719802743177, 38.74485227968356], [28.498258791913656, 38.74485227968356], [28.498258791913656, 38.74646924719498], [28.497719802743177, 38.74646924719498], [28.497719802743177, 38.74700823636545], [28.496641824402246, 38.74700823636545], [28.496641824402246, 38.7480862147064], [28.493946878549878, 38.7480862147064], [28.493946878549878, 38.747547225535925], [28.493407889379426, 38.747547225535925], [28.493407889379426, 38.74646924719498], [28.492868900208947, 38.74646924719498], [28.492868900208947, 38.74593025802451], [28.493946878549878, 38.74593025802451], [28.493946878549878, 38.745391268854036], [28.493407889379426, 38.745391268854036], [28.493407889379426, 38.74485227968356], [28.492868900208947, 38.74485227968356], [28.492868900208947, 38.741618344660736]]]}, "id": "+386822+83968", "properties": {"area_ha": 22.69216629341648, "count": 81, "label": 1, "mean_dnbr": 0.473974936037765}}, {"type": "Feature", "geometry": {"geodesic": false, "type": "Polygon", "coordinates": [[[28.495563846061316, 37.88408657444024], [28.496641824402246, 37.88408657444024], [28.496641824402246, 37.88462556361071], [28.497719802743177, 37.88462556361071], [28.497719802743177, 37.8867815202926], [28.496641824402246, 37.8867815202926], [28.496641824402246, 37.88624253112213], [28.496102835231767, 37.88624253112213], [28.496102835231767, 37.885703541951656], [28.495563846061316, 37.885703541951656], [28.495563846061316, 37.88624253112213], [28.493946878549878, 37.88624253112213], [28.493946878549878, 37.885164552781184], [28.495024856890836, 37.885164552781184], [28.495024856890836, 37.88462556361071], [28.494485867720357, 37.88462556361071], [28.494485867720357, 37.88408657444024], [28.495024856890836, 37.88408657444024], [28.495024856890836, 37.88462556361071], [28.495563846061316, 37.88462556361071], [28.495563846061316, 37.88408657444024]]]}, "id": "+386828+85559", "properties": {"area_ha": 6.520310463909449, "count": 23, "label": 1, "mean_dnbr": 0.375467158736937}}, {"type": "Feature", "geometry": {"geodesic": false, "type": "Polygon", "coordinates": [[[28.497719802743177, 37.89702231453156], [28.499875759425066, 37.89702231453156], [28.499875759425066, 37.898100292872506], [28.499336770254615, 37.898100292872506], [28.499336770254615, 37.89863928204298], [28.497719802743177, 37.89863928204298], [28.497719802743177, 37.89702231453156]]]}, "id": "+386834+85535", "properties": {"area_ha": 3.1178808939317464, "count": 11, "label": 1, "mean_dnbr": 0.2966091518078804}}, {"type": "Feature", "geometry": {"geodesic": false, "type": "Polygon", "coordinates": [[[28.499336770254615, 37.88462556361071], [28.500414748595546, 37.88462556361071], [28.500414748595546, 37.885703541951656], [28.501492726936505, 37.885703541951656], [28.501492726936505, 37.8867815202926], [28.500953737766025, 37.8867815202926], [28.500953737766025, 37.88624253112213], [28.500414748595546, 37.88624253112213], [28.500414748595546, 37.8867815202926], [28.498797781084136, 37.8867815202926], [28.498797781084136, 37.885164552781184], [28.499336770254615, 37.885164552781184], [28.499336770254615, 37.88462556361071]]]}, "id": "+386835+85558", "properties": {"area_ha": 3.9688610479692565, "count": 14, "label": 1, "mean_dnbr": 0.42333612148076866}}, {"type": "Feature", "geometry": {"geodesic": false, "type": "Polygon", "coordinates": [[[28.501492726936505, 37.90241220623628], [28.502031716106956, 37.90241220623628], [28.502031716106956, 37.90349018457722], [28.500953737766025, 37.90349018457722], [28.500953737766025, 37.904029173747695], [28.499336770254615, 37.904029173747695], [28.499336770254615, 37.90456816291817], [28.497719802743177, 37.90456816291817], [28.497719802743177, 37.904029173747695], [28.498258791913656, 37.904029173747695], [28.498258791913656, 37.90349018457722], [28.498797781084136, 37.90349018457722], [28.498797781084136, 37.90295119540675], [28.500414748595546, 37.90295119540675], [28.500414748595546, 37.90349018457722], [28.500953737766025, 37.90349018457722], [28.500953737766025, 37.90295119540675], [28.501492726936505, 37.90295119540675], [28.501492726936505, 37.90241220623628]]]}, "id": "+386838+85525", "properties": {"area_ha": 3.9679062153647062, "count": 14, "label": 1, "mean_dnbr": 0.2638607147943607}}, {"type": "Feature", "geometry": {"geodesic": false, "type": "Polygon", "coordinates": [[[28.504187672788845, 37.881391628587885], [28.504726661959324, 37.881391628587885], [28.504726661959324, 37.88193061775836], [28.505265651129804, 37.88193061775836], [28.505265651129804, 37.88246960692882], [28.505804640300255, 37.88246960692882], [28.505804640300255, 37.88354758526977], [28.505265651129804, 37.88354758526977], [28.505265651129804, 37.88408657444024], [28.504726661959324, 37.88408657444024], [28.504726661959324, 37.88462556361071], [28.504187672788845, 37.88462556361071], [28.504187672788845, 37.883008596099295], [28.504726661959324, 37.883008596099295], [28.504726661959324, 37.88246960692882], [28.504187672788845, 37.88246960692882], [28.504187672788845, 37.881391628587885]]]}, "id": "+386843+85564", "properties": {"area_ha": 3.1185094135936424, "count": 11, "label": 1, "mean_dnbr": 0.4189534892082548}}, {"type": "Feature", "geometry": {"geodesic": false, "type": "Polygon", "coordinates": [[[28.506343629470734, 37.906185130429584], [28.507960596982144, 37.906185130429584], [28.507960596982144, 37.90672411960005], [28.507421607811693, 37.90672411960005], [28.507421607811693, 37.90726310877052], [28.506343629470734, 37.90726310877052], [28.506343629470734, 37.90834108711147], [28.505265651129804, 37.90834108711147], [28.505265651129804, 37.906185130429584], [28.505804640300255, 37.906185130429584], [28.505804640300255, 37.90672411960005], [28.506343629470734, 37.90672411960005], [28.506343629470734, 37.906185130429584]]]}, "id": "+386849+85518", "properties": {"area_ha": 3.4008976728888154, "count": 12, "label": 1, "mean_dnbr": 0.26407774828107483}}, {"type": "Feature", "geometry": {"geodesic": false, "type": "Polygon", "coordinates": [[[28.508499586152624, 37.87815769356505], [28.509038575323103, 37.87815769356505], [28.509038575323103, 37.879235671905995], [28.508499586152624, 37.879235671905995], [28.508499586152624, 37.881391628587885], [28.507960596982144, 37.881391628587885], [28.507960596982144, 37.88193061775836], [28.507421607811693, 37.88193061775836], [28.507421607811693, 37.88246960692882], [28.506882618641214, 37.88246960692882], [28.506882618641214, 37.881391628587885], [28.507960596982144, 37.881391628587885], [28.507960596982144, 37.88031365024694], [28.507421607811693, 37.88031365024694], [28.507421607811693, 37.87977466107647], [28.506882618641214, 37.87977466107647], [28.506882618641214, 37.879235671905995], [28.508499586152624, 37.879235671905995], [28.508499586152624, 37.87815769356505]]]}, "id": "+386851+85570", "properties": {"area_ha": 3.4021347331760765, "count": 12, "label": 1, "mean_dnbr": 0.24304179413993365}}, {"type": "Feature", "geometry": {"geodesic": false, "type": "Polygon", "coordinates": [[[28.511733521175444, 37.89971726038392], [28.512272510345923, 37.89971726038392], [28.512272510345923, 37.90079523872486], [28.513350488686882, 37.90079523872486], [28.513350488686882, 37.901873217065805], [28.513889477857333, 37.901873217065805], [28.513889477857333, 37.90241220623628], [28.513350488686882, 37.90241220623628], [28.513350488686882, 37.90295119540675], [28.512811499516403, 37.90295119540675], [28.512811499516403, 37.90510715208864], [28.511733521175444, 37.90510715208864], [28.511733521175444, 37.90295119540675], [28.512811499516403, 37.90295119540675], [28.512811499516403, 37.90241220623628], [28.512272510345923, 37.90241220623628], [28.512272510345923, 37.90133422789533], [28.511194532004993, 37.90133422789533], [28.511194532004993, 37.901873217065805], [28.510655542834513, 37.901873217065805], [28.510655542834513, 37.89971726038392], [28.511194532004993, 37.89971726038392], [28.511194532004993, 37.90025624955439], [28.511733521175444, 37.90025624955439], [28.511733521175444, 37.89971726038392]]]}, "id": "+386857+85530", "properties": {"area_ha": 7.085683975292673, "count": 25, "label": 1, "mean_dnbr": 0.326658360531386}}, {"type": "Feature", "geometry": {"geodesic": false, "type": "Polygon", "coordinates": [[[28.511733521175444, 37.88624253112213], [28.513889477857333, 37.88624253112213], [28.513889477857333, 37.8867815202926], [28.514967456198292, 37.8867815202926], [28.514967456198292, 37.88732050946307], [28.513889477857333, 37.88732050946307], [28.513889477857333, 37.8867815202926], [28.512272510345923, 37.8867815202926], [28.512272510345923, 37.88732050946307], [28.510655542834513, 37.88732050946307], [28.510655542834513, 37.887859498633546], [28.510116553664034, 37.887859498633546], [28.510116553664034, 37.88732050946307], [28.509577564493554, 37.88732050946307], [28.509577564493554, 37.8867815202926], [28.511733521175444, 37.8867815202926], [28.511733521175444, 37.88624253112213]]]}, "id": "+386860+85555", "properties": {"area_ha": 3.4018231238708605, "count": 12, "label": 1, "mean_dnbr": 0.28547478053503367}}, {"type": "Feature", "geometry": {"geodesic": false, "type": "Polygon", "coordinates": [[[28.514967456198292, 37.90079523872486], [28.515506445368743, 37.90079523872486], [28.515506445368743, 37.90133422789533], [28.51927936956207, 37.90133422789533], [28.51927936956207, 37.90241220623628], [28.518201391221112, 37.90241220623628], [28.518201391221112, 37.901873217065805], [28.514967456198292, 37.901873217065805], [28.514967456198292, 37.90079523872486]]]}, "id": "+386863+85528", "properties": {"area_ha": 3.117707870165156, "count": 11, "label": 1, "mean_dnbr": 0.2120370967959872}}, {"type": "Feature", "geometry": {"geodesic": false, "type": "Polygon", "coordinates": [[[28.514967456198292, 37.87977466107647], [28.516045434539222, 37.87977466107647], [28.516045434539222, 37.88085263941741], [28.516584423709702, 37.88085263941741], [28.516584423709702, 37.881391628587885], [28.514428467027813, 37.881391628587885], [28.514428467027813, 37.88246960692882], [28.513889477857333, 37.88246960692882], [28.513889477857333, 37.88085263941741], [28.514428467027813, 37.88085263941741], [28.514428467027813, 37.88031365024694], [28.514967456198292, 37.88031365024694], [28.514967456198292, 37.87977466107647]]]}, "id": "+386864+85567", "properties": {"area_ha": 3.402112659932863, "count": 12, "label": 1, "mean_dnbr": 0.36469864096357046}}, {"type": "Feature", "geometry": {"geodesic": false, "type": "Polygon", "coordinates": [[[28.516045434539222, 37.883008596099295], [28.51712341288018, 37.883008596099295], [28.51712341288018, 37.88408657444024], [28.516584423709702, 37.88408657444024], [28.516584423709702, 37.88462556361071], [28.517662402050632, 37.88462556361071], [28.517662402050632, 37.88624253112213], [28.516584423709702, 37.88624253112213], [28.516584423709702, 37.885703541951656], [28.515506445368743, 37.885703541951656], [28.515506445368743, 37.885164552781184], [28.516045434539222, 37.885164552781184], [28.516045434539222, 37.883008596099295]]]}, "id": "+386866+85561", "properties": {"area_ha": 3.9689178548129034, "count": 14, "label": 1, "mean_dnbr": 0.27010161424098217}}, {"type": "Feature", "geometry": {"geodesic": false, "type": "Polygon", "coordinates": [[[28.52089633707348, 38.638132423930166], [28.52143532624393, 38.638132423930166], [28.52143532624393, 38.63867141310064], [28.52197431541441, 38.63867141310064], [28.52197431541441, 38.63921040227111], [28.52251330458489, 38.63921040227111], [28.52251330458489, 38.63974939144158], [28.52305229375537, 38.63974939144158], [28.52305229375537, 38.64082736978253], [28.52251330458489, 38.64082736978253], [28.52251330458489, 38.641366358953], [28.52143532624393, 38.641366358953], [28.52143532624393, 38.64082736978253], [28.52089633707348, 38.64082736978253], [28.52089633707348, 38.640288380612056], [28.520357347903, 38.640288380612056], [28.520357347903, 38.63867141310064], [28.52089633707348, 38.63867141310064], [28.52089633707348, 38.638132423930166]]]}, "id": "+386874+84160", "properties": {"area_ha": 5.330691504491287, "count": 19, "label": 1, "mean_dnbr": 0.42182891635523273}}, {"type": "Feature", "geometry": {"geodesic": false, "type": "Polygon", "coordinates": [[[28.519818358732522, 37.898100292872506], [28.52197431541441, 37.898100292872506], [28.52197431541441, 37.89863928204298], [28.52089633707348, 37.89863928204298], [28.52089633707348, 37.89917827121345], [28.52143532624393, 37.89917827121345], [28.52143532624393, 37.89971726038392], [28.520357347903, 37.89971726038392], [28.520357347903, 37.90025624955439], [28.519818358732522, 37.90025624955439], [28.519818358732522, 37.89917827121345], [28.51927936956207, 37.89917827121345], [28.51927936956207, 37.89863928204298], [28.51874038039159, 37.89863928204298], [28.51874038039159, 37.898100292872506], [28.51927936956207, 37.898100292872506], [28.51927936956207, 37.89863928204298], [28.519818358732522, 37.89863928204298], [28.519818358732522, 37.898100292872506]]]}, "id": "+386875+85533", "properties": {"area_ha": 3.4012715930535466, "count": 12, "label": 1, "mean_dnbr": 0.18219938842275732}}, {"type": "Feature", "geometry": {"geodesic": false, "type": "Polygon", "coordinates": [[[28.52898117463056, 37.89594433619062], [28.52952016380101, 37.89594433619062], [28.52952016380101, 37.89648332536109], [28.531137131312448, 37.89648332536109], [28.531137131312448, 37.897561303702034], [28.53059814214197, 37.897561303702034], [28.53059814214197, 37.898100292872506], [28.53005915297149, 37.898100292872506], [28.53005915297149, 37.897561303702034], [28.5279031962896, 37.897561303702034], [28.5279031962896, 37.89702231453156], [28.52844218546008, 37.89702231453156], [28.52844218546008, 37.89648332536109], [28.52898117463056, 37.89648332536109], [28.52898117463056, 37.89594433619062]]]}, "id": "+386889+85537", "properties": {"area_ha": 3.6848137713791957, "count": 13, "label": 1, "mean_dnbr": 0.2581784111740931}}, {"type": "Feature", "geometry": {"geodesic": false, "type": "Polygon", "coordinates": [[[28.52844218546008, 37.87761870439458], [28.53059814214197, 37.87761870439458], [28.53059814214197, 37.87815769356505], [28.5316761204829, 37.87815769356505], [28.5316761204829, 37.87869668273552], [28.53221510965338, 37.87869668273552], [28.53221510965338, 37.879235671905995], [28.5316761204829, 37.879235671905995], [28.5316761204829, 37.88031365024694], [28.52898117463056, 37.88031365024694], [28.52898117463056, 37.879235671905995], [28.52844218546008, 37.879235671905995], [28.52844218546008, 37.87761870439458]]]}, "id": "+386891+85571", "properties": {"area_ha": 7.654949538402006, "count": 27, "label": 1, "mean_dnbr": 0.5153433808918705}}, {"type": "Feature", "geometry": {"geodesic": false, "type": "Polygon", "coordinates": [[[28.52952016380101, 37.90726310877052], [28.531137131312448, 37.90726310877052], [28.531137131312448, 37.907802097940994], [28.532754098823858, 37.907802097940994], [28.532754098823858, 37.90888007628194], [28.5316761204829, 37.90888007628194], [28.5316761204829, 37.90834108711147], [28.531137131312448, 37.90834108711147], [28.531137131312448, 37.90941906545241], [28.53005915297149, 37.90941906545241], [28.53005915297149, 37.90888007628194], [28.53059814214197, 37.90888007628194], [28.53059814214197, 37.907802097940994], [28.52952016380101, 37.907802097940994], [28.52952016380101, 37.90726310877052]]]}, "id": "+386892+85516", "properties": {"area_ha": 3.4008417577099688, "count": 12, "label": 1, "mean_dnbr": 0.30424328462776046}}, {"type": "Feature", "geometry": {"geodesic": false, "type": "Polygon", "coordinates": [[[28.531137131312448, 37.881391628587885], [28.5316761204829, 37.881391628587885], [28.5316761204829, 37.88193061775836], [28.53221510965338, 37.88193061775836], [28.53221510965338, 37.88354758526977], [28.53005915297149, 37.88354758526977], [28.53005915297149, 37.881391628587885], [28.53059814214197, 37.881391628587885], [28.53059814214197, 37.88193061775836], [28.531137131312448, 37.88193061775836], [28.531137131312448, 37.881391628587885]]]}, "id": "+386893+85564", "properties": {"area_ha": 3.9690425876560815, "count": 14, "label": 1, "mean_dnbr": 0.36266441424253426}}, {"type": "Feature", "geometry": {"geodesic": false, "type": "Polygon", "coordinates": [[[28.53383207716479, 37.89324939033826], [28.534371066335268, 37.89324939033826], [28.534371066335268, 37.893788379508734], [28.534910055505748, 37.893788379508734], [28.534910055505748, 37.8943273686792], [28.5354490446762, 37.8943273686792], [28.5354490446762, 37.89486635784967], [28.534910055505748, 37.89486635784967], [28.534910055505748, 37.8943273686792], [28.53383207716479, 37.8943273686792], [28.53383207716479, 37.89486635784967], [28.534371066335268, 37.89486635784967], [28.534371066335268, 37.895405347020144], [28.534910055505748, 37.895405347020144], [28.534910055505748, 37.89648332536109], [28.534371066335268, 37.89648332536109], [28.534371066335268, 37.89702231453156], [28.53383207716479, 37.89702231453156], [28.53383207716479, 37.89486635784967], [28.53329308799431, 37.89486635784967], [28.53329308799431, 37.8943273686792], [28.53383207716479, 37.8943273686792], [28.53383207716479, 37.89324939033826]]]}, "id": "+386898+85542", "properties": {"area_ha": 3.117997494455341, "count": 11, "label": 1, "mean_dnbr": 0.34117826680341873}}, {"type": "Feature", "geometry": {"geodesic": false, "type": "Polygon", "coordinates": [[[28.534910055505748, 37.88246960692882], [28.537066012187637, 37.88246960692882], [28.537066012187637, 37.88354758526977], [28.537605001358088, 37.88354758526977], [28.537605001358088, 37.88462556361071], [28.535988033846678, 37.88462556361071], [28.535988033846678, 37.88408657444024], [28.5354490446762, 37.88408657444024], [28.5354490446762, 37.88354758526977], [28.534910055505748, 37.88354758526977], [28.534910055505748, 37.88246960692882]]]}, "id": "+386903+85562", "properties": {"area_ha": 4.25248236291237, "count": 15, "label": 1, "mean_dnbr": 0.4986692591814353}}, {"type": "Feature", "geometry": {"geodesic": false, "type": "Polygon", "coordinates": [[[28.536527023017157, 37.87654072605363], [28.537066012187637, 37.87654072605363], [28.537066012187637, 37.87761870439458], [28.537605001358088, 37.87761870439458], [28.537605001358088, 37.879235671905995], [28.538682979699047, 37.879235671905995], [28.538682979699047, 37.87869668273552], [28.539221968869498, 37.87869668273552], [28.539221968869498, 37.879235671905995], [28.539760958039977, 37.879235671905995], [28.539760958039977, 37.87977466107647], [28.540299947210457, 37.87977466107647], [28.540299947210457, 37.88085263941741], [28.539760958039977, 37.88085263941741], [28.539760958039977, 37.88031365024694], [28.538143990528567, 37.88031365024694], [28.538143990528567, 37.87977466107647], [28.534910055505748, 37.87977466107647], [28.534910055505748, 37.879235671905995], [28.535988033846678, 37.879235671905995], [28.535988033846678, 37.877079715224106], [28.536527023017157, 37.877079715224106], [28.536527023017157, 37.87654072605363]]]}, "id": "+386903+85573", "properties": {"area_ha": 7.654967633732774, "count": 27, "label": 1, "mean_dnbr": 0.2765916455910607}}, {"type": "Feature", "geometry": {"geodesic": false, "type": "Polygon", "coordinates": [[[28.538682979699047, 38.37187177371714], [28.539760958039977, 38.37187177371714], [28.539760958039977, 38.37241076288761], [28.540299947210457, 38.37241076288761], [28.540299947210457, 38.372949752058084], [28.539760958039977, 38.372949752058084], [28.539760958039977, 38.3745667195695], [28.539221968869498, 38.3745667195695], [28.539221968869498, 38.37510570873997], [28.538682979699047, 38.37510570873997], [28.538682979699047, 38.3745667195695], [28.537605001358088, 38.3745667195695], [28.537605001358088, 38.37402773039903], [28.536527023017157, 38.37402773039903], [28.536527023017157, 38.372949752058084], [28.538143990528567, 38.372949752058084], [28.538143990528567, 38.37241076288761], [28.538682979699047, 38.37241076288761], [28.538682979699047, 38.37187177371714]]]}, "id": "+386908+84654", "properties": {"area_ha": 6.4768594859332005, "count": 23, "label": 1, "mean_dnbr": 0.5579927930873548}}, {"type": "Feature", "geometry": {"geodesic": false, "type": "Polygon", "coordinates": [[[28.542455903892346, 37.89486635784967], [28.542994893062826, 37.89486635784967], [28.542994893062826, 37.895405347020144], [28.543533882233277, 37.895405347020144], [28.543533882233277, 37.89594433619062], [28.544611860574236, 37.89594433619062], [28.544611860574236, 37.89648332536109], [28.545150849744687, 37.89648332536109], [28.545150849744687, 37.89702231453156], [28.545689838915166, 37.89702231453156], [28.545689838915166, 37.897561303702034], [28.544611860574236, 37.897561303702034], [28.544611860574236, 37.89702231453156], [28.542994893062826, 37.89702231453156], [28.542994893062826, 37.89594433619062], [28.542455903892346, 37.89594433619062], [28.542455903892346, 37.89486635784967]]]}, "id": "+386914+85539", "properties": {"area_ha": 3.4013955790509556, "count": 12, "label": 1, "mean_dnbr": 0.3199516466195849}}, {"type": "Feature", "geometry": {"geodesic": false, "type": "Polygon", "coordinates": [[[28.540838936380936, 37.89001545531543], [28.542994893062826, 37.89001545531543], [28.542994893062826, 37.8905544444859], [28.544072871403756, 37.8905544444859], [28.544072871403756, 37.89271040116779], [28.542994893062826, 37.89271040116779], [28.542994893062826, 37.89217141199732], [28.541916914721867, 37.89217141199732], [28.541916914721867, 37.891632422826845], [28.541377925551387, 37.891632422826845], [28.541377925551387, 37.89109343365637], [28.540838936380936, 37.89109343365637], [28.540838936380936, 37.89001545531543]]]}, "id": "+386914+85548", "properties": {"area_ha": 5.952851150782832, "count": 21, "label": 1, "mean_dnbr": 0.49511388601878736}}, {"type": "Feature", "geometry": {"geodesic": false, "type": "Polygon", "coordinates": [[[28.541916914721867, 37.898100292872506], [28.544611860574236, 37.898100292872506], [28.544611860574236, 37.89863928204298], [28.545689838915166, 37.89863928204298], [28.545689838915166, 37.89917827121345], [28.546228828085646, 37.89917827121345], [28.546228828085646, 37.90133422789533], [28.545689838915166, 37.90133422789533], [28.545689838915166, 37.90241220623628], [28.544611860574236, 37.90241220623628], [28.544611860574236, 37.90133422789533], [28.545689838915166, 37.90133422789533], [28.545689838915166, 37.90025624955439], [28.545150849744687, 37.90025624955439], [28.545150849744687, 37.89971726038392], [28.543533882233277, 37.89971726038392], [28.543533882233277, 37.90079523872486], [28.544072871403756, 37.90079523872486], [28.544072871403756, 37.90133422789533], [28.542994893062826, 37.90133422789533], [28.542994893062826, 37.90079523872486], [28.542455903892346, 37.90079523872486], [28.542455903892346, 37.90025624955439], [28.542994893062826, 37.90025624955439], [28.542994893062826, 37.89863928204298], [28.541916914721867, 37.89863928204298], [28.541916914721867, 37.898100292872506]]]}, "id": "+386917+85533", "properties": {"area_ha": 8.219638700039303, "count": 29, "label": 1, "mean_dnbr": 0.29963954812337457}}, {"type": "Feature", "geometry": {"geodesic": false, "type": "Polygon", "coordinates": [[[28.543533882233277, 37.885164552781184], [28.544611860574236, 37.885164552781184], [28.544611860574236, 37.88624253112213], [28.544072871403756, 37.88624253112213], [28.544072871403756, 37.8867815202926], [28.543533882233277, 37.8867815202926], [28.543533882233277, 37.88839848780401], [28.542455903892346, 37.88839848780401], [28.542455903892346, 37.887859498633546], [28.540838936380936, 37.887859498633546], [28.540838936380936, 37.88732050946307], [28.541377925551387, 37.88732050946307], [28.541377925551387, 37.8867815202926], [28.542994893062826, 37.8867815202926], [28.542994893062826, 37.885703541951656], [28.543533882233277, 37.885703541951656], [28.543533882233277, 37.885164552781184]]]}, "id": "+386917+85557", "properties": {"area_ha": 5.10274735538804, "count": 18, "label": 1, "mean_dnbr": 0.32493199801887207}}, {"type": "Feature", "geometry": {"geodesic": false, "type": "Polygon", "coordinates": [[[28.544072871403756, 37.90456816291817], [28.546228828085646, 37.90456816291817], [28.546228828085646, 37.90510715208864], [28.546767817256125, 37.90510715208864], [28.546767817256125, 37.90564614125911], [28.547306806426576, 37.90564614125911], [28.547306806426576, 37.906185130429584], [28.548384784767535, 37.906185130429584], [28.548384784767535, 37.907802097940994], [28.547306806426576, 37.907802097940994], [28.547306806426576, 37.90726310877052], [28.546767817256125, 37.90726310877052], [28.546767817256125, 37.90672411960005], [28.545689838915166, 37.90672411960005], [28.545689838915166, 37.90564614125911], [28.544072871403756, 37.90564614125911], [28.544072871403756, 37.90456816291817]]]}, "id": "+386920+85521", "properties": {"area_ha": 6.235068855973881, "count": 22, "label": 1, "mean_dnbr": 0.3484595942323791}}, {"type": "Feature", "geometry": {"geodesic": false, "type": "Polygon", "coordinates": [[[28.542994893062826, 37.90834108711147], [28.546767817256125, 37.90834108711147], [28.546767817256125, 37.90888007628194], [28.546228828085646, 37.90888007628194], [28.546228828085646, 37.909958054622884], [28.545689838915166, 37.909958054622884], [28.545689838915166, 37.90941906545241], [28.544611860574236, 37.90941906545241], [28.544611860574236, 37.90888007628194], [28.544072871403756, 37.90888007628194], [28.544072871403756, 37.90941906545241], [28.543533882233277, 37.90941906545241], [28.543533882233277, 37.90888007628194], [28.542994893062826, 37.90888007628194], [28.542994893062826, 37.90834108711147]]]}, "id": "+386921+85514", "properties": {"area_ha": 3.4007803835129793, "count": 12, "label": 1, "mean_dnbr": 0.262806002646349}}, {"type": "Feature", "geometry": {"geodesic": false, "type": "Polygon", "coordinates": [[[28.544611860574236, 37.89271040116779], [28.546767817256125, 37.89271040116779], [28.546767817256125, 37.89324939033826], [28.547306806426576, 37.89324939033826], [28.547306806426576, 37.893788379508734], [28.548384784767535, 37.893788379508734], [28.548384784767535, 37.89486635784967], [28.547845795597055, 37.89486635784967], [28.547845795597055, 37.895405347020144], [28.547306806426576, 37.895405347020144], [28.547306806426576, 37.89486635784967], [28.546228828085646, 37.89486635784967], [28.546228828085646, 37.8943273686792], [28.545689838915166, 37.8943273686792], [28.545689838915166, 37.893788379508734], [28.545150849744687, 37.893788379508734], [28.545150849744687, 37.89324939033826], [28.544611860574236, 37.89324939033826], [28.544611860574236, 37.89271040116779]]]}, "id": "+386921+85543", "properties": {"area_ha": 5.102257366236601, "count": 18, "label": 1, "mean_dnbr": 0.5217762989556293}}, {"type": "Feature", "geometry": {"geodesic": false, "type": "Polygon", "coordinates": [[[28.546228828085646, 37.88624253112213], [28.547845795597055, 37.88624253112213], [28.547845795597055, 37.887859498633546], [28.547306806426576, 37.887859498633546], [28.547306806426576, 37.88839848780401], [28.545689838915166, 37.88839848780401], [28.545689838915166, 37.8867815202926], [28.546228828085646, 37.8867815202926], [28.546228828085646, 37.88624253112213]]]}, "id": "+386923+85555", "properties": {"area_ha": 3.968780903649614, "count": 14, "label": 1, "mean_dnbr": 0.4725054901264917}}, {"type": "Feature", "geometry": {"geodesic": false, "type": "Polygon", "coordinates": [[[28.547845795597055, 37.89648332536109], [28.548384784767535, 37.89648332536109], [28.548384784767535, 37.89702231453156], [28.550001752278945, 37.89702231453156], [28.550001752278945, 37.898100292872506], [28.549462763108465, 37.898100292872506], [28.549462763108465, 37.89863928204298], [28.548923773938014, 37.89863928204298], [28.548923773938014, 37.898100292872506], [28.547306806426576, 37.898100292872506], [28.547306806426576, 37.89702231453156], [28.547845795597055, 37.89702231453156], [28.547845795597055, 37.89648332536109]]]}, "id": "+386924+85536", "properties": {"area_ha": 3.4013390305164517, "count": 12, "label": 1, "mean_dnbr": 0.41037595625694084}}, {"type": "Feature", "geometry": {"geodesic": false, "type": "Polygon", "coordinates": [[[28.549462763108465, 37.883008596099295], [28.550540741449424, 37.883008596099295], [28.550540741449424, 37.88408657444024], [28.550001752278945, 37.88408657444024], [28.550001752278945, 37.885703541951656], [28.550540741449424, 37.885703541951656], [28.550540741449424, 37.8867815202926], [28.548923773938014, 37.8867815202926], [28.548923773938014, 37.88624253112213], [28.549462763108465, 37.88624253112213], [28.549462763108465, 37.885703541951656], [28.546767817256125, 37.885703541951656], [28.546767817256125, 37.88408657444024], [28.549462763108465, 37.88408657444024], [28.549462763108465, 37.883008596099295]]]}, "id": "+386928+85561", "properties": {"area_ha": 7.654325285728971, "count": 27, "label": 1, "mean_dnbr": 0.4499204823907709}}, {"type": "Feature", "geometry": {"geodesic": false, "type": "Polygon", "coordinates": [[[28.550001752278945, 37.906185130429584], [28.551618719790355, 37.906185130429584], [28.551618719790355, 37.90726310877052], [28.552696698131314, 37.90726310877052], [28.552696698131314, 37.907802097940994], [28.553235687301765, 37.907802097940994], [28.553235687301765, 37.90834108711147], [28.552696698131314, 37.90834108711147], [28.552696698131314, 37.907802097940994], [28.551618719790355, 37.907802097940994], [28.551618719790355, 37.90888007628194], [28.552157708960834, 37.90888007628194], [28.552157708960834, 37.90941906545241], [28.551618719790355, 37.90941906545241], [28.551618719790355, 37.90888007628194], [28.551079730619875, 37.90888007628194], [28.551079730619875, 37.90834108711147], [28.550001752278945, 37.90834108711147], [28.550001752278945, 37.907802097940994], [28.548923773938014, 37.907802097940994], [28.548923773938014, 37.90726310877052], [28.550001752278945, 37.90726310877052], [28.550001752278945, 37.906185130429584]]]}, "id": "+386930+85518", "properties": {"area_ha": 5.384721886182954, "count": 19, "label": 1, "mean_dnbr": 0.4219865774906583}}, {"type": "Feature", "geometry": {"geodesic": false, "type": "Polygon", "coordinates": [[[28.550001752278945, 37.889476466144956], [28.552157708960834, 37.889476466144956], [28.552157708960834, 37.89001545531543], [28.551618719790355, 37.89001545531543], [28.551618719790355, 37.89109343365637], [28.550540741449424, 37.89109343365637], [28.550540741449424, 37.891632422826845], [28.550001752278945, 37.891632422826845], [28.550001752278945, 37.889476466144956]]]}, "id": "+386931+85549", "properties": {"area_ha": 3.118194414921948, "count": 11, "label": 1, "mean_dnbr": 0.34314141019907746}}, {"type": "Feature", "geometry": {"geodesic": false, "type": "Polygon", "coordinates": [[[28.551079730619875, 37.909958054622884], [28.552696698131314, 37.909958054622884], [28.552696698131314, 37.910497043793356], [28.552157708960834, 37.910497043793356], [28.552157708960834, 37.91211401130477], [28.550540741449424, 37.91211401130477], [28.550540741449424, 37.91265300047524], [28.549462763108465, 37.91265300047524], [28.549462763108465, 37.91373097881618], [28.547845795597055, 37.91373097881618], [28.547845795597055, 37.914269967986655], [28.546767817256125, 37.914269967986655], [28.546767817256125, 37.91265300047524], [28.546228828085646, 37.91265300047524], [28.546228828085646, 37.91211401130477], [28.546767817256125, 37.91211401130477], [28.546767817256125, 37.9115750221343], [28.547306806426576, 37.9115750221343], [28.547306806426576, 37.91103603296383], [28.547845795597055, 37.91103603296383], [28.547845795597055, 37.910497043793356], [28.548384784767535, 37.910497043793356], [28.548384784767535, 37.91103603296383], [28.549462763108465, 37.91103603296383], [28.549462763108465, 37.909958054622884], [28.550001752278945, 37.909958054622884], [28.550001752278945, 37.910497043793356], [28.550540741449424, 37.910497043793356], [28.550540741449424, 37.91103603296383], [28.551079730619875, 37.91103603296383], [28.551079730619875, 37.909958054622884]], [[28.547845795597055, 37.91319198964571], [28.547845795597055, 37.91373097881618], [28.547306806426576, 37.91373097881618], [28.547306806426576, 37.91319198964571], [28.547845795597055, 37.91319198964571]], [[28.549462763108465, 37.91211401130477], [28.549462763108465, 37.91265300047524], [28.548923773938014, 37.91265300047524], [28.548923773938014, 37.91319198964571], [28.548384784767535, 37.91319198964571], [28.548384784767535, 37.91265300047524], [28.547845795597055, 37.91265300047524], [28.547845795597055, 37.91211401130477], [28.549462763108465, 37.91211401130477]], [[28.550540741449424, 37.9115750221343], [28.550540741449424, 37.91211401130477], [28.549462763108465, 37.91211401130477], [28.549462763108465, 37.9115750221343], [28.550540741449424, 37.9115750221343]]]}, "id": "+386932+85511", "properties": {"area_ha": 11.618987894923864, "count": 41, "label": 1, "mean_dnbr": 0.2912811013880839}}, {"type": "Feature", "geometry": {"geodesic": false, "type": "Polygon", "coordinates": [[[28.551618719790355, 37.89271040116779], [28.553774676472244, 37.89271040116779], [28.553774676472244, 37.893788379508734], [28.554852654813203, 37.893788379508734], [28.554852654813203, 37.89324939033826], [28.555391643983654, 37.89324939033826], [28.555391643983654, 37.893788379508734], [28.555930633154134, 37.893788379508734], [28.555930633154134, 37.8943273686792], [28.555391643983654, 37.8943273686792], [28.555391643983654, 37.89486635784967], [28.553774676472244, 37.89486635784967], [28.553774676472244, 37.895405347020144], [28.553235687301765, 37.895405347020144], [28.553235687301765, 37.89594433619062], [28.554313665642724, 37.89594433619062], [28.554313665642724, 37.89702231453156], [28.553235687301765, 37.89702231453156], [28.553235687301765, 37.89648332536109], [28.552696698131314, 37.89648332536109], [28.552696698131314, 37.89594433619062], [28.551079730619875, 37.89594433619062], [28.551079730619875, 37.89324939033826], [28.551618719790355, 37.89324939033826], [28.551618719790355, 37.89271040116779]]]}, "id": "+386934+85543", "properties": {"area_ha": 11.621713996127708, "count": 41, "label": 1, "mean_dnbr": 0.3560078830964169}}, {"type": "Feature", "geometry": {"geodesic": false, "type": "Polygon", "coordinates": [[[28.553774676472244, 37.90025624955439], [28.555930633154134, 37.90025624955439], [28.555930633154134, 37.90079523872486], [28.558625579006502, 37.90079523872486], [28.558625579006502, 37.901873217065805], [28.557008611495064, 37.901873217065805], [28.557008611495064, 37.90133422789533], [28.555930633154134, 37.90133422789533], [28.555930633154134, 37.901873217065805], [28.555391643983654, 37.901873217065805], [28.555391643983654, 37.90133422789533], [28.553774676472244, 37.90133422789533], [28.553774676472244, 37.90025624955439]]]}, "id": "+386938+85529", "properties": {"area_ha": 4.818320698077002, "count": 17, "label": 1, "mean_dnbr": 0.25878914947858456}}, {"type": "Feature", "geometry": {"geodesic": false, "type": "Polygon", "coordinates": [[[28.554313665642724, 37.91319198964571], [28.556469622324613, 37.91319198964571], [28.556469622324613, 37.914269967986655], [28.555391643983654, 37.914269967986655], [28.555391643983654, 37.9153479463276], [28.557008611495064, 37.9153479463276], [28.557008611495064, 37.916425924668545], [28.556469622324613, 37.916425924668545], [28.556469622324613, 37.91588693549807], [28.554852654813203, 37.91588693549807], [28.554852654813203, 37.916425924668545], [28.553774676472244, 37.916425924668545], [28.553774676472244, 37.9153479463276], [28.551618719790355, 37.9153479463276], [28.551618719790355, 37.91588693549807], [28.552157708960834, 37.91588693549807], [28.552157708960834, 37.916425924668545], [28.550540741449424, 37.916425924668545], [28.550540741449424, 37.91588693549807], [28.550001752278945, 37.91588693549807], [28.550001752278945, 37.9153479463276], [28.549462763108465, 37.9153479463276], [28.549462763108465, 37.91480895715713], [28.550001752278945, 37.91480895715713], [28.550001752278945, 37.914269967986655], [28.552696698131314, 37.914269967986655], [28.552696698131314, 37.91319198964571], [28.553774676472244, 37.91319198964571], [28.553774676472244, 37.91373097881618], [28.554313665642724, 37.91373097881618], [28.554313665642724, 37.91319198964571]], [[28.554313665642724, 37.914269967986655], [28.554313665642724, 37.9153479463276], [28.553774676472244, 37.9153479463276], [28.553774676472244, 37.914269967986655], [28.554313665642724, 37.914269967986655]]]}, "id": "+386939+85505", "properties": {"area_ha": 13.318772000229965, "count": 47, "label": 1, "mean_dnbr": 0.3166333953557382}}, {"type": "Feature", "geometry": {"geodesic": false, "type": "Polygon", "coordinates": [[[28.558086589836023, 37.87977466107647], [28.558625579006502, 37.87977466107647], [28.558625579006502, 37.88031365024694], [28.560242546517912, 37.88031365024694], [28.560242546517912, 37.881391628587885], [28.560781535688392, 37.881391628587885], [28.560781535688392, 37.88193061775836], [28.560242546517912, 37.88193061775836], [28.560242546517912, 37.88246960692882], [28.562398503199802, 37.88246960692882], [28.562398503199802, 37.88462556361071], [28.56293749237028, 37.88462556361071], [28.56293749237028, 37.885703541951656], [28.562398503199802, 37.885703541951656], [28.562398503199802, 37.8867815202926], [28.561859514029322, 37.8867815202926], [28.561859514029322, 37.885703541951656], [28.561320524858843, 37.885703541951656], [28.561320524858843, 37.885164552781184], [28.560781535688392, 37.885164552781184], [28.560781535688392, 37.88408657444024], [28.561320524858843, 37.88408657444024], [28.561320524858843, 37.883008596099295], [28.560242546517912, 37.883008596099295], [28.560242546517912, 37.88246960692882], [28.558086589836023, 37.88246960692882], [28.558086589836023, 37.87977466107647]]]}, "id": "+386943+85567", "properties": {"area_ha": 10.773048684788337, "count": 38, "label": 1, "mean_dnbr": 0.41285807528707796}}, {"type": "Feature", "geometry": {"geodesic": false, "type": "Polygon", "coordinates": [[[28.558086589836023, 37.91211401130477], [28.559164568176953, 37.91211401130477], [28.559164568176953, 37.91319198964571], [28.559703557347433, 37.91319198964571], [28.559703557347433, 37.91373097881618], [28.560242546517912, 37.91373097881618], [28.560242546517912, 37.91319198964571], [28.561320524858843, 37.91319198964571], [28.561320524858843, 37.91373097881618], [28.562398503199802, 37.91373097881618], [28.562398503199802, 37.91480895715713], [28.560781535688392, 37.91480895715713], [28.560781535688392, 37.91373097881618], [28.560242546517912, 37.91373097881618], [28.560242546517912, 37.914269967986655], [28.558625579006502, 37.914269967986655], [28.558625579006502, 37.91265300047524], [28.558086589836023, 37.91265300047524], [28.558086589836023, 37.91211401130477]]]}, "id": "+386944+85507", "properties": {"area_ha": 4.534127566205043, "count": 16, "label": 1, "mean_dnbr": 0.3928634682542453}}, {"type": "Feature", "geometry": {"geodesic": false, "type": "Polygon", "coordinates": [[[28.559703557347433, 37.909958054622884], [28.560242546517912, 37.909958054622884], [28.560242546517912, 37.91103603296383], [28.559164568176953, 37.91103603296383], [28.559164568176953, 37.910497043793356], [28.558086589836023, 37.910497043793356], [28.558086589836023, 37.91103603296383], [28.557547600665544, 37.91103603296383], [28.557547600665544, 37.91211401130477], [28.556469622324613, 37.91211401130477], [28.556469622324613, 37.91103603296383], [28.555930633154134, 37.91103603296383], [28.555930633154134, 37.910497043793356], [28.555391643983654, 37.910497043793356], [28.555391643983654, 37.91103603296383], [28.553774676472244, 37.91103603296383], [28.553774676472244, 37.909958054622884], [28.556469622324613, 37.909958054622884], [28.556469622324613, 37.910497043793356], [28.557008611495064, 37.910497043793356], [28.557008611495064, 37.91103603296383], [28.557547600665544, 37.91103603296383], [28.557547600665544, 37.910497043793356], [28.558086589836023, 37.910497043793356], [28.558086589836023, 37.909958054622884], [28.559164568176953, 37.909958054622884], [28.559164568176953, 37.910497043793356], [28.559703557347433, 37.910497043793356], [28.559703557347433, 37.909958054622884]]]}, "id": "+386946+85511", "properties": {"area_ha": 5.667876316300591, "count": 20, "label": 1, "mean_dnbr": 0.2832788340571565}}, {"type": "Feature", "geometry": {"geodesic": false, "type": "Polygon", "coordinates": [[[28.559164568176953, 37.90241220623628], [28.560242546517912, 37.90241220623628], [28.560242546517912, 37.90295119540675], [28.561320524858843, 37.90295119540675], [28.561320524858843, 37.904029173747695], [28.560242546517912, 37.904029173747695], [28.560242546517912, 37.90510715208864], [28.559703557347433, 37.90510715208864], [28.559703557347433, 37.90564614125911], [28.558625579006502, 37.90564614125911], [28.558625579006502, 37.90510715208864], [28.558086589836023, 37.90510715208864], [28.558086589836023, 37.904029173747695], [28.555930633154134, 37.904029173747695], [28.555930633154134, 37.90456816291817], [28.555391643983654, 37.90456816291817], [28.555391643983654, 37.904029173747695], [28.554852654813203, 37.904029173747695], [28.554852654813203, 37.90349018457722], [28.554313665642724, 37.90349018457722], [28.554313665642724, 37.90241220623628], [28.554852654813203, 37.90241220623628], [28.554852654813203, 37.90295119540675], [28.555391643983654, 37.90295119540675], [28.555391643983654, 37.90349018457722], [28.557008611495064, 37.90349018457722], [28.557008611495064, 37.90295119540675], [28.557547600665544, 37.90295119540675], [28.557547600665544, 37.90349018457722], [28.558625579006502, 37.90349018457722], [28.558625579006502, 37.90295119540675], [28.559164568176953, 37.90295119540675], [28.559164568176953, 37.90241220623628]]]}, "id": "+386946+85525", "properties": {"area_ha": 9.636308505033638, "count": 34, "label": 1, "mean_dnbr": 0.34840072807814565}}, {"type": "Feature", "geometry": {"geodesic": false, "type": "Polygon", "coordinates": [[[28.559164568176953, 37.89001545531543], [28.560242546517912, 37.89001545531543], [28.560242546517912, 37.89109343365637], [28.561320524858843, 37.89109343365637], [28.561320524858843, 37.89217141199732], [28.561859514029322, 37.89217141199732], [28.561859514029322, 37.89271040116779], [28.562398503199802, 37.89271040116779], [28.562398503199802, 37.89324939033826], [28.560781535688392, 37.89324939033826], [28.560781535688392, 37.89271040116779], [28.559703557347433, 37.89271040116779], [28.559703557347433, 37.891632422826845], [28.559164568176953, 37.891632422826845], [28.559164568176953, 37.89001545531543]]]}, "id": "+386946+85548", "properties": {"area_ha": 5.102411040641231, "count": 18, "label": 1, "mean_dnbr": 0.34136466717724323}}, {"type": "Feature", "geometry": {"geodesic": false, "type": "Polygon", "coordinates": [[[28.560781535688392, 37.9153479463276], [28.561859514029322, 37.9153479463276], [28.561859514029322, 37.91696491383902], [28.561320524858843, 37.91696491383902], [28.561320524858843, 37.91750390300949], [28.560781535688392, 37.91750390300949], [28.560781535688392, 37.91804289217996], [28.561859514029322, 37.91804289217996], [28.561859514029322, 37.91858188135043], [28.560242546517912, 37.91858188135043], [28.560242546517912, 37.91804289217996], [28.558625579006502, 37.91804289217996], [28.558625579006502, 37.91750390300949], [28.560781535688392, 37.91750390300949], [28.560781535688392, 37.916425924668545], [28.560242546517912, 37.916425924668545], [28.560242546517912, 37.91588693549807], [28.560781535688392, 37.91588693549807], [28.560781535688392, 37.9153479463276]]]}, "id": "+386949+85501", "properties": {"area_ha": 4.250542890656348, "count": 15, "label": 1, "mean_dnbr": 0.34374535885164387}}, {"type": "Feature", "geometry": {"geodesic": false, "type": "Polygon", "coordinates": [[[28.563476481540732, 37.90456816291817], [28.56401547071121, 37.90456816291817], [28.56401547071121, 37.90510715208864], [28.563476481540732, 37.90510715208864], [28.563476481540732, 37.906185130429584], [28.560242546517912, 37.906185130429584], [28.560242546517912, 37.90672411960005], [28.559703557347433, 37.90672411960005], [28.559703557347433, 37.906185130429584], [28.560242546517912, 37.906185130429584], [28.560242546517912, 37.90564614125911], [28.561320524858843, 37.90564614125911], [28.561320524858843, 37.90510715208864], [28.563476481540732, 37.90510715208864], [28.563476481540732, 37.90456816291817]]]}, "id": "+386953+85521", "properties": {"area_ha": 3.4009788290107923, "count": 12, "label": 1, "mean_dnbr": 0.36267159048747294}}, {"type": "Feature", "geometry": {"geodesic": false, "type": "Polygon", "coordinates": [[[28.56401547071121, 37.89594433619062], [28.56455445988169, 37.89594433619062], [28.56455445988169, 37.89648332536109], [28.56778839490451, 37.89648332536109], [28.56778839490451, 37.898100292872506], [28.56671041656358, 37.898100292872506], [28.56671041656358, 37.89702231453156], [28.5661714273931, 37.89702231453156], [28.5661714273931, 37.897561303702034], [28.56401547071121, 37.897561303702034], [28.56401547071121, 37.89702231453156], [28.563476481540732, 37.89702231453156], [28.563476481540732, 37.89648332536109], [28.56401547071121, 37.89648332536109], [28.56401547071121, 37.89594433619062]]]}, "id": "+386954+85537", "properties": {"area_ha": 4.818582363701987, "count": 17, "label": 1, "mean_dnbr": 0.3309424139917834}}, {"type": "Feature", "geometry": {"geodesic": false, "type": "Polygon", "coordinates": [[[28.56455445988169, 37.86144902928043], [28.56563243822262, 37.86144902928043], [28.56563243822262, 37.862527007621374], [28.5661714273931, 37.862527007621374], [28.5661714273931, 37.863065996791846], [28.56724940573403, 37.863065996791846], [28.56724940573403, 37.86360498596232], [28.56671041656358, 37.86360498596232], [28.56671041656358, 37.86522195347373], [28.56724940573403, 37.86522195347373], [28.56724940573403, 37.86629993181467], [28.56671041656358, 37.86629993181467], [28.56671041656358, 37.8657609426442], [28.56455445988169, 37.8657609426442], [28.56455445988169, 37.86360498596232], [28.565093449052142, 37.86360498596232], [28.565093449052142, 37.863065996791846], [28.56455445988169, 37.863065996791846], [28.56455445988169, 37.862527007621374], [28.56401547071121, 37.862527007621374], [28.56401547071121, 37.8619880184509], [28.56455445988169, 37.8619880184509], [28.56455445988169, 37.86144902928043]]]}, "id": "+386956+85601", "properties": {"area_ha": 8.50723464896992, "count": 30, "label": 1, "mean_dnbr": 0.37017326579488463}}, {"type": "Feature", "geometry": {"geodesic": false, "type": "Polygon", "coordinates": [[[28.563476481540732, 37.90941906545241], [28.56724940573403, 37.90941906545241], [28.56724940573403, 37.910497043793356], [28.56886637324547, 37.910497043793356], [28.56886637324547, 37.9115750221343], [28.56778839490451, 37.9115750221343], [28.56778839490451, 37.91211401130477], [28.56832738407499, 37.91211401130477], [28.56832738407499, 37.91373097881618], [28.5661714273931, 37.91373097881618], [28.5661714273931, 37.914269967986655], [28.56563243822262, 37.914269967986655], [28.56563243822262, 37.91588693549807], [28.56401547071121, 37.91588693549807], [28.56401547071121, 37.916425924668545], [28.563476481540732, 37.916425924668545], [28.563476481540732, 37.9153479463276], [28.56401547071121, 37.9153479463276], [28.56401547071121, 37.91480895715713], [28.563476481540732, 37.91480895715713], [28.563476481540732, 37.914269967986655], [28.56401547071121, 37.914269967986655], [28.56401547071121, 37.91319198964571], [28.56455445988169, 37.91319198964571], [28.56455445988169, 37.91265300047524], [28.56293749237028, 37.91265300047524], [28.56293749237028, 37.91211401130477], [28.563476481540732, 37.91211401130477], [28.563476481540732, 37.9115750221343], [28.561859514029322, 37.9115750221343], [28.561859514029322, 37.910497043793356], [28.563476481540732, 37.910497043793356], [28.563476481540732, 37.9115750221343], [28.56455445988169, 37.9115750221343], [28.56455445988169, 37.91265300047524], [28.565093449052142, 37.91265300047524], [28.565093449052142, 37.91319198964571], [28.56671041656358, 37.91319198964571], [28.56671041656358, 37.91265300047524], [28.5661714273931, 37.91265300047524], [28.5661714273931, 37.9115750221343], [28.56778839490451, 37.9115750221343], [28.56778839490451, 37.91103603296383], [28.56671041656358, 37.91103603296383], [28.56671041656358, 37.910497043793356], [28.56455445988169, 37.910497043793356], [28.56455445988169, 37.909958054622884], [28.563476481540732, 37.909958054622884], [28.563476481540732, 37.90941906545241]], [[28.565093449052142, 37.91480895715713], [28.565093449052142, 37.9153479463276], [28.56455445988169, 37.9153479463276], [28.56455445988169, 37.91480895715713], [28.565093449052142, 37.91480895715713]]]}, "id": "+386959+85512", "properties": {"area_ha": 17.85341299850719, "count": 63, "label": 1, "mean_dnbr": 0.36539221067392946}}, {"type": "Feature", "geometry": {"geodesic": false, "type": "Polygon", "coordinates": [[[28.56563243822262, 37.90510715208864], [28.56724940573403, 37.90510715208864], [28.56724940573403, 37.906185130429584], [28.56832738407499, 37.906185130429584], [28.56832738407499, 37.90564614125911], [28.56940536241592, 37.90564614125911], [28.56940536241592, 37.906185130429584], [28.56886637324547, 37.906185130429584], [28.56886637324547, 37.90834108711147], [28.56724940573403, 37.90834108711147], [28.56724940573403, 37.90672411960005], [28.56563243822262, 37.90672411960005], [28.56563243822262, 37.90510715208864]]]}, "id": "+386959+85520", "properties": {"area_ha": 6.518432149298222, "count": 23, "label": 1, "mean_dnbr": 0.35667789913897063}}, {"type": "Feature", "geometry": {"geodesic": false, "type": "Polygon", "coordinates": [[[28.56671041656358, 37.89863928204298], [28.56832738407499, 37.89863928204298], [28.56832738407499, 37.89917827121345], [28.56886637324547, 37.89917827121345], [28.56886637324547, 37.89971726038392], [28.56832738407499, 37.89971726038392], [28.56832738407499, 37.90079523872486], [28.56778839490451, 37.90079523872486], [28.56778839490451, 37.90133422789533], [28.56724940573403, 37.90133422789533], [28.56724940573403, 37.901873217065805], [28.56671041656358, 37.901873217065805], [28.56671041656358, 37.90241220623628], [28.56778839490451, 37.90241220623628], [28.56778839490451, 37.90349018457722], [28.56724940573403, 37.90349018457722], [28.56724940573403, 37.90456816291817], [28.5661714273931, 37.90456816291817], [28.5661714273931, 37.904029173747695], [28.56455445988169, 37.904029173747695], [28.56455445988169, 37.90349018457722], [28.56293749237028, 37.90349018457722], [28.56293749237028, 37.90295119540675], [28.563476481540732, 37.90295119540675], [28.563476481540732, 37.901873217065805], [28.561320524858843, 37.901873217065805], [28.561320524858843, 37.90133422789533], [28.560242546517912, 37.90133422789533], [28.560242546517912, 37.89917827121345], [28.560781535688392, 37.89917827121345], [28.560781535688392, 37.89971726038392], [28.563476481540732, 37.89971726038392], [28.563476481540732, 37.90133422789533], [28.56401547071121, 37.90133422789533], [28.56401547071121, 37.90079523872486], [28.56455445988169, 37.90079523872486], [28.56455445988169, 37.90025624955439], [28.56563243822262, 37.90025624955439], [28.56563243822262, 37.90079523872486], [28.5661714273931, 37.90079523872486], [28.5661714273931, 37.90133422789533], [28.56563243822262, 37.90133422789533], [28.56563243822262, 37.901873217065805], [28.56401547071121, 37.901873217065805], [28.56401547071121, 37.90241220623628], [28.56455445988169, 37.90241220623628], [28.56455445988169, 37.90349018457722], [28.565093449052142, 37.90349018457722], [28.565093449052142, 37.90295119540675], [28.56563243822262, 37.90295119540675], [28.56563243822262, 37.90241220623628], [28.5661714273931, 37.90241220623628], [28.5661714273931, 37.901873217065805], [28.56671041656358, 37.901873217065805], [28.56671041656358, 37.90025624955439], [28.5661714273931, 37.90025624955439], [28.5661714273931, 37.89971726038392], [28.56671041656358, 37.89971726038392], [28.56671041656358, 37.89863928204298]]]}, "id": "+386961+85532", "properties": {"area_ha": 20.690405732517295, "count": 73, "label": 1, "mean_dnbr": 0.36062697883637357}}, {"type": "Feature", "geometry": {"geodesic": false, "type": "Polygon", "coordinates": [[[28.56724940573403, 37.88193061775836], [28.56832738407499, 37.88193061775836], [28.56832738407499, 37.88246960692882], [28.56940536241592, 37.88246960692882], [28.56940536241592, 37.88408657444024], [28.5699443515864, 37.88408657444024], [28.5699443515864, 37.885164552781184], [28.56724940573403, 37.885164552781184], [28.56724940573403, 37.88462556361071], [28.5661714273931, 37.88462556361071], [28.5661714273931, 37.88408657444024], [28.56671041656358, 37.88408657444024], [28.56671041656358, 37.88354758526977], [28.563476481540732, 37.88354758526977], [28.563476481540732, 37.883008596099295], [28.56401547071121, 37.883008596099295], [28.56401547071121, 37.88246960692882], [28.565093449052142, 37.88246960692882], [28.565093449052142, 37.88193061775836], [28.56671041656358, 37.88193061775836], [28.56671041656358, 37.88246960692882], [28.56724940573403, 37.88246960692882], [28.56724940573403, 37.88193061775836]]]}, "id": "+386961+85563", "properties": {"area_ha": 12.190498861907097, "count": 43, "label": 1, "mean_dnbr": 0.5660199887746437}}, {"type": "Feature", "geometry": {"geodesic": false, "type": "Polygon", "coordinates": [[[28.56832738407499, 37.91480895715713], [28.56886637324547, 37.91480895715713], [28.56886637324547, 37.91696491383902], [28.56940536241592, 37.91696491383902], [28.56940536241592, 37.91750390300949], [28.56886637324547, 37.91750390300949], [28.56886637324547, 37.91804289217996], [28.56940536241592, 37.91804289217996], [28.56940536241592, 37.91858188135043], [28.56886637324547, 37.91858188135043], [28.56886637324547, 37.91804289217996], [28.56778839490451, 37.91804289217996], [28.56778839490451, 37.91750390300949], [28.56724940573403, 37.91750390300949], [28.56724940573403, 37.916425924668545], [28.56778839490451, 37.916425924668545], [28.56778839490451, 37.9153479463276], [28.56832738407499, 37.9153479463276], [28.56832738407499, 37.91480895715713]]]}, "id": "+386962+85502", "properties": {"area_ha": 4.2505648097474324, "count": 15, "label": 1, "mean_dnbr": 0.3863720207733273}}, {"type": "Feature", "geometry": {"geodesic": false, "type": "Polygon", "coordinates": [[[28.56671041656358, 37.88732050946307], [28.56940536241592, 37.88732050946307], [28.56940536241592, 37.887859498633546], [28.56886637324547, 37.887859498633546], [28.56886637324547, 37.88839848780401], [28.56832738407499, 37.88839848780401], [28.56832738407499, 37.887859498633546], [28.56778839490451, 37.887859498633546], [28.56778839490451, 37.89001545531543], [28.56671041656358, 37.89001545531543], [28.56671041656358, 37.88893747697448], [28.5661714273931, 37.88893747697448], [28.5661714273931, 37.88839848780401], [28.56671041656358, 37.88839848780401], [28.56671041656358, 37.88732050946307]]]}, "id": "+386963+85553", "properties": {"area_ha": 4.252189684247651, "count": 15, "label": 1, "mean_dnbr": 0.3063500735792652}}, {"type": "Feature", "geometry": {"geodesic": false, "type": "Polygon", "coordinates": [[[28.56940536241592, 37.90888007628194], [28.57156131909781, 37.90888007628194], [28.57156131909781, 37.909958054622884], [28.57048334075688, 37.909958054622884], [28.57048334075688, 37.91103603296383], [28.56940536241592, 37.91103603296383], [28.56940536241592, 37.90888007628194]]]}, "id": "+386967+85513", "properties": {"area_ha": 3.4007692320753047, "count": 12, "label": 1, "mean_dnbr": 0.3548231938810488}}, {"type": "Feature", "geometry": {"geodesic": false, "type": "Polygon", "coordinates": [[[28.57156131909781, 37.91480895715713], [28.57263929743877, 37.91480895715713], [28.57263929743877, 37.9153479463276], [28.57317828660922, 37.9153479463276], [28.57317828660922, 37.916425924668545], [28.57263929743877, 37.916425924668545], [28.57263929743877, 37.91696491383902], [28.57317828660922, 37.91696491383902], [28.57317828660922, 37.91750390300949], [28.57263929743877, 37.91750390300949], [28.57263929743877, 37.91696491383902], [28.57156131909781, 37.91696491383902], [28.57156131909781, 37.91480895715713]]]}, "id": "+386969+85502", "properties": {"area_ha": 3.1171125022765946, "count": 11, "label": 1, "mean_dnbr": 0.3518766466172466}}, {"type": "Feature", "geometry": {"geodesic": false, "type": "Polygon", "coordinates": [[[28.57641222163207, 37.90672411960005], [28.57695121080252, 37.90672411960005], [28.57695121080252, 37.90726310877052], [28.577490199973, 37.90726310877052], [28.577490199973, 37.907802097940994], [28.578568178313958, 37.907802097940994], [28.578568178313958, 37.90888007628194], [28.57695121080252, 37.90888007628194], [28.57695121080252, 37.90941906545241], [28.57641222163207, 37.90941906545241], [28.57641222163207, 37.90888007628194], [28.57695121080252, 37.90888007628194], [28.57695121080252, 37.90834108711147], [28.57641222163207, 37.90834108711147], [28.57641222163207, 37.90672411960005]]]}, "id": "+386977+85517", "properties": {"area_ha": 3.117448714228326, "count": 11, "label": 1, "mean_dnbr": 0.2642749021480013}}, {"type": "Feature", "geometry": {"geodesic": false, "type": "Polygon", "coordinates": [[[28.57533424329111, 37.90133422789533], [28.578568178313958, 37.90133422789533], [28.578568178313958, 37.90241220623628], [28.57910716748441, 37.90241220623628], [28.57910716748441, 37.90349018457722], [28.57587323246159, 37.90349018457722], [28.57587323246159, 37.90295119540675], [28.57533424329111, 37.90295119540675], [28.57533424329111, 37.90241220623628], [28.57479525412066, 37.90241220623628], [28.57479525412066, 37.901873217065805], [28.57533424329111, 37.901873217065805], [28.57533424329111, 37.90133422789533]]]}, "id": "+386980+85527", "properties": {"area_ha": 7.3690821922322645, "count": 26, "label": 1, "mean_dnbr": 0.5159215912617127}}, {"type": "Feature", "geometry": {"geodesic": false, "type": "Polygon", "coordinates": [[[28.57641222163207, 37.914269967986655], [28.57910716748441, 37.914269967986655], [28.57910716748441, 37.916425924668545], [28.577490199973, 37.916425924668545], [28.577490199973, 37.91480895715713], [28.57641222163207, 37.91480895715713], [28.57641222163207, 37.914269967986655]]]}, "id": "+386981+85503", "properties": {"area_ha": 3.967266306744505, "count": 14, "label": 1, "mean_dnbr": 0.2589310168216909}}, {"type": "Feature", "geometry": {"geodesic": false, "type": "Polygon", "coordinates": [[[28.580185145825368, 37.88462556361071], [28.5812631241663, 37.88462556361071], [28.5812631241663, 37.885164552781184], [28.581802113336778, 37.885164552781184], [28.581802113336778, 37.88624253112213], [28.5812631241663, 37.88624253112213], [28.5812631241663, 37.8867815202926], [28.580185145825368, 37.8867815202926], [28.580185145825368, 37.88732050946307], [28.57964615665489, 37.88732050946307], [28.57964615665489, 37.8867815202926], [28.57910716748441, 37.8867815202926], [28.57910716748441, 37.885703541951656], [28.57964615665489, 37.885703541951656], [28.57964615665489, 37.885164552781184], [28.580185145825368, 37.885164552781184], [28.580185145825368, 37.88462556361071]]]}, "id": "+386985+85558", "properties": {"area_ha": 4.535836756195083, "count": 16, "label": 1, "mean_dnbr": 0.2941566583136774}}, {"type": "Feature", "geometry": {"geodesic": false, "type": "Polygon", "coordinates": [[[28.580724134995847, 37.887859498633546], [28.581802113336778, 37.887859498633546], [28.581802113336778, 37.88839848780401], [28.582341102507257, 37.88839848780401], [28.582341102507257, 37.88893747697448], [28.583419080848188, 37.88893747697448], [28.583419080848188, 37.8905544444859], [28.582341102507257, 37.8905544444859], [28.582341102507257, 37.89001545531543], [28.581802113336778, 37.89001545531543], [28.581802113336778, 37.889476466144956], [28.580185145825368, 37.889476466144956], [28.580185145825368, 37.88893747697448], [28.580724134995847, 37.88893747697448], [28.580724134995847, 37.887859498633546]]]}, "id": "+386986+85552", "properties": {"area_ha": 4.535635335885086, "count": 16, "label": 1, "mean_dnbr": 0.3692524833319769}}, {"type": "Feature", "geometry": {"geodesic": false, "type": "Polygon", "coordinates": [[[28.586114026700557, 37.90726310877052], [28.586653015871036, 37.90726310877052], [28.586653015871036, 37.907802097940994], [28.587192005041487, 37.907802097940994], [28.587192005041487, 37.90834108711147], [28.588269983382446, 37.90834108711147], [28.588269983382446, 37.90888007628194], [28.587730994211967, 37.90888007628194], [28.587730994211967, 37.909958054622884], [28.586653015871036, 37.909958054622884], [28.586653015871036, 37.90888007628194], [28.585575037530077, 37.90888007628194], [28.585575037530077, 37.907802097940994], [28.586114026700557, 37.907802097940994], [28.586114026700557, 37.90726310877052]]]}, "id": "+386995+85516", "properties": {"area_ha": 3.6842293151938263, "count": 13, "label": 1, "mean_dnbr": 0.23815879154493377}}, {"type": "Feature", "geometry": {"geodesic": false, "type": "Polygon", "coordinates": [[[28.588808972552897, 37.90726310877052], [28.590425940064335, 37.90726310877052], [28.590425940064335, 37.907802097940994], [28.589886950893856, 37.907802097940994], [28.589886950893856, 37.90888007628194], [28.590425940064335, 37.90888007628194], [28.590425940064335, 37.90941906545241], [28.589886950893856, 37.90941906545241], [28.589886950893856, 37.909958054622884], [28.589347961723377, 37.909958054622884], [28.589347961723377, 37.90941906545241], [28.588808972552897, 37.90941906545241], [28.588808972552897, 37.90726310877052]]]}, "id": "+387002+85516", "properties": {"area_ha": 3.1174296585044083, "count": 11, "label": 1, "mean_dnbr": 0.3073553027685705}}, {"type": "Feature", "geometry": {"geodesic": false, "type": "Polygon", "coordinates": [[[28.590425940064335, 37.885703541951656], [28.591503918405266, 37.885703541951656], [28.591503918405266, 37.88624253112213], [28.592581896746225, 37.88624253112213], [28.592581896746225, 37.88732050946307], [28.593120885916676, 37.88732050946307], [28.593120885916676, 37.887859498633546], [28.593659875087155, 37.887859498633546], [28.593659875087155, 37.88893747697448], [28.591503918405266, 37.88893747697448], [28.591503918405266, 37.88839848780401], [28.590964929234786, 37.88839848780401], [28.590964929234786, 37.887859498633546], [28.592581896746225, 37.887859498633546], [28.592581896746225, 37.88732050946307], [28.591503918405266, 37.88732050946307], [28.591503918405266, 37.8867815202926], [28.590425940064335, 37.8867815202926], [28.590425940064335, 37.885703541951656]]]}, "id": "+387004+85556", "properties": {"area_ha": 5.102709731218556, "count": 18, "label": 1, "mean_dnbr": 0.3582190744568012}}, {"type": "Feature", "geometry": {"geodesic": false, "type": "Polygon", "coordinates": [[[28.593659875087155, 37.90025624955439], [28.594198864257635, 37.90025624955439], [28.594198864257635, 37.90079523872486], [28.594737853428086, 37.90079523872486], [28.594737853428086, 37.90133422789533], [28.595815831769045, 37.90133422789533], [28.595815831769045, 37.901873217065805], [28.594198864257635, 37.901873217065805], [28.594198864257635, 37.90349018457722], [28.593659875087155, 37.90349018457722], [28.593659875087155, 37.901873217065805], [28.593120885916676, 37.901873217065805], [28.593120885916676, 37.90079523872486], [28.593659875087155, 37.90079523872486], [28.593659875087155, 37.90025624955439]]]}, "id": "+387009+85529", "properties": {"area_ha": 3.401152084609861, "count": 12, "label": 1, "mean_dnbr": 0.3089907350175646}}, {"type": "Feature", "geometry": {"geodesic": false, "type": "Polygon", "coordinates": [[[28.595815831769045, 37.89594433619062], [28.596893810109975, 37.89594433619062], [28.596893810109975, 37.89648332536109], [28.597432799280455, 37.89648332536109], [28.597432799280455, 37.89702231453156], [28.597971788450934, 37.89702231453156], [28.597971788450934, 37.89863928204298], [28.596893810109975, 37.89863928204298], [28.596893810109975, 37.898100292872506], [28.596354820939524, 37.898100292872506], [28.596354820939524, 37.89863928204298], [28.595276842598565, 37.89863928204298], [28.595276842598565, 37.897561303702034], [28.595815831769045, 37.897561303702034], [28.595815831769045, 37.89594433619062]]]}, "id": "+387014+85537", "properties": {"area_ha": 5.102015418418253, "count": 18, "label": 1, "mean_dnbr": 0.4405571601271869}}, {"type": "Feature", "geometry": {"geodesic": false, "type": "Polygon", "coordinates": [[[28.597432799280455, 37.89109343365637], [28.599049766791865, 37.89109343365637], [28.599049766791865, 37.891632422826845], [28.598510777621414, 37.891632422826845], [28.598510777621414, 37.89217141199732], [28.597971788450934, 37.89217141199732], [28.597971788450934, 37.89271040116779], [28.598510777621414, 37.89271040116779], [28.598510777621414, 37.89324939033826], [28.597971788450934, 37.89324939033826], [28.597971788450934, 37.893788379508734], [28.597432799280455, 37.893788379508734], [28.597432799280455, 37.89324939033826], [28.596893810109975, 37.89324939033826], [28.596893810109975, 37.89271040116779], [28.596354820939524, 37.89271040116779], [28.596354820939524, 37.89217141199732], [28.597432799280455, 37.89217141199732], [28.597432799280455, 37.89109343365637]]]}, "id": "+387018+85546", "properties": {"area_ha": 3.4015786250743716, "count": 12, "label": 1, "mean_dnbr": 0.3060922608501714}}, {"type": "Feature", "geometry": {"geodesic": false, "type": "Polygon", "coordinates": [[[28.601744712644233, 37.8905544444859], [28.602283701814713, 37.8905544444859], [28.602283701814713, 37.89109343365637], [28.603361680155643, 37.89109343365637], [28.603361680155643, 37.891632422826845], [28.603900669326123, 37.891632422826845], [28.603900669326123, 37.89217141199732], [28.603361680155643, 37.89217141199732], [28.603361680155643, 37.893788379508734], [28.602822690985164, 37.893788379508734], [28.602822690985164, 37.8943273686792], [28.601205723473754, 37.8943273686792], [28.601205723473754, 37.893788379508734], [28.600666734303275, 37.893788379508734], [28.600666734303275, 37.89486635784967], [28.599049766791865, 37.89486635784967], [28.599049766791865, 37.893788379508734], [28.600666734303275, 37.893788379508734], [28.600666734303275, 37.89324939033826], [28.601205723473754, 37.89324939033826], [28.601205723473754, 37.89271040116779], [28.600127745132824, 37.89271040116779], [28.600127745132824, 37.89109343365637], [28.601744712644233, 37.89109343365637], [28.601744712644233, 37.8905544444859]]]}, "id": "+387024+85547", "properties": {"area_ha": 10.771610504208184, "count": 38, "label": 1, "mean_dnbr": 0.39267679526735755}}, {"type": "Feature", "geometry": {"geodesic": false, "type": "Polygon", "coordinates": [[[28.601205723473754, 37.90025624955439], [28.603900669326123, 37.90025624955439], [28.603900669326123, 37.90079523872486], [28.604439658496602, 37.90079523872486], [28.604439658496602, 37.901873217065805], [28.604978647667053, 37.901873217065805], [28.604978647667053, 37.90241220623628], [28.604439658496602, 37.90241220623628], [28.604439658496602, 37.901873217065805], [28.603900669326123, 37.901873217065805], [28.603900669326123, 37.90241220623628], [28.601205723473754, 37.90241220623628], [28.601205723473754, 37.90025624955439]]]}, "id": "+387027+85529", "properties": {"area_ha": 6.5188958490951, "count": 23, "label": 1, "mean_dnbr": 0.4705294532053304}}, {"type": "Feature", "geometry": {"geodesic": false, "type": "Polygon", "coordinates": [[[28.602283701814713, 37.90349018457722], [28.604439658496602, 37.90349018457722], [28.604439658496602, 37.90456816291817], [28.603900669326123, 37.90456816291817], [28.603900669326123, 37.90510715208864], [28.602822690985164, 37.90510715208864], [28.602822690985164, 37.90564614125911], [28.602283701814713, 37.90564614125911], [28.602283701814713, 37.90349018457722]]]}, "id": "+387028+85523", "properties": {"area_ha": 3.40101978166908, "count": 12, "label": 1, "mean_dnbr": 0.33690453705477214}}, {"type": "Feature", "geometry": {"geodesic": false, "type": "Polygon", "coordinates": [[[28.603361680155643, 37.909958054622884], [28.604978647667053, 37.909958054622884], [28.604978647667053, 37.91103603296383], [28.604439658496602, 37.91103603296383], [28.604439658496602, 37.91373097881618], [28.606056626008012, 37.91373097881618], [28.606056626008012, 37.91319198964571], [28.606595615178463, 37.91319198964571], [28.606595615178463, 37.91373097881618], [28.606056626008012, 37.91373097881618], [28.606056626008012, 37.914269967986655], [28.602822690985164, 37.914269967986655], [28.602822690985164, 37.91319198964571], [28.601744712644233, 37.91319198964571], [28.601744712644233, 37.91265300047524], [28.603361680155643, 37.91265300047524], [28.603361680155643, 37.909958054622884]]]}, "id": "+387029+85511", "properties": {"area_ha": 7.651478662544141, "count": 27, "label": 1, "mean_dnbr": 0.31961873422996356}}, {"type": "Feature", "geometry": {"geodesic": false, "type": "Polygon", "coordinates": [[[28.604978647667053, 38.737306431296965], [28.606056626008012, 38.737306431296965], [28.606056626008012, 38.73784542046744], [28.605517636837533, 38.73784542046744], [28.605517636837533, 38.7383844096379], [28.604978647667053, 38.7383844096379], [28.604978647667053, 38.738923398808375], [28.605517636837533, 38.738923398808375], [28.605517636837533, 38.73946238797885], [28.606056626008012, 38.73946238797885], [28.606056626008012, 38.74000137714932], [28.605517636837533, 38.74000137714932], [28.605517636837533, 38.73946238797885], [28.604978647667053, 38.73946238797885], [28.604978647667053, 38.74000137714932], [28.603900669326123, 38.74000137714932], [28.603900669326123, 38.7383844096379], [28.604978647667053, 38.7383844096379], [28.604978647667053, 38.737306431296965]]]}, "id": "+387031+83976", "properties": {"area_ha": 3.081922368412942, "count": 11, "label": 1, "mean_dnbr": 0.39274539781581885}}, {"type": "Feature", "geometry": {"geodesic": false, "type": "Polygon", "coordinates": [[[28.612524496053652, 37.90133422789533], [28.61306348522413, 37.90133422789533], [28.61306348522413, 37.901873217065805], [28.612524496053652, 37.901873217065805], [28.612524496053652, 37.90241220623628], [28.61306348522413, 37.90241220623628], [28.61306348522413, 37.90295119540675], [28.61036853937179, 37.90295119540675], [28.61036853937179, 37.90241220623628], [28.60982955020131, 37.90241220623628], [28.60982955020131, 37.901873217065805], [28.612524496053652, 37.901873217065805], [28.612524496053652, 37.90133422789533]]]}, "id": "+387044+85527", "properties": {"area_ha": 3.1176917335832326, "count": 11, "label": 1, "mean_dnbr": 0.37525989870755283}}, {"type": "Feature", "geometry": {"geodesic": false, "type": "Polygon", "coordinates": [[[28.61899236609932, 37.89863928204298], [28.62060933361073, 37.89863928204298], [28.62060933361073, 37.89917827121345], [28.62114832278121, 37.89917827121345], [28.62114832278121, 37.89971726038392], [28.62007034444028, 37.89971726038392], [28.62007034444028, 37.901873217065805], [28.62060933361073, 37.901873217065805], [28.62060933361073, 37.90133422789533], [28.62114832278121, 37.90133422789533], [28.62114832278121, 37.901873217065805], [28.62060933361073, 37.901873217065805], [28.62060933361073, 37.90241220623628], [28.62007034444028, 37.90241220623628], [28.62007034444028, 37.901873217065805], [28.61791438775839, 37.901873217065805], [28.61791438775839, 37.90133422789533], [28.61737539858791, 37.90133422789533], [28.61737539858791, 37.90025624955439], [28.61845337692884, 37.90025624955439], [28.61845337692884, 37.89971726038392], [28.61899236609932, 37.89971726038392], [28.61899236609932, 37.89863928204298]]]}, "id": "+387058+85532", "properties": {"area_ha": 7.369279112682074, "count": 26, "label": 1, "mean_dnbr": 0.3784854181037908}}, {"type": "Feature", "geometry": {"geodesic": false, "type": "Polygon", "coordinates": [[[28.62546023614499, 37.91103603296383], [28.62653821448592, 37.91103603296383], [28.62653821448592, 37.91319198964571], [28.625999225315468, 37.91319198964571], [28.625999225315468, 37.91373097881618], [28.62546023614499, 37.91373097881618], [28.62546023614499, 37.91265300047524], [28.62384326863358, 37.91265300047524], [28.62384326863358, 37.9115750221343], [28.62546023614499, 37.9115750221343], [28.62546023614499, 37.91103603296383]]]}, "id": "+387069+85509", "properties": {"area_ha": 4.2508272133983676, "count": 15, "label": 1, "mean_dnbr": 0.2533747370495843}}, {"type": "Feature", "geometry": {"geodesic": false, "type": "Polygon", "coordinates": [[[28.630311138679218, 37.91103603296383], [28.631389117020177, 37.91103603296383], [28.631389117020177, 37.91211401130477], [28.631928106190657, 37.91211401130477], [28.631928106190657, 37.9115750221343], [28.633545073702066, 37.9115750221343], [28.633545073702066, 37.91211401130477], [28.634084062872546, 37.91211401130477], [28.634084062872546, 37.91265300047524], [28.635162041213476, 37.91265300047524], [28.635162041213476, 37.91373097881618], [28.634623052042997, 37.91373097881618], [28.634623052042997, 37.91319198964571], [28.633545073702066, 37.91319198964571], [28.633545073702066, 37.91265300047524], [28.631928106190657, 37.91265300047524], [28.631928106190657, 37.91319198964571], [28.630850127849698, 37.91319198964571], [28.630850127849698, 37.91373097881618], [28.630311138679218, 37.91373097881618], [28.630311138679218, 37.91319198964571], [28.62869417116781, 37.91319198964571], [28.62869417116781, 37.91265300047524], [28.628155181997357, 37.91265300047524], [28.628155181997357, 37.91211401130477], [28.629233160338288, 37.91211401130477], [28.629233160338288, 37.9115750221343], [28.629772149508767, 37.9115750221343], [28.629772149508767, 37.91211401130477], [28.630850127849698, 37.91211401130477], [28.630850127849698, 37.9115750221343], [28.630311138679218, 37.9115750221343], [28.630311138679218, 37.91103603296383]]]}, "id": "+387078+85509", "properties": {"area_ha": 8.2182401123105, "count": 29, "label": 1, "mean_dnbr": 0.24545264973558664}}, {"type": "Feature", "geometry": {"geodesic": false, "type": "Polygon", "coordinates": [[[28.642168900429596, 37.9115750221343], [28.642707889600075, 37.9115750221343], [28.642707889600075, 37.914269967986655], [28.641090922088665, 37.914269967986655], [28.641090922088665, 37.91265300047524], [28.640551932918186, 37.91265300047524], [28.640551932918186, 37.91211401130477], [28.641090922088665, 37.91211401130477], [28.641090922088665, 37.9115750221343], [28.641629911259145, 37.9115750221343], [28.641629911259145, 37.91211401130477], [28.642168900429596, 37.91211401130477], [28.642168900429596, 37.9115750221343]], [[28.641629911259145, 37.91211401130477], [28.641629911259145, 37.91265300047524], [28.641090922088665, 37.91265300047524], [28.641090922088665, 37.91211401130477], [28.641629911259145, 37.91211401130477]]]}, "id": "+387099+85508", "properties": {"area_ha": 3.9673990108776036, "count": 14, "label": 1, "mean_dnbr": 0.3428671313964274}}, {"type": "Feature", "geometry": {"geodesic": false, "type": "Polygon", "coordinates": [[[28.643785867941034, 37.90079523872486], [28.644863846281964, 37.90079523872486], [28.644863846281964, 37.90133422789533], [28.645402835452444, 37.90133422789533], [28.645402835452444, 37.901873217065805], [28.647019802963854, 37.901873217065805], [28.647019802963854, 37.90241220623628], [28.646480813793374, 37.90241220623628], [28.646480813793374, 37.90295119540675], [28.645941824622923, 37.90295119540675], [28.645941824622923, 37.904029173747695], [28.643246878770555, 37.904029173747695], [28.643246878770555, 37.90241220623628], [28.643785867941034, 37.90241220623628], [28.643785867941034, 37.90079523872486]]]}, "id": "+387103+85528", "properties": {"area_ha": 7.652496327446714, "count": 27, "label": 1, "mean_dnbr": 0.42629187327374163}}, {"type": "Feature", "geometry": {"geodesic": false, "type": "Polygon", "coordinates": [[[28.650253737986674, 37.88085263941741], [28.650792727157153, 37.88085263941741], [28.650792727157153, 37.881391628587885], [28.651331716327633, 37.881391628587885], [28.651331716327633, 37.883008596099295], [28.650792727157153, 37.883008596099295], [28.650792727157153, 37.88354758526977], [28.650253737986674, 37.88354758526977], [28.650253737986674, 37.88408657444024], [28.649714748816223, 37.88408657444024], [28.649714748816223, 37.88462556361071], [28.648097781304784, 37.88462556361071], [28.648097781304784, 37.885164552781184], [28.647019802963854, 37.885164552781184], [28.647019802963854, 37.88462556361071], [28.645941824622923, 37.88462556361071], [28.645941824622923, 37.88354758526977], [28.646480813793374, 37.88354758526977], [28.646480813793374, 37.88246960692882], [28.647558792134333, 37.88246960692882], [28.647558792134333, 37.88193061775836], [28.648636770475264, 37.88193061775836], [28.648636770475264, 37.881391628587885], [28.650253737986674, 37.881391628587885], [28.650253737986674, 37.88085263941741]]]}, "id": "+387114+85565", "properties": {"area_ha": 13.324524942285931, "count": 47, "label": 1, "mean_dnbr": 0.4170793747088813}}, {"type": "Feature", "geometry": {"geodesic": false, "type": "Polygon", "coordinates": [[[28.652409694668563, 37.904029173747695], [28.652948683839043, 37.904029173747695], [28.652948683839043, 37.90456816291817], [28.654565651350453, 37.90456816291817], [28.654565651350453, 37.90564614125911], [28.654026662179973, 37.90564614125911], [28.654026662179973, 37.906185130429584], [28.653487673009522, 37.906185130429584], [28.653487673009522, 37.90672411960005], [28.652948683839043, 37.90672411960005], [28.652948683839043, 37.907802097940994], [28.652409694668563, 37.907802097940994], [28.652409694668563, 37.90726310877052], [28.651870705498112, 37.90726310877052], [28.651870705498112, 37.90672411960005], [28.650253737986674, 37.90672411960005], [28.650253737986674, 37.90564614125911], [28.650792727157153, 37.90564614125911], [28.650792727157153, 37.90510715208864], [28.651331716327633, 37.90510715208864], [28.651331716327633, 37.90456816291817], [28.652409694668563, 37.90456816291817], [28.652409694668563, 37.904029173747695]]]}, "id": "+387118+85522", "properties": {"area_ha": 8.502400476853538, "count": 30, "label": 1, "mean_dnbr": 0.464992826035773}}, {"type": "Feature", "geometry": {"geodesic": false, "type": "Polygon", "coordinates": [[[28.652948683839043, 37.91103603296383], [28.654026662179973, 37.91103603296383], [28.654026662179973, 37.9115750221343], [28.654565651350453, 37.9115750221343], [28.654565651350453, 37.91211401130477], [28.655104640520932, 37.91211401130477], [28.655104640520932, 37.91265300047524], [28.65564362969141, 37.91265300047524], [28.65564362969141, 37.91319198964571], [28.656182618861862, 37.91319198964571], [28.656182618861862, 37.91373097881618], [28.656721608032342, 37.91373097881618], [28.656721608032342, 37.914269967986655], [28.65726059720282, 37.914269967986655], [28.65726059720282, 37.91480895715713], [28.658338575543752, 37.91480895715713], [28.658338575543752, 37.9153479463276], [28.65887756471423, 37.9153479463276], [28.65887756471423, 37.91588693549807], [28.658338575543752, 37.91588693549807], [28.658338575543752, 37.916425924668545], [28.65726059720282, 37.916425924668545], [28.65726059720282, 37.91588693549807], [28.656182618861862, 37.91588693549807], [28.656182618861862, 37.9153479463276], [28.65564362969141, 37.9153479463276], [28.65564362969141, 37.91480895715713], [28.655104640520932, 37.91480895715713], [28.655104640520932, 37.914269967986655], [28.653487673009522, 37.914269967986655], [28.653487673009522, 37.91373097881618], [28.652948683839043, 37.91373097881618], [28.652948683839043, 37.91319198964571], [28.652409694668563, 37.91319198964571], [28.652409694668563, 37.91265300047524], [28.651331716327633, 37.91265300047524], [28.651331716327633, 37.91211401130477], [28.652409694668563, 37.91211401130477], [28.652409694668563, 37.9115750221343], [28.652948683839043, 37.9115750221343], [28.652948683839043, 37.91103603296383]], [[28.65564362969141, 37.91319198964571], [28.65564362969141, 37.91373097881618], [28.655104640520932, 37.91373097881618], [28.655104640520932, 37.91319198964571], [28.65564362969141, 37.91319198964571]]]}, "id": "+387120+85509", "properties": {"area_ha": 13.035612381999096, "count": 46, "label": 1, "mean_dnbr": 0.3170219524907065}}, {"type": "Feature", "geometry": {"geodesic": false, "type": "Polygon", "coordinates": [[[28.655104640520932, 37.916425924668545], [28.65564362969141, 37.916425924668545], [28.65564362969141, 37.91858188135043], [28.653487673009522, 37.91858188135043], [28.653487673009522, 37.91750390300949], [28.654565651350453, 37.91750390300949], [28.654565651350453, 37.91696491383902], [28.655104640520932, 37.91696491383902], [28.655104640520932, 37.916425924668545]]]}, "id": "+387123+85499", "properties": {"area_ha": 3.1170435652932538, "count": 11, "label": 1, "mean_dnbr": 0.2865034533605603}}, {"type": "Feature", "geometry": {"geodesic": false, "type": "Polygon", "coordinates": [[[28.65941655388471, 37.91965985969137], [28.66049453222564, 37.91965985969137], [28.66049453222564, 37.920198848861844], [28.6615725105666, 37.920198848861844], [28.6615725105666, 37.920737838032316], [28.66265048890753, 37.920737838032316], [28.66265048890753, 37.920198848861844], [28.66372846724849, 37.920198848861844], [28.66372846724849, 37.920737838032316], [28.66480644558942, 37.920737838032316], [28.66480644558942, 37.920198848861844], [28.6653454347599, 37.920198848861844], [28.6653454347599, 37.920737838032316], [28.66696240227131, 37.920737838032316], [28.66696240227131, 37.920198848861844], [28.66804038061224, 37.920198848861844], [28.66804038061224, 37.920737838032316], [28.6691183589532, 37.920737838032316], [28.6691183589532, 37.920198848861844], [28.67073532646461, 37.920198848861844], [28.67073532646461, 37.920737838032316], [28.671274315635088, 37.920737838032316], [28.671274315635088, 37.92127682720279], [28.67073532646461, 37.92127682720279], [28.67073532646461, 37.92235480554373], [28.67181330480554, 37.92235480554373], [28.67181330480554, 37.92343278388468], [28.672891283146498, 37.92343278388468], [28.672891283146498, 37.92397177305515], [28.67181330480554, 37.92397177305515], [28.67181330480554, 37.92343278388468], [28.671274315635088, 37.92343278388468], [28.671274315635088, 37.922893794714206], [28.67073532646461, 37.922893794714206], [28.67073532646461, 37.92235480554373], [28.66857936978272, 37.92235480554373], [28.66857936978272, 37.92181581637326], [28.66750139144179, 37.92181581637326], [28.66750139144179, 37.92127682720279], [28.66642341310083, 37.92127682720279], [28.66642341310083, 37.92181581637326], [28.66588442393035, 37.92181581637326], [28.66588442393035, 37.92235480554373], [28.66750139144179, 37.92235480554373], [28.66750139144179, 37.92343278388468], [28.66696240227131, 37.92343278388468], [28.66696240227131, 37.922893794714206], [28.6653454347599, 37.922893794714206], [28.6653454347599, 37.92235480554373], [28.66372846724849, 37.92235480554373], [28.66372846724849, 37.92181581637326], [28.66211149973705, 37.92181581637326], [28.66211149973705, 37.92127682720279], [28.6615725105666, 37.92127682720279], [28.6615725105666, 37.920737838032316], [28.65941655388471, 37.920737838032316], [28.65941655388471, 37.91965985969137]]]}, "id": "+387132+85493", "properties": {"area_ha": 18.13460017067122, "count": 64, "label": 1, "mean_dnbr": 0.398759641308225}}, {"type": "Feature", "geometry": {"geodesic": false, "type": "Polygon", "coordinates": [[[28.67073532646461, 38.18268657488157], [28.671274315635088, 38.18268657488157], [28.671274315635088, 38.183225564052044], [28.67181330480554, 38.183225564052044], [28.67181330480554, 38.18376455322251], [28.67073532646461, 38.18376455322251], [28.67073532646461, 38.18430354239298], [28.671274315635088, 38.18430354239298], [28.671274315635088, 38.184842531563454], [28.67073532646461, 38.184842531563454], [28.67073532646461, 38.18430354239298], [28.6691183589532, 38.18430354239298], [28.6691183589532, 38.18645949907487], [28.66804038061224, 38.18645949907487], [28.66804038061224, 38.18538152073393], [28.66750139144179, 38.18538152073393], [28.66750139144179, 38.184842531563454], [28.66804038061224, 38.184842531563454], [28.66804038061224, 38.18430354239298], [28.66857936978272, 38.18430354239298], [28.66857936978272, 38.18376455322251], [28.67073532646461, 38.18376455322251], [28.67073532646461, 38.18268657488157]]]}, "id": "+387152+85005", "properties": {"area_ha": 4.7997075075675095, "count": 17, "label": 1, "mean_dnbr": 0.17478807811334585}}, {"type": "Feature", "geometry": {"geodesic": false, "type": "Polygon", "coordinates": [[[28.677742185680728, 38.17352375898355], [28.679359153192166, 38.17352375898355], [28.679359153192166, 38.174601737324494], [28.677203196510277, 38.174601737324494], [28.677203196510277, 38.175140726494966], [28.676664207339797, 38.175140726494966], [28.676664207339797, 38.17567971566544], [28.678281174851207, 38.17567971566544], [28.678281174851207, 38.17621870483591], [28.677742185680728, 38.17621870483591], [28.677742185680728, 38.17675769400638], [28.676664207339797, 38.17675769400638], [28.676664207339797, 38.17783567234732], [28.676125218169318, 38.17783567234732], [28.676125218169318, 38.177296683176856], [28.675047239828388, 38.177296683176856], [28.675047239828388, 38.17783567234732], [28.675586228998867, 38.17783567234732], [28.675586228998867, 38.178913650688266], [28.675047239828388, 38.178913650688266], [28.675047239828388, 38.17783567234732], [28.67396926148743, 38.17783567234732], [28.67396926148743, 38.177296683176856], [28.674508250657908, 38.177296683176856], [28.674508250657908, 38.17675769400638], [28.676664207339797, 38.17675769400638], [28.676664207339797, 38.17567971566544], [28.676125218169318, 38.17567971566544], [28.676125218169318, 38.175140726494966], [28.675586228998867, 38.175140726494966], [28.675586228998867, 38.174601737324494], [28.677203196510277, 38.174601737324494], [28.677203196510277, 38.17406274815402], [28.677742185680728, 38.17406274815402], [28.677742185680728, 38.17352375898355]]]}, "id": "+387167+85022", "properties": {"area_ha": 7.059239264562396, "count": 25, "label": 1, "mean_dnbr": 0.1789869530934341}}, {"type": "Feature", "geometry": {"geodesic": false, "type": "Polygon", "coordinates": [[[28.679898142362617, 37.92774469724845], [28.680976120703576, 37.92774469724845], [28.680976120703576, 37.92828368641892], [28.682593088214986, 37.92828368641892], [28.682593088214986, 37.928822675589394], [28.682054099044507, 37.928822675589394], [28.682054099044507, 37.92990065393034], [28.681515109874056, 37.92990065393034], [28.681515109874056, 37.92936166475987], [28.680976120703576, 37.92936166475987], [28.680976120703576, 37.92990065393034], [28.680437131533097, 37.92990065393034], [28.680437131533097, 37.92936166475987], [28.679898142362617, 37.92936166475987], [28.679898142362617, 37.92774469724845]]]}, "id": "+387170+85478", "properties": {"area_ha": 3.683216239018522, "count": 13, "label": 1, "mean_dnbr": 0.4331728439815249}}, {"type": "Feature", "geometry": {"geodesic": false, "type": "Polygon", "coordinates": [[[28.687443990749244, 37.93205661061222], [28.687443990749244, 37.93097863227128], [28.686905001578765, 37.93097863227128], [28.686905001578765, 37.930439643100804], [28.686366012408286, 37.930439643100804], [28.686366012408286, 37.93097863227128], [28.685827023237806, 37.93097863227128], [28.685827023237806, 37.93205661061222], [28.685288034067355, 37.93205661061222], [28.685288034067355, 37.93151762144175], [28.684749044896876, 37.93151762144175], [28.684749044896876, 37.93097863227128], [28.684210055726396, 37.93097863227128], [28.684210055726396, 37.92990065393034], [28.684749044896876, 37.92990065393034], [28.684749044896876, 37.930439643100804], [28.685827023237806, 37.930439643100804], [28.685827023237806, 37.92990065393034], [28.687443990749244, 37.92990065393034], [28.687443990749244, 37.93097863227128], [28.687982979919695, 37.93097863227128], [28.687982979919695, 37.93151762144175], [28.689060958260654, 37.93151762144175], [28.689060958260654, 37.93205661061222], [28.687443990749244, 37.93205661061222]]]}, "id": "+387182+85474", "properties": {"area_ha": 4.533059767963879, "count": 16, "label": 1, "mean_dnbr": 0.3278962596284692}}, {"type": "Feature", "geometry": {"geodesic": false, "type": "Polygon", "coordinates": [[[28.697145795817733, 38.671549752499416], [28.697684784988184, 38.671549752499416], [28.697684784988184, 38.67208874166988], [28.698223774158663, 38.67208874166988], [28.698223774158663, 38.672627730840354], [28.698762763329142, 38.672627730840354], [28.698762763329142, 38.673166720010826], [28.700379730840552, 38.673166720010826], [28.700379730840552, 38.6737057091813], [28.699840741670073, 38.6737057091813], [28.699840741670073, 38.67478368752224], [28.700379730840552, 38.67478368752224], [28.700379730840552, 38.675322676692716], [28.699840741670073, 38.675322676692716], [28.699840741670073, 38.67478368752224], [28.699301752499622, 38.67478368752224], [28.699301752499622, 38.675322676692716], [28.698762763329142, 38.675322676692716], [28.698762763329142, 38.67424469835177], [28.699301752499622, 38.67424469835177], [28.699301752499622, 38.6737057091813], [28.697684784988184, 38.6737057091813], [28.697684784988184, 38.673166720010826], [28.696067817476774, 38.673166720010826], [28.696067817476774, 38.672627730840354], [28.695528828306323, 38.672627730840354], [28.695528828306323, 38.67208874166988], [28.697145795817733, 38.67208874166988], [28.697145795817733, 38.671549752499416]]]}, "id": "+387201+84098", "properties": {"area_ha": 5.889071198258015, "count": 21, "label": 1, "mean_dnbr": 0.38127914903880883}}, {"type": "Feature", "geometry": {"geodesic": false, "type": "Polygon", "coordinates": [[[28.698762763329142, 38.66615986079469], [28.699301752499622, 38.66615986079469], [28.699301752499622, 38.666698849965165], [28.700379730840552, 38.666698849965165], [28.700379730840552, 38.66777682830611], [28.697145795817733, 38.66777682830611], [28.697145795817733, 38.66723783913564], [28.696606806647253, 38.66723783913564], [28.696606806647253, 38.666698849965165], [28.698762763329142, 38.666698849965165], [28.698762763329142, 38.66615986079469]]]}, "id": "+387204+84108", "properties": {"area_ha": 3.926397203403994, "count": 14, "label": 1, "mean_dnbr": 0.23148424593796055}}, {"type": "Feature", "geometry": {"geodesic": false, "type": "Polygon", "coordinates": [[[28.70684760088622, 38.21286996842799], [28.70792557922715, 38.21286996842799], [28.70792557922715, 38.21340895759846], [28.7073865900567, 38.21340895759846], [28.7073865900567, 38.2144869359394], [28.70630861171574, 38.2144869359394], [28.70630861171574, 38.21502592510987], [28.70576962254526, 38.21502592510987], [28.70576962254526, 38.21556491428034], [28.70523063337481, 38.21556491428034], [28.70523063337481, 38.213947946768926], [28.70630861171574, 38.213947946768926], [28.70630861171574, 38.21340895759846], [28.70684760088622, 38.21340895759846], [28.70684760088622, 38.21286996842799]]]}, "id": "+387220+84949", "properties": {"area_ha": 3.1044368092255814, "count": 11, "label": 1, "mean_dnbr": 0.15804616999895477}}, {"type": "Feature", "geometry": {"geodesic": false, "type": "Polygon", "coordinates": [[[28.718705362636598, 38.58585047439441], [28.720861319318487, 38.58585047439441], [28.720861319318487, 38.58692845273536], [28.71978334097753, 38.58692845273536], [28.71978334097753, 38.58746744190583], [28.71654940595471, 38.58746744190583], [28.71654940595471, 38.588006431076295], [28.71547142761375, 38.588006431076295], [28.71547142761375, 38.58746744190583], [28.71601041678423, 38.58746744190583], [28.71601041678423, 38.58692845273536], [28.71816637346612, 38.58692845273536], [28.71816637346612, 38.586389463564885], [28.718705362636598, 38.586389463564885], [28.718705362636598, 38.58585047439441]]]}, "id": "+387244+84257", "properties": {"area_ha": 5.053872094576372, "count": 18, "label": 1, "mean_dnbr": 0.16839596901303955}}, {"type": "Feature", "geometry": {"geodesic": false, "type": "Polygon", "coordinates": [[[28.728407167705086, 38.61333892208847], [28.730024135216496, 38.61333892208847], [28.730024135216496, 38.61387791125894], [28.729485146046017, 38.61387791125894], [28.729485146046017, 38.61441690042941], [28.728946156875566, 38.61441690042941], [28.728946156875566, 38.614955889599884], [28.728407167705086, 38.614955889599884], [28.728407167705086, 38.615494878770356], [28.727329189364127, 38.615494878770356], [28.727329189364127, 38.61441690042941], [28.727868178534607, 38.61441690042941], [28.727868178534607, 38.61387791125894], [28.728407167705086, 38.61387791125894], [28.728407167705086, 38.61333892208847]]]}, "id": "+387261+84206", "properties": {"area_ha": 3.0872867025762227, "count": 11, "label": 1, "mean_dnbr": 0.2668146779708169}}, {"type": "Feature", "geometry": {"geodesic": false, "type": "Polygon", "coordinates": [[[28.728946156875566, 38.129326647004866], [28.730024135216496, 38.129326647004866], [28.730024135216496, 38.12986563617534], [28.730563124386975, 38.12986563617534], [28.730563124386975, 38.13040462534581], [28.731102113557455, 38.13040462534581], [28.731102113557455, 38.131482603686756], [28.730563124386975, 38.131482603686756], [28.730563124386975, 38.13202159285723], [28.729485146046017, 38.13202159285723], [28.729485146046017, 38.131482603686756], [28.730024135216496, 38.131482603686756], [28.730024135216496, 38.13094361451628], [28.729485146046017, 38.13094361451628], [28.729485146046017, 38.12986563617534], [28.728946156875566, 38.12986563617534], [28.728946156875566, 38.129326647004866]]]}, "id": "+387261+85104", "properties": {"area_ha": 3.1079938689689706, "count": 11, "label": 1, "mean_dnbr": 0.42521692355958873}}, {"type": "Feature", "geometry": {"geodesic": false, "type": "Polygon", "coordinates": [[[28.730563124386975, 37.95092123157873], [28.731641102727906, 37.95092123157873], [28.731641102727906, 37.951460220749205], [28.731102113557455, 37.951460220749205], [28.731102113557455, 37.95253819909015], [28.730563124386975, 37.95253819909015], [28.730563124386975, 37.953616177431094], [28.730024135216496, 37.953616177431094], [28.730024135216496, 37.954155166601566], [28.728946156875566, 37.954155166601566], [28.728946156875566, 37.95253819909015], [28.730024135216496, 37.95253819909015], [28.730024135216496, 37.95199920991968], [28.730563124386975, 37.95199920991968], [28.730563124386975, 37.95092123157873]]]}, "id": "+387264+85435", "properties": {"area_ha": 3.6820221451487827, "count": 13, "label": 1, "mean_dnbr": 0.34042118897977164}}, {"type": "Feature", "geometry": {"geodesic": false, "type": "Polygon", "coordinates": [[[28.746193810330652, 38.61333892208847], [28.74834976701254, 38.61333892208847], [28.74834976701254, 38.615494878770356], [28.747810777842062, 38.615494878770356], [28.747810777842062, 38.61603386794083], [28.746193810330652, 38.61603386794083], [28.746193810330652, 38.61333892208847]]]}, "id": "+387295+84206", "properties": {"area_ha": 5.332564316427372, "count": 19, "label": 1, "mean_dnbr": 0.4119168022939166}}, {"type": "Feature", "geometry": {"geodesic": false, "type": "Polygon", "coordinates": [[[28.76344146378574, 37.94229740485119], [28.76559742046763, 37.94229740485119], [28.76559742046763, 37.942836394021654], [28.766136409638108, 37.942836394021654], [28.766136409638108, 37.94337538319213], [28.766675398808587, 37.94337538319213], [28.766675398808587, 37.945531339874016], [28.766136409638108, 37.945531339874016], [28.766136409638108, 37.944992350703544], [28.76559742046763, 37.944992350703544], [28.76559742046763, 37.945531339874016], [28.76505843129715, 37.945531339874016], [28.76505843129715, 37.94607032904449], [28.76398045295622, 37.94607032904449], [28.76398045295622, 37.945531339874016], [28.76344146378574, 37.945531339874016], [28.76344146378574, 37.94445336153307], [28.76290247461526, 37.94445336153307], [28.76290247461526, 37.9439143723626], [28.76398045295622, 37.9439143723626], [28.76398045295622, 37.942836394021654], [28.76344146378574, 37.942836394021654], [28.76344146378574, 37.94229740485119]]]}, "id": "+387327+85451", "properties": {"area_ha": 9.34775433107504, "count": 33, "label": 1, "mean_dnbr": 0.41849294161030237}}, {"type": "Feature", "geometry": {"geodesic": false, "type": "Polygon", "coordinates": [[[28.777994171388485, 37.936907513146465], [28.778533160558965, 37.936907513146465], [28.778533160558965, 37.93798549148741], [28.779072149729416, 37.93798549148741], [28.779072149729416, 37.93852448065788], [28.780689117240826, 37.93852448065788], [28.780689117240826, 37.93960245899883], [28.780150128070375, 37.93960245899883], [28.780150128070375, 37.94068043733977], [28.777455182218006, 37.94068043733977], [28.777455182218006, 37.941219426510244], [28.776377203877075, 37.941219426510244], [28.776377203877075, 37.94175841568072], [28.777455182218006, 37.94175841568072], [28.777455182218006, 37.94229740485119], [28.777994171388485, 37.94229740485119], [28.777994171388485, 37.94337538319213], [28.777455182218006, 37.94337538319213], [28.777455182218006, 37.9439143723626], [28.776916193047526, 37.9439143723626], [28.776916193047526, 37.942836394021654], [28.776377203877075, 37.942836394021654], [28.776377203877075, 37.94175841568072], [28.774221247195186, 37.94175841568072], [28.774221247195186, 37.94068043733977], [28.773682258024706, 37.94068043733977], [28.773682258024706, 37.9401414481693], [28.774760236365637, 37.9401414481693], [28.774760236365637, 37.941219426510244], [28.776377203877075, 37.941219426510244], [28.776377203877075, 37.9401414481693], [28.775838214706596, 37.9401414481693], [28.775838214706596, 37.93960245899883], [28.775299225536116, 37.93960245899883], [28.775299225536116, 37.939063469828355], [28.775838214706596, 37.939063469828355], [28.775838214706596, 37.93852448065788], [28.776377203877075, 37.93852448065788], [28.776377203877075, 37.93798549148741], [28.776916193047526, 37.93798549148741], [28.776916193047526, 37.93744650231694], [28.777994171388485, 37.93744650231694], [28.777994171388485, 37.936907513146465]]]}, "id": "+387351+85461", "properties": {"area_ha": 16.99690886048499, "count": 60, "label": 1, "mean_dnbr": 0.4453809249030838}}, {"type": "Feature", "geometry": {"geodesic": false, "type": "Polygon", "coordinates": [[[28.782845073922715, 37.93367357812364], [28.783384063093195, 37.93367357812364], [28.783384063093195, 37.935290545635056], [28.783923052263674, 37.935290545635056], [28.783923052263674, 37.93582953480553], [28.784462041434153, 37.93582953480553], [28.784462041434153, 37.93744650231694], [28.783923052263674, 37.93744650231694], [28.783923052263674, 37.93582953480553], [28.782306084752264, 37.93582953480553], [28.782306084752264, 37.935290545635056], [28.781767095581785, 37.935290545635056], [28.781767095581785, 37.93421256729411], [28.782845073922715, 37.93421256729411], [28.782845073922715, 37.93367357812364]]]}, "id": "+387360+85467", "properties": {"area_ha": 3.6828952931777326, "count": 13, "label": 1, "mean_dnbr": 0.257365973996317}}, {"type": "Feature", "geometry": {"geodesic": false, "type": "Polygon", "coordinates": [[[28.785540019775084, 37.93582953480553], [28.788773954797904, 37.93582953480553], [28.788773954797904, 37.936907513146465], [28.785540019775084, 37.936907513146465], [28.785540019775084, 37.93582953480553]]]}, "id": "+387370+85463", "properties": {"area_ha": 3.3995449688983177, "count": 12, "label": 1, "mean_dnbr": 0.347590275468068}}, {"type": "Feature", "geometry": {"geodesic": false, "type": "Polygon", "coordinates": [[[28.829198142583294, 37.93798549148741], [28.829737131753774, 37.93798549148741], [28.829737131753774, 37.939063469828355], [28.830815110094704, 37.939063469828355], [28.830815110094704, 37.9401414481693], [28.832432077606114, 37.9401414481693], [28.832432077606114, 37.9439143723626], [28.831893088435663, 37.9439143723626], [28.831893088435663, 37.94337538319213], [28.831354099265184, 37.94337538319213], [28.831354099265184, 37.942836394021654], [28.830815110094704, 37.942836394021654], [28.830815110094704, 37.94068043733977], [28.830276120924225, 37.94068043733977], [28.830276120924225, 37.9401414481693], [28.829198142583294, 37.9401414481693], [28.829198142583294, 37.93798549148741]]]}, "id": "+387446+85459", "properties": {"area_ha": 7.6484905818354205, "count": 27, "label": 1, "mean_dnbr": 0.3493978160295268}}, {"type": "Feature", "geometry": {"geodesic": false, "type": "Polygon", "coordinates": [[[28.85237467691357, 38.38642448131988], [28.85345265525453, 38.38642448131988], [28.85345265525453, 38.38696347049035], [28.85453063359546, 38.38696347049035], [28.85453063359546, 38.38750245966082], [28.85291366608405, 38.38750245966082], [28.85291366608405, 38.388041448831295], [28.85399164442498, 38.388041448831295], [28.85399164442498, 38.38858043800176], [28.855608611936418, 38.38858043800176], [28.855608611936418, 38.38911942717223], [28.85399164442498, 38.38911942717223], [28.85399164442498, 38.38858043800176], [28.85291366608405, 38.38858043800176], [28.85291366608405, 38.388041448831295], [28.85237467691357, 38.388041448831295], [28.85237467691357, 38.38642448131988]]]}, "id": "+387490+84627", "properties": {"area_ha": 3.378563473173696, "count": 12, "label": 1, "mean_dnbr": 0.1847695749140578}}, {"type": "Feature", "geometry": {"geodesic": false, "type": "Polygon", "coordinates": [[[28.85614760110687, 38.067342892400625], [28.857764568618308, 38.067342892400625], [28.857764568618308, 38.06949884908251], [28.85614760110687, 38.06949884908251], [28.85614760110687, 38.07003783825298], [28.857225579447828, 38.07003783825298], [28.857225579447828, 38.07057682742345], [28.85614760110687, 38.07057682742345], [28.85614760110687, 38.07003783825298], [28.855608611936418, 38.07003783825298], [28.855608611936418, 38.06949884908251], [28.85506962276594, 38.06949884908251], [28.85506962276594, 38.07003783825298], [28.85453063359546, 38.07003783825298], [28.85453063359546, 38.07057682742345], [28.85345265525453, 38.07057682742345], [28.85345265525453, 38.07003783825298], [28.85399164442498, 38.07003783825298], [28.85399164442498, 38.06949884908251], [28.85506962276594, 38.06949884908251], [28.85506962276594, 38.0678818815711], [28.85614760110687, 38.0678818815711], [28.85614760110687, 38.067342892400625]], [[28.85614760110687, 38.06895985991204], [28.85614760110687, 38.06949884908251], [28.855608611936418, 38.06949884908251], [28.855608611936418, 38.06895985991204], [28.85614760110687, 38.06895985991204]]]}, "id": "+387498+85219", "properties": {"area_ha": 6.786808430806905, "count": 24, "label": 1, "mean_dnbr": 0.1847496668071206}}, {"type": "Feature", "geometry": {"geodesic": false, "type": "Polygon", "coordinates": [[[28.872856265391505, 38.319589824181385], [28.874473232902915, 38.319589824181385], [28.874473232902915, 38.32066780252233], [28.876090200414325, 38.32066780252233], [28.876090200414325, 38.3212067916928], [28.873395254561984, 38.3212067916928], [28.873395254561984, 38.32066780252233], [28.872856265391505, 38.32066780252233], [28.872856265391505, 38.319589824181385]]]}, "id": "+387529+84751", "properties": {"area_ha": 3.099901895659221, "count": 11, "label": 1, "mean_dnbr": 0.23248408177846494}}, {"type": "Feature", "geometry": {"geodesic": false, "type": "Polygon", "coordinates": [[[28.873934243732435, 38.0926753834128], [28.874473232902915, 38.0926753834128], [28.874473232902915, 38.09321437258326], [28.875012222073394, 38.09321437258326], [28.875012222073394, 38.093753361753734], [28.875551211243874, 38.093753361753734], [28.875551211243874, 38.09483134009468], [28.873934243732435, 38.09483134009468], [28.873934243732435, 38.094292350924206], [28.873395254561984, 38.094292350924206], [28.873395254561984, 38.093753361753734], [28.872856265391505, 38.093753361753734], [28.872856265391505, 38.09321437258326], [28.873934243732435, 38.09321437258326], [28.873934243732435, 38.0926753834128]]]}, "id": "+387529+85172", "properties": {"area_ha": 3.3922487563524766, "count": 12, "label": 1, "mean_dnbr": 0.20312502701162813}}, {"type": "Feature", "geometry": {"geodesic": false, "type": "Polygon", "coordinates": [[[28.89657178889226, 38.09590931843562], [28.89872774557415, 38.09590931843562], [28.89872774557415, 38.096448307606096], [28.89926673474463, 38.096448307606096], [28.89926673474463, 38.09698729677657], [28.89818875640367, 38.09698729677657], [28.89818875640367, 38.09806527511751], [28.89764976723319, 38.09806527511751], [28.89764976723319, 38.098604264287985], [28.89657178889226, 38.098604264287985], [28.89657178889226, 38.09590931843562]]]}, "id": "+387574+85166", "properties": {"area_ha": 4.805468832745544, "count": 17, "label": 1, "mean_dnbr": 0.20129918633502902}}, {"type": "Feature", "geometry": {"geodesic": false, "type": "Polygon", "coordinates": [[[28.89872774557415, 37.91965985969137], [28.90034471308556, 37.91965985969137], [28.90034471308556, 37.920198848861844], [28.89980572391508, 37.920198848861844], [28.89980572391508, 37.92127682720279], [28.89926673474463, 37.92127682720279], [28.89926673474463, 37.92181581637326], [28.89711077806274, 37.92181581637326], [28.89711077806274, 37.92127682720279], [28.89764976723319, 37.92127682720279], [28.89764976723319, 37.920737838032316], [28.89872774557415, 37.920737838032316], [28.89872774557415, 37.91965985969137]]]}, "id": "+387577+85493", "properties": {"area_ha": 3.6836214507654352, "count": 13, "label": 1, "mean_dnbr": 0.2575989146707642}}, {"type": "Feature", "geometry": {"geodesic": false, "type": "Polygon", "coordinates": [[[28.912202474835937, 38.73029957208083], [28.912741464006416, 38.73029957208083], [28.912741464006416, 38.7308385612513], [28.913819442347346, 38.7308385612513], [28.913819442347346, 38.73191653959225], [28.913280453176867, 38.73191653959225], [28.913280453176867, 38.732994517933186], [28.912741464006416, 38.732994517933186], [28.912741464006416, 38.73353350710366], [28.911663485665457, 38.73353350710366], [28.911663485665457, 38.73407249627413], [28.913280453176867, 38.73407249627413], [28.913280453176867, 38.7346114854446], [28.913819442347346, 38.7346114854446], [28.913819442347346, 38.735150474615075], [28.914358431517826, 38.735150474615075], [28.914358431517826, 38.73568946378555], [28.914897420688305, 38.73568946378555], [28.914897420688305, 38.73676744212649], [28.913280453176867, 38.73676744212649], [28.913280453176867, 38.73622845295602], [28.912202474835937, 38.73622845295602], [28.912202474835937, 38.73568946378555], [28.911663485665457, 38.73568946378555], [28.911663485665457, 38.73622845295602], [28.910585507324527, 38.73622845295602], [28.910585507324527, 38.73568946378555], [28.910046518154047, 38.73568946378555], [28.910046518154047, 38.735150474615075], [28.909507528983568, 38.735150474615075], [28.909507528983568, 38.7346114854446], [28.910585507324527, 38.7346114854446], [28.910585507324527, 38.73353350710366], [28.910046518154047, 38.73353350710366], [28.910046518154047, 38.73191653959225], [28.911124496495006, 38.73191653959225], [28.911124496495006, 38.731377550421776], [28.911663485665457, 38.731377550421776], [28.911663485665457, 38.7308385612513], [28.912202474835937, 38.7308385612513], [28.912202474835937, 38.73029957208083]]]}, "id": "+387600+83989", "properties": {"area_ha": 16.811662238969443, "count": 60, "label": 1, "mean_dnbr": 0.35616629595317867}}, {"type": "Feature", "geometry": {"geodesic": false, "type": "Polygon", "coordinates": [[[28.911663485665457, 37.94714830738543], [28.912741464006416, 37.94714830738543], [28.912741464006416, 37.95307718826062], [28.911124496495006, 37.95307718826062], [28.911124496495006, 37.953616177431094], [28.910585507324527, 37.953616177431094], [28.910585507324527, 37.95253819909015], [28.911124496495006, 37.95253819909015], [28.911124496495006, 37.94984325323779], [28.910585507324527, 37.94984325323779], [28.910585507324527, 37.949304264067315], [28.908968539813117, 37.949304264067315], [28.908968539813117, 37.94876527489684], [28.908429550642637, 37.94876527489684], [28.908429550642637, 37.94822628572638], [28.907890561472158, 37.94822628572638], [28.907890561472158, 37.947687296555905], [28.908968539813117, 37.947687296555905], [28.908968539813117, 37.94876527489684], [28.909507528983568, 37.94876527489684], [28.909507528983568, 37.94822628572638], [28.910585507324527, 37.94822628572638], [28.910585507324527, 37.949304264067315], [28.911124496495006, 37.949304264067315], [28.911124496495006, 37.947687296555905], [28.911663485665457, 37.947687296555905], [28.911663485665457, 37.94714830738543]]]}, "id": "+387600+85442", "properties": {"area_ha": 12.179444475959276, "count": 43, "label": 1, "mean_dnbr": 0.35803662017869764}}, {"type": "Feature", "geometry": {"geodesic": false, "type": "Polygon", "coordinates": [[[28.913819442347346, 37.94714830738543], [28.914358431517826, 37.94714830738543], [28.914358431517826, 37.949304264067315], [28.914897420688305, 37.949304264067315], [28.914897420688305, 37.951460220749205], [28.913280453176867, 37.951460220749205], [28.913280453176867, 37.949304264067315], [28.913819442347346, 37.949304264067315], [28.913819442347346, 37.94714830738543]]]}, "id": "+387603+85442", "properties": {"area_ha": 4.531898138433508, "count": 16, "label": 1, "mean_dnbr": 0.2931498267420477}}, {"type": "Feature", "geometry": {"geodesic": false, "type": "Polygon", "coordinates": [[[28.936995976677622, 37.95038224240826], [28.93807395501858, 37.95038224240826], [28.93807395501858, 37.95253819909015], [28.93861294418906, 37.95253819909015], [28.93861294418906, 37.95307718826062], [28.94022991170047, 37.95307718826062], [28.94022991170047, 37.953616177431094], [28.94076890087095, 37.953616177431094], [28.94076890087095, 37.954155166601566], [28.94022991170047, 37.954155166601566], [28.94022991170047, 37.955233144942504], [28.94076890087095, 37.955233144942504], [28.94076890087095, 37.95685011245392], [28.93915193335951, 37.95685011245392], [28.93915193335951, 37.95631112328345], [28.93861294418906, 37.95631112328345], [28.93861294418906, 37.955772134112976], [28.93915193335951, 37.955772134112976], [28.93915193335951, 37.95469415577203], [28.93861294418906, 37.95469415577203], [28.93861294418906, 37.954155166601566], [28.9375349658481, 37.954155166601566], [28.9375349658481, 37.953616177431094], [28.936995976677622, 37.953616177431094], [28.936995976677622, 37.95038224240826]]]}, "id": "+387647+85436", "properties": {"area_ha": 10.762661763004036, "count": 38, "label": 1, "mean_dnbr": 0.41427926770434914}}, {"type": "Feature", "geometry": {"geodesic": false, "type": "Polygon", "coordinates": [[[28.93645698750717, 37.944992350703544], [28.93861294418906, 37.944992350703544], [28.93861294418906, 37.94660931821496], [28.93645698750717, 37.94660931821496], [28.93645698750717, 37.94607032904449], [28.935379009166212, 37.94607032904449], [28.935379009166212, 37.945531339874016], [28.93645698750717, 37.945531339874016], [28.93645698750717, 37.944992350703544]]]}, "id": "+387648+85446", "properties": {"area_ha": 3.9656267728136525, "count": 14, "label": 1, "mean_dnbr": 0.4041749008084538}}, {"type": "Feature", "geometry": {"geodesic": false, "type": "Polygon", "coordinates": [[[28.93969092252999, 37.92828368641892], [28.94184687921188, 37.92828368641892], [28.94184687921188, 37.928822675589394], [28.94022991170047, 37.928822675589394], [28.94022991170047, 37.92936166475987], [28.94184687921188, 37.92936166475987], [28.94184687921188, 37.930439643100804], [28.93969092252999, 37.930439643100804], [28.93969092252999, 37.93151762144175], [28.93915193335951, 37.93151762144175], [28.93915193335951, 37.93205661061222], [28.9375349658481, 37.93205661061222], [28.9375349658481, 37.93097863227128], [28.93915193335951, 37.93097863227128], [28.93915193335951, 37.930439643100804], [28.93969092252999, 37.930439643100804], [28.93969092252999, 37.92828368641892]]]}, "id": "+387654+85477", "properties": {"area_ha": 5.949705343035187, "count": 21, "label": 1, "mean_dnbr": 0.3355981429429972}}, {"type": "Feature", "geometry": {"geodesic": false, "type": "Polygon", "coordinates": [[[28.94292485755281, 38.72544866954659], [28.94346384672329, 38.72544866954659], [28.94346384672329, 38.726526647887525], [28.94238586838236, 38.726526647887525], [28.94238586838236, 38.727065637058], [28.94292485755281, 38.727065637058], [28.94292485755281, 38.72760462622847], [28.94238586838236, 38.72760462622847], [28.94238586838236, 38.727065637058], [28.94184687921188, 38.727065637058], [28.94184687921188, 38.72760462622847], [28.94022991170047, 38.72760462622847], [28.94022991170047, 38.72814361539894], [28.93969092252999, 38.72814361539894], [28.93969092252999, 38.72760462622847], [28.93861294418906, 38.72760462622847], [28.93861294418906, 38.72814361539894], [28.9375349658481, 38.72814361539894], [28.9375349658481, 38.72760462622847], [28.93861294418906, 38.72760462622847], [28.93861294418906, 38.726526647887525], [28.93807395501858, 38.726526647887525], [28.93807395501858, 38.72598765871706], [28.9413078900414, 38.72598765871706], [28.9413078900414, 38.726526647887525], [28.94184687921188, 38.726526647887525], [28.94184687921188, 38.72598765871706], [28.94292485755281, 38.72598765871706], [28.94292485755281, 38.72544866954659]]]}, "id": "+387657+83998", "properties": {"area_ha": 7.565973189505195, "count": 27, "label": 1, "mean_dnbr": 0.20244108883578607}}, {"type": "Feature", "geometry": {"geodesic": false, "type": "Polygon", "coordinates": [[[28.94777576008707, 37.964934950011], [28.94831474925755, 37.964934950011], [28.94831474925755, 37.96547393918147], [28.94939272759848, 37.96547393918147], [28.94939272759848, 37.966012928351944], [28.950470705939438, 37.966012928351944], [28.950470705939438, 37.96655191752241], [28.95100969510989, 37.96655191752241], [28.95100969510989, 37.966012928351944], [28.951548684280368, 37.966012928351944], [28.951548684280368, 37.96655191752241], [28.952626662621327, 37.96655191752241], [28.952626662621327, 37.967629895863354], [28.950470705939438, 37.967629895863354], [28.950470705939438, 37.968168885033826], [28.94939272759848, 37.968168885033826], [28.94939272759848, 37.967629895863354], [28.94831474925755, 37.967629895863354], [28.94831474925755, 37.96709090669288], [28.94777576008707, 37.96709090669288], [28.94777576008707, 37.96655191752241], [28.94723677091659, 37.96655191752241], [28.94723677091659, 37.966012928351944], [28.94777576008707, 37.966012928351944], [28.94777576008707, 37.964934950011]]]}, "id": "+387666+85409", "properties": {"area_ha": 8.495354221156022, "count": 30, "label": 1, "mean_dnbr": 0.5337778473654914}}, {"type": "Feature", "geometry": {"geodesic": false, "type": "Polygon", "coordinates": [[[28.948853738428, 37.98326058180704], [28.951548684280368, 37.98326058180704], [28.951548684280368, 37.98433856014798], [28.94939272759848, 37.98433856014798], [28.94939272759848, 37.98487754931845], [28.94831474925755, 37.98487754931845], [28.94831474925755, 37.98379957097751], [28.948853738428, 37.98379957097751], [28.948853738428, 37.98326058180704]]]}, "id": "+387672+85375", "properties": {"area_ha": 3.6804495263447157, "count": 13, "label": 1, "mean_dnbr": 0.5412077533584432}}, {"type": "Feature", "geometry": {"geodesic": false, "type": "Polygon", "coordinates": [[[28.956399586814626, 37.970324841715716], [28.957477565155557, 37.970324841715716], [28.957477565155557, 37.97194180922713], [28.956938575985077, 37.97194180922713], [28.956938575985077, 37.972480798397605], [28.955321608473668, 37.972480798397605], [28.955321608473668, 37.97194180922713], [28.954782619303217, 37.97194180922713], [28.954782619303217, 37.97301978756807], [28.953704640962258, 37.97301978756807], [28.953704640962258, 37.972480798397605], [28.952626662621327, 37.972480798397605], [28.952626662621327, 37.970324841715716], [28.953165651791778, 37.970324841715716], [28.953165651791778, 37.97086383088619], [28.953704640962258, 37.97086383088619], [28.953704640962258, 37.970324841715716], [28.954782619303217, 37.970324841715716], [28.954782619303217, 37.97140282005666], [28.955860597644147, 37.97140282005666], [28.955860597644147, 37.97194180922713], [28.956399586814626, 37.97194180922713], [28.956399586814626, 37.97140282005666], [28.956938575985077, 37.97140282005666], [28.956938575985077, 37.97086383088619], [28.956399586814626, 37.97086383088619], [28.956399586814626, 37.970324841715716]]]}, "id": "+387683+85399", "properties": {"area_ha": 7.645311166131642, "count": 27, "label": 1, "mean_dnbr": 0.369193903793635}}, {"type": "Feature", "geometry": {"geodesic": false, "type": "Polygon", "coordinates": [[[28.958016554326036, 37.976253722590904], [28.959633521837446, 37.976253722590904], [28.959633521837446, 37.97679271176138], [28.960172511007926, 37.97679271176138], [28.960172511007926, 37.97733170093185], [28.959633521837446, 37.97733170093185], [28.959633521837446, 37.97787069010232], [28.960172511007926, 37.97787069010232], [28.960172511007926, 37.978409679272794], [28.960711500178405, 37.978409679272794], [28.960711500178405, 37.97894866844326], [28.958555543496516, 37.97894866844326], [28.958555543496516, 37.97733170093185], [28.958016554326036, 37.97733170093185], [28.958016554326036, 37.976253722590904]]]}, "id": "+387687+85388", "properties": {"area_ha": 4.530184555953279, "count": 16, "label": 1, "mean_dnbr": 0.47122815281896824}}, {"type": "Feature", "geometry": {"geodesic": false, "type": "Polygon", "coordinates": [[[28.962867456860266, 37.99457935438694], [28.963945435201225, 37.99457935438694], [28.963945435201225, 37.995118343557415], [28.964484424371705, 37.995118343557415], [28.964484424371705, 37.99565733272789], [28.966101391883115, 37.99565733272789], [28.966101391883115, 37.99619632189836], [28.965023413542156, 37.99619632189836], [28.965023413542156, 37.996735311068825], [28.966101391883115, 37.996735311068825], [28.966101391883115, 37.99781328940977], [28.964484424371705, 37.99781328940977], [28.964484424371705, 37.9972743002393], [28.963945435201225, 37.9972743002393], [28.963945435201225, 37.99565733272789], [28.963406446030746, 37.99565733272789], [28.963406446030746, 37.995118343557415], [28.962867456860266, 37.995118343557415], [28.962867456860266, 37.99457935438694]]]}, "id": "+387695+85354", "properties": {"area_ha": 4.81208942401886, "count": 17, "label": 1, "mean_dnbr": 0.3681070597982963}}, {"type": "Feature", "geometry": {"geodesic": false, "type": "Polygon", "coordinates": [[[28.966101391883115, 37.95738910162439], [28.966640381053594, 37.95738910162439], [28.966640381053594, 37.957928090794866], [28.968257348565004, 37.957928090794866], [28.968257348565004, 37.95846707996534], [28.967718359394524, 37.95846707996534], [28.967718359394524, 37.95900606913581], [28.967179370224045, 37.95900606913581], [28.967179370224045, 37.960084047476755], [28.966640381053594, 37.960084047476755], [28.966640381053594, 37.95954505830628], [28.964484424371705, 37.95954505830628], [28.964484424371705, 37.95900606913581], [28.963945435201225, 37.95900606913581], [28.963945435201225, 37.95846707996534], [28.964484424371705, 37.95846707996534], [28.964484424371705, 37.957928090794866], [28.966101391883115, 37.957928090794866], [28.966101391883115, 37.95738910162439]]]}, "id": "+387700+85423", "properties": {"area_ha": 5.947398269509499, "count": 21, "label": 1, "mean_dnbr": 0.3293203436893605}}, {"type": "Feature", "geometry": {"geodesic": false, "type": "Polygon", "coordinates": [[[28.977959153633492, 37.9191208705209], [28.979576121144902, 37.9191208705209], [28.979576121144902, 37.91965985969137], [28.98011511031538, 37.91965985969137], [28.98011511031538, 37.920198848861844], [28.979576121144902, 37.920198848861844], [28.979576121144902, 37.920737838032316], [28.97849814280397, 37.920737838032316], [28.97849814280397, 37.92127682720279], [28.975803196951603, 37.92127682720279], [28.975803196951603, 37.920737838032316], [28.976881175292533, 37.920737838032316], [28.976881175292533, 37.920198848861844], [28.977959153633492, 37.920198848861844], [28.977959153633492, 37.9191208705209]]]}, "id": "+387724+85494", "properties": {"area_ha": 4.817083726547466, "count": 17, "label": 1, "mean_dnbr": 0.4210056866530137}}, {"type": "Feature", "geometry": {"geodesic": false, "type": "Polygon", "coordinates": [[[28.98388803450868, 37.96224000415864], [28.98658298036102, 37.96224000415864], [28.98658298036102, 37.96277899332911], [28.9871219695315, 37.96277899332911], [28.9871219695315, 37.96331798249958], [28.98766095870198, 37.96331798249958], [28.98766095870198, 37.963856971670054], [28.9871219695315, 37.963856971670054], [28.9871219695315, 37.96439596084053], [28.98496601284961, 37.96439596084053], [28.98496601284961, 37.964934950011], [28.98442702367916, 37.964934950011], [28.98442702367916, 37.96439596084053], [28.9833490453382, 37.96439596084053], [28.9833490453382, 37.963856971670054], [28.98281005616772, 37.963856971670054], [28.98281005616772, 37.96331798249958], [28.9833490453382, 37.96331798249958], [28.9833490453382, 37.96277899332911], [28.98388803450868, 37.96277899332911], [28.98388803450868, 37.96224000415864]]]}, "id": "+387737+85414", "properties": {"area_ha": 8.21253459823335, "count": 29, "label": 1, "mean_dnbr": 0.5125261629258127}}, {"type": "Feature", "geometry": {"geodesic": false, "type": "Polygon", "coordinates": [[[28.98658298036102, 37.9153479463276], [28.98819994787246, 37.9153479463276], [28.98819994787246, 37.916425924668545], [28.98873893704291, 37.916425924668545], [28.98873893704291, 37.91750390300949], [28.98766095870198, 37.91750390300949], [28.98766095870198, 37.91804289217996], [28.98927792621339, 37.91804289217996], [28.98927792621339, 37.916425924668545], [28.98981691538387, 37.916425924668545], [28.98981691538387, 37.9191208705209], [28.98873893704291, 37.9191208705209], [28.98873893704291, 37.91965985969137], [28.9871219695315, 37.91965985969137], [28.9871219695315, 37.9191208705209], [28.98658298036102, 37.9191208705209], [28.98658298036102, 37.91858188135043], [28.98766095870198, 37.91858188135043], [28.98766095870198, 37.91804289217996], [28.98658298036102, 37.91804289217996], [28.98658298036102, 37.9153479463276]]]}, "id": "+387740+85501", "properties": {"area_ha": 9.067767729168805, "count": 32, "label": 1, "mean_dnbr": 0.3668310486053902}}, {"type": "Feature", "geometry": {"geodesic": false, "type": "Polygon", "coordinates": [[[28.996284785429538, 37.88408657444024], [28.9984407421114, 37.88408657444024], [28.9984407421114, 37.885164552781184], [28.99682377459999, 37.885164552781184], [28.99682377459999, 37.8867815202926], [28.995745796259058, 37.8867815202926], [28.995745796259058, 37.885164552781184], [28.99682377459999, 37.885164552781184], [28.99682377459999, 37.88462556361071], [28.996284785429538, 37.88462556361071], [28.996284785429538, 37.88408657444024]]]}, "id": "+387759+85559", "properties": {"area_ha": 3.6853974647551397, "count": 13, "label": 1, "mean_dnbr": 0.2935588079498142}}, {"type": "Feature", "geometry": {"geodesic": false, "type": "Polygon", "coordinates": [[[29.008681536350366, 37.883008596099295], [29.009220525520846, 37.883008596099295], [29.009220525520846, 37.88354758526977], [29.009759514691325, 37.88354758526977], [29.009759514691325, 37.885703541951656], [29.009220525520846, 37.885703541951656], [29.009220525520846, 37.88462556361071], [29.007603558009436, 37.88462556361071], [29.007603558009436, 37.88408657444024], [29.007064568838956, 37.88408657444024], [29.007064568838956, 37.88354758526977], [29.008681536350366, 37.88354758526977], [29.008681536350366, 37.883008596099295]]]}, "id": "+387779+85561", "properties": {"area_ha": 3.4019574536927073, "count": 12, "label": 1, "mean_dnbr": 0.3285143087517761}}, {"type": "Feature", "geometry": {"geodesic": false, "type": "Polygon", "coordinates": [[[29.008681536350366, 37.87869668273552], [29.009220525520846, 37.87869668273552], [29.009220525520846, 37.879235671905995], [29.010298503861776, 37.879235671905995], [29.010298503861776, 37.88031365024694], [29.010837493032255, 37.88031365024694], [29.010837493032255, 37.88085263941741], [29.011376482202735, 37.88085263941741], [29.011376482202735, 37.881391628587885], [29.009759514691325, 37.881391628587885], [29.009759514691325, 37.88085263941741], [29.009220525520846, 37.88085263941741], [29.009220525520846, 37.88031365024694], [29.008681536350366, 37.88031365024694], [29.008681536350366, 37.87869668273552]]]}, "id": "+387779+85569", "properties": {"area_ha": 3.6856543400864568, "count": 13, "label": 1, "mean_dnbr": 0.49698465744607445}}, {"type": "Feature", "geometry": {"geodesic": false, "type": "Polygon", "coordinates": [[[29.019461319759813, 37.98110462512515], [29.021078287271223, 37.98110462512515], [29.021078287271223, 37.98218260346609], [29.021617276441702, 37.98218260346609], [29.021617276441702, 37.98326058180704], [29.020539298100744, 37.98326058180704], [29.020539298100744, 37.982721592636565], [29.020000308930292, 37.982721592636565], [29.020000308930292, 37.98218260346609], [29.019461319759813, 37.98218260346609], [29.019461319759813, 37.98110462512515]]]}, "id": "+387801+85379", "properties": {"area_ha": 3.1143074060074594, "count": 11, "label": 1, "mean_dnbr": 0.47646492094965165}}, {"type": "Feature", "geometry": {"geodesic": false, "type": "Polygon", "coordinates": [[[29.024851211464522, 38.612799932917994], [29.02592918980548, 38.612799932917994], [29.02592918980548, 38.61333892208847], [29.026468178975932, 38.61333892208847], [29.026468178975932, 38.61387791125894], [29.02754615731689, 38.61387791125894], [29.02754615731689, 38.61441690042941], [29.02862413565782, 38.61441690042941], [29.02862413565782, 38.614955889599884], [29.028085146487342, 38.614955889599884], [29.028085146487342, 38.61603386794083], [29.02970211399878, 38.61603386794083], [29.02970211399878, 38.61765083545224], [29.0291631248283, 38.61765083545224], [29.0291631248283, 38.61818982462271], [29.02862413565782, 38.61818982462271], [29.02862413565782, 38.61765083545224], [29.028085146487342, 38.61765083545224], [29.028085146487342, 38.61818982462271], [29.026468178975932, 38.61818982462271], [29.026468178975932, 38.61711184628177], [29.02700716814641, 38.61711184628177], [29.02700716814641, 38.6165728571113], [29.02754615731689, 38.6165728571113], [29.02754615731689, 38.61603386794083], [29.026468178975932, 38.61603386794083], [29.026468178975932, 38.615494878770356], [29.02592918980548, 38.615494878770356], [29.02592918980548, 38.614955889599884], [29.025390200635, 38.614955889599884], [29.025390200635, 38.61387791125894], [29.024851211464522, 38.61387791125894], [29.024851211464522, 38.612799932917994]]]}, "id": "+387810+84207", "properties": {"area_ha": 11.506941712387837, "count": 41, "label": 1, "mean_dnbr": 0.20140255332430443}}, {"type": "Feature", "geometry": {"geodesic": false, "type": "Polygon", "coordinates": [[[29.03347503819208, 38.590701376928656], [29.03401402736253, 38.590701376928656], [29.03401402736253, 38.59124036609913], [29.03347503819208, 38.59124036609913], [29.03347503819208, 38.59231834444007], [29.03401402736253, 38.59231834444007], [29.03401402736253, 38.59339632278102], [29.03239705985112, 38.59339632278102], [29.03239705985112, 38.592857333610546], [29.03185807068067, 38.592857333610546], [29.03185807068067, 38.59231834444007], [29.03239705985112, 38.59231834444007], [29.03239705985112, 38.5917793552696], [29.0329360490216, 38.5917793552696], [29.0329360490216, 38.59124036609913], [29.03347503819208, 38.59124036609913], [29.03347503819208, 38.590701376928656]]]}, "id": "+387825+84248", "properties": {"area_ha": 3.088235702876791, "count": 11, "label": 1, "mean_dnbr": 0.19509157574004415}}, {"type": "Feature", "geometry": {"geodesic": false, "type": "Polygon", "coordinates": [[[29.03724796238538, 38.61226094374752], [29.03778695155586, 38.61226094374752], [29.03778695155586, 38.61333892208847], [29.03724796238538, 38.61333892208847], [29.03724796238538, 38.61387791125894], [29.0367089732149, 38.61387791125894], [29.0367089732149, 38.61441690042941], [29.03563099487397, 38.61441690042941], [29.03563099487397, 38.61333892208847], [29.03509200570349, 38.61333892208847], [29.03509200570349, 38.612799932917994], [29.03563099487397, 38.612799932917994], [29.03563099487397, 38.61226094374752], [29.0367089732149, 38.61226094374752], [29.0367089732149, 38.61333892208847], [29.03724796238538, 38.61333892208847], [29.03724796238538, 38.61226094374752]], [[29.0367089732149, 38.61333892208847], [29.0367089732149, 38.61387791125894], [29.03616998404442, 38.61387791125894], [29.03616998404442, 38.61333892208847], [29.0367089732149, 38.61333892208847]]]}, "id": "+387832+84208", "properties": {"area_ha": 3.0873371344176994, "count": 11, "label": 1, "mean_dnbr": 0.16081853543121155}}, {"type": "Feature", "geometry": {"geodesic": false, "type": "Polygon", "coordinates": [[[29.046410778283388, 38.39289235136554], [29.047488756624347, 38.39289235136554], [29.047488756624347, 38.39343134053601], [29.048566734965277, 38.39343134053601], [29.048566734965277, 38.393970329706484], [29.049644713306236, 38.393970329706484], [29.049644713306236, 38.394509318876956], [29.050722691647167, 38.394509318876956], [29.050722691647167, 38.39666527555884], [29.050183702476687, 38.39666527555884], [29.050183702476687, 38.39720426472931], [29.047488756624347, 38.39720426472931], [29.047488756624347, 38.39666527555884], [29.04587178911291, 38.39666527555884], [29.04587178911291, 38.395587297217894], [29.044793810771978, 38.395587297217894], [29.044793810771978, 38.394509318876956], [29.0442548216015, 38.394509318876956], [29.0442548216015, 38.393970329706484], [29.044793810771978, 38.393970329706484], [29.044793810771978, 38.39343134053601], [29.046410778283388, 38.39343134053601], [29.046410778283388, 38.39289235136554]]]}, "id": "+387850+84615", "properties": {"area_ha": 18.017166818393992, "count": 64, "label": 1, "mean_dnbr": 0.3409766426742182}}, {"type": "Feature", "geometry": {"geodesic": false, "type": "Polygon", "coordinates": [[[29.04587178911291, 38.59824722531526], [29.048027745794798, 38.59824722531526], [29.048027745794798, 38.598786214485735], [29.046949767453867, 38.598786214485735], [29.046949767453867, 38.59932520365621], [29.046410778283388, 38.59932520365621], [29.046410778283388, 38.59986419282667], [29.044793810771978, 38.59986419282667], [29.044793810771978, 38.59932520365621], [29.0442548216015, 38.59932520365621], [29.0442548216015, 38.598786214485735], [29.04587178911291, 38.598786214485735], [29.04587178911291, 38.59824722531526]]]}, "id": "+387851+84234", "properties": {"area_ha": 3.3686651731729857, "count": 12, "label": 1, "mean_dnbr": 0.20396789567688692}}, {"type": "Feature", "geometry": {"geodesic": false, "type": "Polygon", "coordinates": [[[29.049105724135757, 37.972480798397605], [29.050722691647167, 37.972480798397605], [29.050722691647167, 37.974097765909015], [29.049105724135757, 37.974097765909015], [29.049105724135757, 37.97463675507949], [29.047488756624347, 37.97463675507949], [29.047488756624347, 37.97355877673854], [29.048027745794798, 37.97355877673854], [29.048027745794798, 37.97301978756807], [29.049105724135757, 37.97301978756807], [29.049105724135757, 37.972480798397605]]]}, "id": "+387856+85395", "properties": {"area_ha": 4.8135851767982025, "count": 17, "label": 1, "mean_dnbr": 0.2964791339369788}}, {"type": "Feature", "geometry": {"geodesic": false, "type": "Polygon", "coordinates": [[[29.050722691647167, 37.95038224240826], [29.051800669988097, 37.95038224240826], [29.051800669988097, 37.95092123157873], [29.053417637499535, 37.95092123157873], [29.053417637499535, 37.951460220749205], [29.053956626669986, 37.951460220749205], [29.053956626669986, 37.95199920991968], [29.051261680817646, 37.95199920991968], [29.051261680817646, 37.951460220749205], [29.050722691647167, 37.951460220749205], [29.050722691647167, 37.95038224240826]]]}, "id": "+387858+85436", "properties": {"area_ha": 3.398862782122536, "count": 12, "label": 1, "mean_dnbr": 0.2852550012238236}}, {"type": "Feature", "geometry": {"geodesic": false, "type": "Polygon", "coordinates": [[[29.059885507545175, 37.944992350703544], [29.060424496715655, 37.944992350703544], [29.060424496715655, 37.945531339874016], [29.059885507545175, 37.945531339874016], [29.059885507545175, 37.94607032904449], [29.059346518374724, 37.94607032904449], [29.059346518374724, 37.94660931821496], [29.058807529204245, 37.94660931821496], [29.058807529204245, 37.94714830738543], [29.058268540033765, 37.94714830738543], [29.058268540033765, 37.947687296555905], [29.058807529204245, 37.947687296555905], [29.058807529204245, 37.94822628572638], [29.059346518374724, 37.94822628572638], [29.059346518374724, 37.94876527489684], [29.059885507545175, 37.94876527489684], [29.059885507545175, 37.949304264067315], [29.060424496715655, 37.949304264067315], [29.060424496715655, 37.94876527489684], [29.060963485886134, 37.94876527489684], [29.060963485886134, 37.94822628572638], [29.062041464227065, 37.94822628572638], [29.062041464227065, 37.949304264067315], [29.060963485886134, 37.949304264067315], [29.060963485886134, 37.95038224240826], [29.059885507545175, 37.95038224240826], [29.059885507545175, 37.95092123157873], [29.060424496715655, 37.95092123157873], [29.060424496715655, 37.951460220749205], [29.059346518374724, 37.951460220749205], [29.059346518374724, 37.95199920991968], [29.056651572522355, 37.95199920991968], [29.056651572522355, 37.951460220749205], [29.056112583351876, 37.951460220749205], [29.056112583351876, 37.95092123157873], [29.057729550863286, 37.95092123157873], [29.057729550863286, 37.95038224240826], [29.058268540033765, 37.95038224240826], [29.058268540033765, 37.94984325323779], [29.057729550863286, 37.94984325323779], [29.057729550863286, 37.949304264067315], [29.057190561692835, 37.949304264067315], [29.057190561692835, 37.94876527489684], [29.057729550863286, 37.94876527489684], [29.057729550863286, 37.947687296555905], [29.056112583351876, 37.947687296555905], [29.056112583351876, 37.94714830738543], [29.058268540033765, 37.94714830738543], [29.058268540033765, 37.94660931821496], [29.058807529204245, 37.94660931821496], [29.058807529204245, 37.94607032904449], [29.059346518374724, 37.94607032904449], [29.059346518374724, 37.945531339874016], [29.059885507545175, 37.945531339874016], [29.059885507545175, 37.944992350703544]]]}, "id": "+387874+85446", "properties": {"area_ha": 14.445496571554703, "count": 51, "label": 1, "mean_dnbr": 0.40468504947003664}}, {"type": "Feature", "geometry": {"geodesic": false, "type": "Polygon", "coordinates": [[[29.064197420908954, 38.57507069098498], [29.065814388420364, 38.57507069098498], [29.065814388420364, 38.57830462600781], [29.067970345102253, 38.57830462600781], [29.067970345102253, 38.57884361517828], [29.068509334272733, 38.57884361517828], [29.068509334272733, 38.57938260434875], [29.066892366761323, 38.57938260434875], [29.066892366761323, 38.579921593519224], [29.067431355931802, 38.579921593519224], [29.067431355931802, 38.580460582689696], [29.064736410079433, 38.580460582689696], [29.064736410079433, 38.57938260434875], [29.064197420908954, 38.57938260434875], [29.064197420908954, 38.57884361517828], [29.063658431738475, 38.57884361517828], [29.063658431738475, 38.57830462600781], [29.063119442568023, 38.57830462600781], [29.063119442568023, 38.57722664766686], [29.064736410079433, 38.57722664766686], [29.064736410079433, 38.57614866932592], [29.063119442568023, 38.57614866932592], [29.063119442568023, 38.575609680155445], [29.064197420908954, 38.575609680155445], [29.064197420908954, 38.57507069098498]], [[29.066892366761323, 38.57884361517828], [29.066892366761323, 38.57938260434875], [29.066353377590843, 38.57938260434875], [29.066353377590843, 38.57884361517828], [29.066892366761323, 38.57884361517828]]]}, "id": "+387884+84277", "properties": {"area_ha": 12.91700895614035, "count": 46, "label": 1, "mean_dnbr": 0.2269089742965226}}, {"type": "Feature", "geometry": {"geodesic": false, "type": "Polygon", "coordinates": [[[29.066353377590843, 37.94175841568072], [29.067431355931802, 37.94175841568072], [29.067431355931802, 37.94229740485119], [29.066892366761323, 37.94229740485119], [29.066892366761323, 37.942836394021654], [29.067970345102253, 37.942836394021654], [29.067970345102253, 37.94337538319213], [29.068509334272733, 37.94337538319213], [29.068509334272733, 37.94445336153307], [29.067970345102253, 37.94445336153307], [29.067970345102253, 37.944992350703544], [29.067431355931802, 37.944992350703544], [29.067431355931802, 37.9439143723626], [29.065814388420364, 37.9439143723626], [29.065814388420364, 37.94337538319213], [29.066892366761323, 37.94337538319213], [29.066892366761323, 37.942836394021654], [29.065814388420364, 37.942836394021654], [29.065814388420364, 37.94229740485119], [29.066353377590843, 37.94229740485119], [29.066353377590843, 37.94175841568072]]]}, "id": "+387887+85452", "properties": {"area_ha": 3.96576105706158, "count": 14, "label": 1, "mean_dnbr": 0.3803739668663988}}, {"type": "Feature", "geometry": {"geodesic": false, "type": "Polygon", "coordinates": [[[29.069048323443212, 38.58315552854205], [29.069587312613663, 38.58315552854205], [29.069587312613663, 38.58369451771252], [29.070126301784143, 38.58369451771252], [29.070126301784143, 38.584233506882995], [29.069587312613663, 38.584233506882995], [29.069587312613663, 38.58477249605347], [29.069048323443212, 38.58477249605347], [29.069048323443212, 38.58531148522394], [29.068509334272733, 38.58531148522394], [29.068509334272733, 38.58585047439441], [29.065275399249913, 38.58585047439441], [29.065275399249913, 38.58531148522394], [29.064736410079433, 38.58531148522394], [29.064736410079433, 38.58585047439441], [29.063658431738475, 38.58585047439441], [29.063658431738475, 38.58531148522394], [29.064736410079433, 38.58531148522394], [29.064736410079433, 38.58477249605347], [29.066353377590843, 38.58477249605347], [29.066353377590843, 38.58531148522394], [29.067431355931802, 38.58531148522394], [29.067431355931802, 38.58477249605347], [29.068509334272733, 38.58477249605347], [29.068509334272733, 38.584233506882995], [29.069587312613663, 38.584233506882995], [29.069587312613663, 38.58369451771252], [29.069048323443212, 38.58369451771252], [29.069048323443212, 38.58315552854205]]]}, "id": "+387891+84262", "properties": {"area_ha": 5.054005623452185, "count": 18, "label": 1, "mean_dnbr": 0.1841577251564367}}, {"type": "Feature", "geometry": {"geodesic": false, "type": "Polygon", "coordinates": [[[29.069587312613663, 38.58531148522394], [29.072282258466032, 38.58531148522394], [29.072282258466032, 38.58585047439441], [29.07336023680699, 38.58585047439441], [29.07336023680699, 38.586389463564885], [29.07282124763651, 38.586389463564885], [29.07282124763651, 38.58692845273536], [29.072282258466032, 38.58692845273536], [29.072282258466032, 38.586389463564885], [29.069587312613663, 38.586389463564885], [29.069587312613663, 38.58531148522394]]]}, "id": "+387896+84258", "properties": {"area_ha": 3.6500566676761794, "count": 13, "label": 1, "mean_dnbr": 0.17834527242421325}}, {"type": "Feature", "geometry": {"geodesic": false, "type": "Polygon", "coordinates": [[[29.07336023680699, 37.96062303664722], [29.0749772043184, 37.96062303664722], [29.0749772043184, 37.961701014988165], [29.073899225977442, 37.961701014988165], [29.073899225977442, 37.96224000415864], [29.07336023680699, 37.96224000415864], [29.07336023680699, 37.96277899332911], [29.072282258466032, 37.96277899332911], [29.072282258466032, 37.961701014988165], [29.070126301784143, 37.961701014988165], [29.070126301784143, 37.96224000415864], [29.069587312613663, 37.96224000415864], [29.069587312613663, 37.961701014988165], [29.070126301784143, 37.961701014988165], [29.070126301784143, 37.96116202581769], [29.07336023680699, 37.96116202581769], [29.07336023680699, 37.96062303664722]]]}, "id": "+387901+85417", "properties": {"area_ha": 5.097550377746678, "count": 18, "label": 1, "mean_dnbr": 0.29321143430775326}}, {"type": "Feature", "geometry": {"geodesic": false, "type": "Polygon", "coordinates": [[[29.07443821514792, 38.577765636837334], [29.075516193488852, 38.577765636837334], [29.075516193488852, 38.57830462600781], [29.07605518265933, 38.57830462600781], [29.07605518265933, 38.579921593519224], [29.07443821514792, 38.579921593519224], [29.07443821514792, 38.57938260434875], [29.073899225977442, 38.57938260434875], [29.073899225977442, 38.57884361517828], [29.07443821514792, 38.57884361517828], [29.07443821514792, 38.577765636837334]]]}, "id": "+387902+84272", "properties": {"area_ha": 3.369614987901664, "count": 12, "label": 1, "mean_dnbr": 0.19083256510518057}}, {"type": "Feature", "geometry": {"geodesic": false, "type": "Polygon", "coordinates": [[[29.07821113934122, 38.58962339858771], [29.07928911768218, 38.58962339858771], [29.07928911768218, 38.590162387758184], [29.07982810685263, 38.590162387758184], [29.07982810685263, 38.5917793552696], [29.07821113934122, 38.5917793552696], [29.07821113934122, 38.58962339858771]]]}, "id": "+387909+84250", "properties": {"area_ha": 3.088304613314844, "count": 11, "label": 1, "mean_dnbr": 0.20389464512257474}}, {"type": "Feature", "geometry": {"geodesic": false, "type": "Polygon", "coordinates": [[[29.07928911768218, 38.59393531195148], [29.07982810685263, 38.59393531195148], [29.07982810685263, 38.59501329029243], [29.0787501285117, 38.59501329029243], [29.0787501285117, 38.59609126863337], [29.07821113934122, 38.59609126863337], [29.07821113934122, 38.596630257803845], [29.0787501285117, 38.596630257803845], [29.0787501285117, 38.59716924697432], [29.07982810685263, 38.59716924697432], [29.07982810685263, 38.59770823614479], [29.07928911768218, 38.59770823614479], [29.07928911768218, 38.59824722531526], [29.07821113934122, 38.59824722531526], [29.07821113934122, 38.598786214485735], [29.0787501285117, 38.598786214485735], [29.0787501285117, 38.59932520365621], [29.07605518265933, 38.59932520365621], [29.07605518265933, 38.59824722531526], [29.075516193488852, 38.59824722531526], [29.075516193488852, 38.59716924697432], [29.07605518265933, 38.59716924697432], [29.07605518265933, 38.59609126863337], [29.07821113934122, 38.59609126863337], [29.07821113934122, 38.594474301121956], [29.07928911768218, 38.594474301121956], [29.07928911768218, 38.59393531195148]]]}, "id": "+387910+84242", "properties": {"area_ha": 10.948450052637781, "count": 39, "label": 1, "mean_dnbr": 0.20591514260655272}}, {"type": "Feature", "geometry": {"geodesic": false, "type": "Polygon", "coordinates": [[[29.07928911768218, 38.60363711701998], [29.08090608519359, 38.60363711701998], [29.08090608519359, 38.60471509536092], [29.08036709602311, 38.60471509536092], [29.08036709602311, 38.60579307370186], [29.07982810685263, 38.60579307370186], [29.07982810685263, 38.606871052042806], [29.07928911768218, 38.606871052042806], [29.07928911768218, 38.60579307370186], [29.0787501285117, 38.60579307370186], [29.0787501285117, 38.605254084531396], [29.07982810685263, 38.605254084531396], [29.07982810685263, 38.60417610619045], [29.07928911768218, 38.60417610619045], [29.07928911768218, 38.60363711701998]]]}, "id": "+387912+84224", "properties": {"area_ha": 3.0876881449716516, "count": 11, "label": 1, "mean_dnbr": 0.19502253205829856}}, {"type": "Feature", "geometry": {"geodesic": false, "type": "Polygon", "coordinates": [[[29.08036709602311, 37.92936166475987], [29.08198406353452, 37.92936166475987], [29.08198406353452, 37.92990065393034], [29.08306204187548, 37.92990065393034], [29.08306204187548, 37.93097863227128], [29.082523052705, 37.93097863227128], [29.082523052705, 37.93151762144175], [29.08198406353452, 37.93151762144175], [29.08198406353452, 37.93097863227128], [29.08036709602311, 37.93097863227128], [29.08036709602311, 37.92936166475987]]]}, "id": "+387914+85475", "properties": {"area_ha": 3.9664612748743697, "count": 14, "label": 1, "mean_dnbr": 0.3818203440140346}}, {"type": "Feature", "geometry": {"geodesic": false, "type": "Polygon", "coordinates": [[[29.08144507436407, 38.621423759645545], [29.08306204187548, 38.621423759645545], [29.08306204187548, 38.62196274881602], [29.08198406353452, 38.62196274881602], [29.08198406353452, 38.62465769466837], [29.08036709602311, 38.62465769466837], [29.08036709602311, 38.62250173798649], [29.08090608519359, 38.62250173798649], [29.08090608519359, 38.62196274881602], [29.08144507436407, 38.62196274881602], [29.08144507436407, 38.621423759645545]]]}, "id": "+387916+84191", "properties": {"area_ha": 4.770683207909128, "count": 17, "label": 1, "mean_dnbr": 0.18127643376805355}}, {"type": "Feature", "geometry": {"geodesic": false, "type": "Polygon", "coordinates": [[[29.08467900938689, 38.59124036609913], [29.08521799855737, 38.59124036609913], [29.08521799855737, 38.5917793552696], [29.0862959768983, 38.5917793552696], [29.0862959768983, 38.59231834444007], [29.08791294440971, 38.59231834444007], [29.08791294440971, 38.59339632278102], [29.08683496606878, 38.59339632278102], [29.08683496606878, 38.594474301121956], [29.08521799855737, 38.594474301121956], [29.08521799855737, 38.59339632278102], [29.0862959768983, 38.59339632278102], [29.0862959768983, 38.59231834444007], [29.08414002021641, 38.59231834444007], [29.08414002021641, 38.5917793552696], [29.08467900938689, 38.5917793552696], [29.08467900938689, 38.59124036609913]]]}, "id": "+387920+84247", "properties": {"area_ha": 4.772691395873454, "count": 17, "label": 1, "mean_dnbr": 0.20425352833809707}}, {"type": "Feature", "geometry": {"geodesic": false, "type": "Polygon", "coordinates": [[[29.08521799855737, 38.65160715319196], [29.08575698772782, 38.65160715319196], [29.08575698772782, 38.65322412070338], [29.0862959768983, 38.65322412070338], [29.0862959768983, 38.652685131532905], [29.08683496606878, 38.652685131532905], [29.08683496606878, 38.65322412070338], [29.0862959768983, 38.65322412070338], [29.0862959768983, 38.65591906655573], [29.08683496606878, 38.65591906655573], [29.08683496606878, 38.656458055726205], [29.08467900938689, 38.656458055726205], [29.08467900938689, 38.65591906655573], [29.08360103104593, 38.65591906655573], [29.08360103104593, 38.65538007738526], [29.08414002021641, 38.65538007738526], [29.08414002021641, 38.65484108821479], [29.08306204187548, 38.65484108821479], [29.08306204187548, 38.654302099044315], [29.08360103104593, 38.654302099044315], [29.08360103104593, 38.65376310987385], [29.08414002021641, 38.65376310987385], [29.08414002021641, 38.65214614236243], [29.08521799855737, 38.65214614236243], [29.08521799855737, 38.65160715319196]]]}, "id": "+387921+84135", "properties": {"area_ha": 10.098226044687244, "count": 36, "label": 1, "mean_dnbr": 0.19840098174785384}}, {"type": "Feature", "geometry": {"geodesic": false, "type": "Polygon", "coordinates": [[[29.0862959768983, 38.64945119651007], [29.087373955239258, 38.64945119651007], [29.087373955239258, 38.649990185680544], [29.08845193358019, 38.649990185680544], [29.08845193358019, 38.650529174851016], [29.087373955239258, 38.650529174851016], [29.087373955239258, 38.65106816402149], [29.08683496606878, 38.65106816402149], [29.08683496606878, 38.65160715319196], [29.087373955239258, 38.65160715319196], [29.087373955239258, 38.65214614236243], [29.0862959768983, 38.65214614236243], [29.0862959768983, 38.64945119651007]]]}, "id": "+387924+84139", "properties": {"area_ha": 3.0857254292599676, "count": 11, "label": 1, "mean_dnbr": 0.18771762689013774}}, {"type": "Feature", "geometry": {"geodesic": false, "type": "Polygon", "coordinates": [[[29.08575698772782, 38.58477249605347], [29.08791294440971, 38.58477249605347], [29.08791294440971, 38.58531148522394], [29.087373955239258, 38.58531148522394], [29.087373955239258, 38.58585047439441], [29.08683496606878, 38.58585047439441], [29.08683496606878, 38.586389463564885], [29.0862959768983, 38.586389463564885], [29.0862959768983, 38.58692845273536], [29.08521799855737, 38.58692845273536], [29.08521799855737, 38.58746744190583], [29.08467900938689, 38.58746744190583], [29.08467900938689, 38.588006431076295], [29.08414002021641, 38.588006431076295], [29.08414002021641, 38.58692845273536], [29.08467900938689, 38.58692845273536], [29.08467900938689, 38.586389463564885], [29.08521799855737, 38.586389463564885], [29.08521799855737, 38.58585047439441], [29.08575698772782, 38.58585047439441], [29.08575698772782, 38.58477249605347]]]}, "id": "+387925+84259", "properties": {"area_ha": 4.492364166990311, "count": 16, "label": 1, "mean_dnbr": 0.23341722042185087}}, {"type": "Feature", "geometry": {"geodesic": false, "type": "Polygon", "coordinates": [[[29.08414002021641, 38.24628729699723], [29.08791294440971, 38.24628729699723], [29.08791294440971, 38.2468262861677], [29.088990922750668, 38.2468262861677], [29.088990922750668, 38.247365275338176], [29.08791294440971, 38.247365275338176], [29.08791294440971, 38.24790426450865], [29.08683496606878, 38.24790426450865], [29.08683496606878, 38.247365275338176], [29.08467900938689, 38.247365275338176], [29.08467900938689, 38.24844325367912], [29.08521799855737, 38.24844325367912], [29.08521799855737, 38.249521232020065], [29.087373955239258, 38.249521232020065], [29.087373955239258, 38.25006022119053], [29.0862959768983, 38.25006022119053], [29.0862959768983, 38.250599210361], [29.08521799855737, 38.250599210361], [29.08521799855737, 38.25006022119053], [29.08414002021641, 38.25006022119053], [29.08414002021641, 38.249521232020065], [29.08467900938689, 38.249521232020065], [29.08467900938689, 38.24844325367912], [29.08414002021641, 38.24844325367912], [29.08414002021641, 38.24790426450865], [29.08360103104593, 38.24790426450865], [29.08360103104593, 38.247365275338176], [29.08467900938689, 38.247365275338176], [29.08467900938689, 38.2468262861677], [29.08414002021641, 38.2468262861677], [29.08414002021641, 38.24628729699723]]]}, "id": "+387925+84887", "properties": {"area_ha": 8.462675030971699, "count": 30, "label": 1, "mean_dnbr": 0.2243003028693758}}, {"type": "Feature", "geometry": {"geodesic": false, "type": "Polygon", "coordinates": [[[29.088990922750668, 37.879235671905995], [29.0900689010916, 37.879235671905995], [29.0900689010916, 37.87977466107647], [29.090607890262078, 37.87977466107647], [29.090607890262078, 37.88031365024694], [29.0900689010916, 37.88031365024694], [29.0900689010916, 37.88085263941741], [29.090607890262078, 37.88085263941741], [29.090607890262078, 37.881391628587885], [29.091146879432557, 37.881391628587885], [29.091146879432557, 37.88193061775836], [29.090607890262078, 37.88193061775836], [29.090607890262078, 37.881391628587885], [29.08952991192112, 37.881391628587885], [29.08952991192112, 37.88085263941741], [29.088990922750668, 37.88085263941741], [29.088990922750668, 37.88031365024694], [29.08845193358019, 37.88031365024694], [29.08845193358019, 37.87977466107647], [29.088990922750668, 37.87977466107647], [29.088990922750668, 37.879235671905995]]]}, "id": "+387929+85568", "properties": {"area_ha": 3.118621453902551, "count": 11, "label": 1, "mean_dnbr": 0.1906445619679866}}, {"type": "Feature", "geometry": {"geodesic": false, "type": "Polygon", "coordinates": [[[29.08952991192112, 38.602559138679034], [29.090607890262078, 38.602559138679034], [29.090607890262078, 38.60633206287233], [29.0900689010916, 38.60633206287233], [29.0900689010916, 38.606871052042806], [29.08952991192112, 38.606871052042806], [29.08952991192112, 38.60633206287233], [29.088990922750668, 38.60633206287233], [29.088990922750668, 38.603098127849506], [29.08952991192112, 38.603098127849506], [29.08952991192112, 38.602559138679034]]]}, "id": "+387930+84226", "properties": {"area_ha": 5.894712384951427, "count": 21, "label": 1, "mean_dnbr": 0.22324838176627224}}, {"type": "Feature", "geometry": {"geodesic": false, "type": "Polygon", "coordinates": [[[29.091146879432557, 37.87600173688317], [29.092224857773488, 37.87600173688317], [29.092224857773488, 37.87654072605363], [29.091685868603008, 37.87654072605363], [29.091685868603008, 37.877079715224106], [29.091146879432557, 37.877079715224106], [29.091146879432557, 37.87761870439458], [29.08952991192112, 37.87761870439458], [29.08952991192112, 37.877079715224106], [29.08791294440971, 37.877079715224106], [29.08791294440971, 37.87654072605363], [29.08845193358019, 37.87654072605363], [29.08845193358019, 37.87600173688317], [29.090607890262078, 37.87600173688317], [29.090607890262078, 37.87654072605363], [29.091146879432557, 37.87654072605363], [29.091146879432557, 37.87600173688317]]]}, "id": "+387933+85574", "properties": {"area_ha": 4.536401254718514, "count": 16, "label": 1, "mean_dnbr": 0.3974016117086361}}, {"type": "Feature", "geometry": {"geodesic": false, "type": "Polygon", "coordinates": [[[29.093841825284898, 37.86953386683751], [29.094380814455377, 37.86953386683751], [29.094380814455377, 37.87007285600797], [29.094919803625857, 37.87007285600797], [29.094919803625857, 37.870611845178445], [29.095458792796308, 37.870611845178445], [29.095458792796308, 37.87168982351939], [29.096536771137266, 37.87168982351939], [29.096536771137266, 37.87222881268986], [29.095997781966787, 37.87222881268986], [29.095997781966787, 37.872767801860334], [29.096536771137266, 37.872767801860334], [29.096536771137266, 37.87438476937175], [29.097614749478197, 37.87438476937175], [29.097614749478197, 37.874923758542224], [29.095997781966787, 37.874923758542224], [29.095997781966787, 37.87438476937175], [29.095458792796308, 37.87438476937175], [29.095458792796308, 37.87384578020128], [29.094919803625857, 37.87384578020128], [29.094919803625857, 37.87115083434892], [29.093841825284898, 37.87115083434892], [29.093841825284898, 37.870611845178445], [29.092763846943967, 37.870611845178445], [29.092763846943967, 37.87115083434892], [29.093302836114447, 37.87115083434892], [29.093302836114447, 37.87168982351939], [29.092224857773488, 37.87168982351939], [29.092224857773488, 37.870611845178445], [29.091685868603008, 37.870611845178445], [29.091685868603008, 37.86953386683751], [29.092763846943967, 37.86953386683751], [29.092763846943967, 37.87007285600797], [29.093841825284898, 37.87007285600797], [29.093841825284898, 37.86953386683751]]]}, "id": "+387937+85586", "properties": {"area_ha": 9.073395366157989, "count": 32, "label": 1, "mean_dnbr": 0.34043019743216973}}, {"type": "Feature", "geometry": {"geodesic": false, "type": "Polygon", "coordinates": [[[29.092224857773488, 37.920737838032316], [29.096536771137266, 37.920737838032316], [29.096536771137266, 37.92127682720279], [29.100309695330566, 37.92127682720279], [29.100309695330566, 37.92181581637326], [29.103004641182935, 37.92181581637326], [29.103004641182935, 37.92235480554373], [29.105160597864824, 37.92235480554373], [29.105160597864824, 37.922893794714206], [29.104621608694345, 37.922893794714206], [29.104621608694345, 37.92343278388468], [29.104082619523865, 37.92343278388468], [29.104082619523865, 37.92397177305515], [29.103004641182935, 37.92397177305515], [29.103004641182935, 37.924510762225616], [29.102465652012455, 37.924510762225616], [29.102465652012455, 37.92397177305515], [29.100848684501045, 37.92397177305515], [29.100848684501045, 37.92343278388468], [29.096536771137266, 37.92343278388468], [29.096536771137266, 37.922893794714206], [29.095458792796308, 37.922893794714206], [29.095458792796308, 37.92235480554373], [29.094919803625857, 37.92235480554373], [29.094919803625857, 37.922893794714206], [29.093841825284898, 37.922893794714206], [29.093841825284898, 37.92397177305515], [29.093302836114447, 37.92397177305515], [29.093302836114447, 37.92504975139609], [29.092763846943967, 37.92504975139609], [29.092763846943967, 37.92397177305515], [29.091146879432557, 37.92397177305515], [29.091146879432557, 37.92343278388468], [29.090607890262078, 37.92343278388468], [29.090607890262078, 37.924510762225616], [29.08845193358019, 37.924510762225616], [29.08845193358019, 37.92343278388468], [29.088990922750668, 37.92343278388468], [29.088990922750668, 37.922893794714206], [29.08845193358019, 37.922893794714206], [29.08845193358019, 37.92235480554373], [29.088990922750668, 37.92235480554373], [29.088990922750668, 37.92181581637326], [29.091685868603008, 37.92181581637326], [29.091685868603008, 37.92127682720279], [29.092224857773488, 37.92127682720279], [29.092224857773488, 37.920737838032316]]]}, "id": "+387941+85491", "properties": {"area_ha": 35.70185324807812, "count": 126, "label": 1, "mean_dnbr": 0.483243361338302}}, {"type": "Feature", "geometry": {"geodesic": false, "type": "Polygon", "coordinates": [[[29.102465652012455, 37.87222881268986], [29.104082619523865, 37.87222881268986], [29.104082619523865, 37.87330679103081], [29.105160597864824, 37.87330679103081], [29.105160597864824, 37.87384578020128], [29.105699587035275, 37.87384578020128], [29.105699587035275, 37.875462747712696], [29.104621608694345, 37.875462747712696], [29.104621608694345, 37.874923758542224], [29.104082619523865, 37.874923758542224], [29.104082619523865, 37.87330679103081], [29.103543630353386, 37.87330679103081], [29.103543630353386, 37.872767801860334], [29.102465652012455, 37.872767801860334], [29.102465652012455, 37.87222881268986]]]}, "id": "+387955+85581", "properties": {"area_ha": 3.9695030584733497, "count": 14, "label": 1, "mean_dnbr": 0.2382758927421125}}, {"type": "Feature", "geometry": {"geodesic": false, "type": "Polygon", "coordinates": [[[29.104082619523865, 37.87815769356505], [29.104621608694345, 37.87815769356505], [29.104621608694345, 37.87869668273552], [29.105160597864824, 37.87869668273552], [29.105160597864824, 37.879235671905995], [29.104621608694345, 37.879235671905995], [29.104621608694345, 37.87977466107647], [29.103543630353386, 37.87977466107647], [29.103543630353386, 37.88085263941741], [29.102465652012455, 37.88085263941741], [29.102465652012455, 37.881391628587885], [29.101926662841976, 37.881391628587885], [29.101926662841976, 37.88193061775836], [29.100848684501045, 37.88193061775836], [29.100848684501045, 37.881391628587885], [29.100309695330566, 37.881391628587885], [29.100309695330566, 37.88085263941741], [29.101387673671496, 37.88085263941741], [29.101387673671496, 37.87977466107647], [29.103004641182935, 37.87977466107647], [29.103004641182935, 37.879235671905995], [29.103543630353386, 37.879235671905995], [29.103543630353386, 37.87869668273552], [29.104082619523865, 37.87869668273552], [29.104082619523865, 37.87815769356505]]]}, "id": "+387956+85570", "properties": {"area_ha": 5.953745851398034, "count": 21, "label": 1, "mean_dnbr": 0.3325053198892565}}, {"type": "Feature", "geometry": {"geodesic": false, "type": "Polygon", "coordinates": [[[29.107855543717164, 38.552972134995635], [29.109472511228574, 38.552972134995635], [29.109472511228574, 38.55458910250705], [29.108933522058123, 38.55458910250705], [29.108933522058123, 38.555128091677524], [29.108394532887644, 38.555128091677524], [29.108394532887644, 38.55458910250705], [29.107855543717164, 38.55458910250705], [29.107855543717164, 38.555128091677524], [29.106238576205754, 38.555128091677524], [29.106238576205754, 38.55405011333658], [29.107316554546685, 38.55405011333658], [29.107316554546685, 38.55351112416611], [29.107855543717164, 38.55351112416611], [29.107855543717164, 38.552972134995635]]]}, "id": "+387965+84318", "properties": {"area_ha": 4.7752658746357595, "count": 17, "label": 1, "mean_dnbr": 0.22029863067533073}}, {"type": "Feature", "geometry": {"geodesic": false, "type": "Polygon", "coordinates": [[[29.108394532887644, 37.86953386683751], [29.110011500399054, 37.86953386683751], [29.110011500399054, 37.87007285600797], [29.109472511228574, 37.87007285600797], [29.109472511228574, 37.870611845178445], [29.108933522058123, 37.870611845178445], [29.108933522058123, 37.87168982351939], [29.106777565376234, 37.87168982351939], [29.106777565376234, 37.870611845178445], [29.107855543717164, 37.870611845178445], [29.107855543717164, 37.87007285600797], [29.108394532887644, 37.87007285600797], [29.108394532887644, 37.86953386683751]]]}, "id": "+387966+85586", "properties": {"area_ha": 3.969680402739091, "count": 14, "label": 1, "mean_dnbr": 0.23805971638750076}}, {"type": "Feature", "geometry": {"geodesic": false, "type": "Polygon", "coordinates": [[[29.111089478740013, 37.87600173688317], [29.113245435421874, 37.87600173688317], [29.113245435421874, 37.87654072605363], [29.112706446251423, 37.87654072605363], [29.112706446251423, 37.877079715224106], [29.112167457080943, 37.877079715224106], [29.112167457080943, 37.87761870439458], [29.110550489569533, 37.87761870439458], [29.110550489569533, 37.87654072605363], [29.111089478740013, 37.87654072605363], [29.111089478740013, 37.87600173688317]]]}, "id": "+387972+85574", "properties": {"area_ha": 3.1187711021031985, "count": 11, "label": 1, "mean_dnbr": 0.2924350472269361}}, {"type": "Feature", "geometry": {"geodesic": false, "type": "Polygon", "coordinates": [[[29.113245435421874, 37.87869668273552], [29.113784424592353, 37.87869668273552], [29.113784424592353, 37.87977466107647], [29.113245435421874, 37.87977466107647], [29.113245435421874, 37.88031365024694], [29.114323413762833, 37.88031365024694], [29.114323413762833, 37.881391628587885], [29.113245435421874, 37.881391628587885], [29.113245435421874, 37.88193061775836], [29.111628467910464, 37.88193061775836], [29.111628467910464, 37.88031365024694], [29.111089478740013, 37.88031365024694], [29.111089478740013, 37.879235671905995], [29.112706446251423, 37.879235671905995], [29.112706446251423, 37.87977466107647], [29.113245435421874, 37.87977466107647], [29.113245435421874, 37.87869668273552]]]}, "id": "+387973+85569", "properties": {"area_ha": 6.237234608602678, "count": 22, "label": 1, "mean_dnbr": 0.38228000415863334}}, {"type": "Feature", "geometry": {"geodesic": false, "type": "Polygon", "coordinates": [[[29.11863532712661, 37.86091004010996], [29.119174316297062, 37.86091004010996], [29.119174316297062, 37.86144902928043], [29.1207912838085, 37.86144902928043], [29.1207912838085, 37.862527007621374], [29.121330272978952, 37.862527007621374], [29.121330272978952, 37.86360498596232], [29.12025229463802, 37.86360498596232], [29.12025229463802, 37.863065996791846], [29.119713305467542, 37.863065996791846], [29.119713305467542, 37.864143975132784], [29.11863532712661, 37.864143975132784], [29.11863532712661, 37.864682964303256], [29.117557348785652, 37.864682964303256], [29.117557348785652, 37.8657609426442], [29.114862402933312, 37.8657609426442], [29.114862402933312, 37.86629993181467], [29.114323413762833, 37.86629993181467], [29.114323413762833, 37.8657609426442], [29.113784424592353, 37.8657609426442], [29.113784424592353, 37.86522195347373], [29.111628467910464, 37.86522195347373], [29.111628467910464, 37.864143975132784], [29.112706446251423, 37.864143975132784], [29.112706446251423, 37.86360498596232], [29.113245435421874, 37.86360498596232], [29.113245435421874, 37.864143975132784], [29.114862402933312, 37.864143975132784], [29.114862402933312, 37.862527007621374], [29.115940381274243, 37.862527007621374], [29.115940381274243, 37.863065996791846], [29.116479370444722, 37.863065996791846], [29.116479370444722, 37.86360498596232], [29.1170183596152, 37.86360498596232], [29.1170183596152, 37.862527007621374], [29.117557348785652, 37.862527007621374], [29.117557348785652, 37.863065996791846], [29.118096337956132, 37.863065996791846], [29.118096337956132, 37.86144902928043], [29.11863532712661, 37.86144902928043], [29.11863532712661, 37.86091004010996]], [[29.119713305467542, 37.8619880184509], [29.119713305467542, 37.863065996791846], [29.119174316297062, 37.863065996791846], [29.119174316297062, 37.8619880184509], [29.119713305467542, 37.8619880184509]]]}, "id": "+387983+85602", "properties": {"area_ha": 19.850242561419467, "count": 70, "label": 1, "mean_dnbr": 0.44905941056474213}}, {"type": "Feature", "geometry": {"geodesic": false, "type": "Polygon", "coordinates": [[[29.119713305467542, 37.87222881268986], [29.121330272978952, 37.87222881268986], [29.121330272978952, 37.872767801860334], [29.12348622966084, 37.872767801860334], [29.12348622966084, 37.87330679103081], [29.12240825131991, 37.87330679103081], [29.12240825131991, 37.87438476937175], [29.12186926214943, 37.87438476937175], [29.12186926214943, 37.87384578020128], [29.1207912838085, 37.87384578020128], [29.1207912838085, 37.87330679103081], [29.119713305467542, 37.87330679103081], [29.119713305467542, 37.87222881268986]]]}, "id": "+387987+85581", "properties": {"area_ha": 3.9695393772479335, "count": 14, "label": 1, "mean_dnbr": 0.24883089371081935}}, {"type": "Feature", "geometry": {"geodesic": false, "type": "Polygon", "coordinates": [[[29.12186926214943, 38.39343134053601], [29.12240825131991, 38.39343134053601], [29.12240825131991, 38.393970329706484], [29.12294724049039, 38.393970329706484], [29.12294724049039, 38.395587297217894], [29.119713305467542, 38.395587297217894], [29.119713305467542, 38.39504830804742], [29.12025229463802, 38.39504830804742], [29.12025229463802, 38.394509318876956], [29.12186926214943, 38.394509318876956], [29.12186926214943, 38.39343134053601]]]}, "id": "+387989+84614", "properties": {"area_ha": 3.941289746368776, "count": 14, "label": 1, "mean_dnbr": 0.19810184010554002}}, {"type": "Feature", "geometry": {"geodesic": false, "type": "Polygon", "coordinates": [[[29.12672016468369, 37.863065996791846], [29.1283371321951, 37.863065996791846], [29.1283371321951, 37.864143975132784], [29.12779814302462, 37.864143975132784], [29.12779814302462, 37.8657609426442], [29.12672016468369, 37.8657609426442], [29.12672016468369, 37.86629993181467], [29.12564218634273, 37.86629993181467], [29.12564218634273, 37.86737791015562], [29.12618117551321, 37.86737791015562], [29.12618117551321, 37.86791689932609], [29.12672016468369, 37.86791689932609], [29.12672016468369, 37.86845588849656], [29.12618117551321, 37.86845588849656], [29.12618117551321, 37.86791689932609], [29.12510319717225, 37.86791689932609], [29.12510319717225, 37.86845588849656], [29.12564218634273, 37.86845588849656], [29.12564218634273, 37.868994877667035], [29.12510319717225, 37.868994877667035], [29.12510319717225, 37.86845588849656], [29.12294724049039, 37.86845588849656], [29.12294724049039, 37.86791689932609], [29.12186926214943, 37.86791689932609], [29.12186926214943, 37.86737791015562], [29.12294724049039, 37.86737791015562], [29.12294724049039, 37.866838920985145], [29.12186926214943, 37.866838920985145], [29.12186926214943, 37.86629993181467], [29.12240825131991, 37.86629993181467], [29.12240825131991, 37.8657609426442], [29.1207912838085, 37.8657609426442], [29.1207912838085, 37.866838920985145], [29.12025229463802, 37.866838920985145], [29.12025229463802, 37.8657609426442], [29.1207912838085, 37.8657609426442], [29.1207912838085, 37.864682964303256], [29.12294724049039, 37.864682964303256], [29.12294724049039, 37.86522195347373], [29.12348622966084, 37.86522195347373], [29.12348622966084, 37.8657609426442], [29.12510319717225, 37.8657609426442], [29.12510319717225, 37.86629993181467], [29.12564218634273, 37.86629993181467], [29.12564218634273, 37.86522195347373], [29.12672016468369, 37.86522195347373], [29.12672016468369, 37.864682964303256], [29.12618117551321, 37.864682964303256], [29.12618117551321, 37.864143975132784], [29.12672016468369, 37.864143975132784], [29.12672016468369, 37.863065996791846]], [[29.1245642080018, 37.866838920985145], [29.1245642080018, 37.86791689932609], [29.12348622966084, 37.86791689932609], [29.12348622966084, 37.866838920985145], [29.1245642080018, 37.866838920985145]]]}, "id": "+388000+85598", "properties": {"area_ha": 15.59614572504303, "count": 55, "label": 1, "mean_dnbr": 0.29314381994487776}}, {"type": "Feature", "geometry": {"geodesic": false, "type": "Polygon", "coordinates": [[[29.12779814302462, 37.84150642997297], [29.1283371321951, 37.84150642997297], [29.1283371321951, 37.842045419143446], [29.12887612136558, 37.842045419143446], [29.12887612136558, 37.84312339748439], [29.12995409970651, 37.84312339748439], [29.12995409970651, 37.84258440831392], [29.12941511053603, 37.84258440831392], [29.12941511053603, 37.842045419143446], [29.13049308887699, 37.842045419143446], [29.13049308887699, 37.84474036499581], [29.12941511053603, 37.84474036499581], [29.12941511053603, 37.84527935416628], [29.12995409970651, 37.84527935416628], [29.12995409970651, 37.84581834333675], [29.1283371321951, 37.84581834333675], [29.1283371321951, 37.84527935416628], [29.12887612136558, 37.84527935416628], [29.12887612136558, 37.84474036499581], [29.12941511053603, 37.84474036499581], [29.12941511053603, 37.84366238665486], [29.12887612136558, 37.84366238665486], [29.12887612136558, 37.84312339748439], [29.12779814302462, 37.84312339748439], [29.12779814302462, 37.84258440831392], [29.12725915385414, 37.84258440831392], [29.12725915385414, 37.842045419143446], [29.12779814302462, 37.842045419143446], [29.12779814302462, 37.84150642997297]]]}, "id": "+388000+85638", "properties": {"area_ha": 5.673059922735831, "count": 20, "label": 1, "mean_dnbr": 0.32385283436152124}}, {"type": "Feature", "geometry": {"geodesic": false, "type": "Polygon", "coordinates": [[[29.138038937263588, 38.67855661171554], [29.141272872286407, 38.67855661171554], [29.141272872286407, 38.67963459005649], [29.138038937263588, 38.67963459005649], [29.138038937263588, 38.67855661171554]]]}, "id": "+388024+84085", "properties": {"area_ha": 3.364909034203828, "count": 12, "label": 1, "mean_dnbr": 0.16585486803438296}}, {"type": "Feature", "geometry": {"geodesic": false, "type": "Polygon", "coordinates": [[[29.141811861456887, 37.87007285600797], [29.142889839797817, 37.87007285600797], [29.142889839797817, 37.870611845178445], [29.142350850627366, 37.870611845178445], [29.142350850627366, 37.87222881268986], [29.140194893945477, 37.87222881268986], [29.140194893945477, 37.87115083434892], [29.141272872286407, 37.87115083434892], [29.141272872286407, 37.870611845178445], [29.141811861456887, 37.870611845178445], [29.141811861456887, 37.87007285600797]]]}, "id": "+388027+85585", "properties": {"area_ha": 3.402555969738982, "count": 12, "label": 1, "mean_dnbr": 0.4376470459980207}}, {"type": "Feature", "geometry": {"geodesic": false, "type": "Polygon", "coordinates": [[[29.145045796479707, 37.839889462461564], [29.148279731502555, 37.839889462461564], [29.148279731502555, 37.84042845163203], [29.148818720673006, 37.84042845163203], [29.148818720673006, 37.8409674408025], [29.149357709843486, 37.8409674408025], [29.149357709843486, 37.84150642997297], [29.148279731502555, 37.84150642997297], [29.148279731502555, 37.842045419143446], [29.147201753161596, 37.842045419143446], [29.147201753161596, 37.84150642997297], [29.147740742332076, 37.84150642997297], [29.147740742332076, 37.8409674408025], [29.147201753161596, 37.8409674408025], [29.147201753161596, 37.84042845163203], [29.146662763991145, 37.84042845163203], [29.146662763991145, 37.8409674408025], [29.146123774820666, 37.8409674408025], [29.146123774820666, 37.84042845163203], [29.145045796479707, 37.84042845163203], [29.145045796479707, 37.839889462461564]]]}, "id": "+388037+85641", "properties": {"area_ha": 4.2549335054173625, "count": 15, "label": 1, "mean_dnbr": 0.45160884686656555}}, {"type": "Feature", "geometry": {"geodesic": false, "type": "Polygon", "coordinates": [[[29.158520525741523, 37.839889462461564], [29.159059514911974, 37.839889462461564], [29.159059514911974, 37.84042845163203], [29.159598504082453, 37.84042845163203], [29.159598504082453, 37.8409674408025], [29.160137493252932, 37.8409674408025], [29.160137493252932, 37.842045419143446], [29.159598504082453, 37.842045419143446], [29.159598504082453, 37.84312339748439], [29.160676482423384, 37.84312339748439], [29.160676482423384, 37.84366238665486], [29.161754460764342, 37.84366238665486], [29.161754460764342, 37.84474036499581], [29.162293449934822, 37.84474036499581], [29.162293449934822, 37.84581834333675], [29.162832439105273, 37.84581834333675], [29.162832439105273, 37.84689632167769], [29.161754460764342, 37.84689632167769], [29.161754460764342, 37.84743531084816], [29.160676482423384, 37.84743531084816], [29.160676482423384, 37.84689632167769], [29.161215471593863, 37.84689632167769], [29.161215471593863, 37.84527935416628], [29.159598504082453, 37.84527935416628], [29.159598504082453, 37.84474036499581], [29.160137493252932, 37.84474036499581], [29.160137493252932, 37.844201375825335], [29.159598504082453, 37.844201375825335], [29.159598504082453, 37.84312339748439], [29.158520525741523, 37.84312339748439], [29.158520525741523, 37.84474036499581], [29.157442547400564, 37.84474036499581], [29.157442547400564, 37.844201375825335], [29.156903558230084, 37.844201375825335], [29.156903558230084, 37.84366238665486], [29.157442547400564, 37.84366238665486], [29.157442547400564, 37.84312339748439], [29.156903558230084, 37.84312339748439], [29.156903558230084, 37.84258440831392], [29.157981536571043, 37.84258440831392], [29.157981536571043, 37.842045419143446], [29.159059514911974, 37.842045419143446], [29.159059514911974, 37.8409674408025], [29.158520525741523, 37.8409674408025], [29.158520525741523, 37.839889462461564]], [[29.157981536571043, 37.84366238665486], [29.157981536571043, 37.844201375825335], [29.157442547400564, 37.844201375825335], [29.157442547400564, 37.84366238665486], [29.157981536571043, 37.84366238665486]], [[29.162293449934822, 37.84581834333675], [29.162293449934822, 37.84635733250722], [29.161754460764342, 37.84635733250722], [29.161754460764342, 37.84581834333675], [29.162293449934822, 37.84581834333675]]]}, "id": "+388057+85641", "properties": {"area_ha": 12.480668632715393, "count": 44, "label": 1, "mean_dnbr": 0.20214563804902164}}, {"type": "Feature", "geometry": {"geodesic": false, "type": "Polygon", "coordinates": [[[29.163910417446232, 37.84150642997297], [29.164988395787162, 37.84150642997297], [29.164988395787162, 37.84258440831392], [29.16552738495764, 37.84258440831392], [29.16552738495764, 37.84312339748439], [29.164988395787162, 37.84312339748439], [29.164988395787162, 37.84366238665486], [29.163910417446232, 37.84366238665486], [29.163910417446232, 37.844201375825335], [29.163371428275752, 37.844201375825335], [29.163371428275752, 37.84474036499581], [29.162832439105273, 37.84474036499581], [29.162832439105273, 37.844201375825335], [29.162293449934822, 37.844201375825335], [29.162293449934822, 37.84366238665486], [29.162832439105273, 37.84366238665486], [29.162832439105273, 37.84258440831392], [29.163910417446232, 37.84258440831392], [29.163910417446232, 37.84312339748439], [29.164988395787162, 37.84312339748439], [29.164988395787162, 37.84258440831392], [29.16444940661671, 37.84258440831392], [29.16444940661671, 37.842045419143446], [29.163910417446232, 37.842045419143446], [29.163910417446232, 37.84150642997297]]]}, "id": "+388068+85638", "properties": {"area_ha": 3.9711585492527686, "count": 14, "label": 1, "mean_dnbr": 0.20474348068743156}}, {"type": "Feature", "geometry": {"geodesic": false, "type": "Polygon", "coordinates": [[[29.16714435246905, 37.98433856014798], [29.16768334163953, 37.98433856014798], [29.16768334163953, 37.98487754931845], [29.16876131998046, 37.98487754931845], [29.16876131998046, 37.986494516829865], [29.166605363298572, 37.986494516829865], [29.166605363298572, 37.98595552765939], [29.16606637412812, 37.98595552765939], [29.16606637412812, 37.98487754931845], [29.16714435246905, 37.98487754931845], [29.16714435246905, 37.98433856014798]]]}, "id": "+388073+85373", "properties": {"area_ha": 4.246589863464806, "count": 15, "label": 1, "mean_dnbr": 0.34586505670455286}}, {"type": "Feature", "geometry": {"geodesic": false, "type": "Polygon", "coordinates": [[[29.16930030915094, 37.83935047329109], [29.17091727666235, 37.83935047329109], [29.17091727666235, 37.839889462461564], [29.17253424417376, 37.839889462461564], [29.17253424417376, 37.8409674408025], [29.1703782874919, 37.8409674408025], [29.1703782874919, 37.84042845163203], [29.16930030915094, 37.84042845163203], [29.16930030915094, 37.83935047329109]]]}, "id": "+388079+85642", "properties": {"area_ha": 3.6876555752255693, "count": 13, "label": 1, "mean_dnbr": 0.21011796106299782}}, {"type": "Feature", "geometry": {"geodesic": false, "type": "Polygon", "coordinates": [[[29.17307323334424, 37.98218260346609], [29.1741512116852, 37.98218260346609], [29.1741512116852, 37.982721592636565], [29.17361222251472, 37.982721592636565], [29.17361222251472, 37.98379957097751], [29.1741512116852, 37.98379957097751], [29.1741512116852, 37.98433856014798], [29.17307323334424, 37.98433856014798], [29.17307323334424, 37.98379957097751], [29.17091727666235, 37.98379957097751], [29.17091727666235, 37.982721592636565], [29.17307323334424, 37.982721592636565], [29.17307323334424, 37.98218260346609]]]}, "id": "+388085+85377", "properties": {"area_ha": 3.9636042412704593, "count": 14, "label": 1, "mean_dnbr": 0.2618412171407173}}, {"type": "Feature", "geometry": {"geodesic": false, "type": "Polygon", "coordinates": [[[29.17361222251472, 37.97733170093185], [29.1741512116852, 37.97733170093185], [29.1741512116852, 37.97787069010232], [29.17361222251472, 37.97787069010232], [29.17361222251472, 37.97948765761373], [29.17307323334424, 37.97948765761373], [29.17307323334424, 37.980026646784204], [29.17253424417376, 37.980026646784204], [29.17253424417376, 37.980565635954676], [29.17091727666235, 37.980565635954676], [29.17091727666235, 37.980026646784204], [29.1703782874919, 37.980026646784204], [29.1703782874919, 37.97948765761373], [29.17199525500331, 37.97948765761373], [29.17199525500331, 37.980026646784204], [29.17253424417376, 37.980026646784204], [29.17253424417376, 37.97894866844326], [29.17307323334424, 37.97894866844326], [29.17307323334424, 37.97787069010232], [29.17361222251472, 37.97787069010232], [29.17361222251472, 37.97733170093185]]]}, "id": "+388085+85386", "properties": {"area_ha": 3.3975538967251095, "count": 12, "label": 1, "mean_dnbr": 0.20101769804324823}}, {"type": "Feature", "geometry": {"geodesic": false, "type": "Polygon", "coordinates": [[[29.186547962606028, 38.086207513367135], [29.188164930117466, 38.086207513367135], [29.188164930117466, 38.08674650253761], [29.187625940946987, 38.08674650253761], [29.187625940946987, 38.087824480878545], [29.188164930117466, 38.087824480878545], [29.188164930117466, 38.08890245921949], [29.187625940946987, 38.08890245921949], [29.187625940946987, 38.08836347004902], [29.186008973435577, 38.08836347004902], [29.186008973435577, 38.08890245921949], [29.185469984265097, 38.08890245921949], [29.185469984265097, 38.08836347004902], [29.186008973435577, 38.08836347004902], [29.186008973435577, 38.087824480878545], [29.187086951776507, 38.087824480878545], [29.187086951776507, 38.08728549170807], [29.186008973435577, 38.08728549170807], [29.186008973435577, 38.08674650253761], [29.186547962606028, 38.08674650253761], [29.186547962606028, 38.086207513367135]]]}, "id": "+388111+85184", "properties": {"area_ha": 3.6752545513702173, "count": 13, "label": 1, "mean_dnbr": 0.17942772084166034}}, {"type": "Feature", "geometry": {"geodesic": false, "type": "Polygon", "coordinates": [[[29.187625940946987, 37.97301978756807], [29.189242908458397, 37.97301978756807], [29.189242908458397, 37.974097765909015], [29.190320886799327, 37.974097765909015], [29.190320886799327, 37.97463675507949], [29.189781897628876, 37.97463675507949], [29.189781897628876, 37.97517574424996], [29.188703919287917, 37.97517574424996], [29.188703919287917, 37.97463675507949], [29.188164930117466, 37.97463675507949], [29.188164930117466, 37.974097765909015], [29.187625940946987, 37.974097765909015], [29.187625940946987, 37.97301978756807]]]}, "id": "+388113+85394", "properties": {"area_ha": 3.397798742451363, "count": 12, "label": 1, "mean_dnbr": 0.28419291135970404}}, {"type": "Feature", "geometry": {"geodesic": false, "type": "Polygon", "coordinates": [[[29.235056987948496, 38.70927899443243], [29.237212944630386, 38.70927899443243], [29.237212944630386, 38.7098179836029], [29.237751933800865, 38.7098179836029], [29.237751933800865, 38.710356972773376], [29.237212944630386, 38.710356972773376], [29.237212944630386, 38.712512929455265], [29.236134966289427, 38.712512929455265], [29.236134966289427, 38.71359090779621], [29.237751933800865, 38.71359090779621], [29.237751933800865, 38.714129896966675], [29.238290922971316, 38.714129896966675], [29.238290922971316, 38.71466888613715], [29.238829912141796, 38.71466888613715], [29.238829912141796, 38.71520787530762], [29.237751933800865, 38.71520787530762], [29.237751933800865, 38.71466888613715], [29.236673955459906, 38.71466888613715], [29.236673955459906, 38.71520787530762], [29.235595977118976, 38.71520787530762], [29.235595977118976, 38.71466888613715], [29.235056987948496, 38.71466888613715], [29.235056987948496, 38.714129896966675], [29.234517998778017, 38.714129896966675], [29.234517998778017, 38.71359090779621], [29.233440020437087, 38.71359090779621], [29.233440020437087, 38.71305191862574], [29.232901031266607, 38.71305191862574], [29.232901031266607, 38.712512929455265], [29.232362042096128, 38.712512929455265], [29.232362042096128, 38.71197394028479], [29.231823052925677, 38.71197394028479], [29.231823052925677, 38.71143495111432], [29.233440020437087, 38.71143495111432], [29.233440020437087, 38.71197394028479], [29.234517998778017, 38.71197394028479], [29.234517998778017, 38.71089596194385], [29.235056987948496, 38.71089596194385], [29.235056987948496, 38.70927899443243]]]}, "id": "+388202+84028", "properties": {"area_ha": 17.377282345781946, "count": 62, "label": 1, "mean_dnbr": 0.24724087441331227}}, {"type": "Feature", "geometry": {"geodesic": false, "type": "Polygon", "coordinates": [[[29.250148684721694, 38.45056419260601], [29.251765652233104, 38.45056419260601], [29.251765652233104, 38.45110318177648], [29.250687673892173, 38.45110318177648], [29.250687673892173, 38.451642170946954], [29.251226663062653, 38.451642170946954], [29.251226663062653, 38.452181160117426], [29.250148684721694, 38.452181160117426], [29.250148684721694, 38.4527201492879], [29.248531717210284, 38.4527201492879], [29.248531717210284, 38.451642170946954], [29.249609695551243, 38.451642170946954], [29.249609695551243, 38.45110318177648], [29.250148684721694, 38.45110318177648], [29.250148684721694, 38.45056419260601]], [[29.250148684721694, 38.451642170946954], [29.250148684721694, 38.452181160117426], [29.249609695551243, 38.452181160117426], [29.249609695551243, 38.451642170946954], [29.250148684721694, 38.451642170946954]]]}, "id": "+388229+84508", "properties": {"area_ha": 3.375574854281005, "count": 12, "label": 1, "mean_dnbr": 0.16312227206297056}}, {"type": "Feature", "geometry": {"geodesic": false, "type": "Polygon", "coordinates": [[[29.256616554767362, 38.5098530013579], [29.258233522278772, 38.5098530013579], [29.258233522278772, 38.51093097969884], [29.257694533108292, 38.51093097969884], [29.257694533108292, 38.511469968869314], [29.25715554393784, 38.511469968869314], [29.25715554393784, 38.51093097969884], [29.256616554767362, 38.51093097969884], [29.256616554767362, 38.512008958039786], [29.254999587255952, 38.512008958039786], [29.254999587255952, 38.511469968869314], [29.25553857642643, 38.511469968869314], [29.25553857642643, 38.51093097969884], [29.256616554767362, 38.51093097969884], [29.256616554767362, 38.5098530013579]]]}, "id": "+388241+84398", "properties": {"area_ha": 3.3728002164334647, "count": 12, "label": 1, "mean_dnbr": 0.20587307668931581}}, {"type": "Feature", "geometry": {"geodesic": false, "type": "Polygon", "coordinates": [[[29.26362341398348, 38.5632129292346], [29.26470139232444, 38.5632129292346], [29.26470139232444, 38.56375191840507], [29.26524038149492, 38.56375191840507], [29.26524038149492, 38.56482989674601], [29.26416240315396, 38.56482989674601], [29.26416240315396, 38.56590787508696], [29.26470139232444, 38.56590787508696], [29.26470139232444, 38.5669858534279], [29.26524038149492, 38.5669858534279], [29.26524038149492, 38.567524842598374], [29.26470139232444, 38.567524842598374], [29.26470139232444, 38.5669858534279], [29.26416240315396, 38.5669858534279], [29.26416240315396, 38.56590787508696], [29.26362341398348, 38.56590787508696], [29.26362341398348, 38.5632129292346]]]}, "id": "+388253+84299", "properties": {"area_ha": 3.651127645185771, "count": 13, "label": 1, "mean_dnbr": 0.21889320586262292}}, {"type": "Feature", "geometry": {"geodesic": false, "type": "Polygon", "coordinates": [[[29.26685734900633, 38.50069018545988], [29.26847431651774, 38.50069018545988], [29.26847431651774, 38.50122917463035], [29.26901330568822, 38.50122917463035], [29.26901330568822, 38.501768163800826], [29.26847431651774, 38.501768163800826], [29.26847431651774, 38.5023071529713], [29.26739633817681, 38.5023071529713], [29.26739633817681, 38.50284614214177], [29.26685734900633, 38.50284614214177], [29.26685734900633, 38.5023071529713], [29.26631835983585, 38.5023071529713], [29.26631835983585, 38.50122917463035], [29.26685734900633, 38.50122917463035], [29.26685734900633, 38.50069018545988]]]}, "id": "+388260+84415", "properties": {"area_ha": 3.654337962421347, "count": 13, "label": 1, "mean_dnbr": 0.20748608498737808}}, {"type": "Feature", "geometry": {"geodesic": false, "type": "Polygon", "coordinates": [[[29.26955229485867, 38.50069018545988], [29.27009128402915, 38.50069018545988], [29.27009128402915, 38.50122917463035], [29.27116926237011, 38.50122917463035], [29.27116926237011, 38.501768163800826], [29.27063027319963, 38.501768163800826], [29.27063027319963, 38.5023071529713], [29.27224724071104, 38.5023071529713], [29.27224724071104, 38.50284614214177], [29.27170825154056, 38.50284614214177], [29.27170825154056, 38.503385131312236], [29.27009128402915, 38.503385131312236], [29.27009128402915, 38.501768163800826], [29.26955229485867, 38.501768163800826], [29.26955229485867, 38.50069018545988]]]}, "id": "+388263+84415", "properties": {"area_ha": 3.3732062463693744, "count": 12, "label": 1, "mean_dnbr": 0.17964544389289722}}, {"type": "Feature", "geometry": {"geodesic": false, "type": "Polygon", "coordinates": [[[29.26955229485867, 38.52332773061969], [29.27278622988152, 38.52332773061969], [29.27278622988152, 38.524405708960636], [29.27224724071104, 38.524405708960636], [29.27224724071104, 38.52494469813111], [29.27009128402915, 38.52494469813111], [29.27009128402915, 38.52386671979016], [29.26955229485867, 38.52386671979016], [29.26955229485867, 38.52332773061969]]]}, "id": "+388268+84373", "properties": {"area_ha": 4.215215857558729, "count": 15, "label": 1, "mean_dnbr": 0.2165756828422028}}, {"type": "Feature", "geometry": {"geodesic": false, "type": "Polygon", "coordinates": [[[29.279793089097637, 38.49422231541422], [29.280332078268117, 38.49422231541422], [29.280332078268117, 38.49476130458469], [29.279793089097637, 38.49476130458469], [29.279793089097637, 38.495300293755164], [29.278715110756707, 38.495300293755164], [29.278715110756707, 38.49583928292564], [29.278176121586228, 38.49583928292564], [29.278176121586228, 38.49637827209611], [29.277637132415748, 38.49637827209611], [29.277637132415748, 38.49691726126658], [29.277098143245297, 38.49691726126658], [29.277098143245297, 38.49637827209611], [29.276020164904338, 38.49637827209611], [29.276020164904338, 38.49583928292564], [29.277098143245297, 38.49583928292564], [29.277098143245297, 38.495300293755164], [29.276559154074818, 38.495300293755164], [29.276559154074818, 38.49476130458469], [29.277637132415748, 38.49476130458469], [29.277637132415748, 38.49422231541422], [29.279254099927186, 38.49422231541422], [29.279254099927186, 38.49476130458469], [29.279793089097637, 38.49476130458469], [29.279793089097637, 38.49422231541422]], [[29.277637132415748, 38.49583928292564], [29.277637132415748, 38.49637827209611], [29.277098143245297, 38.49637827209611], [29.277098143245297, 38.49583928292564], [29.277637132415748, 38.49583928292564]], [[29.278176121586228, 38.495300293755164], [29.278176121586228, 38.49583928292564], [29.277637132415748, 38.49583928292564], [29.277637132415748, 38.495300293755164], [29.278176121586228, 38.495300293755164]], [[29.278715110756707, 38.49476130458469], [29.278715110756707, 38.495300293755164], [29.278176121586228, 38.495300293755164], [29.278176121586228, 38.49476130458469], [29.278715110756707, 38.49476130458469]]]}, "id": "+388282+84427", "properties": {"area_ha": 4.216914626051856, "count": 15, "label": 1, "mean_dnbr": 0.19794592990563234}}, {"type": "Feature", "geometry": {"geodesic": false, "type": "Polygon", "coordinates": [[[29.282488034950006, 38.49368332624375], [29.284105002461416, 38.49368332624375], [29.284105002461416, 38.49422231541422], [29.284643991631896, 38.49422231541422], [29.284643991631896, 38.49476130458469], [29.285182980802375, 38.49476130458469], [29.285182980802375, 38.495300293755164], [29.285721969972826, 38.495300293755164], [29.285721969972826, 38.49691726126658], [29.284643991631896, 38.49691726126658], [29.284643991631896, 38.495300293755164], [29.283027024120486, 38.495300293755164], [29.283027024120486, 38.49637827209611], [29.281949045779527, 38.49637827209611], [29.281949045779527, 38.49583928292564], [29.282488034950006, 38.49583928292564], [29.282488034950006, 38.495300293755164], [29.281410056609047, 38.495300293755164], [29.281410056609047, 38.49476130458469], [29.281949045779527, 38.49476130458469], [29.281949045779527, 38.49422231541422], [29.282488034950006, 38.49422231541422], [29.282488034950006, 38.49368332624375]]]}, "id": "+388289+84428", "properties": {"area_ha": 6.747080393755648, "count": 24, "label": 1, "mean_dnbr": 0.1962577848285395}}, {"type": "Feature", "geometry": {"geodesic": false, "type": "Polygon", "coordinates": [[[29.285182980802375, 38.48559848868667], [29.286260959143306, 38.48559848868667], [29.286260959143306, 38.48613747785714], [29.285721969972826, 38.48613747785714], [29.285721969972826, 38.486676467027614], [29.285182980802375, 38.486676467027614], [29.285182980802375, 38.487215456198086], [29.284643991631896, 38.487215456198086], [29.284643991631896, 38.4888324237095], [29.284105002461416, 38.4888324237095], [29.284105002461416, 38.489371412879976], [29.283566013290937, 38.489371412879976], [29.283566013290937, 38.48991040205045], [29.282488034950006, 38.48991040205045], [29.282488034950006, 38.489371412879976], [29.283027024120486, 38.489371412879976], [29.283027024120486, 38.4888324237095], [29.283566013290937, 38.4888324237095], [29.283566013290937, 38.48775444536856], [29.284105002461416, 38.48775444536856], [29.284105002461416, 38.48613747785714], [29.285182980802375, 38.48613747785714], [29.285182980802375, 38.48559848868667]]]}, "id": "+388293+84443", "properties": {"area_ha": 4.49851854685437, "count": 16, "label": 1, "mean_dnbr": 0.1743323535884188}}, {"type": "Feature", "geometry": {"geodesic": false, "type": "Polygon", "coordinates": [[[29.285182980802375, 37.976253722590904], [29.286799948313785, 37.976253722590904], [29.286799948313785, 37.97733170093185], [29.285721969972826, 37.97733170093185], [29.285721969972826, 37.978409679272794], [29.285182980802375, 37.978409679272794], [29.285182980802375, 37.97894866844326], [29.284643991631896, 37.97894866844326], [29.284643991631896, 37.97787069010232], [29.285182980802375, 37.97787069010232], [29.285182980802375, 37.97733170093185], [29.284643991631896, 37.97733170093185], [29.284643991631896, 37.97679271176138], [29.285182980802375, 37.97679271176138], [29.285182980802375, 37.976253722590904]]]}, "id": "+388294+85388", "properties": {"area_ha": 3.1145111849050737, "count": 11, "label": 1, "mean_dnbr": 0.17437580135308958}}, {"type": "Feature", "geometry": {"geodesic": false, "type": "Polygon", "coordinates": [[[29.287877926654716, 38.489371412879976], [29.290572872507084, 38.489371412879976], [29.290572872507084, 38.48991040205045], [29.291650850848015, 38.48991040205045], [29.291650850848015, 38.49044939122092], [29.288955904995674, 38.49044939122092], [29.288955904995674, 38.49098838039139], [29.290033883336605, 38.49098838039139], [29.290033883336605, 38.49152736956186], [29.287338937484236, 38.49152736956186], [29.287338937484236, 38.49098838039139], [29.287877926654716, 38.49098838039139], [29.287877926654716, 38.489371412879976]]]}, "id": "+388301+84436", "properties": {"area_ha": 5.341803616422927, "count": 19, "label": 1, "mean_dnbr": 0.1572890171518056}}, {"type": "Feature", "geometry": {"geodesic": false, "type": "Polygon", "coordinates": [[[29.31374940683736, 38.47481870527724], [29.31428839600784, 38.47481870527724], [29.31428839600784, 38.47589668361818], [29.31482738517832, 38.47589668361818], [29.31482738517832, 38.476435672788654], [29.31536637434877, 38.476435672788654], [29.31536637434877, 38.47805264030007], [29.31590536351925, 38.47805264030007], [29.31590536351925, 38.48020859698195], [29.31536637434877, 38.48020859698195], [29.31536637434877, 38.47913061864101], [29.31482738517832, 38.47913061864101], [29.31482738517832, 38.47859162947054], [29.31536637434877, 38.47859162947054], [29.31536637434877, 38.47805264030007], [29.31482738517832, 38.47805264030007], [29.31482738517832, 38.476974661959126], [29.31428839600784, 38.476974661959126], [29.31428839600784, 38.47589668361818], [29.31374940683736, 38.47589668361818], [29.31374940683736, 38.47481870527724]]]}, "id": "+388345+84463", "properties": {"area_ha": 3.3743635464131674, "count": 12, "label": 1, "mean_dnbr": 0.1731279622521585}}, {"type": "Feature", "geometry": {"geodesic": false, "type": "Polygon", "coordinates": [[[29.31374940683736, 38.464577911038276], [29.31644435268973, 38.464577911038276], [29.31644435268973, 38.46511690020875], [29.31374940683736, 38.46511690020875], [29.31374940683736, 38.466733867720166], [29.31213243932595, 38.466733867720166], [29.31213243932595, 38.46511690020875], [29.31374940683736, 38.46511690020875], [29.31374940683736, 38.464577911038276]]]}, "id": "+388349+84482", "properties": {"area_ha": 3.937413697567026, "count": 14, "label": 1, "mean_dnbr": 0.17592932654252944}}, {"type": "Feature", "geometry": {"geodesic": false, "type": "Polygon", "coordinates": [[[29.324529190246807, 38.472662748595354], [29.326146157758217, 38.472662748595354], [29.326146157758217, 38.47320173776582], [29.327763125269627, 38.47320173776582], [29.327763125269627, 38.474279716106764], [29.327224136099147, 38.474279716106764], [29.327224136099147, 38.47374072693629], [29.326146157758217, 38.47374072693629], [29.326146157758217, 38.474279716106764], [29.324529190246807, 38.474279716106764], [29.324529190246807, 38.472662748595354]]]}, "id": "+388367+84467", "properties": {"area_ha": 3.6557637311326916, "count": 13, "label": 1, "mean_dnbr": 0.20803153352116396}}, {"type": "Feature", "geometry": {"geodesic": false, "type": "Polygon", "coordinates": [[[29.327224136099147, 38.53572448154054], [29.327763125269627, 38.53572448154054], [29.327763125269627, 38.53734144905196], [29.326146157758217, 38.53734144905196], [29.326146157758217, 38.53788043822243], [29.325607168587737, 38.53788043822243], [29.325607168587737, 38.5384194273929], [29.326146157758217, 38.5384194273929], [29.326146157758217, 38.53949740573384], [29.325607168587737, 38.53949740573384], [29.325607168587737, 38.538958416563375], [29.325068179417258, 38.538958416563375], [29.325068179417258, 38.53788043822243], [29.325607168587737, 38.53788043822243], [29.325607168587737, 38.536802459881486], [29.325068179417258, 38.536802459881486], [29.325068179417258, 38.53626347071101], [29.325607168587737, 38.53626347071101], [29.325607168587737, 38.536802459881486], [29.326685146928696, 38.536802459881486], [29.326685146928696, 38.53626347071101], [29.327224136099147, 38.53626347071101], [29.327224136099147, 38.53572448154054]]]}, "id": "+388370+84350", "properties": {"area_ha": 3.652525748002375, "count": 13, "label": 1, "mean_dnbr": 0.17769175815023122}}, {"type": "Feature", "geometry": {"geodesic": false, "type": "Polygon", "coordinates": [[[29.331536049462926, 37.83611653826826], [29.333692006144815, 37.83611653826826], [29.333692006144815, 37.83665552743873], [29.334769984485746, 37.83665552743873], [29.334769984485746, 37.8371945166092], [29.335308973656225, 37.8371945166092], [29.335308973656225, 37.837733505779674], [29.333153016974336, 37.837733505779674], [29.333153016974336, 37.8371945166092], [29.330997060292447, 37.8371945166092], [29.330997060292447, 37.83665552743873], [29.331536049462926, 37.83665552743873], [29.331536049462926, 37.83611653826826]]]}, "id": "+388381+85648", "properties": {"area_ha": 4.255179726975517, "count": 15, "label": 1, "mean_dnbr": 0.3614401149642995}}, {"type": "Feature", "geometry": {"geodesic": false, "type": "Polygon", "coordinates": [[[29.335308973656225, 38.25221617787242], [29.335847962826705, 38.25221617787242], [29.335847962826705, 38.25275516704289], [29.337464930338115, 38.25275516704289], [29.337464930338115, 38.253294156213364], [29.338542908679074, 38.253294156213364], [29.338542908679074, 38.255450112895254], [29.338003919508594, 38.255450112895254], [29.338003919508594, 38.25437213455431], [29.336925941167635, 38.25437213455431], [29.336925941167635, 38.25383314538384], [29.336386951997184, 38.25383314538384], [29.336386951997184, 38.25491112372478], [29.336925941167635, 38.25491112372478], [29.336925941167635, 38.255450112895254], [29.337464930338115, 38.255450112895254], [29.337464930338115, 38.25598910206572], [29.336386951997184, 38.25598910206572], [29.336386951997184, 38.255450112895254], [29.335847962826705, 38.255450112895254], [29.335847962826705, 38.25437213455431], [29.335308973656225, 38.25437213455431], [29.335308973656225, 38.25383314538384], [29.334769984485746, 38.25383314538384], [29.334769984485746, 38.25275516704289], [29.335308973656225, 38.25275516704289], [29.335308973656225, 38.25221617787242]]]}, "id": "+388385+84876", "properties": {"area_ha": 7.051672091423992, "count": 25, "label": 1, "mean_dnbr": 0.21725820849290658}}, {"type": "Feature", "geometry": {"geodesic": false, "type": "Polygon", "coordinates": [[[29.337464930338115, 37.8371945166092], [29.338003919508594, 37.8371945166092], [29.338003919508594, 37.837733505779674], [29.338542908679074, 37.837733505779674], [29.338542908679074, 37.83827249495015], [29.338003919508594, 37.83827249495015], [29.338003919508594, 37.83881148412062], [29.337464930338115, 37.83881148412062], [29.337464930338115, 37.839889462461564], [29.336925941167635, 37.839889462461564], [29.336925941167635, 37.84042845163203], [29.336386951997184, 37.84042845163203], [29.336386951997184, 37.83827249495015], [29.337464930338115, 37.83827249495015], [29.337464930338115, 37.8371945166092]]]}, "id": "+388389+85646", "properties": {"area_ha": 3.1203814547106057, "count": 11, "label": 1, "mean_dnbr": 0.30940499242129643}}, {"type": "Feature", "geometry": {"geodesic": false, "type": "Polygon", "coordinates": [[[29.34986168125897, 38.533029535688186], [29.350939659599902, 38.533029535688186], [29.350939659599902, 38.53356852485865], [29.35147864877038, 38.53356852485865], [29.35147864877038, 38.534646503199596], [29.34986168125897, 38.534646503199596], [29.34986168125897, 38.53518549237007], [29.349322692088492, 38.53518549237007], [29.349322692088492, 38.53572448154054], [29.34824471374756, 38.53572448154054], [29.34824471374756, 38.53518549237007], [29.348783702918013, 38.53518549237007], [29.348783702918013, 38.534646503199596], [29.34824471374756, 38.534646503199596], [29.34824471374756, 38.534107514029124], [29.349322692088492, 38.534107514029124], [29.349322692088492, 38.53356852485865], [29.34986168125897, 38.53356852485865], [29.34986168125897, 38.533029535688186]]]}, "id": "+388413+84355", "properties": {"area_ha": 4.495609208034728, "count": 16, "label": 1, "mean_dnbr": 0.16785622822499932}}, {"type": "Feature", "geometry": {"geodesic": false, "type": "Polygon", "coordinates": [[[29.35309561628179, 38.45541509514025], [29.35417359462275, 38.45541509514025], [29.35417359462275, 38.455954084310726], [29.35363460545227, 38.455954084310726], [29.35363460545227, 38.45864903016309], [29.35255662711134, 38.45864903016309], [29.35255662711134, 38.4564930734812], [29.35309561628179, 38.4564930734812], [29.35309561628179, 38.45541509514025]]]}, "id": "+388419+84499", "properties": {"area_ha": 3.094043982102246, "count": 11, "label": 1, "mean_dnbr": 0.2107069046374758}}, {"type": "Feature", "geometry": {"geodesic": false, "type": "Polygon", "coordinates": [[[29.35525157296368, 37.87600173688317], [29.35794651881605, 37.87600173688317], [29.35794651881605, 37.877079715224106], [29.35902449715698, 37.877079715224106], [29.35902449715698, 37.87815769356505], [29.36064146466839, 37.87815769356505], [29.36064146466839, 37.879235671905995], [29.36118045383887, 37.879235671905995], [29.36118045383887, 37.88031365024694], [29.36171944300935, 37.88031365024694], [29.36171944300935, 37.88193061775836], [29.36225843217983, 37.88193061775836], [29.36225843217983, 37.88246960692882], [29.36279742135028, 37.88246960692882], [29.36279742135028, 37.88354758526977], [29.36387539969124, 37.88354758526977], [29.36387539969124, 37.88408657444024], [29.364414388861718, 37.88408657444024], [29.364414388861718, 37.885703541951656], [29.36387539969124, 37.885703541951656], [29.36387539969124, 37.88624253112213], [29.366031356373128, 37.88624253112213], [29.366031356373128, 37.887859498633546], [29.36333641052076, 37.887859498633546], [29.36333641052076, 37.89001545531543], [29.36387539969124, 37.89001545531543], [29.36387539969124, 37.8905544444859], [29.364414388861718, 37.8905544444859], [29.364414388861718, 37.89109343365637], [29.36549236720265, 37.89109343365637], [29.36549236720265, 37.893788379508734], [29.364414388861718, 37.893788379508734], [29.364414388861718, 37.89324939033826], [29.36279742135028, 37.89324939033826], [29.36279742135028, 37.89271040116779], [29.36118045383887, 37.89271040116779], [29.36118045383887, 37.89217141199732], [29.35956348632746, 37.89217141199732], [29.35956348632746, 37.891632422826845], [29.35902449715698, 37.891632422826845], [29.35902449715698, 37.89109343365637], [29.35848550798653, 37.89109343365637], [29.35848550798653, 37.8905544444859], [29.35794651881605, 37.8905544444859], [29.35794651881605, 37.887859498633546], [29.35740752964557, 37.887859498633546], [29.35740752964557, 37.88732050946307], [29.35794651881605, 37.88732050946307], [29.35794651881605, 37.8867815202926], [29.35848550798653, 37.8867815202926], [29.35848550798653, 37.885703541951656], [29.35794651881605, 37.885703541951656], [29.35794651881605, 37.88354758526977], [29.35686854047509, 37.88354758526977], [29.35686854047509, 37.88193061775836], [29.35740752964557, 37.88193061775836], [29.35740752964557, 37.881391628587885], [29.35579056213416, 37.881391628587885], [29.35579056213416, 37.88085263941741], [29.35632955130464, 37.88085263941741], [29.35632955130464, 37.88031365024694], [29.35579056213416, 37.88031365024694], [29.35579056213416, 37.87869668273552], [29.35525157296368, 37.87869668273552], [29.35525157296368, 37.87600173688317]], [[29.36333641052076, 37.8867815202926], [29.36333641052076, 37.88732050946307], [29.36225843217983, 37.88732050946307], [29.36225843217983, 37.8867815202926], [29.36333641052076, 37.8867815202926]], [[29.36118045383887, 37.885164552781184], [29.36118045383887, 37.885703541951656], [29.36225843217983, 37.885703541951656], [29.36225843217983, 37.8867815202926], [29.36171944300935, 37.8867815202926], [29.36171944300935, 37.88624253112213], [29.36010247549794, 37.88624253112213], [29.36010247549794, 37.885164552781184], [29.36118045383887, 37.885164552781184]], [[29.36333641052076, 37.885164552781184], [29.36333641052076, 37.885703541951656], [29.36225843217983, 37.885703541951656], [29.36225843217983, 37.885164552781184], [29.36333641052076, 37.885164552781184]], [[29.36010247549794, 37.88462556361071], [29.36010247549794, 37.885164552781184], [29.35956348632746, 37.885164552781184], [29.35956348632746, 37.88462556361071], [29.36010247549794, 37.88462556361071]], [[29.35956348632746, 37.88354758526977], [29.35956348632746, 37.88462556361071], [29.35902449715698, 37.88462556361071], [29.35902449715698, 37.88354758526977], [29.35956348632746, 37.88354758526977]], [[29.35956348632746, 37.88031365024694], [29.35956348632746, 37.88085263941741], [29.36010247549794, 37.88085263941741], [29.36010247549794, 37.881391628587885], [29.36064146466839, 37.881391628587885], [29.36064146466839, 37.88246960692882], [29.35956348632746, 37.88246960692882], [29.35956348632746, 37.881391628587885], [29.35902449715698, 37.881391628587885], [29.35902449715698, 37.88085263941741], [29.35848550798653, 37.88085263941741], [29.35848550798653, 37.88031365024694], [29.35956348632746, 37.88031365024694]]]}, "id": "+388426+85574", "properties": {"area_ha": 86.18173988329296, "count": 304, "label": 1, "mean_dnbr": 0.34600796660606287}}, {"type": "Feature", "geometry": {"geodesic": false, "type": "Polygon", "coordinates": [[[29.36171944300935, 38.338454445147896], [29.36225843217983, 38.338454445147896], [29.36225843217983, 38.34061040182978], [29.36118045383887, 38.34061040182978], [29.36118045383887, 38.33953242348884], [29.35956348632746, 38.33953242348884], [29.35956348632746, 38.33899343431837], [29.36010247549794, 38.33899343431837], [29.36010247549794, 38.338454445147896], [29.36064146466839, 38.338454445147896], [29.36064146466839, 38.33899343431837], [29.36171944300935, 38.33899343431837], [29.36171944300935, 38.338454445147896]]]}, "id": "+388434+84716", "properties": {"area_ha": 3.099085731361555, "count": 11, "label": 1, "mean_dnbr": 0.14114600021063314}}, {"type": "Feature", "geometry": {"geodesic": false, "type": "Polygon", "coordinates": [[[29.36549236720265, 37.84851328918911], [29.366031356373128, 37.84851328918911], [29.366031356373128, 37.850130256700524], [29.36549236720265, 37.850130256700524], [29.36549236720265, 37.850669245870996], [29.36387539969124, 37.850669245870996], [29.36387539969124, 37.84959126753005], [29.364414388861718, 37.84959126753005], [29.364414388861718, 37.84851328918911], [29.36495337803217, 37.84851328918911], [29.36495337803217, 37.84905227835958], [29.36549236720265, 37.84905227835958], [29.36549236720265, 37.84851328918911]]]}, "id": "+388441+85625", "properties": {"area_ha": 3.403552972016909, "count": 12, "label": 1, "mean_dnbr": 0.27300948728714547}}, {"type": "Feature", "geometry": {"geodesic": false, "type": "Polygon", "coordinates": [[[29.384895977339625, 37.992962386875526], [29.387590923191993, 37.992962386875526], [29.387590923191993, 37.993501376046], [29.388129912362473, 37.993501376046], [29.388129912362473, 37.99457935438694], [29.387590923191993, 37.99457935438694], [29.387590923191993, 37.99404036521647], [29.385434966510104, 37.99404036521647], [29.385434966510104, 37.993501376046], [29.384895977339625, 37.993501376046], [29.384895977339625, 37.992962386875526]]]}, "id": "+388481+85357", "properties": {"area_ha": 3.1138162218425522, "count": 11, "label": 1, "mean_dnbr": 0.18815476137918266}}]}