{"type": "FeatureCollection", "columns": {"area_ha": "Number", "count": "Long<0, 4294967295>", "label": "Byte<0, 1>", "mean_dnbr": "Object", "system:index": "String"}, "features": [{"type": "Feature", "geometry": {"geodesic": false, "type": "Polygon", "coordinates": [[[29.796144714409536, 36.96618801712691], [29.797222692750495, 36.96618801712691], [29.797222692750495, 36.967265995467855], [29.798839660261905, 36.967265995467855], [29.798839660261905, 36.9683439738088], [29.797761681920974, 36.9683439738088], [29.797761681920974, 36.969421952149744], [29.795066736068605, 36.969421952149744], [29.795066736068605, 36.9683439738088], [29.794527746898126, 36.9683439738088], [29.794527746898126, 36.96780498463833], [29.795605725239085, 36.96780498463833], [29.795605725239085, 36.9683439738088], [29.796683703580015, 36.9683439738088], [29.796683703580015, 36.967265995467855], [29.795066736068605, 36.967265995467855], [29.795066736068605, 36.96672700629738], [29.796144714409536, 36.96672700629738], [29.796144714409536, 36.96618801712691]], [[29.797222692750495, 36.9683439738088], [29.797222692750495, 36.96888296297927], [29.796683703580015, 36.96888296297927], [29.796683703580015, 36.9683439738088], [29.797222692750495, 36.9683439738088]]]}, "id": "+389241+87262", "properties": {"area_ha": 7.17468825298055, "count": 25, "label": 1, "mean_dnbr": 0.2765960552568877}}, {"type": "Feature", "geometry": {"geodesic": false, "type": "Polygon", "coordinates": [[[29.82201619459218, 37.06320606781182], [29.82255518376266, 37.06320606781182], [29.82255518376266, 37.06374505698229], [29.82417215127407, 37.06374505698229], [29.82417215127407, 37.06536202449371], [29.82255518376266, 37.06536202449371], [29.82255518376266, 37.06590101366418], [29.82201619459218, 37.06590101366418], [29.82201619459218, 37.06320606781182]]]}, "id": "+389288+87082", "properties": {"area_ha": 4.012716734826261, "count": 14, "label": 1, "mean_dnbr": 0.17985700434974933}}, {"type": "Feature", "geometry": {"geodesic": false, "type": "Polygon", "coordinates": [[[29.82147720542173, 37.072907872880315], [29.82578911878548, 37.072907872880315], [29.82578911878548, 37.07398585122126], [29.82525012961503, 37.07398585122126], [29.82525012961503, 37.07560281873267], [29.82686709712644, 37.07560281873267], [29.82686709712644, 37.07614180790314], [29.82309417293314, 37.07614180790314], [29.82309417293314, 37.07560281873267], [29.82363316210359, 37.07560281873267], [29.82363316210359, 37.074524840391724], [29.82147720542173, 37.074524840391724], [29.82147720542173, 37.07398585122126], [29.82093821625125, 37.07398585122126], [29.82093821625125, 37.07344686205079], [29.82147720542173, 37.07344686205079], [29.82147720542173, 37.072907872880315]]]}, "id": "+389294+87064", "properties": {"area_ha": 10.603656124609632, "count": 37, "label": 1, "mean_dnbr": 0.28816548944721604}}, {"type": "Feature", "geometry": {"geodesic": false, "type": "Polygon", "coordinates": [[[29.83171799966067, 37.07344686205079], [29.832256988831148, 37.07344686205079], [29.832256988831148, 37.074524840391724], [29.832795978001627, 37.074524840391724], [29.832795978001627, 37.0750638295622], [29.833334967172107, 37.0750638295622], [29.833334967172107, 37.074524840391724], [29.833873956342558, 37.074524840391724], [29.833873956342558, 37.07398585122126], [29.834412945513037, 37.07398585122126], [29.834412945513037, 37.074524840391724], [29.834951934683517, 37.074524840391724], [29.834951934683517, 37.07560281873267], [29.832795978001627, 37.07560281873267], [29.832795978001627, 37.0750638295622], [29.831179010490217, 37.0750638295622], [29.831179010490217, 37.074524840391724], [29.83171799966067, 37.074524840391724], [29.83171799966067, 37.07344686205079]]]}, "id": "+389306+87063", "properties": {"area_ha": 3.725600094884629, "count": 13, "label": 1, "mean_dnbr": 0.17064128505010132}}, {"type": "Feature", "geometry": {"geodesic": false, "type": "Polygon", "coordinates": [[[29.835490923853968, 37.05350426274333], [29.836029913024447, 37.05350426274333], [29.836029913024447, 37.054582241084276], [29.835490923853968, 37.054582241084276], [29.835490923853968, 37.05727718693663], [29.834412945513037, 37.05727718693663], [29.834412945513037, 37.05512123025475], [29.834951934683517, 37.05512123025475], [29.834951934683517, 37.054043251913804], [29.835490923853968, 37.054043251913804], [29.835490923853968, 37.05350426274333]]]}, "id": "+389313+87100", "properties": {"area_ha": 3.439879521360602, "count": 12, "label": 1, "mean_dnbr": 0.2539057157877667}}, {"type": "Feature", "geometry": {"geodesic": false, "type": "Polygon", "coordinates": [[[29.836568902194927, 37.08746058048305], [29.837646880535857, 37.08746058048305], [29.837646880535857, 37.08853855882399], [29.838185869706336, 37.08853855882399], [29.838185869706336, 37.08799956965352], [29.838724858876816, 37.08799956965352], [29.838724858876816, 37.08853855882399], [29.839263848047295, 37.08853855882399], [29.839263848047295, 37.089616537164936], [29.838185869706336, 37.089616537164936], [29.838185869706336, 37.09015552633541], [29.837646880535857, 37.09015552633541], [29.837646880535857, 37.09069451550588], [29.837107891365406, 37.09069451550588], [29.837107891365406, 37.09015552633541], [29.836568902194927, 37.09015552633541], [29.836568902194927, 37.089616537164936], [29.835490923853968, 37.089616537164936], [29.835490923853968, 37.089077547994464], [29.834951934683517, 37.089077547994464], [29.834951934683517, 37.08853855882399], [29.836029913024447, 37.08853855882399], [29.836029913024447, 37.08799956965352], [29.836568902194927, 37.08799956965352], [29.836568902194927, 37.08746058048305]]]}, "id": "+389316+87037", "properties": {"area_ha": 7.1632575092830635, "count": 25, "label": 1, "mean_dnbr": 0.2366899180048441}}, {"type": "Feature", "geometry": {"geodesic": false, "type": "Polygon", "coordinates": [[[29.838724858876816, 37.070751916198425], [29.839263848047295, 37.070751916198425], [29.839263848047295, 37.07182989453937], [29.839802837217746, 37.07182989453937], [29.839802837217746, 37.07236888370984], [29.841419804729156, 37.07236888370984], [29.841419804729156, 37.072907872880315], [29.842497783070115, 37.072907872880315], [29.842497783070115, 37.074524840391724], [29.843036772240595, 37.074524840391724], [29.843036772240595, 37.0750638295622], [29.840341826388226, 37.0750638295622], [29.840341826388226, 37.074524840391724], [29.839802837217746, 37.074524840391724], [29.839802837217746, 37.07344686205079], [29.839263848047295, 37.07344686205079], [29.839263848047295, 37.072907872880315], [29.838185869706336, 37.072907872880315], [29.838185869706336, 37.07182989453937], [29.838724858876816, 37.07182989453937], [29.838724858876816, 37.070751916198425]], [[29.841419804729156, 37.072907872880315], [29.841419804729156, 37.07344686205079], [29.840880815558705, 37.07344686205079], [29.840880815558705, 37.07398585122126], [29.840341826388226, 37.07398585122126], [29.840341826388226, 37.07344686205079], [29.839802837217746, 37.07344686205079], [29.839802837217746, 37.072907872880315], [29.841419804729156, 37.072907872880315]]]}, "id": "+389319+87068", "properties": {"area_ha": 8.024513606981715, "count": 28, "label": 1, "mean_dnbr": 0.28584012645037826}}, {"type": "Feature", "geometry": {"geodesic": false, "type": "Polygon", "coordinates": [[[29.839263848047295, 37.077219786244086], [29.840880815558705, 37.077219786244086], [29.840880815558705, 37.07775877541456], [29.839802837217746, 37.07775877541456], [29.839802837217746, 37.07829776458503], [29.837646880535857, 37.07829776458503], [29.837646880535857, 37.0788367537555], [29.839263848047295, 37.0788367537555], [29.839263848047295, 37.079375742925976], [29.836568902194927, 37.079375742925976], [29.836568902194927, 37.07991473209645], [29.834951934683517, 37.07991473209645], [29.834951934683517, 37.080992710437386], [29.838185869706336, 37.080992710437386], [29.838185869706336, 37.08153169960786], [29.838724858876816, 37.08153169960786], [29.838724858876816, 37.080992710437386], [29.839263848047295, 37.080992710437386], [29.839263848047295, 37.08045372126691], [29.840341826388226, 37.08045372126691], [29.840341826388226, 37.080992710437386], [29.839802837217746, 37.080992710437386], [29.839802837217746, 37.08153169960786], [29.838724858876816, 37.08153169960786], [29.838724858876816, 37.08207068877833], [29.838185869706336, 37.08207068877833], [29.838185869706336, 37.083148667119275], [29.839263848047295, 37.083148667119275], [29.839263848047295, 37.08422664546022], [29.839802837217746, 37.08422664546022], [29.839802837217746, 37.085304623801164], [29.838724858876816, 37.085304623801164], [29.838724858876816, 37.08476563463069], [29.838185869706336, 37.08476563463069], [29.838185869706336, 37.08422664546022], [29.837107891365406, 37.08422664546022], [29.837107891365406, 37.08368765628975], [29.836568902194927, 37.08368765628975], [29.836568902194927, 37.08422664546022], [29.833873956342558, 37.08422664546022], [29.833873956342558, 37.08476563463069], [29.833334967172107, 37.08476563463069], [29.833334967172107, 37.08422664546022], [29.833873956342558, 37.08422664546022], [29.833873956342558, 37.083148667119275], [29.832795978001627, 37.083148667119275], [29.832795978001627, 37.08207068877833], [29.830640021319738, 37.08207068877833], [29.830640021319738, 37.08153169960786], [29.83010103214926, 37.08153169960786], [29.83010103214926, 37.08207068877833], [29.829023053808328, 37.08207068877833], [29.829023053808328, 37.0826096779488], [29.830640021319738, 37.0826096779488], [29.830640021319738, 37.083148667119275], [29.83171799966067, 37.083148667119275], [29.83171799966067, 37.08368765628975], [29.832256988831148, 37.08368765628975], [29.832256988831148, 37.08422664546022], [29.832795978001627, 37.08422664546022], [29.832795978001627, 37.08476563463069], [29.83010103214926, 37.08476563463069], [29.83010103214926, 37.08368765628975], [29.82956204297878, 37.08368765628975], [29.82956204297878, 37.085304623801164], [29.831179010490217, 37.085304623801164], [29.831179010490217, 37.08584361297164], [29.83171799966067, 37.08584361297164], [29.83171799966067, 37.085304623801164], [29.832256988831148, 37.085304623801164], [29.832256988831148, 37.08584361297164], [29.832795978001627, 37.08584361297164], [29.832795978001627, 37.085304623801164], [29.833334967172107, 37.085304623801164], [29.833334967172107, 37.08584361297164], [29.834412945513037, 37.08584361297164], [29.834412945513037, 37.0863826021421], [29.832795978001627, 37.0863826021421], [29.832795978001627, 37.086921591312574], [29.829023053808328, 37.086921591312574], [29.829023053808328, 37.0863826021421], [29.82686709712644, 37.0863826021421], [29.82686709712644, 37.08584361297164], [29.82578911878548, 37.08584361297164], [29.82578911878548, 37.085304623801164], [29.82632810795596, 37.085304623801164], [29.82632810795596, 37.08476563463069], [29.82578911878548, 37.08476563463069], [29.82578911878548, 37.08422664546022], [29.82632810795596, 37.08422664546022], [29.82632810795596, 37.08368765628975], [29.82686709712644, 37.08368765628975], [29.82686709712644, 37.083148667119275], [29.82632810795596, 37.083148667119275], [29.82632810795596, 37.0826096779488], [29.82471114044455, 37.0826096779488], [29.82471114044455, 37.08368765628975], [29.82363316210359, 37.08368765628975], [29.82363316210359, 37.08476563463069], [29.82255518376266, 37.08476563463069], [29.82255518376266, 37.0826096779488], [29.82201619459218, 37.0826096779488], [29.82201619459218, 37.080992710437386], [29.82147720542173, 37.080992710437386], [29.82147720542173, 37.0788367537555], [29.82417215127407, 37.0788367537555], [29.82417215127407, 37.07829776458503], [29.82471114044455, 37.07829776458503], [29.82471114044455, 37.07775877541456], [29.82417215127407, 37.07775877541456], [29.82417215127407, 37.077219786244086], [29.82632810795596, 37.077219786244086], [29.82632810795596, 37.07775877541456], [29.82794507546737, 37.07775877541456], [29.82794507546737, 37.079375742925976], [29.827406086296918, 37.079375742925976], [29.827406086296918, 37.07991473209645], [29.82794507546737, 37.07991473209645], [29.82794507546737, 37.08045372126691], [29.829023053808328, 37.08045372126691], [29.829023053808328, 37.07991473209645], [29.82956204297878, 37.07991473209645], [29.82956204297878, 37.079375742925976], [29.831179010490217, 37.079375742925976], [29.831179010490217, 37.07991473209645], [29.833873956342558, 37.07991473209645], [29.833873956342558, 37.0788367537555], [29.832795978001627, 37.0788367537555], [29.832795978001627, 37.07829776458503], [29.834412945513037, 37.07829776458503], [29.834412945513037, 37.07775877541456], [29.836568902194927, 37.07775877541456], [29.836568902194927, 37.077219786244086], [29.837107891365406, 37.077219786244086], [29.837107891365406, 37.07775877541456], [29.839263848047295, 37.07775877541456], [29.839263848047295, 37.077219786244086]], [[29.82794507546737, 37.08207068877833], [29.82794507546737, 37.0826096779488], [29.82848406463785, 37.0826096779488], [29.82848406463785, 37.083148667119275], [29.82794507546737, 37.083148667119275], [29.82794507546737, 37.08368765628975], [29.829023053808328, 37.08368765628975], [29.829023053808328, 37.08476563463069], [29.82848406463785, 37.08476563463069], [29.82848406463785, 37.08422664546022], [29.827406086296918, 37.08422664546022], [29.827406086296918, 37.08207068877833], [29.82794507546737, 37.08207068877833]], [[29.834951934683517, 37.080992710437386], [29.834951934683517, 37.08153169960786], [29.836568902194927, 37.08153169960786], [29.836568902194927, 37.08207068877833], [29.837646880535857, 37.08207068877833], [29.837646880535857, 37.0826096779488], [29.837107891365406, 37.0826096779488], [29.837107891365406, 37.083148667119275], [29.836568902194927, 37.083148667119275], [29.836568902194927, 37.0826096779488], [29.834412945513037, 37.0826096779488], [29.834412945513037, 37.080992710437386], [29.834951934683517, 37.080992710437386]], [[29.82632810795596, 37.08045372126691], [29.82632810795596, 37.08153169960786], [29.82578911878548, 37.08153169960786], [29.82578911878548, 37.080992710437386], [29.82525012961503, 37.080992710437386], [29.82525012961503, 37.08045372126691], [29.82632810795596, 37.08045372126691]], [[29.827406086296918, 37.08045372126691], [29.827406086296918, 37.08207068877833], [29.82686709712644, 37.08207068877833], [29.82686709712644, 37.0826096779488], [29.82632810795596, 37.0826096779488], [29.82632810795596, 37.08153169960786], [29.82686709712644, 37.08153169960786], [29.82686709712644, 37.08045372126691], [29.827406086296918, 37.08045372126691]], [[29.82956204297878, 37.08045372126691], [29.82956204297878, 37.080992710437386], [29.829023053808328, 37.080992710437386], [29.829023053808328, 37.08045372126691], [29.82956204297878, 37.08045372126691]], [[29.82525012961503, 37.07829776458503], [29.82525012961503, 37.079375742925976], [29.82471114044455, 37.079375742925976], [29.82471114044455, 37.07991473209645], [29.82525012961503, 37.07991473209645], [29.82525012961503, 37.08045372126691], [29.82417215127407, 37.08045372126691], [29.82417215127407, 37.0788367537555], [29.82471114044455, 37.0788367537555], [29.82471114044455, 37.07829776458503], [29.82525012961503, 37.07829776458503]]]}, "id": "+389322+87056", "properties": {"area_ha": 87.68657869080022, "count": 306, "label": 1, "mean_dnbr": 0.29267782996580766}}, {"type": "Feature", "geometry": {"geodesic": false, "type": "Polygon", "coordinates": [[[29.841958793899636, 37.08368765628975], [29.843036772240595, 37.08368765628975], [29.843036772240595, 37.08422664546022], [29.843575761411046, 37.08422664546022], [29.843575761411046, 37.08476563463069], [29.844114750581525, 37.08476563463069], [29.844114750581525, 37.08584361297164], [29.844653739752005, 37.08584361297164], [29.844653739752005, 37.0863826021421], [29.843575761411046, 37.0863826021421], [29.843575761411046, 37.086921591312574], [29.841958793899636, 37.086921591312574], [29.841958793899636, 37.0863826021421], [29.841419804729156, 37.0863826021421], [29.841419804729156, 37.08584361297164], [29.840880815558705, 37.08584361297164], [29.840880815558705, 37.085304623801164], [29.840341826388226, 37.085304623801164], [29.840341826388226, 37.08476563463069], [29.840880815558705, 37.08476563463069], [29.840880815558705, 37.08422664546022], [29.841958793899636, 37.08422664546022], [29.841958793899636, 37.08368765628975]]]}, "id": "+389326+87044", "properties": {"area_ha": 8.309776580547423, "count": 29, "label": 1, "mean_dnbr": 0.2646922215886099}}, {"type": "Feature", "geometry": {"geodesic": false, "type": "Polygon", "coordinates": [[[29.843036772240595, 37.0788367537555], [29.843575761411046, 37.0788367537555], [29.843575761411046, 37.079375742925976], [29.844114750581525, 37.079375742925976], [29.844114750581525, 37.080992710437386], [29.844653739752005, 37.080992710437386], [29.844653739752005, 37.08045372126691], [29.845192728922484, 37.08045372126691], [29.845192728922484, 37.080992710437386], [29.844653739752005, 37.080992710437386], [29.844653739752005, 37.08153169960786], [29.843036772240595, 37.08153169960786], [29.843036772240595, 37.080992710437386], [29.842497783070115, 37.080992710437386], [29.842497783070115, 37.08045372126691], [29.841958793899636, 37.08045372126691], [29.841958793899636, 37.07991473209645], [29.842497783070115, 37.07991473209645], [29.842497783070115, 37.08045372126691], [29.843036772240595, 37.08045372126691], [29.843036772240595, 37.0788367537555]]]}, "id": "+389327+87053", "properties": {"area_ha": 3.725316553584316, "count": 13, "label": 1, "mean_dnbr": 0.20764671416500052}}, {"type": "Feature", "geometry": {"geodesic": false, "type": "Polygon", "coordinates": [[[29.843575761411046, 37.056199208595686], [29.844653739752005, 37.056199208595686], [29.844653739752005, 37.05673819776616], [29.843575761411046, 37.05673819776616], [29.843575761411046, 37.0578161761071], [29.842497783070115, 37.0578161761071], [29.842497783070115, 37.05727718693663], [29.841419804729156, 37.05727718693663], [29.841419804729156, 37.056199208595686], [29.843036772240595, 37.056199208595686], [29.843036772240595, 37.05673819776616], [29.843575761411046, 37.05673819776616], [29.843575761411046, 37.056199208595686]]]}, "id": "+389329+87095", "properties": {"area_ha": 3.153167279924682, "count": 11, "label": 1, "mean_dnbr": 0.2672662546826671}}, {"type": "Feature", "geometry": {"geodesic": false, "type": "Polygon", "coordinates": [[[29.877532079150768, 37.07021292702795], [29.878610057491727, 37.07021292702795], [29.878610057491727, 37.070751916198425], [29.879688035832658, 37.070751916198425], [29.879688035832658, 37.07236888370984], [29.879149046662178, 37.07236888370984], [29.879149046662178, 37.072907872880315], [29.878610057491727, 37.072907872880315], [29.878610057491727, 37.07344686205079], [29.876993089980317, 37.07344686205079], [29.876993089980317, 37.07236888370984], [29.876454100809838, 37.07236888370984], [29.876454100809838, 37.072907872880315], [29.875915111639358, 37.072907872880315], [29.875915111639358, 37.07236888370984], [29.876454100809838, 37.07236888370984], [29.876454100809838, 37.07182989453937], [29.875915111639358, 37.07182989453937], [29.875915111639358, 37.0712909053689], [29.876454100809838, 37.0712909053689], [29.876454100809838, 37.070751916198425], [29.876993089980317, 37.070751916198425], [29.876993089980317, 37.07182989453937], [29.877532079150768, 37.07182989453937], [29.877532079150768, 37.07021292702795]]]}, "id": "+389392+87069", "properties": {"area_ha": 7.738064656511156, "count": 27, "label": 1, "mean_dnbr": 0.24151343386039867}}, {"type": "Feature", "geometry": {"geodesic": false, "type": "Polygon", "coordinates": [[[29.878071068321248, 37.06158910030041], [29.880766014173616, 37.06158910030041], [29.880766014173616, 37.06212808947088], [29.879149046662178, 37.06212808947088], [29.879149046662178, 37.06266707864135], [29.878610057491727, 37.06266707864135], [29.878610057491727, 37.06320606781182], [29.879149046662178, 37.06320606781182], [29.879149046662178, 37.06374505698229], [29.878610057491727, 37.06374505698229], [29.878610057491727, 37.06536202449371], [29.877532079150768, 37.06536202449371], [29.877532079150768, 37.06590101366418], [29.876993089980317, 37.06590101366418], [29.876993089980317, 37.06644000283465], [29.876454100809838, 37.06644000283465], [29.876454100809838, 37.066978992005126], [29.876993089980317, 37.066978992005126], [29.876993089980317, 37.068595959516536], [29.876454100809838, 37.068595959516536], [29.876454100809838, 37.06805697034607], [29.875915111639358, 37.06805697034607], [29.875915111639358, 37.06644000283465], [29.876454100809838, 37.06644000283465], [29.876454100809838, 37.06590101366418], [29.875915111639358, 37.06590101366418], [29.875915111639358, 37.06536202449371], [29.876454100809838, 37.06536202449371], [29.876454100809838, 37.064823035323236], [29.876993089980317, 37.064823035323236], [29.876993089980317, 37.06320606781182], [29.877532079150768, 37.06320606781182], [29.877532079150768, 37.06374505698229], [29.878071068321248, 37.06374505698229], [29.878071068321248, 37.06158910030041]]]}, "id": "+389396+87085", "properties": {"area_ha": 8.885289574503242, "count": 31, "label": 1, "mean_dnbr": 0.2486145791211196}}, {"type": "Feature", "geometry": {"geodesic": false, "type": "Polygon", "coordinates": [[[29.880766014173616, 37.051887295231914], [29.881305003344067, 37.051887295231914], [29.881305003344067, 37.05242628440239], [29.881843992514547, 37.05242628440239], [29.881843992514547, 37.05296527357286], [29.881305003344067, 37.05296527357286], [29.881305003344067, 37.05242628440239], [29.880766014173616, 37.05242628440239], [29.880766014173616, 37.05296527357286], [29.879688035832658, 37.05296527357286], [29.879688035832658, 37.054043251913804], [29.880766014173616, 37.054043251913804], [29.880766014173616, 37.05350426274333], [29.881305003344067, 37.05350426274333], [29.881305003344067, 37.054043251913804], [29.880766014173616, 37.054043251913804], [29.880766014173616, 37.054582241084276], [29.880227025003137, 37.054582241084276], [29.880227025003137, 37.05512123025475], [29.879688035832658, 37.05512123025475], [29.879688035832658, 37.054043251913804], [29.879149046662178, 37.054043251913804], [29.879149046662178, 37.054582241084276], [29.878610057491727, 37.054582241084276], [29.878610057491727, 37.05512123025475], [29.878071068321248, 37.05512123025475], [29.878071068321248, 37.054043251913804], [29.878610057491727, 37.054043251913804], [29.878610057491727, 37.05296527357286], [29.879688035832658, 37.05296527357286], [29.879688035832658, 37.05242628440239], [29.880766014173616, 37.05242628440239], [29.880766014173616, 37.051887295231914]]]}, "id": "+389397+87103", "properties": {"area_ha": 4.299955065721888, "count": 15, "label": 1, "mean_dnbr": 0.16987593004929338}}, {"type": "Feature", "geometry": {"geodesic": false, "type": "Polygon", "coordinates": [[[29.881843992514547, 37.271255887613904], [29.882382981685026, 37.271255887613904], [29.882382981685026, 37.27233386595485], [29.881843992514547, 37.27233386595485], [29.881843992514547, 37.27287285512532], [29.881305003344067, 37.27287285512532], [29.881305003344067, 37.27341184429579], [29.879688035832658, 37.27341184429579], [29.879688035832658, 37.27233386595485], [29.880766014173616, 37.27233386595485], [29.880766014173616, 37.27179487678438], [29.881843992514547, 37.27179487678438], [29.881843992514547, 37.271255887613904]]]}, "id": "+389399+86696", "properties": {"area_ha": 3.1441861955605868, "count": 11, "label": 1, "mean_dnbr": 0.2874409052478862}}, {"type": "Feature", "geometry": {"geodesic": false, "type": "Polygon", "coordinates": [[[29.881843992514547, 37.0578161761071], [29.882382981685026, 37.0578161761071], [29.882382981685026, 37.058355165277575], [29.882921970855506, 37.058355165277575], [29.882921970855506, 37.05943314361852], [29.880766014173616, 37.05943314361852], [29.880766014173616, 37.05997213278899], [29.880227025003137, 37.05997213278899], [29.880227025003137, 37.060511121959465], [29.879688035832658, 37.060511121959465], [29.879688035832658, 37.06105011112994], [29.877532079150768, 37.06105011112994], [29.877532079150768, 37.05997213278899], [29.878071068321248, 37.05997213278899], [29.878071068321248, 37.058355165277575], [29.879149046662178, 37.058355165277575], [29.879149046662178, 37.05889415444805], [29.879688035832658, 37.05889415444805], [29.879688035832658, 37.05943314361852], [29.880227025003137, 37.05943314361852], [29.880227025003137, 37.058355165277575], [29.881843992514547, 37.058355165277575], [29.881843992514547, 37.0578161761071]]]}, "id": "+389399+87092", "properties": {"area_ha": 8.599262722953664, "count": 30, "label": 1, "mean_dnbr": 0.22357439287416603}}, {"type": "Feature", "geometry": {"geodesic": false, "type": "Polygon", "coordinates": [[[29.880227025003137, 37.0427244793339], [29.882382981685026, 37.0427244793339], [29.882382981685026, 37.04326346850437], [29.881843992514547, 37.04326346850437], [29.881843992514547, 37.04488043601578], [29.881305003344067, 37.04488043601578], [29.881305003344067, 37.045958414356726], [29.880766014173616, 37.045958414356726], [29.880766014173616, 37.04541942518625], [29.879149046662178, 37.04541942518625], [29.879149046662178, 37.045958414356726], [29.878610057491727, 37.045958414356726], [29.878610057491727, 37.0464974035272], [29.877532079150768, 37.0464974035272], [29.877532079150768, 37.04488043601578], [29.876993089980317, 37.04488043601578], [29.876993089980317, 37.04434144684531], [29.879149046662178, 37.04434144684531], [29.879149046662178, 37.04488043601578], [29.880227025003137, 37.04488043601578], [29.880227025003137, 37.0427244793339]]]}, "id": "+389399+87120", "properties": {"area_ha": 8.600928417159805, "count": 30, "label": 1, "mean_dnbr": 0.23648989053138258}}, {"type": "Feature", "geometry": {"geodesic": false, "type": "Polygon", "coordinates": [[[29.882921970855506, 37.068595959516536], [29.883460960025957, 37.068595959516536], [29.883460960025957, 37.06967393785748], [29.882921970855506, 37.06967393785748], [29.882921970855506, 37.0712909053689], [29.881305003344067, 37.0712909053689], [29.881305003344067, 37.07021292702795], [29.881843992514547, 37.07021292702795], [29.881843992514547, 37.06913494868701], [29.882921970855506, 37.06913494868701], [29.882921970855506, 37.068595959516536]]]}, "id": "+389401+87072", "properties": {"area_ha": 3.4392208806942812, "count": 12, "label": 1, "mean_dnbr": 0.2275491609851357}}, {"type": "Feature", "geometry": {"geodesic": false, "type": "Polygon", "coordinates": [[[29.884538938366916, 37.05997213278899], [29.885616916707846, 37.05997213278899], [29.885616916707846, 37.06212808947088], [29.884538938366916, 37.06212808947088], [29.884538938366916, 37.06105011112994], [29.882921970855506, 37.06105011112994], [29.882921970855506, 37.060511121959465], [29.884538938366916, 37.060511121959465], [29.884538938366916, 37.05997213278899]]]}, "id": "+389405+87088", "properties": {"area_ha": 3.152997526754198, "count": 11, "label": 1, "mean_dnbr": 0.1907025430340717}}, {"type": "Feature", "geometry": {"geodesic": false, "type": "Polygon", "coordinates": [[[29.888850851730695, 37.04865336020909], [29.889928830071625, 37.04865336020909], [29.889928830071625, 37.04919234937956], [29.890467819242104, 37.04919234937956], [29.890467819242104, 37.04973133855003], [29.889928830071625, 37.04973133855003], [29.889928830071625, 37.0502703277205], [29.889389840901146, 37.0502703277205], [29.889389840901146, 37.05080931689097], [29.888850851730695, 37.05080931689097], [29.888850851730695, 37.05134830606144], [29.889389840901146, 37.05134830606144], [29.889389840901146, 37.051887295231914], [29.889928830071625, 37.051887295231914], [29.889928830071625, 37.05242628440239], [29.891006808412556, 37.05242628440239], [29.891006808412556, 37.05296527357286], [29.889389840901146, 37.05296527357286], [29.889389840901146, 37.051887295231914], [29.888850851730695, 37.051887295231914], [29.888850851730695, 37.05242628440239], [29.888311862560215, 37.05242628440239], [29.888311862560215, 37.05296527357286], [29.887772873389736, 37.05296527357286], [29.887772873389736, 37.05242628440239], [29.886694895048805, 37.05242628440239], [29.886694895048805, 37.051887295231914], [29.887233884219256, 37.051887295231914], [29.887233884219256, 37.0502703277205], [29.887772873389736, 37.0502703277205], [29.887772873389736, 37.04973133855003], [29.889389840901146, 37.04973133855003], [29.889389840901146, 37.04919234937956], [29.888850851730695, 37.04919234937956], [29.888850851730695, 37.04865336020909]]]}, "id": "+389413+87109", "properties": {"area_ha": 8.026858287547679, "count": 28, "label": 1, "mean_dnbr": 0.20196899522841763}}, {"type": "Feature", "geometry": {"geodesic": false, "type": "Polygon", "coordinates": [[[29.889928830071625, 37.29281545443277], [29.890467819242104, 37.29281545443277], [29.890467819242104, 37.29551040028513], [29.889928830071625, 37.29551040028513], [29.889928830071625, 37.296588378626076], [29.888850851730695, 37.296588378626076], [29.888850851730695, 37.29497141111466], [29.886694895048805, 37.29497141111466], [29.886694895048805, 37.296049389455604], [29.885077927537367, 37.296049389455604], [29.885077927537367, 37.29551040028513], [29.885616916707846, 37.29551040028513], [29.885616916707846, 37.29497141111466], [29.886694895048805, 37.29497141111466], [29.886694895048805, 37.29443242194419], [29.887772873389736, 37.29443242194419], [29.887772873389736, 37.293893432773714], [29.889389840901146, 37.293893432773714], [29.889389840901146, 37.29335444360324], [29.889928830071625, 37.29335444360324], [29.889928830071625, 37.29281545443277]]]}, "id": "+389414+86656", "properties": {"area_ha": 7.715256228172331, "count": 27, "label": 1, "mean_dnbr": 0.3136276949550281}}, {"type": "Feature", "geometry": {"geodesic": false, "type": "Polygon", "coordinates": [[[29.890467819242104, 37.058355165277575], [29.892084786753514, 37.058355165277575], [29.892084786753514, 37.05943314361852], [29.891006808412556, 37.05943314361852], [29.891006808412556, 37.05997213278899], [29.889928830071625, 37.05997213278899], [29.889928830071625, 37.060511121959465], [29.890467819242104, 37.060511121959465], [29.890467819242104, 37.06212808947088], [29.889928830071625, 37.06212808947088], [29.889928830071625, 37.06320606781182], [29.889389840901146, 37.06320606781182], [29.889389840901146, 37.06374505698229], [29.888850851730695, 37.06374505698229], [29.888850851730695, 37.06266707864135], [29.888311862560215, 37.06266707864135], [29.888311862560215, 37.06320606781182], [29.887233884219256, 37.06320606781182], [29.887233884219256, 37.06212808947088], [29.887772873389736, 37.06212808947088], [29.887772873389736, 37.06158910030041], [29.888850851730695, 37.06158910030041], [29.888850851730695, 37.06105011112994], [29.889928830071625, 37.06105011112994], [29.889928830071625, 37.060511121959465], [29.888311862560215, 37.060511121959465], [29.888311862560215, 37.05997213278899], [29.889389840901146, 37.05997213278899], [29.889389840901146, 37.05943314361852], [29.890467819242104, 37.05943314361852], [29.890467819242104, 37.058355165277575]]]}, "id": "+389417+87091", "properties": {"area_ha": 8.885703915864006, "count": 31, "label": 1, "mean_dnbr": 0.20503717905505758}}, {"type": "Feature", "geometry": {"geodesic": false, "type": "Polygon", "coordinates": [[[29.892623775923994, 37.05943314361852], [29.893701754264924, 37.05943314361852], [29.893701754264924, 37.060511121959465], [29.893162765094445, 37.060511121959465], [29.893162765094445, 37.06158910030041], [29.892623775923994, 37.06158910030041], [29.892623775923994, 37.06212808947088], [29.891545797583035, 37.06212808947088], [29.891545797583035, 37.05997213278899], [29.892623775923994, 37.05997213278899], [29.892623775923994, 37.05943314361852]]]}, "id": "+389420+87089", "properties": {"area_ha": 4.012917698201788, "count": 14, "label": 1, "mean_dnbr": 0.18710593488308078}}, {"type": "Feature", "geometry": {"geodesic": false, "type": "Polygon", "coordinates": [[[29.895318721776334, 37.05889415444805], [29.896396700117293, 37.05889415444805], [29.896396700117293, 37.06158910030041], [29.894240743435404, 37.06158910030041], [29.894240743435404, 37.060511121959465], [29.895318721776334, 37.060511121959465], [29.895318721776334, 37.05889415444805]]]}, "id": "+389425+87090", "properties": {"area_ha": 4.012937788348028, "count": 14, "label": 1, "mean_dnbr": 0.21349009313808692}}, {"type": "Feature", "geometry": {"geodesic": false, "type": "Polygon", "coordinates": [[[29.898552656799183, 37.33862953392287], [29.899091645969634, 37.33862953392287], [29.899091645969634, 37.33916852309334], [29.899630635140113, 37.33916852309334], [29.899630635140113, 37.33970751226381], [29.900708613481072, 37.33970751226381], [29.900708613481072, 37.33916852309334], [29.901247602651523, 37.33916852309334], [29.901247602651523, 37.34024650143428], [29.901786591822002, 37.34024650143428], [29.901786591822002, 37.34078549060475], [29.900708613481072, 37.34078549060475], [29.900708613481072, 37.341324479775224], [29.899630635140113, 37.341324479775224], [29.899630635140113, 37.33970751226381], [29.898552656799183, 37.33970751226381], [29.898552656799183, 37.33862953392287]]]}, "id": "+389430+86571", "properties": {"area_ha": 3.712517304022931, "count": 13, "label": 1, "mean_dnbr": 0.4233125760964888}}, {"type": "Feature", "geometry": {"geodesic": false, "type": "Polygon", "coordinates": [[[29.899091645969634, 37.27448982263673], [29.900169624310593, 37.27448982263673], [29.900169624310593, 37.275567800977676], [29.901247602651523, 37.275567800977676], [29.901247602651523, 37.27610679014815], [29.901786591822002, 37.27610679014815], [29.901786591822002, 37.28041870351192], [29.898552656799183, 37.28041870351192], [29.898552656799183, 37.279340725170975], [29.898013667628703, 37.279340725170975], [29.898013667628703, 37.27826274683004], [29.898552656799183, 37.27826274683004], [29.898552656799183, 37.27718476848909], [29.899091645969634, 37.27718476848909], [29.899091645969634, 37.27448982263673]]]}, "id": "+389432+86690", "properties": {"area_ha": 16.005626282316026, "count": 56, "label": 1, "mean_dnbr": 0.4732024451445811}}, {"type": "Feature", "geometry": {"geodesic": false, "type": "Polygon", "coordinates": [[[29.899630635140113, 37.0826096779488], [29.900708613481072, 37.0826096779488], [29.900708613481072, 37.08368765628975], [29.901786591822002, 37.08368765628975], [29.901786591822002, 37.08422664546022], [29.902325580992482, 37.08422664546022], [29.902325580992482, 37.085304623801164], [29.901247602651523, 37.085304623801164], [29.901247602651523, 37.08584361297164], [29.900708613481072, 37.08584361297164], [29.900708613481072, 37.085304623801164], [29.900169624310593, 37.085304623801164], [29.900169624310593, 37.08476563463069], [29.899630635140113, 37.08476563463069], [29.899630635140113, 37.0826096779488]]]}, "id": "+389433+87046", "properties": {"area_ha": 5.157866211821887, "count": 18, "label": 1, "mean_dnbr": 0.2056003690262154}}, {"type": "Feature", "geometry": {"geodesic": false, "type": "Polygon", "coordinates": [[[29.900169624310593, 37.05673819776616], [29.900708613481072, 37.05673819776616], [29.900708613481072, 37.05727718693663], [29.901247602651523, 37.05727718693663], [29.901247602651523, 37.0578161761071], [29.901786591822002, 37.0578161761071], [29.901786591822002, 37.058355165277575], [29.899091645969634, 37.058355165277575], [29.899091645969634, 37.0578161761071], [29.898552656799183, 37.0578161761071], [29.898552656799183, 37.05727718693663], [29.900169624310593, 37.05727718693663], [29.900169624310593, 37.05673819776616]]]}, "id": "+389433+87094", "properties": {"area_ha": 3.153142298818509, "count": 11, "label": 1, "mean_dnbr": 0.16825988451638235}}, {"type": "Feature", "geometry": {"geodesic": false, "type": "Polygon", "coordinates": [[[29.902325580992482, 37.05350426274333], [29.902864570162933, 37.05350426274333], [29.902864570162933, 37.054043251913804], [29.903403559333412, 37.054043251913804], [29.903403559333412, 37.054582241084276], [29.903942548503892, 37.054582241084276], [29.903942548503892, 37.05512123025475], [29.90448153767437, 37.05512123025475], [29.90448153767437, 37.05566021942522], [29.905020526844822, 37.05566021942522], [29.905020526844822, 37.056199208595686], [29.90609850518578, 37.056199208595686], [29.90609850518578, 37.05727718693663], [29.905020526844822, 37.05727718693663], [29.905020526844822, 37.0578161761071], [29.90448153767437, 37.0578161761071], [29.90448153767437, 37.058355165277575], [29.903403559333412, 37.058355165277575], [29.903403559333412, 37.05889415444805], [29.902325580992482, 37.05889415444805], [29.902325580992482, 37.05673819776616], [29.902864570162933, 37.05673819776616], [29.902864570162933, 37.05512123025475], [29.903403559333412, 37.05512123025475], [29.903403559333412, 37.054582241084276], [29.902325580992482, 37.054582241084276], [29.902325580992482, 37.05350426274333]], [[29.903403559333412, 37.05727718693663], [29.903403559333412, 37.0578161761071], [29.902864570162933, 37.0578161761071], [29.902864570162933, 37.05727718693663], [29.903403559333412, 37.05727718693663]]]}, "id": "+389437+87100", "properties": {"area_ha": 9.746191386113104, "count": 34, "label": 1, "mean_dnbr": 0.19653552732192422}}, {"type": "Feature", "geometry": {"geodesic": false, "type": "Polygon", "coordinates": [[[29.903403559333412, 37.370429894980695], [29.903942548503892, 37.370429894980695], [29.903942548503892, 37.37096888415117], [29.905559516015302, 37.37096888415117], [29.905559516015302, 37.37204686249211], [29.90609850518578, 37.37204686249211], [29.90609850518578, 37.37150787332164], [29.90663749435626, 37.37150787332164], [29.90663749435626, 37.37366383000353], [29.90717648352671, 37.37366383000353], [29.90717648352671, 37.374741808344474], [29.90609850518578, 37.374741808344474], [29.90609850518578, 37.374202819174], [29.905559516015302, 37.374202819174], [29.905559516015302, 37.37366383000353], [29.905020526844822, 37.37366383000353], [29.905020526844822, 37.37204686249211], [29.90448153767437, 37.37204686249211], [29.90448153767437, 37.37150787332164], [29.903942548503892, 37.37150787332164], [29.903942548503892, 37.37096888415117], [29.903403559333412, 37.37096888415117], [29.903403559333412, 37.370429894980695]]]}, "id": "+389439+86512", "properties": {"area_ha": 5.994537179869564, "count": 21, "label": 1, "mean_dnbr": 0.21562429399206304}}, {"type": "Feature", "geometry": {"geodesic": false, "type": "Polygon", "coordinates": [[[29.903403559333412, 37.074524840391724], [29.90448153767437, 37.074524840391724], [29.90448153767437, 37.0750638295622], [29.905020526844822, 37.0750638295622], [29.905020526844822, 37.07560281873267], [29.905559516015302, 37.07560281873267], [29.905559516015302, 37.07614180790314], [29.903403559333412, 37.07614180790314], [29.903403559333412, 37.077219786244086], [29.902864570162933, 37.077219786244086], [29.902864570162933, 37.07775877541456], [29.903403559333412, 37.07775877541456], [29.903403559333412, 37.07829776458503], [29.901786591822002, 37.07829776458503], [29.901786591822002, 37.0788367537555], [29.901247602651523, 37.0788367537555], [29.901247602651523, 37.07829776458503], [29.901786591822002, 37.07829776458503], [29.901786591822002, 37.077219786244086], [29.902325580992482, 37.077219786244086], [29.902325580992482, 37.076680797073614], [29.901786591822002, 37.076680797073614], [29.901786591822002, 37.07614180790314], [29.902325580992482, 37.07614180790314], [29.902325580992482, 37.076680797073614], [29.902864570162933, 37.076680797073614], [29.902864570162933, 37.07560281873267], [29.903403559333412, 37.07560281873267], [29.903403559333412, 37.074524840391724]]]}, "id": "+389440+87061", "properties": {"area_ha": 5.731560528521053, "count": 20, "label": 1, "mean_dnbr": 0.189390609093685}}, {"type": "Feature", "geometry": {"geodesic": false, "type": "Polygon", "coordinates": [[[29.90663749435626, 37.337551555581925], [29.90717648352671, 37.337551555581925], [29.90717648352671, 37.3380905447524], [29.90771547269719, 37.3380905447524], [29.90771547269719, 37.33862953392287], [29.9093324402086, 37.33862953392287], [29.9093324402086, 37.33916852309334], [29.90879345103812, 37.33916852309334], [29.90879345103812, 37.33970751226381], [29.90717648352671, 37.33970751226381], [29.90717648352671, 37.34024650143428], [29.90663749435626, 37.34024650143428], [29.90663749435626, 37.33970751226381], [29.90717648352671, 37.33970751226381], [29.90717648352671, 37.33862953392287], [29.90609850518578, 37.33862953392287], [29.90609850518578, 37.3380905447524], [29.905559516015302, 37.3380905447524], [29.905559516015302, 37.337551555581925], [29.90609850518578, 37.337551555581925], [29.90609850518578, 37.3380905447524], [29.90663749435626, 37.3380905447524], [29.90663749435626, 37.337551555581925]]]}, "id": "+389445+86573", "properties": {"area_ha": 3.712580190360237, "count": 13, "label": 1, "mean_dnbr": 0.22894669542384463}}, {"type": "Feature", "geometry": {"geodesic": false, "type": "Polygon", "coordinates": [[[29.90717648352671, 37.28904253023947], [29.90771547269719, 37.28904253023947], [29.90771547269719, 37.28958151940994], [29.90825446186767, 37.28958151940994], [29.90825446186767, 37.290120508580415], [29.90879345103812, 37.290120508580415], [29.90879345103812, 37.29119848692136], [29.90771547269719, 37.29119848692136], [29.90771547269719, 37.291737476091825], [29.90717648352671, 37.291737476091825], [29.90717648352671, 37.2922764652623], [29.90663749435626, 37.2922764652623], [29.90663749435626, 37.29335444360324], [29.905559516015302, 37.29335444360324], [29.905559516015302, 37.293893432773714], [29.905020526844822, 37.293893432773714], [29.905020526844822, 37.2922764652623], [29.905559516015302, 37.2922764652623], [29.905559516015302, 37.291737476091825], [29.90609850518578, 37.291737476091825], [29.90609850518578, 37.29119848692136], [29.90663749435626, 37.29119848692136], [29.90663749435626, 37.290120508580415], [29.90717648352671, 37.290120508580415], [29.90717648352671, 37.28904253023947]]]}, "id": "+389446+86663", "properties": {"area_ha": 6.85831284026566, "count": 24, "label": 1, "mean_dnbr": 0.38414468261647666}}, {"type": "Feature", "geometry": {"geodesic": false, "type": "Polygon", "coordinates": [[[29.90987142937908, 37.35749415488938], [29.90879345103812, 37.35749415488938], [29.90879345103812, 37.35857213323032], [29.90825446186767, 37.35857213323032], [29.90825446186767, 37.35965011157126], [29.90663749435626, 37.35965011157126], [29.90663749435626, 37.356416176548436], [29.90717648352671, 37.356416176548436], [29.90717648352671, 37.35587718737796], [29.90879345103812, 37.35587718737796], [29.90879345103812, 37.354260219866546], [29.9093324402086, 37.354260219866546], [29.9093324402086, 37.3531822415256], [29.90879345103812, 37.3531822415256], [29.90879345103812, 37.35102628484372], [29.91094940772001, 37.35102628484372], [29.91094940772001, 37.351565274014185], [29.91148839689049, 37.351565274014185], [29.91148839689049, 37.3531822415256], [29.9131053644019, 37.3531822415256], [29.9131053644019, 37.35533819820749], [29.91256637523145, 37.35533819820749], [29.91256637523145, 37.35587718737796], [29.91041041854956, 37.35587718737796], [29.91041041854956, 37.356416176548436], [29.90987142937908, 37.356416176548436], [29.90987142937908, 37.35749415488938]]]}, "id": "+389452+86548", "properties": {"area_ha": 25.125858190069405, "count": 88, "label": 1, "mean_dnbr": 0.3179341893635662}}, {"type": "Feature", "geometry": {"geodesic": false, "type": "Polygon", "coordinates": [[[29.91202738606097, 37.3779757433673], [29.9131053644019, 37.3779757433673], [29.9131053644019, 37.37959271087872], [29.91256637523145, 37.37959271087872], [29.91256637523145, 37.38013170004919], [29.91148839689049, 37.38013170004919], [29.91148839689049, 37.37959271087872], [29.91041041854956, 37.37959271087872], [29.91041041854956, 37.379053721708246], [29.91094940772001, 37.379053721708246], [29.91094940772001, 37.378514732537774], [29.91202738606097, 37.378514732537774], [29.91202738606097, 37.3779757433673]], [[29.91256637523145, 37.379053721708246], [29.91256637523145, 37.37959271087872], [29.91202738606097, 37.37959271087872], [29.91202738606097, 37.379053721708246], [29.91256637523145, 37.379053721708246]]]}, "id": "+389456+86498", "properties": {"area_ha": 3.4251596584232082, "count": 12, "label": 1, "mean_dnbr": 0.25792525359817675}}, {"type": "Feature", "geometry": {"geodesic": false, "type": "Polygon", "coordinates": [[[29.91256637523145, 37.36989090581022], [29.91364435357238, 37.36989090581022], [29.91364435357238, 37.370429894980695], [29.9131053644019, 37.370429894980695], [29.9131053644019, 37.37096888415117], [29.91418334274286, 37.37096888415117], [29.91418334274286, 37.37150787332164], [29.91472233191331, 37.37150787332164], [29.91472233191331, 37.37096888415117], [29.91526132108379, 37.37096888415117], [29.91526132108379, 37.37150787332164], [29.91472233191331, 37.37150787332164], [29.91472233191331, 37.372585851662585], [29.91418334274286, 37.372585851662585], [29.91418334274286, 37.37204686249211], [29.91364435357238, 37.37204686249211], [29.91364435357238, 37.37150787332164], [29.91202738606097, 37.37150787332164], [29.91202738606097, 37.37096888415117], [29.91148839689049, 37.37096888415117], [29.91148839689049, 37.370429894980695], [29.91256637523145, 37.370429894980695], [29.91256637523145, 37.36989090581022]]]}, "id": "+389457+86513", "properties": {"area_ha": 3.7109830740496625, "count": 13, "label": 1, "mean_dnbr": 0.21452138600818496}}, {"type": "Feature", "geometry": {"geodesic": false, "type": "Polygon", "coordinates": [[[29.91202738606097, 37.05673819776616], [29.91364435357238, 37.05673819776616], [29.91364435357238, 37.05727718693663], [29.91418334274286, 37.05727718693663], [29.91418334274286, 37.0578161761071], [29.91526132108379, 37.0578161761071], [29.91526132108379, 37.05889415444805], [29.91472233191331, 37.05889415444805], [29.91472233191331, 37.05997213278899], [29.91418334274286, 37.05997213278899], [29.91418334274286, 37.05943314361852], [29.9131053644019, 37.05943314361852], [29.9131053644019, 37.05889415444805], [29.91256637523145, 37.05889415444805], [29.91256637523145, 37.058355165277575], [29.91202738606097, 37.058355165277575], [29.91202738606097, 37.05673819776616]]]}, "id": "+389457+87094", "properties": {"area_ha": 6.306224602343567, "count": 22, "label": 1, "mean_dnbr": 0.2956815613058251}}, {"type": "Feature", "geometry": {"geodesic": false, "type": "Polygon", "coordinates": [[[29.91256637523145, 37.13812556250739], [29.91472233191331, 37.13812556250739], [29.91472233191331, 37.13866455167786], [29.91418334274286, 37.13866455167786], [29.91418334274286, 37.14028151918928], [29.9131053644019, 37.14028151918928], [29.9131053644019, 37.13974253001881], [29.91256637523145, 37.13974253001881], [29.91256637523145, 37.14135949753022], [29.91148839689049, 37.14135949753022], [29.91148839689049, 37.140820508359745], [29.91202738606097, 37.140820508359745], [29.91202738606097, 37.13974253001881], [29.91148839689049, 37.13974253001881], [29.91148839689049, 37.139203540848335], [29.91202738606097, 37.139203540848335], [29.91202738606097, 37.13866455167786], [29.91148839689049, 37.13866455167786], [29.91148839689049, 37.13812556250739], [29.91202738606097, 37.13812556250739], [29.91202738606097, 37.13866455167786], [29.91256637523145, 37.13866455167786], [29.91256637523145, 37.13812556250739]]]}, "id": "+389459+86943", "properties": {"area_ha": 5.7267868401869215, "count": 20, "label": 1, "mean_dnbr": 0.27068982225336274}}, {"type": "Feature", "geometry": {"geodesic": false, "type": "Polygon", "coordinates": [[[29.91418334274286, 37.34887032816183], [29.91526132108379, 37.34887032816183], [29.91526132108379, 37.35102628484372], [29.91472233191331, 37.35102628484372], [29.91472233191331, 37.351565274014185], [29.91418334274286, 37.351565274014185], [29.91418334274286, 37.35048729567325], [29.91202738606097, 37.35048729567325], [29.91202738606097, 37.3494093173323], [29.91418334274286, 37.3494093173323], [29.91418334274286, 37.34887032816183]]]}, "id": "+389460+86552", "properties": {"area_ha": 4.85418624964013, "count": 17, "label": 1, "mean_dnbr": 0.30213120769444296}}, {"type": "Feature", "geometry": {"geodesic": false, "type": "Polygon", "coordinates": [[[29.91418334274286, 37.27233386595485], [29.91580031025427, 37.27233386595485], [29.91580031025427, 37.27287285512532], [29.91633929942475, 37.27287285512532], [29.91633929942475, 37.27341184429579], [29.9168782885952, 37.27341184429579], [29.9168782885952, 37.27395083346626], [29.91795626693616, 37.27395083346626], [29.91795626693616, 37.27448982263673], [29.91903424527709, 37.27448982263673], [29.91903424527709, 37.2750288118072], [29.91957323444757, 37.2750288118072], [29.91957323444757, 37.27718476848909], [29.91741727776568, 37.27718476848909], [29.91741727776568, 37.27664577931862], [29.9168782885952, 37.27664577931862], [29.9168782885952, 37.275567800977676], [29.91418334274286, 37.275567800977676], [29.91418334274286, 37.2750288118072], [29.91364435357238, 37.2750288118072], [29.91364435357238, 37.27395083346626], [29.91418334274286, 37.27395083346626], [29.91418334274286, 37.27233386595485]]]}, "id": "+389461+86694", "properties": {"area_ha": 15.434624522943993, "count": 54, "label": 1, "mean_dnbr": 0.5031222376921711}}, {"type": "Feature", "geometry": {"geodesic": false, "type": "Polygon", "coordinates": [[[29.91526132108379, 37.04541942518625], [29.91633929942475, 37.04541942518625], [29.91633929942475, 37.045958414356726], [29.91526132108379, 37.045958414356726], [29.91526132108379, 37.0464974035272], [29.91418334274286, 37.0464974035272], [29.91418334274286, 37.04703639269767], [29.91526132108379, 37.04703639269767], [29.91526132108379, 37.048114371038615], [29.91418334274286, 37.048114371038615], [29.91418334274286, 37.04757538186814], [29.91256637523145, 37.04757538186814], [29.91256637523145, 37.048114371038615], [29.91148839689049, 37.048114371038615], [29.91148839689049, 37.04703639269767], [29.91202738606097, 37.04703639269767], [29.91202738606097, 37.0464974035272], [29.91256637523145, 37.0464974035272], [29.91256637523145, 37.045958414356726], [29.91526132108379, 37.045958414356726], [29.91526132108379, 37.04541942518625]]]}, "id": "+389462+87115", "properties": {"area_ha": 6.307154681911751, "count": 22, "label": 1, "mean_dnbr": 0.20199224810511754}}, {"type": "Feature", "geometry": {"geodesic": false, "type": "Polygon", "coordinates": [[[29.91633929942475, 37.02871076090163], [29.9168782885952, 37.02871076090163], [29.9168782885952, 37.029788739242576], [29.91580031025427, 37.029788739242576], [29.91580031025427, 37.03032772841305], [29.91633929942475, 37.03032772841305], [29.91633929942475, 37.03140570675399], [29.91526132108379, 37.03140570675399], [29.91526132108379, 37.03248368509493], [29.91472233191331, 37.03248368509493], [29.91472233191331, 37.03086671758352], [29.91526132108379, 37.03086671758352], [29.91526132108379, 37.029788739242576], [29.91580031025427, 37.029788739242576], [29.91580031025427, 37.029249750072104], [29.91633929942475, 37.029249750072104], [29.91633929942475, 37.02871076090163]]]}, "id": "+389463+87146", "properties": {"area_ha": 3.1542609511077586, "count": 11, "label": 1, "mean_dnbr": 0.254565311826782}}, {"type": "Feature", "geometry": {"geodesic": false, "type": "Polygon", "coordinates": [[[29.920112223618048, 37.356416176548436], [29.9206512127885, 37.356416176548436], [29.9206512127885, 37.35857213323032], [29.92119020195898, 37.35857213323032], [29.92119020195898, 37.35965011157126], [29.9206512127885, 37.35965011157126], [29.9206512127885, 37.360189100741735], [29.920112223618048, 37.360189100741735], [29.920112223618048, 37.36072808991221], [29.91957323444757, 37.36072808991221], [29.91957323444757, 37.36126707908268], [29.91903424527709, 37.36126707908268], [29.91903424527709, 37.36072808991221], [29.91957323444757, 37.36072808991221], [29.91957323444757, 37.35965011157126], [29.91903424527709, 37.35965011157126], [29.91903424527709, 37.35911112240079], [29.91795626693616, 37.35911112240079], [29.91795626693616, 37.35857213323032], [29.918495256106638, 37.35857213323032], [29.918495256106638, 37.358033144059846], [29.91903424527709, 37.358033144059846], [29.91903424527709, 37.35749415488938], [29.91957323444757, 37.35749415488938], [29.91957323444757, 37.35695516571891], [29.920112223618048, 37.35695516571891], [29.920112223618048, 37.356416176548436]], [[29.91957323444757, 37.358033144059846], [29.91957323444757, 37.35857213323032], [29.920112223618048, 37.35857213323032], [29.920112223618048, 37.35911112240079], [29.91903424527709, 37.35911112240079], [29.91903424527709, 37.358033144059846], [29.91957323444757, 37.358033144059846]]]}, "id": "+389470+86538", "properties": {"area_ha": 5.995652662186419, "count": 21, "label": 1, "mean_dnbr": 0.28473183282880365}}, {"type": "Feature", "geometry": {"geodesic": false, "type": "Polygon", "coordinates": [[[29.91957323444757, 37.12896274660937], [29.92119020195898, 37.12896274660937], [29.92119020195898, 37.13111870329126], [29.9206512127885, 37.13111870329126], [29.9206512127885, 37.12950173577984], [29.920112223618048, 37.12950173577984], [29.920112223618048, 37.130579714120785], [29.91957323444757, 37.130579714120785], [29.91957323444757, 37.13111870329126], [29.918495256106638, 37.13111870329126], [29.918495256106638, 37.130579714120785], [29.91903424527709, 37.130579714120785], [29.91903424527709, 37.12950173577984], [29.91957323444757, 37.12950173577984], [29.91957323444757, 37.12896274660937]]]}, "id": "+389471+86960", "properties": {"area_ha": 3.4364979726770346, "count": 12, "label": 1, "mean_dnbr": 0.26586374992351347}}, {"type": "Feature", "geometry": {"geodesic": false, "type": "Polygon", "coordinates": [[[29.922268180299938, 37.132735670802674], [29.92280716947039, 37.132735670802674], [29.92280716947039, 37.13327465997315], [29.923346158640868, 37.13327465997315], [29.923346158640868, 37.13435263831409], [29.92280716947039, 37.13435263831409], [29.92280716947039, 37.13650859499597], [29.922268180299938, 37.13650859499597], [29.922268180299938, 37.13435263831409], [29.921729191129458, 37.13435263831409], [29.921729191129458, 37.13327465997315], [29.922268180299938, 37.13327465997315], [29.922268180299938, 37.132735670802674]]]}, "id": "+389474+86953", "properties": {"area_ha": 3.149946445423467, "count": 11, "label": 1, "mean_dnbr": 0.28614079681634724}}, {"type": "Feature", "geometry": {"geodesic": false, "type": "Polygon", "coordinates": [[[29.921729191129458, 37.27395083346626], [29.923346158640868, 37.27395083346626], [29.923346158640868, 37.27448982263673], [29.923885147811347, 37.27448982263673], [29.923885147811347, 37.2750288118072], [29.924424136981827, 37.2750288118072], [29.924424136981827, 37.275567800977676], [29.922268180299938, 37.275567800977676], [29.922268180299938, 37.2750288118072], [29.92119020195898, 37.2750288118072], [29.92119020195898, 37.27448982263673], [29.921729191129458, 37.27448982263673], [29.921729191129458, 37.27395083346626]]]}, "id": "+389475+86691", "properties": {"area_ha": 3.4299196875725735, "count": 12, "label": 1, "mean_dnbr": 0.21994116736117755}}, {"type": "Feature", "geometry": {"geodesic": false, "type": "Polygon", "coordinates": [[[29.922268180299938, 37.356416176548436], [29.924963126152278, 37.356416176548436], [29.924963126152278, 37.35857213323032], [29.923346158640868, 37.35857213323032], [29.923346158640868, 37.358033144059846], [29.92280716947039, 37.358033144059846], [29.92280716947039, 37.35857213323032], [29.922268180299938, 37.35857213323032], [29.922268180299938, 37.356416176548436]]]}, "id": "+389478+86538", "properties": {"area_ha": 5.424720807496896, "count": 19, "label": 1, "mean_dnbr": 0.21872628353280582}}, {"type": "Feature", "geometry": {"geodesic": false, "type": "Polygon", "coordinates": [[[29.924963126152278, 37.014697042469365], [29.926580093663688, 37.014697042469365], [29.926580093663688, 37.01523603163984], [29.927119082834167, 37.01523603163984], [29.927119082834167, 37.01577502081031], [29.926580093663688, 37.01577502081031], [29.926580093663688, 37.016852999151254], [29.928197061175126, 37.016852999151254], [29.928197061175126, 37.01739198832173], [29.928736050345577, 37.01739198832173], [29.928736050345577, 37.0179309774922], [29.928197061175126, 37.0179309774922], [29.928197061175126, 37.01846996666267], [29.927658072004647, 37.01846996666267], [29.927658072004647, 37.019547945003616], [29.928736050345577, 37.019547945003616], [29.928736050345577, 37.020625923344554], [29.928197061175126, 37.020625923344554], [29.928197061175126, 37.0217039016855], [29.928736050345577, 37.0217039016855], [29.928736050345577, 37.021164912515026], [29.929275039516057, 37.021164912515026], [29.929275039516057, 37.0217039016855], [29.928736050345577, 37.0217039016855], [29.928736050345577, 37.02224289085597], [29.929275039516057, 37.02224289085597], [29.929275039516057, 37.02278188002644], [29.929814028686536, 37.02278188002644], [29.929814028686536, 37.023320869196915], [29.929275039516057, 37.023320869196915], [29.929275039516057, 37.02385985836739], [29.930892007027467, 37.02385985836739], [29.930892007027467, 37.02439884753786], [29.931969985368426, 37.02439884753786], [29.931969985368426, 37.02493783670833], [29.933047963709356, 37.02493783670833], [29.933047963709356, 37.025476825878805], [29.932508974538877, 37.025476825878805], [29.932508974538877, 37.02601581504927], [29.928736050345577, 37.02601581504927], [29.928736050345577, 37.02655480421974], [29.928197061175126, 37.02655480421974], [29.928197061175126, 37.02601581504927], [29.928736050345577, 37.02601581504927], [29.928736050345577, 37.02493783670833], [29.929275039516057, 37.02493783670833], [29.929275039516057, 37.02439884753786], [29.928736050345577, 37.02439884753786], [29.928736050345577, 37.02385985836739], [29.928197061175126, 37.02385985836739], [29.928197061175126, 37.02439884753786], [29.927119082834167, 37.02439884753786], [29.927119082834167, 37.02493783670833], [29.927658072004647, 37.02493783670833], [29.927658072004647, 37.025476825878805], [29.926580093663688, 37.025476825878805], [29.926580093663688, 37.02601581504927], [29.927119082834167, 37.02601581504927], [29.927119082834167, 37.02655480421974], [29.926580093663688, 37.02655480421974], [29.926580093663688, 37.02601581504927], [29.926041104493237, 37.02601581504927], [29.926041104493237, 37.02655480421974], [29.925502115322757, 37.02655480421974], [29.925502115322757, 37.02601581504927], [29.924963126152278, 37.02601581504927], [29.924963126152278, 37.02439884753786], [29.927119082834167, 37.02439884753786], [29.927119082834167, 37.02385985836739], [29.928197061175126, 37.02385985836739], [29.928197061175126, 37.023320869196915], [29.928736050345577, 37.023320869196915], [29.928736050345577, 37.02278188002644], [29.927658072004647, 37.02278188002644], [29.927658072004647, 37.0217039016855], [29.927119082834167, 37.0217039016855], [29.927119082834167, 37.02008693417408], [29.927658072004647, 37.02008693417408], [29.927658072004647, 37.019547945003616], [29.927119082834167, 37.019547945003616], [29.927119082834167, 37.0179309774922], [29.927658072004647, 37.0179309774922], [29.927658072004647, 37.01739198832173], [29.926580093663688, 37.01739198832173], [29.926580093663688, 37.016852999151254], [29.926041104493237, 37.016852999151254], [29.926041104493237, 37.01523603163984], [29.924963126152278, 37.01523603163984], [29.924963126152278, 37.014697042469365]]]}, "id": "+389481+87172", "properties": {"area_ha": 21.795404947141638, "count": 76, "label": 1, "mean_dnbr": 0.30263379323879613}}, {"type": "Feature", "geometry": {"geodesic": false, "type": "Polygon", "coordinates": [[[29.925502115322757, 37.401691266868056], [29.927119082834167, 37.401691266868056], [29.927119082834167, 37.402769245209], [29.930353017857016, 37.402769245209], [29.930353017857016, 37.403847223549946], [29.926580093663688, 37.403847223549946], [29.926580093663688, 37.402769245209], [29.926041104493237, 37.402769245209], [29.926041104493237, 37.40223025603853], [29.925502115322757, 37.40223025603853], [29.925502115322757, 37.401691266868056]]]}, "id": "+389482+86454", "properties": {"area_ha": 5.42144763543696, "count": 19, "label": 1, "mean_dnbr": 0.16447409875038038}}, {"type": "Feature", "geometry": {"geodesic": false, "type": "Polygon", "coordinates": [[[29.925502115322757, 37.34509740396853], [29.927119082834167, 37.34509740396853], [29.927119082834167, 37.34617538230947], [29.928197061175126, 37.34617538230947], [29.928197061175126, 37.34671437147994], [29.927658072004647, 37.34671437147994], [29.927658072004647, 37.34725336065041], [29.926580093663688, 37.34725336065041], [29.926580093663688, 37.34833133899136], [29.926041104493237, 37.34833133899136], [29.926041104493237, 37.34887032816183], [29.925502115322757, 37.34887032816183], [29.925502115322757, 37.34725336065041], [29.926041104493237, 37.34725336065041], [29.926041104493237, 37.34671437147994], [29.925502115322757, 37.34671437147994], [29.925502115322757, 37.34509740396853]]]}, "id": "+389482+86559", "properties": {"area_ha": 5.425507483992913, "count": 19, "label": 1, "mean_dnbr": 0.2868115481182628}}, {"type": "Feature", "geometry": {"geodesic": false, "type": "Polygon", "coordinates": [[[29.926580093663688, 37.029249750072104], [29.927658072004647, 37.029249750072104], [29.927658072004647, 37.029788739242576], [29.928736050345577, 37.029788739242576], [29.928736050345577, 37.03086671758352], [29.928197061175126, 37.03086671758352], [29.928197061175126, 37.03140570675399], [29.928736050345577, 37.03140570675399], [29.928736050345577, 37.03248368509493], [29.929275039516057, 37.03248368509493], [29.929275039516057, 37.0330226742654], [29.929814028686536, 37.0330226742654], [29.929814028686536, 37.033561663435876], [29.930892007027467, 37.033561663435876], [29.930892007027467, 37.03410065260635], [29.927119082834167, 37.03410065260635], [29.927119082834167, 37.03463964177682], [29.926580093663688, 37.03463964177682], [29.926580093663688, 37.03410065260635], [29.924963126152278, 37.03410065260635], [29.924963126152278, 37.0330226742654], [29.925502115322757, 37.0330226742654], [29.925502115322757, 37.03248368509493], [29.926041104493237, 37.03248368509493], [29.926041104493237, 37.0330226742654], [29.927119082834167, 37.0330226742654], [29.927119082834167, 37.031944695924466], [29.927658072004647, 37.031944695924466], [29.927658072004647, 37.029788739242576], [29.926580093663688, 37.029788739242576], [29.926580093663688, 37.029249750072104]]]}, "id": "+389483+87145", "properties": {"area_ha": 10.896273197154194, "count": 38, "label": 1, "mean_dnbr": 0.2571391453832524}}, {"type": "Feature", "geometry": {"geodesic": false, "type": "Polygon", "coordinates": [[[29.927119082834167, 37.01200209661701], [29.928197061175126, 37.01200209661701], [29.928197061175126, 37.01254108578748], [29.928736050345577, 37.01254108578748], [29.928736050345577, 37.01415805329889], [29.929275039516057, 37.01415805329889], [29.929275039516057, 37.014697042469365], [29.929814028686536, 37.014697042469365], [29.929814028686536, 37.01523603163984], [29.928197061175126, 37.01523603163984], [29.928197061175126, 37.01361906412843], [29.927658072004647, 37.01361906412843], [29.927658072004647, 37.01254108578748], [29.927119082834167, 37.01254108578748], [29.927119082834167, 37.01200209661701]]]}, "id": "+389484+87177", "properties": {"area_ha": 3.44177747825023, "count": 12, "label": 1, "mean_dnbr": 0.25365799325032157}}, {"type": "Feature", "geometry": {"geodesic": false, "type": "Polygon", "coordinates": [[[29.928736050345577, 37.34240245811617], [29.929814028686536, 37.34240245811617], [29.929814028686536, 37.34294144728664], [29.929275039516057, 37.34294144728664], [29.929275039516057, 37.343480436457114], [29.928197061175126, 37.343480436457114], [29.928197061175126, 37.344019425627586], [29.927119082834167, 37.344019425627586], [29.927119082834167, 37.34455841479806], [29.926041104493237, 37.34455841479806], [29.926041104493237, 37.344019425627586], [29.926580093663688, 37.344019425627586], [29.926580093663688, 37.34294144728664], [29.928736050345577, 37.34294144728664], [29.928736050345577, 37.34240245811617]]]}, "id": "+389487+86564", "properties": {"area_ha": 3.4267805291471625, "count": 12, "label": 1, "mean_dnbr": 0.2515235119611588}}, {"type": "Feature", "geometry": {"geodesic": false, "type": "Polygon", "coordinates": [[[29.930892007027467, 37.016852999151254], [29.931430996197946, 37.016852999151254], [29.931430996197946, 37.0179309774922], [29.931969985368426, 37.0179309774922], [29.931969985368426, 37.01846996666267], [29.933047963709356, 37.01846996666267], [29.933047963709356, 37.02008693417408], [29.932508974538877, 37.02008693417408], [29.932508974538877, 37.021164912515026], [29.930892007027467, 37.021164912515026], [29.930892007027467, 37.0217039016855], [29.931430996197946, 37.0217039016855], [29.931430996197946, 37.02278188002644], [29.932508974538877, 37.02278188002644], [29.932508974538877, 37.023320869196915], [29.933047963709356, 37.023320869196915], [29.933047963709356, 37.02385985836739], [29.934125942050315, 37.02385985836739], [29.934125942050315, 37.02439884753786], [29.934664931220766, 37.02439884753786], [29.934664931220766, 37.02493783670833], [29.934125942050315, 37.02493783670833], [29.934125942050315, 37.02439884753786], [29.933047963709356, 37.02439884753786], [29.933047963709356, 37.02385985836739], [29.931430996197946, 37.02385985836739], [29.931430996197946, 37.023320869196915], [29.930892007027467, 37.023320869196915], [29.930892007027467, 37.02278188002644], [29.930353017857016, 37.02278188002644], [29.930353017857016, 37.021164912515026], [29.930892007027467, 37.021164912515026], [29.930892007027467, 37.020625923344554], [29.929275039516057, 37.020625923344554], [29.929275039516057, 37.019547945003616], [29.930353017857016, 37.019547945003616], [29.930353017857016, 37.019008955833144], [29.929814028686536, 37.019008955833144], [29.929814028686536, 37.0179309774922], [29.930353017857016, 37.0179309774922], [29.930353017857016, 37.01846996666267], [29.931430996197946, 37.01846996666267], [29.931430996197946, 37.0179309774922], [29.930892007027467, 37.0179309774922], [29.930892007027467, 37.016852999151254]], [[29.931430996197946, 37.019547945003616], [29.931430996197946, 37.02008693417408], [29.930892007027467, 37.02008693417408], [29.930892007027467, 37.019547945003616], [29.931430996197946, 37.019547945003616]]]}, "id": "+389490+87168", "properties": {"area_ha": 12.618702111880326, "count": 44, "label": 1, "mean_dnbr": 0.23948851032376042}}, {"type": "Feature", "geometry": {"geodesic": false, "type": "Polygon", "coordinates": [[[29.932508974538877, 37.38228765673107], [29.933047963709356, 37.38228765673107], [29.933047963709356, 37.38390462424249], [29.933586952879836, 37.38390462424249], [29.933586952879836, 37.38336563507202], [29.934125942050315, 37.38336563507202], [29.934125942050315, 37.38444361341296], [29.934664931220766, 37.38444361341296], [29.934664931220766, 37.384982602583435], [29.932508974538877, 37.384982602583435], [29.932508974538877, 37.38444361341296], [29.931969985368426, 37.38444361341296], [29.931969985368426, 37.38390462424249], [29.931430996197946, 37.38390462424249], [29.931430996197946, 37.382826645901545], [29.932508974538877, 37.382826645901545], [29.932508974538877, 37.38228765673107]]]}, "id": "+389493+86490", "properties": {"area_ha": 4.566592015137708, "count": 16, "label": 1, "mean_dnbr": 0.26977459351235245}}, {"type": "Feature", "geometry": {"geodesic": false, "type": "Polygon", "coordinates": [[[29.930892007027467, 37.35210426318466], [29.933047963709356, 37.35210426318466], [29.933047963709356, 37.353721230696074], [29.930892007027467, 37.353721230696074], [29.930892007027467, 37.35210426318466]]]}, "id": "+389493+86546", "properties": {"area_ha": 3.426353183246159, "count": 12, "label": 1, "mean_dnbr": 0.21860483522300914}}, {"type": "Feature", "geometry": {"geodesic": false, "type": "Polygon", "coordinates": [[[29.933047963709356, 37.01200209661701], [29.934125942050315, 37.01200209661701], [29.934125942050315, 37.01254108578748], [29.934664931220766, 37.01254108578748], [29.934664931220766, 37.01415805329889], [29.934125942050315, 37.01415805329889], [29.934125942050315, 37.014697042469365], [29.935203920391245, 37.014697042469365], [29.935203920391245, 37.01523603163984], [29.934664931220766, 37.01523603163984], [29.934664931220766, 37.01577502081031], [29.934125942050315, 37.01577502081031], [29.934125942050315, 37.01631400998078], [29.933586952879836, 37.01631400998078], [29.933586952879836, 37.0179309774922], [29.932508974538877, 37.0179309774922], [29.932508974538877, 37.01631400998078], [29.933586952879836, 37.01631400998078], [29.933586952879836, 37.01577502081031], [29.933047963709356, 37.01577502081031], [29.933047963709356, 37.01523603163984], [29.933586952879836, 37.01523603163984], [29.933586952879836, 37.01415805329889], [29.934125942050315, 37.01415805329889], [29.934125942050315, 37.01361906412843], [29.933586952879836, 37.01361906412843], [29.933586952879836, 37.01254108578748], [29.933047963709356, 37.01254108578748], [29.933047963709356, 37.01200209661701]]]}, "id": "+389495+87177", "properties": {"area_ha": 6.023002138985424, "count": 21, "label": 1, "mean_dnbr": 0.27914238062875446}}, {"type": "Feature", "geometry": {"geodesic": false, "type": "Polygon", "coordinates": [[[29.934664931220766, 37.33593458807051], [29.935203920391245, 37.33593458807051], [29.935203920391245, 37.33647357724098], [29.935742909561725, 37.33647357724098], [29.935742909561725, 37.33701256641145], [29.936820887902655, 37.33701256641145], [29.936820887902655, 37.3380905447524], [29.937359877073135, 37.3380905447524], [29.937359877073135, 37.33862953392287], [29.936281898732204, 37.33862953392287], [29.936281898732204, 37.3380905447524], [29.934125942050315, 37.3380905447524], [29.934125942050315, 37.337551555581925], [29.935742909561725, 37.337551555581925], [29.935742909561725, 37.33701256641145], [29.934664931220766, 37.33701256641145], [29.934664931220766, 37.33593458807051]]]}, "id": "+389497+86576", "properties": {"area_ha": 3.427060783809283, "count": 12, "label": 1, "mean_dnbr": 0.2192987668895551}}, {"type": "Feature", "geometry": {"geodesic": false, "type": "Polygon", "coordinates": [[[29.935203920391245, 37.008229172423704], [29.936281898732204, 37.008229172423704], [29.936281898732204, 37.008768161594176], [29.936820887902655, 37.008768161594176], [29.936820887902655, 37.00984613993512], [29.937359877073135, 37.00984613993512], [29.937359877073135, 37.01038512910559], [29.936281898732204, 37.01038512910559], [29.936281898732204, 37.010924118276066], [29.936820887902655, 37.010924118276066], [29.936820887902655, 37.01146310744654], [29.935742909561725, 37.01146310744654], [29.935742909561725, 37.010924118276066], [29.935203920391245, 37.010924118276066], [29.935203920391245, 37.01038512910559], [29.934125942050315, 37.01038512910559], [29.934125942050315, 37.010924118276066], [29.934664931220766, 37.010924118276066], [29.934664931220766, 37.01146310744654], [29.935203920391245, 37.01146310744654], [29.935203920391245, 37.01200209661701], [29.934664931220766, 37.01200209661701], [29.934664931220766, 37.01146310744654], [29.934125942050315, 37.01146310744654], [29.934125942050315, 37.010924118276066], [29.933586952879836, 37.010924118276066], [29.933586952879836, 37.01038512910559], [29.933047963709356, 37.01038512910559], [29.933047963709356, 37.00984613993512], [29.933586952879836, 37.00984613993512], [29.933586952879836, 37.01038512910559], [29.934125942050315, 37.01038512910559], [29.934125942050315, 37.00930715076465], [29.934664931220766, 37.00930715076465], [29.934664931220766, 37.00984613993512], [29.935742909561725, 37.00984613993512], [29.935742909561725, 37.00930715076465], [29.936281898732204, 37.00930715076465], [29.936281898732204, 37.008768161594176], [29.935203920391245, 37.008768161594176], [29.935203920391245, 37.008229172423704]], [[29.936281898732204, 37.00984613993512], [29.936281898732204, 37.01038512910559], [29.935742909561725, 37.01038512910559], [29.935742909561725, 37.00984613993512], [29.936281898732204, 37.00984613993512]]]}, "id": "+389499+87184", "properties": {"area_ha": 5.449734842147309, "count": 19, "label": 1, "mean_dnbr": 0.28962189094288293}}, {"type": "Feature", "geometry": {"geodesic": false, "type": "Polygon", "coordinates": [[[29.935203920391245, 37.016852999151254], [29.936820887902655, 37.016852999151254], [29.936820887902655, 37.01739198832173], [29.937898866243614, 37.01739198832173], [29.937898866243614, 37.0179309774922], [29.938437855414065, 37.0179309774922], [29.938437855414065, 37.01846996666267], [29.938976844584545, 37.01846996666267], [29.938976844584545, 37.019008955833144], [29.937359877073135, 37.019008955833144], [29.937359877073135, 37.01846996666267], [29.935742909561725, 37.01846996666267], [29.935742909561725, 37.019008955833144], [29.934125942050315, 37.019008955833144], [29.934125942050315, 37.01846996666267], [29.934664931220766, 37.01846996666267], [29.934664931220766, 37.01739198832173], [29.935203920391245, 37.01739198832173], [29.935203920391245, 37.016852999151254]], [[29.935742909561725, 37.0179309774922], [29.935742909561725, 37.01846996666267], [29.935203920391245, 37.01846996666267], [29.935203920391245, 37.0179309774922], [29.935742909561725, 37.0179309774922]]]}, "id": "+389500+87168", "properties": {"area_ha": 6.022767928764012, "count": 21, "label": 1, "mean_dnbr": 0.27715424812228057}}, {"type": "Feature", "geometry": {"geodesic": false, "type": "Polygon", "coordinates": [[[29.935742909561725, 37.02439884753786], [29.937359877073135, 37.02439884753786], [29.937359877073135, 37.02655480421974], [29.935742909561725, 37.02655480421974], [29.935742909561725, 37.027093793390215], [29.934664931220766, 37.027093793390215], [29.934664931220766, 37.02817177173116], [29.934125942050315, 37.02817177173116], [29.934125942050315, 37.027093793390215], [29.934664931220766, 37.027093793390215], [29.934664931220766, 37.02655480421974], [29.935742909561725, 37.02655480421974], [29.935742909561725, 37.02601581504927], [29.936820887902655, 37.02601581504927], [29.936820887902655, 37.025476825878805], [29.935203920391245, 37.025476825878805], [29.935203920391245, 37.02601581504927], [29.934664931220766, 37.02601581504927], [29.934664931220766, 37.025476825878805], [29.935203920391245, 37.025476825878805], [29.935203920391245, 37.02493783670833], [29.935742909561725, 37.02493783670833], [29.935742909561725, 37.02439884753786]]]}, "id": "+389501+87154", "properties": {"area_ha": 4.588300868720345, "count": 16, "label": 1, "mean_dnbr": 0.29464917050661943}}, {"type": "Feature", "geometry": {"geodesic": false, "type": "Polygon", "coordinates": [[[29.938976844584545, 37.32946671802485], [29.939515833755024, 37.32946671802485], [29.939515833755024, 37.33000570719532], [29.940593812095955, 37.33000570719532], [29.940593812095955, 37.33054469636579], [29.941132801266434, 37.33054469636579], [29.941132801266434, 37.331083685536264], [29.942210779607393, 37.331083685536264], [29.942210779607393, 37.33216166387721], [29.941671790436914, 37.33216166387721], [29.941671790436914, 37.331622674706736], [29.941132801266434, 37.331622674706736], [29.941132801266434, 37.331083685536264], [29.940593812095955, 37.331083685536264], [29.940593812095955, 37.331622674706736], [29.939515833755024, 37.331622674706736], [29.939515833755024, 37.331083685536264], [29.938437855414065, 37.331083685536264], [29.938437855414065, 37.33270065304768], [29.938976844584545, 37.33270065304768], [29.938976844584545, 37.33323964221815], [29.940054822925504, 37.33323964221815], [29.940054822925504, 37.33377863138862], [29.938976844584545, 37.33377863138862], [29.938976844584545, 37.33431762055909], [29.940593812095955, 37.33431762055909], [29.940593812095955, 37.33485660972956], [29.941132801266434, 37.33485660972956], [29.941132801266434, 37.33647357724098], [29.939515833755024, 37.33647357724098], [29.939515833755024, 37.335395598900035], [29.938976844584545, 37.335395598900035], [29.938976844584545, 37.33431762055909], [29.938437855414065, 37.33431762055909], [29.938437855414065, 37.33270065304768], [29.937898866243614, 37.33270065304768], [29.937898866243614, 37.331083685536264], [29.938437855414065, 37.331083685536264], [29.938437855414065, 37.33054469636579], [29.938976844584545, 37.33054469636579], [29.938976844584545, 37.32946671802485]]]}, "id": "+389505+86588", "properties": {"area_ha": 9.996180309606604, "count": 35, "label": 1, "mean_dnbr": 0.2597847358845116}}, {"type": "Feature", "geometry": {"geodesic": false, "type": "Polygon", "coordinates": [[[29.937898866243614, 37.00930715076465], [29.939515833755024, 37.00930715076465], [29.939515833755024, 37.00984613993512], [29.940593812095955, 37.00984613993512], [29.940593812095955, 37.01038512910559], [29.941132801266434, 37.01038512910559], [29.941132801266434, 37.01146310744654], [29.940593812095955, 37.01146310744654], [29.940593812095955, 37.010924118276066], [29.938976844584545, 37.010924118276066], [29.938976844584545, 37.01038512910559], [29.937898866243614, 37.01038512910559], [29.937898866243614, 37.00930715076465]]]}, "id": "+389505+87182", "properties": {"area_ha": 3.7287603471664057, "count": 13, "label": 1, "mean_dnbr": 0.2523380899118216}}, {"type": "Feature", "geometry": {"geodesic": false, "type": "Polygon", "coordinates": [[[29.940054822925504, 37.12518982241607], [29.940593812095955, 37.12518982241607], [29.940593812095955, 37.12572881158654], [29.941671790436914, 37.12572881158654], [29.941671790436914, 37.126806789927485], [29.940593812095955, 37.126806789927485], [29.940593812095955, 37.12734577909796], [29.939515833755024, 37.12734577909796], [29.939515833755024, 37.12572881158654], [29.940054822925504, 37.12572881158654], [29.940054822925504, 37.12518982241607]]]}, "id": "+389507+86967", "properties": {"area_ha": 3.15027955984017, "count": 11, "label": 1, "mean_dnbr": 0.20286842870963623}}, {"type": "Feature", "geometry": {"geodesic": false, "type": "Polygon", "coordinates": [[[29.940593812095955, 36.99529343233239], [29.941671790436914, 36.99529343233239], [29.941671790436914, 36.9969103998438], [29.939515833755024, 36.9969103998438], [29.939515833755024, 36.99744938901427], [29.938976844584545, 36.99744938901427], [29.938976844584545, 36.998527367355216], [29.937898866243614, 36.998527367355216], [29.937898866243614, 36.99798837818474], [29.938437855414065, 36.99798837818474], [29.938437855414065, 36.99744938901427], [29.938976844584545, 36.99744938901427], [29.938976844584545, 36.9969103998438], [29.939515833755024, 36.9969103998438], [29.939515833755024, 36.99583242150286], [29.940593812095955, 36.99583242150286], [29.940593812095955, 36.99529343233239]]]}, "id": "+389509+87208", "properties": {"area_ha": 4.016310233200351, "count": 14, "label": 1, "mean_dnbr": 0.3405519112666893}}, {"type": "Feature", "geometry": {"geodesic": false, "type": "Polygon", "coordinates": [[[29.940054822925504, 37.02278188002644], [29.942210779607393, 37.02278188002644], [29.942210779607393, 37.02439884753786], [29.940054822925504, 37.02439884753786], [29.940054822925504, 37.02278188002644]]]}, "id": "+389510+87157", "properties": {"area_ha": 3.44132796252637, "count": 12, "label": 1, "mean_dnbr": 0.46383288564896585}}, {"type": "Feature", "geometry": {"geodesic": false, "type": "Polygon", "coordinates": [[[29.941132801266434, 37.36557899244645], [29.943288757948324, 37.36557899244645], [29.943288757948324, 37.366117981616924], [29.942210779607393, 37.366117981616924], [29.942210779607393, 37.366656970787396], [29.941132801266434, 37.366656970787396], [29.941132801266434, 37.36719595995787], [29.940054822925504, 37.36719595995787], [29.940054822925504, 37.366656970787396], [29.939515833755024, 37.366656970787396], [29.939515833755024, 37.366117981616924], [29.941132801266434, 37.366117981616924], [29.941132801266434, 37.36557899244645]]]}, "id": "+389512+86521", "properties": {"area_ha": 3.140256859179608, "count": 11, "label": 1, "mean_dnbr": 0.2961759826492884}}, {"type": "Feature", "geometry": {"geodesic": false, "type": "Polygon", "coordinates": [[[29.942749768777844, 37.316530977933525], [29.943288757948324, 37.316530977933525], [29.943288757948324, 37.317069967104], [29.942749768777844, 37.317069967104], [29.942749768777844, 37.31760895627447], [29.943827747118803, 37.31760895627447], [29.943827747118803, 37.31814794544494], [29.943288757948324, 37.31814794544494], [29.943288757948324, 37.319225923785886], [29.942749768777844, 37.319225923785886], [29.942749768777844, 37.318686934615414], [29.942210779607393, 37.318686934615414], [29.942210779607393, 37.31814794544494], [29.941132801266434, 37.31814794544494], [29.941132801266434, 37.31760895627447], [29.940593812095955, 37.31760895627447], [29.940593812095955, 37.31814794544494], [29.938976844584545, 37.31814794544494], [29.938976844584545, 37.31760895627447], [29.939515833755024, 37.31760895627447], [29.939515833755024, 37.317069967104], [29.942749768777844, 37.317069967104], [29.942749768777844, 37.316530977933525]]]}, "id": "+389512+86612", "properties": {"area_ha": 5.141915529525306, "count": 18, "label": 1, "mean_dnbr": 0.2266777793865188}}, {"type": "Feature", "geometry": {"geodesic": false, "type": "Polygon", "coordinates": [[[29.942749768777844, 37.13165769246173], [29.943288757948324, 37.13165769246173], [29.943288757948324, 37.13327465997315], [29.943827747118803, 37.13327465997315], [29.943827747118803, 37.134891627484556], [29.941671790436914, 37.134891627484556], [29.941671790436914, 37.13435263831409], [29.941132801266434, 37.13435263831409], [29.941132801266434, 37.13327465997315], [29.941671790436914, 37.13327465997315], [29.941671790436914, 37.13435263831409], [29.942210779607393, 37.13435263831409], [29.942210779607393, 37.13327465997315], [29.942749768777844, 37.13327465997315], [29.942749768777844, 37.13165769246173]], [[29.943288757948324, 37.13327465997315], [29.943288757948324, 37.13381364914362], [29.942749768777844, 37.13381364914362], [29.942749768777844, 37.13327465997315], [29.943288757948324, 37.13327465997315]]]}, "id": "+389512+86955", "properties": {"area_ha": 4.009058530785546, "count": 14, "label": 1, "mean_dnbr": 0.17983129442404677}}, {"type": "Feature", "geometry": {"geodesic": false, "type": "Polygon", "coordinates": [[[29.939515833755024, 37.00176130237805], [29.943827747118803, 37.00176130237805], [29.943827747118803, 37.00283928071899], [29.942210779607393, 37.00283928071899], [29.942210779607393, 37.00337826988946], [29.941671790436914, 37.00337826988946], [29.941671790436914, 37.002300291548515], [29.940593812095955, 37.002300291548515], [29.940593812095955, 37.00283928071899], [29.939515833755024, 37.00283928071899], [29.939515833755024, 37.00176130237805]]]}, "id": "+389513+87196", "properties": {"area_ha": 4.302813582757077, "count": 15, "label": 1, "mean_dnbr": 0.254834442135171}}, {"type": "Feature", "geometry": {"geodesic": false, "type": "Polygon", "coordinates": [[[29.945444714630213, 37.37204686249211], [29.946522692971143, 37.37204686249211], [29.946522692971143, 37.372585851662585], [29.947061682141623, 37.372585851662585], [29.947061682141623, 37.37312484083306], [29.947600671312102, 37.37312484083306], [29.947600671312102, 37.37366383000353], [29.948139660482582, 37.37366383000353], [29.948139660482582, 37.37312484083306], [29.948678649653033, 37.37312484083306], [29.948678649653033, 37.37366383000353], [29.948139660482582, 37.37366383000353], [29.948139660482582, 37.374202819174], [29.947061682141623, 37.374202819174], [29.947061682141623, 37.374741808344474], [29.947600671312102, 37.374741808344474], [29.947600671312102, 37.376358775855884], [29.946522692971143, 37.376358775855884], [29.946522692971143, 37.37528079751495], [29.945983703800692, 37.37528079751495], [29.945983703800692, 37.37581978668541], [29.945444714630213, 37.37581978668541], [29.945444714630213, 37.376358775855884], [29.943288757948324, 37.376358775855884], [29.943288757948324, 37.374741808344474], [29.943827747118803, 37.374741808344474], [29.943827747118803, 37.374202819174], [29.945983703800692, 37.374202819174], [29.945983703800692, 37.37312484083306], [29.945444714630213, 37.37312484083306], [29.945444714630213, 37.37204686249211]]]}, "id": "+389518+86509", "properties": {"area_ha": 11.417874364951896, "count": 40, "label": 1, "mean_dnbr": 0.3016658671058025}}, {"type": "Feature", "geometry": {"geodesic": false, "type": "Polygon", "coordinates": [[[29.945444714630213, 37.35695516571891], [29.942210779607393, 37.35695516571891], [29.942210779607393, 37.35749415488938], [29.941132801266434, 37.35749415488938], [29.941132801266434, 37.35695516571891], [29.941671790436914, 37.35695516571891], [29.941671790436914, 37.356416176548436], [29.944366736289254, 37.356416176548436], [29.944366736289254, 37.35587718737796], [29.946522692971143, 37.35587718737796], [29.946522692971143, 37.356416176548436], [29.945444714630213, 37.356416176548436], [29.945444714630213, 37.35695516571891]]]}, "id": "+389518+86539", "properties": {"area_ha": 3.7117046810438086, "count": 13, "label": 1, "mean_dnbr": 0.2306581176246621}}, {"type": "Feature", "geometry": {"geodesic": false, "type": "Polygon", "coordinates": [[[29.949217638823512, 36.95433025537653], [29.950834606334922, 36.95433025537653], [29.950834606334922, 36.95594722288795], [29.9513735955054, 36.95594722288795], [29.9513735955054, 36.95648621205842], [29.950834606334922, 36.95648621205842], [29.950834606334922, 36.957025201228895], [29.950295617164443, 36.957025201228895], [29.950295617164443, 36.95540823371748], [29.948678649653033, 36.95540823371748], [29.948678649653033, 36.954869244547005], [29.949217638823512, 36.954869244547005], [29.949217638823512, 36.95433025537653]]]}, "id": "+389526+87284", "properties": {"area_ha": 3.15738062203955, "count": 11, "label": 1, "mean_dnbr": 0.21844455969050608}}, {"type": "Feature", "geometry": {"geodesic": false, "type": "Polygon", "coordinates": [[[29.950295617164443, 37.132735670802674], [29.95191258467588, 37.132735670802674], [29.95191258467588, 37.13327465997315], [29.9513735955054, 37.13327465997315], [29.9513735955054, 37.13381364914362], [29.95191258467588, 37.13381364914362], [29.95191258467588, 37.13435263831409], [29.94975662799399, 37.13435263831409], [29.94975662799399, 37.134891627484556], [29.949217638823512, 37.134891627484556], [29.949217638823512, 37.13435263831409], [29.94975662799399, 37.13435263831409], [29.94975662799399, 37.13327465997315], [29.949217638823512, 37.13327465997315], [29.949217638823512, 37.132735670802674], [29.94975662799399, 37.132735670802674], [29.94975662799399, 37.13327465997315], [29.950295617164443, 37.13327465997315], [29.950295617164443, 37.132735670802674]]]}, "id": "+389528+86953", "properties": {"area_ha": 3.436340627753782, "count": 12, "label": 1, "mean_dnbr": 0.18328597649458214}}, {"type": "Feature", "geometry": {"geodesic": false, "type": "Polygon", "coordinates": [[[29.9513735955054, 37.016852999151254], [29.95191258467588, 37.016852999151254], [29.95191258467588, 37.01846996666267], [29.952451573846332, 37.01846996666267], [29.952451573846332, 37.019008955833144], [29.95191258467588, 37.019008955833144], [29.95191258467588, 37.019547945003616], [29.952451573846332, 37.019547945003616], [29.952451573846332, 37.02008693417408], [29.95191258467588, 37.02008693417408], [29.95191258467588, 37.019547945003616], [29.94975662799399, 37.019547945003616], [29.94975662799399, 37.019008955833144], [29.950834606334922, 37.019008955833144], [29.950834606334922, 37.01739198832173], [29.9513735955054, 37.01739198832173], [29.9513735955054, 37.016852999151254]]]}, "id": "+389528+87168", "properties": {"area_ha": 3.728355272132753, "count": 13, "label": 1, "mean_dnbr": 0.28442131373020224}}, {"type": "Feature", "geometry": {"geodesic": false, "type": "Polygon", "coordinates": [[[29.950295617164443, 37.00607321574182], [29.95352955218729, 37.00607321574182], [29.95352955218729, 37.007151194082766], [29.9551465196987, 37.007151194082766], [29.9551465196987, 37.00769018325324], [29.95784146555107, 37.00769018325324], [29.95784146555107, 37.008768161594176], [29.95730247638059, 37.008768161594176], [29.95730247638059, 37.008229172423704], [29.95406854135777, 37.008229172423704], [29.95406854135777, 37.00769018325324], [29.95352955218729, 37.00769018325324], [29.95352955218729, 37.007151194082766], [29.950295617164443, 37.007151194082766], [29.950295617164443, 37.00607321574182]]]}, "id": "+389531+87188", "properties": {"area_ha": 6.597307675156258, "count": 23, "label": 1, "mean_dnbr": 0.31461917774461223}}, {"type": "Feature", "geometry": {"geodesic": false, "type": "Polygon", "coordinates": [[[29.9551465196987, 37.39414541848145], [29.95622449803963, 37.39414541848145], [29.95622449803963, 37.395223396822395], [29.95676348721011, 37.395223396822395], [29.95676348721011, 37.39576238599287], [29.95622449803963, 37.39576238599287], [29.95622449803963, 37.39630137516334], [29.95460753052822, 37.39630137516334], [29.95460753052822, 37.39468440765192], [29.9551465196987, 37.39468440765192], [29.9551465196987, 37.39414541848145]]]}, "id": "+389536+86468", "properties": {"area_ha": 3.4244188773702757, "count": 12, "label": 1, "mean_dnbr": 0.23864154781866476}}, {"type": "Feature", "geometry": {"geodesic": false, "type": "Polygon", "coordinates": [[[29.95676348721011, 36.95379126620606], [29.95838045472152, 36.95379126620606], [29.95838045472152, 36.95433025537653], [29.95784146555107, 36.95433025537653], [29.95784146555107, 36.95540823371748], [29.95945843306248, 36.95540823371748], [29.95945843306248, 36.95648621205842], [29.95838045472152, 36.95648621205842], [29.95838045472152, 36.95864216874031], [29.958919443892, 36.95864216874031], [29.958919443892, 36.959181157910784], [29.95945843306248, 36.959181157910784], [29.95945843306248, 36.95972014708125], [29.958919443892, 36.95972014708125], [29.958919443892, 36.960798125422194], [29.95999742223296, 36.960798125422194], [29.95999742223296, 36.96025913625172], [29.96053641140341, 36.96025913625172], [29.96053641140341, 36.960798125422194], [29.96107540057389, 36.960798125422194], [29.96107540057389, 36.96295408210408], [29.96053641140341, 36.96295408210408], [29.96053641140341, 36.963493071274556], [29.96107540057389, 36.963493071274556], [29.96107540057389, 36.96403206044503], [29.958919443892, 36.96403206044503], [29.958919443892, 36.965649027956445], [29.95945843306248, 36.965649027956445], [29.95945843306248, 36.96618801712691], [29.95730247638059, 36.96618801712691], [29.95730247638059, 36.96672700629738], [29.95622449803963, 36.96672700629738], [29.95622449803963, 36.967265995467855], [29.95730247638059, 36.967265995467855], [29.95730247638059, 36.9683439738088], [29.9551465196987, 36.9683439738088], [29.9551465196987, 36.96780498463833], [29.95622449803963, 36.96780498463833], [29.95622449803963, 36.967265995467855], [29.95460753052822, 36.967265995467855], [29.95460753052822, 36.96780498463833], [29.952451573846332, 36.96780498463833], [29.952451573846332, 36.967265995467855], [29.95299056301681, 36.967265995467855], [29.95299056301681, 36.96672700629738], [29.95622449803963, 36.96672700629738], [29.95622449803963, 36.96618801712691], [29.95568550886918, 36.96618801712691], [29.95568550886918, 36.965649027956445], [29.95460753052822, 36.965649027956445], [29.95460753052822, 36.96618801712691], [29.95406854135777, 36.96618801712691], [29.95406854135777, 36.965649027956445], [29.95352955218729, 36.965649027956445], [29.95352955218729, 36.9645710496155], [29.95460753052822, 36.9645710496155], [29.95460753052822, 36.963493071274556], [29.95406854135777, 36.963493071274556], [29.95406854135777, 36.96241509293361], [29.95299056301681, 36.96241509293361], [29.95299056301681, 36.961337114592666], [29.95406854135777, 36.961337114592666], [29.95406854135777, 36.960798125422194], [29.952451573846332, 36.960798125422194], [29.952451573846332, 36.96025913625172], [29.95299056301681, 36.96025913625172], [29.95299056301681, 36.959181157910784], [29.95352955218729, 36.959181157910784], [29.95352955218729, 36.95864216874031], [29.95299056301681, 36.95864216874031], [29.95299056301681, 36.95810317956984], [29.952451573846332, 36.95810317956984], [29.952451573846332, 36.95864216874031], [29.9513735955054, 36.95864216874031], [29.9513735955054, 36.95810317956984], [29.952451573846332, 36.95810317956984], [29.952451573846332, 36.95756419039937], [29.95406854135777, 36.95756419039937], [29.95406854135777, 36.95864216874031], [29.95460753052822, 36.95864216874031], [29.95460753052822, 36.95810317956984], [29.95676348721011, 36.95810317956984], [29.95676348721011, 36.95756419039937], [29.95622449803963, 36.95756419039937], [29.95622449803963, 36.957025201228895], [29.95730247638059, 36.957025201228895], [29.95730247638059, 36.95594722288795], [29.95784146555107, 36.95594722288795], [29.95784146555107, 36.95540823371748], [29.95730247638059, 36.95540823371748], [29.95730247638059, 36.95433025537653], [29.95676348721011, 36.95433025537653], [29.95676348721011, 36.95379126620606]], [[29.95730247638059, 36.96511003878597], [29.95730247638059, 36.965649027956445], [29.95676348721011, 36.965649027956445], [29.95676348721011, 36.96511003878597], [29.95730247638059, 36.96511003878597]], [[29.95838045472152, 36.96511003878597], [29.95838045472152, 36.965649027956445], [29.95784146555107, 36.965649027956445], [29.95784146555107, 36.96511003878597], [29.95838045472152, 36.96511003878597]], [[29.95676348721011, 36.9645710496155], [29.95676348721011, 36.96511003878597], [29.95568550886918, 36.96511003878597], [29.95568550886918, 36.9645710496155], [29.95676348721011, 36.9645710496155]], [[29.95838045472152, 36.963493071274556], [29.95838045472152, 36.96403206044503], [29.95784146555107, 36.96403206044503], [29.95784146555107, 36.963493071274556], [29.95838045472152, 36.963493071274556]], [[29.95622449803963, 36.96187610376314], [29.95622449803963, 36.96241509293361], [29.95568550886918, 36.96241509293361], [29.95568550886918, 36.96295408210408], [29.95676348721011, 36.96295408210408], [29.95676348721011, 36.963493071274556], [29.9551465196987, 36.963493071274556], [29.9551465196987, 36.96187610376314], [29.95622449803963, 36.96187610376314]], [[29.95784146555107, 36.961337114592666], [29.95784146555107, 36.96187610376314], [29.95945843306248, 36.96187610376314], [29.95945843306248, 36.96241509293361], [29.96053641140341, 36.96241509293361], [29.96053641140341, 36.96295408210408], [29.958919443892, 36.96295408210408], [29.958919443892, 36.96241509293361], [29.95838045472152, 36.96241509293361], [29.95838045472152, 36.96295408210408], [29.95730247638059, 36.96295408210408], [29.95730247638059, 36.96241509293361], [29.95676348721011, 36.96241509293361], [29.95676348721011, 36.96187610376314], [29.95622449803963, 36.96187610376314], [29.95622449803963, 36.961337114592666], [29.95784146555107, 36.961337114592666]], [[29.96053641140341, 36.960798125422194], [29.96053641140341, 36.961337114592666], [29.95999742223296, 36.961337114592666], [29.95999742223296, 36.960798125422194], [29.96053641140341, 36.960798125422194]], [[29.95676348721011, 36.95864216874031], [29.95676348721011, 36.95972014708125], [29.95838045472152, 36.95972014708125], [29.95838045472152, 36.960798125422194], [29.95622449803963, 36.960798125422194], [29.95622449803963, 36.961337114592666], [29.9551465196987, 36.961337114592666], [29.9551465196987, 36.96187610376314], [29.95460753052822, 36.96187610376314], [29.95460753052822, 36.96025913625172], [29.95568550886918, 36.96025913625172], [29.95568550886918, 36.959181157910784], [29.95622449803963, 36.959181157910784], [29.95622449803963, 36.95864216874031], [29.95676348721011, 36.95864216874031]], [[29.95730247638059, 36.95810317956984], [29.95730247638059, 36.95864216874031], [29.95676348721011, 36.95864216874031], [29.95676348721011, 36.95810317956984], [29.95730247638059, 36.95810317956984]]]}, "id": "+389540+87285", "properties": {"area_ha": 48.791728649294804, "count": 170, "label": 1, "mean_dnbr": 0.2854826113397682}}, {"type": "Feature", "geometry": {"geodesic": false, "type": "Polygon", "coordinates": [[[29.95999742223296, 36.967265995467855], [29.96107540057389, 36.967265995467855], [29.96107540057389, 36.96780498463833], [29.96215337891482, 36.96780498463833], [29.96215337891482, 36.9683439738088], [29.96053641140341, 36.9683439738088], [29.96053641140341, 36.96996094132022], [29.95999742223296, 36.96996094132022], [29.95999742223296, 36.97049993049069], [29.96053641140341, 36.97049993049069], [29.96053641140341, 36.9721168980021], [29.95999742223296, 36.9721168980021], [29.95999742223296, 36.97049993049069], [29.958919443892, 36.97049993049069], [29.958919443892, 36.97103891966116], [29.95945843306248, 36.97103891966116], [29.95945843306248, 36.9721168980021], [29.958919443892, 36.9721168980021], [29.958919443892, 36.97103891966116], [29.95838045472152, 36.97103891966116], [29.95838045472152, 36.96996094132022], [29.958919443892, 36.96996094132022], [29.958919443892, 36.969421952149744], [29.95945843306248, 36.969421952149744], [29.95945843306248, 36.9683439738088], [29.95999742223296, 36.9683439738088], [29.95999742223296, 36.967265995467855]]]}, "id": "+389545+87260", "properties": {"area_ha": 6.313586795807874, "count": 22, "label": 1, "mean_dnbr": 0.30666125969300406}}, {"type": "Feature", "geometry": {"geodesic": false, "type": "Polygon", "coordinates": [[[29.96377034642626, 36.96403206044503], [29.96430933559671, 36.96403206044503], [29.96430933559671, 36.9645710496155], [29.96538731393767, 36.9645710496155], [29.96538731393767, 36.96511003878597], [29.965926303108148, 36.96511003878597], [29.965926303108148, 36.9645710496155], [29.9664652922786, 36.9645710496155], [29.9664652922786, 36.965649027956445], [29.96538731393767, 36.965649027956445], [29.96538731393767, 36.96618801712691], [29.96430933559671, 36.96618801712691], [29.96430933559671, 36.967265995467855], [29.96377034642626, 36.967265995467855], [29.96377034642626, 36.96618801712691], [29.96430933559671, 36.96618801712691], [29.96430933559671, 36.9645710496155], [29.96377034642626, 36.9645710496155], [29.96377034642626, 36.96403206044503]]]}, "id": "+389551+87266", "properties": {"area_ha": 3.4439596703941056, "count": 12, "label": 1, "mean_dnbr": 0.29709678613882134}}, {"type": "Feature", "geometry": {"geodesic": false, "type": "Polygon", "coordinates": [[[29.965926303108148, 37.52943170026985], [29.9664652922786, 37.52943170026985], [29.9664652922786, 37.529970689440326], [29.96862124896049, 37.529970689440326], [29.96862124896049, 37.5305096786108], [29.969160238130968, 37.5305096786108], [29.969160238130968, 37.53158765695174], [29.96862124896049, 37.53158765695174], [29.96862124896049, 37.53104866778127], [29.967543270619558, 37.53104866778127], [29.967543270619558, 37.5305096786108], [29.96538731393767, 37.5305096786108], [29.96538731393767, 37.529970689440326], [29.965926303108148, 37.529970689440326], [29.965926303108148, 37.52943170026985]]]}, "id": "+389555+86217", "properties": {"area_ha": 3.1333817599466225, "count": 11, "label": 1, "mean_dnbr": 0.23295669932806912}}, {"type": "Feature", "geometry": {"geodesic": false, "type": "Polygon", "coordinates": [[[29.96484832476719, 36.96672700629738], [29.96700428144908, 36.96672700629738], [29.96700428144908, 36.96780498463833], [29.967543270619558, 36.96780498463833], [29.967543270619558, 36.96996094132022], [29.965926303108148, 36.96996094132022], [29.965926303108148, 36.96888296297927], [29.96538731393767, 36.96888296297927], [29.96538731393767, 36.9683439738088], [29.96484832476719, 36.9683439738088], [29.96484832476719, 36.96672700629738]]]}, "id": "+389556+87261", "properties": {"area_ha": 6.600677455366238, "count": 23, "label": 1, "mean_dnbr": 0.37513911740272143}}, {"type": "Feature", "geometry": {"geodesic": false, "type": "Polygon", "coordinates": [[[29.981017999881345, 37.25400823415881], [29.982095978222276, 37.25400823415881], [29.982095978222276, 37.255086212499755], [29.982634967392755, 37.255086212499755], [29.982634967392755, 37.25562520167022], [29.982095978222276, 37.25562520167022], [29.982095978222276, 37.25616419084069], [29.983712945733714, 37.25616419084069], [29.983712945733714, 37.256703180011165], [29.984251934904165, 37.256703180011165], [29.984251934904165, 37.25724216918164], [29.982634967392755, 37.25724216918164], [29.982634967392755, 37.256703180011165], [29.982095978222276, 37.256703180011165], [29.982095978222276, 37.25616419084069], [29.981556989051825, 37.25616419084069], [29.981556989051825, 37.25562520167022], [29.980479010710866, 37.25562520167022], [29.980479010710866, 37.255086212499755], [29.979940021540386, 37.255086212499755], [29.979940021540386, 37.25454722332928], [29.981017999881345, 37.25454722332928], [29.981017999881345, 37.25400823415881]]]}, "id": "+389584+86728", "properties": {"area_ha": 4.860284501632762, "count": 17, "label": 1, "mean_dnbr": 0.3077126682941971}}, {"type": "Feature", "geometry": {"geodesic": false, "type": "Polygon", "coordinates": [[[29.991258794120313, 37.23837754821513], [29.992336772461243, 37.23837754821513], [29.992336772461243, 37.2389165373856], [29.992875761631723, 37.2389165373856], [29.992875761631723, 37.23945552655607], [29.993414750802202, 37.23945552655607], [29.993414750802202, 37.2389165373856], [29.993953739972653, 37.2389165373856], [29.993953739972653, 37.23945552655607], [29.993414750802202, 37.23945552655607], [29.993414750802202, 37.240533504897016], [29.992336772461243, 37.240533504897016], [29.992336772461243, 37.23999451572654], [29.991797783290792, 37.23999451572654], [29.991797783290792, 37.23945552655607], [29.990719804949833, 37.23945552655607], [29.990719804949833, 37.2389165373856], [29.991258794120313, 37.2389165373856], [29.991258794120313, 37.23837754821513]]]}, "id": "+389603+86757", "properties": {"area_ha": 3.431527751097799, "count": 12, "label": 1, "mean_dnbr": 0.3326339550488765}}, {"type": "Feature", "geometry": {"geodesic": false, "type": "Polygon", "coordinates": [[[29.99772666416598, 37.589798487362685], [29.998265653336432, 37.589798487362685], [29.998265653336432, 37.59033747653316], [29.99880464250691, 37.59033747653316], [29.99880464250691, 37.59087646570363], [29.99934363167739, 37.59087646570363], [29.99934363167739, 37.5914154548741], [29.999882620847842, 37.5914154548741], [29.999882620847842, 37.591954444044575], [30.00042161001832, 37.591954444044575], [30.00042161001832, 37.59249343321505], [30.0009605991888, 37.59249343321505], [30.0009605991888, 37.59303242238551], [30.00042161001832, 37.59303242238551], [30.00042161001832, 37.593571411555985], [29.99772666416598, 37.593571411555985], [29.99772666416598, 37.59303242238551], [29.9971876749955, 37.59303242238551], [29.9971876749955, 37.59249343321505], [29.998265653336432, 37.59249343321505], [29.998265653336432, 37.591954444044575], [29.99880464250691, 37.591954444044575], [29.99880464250691, 37.5914154548741], [29.998265653336432, 37.5914154548741], [29.998265653336432, 37.59087646570363], [29.9971876749955, 37.59087646570363], [29.9971876749955, 37.59033747653316], [29.99772666416598, 37.59033747653316], [29.99772666416598, 37.589798487362685]]]}, "id": "+389614+86105", "properties": {"area_ha": 6.8308177589074, "count": 24, "label": 1, "mean_dnbr": 0.23529534060396806}}, {"type": "Feature", "geometry": {"geodesic": false, "type": "Polygon", "coordinates": [[[30.00149958835928, 37.32192086963824], [30.00257756670021, 37.32192086963824], [30.00257756670021, 37.32245985880871], [30.00203857752973, 37.32245985880871], [30.00203857752973, 37.322998847979186], [30.00257756670021, 37.322998847979186], [30.00257756670021, 37.32407682632013], [30.00149958835928, 37.32407682632013], [30.00149958835928, 37.3246158154906], [30.00042161001832, 37.3246158154906], [30.00042161001832, 37.322998847979186], [30.00149958835928, 37.322998847979186], [30.00149958835928, 37.32192086963824]]]}, "id": "+389622+86602", "properties": {"area_ha": 3.7133418058333416, "count": 13, "label": 1, "mean_dnbr": 0.22373915861625795}}, {"type": "Feature", "geometry": {"geodesic": false, "type": "Polygon", "coordinates": [[[29.99934363167739, 36.988286573116255], [30.00257756670021, 36.988286573116255], [30.00257756670021, 36.9893645514572], [29.999882620847842, 36.9893645514572], [29.999882620847842, 36.98882556228673], [29.99934363167739, 36.98882556228673], [29.99934363167739, 36.988286573116255]]]}, "id": "+389622+87221", "properties": {"area_ha": 3.1559849205944346, "count": 11, "label": 1, "mean_dnbr": 0.3745332183846605}}, {"type": "Feature", "geometry": {"geodesic": false, "type": "Polygon", "coordinates": [[[30.01281836093918, 37.57901870395325], [30.013357350109658, 37.57901870395325], [30.013357350109658, 37.58063567146467], [30.016052295961998, 37.58063567146467], [30.016052295961998, 37.581174660635135], [30.016591285132478, 37.581174660635135], [30.016591285132478, 37.58225263897608], [30.01443532845059, 37.58225263897608], [30.01443532845059, 37.58171364980561], [30.01389633928011, 37.58171364980561], [30.01389633928011, 37.581174660635135], [30.013357350109658, 37.581174660635135], [30.013357350109658, 37.58063567146467], [30.00958442591636, 37.58063567146467], [30.00958442591636, 37.5800966822942], [30.01281836093918, 37.5800966822942], [30.01281836093918, 37.57901870395325]]]}, "id": "+389642+86125", "properties": {"area_ha": 6.5471844610078955, "count": 23, "label": 1, "mean_dnbr": 0.3015750627728026}}, {"type": "Feature", "geometry": {"geodesic": false, "type": "Polygon", "coordinates": [[[30.025754101030486, 37.77035985947071], [30.026293090200966, 37.77035985947071], [30.026293090200966, 37.77143783781165], [30.028449046882855, 37.77143783781165], [30.028449046882855, 37.77089884864118], [30.028988036053335, 37.77089884864118], [30.028988036053335, 37.77143783781165], [30.029527025223786, 37.77143783781165], [30.029527025223786, 37.77089884864118], [30.030066014394265, 37.77089884864118], [30.030066014394265, 37.77143783781165], [30.032760960246634, 37.77143783781165], [30.032760960246634, 37.771976826982126], [30.030605003564744, 37.771976826982126], [30.030605003564744, 37.7725158161526], [30.028988036053335, 37.7725158161526], [30.028988036053335, 37.77143783781165], [30.028449046882855, 37.77143783781165], [30.028449046882855, 37.773593794493536], [30.027910057712376, 37.773593794493536], [30.027910057712376, 37.77413278366401], [30.028988036053335, 37.77413278366401], [30.028988036053335, 37.77467177283448], [30.027371068541925, 37.77467177283448], [30.027371068541925, 37.77521076200495], [30.025754101030486, 37.77521076200495], [30.025754101030486, 37.77467177283448], [30.026293090200966, 37.77467177283448], [30.026293090200966, 37.77413278366401], [30.025754101030486, 37.77413278366401], [30.025754101030486, 37.7725158161526], [30.025215111860035, 37.7725158161526], [30.025215111860035, 37.77089884864118], [30.025754101030486, 37.77089884864118], [30.025754101030486, 37.77035985947071]], [[30.027371068541925, 37.7725158161526], [30.027371068541925, 37.77305480532307], [30.027910057712376, 37.77305480532307], [30.027910057712376, 37.773593794493536], [30.026832079371445, 37.773593794493536], [30.026832079371445, 37.77413278366401], [30.026293090200966, 37.77413278366401], [30.026293090200966, 37.7725158161526], [30.027371068541925, 37.7725158161526]]]}, "id": "+389666+85770", "properties": {"area_ha": 12.20879103653674, "count": 43, "label": 1, "mean_dnbr": 0.26941284782421954}}, {"type": "Feature", "geometry": {"geodesic": false, "type": "Polygon", "coordinates": [[[30.034377927758044, 37.184478631167956], [30.035455906098974, 37.184478631167956], [30.035455906098974, 37.1855566095089], [30.036533884439933, 37.1855566095089], [30.036533884439933, 37.18501762033843], [30.037072873610413, 37.18501762033843], [30.037072873610413, 37.18609559867937], [30.035994895269454, 37.18609559867937], [30.035994895269454, 37.18717357702032], [30.034916916928523, 37.18717357702032], [30.034916916928523, 37.186634587849845], [30.034377927758044, 37.186634587849845], [30.034377927758044, 37.184478631167956]]]}, "id": "+389683+86857", "properties": {"area_ha": 4.292456298952096, "count": 15, "label": 1, "mean_dnbr": 0.32334508879093915}}, {"type": "Feature", "geometry": {"geodesic": false, "type": "Polygon", "coordinates": [[[30.035994895269454, 37.57847971478278], [30.039228830292302, 37.57847971478278], [30.039228830292302, 37.57901870395325], [30.038689841121823, 37.57901870395325], [30.038689841121823, 37.579557693123725], [30.037072873610413, 37.579557693123725], [30.037072873610413, 37.5800966822942], [30.036533884439933, 37.5800966822942], [30.036533884439933, 37.58063567146467], [30.035994895269454, 37.58063567146467], [30.035994895269454, 37.5800966822942], [30.036533884439933, 37.5800966822942], [30.036533884439933, 37.579557693123725], [30.035994895269454, 37.579557693123725], [30.035994895269454, 37.57847971478278]]]}, "id": "+389690+86126", "properties": {"area_ha": 3.7006461530655956, "count": 13, "label": 1, "mean_dnbr": 0.20852938576961427}}, {"type": "Feature", "geometry": {"geodesic": false, "type": "Polygon", "coordinates": [[[30.041923776144642, 37.579557693123725], [30.0430017544856, 37.579557693123725], [30.0430017544856, 37.58279162814655], [30.043540743656052, 37.58279162814655], [30.043540743656052, 37.58225263897608], [30.044079732826532, 37.58225263897608], [30.044079732826532, 37.583330617317024], [30.041923776144642, 37.583330617317024], [30.041923776144642, 37.58279162814655], [30.040845797803712, 37.58279162814655], [30.040845797803712, 37.58225263897608], [30.039228830292302, 37.58225263897608], [30.039228830292302, 37.58063567146467], [30.039767819462753, 37.58063567146467], [30.039767819462753, 37.5800966822942], [30.041923776144642, 37.5800966822942], [30.041923776144642, 37.579557693123725]], [[30.040845797803712, 37.58063567146467], [30.040845797803712, 37.581174660635135], [30.040306808633233, 37.581174660635135], [30.040306808633233, 37.58063567146467], [30.040845797803712, 37.58063567146467]], [[30.042462765315122, 37.5800966822942], [30.042462765315122, 37.58063567146467], [30.041923776144642, 37.58063567146467], [30.041923776144642, 37.5800966822942], [30.042462765315122, 37.5800966822942]]]}, "id": "+389697+86124", "properties": {"area_ha": 10.247672951178055, "count": 36, "label": 1, "mean_dnbr": 0.18404207281251012}}, {"type": "Feature", "geometry": {"geodesic": false, "type": "Polygon", "coordinates": [[[30.042462765315122, 37.56392700718004], [30.0430017544856, 37.56392700718004], [30.0430017544856, 37.56446599635051], [30.04461872199701, 37.56446599635051], [30.04461872199701, 37.56554397469146], [30.04515771116749, 37.56554397469146], [30.04515771116749, 37.56608296386193], [30.044079732826532, 37.56608296386193], [30.044079732826532, 37.567160942202875], [30.0430017544856, 37.567160942202875], [30.0430017544856, 37.5666219530324], [30.042462765315122, 37.5666219530324], [30.042462765315122, 37.56554397469146], [30.0430017544856, 37.56554397469146], [30.0430017544856, 37.56446599635051], [30.042462765315122, 37.56446599635051], [30.042462765315122, 37.56392700718004]]]}, "id": "+389697+86153", "properties": {"area_ha": 4.840209332834994, "count": 17, "label": 1, "mean_dnbr": 0.1742689980321792}}, {"type": "Feature", "geometry": {"geodesic": false, "type": "Polygon", "coordinates": [[[30.042462765315122, 37.57416780141901], [30.043540743656052, 37.57416780141901], [30.043540743656052, 37.57632375810089], [30.042462765315122, 37.57632375810089], [30.042462765315122, 37.577401736441836], [30.041923776144642, 37.577401736441836], [30.041923776144642, 37.57794072561231], [30.041384786974163, 37.57794072561231], [30.041384786974163, 37.574706790589474], [30.042462765315122, 37.574706790589474], [30.042462765315122, 37.57416780141901]]]}, "id": "+389698+86134", "properties": {"area_ha": 5.408909780386239, "count": 19, "label": 1, "mean_dnbr": 0.2819590431494797}}, {"type": "Feature", "geometry": {"geodesic": false, "type": "Polygon", "coordinates": [[[30.04623568950842, 37.579557693123725], [30.0467746786789, 37.579557693123725], [30.0467746786789, 37.5800966822942], [30.04731366784935, 37.5800966822942], [30.04731366784935, 37.5838696064875], [30.04623568950842, 37.5838696064875], [30.04623568950842, 37.579557693123725]]]}, "id": "+389704+86124", "properties": {"area_ha": 4.269846676371964, "count": 15, "label": 1, "mean_dnbr": 0.17029815580184177}}, {"type": "Feature", "geometry": {"geodesic": false, "type": "Polygon", "coordinates": [[[30.04785265701983, 37.199031338770695], [30.04839164619031, 37.199031338770695], [30.04839164619031, 37.20010931711164], [30.04893063536079, 37.20010931711164], [30.04893063536079, 37.20064830628211], [30.04946962453124, 37.20064830628211], [30.04946962453124, 37.20118729545258], [30.05000861370172, 37.20118729545258], [30.05000861370172, 37.20172628462305], [30.0505476028722, 37.20172628462305], [30.0505476028722, 37.20226527379352], [30.04893063536079, 37.20226527379352], [30.04893063536079, 37.20172628462305], [30.04785265701983, 37.20172628462305], [30.04785265701983, 37.20118729545258], [30.04731366784935, 37.20118729545258], [30.04731366784935, 37.19957032794117], [30.04785265701983, 37.19957032794117], [30.04785265701983, 37.199031338770695]]]}, "id": "+389707+86830", "properties": {"area_ha": 4.86381475383585, "count": 17, "label": 1, "mean_dnbr": 0.35166505210895416}}, {"type": "Feature", "geometry": {"geodesic": false, "type": "Polygon", "coordinates": [[[30.0505476028722, 37.579557693123725], [30.05162558121313, 37.579557693123725], [30.05162558121313, 37.5800966822942], [30.05108659204268, 37.5800966822942], [30.05108659204268, 37.58063567146467], [30.05378153789502, 37.58063567146467], [30.05378153789502, 37.58171364980561], [30.05324254872454, 37.58171364980561], [30.05324254872454, 37.58225263897608], [30.05485951623598, 37.58225263897608], [30.05485951623598, 37.5838696064875], [30.0543205270655, 37.5838696064875], [30.0543205270655, 37.58440859565797], [30.05485951623598, 37.58440859565797], [30.05485951623598, 37.58656455233986], [30.05378153789502, 37.58656455233986], [30.05378153789502, 37.585486573998914], [30.0543205270655, 37.585486573998914], [30.0543205270655, 37.58440859565797], [30.05216457038361, 37.58440859565797], [30.05216457038361, 37.58171364980561], [30.05162558121313, 37.58171364980561], [30.05162558121313, 37.581174660635135], [30.0505476028722, 37.581174660635135], [30.0505476028722, 37.58171364980561], [30.04893063536079, 37.58171364980561], [30.04893063536079, 37.5800966822942], [30.04946962453124, 37.5800966822942], [30.04946962453124, 37.58063567146467], [30.0505476028722, 37.58063567146467], [30.0505476028722, 37.579557693123725]]]}, "id": "+389713+86124", "properties": {"area_ha": 13.37871966711492, "count": 47, "label": 1, "mean_dnbr": 0.19112357452803433}}, {"type": "Feature", "geometry": {"geodesic": false, "type": "Polygon", "coordinates": [[[30.04785265701983, 37.575245779759946], [30.05162558121313, 37.575245779759946], [30.05162558121313, 37.57578476893042], [30.05108659204268, 37.57578476893042], [30.05108659204268, 37.57632375810089], [30.04893063536079, 37.57632375810089], [30.04893063536079, 37.57578476893042], [30.04785265701983, 37.57578476893042], [30.04785265701983, 37.575245779759946]]]}, "id": "+389713+86132", "properties": {"area_ha": 3.131449023920267, "count": 11, "label": 1, "mean_dnbr": 0.19439650664003866}}, {"type": "Feature", "geometry": {"geodesic": false, "type": "Polygon", "coordinates": [[[30.05108659204268, 37.56554397469146], [30.05216457038361, 37.56554397469146], [30.05216457038361, 37.567160942202875], [30.05108659204268, 37.567160942202875], [30.05108659204268, 37.568777909714285], [30.05000861370172, 37.568777909714285], [30.05000861370172, 37.570933866396174], [30.04946962453124, 37.570933866396174], [30.04946962453124, 37.57201184473712], [30.04839164619031, 37.57201184473712], [30.04839164619031, 37.57147285556665], [30.04893063536079, 37.57147285556665], [30.04893063536079, 37.570933866396174], [30.04839164619031, 37.570933866396174], [30.04839164619031, 37.5703948772257], [30.04946962453124, 37.5703948772257], [30.04946962453124, 37.56985588805523], [30.04893063536079, 37.56985588805523], [30.04893063536079, 37.5666219530324], [30.04946962453124, 37.5666219530324], [30.04946962453124, 37.56769993137335], [30.05000861370172, 37.56769993137335], [30.05000861370172, 37.567160942202875], [30.0505476028722, 37.567160942202875], [30.0505476028722, 37.56608296386193], [30.05108659204268, 37.56608296386193], [30.05108659204268, 37.56554397469146]]]}, "id": "+389714+86150", "properties": {"area_ha": 8.825941337182519, "count": 31, "label": 1, "mean_dnbr": 0.17744787434767625}}, {"type": "Feature", "geometry": {"geodesic": false, "type": "Polygon", "coordinates": [[[30.05162558121313, 37.56177105049816], [30.05216457038361, 37.56177105049816], [30.05216457038361, 37.562849028839096], [30.05324254872454, 37.562849028839096], [30.05324254872454, 37.56392700718004], [30.05270355955409, 37.56392700718004], [30.05270355955409, 37.56446599635051], [30.05216457038361, 37.56446599635051], [30.05216457038361, 37.56392700718004], [30.05108659204268, 37.56392700718004], [30.05108659204268, 37.562849028839096], [30.05162558121313, 37.562849028839096], [30.05162558121313, 37.56177105049816]]]}, "id": "+389714+86157", "properties": {"area_ha": 3.132001450483882, "count": 11, "label": 1, "mean_dnbr": 0.19385428741557154}}, {"type": "Feature", "geometry": {"geodesic": false, "type": "Polygon", "coordinates": [[[30.05378153789502, 37.574706790589474], [30.05593749457691, 37.574706790589474], [30.05593749457691, 37.575245779759946], [30.05647648374739, 37.575245779759946], [30.05647648374739, 37.57578476893042], [30.05539850540643, 37.57578476893042], [30.05539850540643, 37.57794072561231], [30.05593749457691, 37.57794072561231], [30.05593749457691, 37.57847971478278], [30.05539850540643, 37.57847971478278], [30.05539850540643, 37.57794072561231], [30.05485951623598, 37.57794072561231], [30.05485951623598, 37.577401736441836], [30.0543205270655, 37.577401736441836], [30.0543205270655, 37.57578476893042], [30.05378153789502, 37.57578476893042], [30.05378153789502, 37.574706790589474]]]}, "id": "+389721+86133", "properties": {"area_ha": 4.8395290177532235, "count": 17, "label": 1, "mean_dnbr": 0.19597718085609955}}, {"type": "Feature", "geometry": {"geodesic": false, "type": "Polygon", "coordinates": [[[30.0580934512588, 37.58225263897608], [30.05971041877021, 37.58225263897608], [30.05971041877021, 37.58440859565797], [30.0580934512588, 37.58440859565797], [30.0580934512588, 37.58225263897608]]]}, "id": "+389728+86119", "properties": {"area_ha": 3.415808403115584, "count": 12, "label": 1, "mean_dnbr": 0.18160008597443472}}, {"type": "Feature", "geometry": {"geodesic": false, "type": "Polygon", "coordinates": [[[30.060788397111168, 37.626988740125235], [30.061866375452098, 37.626988740125235], [30.061866375452098, 37.62806671846618], [30.06132738628162, 37.62806671846618], [30.06132738628162, 37.62860570763665], [30.060249407940688, 37.62860570763665], [30.060249407940688, 37.62968368597759], [30.05917142959973, 37.62968368597759], [30.05917142959973, 37.63022267514806], [30.058632440429278, 37.63022267514806], [30.058632440429278, 37.62914469680712], [30.05917142959973, 37.62914469680712], [30.05917142959973, 37.62860570763665], [30.05971041877021, 37.62860570763665], [30.05971041877021, 37.62752772929571], [30.060788397111168, 37.62752772929571], [30.060788397111168, 37.626988740125235]]]}, "id": "+389732+86036", "properties": {"area_ha": 4.2671717172210775, "count": 15, "label": 1, "mean_dnbr": 0.21330045206891227}}, {"type": "Feature", "geometry": {"geodesic": false, "type": "Polygon", "coordinates": [[[30.06132738628162, 37.6162089567158], [30.064022332133987, 37.6162089567158], [30.064022332133987, 37.616747945886274], [30.063483342963508, 37.616747945886274], [30.063483342963508, 37.61728693505674], [30.061866375452098, 37.61728693505674], [30.061866375452098, 37.61782592422721], [30.05971041877021, 37.61782592422721], [30.05971041877021, 37.616747945886274], [30.060249407940688, 37.616747945886274], [30.060249407940688, 37.6162089567158], [30.060788397111168, 37.6162089567158], [30.060788397111168, 37.616747945886274], [30.06132738628162, 37.616747945886274], [30.06132738628162, 37.6162089567158]]]}, "id": "+389736+86056", "properties": {"area_ha": 4.836871601982374, "count": 17, "label": 1, "mean_dnbr": 0.2321947999949122}}, {"type": "Feature", "geometry": {"geodesic": false, "type": "Polygon", "coordinates": [[[30.067795256327287, 37.645853361091746], [30.068334245497766, 37.645853361091746], [30.068334245497766, 37.64639235026222], [30.068873234668246, 37.64639235026222], [30.068873234668246, 37.64693133943269], [30.069412223838697, 37.64693133943269], [30.069412223838697, 37.647470328603156], [30.068334245497766, 37.647470328603156], [30.068334245497766, 37.64800931777363], [30.067795256327287, 37.64800931777363], [30.067795256327287, 37.6485483069441], [30.066717277986356, 37.6485483069441], [30.066717277986356, 37.64908729611457], [30.065639299645397, 37.64908729611457], [30.065639299645397, 37.6485483069441], [30.065100310474918, 37.6485483069441], [30.065100310474918, 37.649626285285045], [30.064022332133987, 37.649626285285045], [30.064022332133987, 37.6485483069441], [30.063483342963508, 37.6485483069441], [30.063483342963508, 37.64800931777363], [30.065100310474918, 37.64800931777363], [30.065100310474918, 37.64693133943269], [30.066178288815877, 37.64693133943269], [30.066178288815877, 37.64639235026222], [30.066717277986356, 37.64639235026222], [30.066717277986356, 37.64693133943269], [30.067256267156807, 37.64693133943269], [30.067256267156807, 37.64639235026222], [30.067795256327287, 37.64639235026222], [30.067795256327287, 37.645853361091746]]]}, "id": "+389744+86001", "properties": {"area_ha": 9.385333166599452, "count": 33, "label": 1, "mean_dnbr": 0.20139919536312614}}, {"type": "Feature", "geometry": {"geodesic": false, "type": "Polygon", "coordinates": [[[30.067795256327287, 37.60704614081778], [30.068873234668246, 37.60704614081778], [30.068873234668246, 37.608663108329196], [30.068334245497766, 37.608663108329196], [30.068334245497766, 37.61028007584061], [30.067795256327287, 37.61028007584061], [30.067795256327287, 37.61081906501108], [30.067256267156807, 37.61081906501108], [30.067256267156807, 37.60920209749967], [30.067795256327287, 37.60920209749967], [30.067795256327287, 37.608663108329196], [30.067256267156807, 37.608663108329196], [30.067256267156807, 37.60758512998825], [30.067795256327287, 37.60758512998825], [30.067795256327287, 37.60704614081778]]]}, "id": "+389745+86073", "properties": {"area_ha": 3.983750542477462, "count": 14, "label": 1, "mean_dnbr": 0.222557760462154}}, {"type": "Feature", "geometry": {"geodesic": false, "type": "Polygon", "coordinates": [[[30.069412223838697, 37.635073577682306], [30.070490202179656, 37.635073577682306], [30.070490202179656, 37.63561256685278], [30.069951213009176, 37.63561256685278], [30.069951213009176, 37.63615155602325], [30.070490202179656, 37.63615155602325], [30.070490202179656, 37.637229534364195], [30.069951213009176, 37.637229534364195], [30.069951213009176, 37.63776852353467], [30.069412223838697, 37.63776852353467], [30.069412223838697, 37.63884650187561], [30.068873234668246, 37.63884650187561], [30.068873234668246, 37.639385491046085], [30.067795256327287, 37.639385491046085], [30.067795256327287, 37.63884650187561], [30.068334245497766, 37.63884650187561], [30.068334245497766, 37.63669054519372], [30.068873234668246, 37.63669054519372], [30.068873234668246, 37.63561256685278], [30.069412223838697, 37.63561256685278], [30.069412223838697, 37.635073577682306]]]}, "id": "+389748+86021", "properties": {"area_ha": 5.688893693676738, "count": 20, "label": 1, "mean_dnbr": 0.20636521550586662}}, {"type": "Feature", "geometry": {"geodesic": false, "type": "Polygon", "coordinates": [[[30.070490202179656, 37.60542917330636], [30.071029191350107, 37.60542917330636], [30.071029191350107, 37.60704614081778], [30.070490202179656, 37.60704614081778], [30.070490202179656, 37.60758512998825], [30.071029191350107, 37.60758512998825], [30.071029191350107, 37.608124119158724], [30.070490202179656, 37.608124119158724], [30.070490202179656, 37.60758512998825], [30.069951213009176, 37.60758512998825], [30.069951213009176, 37.60704614081778], [30.069412223838697, 37.60704614081778], [30.069412223838697, 37.60650715164731], [30.068873234668246, 37.60650715164731], [30.068873234668246, 37.605968162476834], [30.069412223838697, 37.605968162476834], [30.069412223838697, 37.60542917330636], [30.069951213009176, 37.60542917330636], [30.069951213009176, 37.605968162476834], [30.070490202179656, 37.605968162476834], [30.070490202179656, 37.60542917330636]]]}, "id": "+389749+86076", "properties": {"area_ha": 3.130181608766121, "count": 11, "label": 1, "mean_dnbr": 0.2347666003184509}}, {"type": "Feature", "geometry": {"geodesic": false, "type": "Polygon", "coordinates": [[[30.072646158861545, 37.5951883790674], [30.073724137202476, 37.5951883790674], [30.073724137202476, 37.595727368237874], [30.073185148031996, 37.595727368237874], [30.073185148031996, 37.596266357408346], [30.074263126372955, 37.596266357408346], [30.074263126372955, 37.59734433574929], [30.074802115543434, 37.59734433574929], [30.074802115543434, 37.59788332491976], [30.074263126372955, 37.59788332491976], [30.074263126372955, 37.598422314090236], [30.073724137202476, 37.598422314090236], [30.073724137202476, 37.59788332491976], [30.073185148031996, 37.59788332491976], [30.073185148031996, 37.596266357408346], [30.071568180520586, 37.596266357408346], [30.071568180520586, 37.595727368237874], [30.072646158861545, 37.595727368237874], [30.072646158861545, 37.5951883790674]]]}, "id": "+389754+86095", "properties": {"area_ha": 3.699795008475834, "count": 13, "label": 1, "mean_dnbr": 0.17256008052221045}}, {"type": "Feature", "geometry": {"geodesic": false, "type": "Polygon", "coordinates": [[[30.073724137202476, 37.59087646570363], [30.074263126372955, 37.59087646570363], [30.074263126372955, 37.5914154548741], [30.075341104713885, 37.5914154548741], [30.075341104713885, 37.591954444044575], [30.075880093884365, 37.591954444044575], [30.075880093884365, 37.5914154548741], [30.076958072225295, 37.5914154548741], [30.076958072225295, 37.591954444044575], [30.076419083054844, 37.591954444044575], [30.076419083054844, 37.59249343321505], [30.075880093884365, 37.59249343321505], [30.075880093884365, 37.593571411555985], [30.074802115543434, 37.593571411555985], [30.074802115543434, 37.59303242238551], [30.075341104713885, 37.59303242238551], [30.075341104713885, 37.59249343321505], [30.074802115543434, 37.59249343321505], [30.074802115543434, 37.591954444044575], [30.074263126372955, 37.591954444044575], [30.074263126372955, 37.5914154548741], [30.073724137202476, 37.5914154548741], [30.073724137202476, 37.59087646570363]]]}, "id": "+389755+86103", "properties": {"area_ha": 3.1307850255296756, "count": 11, "label": 1, "mean_dnbr": 0.20311701219255132}}, {"type": "Feature", "geometry": {"geodesic": false, "type": "Polygon", "coordinates": [[[30.075341104713885, 37.64046346938703], [30.075880093884365, 37.64046346938703], [30.075880093884365, 37.64154144772797], [30.076419083054844, 37.64154144772797], [30.076419083054844, 37.64208043689844], [30.075880093884365, 37.64208043689844], [30.075880093884365, 37.64154144772797], [30.075341104713885, 37.64154144772797], [30.075341104713885, 37.64208043689844], [30.074802115543434, 37.64208043689844], [30.074802115543434, 37.64261942606891], [30.073185148031996, 37.64261942606891], [30.073185148031996, 37.643158415239384], [30.072646158861545, 37.643158415239384], [30.072646158861545, 37.64208043689844], [30.073185148031996, 37.64208043689844], [30.073185148031996, 37.64154144772797], [30.073724137202476, 37.64154144772797], [30.073724137202476, 37.641002458557494], [30.074263126372955, 37.641002458557494], [30.074263126372955, 37.64154144772797], [30.073724137202476, 37.64154144772797], [30.073724137202476, 37.64208043689844], [30.074802115543434, 37.64208043689844], [30.074802115543434, 37.64154144772797], [30.075341104713885, 37.64154144772797], [30.075341104713885, 37.64046346938703]]]}, "id": "+389758+86011", "properties": {"area_ha": 3.1286941986830876, "count": 11, "label": 1, "mean_dnbr": 0.14707354082180324}}, {"type": "Feature", "geometry": {"geodesic": false, "type": "Polygon", "coordinates": [[[30.076958072225295, 37.17854975029277], [30.077497061395775, 37.17854975029277], [30.077497061395775, 37.17908873946324], [30.076958072225295, 37.17908873946324], [30.076958072225295, 37.180166717804184], [30.075880093884365, 37.180166717804184], [30.075880093884365, 37.17962772863371], [30.073724137202476, 37.17962772863371], [30.073724137202476, 37.17854975029277], [30.075341104713885, 37.17854975029277], [30.075341104713885, 37.17908873946324], [30.076958072225295, 37.17908873946324], [30.076958072225295, 37.17854975029277]]]}, "id": "+389761+86868", "properties": {"area_ha": 3.4342651334206797, "count": 12, "label": 1, "mean_dnbr": 0.22804919998027523}}, {"type": "Feature", "geometry": {"geodesic": false, "type": "Polygon", "coordinates": [[[30.077497061395775, 37.614591989204385], [30.078575039736734, 37.614591989204385], [30.078575039736734, 37.61513097837486], [30.080192007248144, 37.61513097837486], [30.080192007248144, 37.616747945886274], [30.079653018077664, 37.616747945886274], [30.079653018077664, 37.6162089567158], [30.077497061395775, 37.6162089567158], [30.077497061395775, 37.616747945886274], [30.076958072225295, 37.616747945886274], [30.076958072225295, 37.61566996754533], [30.077497061395775, 37.61566996754533], [30.077497061395775, 37.614591989204385]], [[30.078575039736734, 37.61513097837486], [30.078575039736734, 37.61566996754533], [30.078036050566254, 37.61566996754533], [30.078036050566254, 37.61513097837486], [30.078575039736734, 37.61513097837486]]]}, "id": "+389763+86059", "properties": {"area_ha": 3.983379183664097, "count": 14, "label": 1, "mean_dnbr": 0.33515351537521904}}, {"type": "Feature", "geometry": {"geodesic": false, "type": "Polygon", "coordinates": [[[30.076958072225295, 37.63830751270514], [30.079653018077664, 37.63830751270514], [30.079653018077664, 37.63884650187561], [30.079114028907185, 37.63884650187561], [30.079114028907185, 37.639385491046085], [30.079653018077664, 37.639385491046085], [30.079653018077664, 37.64046346938703], [30.080192007248144, 37.64046346938703], [30.080192007248144, 37.641002458557494], [30.078575039736734, 37.641002458557494], [30.078575039736734, 37.64154144772797], [30.078036050566254, 37.64154144772797], [30.078036050566254, 37.641002458557494], [30.077497061395775, 37.641002458557494], [30.077497061395775, 37.64046346938703], [30.078036050566254, 37.64046346938703], [30.078036050566254, 37.63992448021656], [30.078575039736734, 37.63992448021656], [30.078575039736734, 37.639385491046085], [30.078036050566254, 37.639385491046085], [30.078036050566254, 37.63884650187561], [30.077497061395775, 37.63884650187561], [30.077497061395775, 37.639385491046085], [30.076958072225295, 37.639385491046085], [30.076958072225295, 37.63830751270514]]]}, "id": "+389765+86015", "properties": {"area_ha": 5.404252227647891, "count": 19, "label": 1, "mean_dnbr": 0.16349960357837756}}, {"type": "Feature", "geometry": {"geodesic": false, "type": "Polygon", "coordinates": [[[30.080730996418623, 37.602195238283535], [30.081269985589074, 37.602195238283535], [30.081269985589074, 37.60327321662448], [30.080730996418623, 37.60327321662448], [30.080730996418623, 37.604351194965425], [30.080192007248144, 37.604351194965425], [30.080192007248144, 37.60489018413589], [30.080730996418623, 37.60489018413589], [30.080730996418623, 37.60542917330636], [30.081808974759554, 37.60542917330636], [30.081808974759554, 37.60650715164731], [30.081269985589074, 37.60650715164731], [30.081269985589074, 37.60704614081778], [30.080730996418623, 37.60704614081778], [30.080730996418623, 37.608124119158724], [30.080192007248144, 37.608124119158724], [30.080192007248144, 37.60758512998825], [30.078575039736734, 37.60758512998825], [30.078575039736734, 37.60704614081778], [30.078036050566254, 37.60704614081778], [30.078036050566254, 37.605968162476834], [30.078575039736734, 37.605968162476834], [30.078575039736734, 37.60542917330636], [30.079114028907185, 37.60542917330636], [30.079114028907185, 37.60489018413589], [30.079653018077664, 37.60489018413589], [30.079653018077664, 37.604351194965425], [30.080192007248144, 37.604351194965425], [30.080192007248144, 37.60327321662448], [30.080730996418623, 37.60327321662448], [30.080730996418623, 37.602195238283535]]]}, "id": "+389768+86082", "properties": {"area_ha": 9.10606203180261, "count": 32, "label": 1, "mean_dnbr": 0.3097428063765692}}, {"type": "Feature", "geometry": {"geodesic": false, "type": "Polygon", "coordinates": [[[30.081808974759554, 37.58818151985127], [30.083425942270964, 37.58818151985127], [30.083425942270964, 37.58872050902174], [30.081808974759554, 37.58872050902174], [30.081808974759554, 37.59033747653316], [30.081269985589074, 37.59033747653316], [30.081269985589074, 37.59087646570363], [30.078575039736734, 37.59087646570363], [30.078575039736734, 37.589798487362685], [30.080192007248144, 37.589798487362685], [30.080192007248144, 37.58925949819221], [30.080730996418623, 37.58925949819221], [30.080730996418623, 37.58818151985127], [30.081269985589074, 37.58818151985127], [30.081269985589074, 37.58872050902174], [30.081808974759554, 37.58872050902174], [30.081808974759554, 37.58818151985127]]]}, "id": "+389772+86108", "properties": {"area_ha": 5.6925379506183145, "count": 20, "label": 1, "mean_dnbr": 0.2212026704178751}}, {"type": "Feature", "geometry": {"geodesic": false, "type": "Polygon", "coordinates": [[[30.082886953100484, 37.57147285556665], [30.083425942270964, 37.57147285556665], [30.083425942270964, 37.57201184473712], [30.084503920611922, 37.57201184473712], [30.084503920611922, 37.57255083390759], [30.082886953100484, 37.57255083390759], [30.082886953100484, 37.573628812248536], [30.083425942270964, 37.573628812248536], [30.083425942270964, 37.57416780141901], [30.082886953100484, 37.57416780141901], [30.082886953100484, 37.573628812248536], [30.081808974759554, 37.573628812248536], [30.081808974759554, 37.573089823078064], [30.081269985589074, 37.573089823078064], [30.081269985589074, 37.57255083390759], [30.081808974759554, 37.57255083390759], [30.081808974759554, 37.57201184473712], [30.082886953100484, 37.57201184473712], [30.082886953100484, 37.57147285556665]]]}, "id": "+389772+86139", "properties": {"area_ha": 3.4162987195750874, "count": 12, "label": 1, "mean_dnbr": 0.23607088154550873}}, {"type": "Feature", "geometry": {"geodesic": false, "type": "Polygon", "coordinates": [[[30.083425942270964, 37.61297502169297], [30.084503920611922, 37.61297502169297], [30.084503920611922, 37.61405300003391], [30.085042909782373, 37.61405300003391], [30.085042909782373, 37.61351401086344], [30.086120888123332, 37.61351401086344], [30.086120888123332, 37.614591989204385], [30.085042909782373, 37.614591989204385], [30.085042909782373, 37.61513097837486], [30.085581898952853, 37.61513097837486], [30.085581898952853, 37.61566996754533], [30.084503920611922, 37.61566996754533], [30.084503920611922, 37.61405300003391], [30.083964931441443, 37.61405300003391], [30.083964931441443, 37.614591989204385], [30.083425942270964, 37.614591989204385], [30.083425942270964, 37.61297502169297]]]}, "id": "+389774+86062", "properties": {"area_ha": 3.6989242244464564, "count": 13, "label": 1, "mean_dnbr": 0.1649843990715983}}, {"type": "Feature", "geometry": {"geodesic": false, "type": "Polygon", "coordinates": [[[30.083964931441443, 37.59464938989693], [30.084503920611922, 37.59464938989693], [30.084503920611922, 37.5951883790674], [30.085581898952853, 37.5951883790674], [30.085581898952853, 37.595727368237874], [30.086120888123332, 37.595727368237874], [30.086120888123332, 37.596266357408346], [30.085581898952853, 37.596266357408346], [30.085581898952853, 37.59680534657882], [30.086120888123332, 37.59680534657882], [30.086120888123332, 37.59734433574929], [30.085581898952853, 37.59734433574929], [30.085581898952853, 37.59788332491976], [30.085042909782373, 37.59788332491976], [30.085042909782373, 37.59734433574929], [30.083964931441443, 37.59734433574929], [30.083964931441443, 37.598422314090236], [30.083425942270964, 37.598422314090236], [30.083425942270964, 37.600039281601646], [30.082886953100484, 37.600039281601646], [30.082886953100484, 37.60111725994259], [30.081269985589074, 37.60111725994259], [30.081269985589074, 37.600039281601646], [30.081808974759554, 37.600039281601646], [30.081808974759554, 37.598422314090236], [30.082886953100484, 37.598422314090236], [30.082886953100484, 37.59680534657882], [30.082347963930033, 37.59680534657882], [30.082347963930033, 37.596266357408346], [30.082886953100484, 37.596266357408346], [30.082886953100484, 37.5951883790674], [30.083964931441443, 37.5951883790674], [30.083964931441443, 37.59464938989693]]]}, "id": "+389774+86096", "properties": {"area_ha": 12.522226637448345, "count": 44, "label": 1, "mean_dnbr": 0.2250690644980885}}, {"type": "Feature", "geometry": {"geodesic": false, "type": "Polygon", "coordinates": [[[30.085042909782373, 37.60758512998825], [30.086120888123332, 37.60758512998825], [30.086120888123332, 37.608124119158724], [30.086659877293812, 37.608124119158724], [30.086659877293812, 37.608663108329196], [30.087198866464263, 37.608663108329196], [30.087198866464263, 37.60920209749967], [30.088815833975673, 37.60920209749967], [30.088815833975673, 37.61028007584061], [30.086659877293812, 37.61028007584061], [30.086659877293812, 37.61081906501108], [30.087737855634742, 37.61081906501108], [30.087737855634742, 37.61135805418155], [30.088276844805222, 37.61135805418155], [30.088276844805222, 37.61189704335202], [30.087737855634742, 37.61189704335202], [30.087737855634742, 37.612436032522496], [30.086120888123332, 37.612436032522496], [30.086120888123332, 37.61135805418155], [30.085581898952853, 37.61135805418155], [30.085581898952853, 37.61081906501108], [30.084503920611922, 37.61081906501108], [30.084503920611922, 37.61028007584061], [30.085042909782373, 37.61028007584061], [30.085042909782373, 37.60920209749967], [30.085581898952853, 37.60920209749967], [30.085581898952853, 37.608124119158724], [30.085042909782373, 37.608124119158724], [30.085042909782373, 37.60758512998825]]]}, "id": "+389777+86072", "properties": {"area_ha": 10.243738832689136, "count": 36, "label": 1, "mean_dnbr": 0.3078334223148472}}, {"type": "Feature", "geometry": {"geodesic": false, "type": "Polygon", "coordinates": [[[30.088815833975673, 37.645853361091746], [30.090971790657562, 37.645853361091746], [30.090971790657562, 37.64693133943269], [30.09043280148711, 37.64693133943269], [30.09043280148711, 37.64639235026222], [30.089354823146152, 37.64639235026222], [30.089354823146152, 37.6485483069441], [30.087737855634742, 37.6485483069441], [30.087737855634742, 37.645853361091746], [30.088276844805222, 37.645853361091746], [30.088276844805222, 37.64800931777363], [30.088815833975673, 37.64800931777363], [30.088815833975673, 37.645853361091746]]]}, "id": "+389786+86001", "properties": {"area_ha": 4.26610168183744, "count": 15, "label": 1, "mean_dnbr": 0.16839977300280065}}, {"type": "Feature", "geometry": {"geodesic": false, "type": "Polygon", "coordinates": [[[30.090971790657562, 37.60111725994259], [30.09204976899852, 37.60111725994259], [30.09204976899852, 37.602195238283535], [30.09151077982804, 37.602195238283535], [30.09151077982804, 37.60273422745401], [30.09043280148711, 37.60273422745401], [30.09043280148711, 37.60327321662448], [30.090971790657562, 37.60327321662448], [30.090971790657562, 37.60381220579495], [30.09043280148711, 37.60381220579495], [30.09043280148711, 37.60489018413589], [30.089354823146152, 37.60489018413589], [30.089354823146152, 37.604351194965425], [30.08989381231663, 37.604351194965425], [30.08989381231663, 37.60273422745401], [30.089354823146152, 37.60273422745401], [30.089354823146152, 37.602195238283535], [30.08989381231663, 37.602195238283535], [30.08989381231663, 37.60273422745401], [30.09043280148711, 37.60273422745401], [30.09043280148711, 37.602195238283535], [30.090971790657562, 37.602195238283535], [30.090971790657562, 37.60111725994259]]]}, "id": "+389788+86084", "properties": {"area_ha": 3.6994878191003977, "count": 13, "label": 1, "mean_dnbr": 0.17984292431973525}}, {"type": "Feature", "geometry": {"geodesic": false, "type": "Polygon", "coordinates": [[[30.09312774733945, 37.455051194744755], [30.09420572568041, 37.455051194744755], [30.09420572568041, 37.4561291730857], [30.09474471485086, 37.4561291730857], [30.09474471485086, 37.45828512976759], [30.09420572568041, 37.45828512976759], [30.09420572568041, 37.457746140597116], [30.09312774733945, 37.457746140597116], [30.09312774733945, 37.45666816225617], [30.09366673650993, 37.45666816225617], [30.09366673650993, 37.4561291730857], [30.092588758169, 37.4561291730857], [30.092588758169, 37.45666816225617], [30.09204976899852, 37.45666816225617], [30.09204976899852, 37.45559018391523], [30.09312774733945, 37.45559018391523], [30.09312774733945, 37.455051194744755]]]}, "id": "+389792+86355", "properties": {"area_ha": 4.56215728235697, "count": 16, "label": 1, "mean_dnbr": 0.22664234682404352}}, {"type": "Feature", "geometry": {"geodesic": false, "type": "Polygon", "coordinates": [[[30.09582269319182, 37.47445480488174], [30.09690067153275, 37.47445480488174], [30.09690067153275, 37.47499379405221], [30.09743966070323, 37.47499379405221], [30.09743966070323, 37.47553278322268], [30.09690067153275, 37.47553278322268], [30.09690067153275, 37.47499379405221], [30.0963616823623, 37.47499379405221], [30.0963616823623, 37.47553278322268], [30.09582269319182, 37.47553278322268], [30.09582269319182, 37.476071772393155], [30.09528370402134, 37.476071772393155], [30.09528370402134, 37.47553278322268], [30.09474471485086, 37.47553278322268], [30.09474471485086, 37.47661076156363], [30.09528370402134, 37.47661076156363], [30.09528370402134, 37.4771497507341], [30.09582269319182, 37.4771497507341], [30.09582269319182, 37.47768873990457], [30.09528370402134, 37.47768873990457], [30.09528370402134, 37.4771497507341], [30.09474471485086, 37.4771497507341], [30.09474471485086, 37.47661076156363], [30.09366673650993, 37.47661076156363], [30.09366673650993, 37.47553278322268], [30.09474471485086, 37.47553278322268], [30.09474471485086, 37.47499379405221], [30.09582269319182, 37.47499379405221], [30.09582269319182, 37.47445480488174]]]}, "id": "+389797+86319", "properties": {"area_ha": 3.705798312045954, "count": 13, "label": 1, "mean_dnbr": 0.20750975559179313}}, {"type": "Feature", "geometry": {"geodesic": false, "type": "Polygon", "coordinates": [[[30.0963616823623, 37.620520870079574], [30.09743966070323, 37.620520870079574], [30.09743966070323, 37.62267682676146], [30.09690067153275, 37.62267682676146], [30.09690067153275, 37.62321581593193], [30.09851763904419, 37.62321581593193], [30.09851763904419, 37.624832783443345], [30.09797864987371, 37.624832783443345], [30.09797864987371, 37.62591076178429], [30.09743966070323, 37.62591076178429], [30.09743966070323, 37.62644975095476], [30.09690067153275, 37.62644975095476], [30.09690067153275, 37.624832783443345], [30.09582269319182, 37.624832783443345], [30.09582269319182, 37.62267682676146], [30.0963616823623, 37.62267682676146], [30.0963616823623, 37.62213783759099], [30.09690067153275, 37.62213783759099], [30.09690067153275, 37.62159884842052], [30.09582269319182, 37.62159884842052], [30.09582269319182, 37.621059859250046], [30.0963616823623, 37.621059859250046], [30.0963616823623, 37.620520870079574]], [[30.09797864987371, 37.6237548051024], [30.09797864987371, 37.62429379427287], [30.09690067153275, 37.62429379427287], [30.09690067153275, 37.6237548051024], [30.09797864987371, 37.6237548051024]]]}, "id": "+389798+86048", "properties": {"area_ha": 7.9659146014640765, "count": 28, "label": 1, "mean_dnbr": 0.19503950855842456}}, {"type": "Feature", "geometry": {"geodesic": false, "type": "Polygon", "coordinates": [[[30.10067359572605, 37.62644975095476], [30.10175157406701, 37.62644975095476], [30.10175157406701, 37.62806671846618], [30.10336854157842, 37.62806671846618], [30.10336854157842, 37.62860570763665], [30.10121258489653, 37.62860570763665], [30.10121258489653, 37.62806671846618], [30.1001346065556, 37.62806671846618], [30.1001346065556, 37.62752772929571], [30.10067359572605, 37.62752772929571], [30.10067359572605, 37.62644975095476]]]}, "id": "+389806+86037", "properties": {"area_ha": 3.1292944990002476, "count": 11, "label": 1, "mean_dnbr": 0.20532149348926804}}, {"type": "Feature", "geometry": {"geodesic": false, "type": "Polygon", "coordinates": [[[30.10175157406701, 37.63830751270514], [30.10229056323749, 37.63830751270514], [30.10229056323749, 37.63884650187561], [30.10282955240794, 37.63884650187561], [30.10282955240794, 37.639385491046085], [30.10336854157842, 37.639385491046085], [30.10336854157842, 37.64046346938703], [30.1039075307489, 37.64046346938703], [30.1039075307489, 37.641002458557494], [30.10336854157842, 37.641002458557494], [30.10336854157842, 37.64154144772797], [30.10175157406701, 37.64154144772797], [30.10175157406701, 37.64208043689844], [30.1001346065556, 37.64208043689844], [30.1001346065556, 37.64154144772797], [30.10175157406701, 37.64154144772797], [30.10175157406701, 37.641002458557494], [30.10229056323749, 37.641002458557494], [30.10229056323749, 37.64046346938703], [30.10282955240794, 37.64046346938703], [30.10282955240794, 37.63992448021656], [30.10229056323749, 37.63992448021656], [30.10229056323749, 37.639385491046085], [30.10175157406701, 37.639385491046085], [30.10175157406701, 37.63830751270514]]]}, "id": "+389807+86015", "properties": {"area_ha": 4.266481038650719, "count": 15, "label": 1, "mean_dnbr": 0.20640004080157953}}, {"type": "Feature", "geometry": {"geodesic": false, "type": "Polygon", "coordinates": [[[30.10229056323749, 37.643697404409856], [30.1039075307489, 37.643697404409856], [30.1039075307489, 37.64423639358033], [30.10552449826031, 37.64423639358033], [30.10552449826031, 37.6447753827508], [30.10175157406701, 37.6447753827508], [30.10175157406701, 37.64531437192127], [30.10121258489653, 37.64531437192127], [30.10121258489653, 37.647470328603156], [30.10067359572605, 37.647470328603156], [30.10067359572605, 37.6485483069441], [30.09959561738512, 37.6485483069441], [30.09959561738512, 37.649626285285045], [30.09851763904419, 37.649626285285045], [30.09851763904419, 37.64693133943269], [30.09905662821464, 37.64693133943269], [30.09905662821464, 37.64639235026222], [30.09690067153275, 37.64639235026222], [30.09690067153275, 37.645853361091746], [30.09905662821464, 37.645853361091746], [30.09905662821464, 37.64639235026222], [30.09959561738512, 37.64639235026222], [30.09959561738512, 37.647470328603156], [30.1001346065556, 37.647470328603156], [30.1001346065556, 37.64531437192127], [30.10067359572605, 37.64531437192127], [30.10067359572605, 37.64423639358033], [30.10229056323749, 37.64423639358033], [30.10229056323749, 37.643697404409856]]]}, "id": "+389810+86005", "properties": {"area_ha": 11.66082453739644, "count": 41, "label": 1, "mean_dnbr": 0.19030415091487213}}, {"type": "Feature", "geometry": {"geodesic": false, "type": "Polygon", "coordinates": [[[30.10336854157842, 37.612436032522496], [30.10498550908983, 37.612436032522496], [30.10498550908983, 37.61351401086344], [30.104446519919378, 37.61351401086344], [30.104446519919378, 37.614591989204385], [30.10336854157842, 37.614591989204385], [30.10336854157842, 37.61513097837486], [30.10282955240794, 37.61513097837486], [30.10282955240794, 37.61566996754533], [30.10229056323749, 37.61566996754533], [30.10229056323749, 37.61513097837486], [30.10282955240794, 37.61513097837486], [30.10282955240794, 37.614591989204385], [30.10336854157842, 37.614591989204385], [30.10336854157842, 37.61405300003391], [30.10229056323749, 37.61405300003391], [30.10229056323749, 37.61351401086344], [30.10282955240794, 37.61351401086344], [30.10282955240794, 37.61297502169297], [30.10336854157842, 37.61297502169297], [30.10336854157842, 37.612436032522496]]]}, "id": "+389812+86063", "properties": {"area_ha": 4.268018178693528, "count": 15, "label": 1, "mean_dnbr": 0.22625098393889992}}, {"type": "Feature", "geometry": {"geodesic": false, "type": "Polygon", "coordinates": [[[30.10282955240794, 37.645853361091746], [30.10660247660124, 37.645853361091746], [30.10660247660124, 37.64639235026222], [30.104446519919378, 37.64639235026222], [30.104446519919378, 37.64693133943269], [30.10282955240794, 37.64693133943269], [30.10282955240794, 37.647470328603156], [30.10175157406701, 37.647470328603156], [30.10175157406701, 37.64693133943269], [30.10282955240794, 37.64693133943269], [30.10282955240794, 37.645853361091746]]]}, "id": "+389815+86001", "properties": {"area_ha": 3.412883591628, "count": 12, "label": 1, "mean_dnbr": 0.18970159797838107}}, {"type": "Feature", "geometry": {"geodesic": false, "type": "Polygon", "coordinates": [[[30.106063487430788, 37.62267682676146], [30.10660247660124, 37.62267682676146], [30.10660247660124, 37.62321581593193], [30.106063487430788, 37.62321581593193], [30.106063487430788, 37.6237548051024], [30.10552449826031, 37.6237548051024], [30.10552449826031, 37.62429379427287], [30.106063487430788, 37.62429379427287], [30.106063487430788, 37.62537177261382], [30.10660247660124, 37.62537177261382], [30.10660247660124, 37.624832783443345], [30.10714146577172, 37.624832783443345], [30.10714146577172, 37.6237548051024], [30.107680454942198, 37.6237548051024], [30.107680454942198, 37.624832783443345], [30.10875843328313, 37.624832783443345], [30.10875843328313, 37.62537177261382], [30.109297422453608, 37.62537177261382], [30.109297422453608, 37.624832783443345], [30.110375400794567, 37.624832783443345], [30.110375400794567, 37.62321581593193], [30.110914389965018, 37.62321581593193], [30.110914389965018, 37.624832783443345], [30.110375400794567, 37.624832783443345], [30.110375400794567, 37.62537177261382], [30.110914389965018, 37.62537177261382], [30.110914389965018, 37.62591076178429], [30.109836411624087, 37.62591076178429], [30.109836411624087, 37.62752772929571], [30.10875843328313, 37.62752772929571], [30.10875843328313, 37.626988740125235], [30.108219444112677, 37.626988740125235], [30.108219444112677, 37.62591076178429], [30.107680454942198, 37.62591076178429], [30.107680454942198, 37.62644975095476], [30.10714146577172, 37.62644975095476], [30.10714146577172, 37.62591076178429], [30.106063487430788, 37.62591076178429], [30.106063487430788, 37.62537177261382], [30.104446519919378, 37.62537177261382], [30.104446519919378, 37.624832783443345], [30.1039075307489, 37.624832783443345], [30.1039075307489, 37.62429379427287], [30.10229056323749, 37.62429379427287], [30.10229056323749, 37.62537177261382], [30.10175157406701, 37.62537177261382], [30.10175157406701, 37.62591076178429], [30.10121258489653, 37.62591076178429], [30.10121258489653, 37.62537177261382], [30.10175157406701, 37.62537177261382], [30.10175157406701, 37.6237548051024], [30.10229056323749, 37.6237548051024], [30.10229056323749, 37.62321581593193], [30.10282955240794, 37.62321581593193], [30.10282955240794, 37.62267682676146], [30.10336854157842, 37.62267682676146], [30.10336854157842, 37.6237548051024], [30.1039075307489, 37.6237548051024], [30.1039075307489, 37.62321581593193], [30.10498550908983, 37.62321581593193], [30.10498550908983, 37.6237548051024], [30.10552449826031, 37.6237548051024], [30.10552449826031, 37.62321581593193], [30.106063487430788, 37.62321581593193], [30.106063487430788, 37.62267682676146]]]}, "id": "+389815+86044", "properties": {"area_ha": 15.078056127970678, "count": 53, "label": 1, "mean_dnbr": 0.20212292337481477}}, {"type": "Feature", "geometry": {"geodesic": false, "type": "Polygon", "coordinates": [[[30.10714146577172, 37.626988740125235], [30.107680454942198, 37.626988740125235], [30.107680454942198, 37.62806671846618], [30.10714146577172, 37.62806671846618], [30.10714146577172, 37.62860570763665], [30.10660247660124, 37.62860570763665], [30.10660247660124, 37.62914469680712], [30.107680454942198, 37.62914469680712], [30.107680454942198, 37.62968368597759], [30.10714146577172, 37.62968368597759], [30.10714146577172, 37.63022267514806], [30.108219444112677, 37.63022267514806], [30.108219444112677, 37.631300653489006], [30.106063487430788, 37.631300653489006], [30.106063487430788, 37.62968368597759], [30.10498550908983, 37.62968368597759], [30.10498550908983, 37.63022267514806], [30.104446519919378, 37.63022267514806], [30.104446519919378, 37.62860570763665], [30.10552449826031, 37.62860570763665], [30.10552449826031, 37.62914469680712], [30.106063487430788, 37.62914469680712], [30.106063487430788, 37.62806671846618], [30.10714146577172, 37.62806671846618], [30.10714146577172, 37.626988740125235]]]}, "id": "+389817+86036", "properties": {"area_ha": 6.82737158556908, "count": 24, "label": 1, "mean_dnbr": 0.1997652672631368}}, {"type": "Feature", "geometry": {"geodesic": false, "type": "Polygon", "coordinates": [[[30.107680454942198, 37.64261942606891], [30.10875843328313, 37.64261942606891], [30.10875843328313, 37.643158415239384], [30.108219444112677, 37.643158415239384], [30.108219444112677, 37.6447753827508], [30.107680454942198, 37.6447753827508], [30.107680454942198, 37.64531437192127], [30.10875843328313, 37.64531437192127], [30.10875843328313, 37.645853361091746], [30.107680454942198, 37.645853361091746], [30.107680454942198, 37.64639235026222], [30.10714146577172, 37.64639235026222], [30.10714146577172, 37.645853361091746], [30.107680454942198, 37.645853361091746], [30.107680454942198, 37.64531437192127], [30.10714146577172, 37.64531437192127], [30.10714146577172, 37.643697404409856], [30.107680454942198, 37.643697404409856], [30.107680454942198, 37.64261942606891]]]}, "id": "+389819+86007", "properties": {"area_ha": 3.1285863619581225, "count": 11, "label": 1, "mean_dnbr": 0.13677112365223662}}, {"type": "Feature", "geometry": {"geodesic": false, "type": "Polygon", "coordinates": [[[30.109836411624087, 37.61351401086344], [30.110375400794567, 37.61351401086344], [30.110375400794567, 37.61405300003391], [30.110914389965018, 37.61405300003391], [30.110914389965018, 37.614591989204385], [30.112531357476428, 37.614591989204385], [30.112531357476428, 37.61566996754533], [30.111992368305977, 37.61566996754533], [30.111992368305977, 37.6162089567158], [30.110914389965018, 37.6162089567158], [30.110914389965018, 37.61566996754533], [30.110375400794567, 37.61566996754533], [30.110375400794567, 37.61405300003391], [30.109836411624087, 37.61405300003391], [30.109836411624087, 37.61351401086344]]]}, "id": "+389822+86061", "properties": {"area_ha": 3.4143488793002246, "count": 12, "label": 1, "mean_dnbr": 0.16096190455272336}}, {"type": "Feature", "geometry": {"geodesic": false, "type": "Polygon", "coordinates": [[[30.110375400794567, 37.63615155602325], [30.110914389965018, 37.63615155602325], [30.110914389965018, 37.63884650187561], [30.110375400794567, 37.63884650187561], [30.110375400794567, 37.641002458557494], [30.109297422453608, 37.641002458557494], [30.109297422453608, 37.63884650187561], [30.110375400794567, 37.63884650187561], [30.110375400794567, 37.63615155602325]]]}, "id": "+389823+86019", "properties": {"area_ha": 3.6976905951061805, "count": 13, "label": 1, "mean_dnbr": 0.18137941537316507}}, {"type": "Feature", "geometry": {"geodesic": false, "type": "Polygon", "coordinates": [[[30.110914389965018, 37.62968368597759], [30.111453379135497, 37.62968368597759], [30.111453379135497, 37.631300653489006], [30.110914389965018, 37.631300653489006], [30.110914389965018, 37.63183964265948], [30.110375400794567, 37.63183964265948], [30.110375400794567, 37.63237863182995], [30.110914389965018, 37.63237863182995], [30.110914389965018, 37.63291762100042], [30.109836411624087, 37.63291762100042], [30.109836411624087, 37.633456610170896], [30.109297422453608, 37.633456610170896], [30.109297422453608, 37.631300653489006], [30.10875843328313, 37.631300653489006], [30.10875843328313, 37.630761664318534], [30.109297422453608, 37.630761664318534], [30.109297422453608, 37.631300653489006], [30.109836411624087, 37.631300653489006], [30.109836411624087, 37.63022267514806], [30.110914389965018, 37.63022267514806], [30.110914389965018, 37.62968368597759]]]}, "id": "+389824+86031", "properties": {"area_ha": 4.835928652407435, "count": 17, "label": 1, "mean_dnbr": 0.20814481333672522}}, {"type": "Feature", "geometry": {"geodesic": false, "type": "Polygon", "coordinates": [[[30.110375400794567, 37.620520870079574], [30.111992368305977, 37.620520870079574], [30.111992368305977, 37.621059859250046], [30.111453379135497, 37.621059859250046], [30.111453379135497, 37.62159884842052], [30.110914389965018, 37.62159884842052], [30.110914389965018, 37.62213783759099], [30.110375400794567, 37.62213783759099], [30.110375400794567, 37.62267682676146], [30.109836411624087, 37.62267682676146], [30.109836411624087, 37.62321581593193], [30.10875843328313, 37.62321581593193], [30.10875843328313, 37.62267682676146], [30.109297422453608, 37.62267682676146], [30.109297422453608, 37.62159884842052], [30.109836411624087, 37.62159884842052], [30.109836411624087, 37.621059859250046], [30.110375400794567, 37.621059859250046], [30.110375400794567, 37.620520870079574]]]}, "id": "+389825+86048", "properties": {"area_ha": 3.698546904470423, "count": 13, "label": 1, "mean_dnbr": 0.22041256642212687}}, {"type": "Feature", "geometry": {"geodesic": false, "type": "Polygon", "coordinates": [[[30.114687314158317, 37.63399559934137], [30.115765292499276, 37.63399559934137], [30.115765292499276, 37.635073577682306], [30.115226303328797, 37.635073577682306], [30.115226303328797, 37.63615155602325], [30.114148324987866, 37.63615155602325], [30.114148324987866, 37.637229534364195], [30.113609335817387, 37.637229534364195], [30.113609335817387, 37.63776852353467], [30.111992368305977, 37.63776852353467], [30.111992368305977, 37.637229534364195], [30.113070346646907, 37.637229534364195], [30.113070346646907, 37.63669054519372], [30.113609335817387, 37.63669054519372], [30.113609335817387, 37.63615155602325], [30.113070346646907, 37.63615155602325], [30.113070346646907, 37.63561256685278], [30.111992368305977, 37.63561256685278], [30.111992368305977, 37.635073577682306], [30.112531357476428, 37.635073577682306], [30.112531357476428, 37.63453458851184], [30.113070346646907, 37.63453458851184], [30.113070346646907, 37.635073577682306], [30.113609335817387, 37.635073577682306], [30.113609335817387, 37.63615155602325], [30.114148324987866, 37.63615155602325], [30.114148324987866, 37.635073577682306], [30.114687314158317, 37.635073577682306], [30.114687314158317, 37.63399559934137]]]}, "id": "+389832+86023", "properties": {"area_ha": 5.4045519860253615, "count": 19, "label": 1, "mean_dnbr": 0.18356888013480974}}, {"type": "Feature", "geometry": {"geodesic": false, "type": "Polygon", "coordinates": [[[30.115226303328797, 37.62537177261382], [30.116304281669755, 37.62537177261382], [30.116304281669755, 37.62591076178429], [30.115765292499276, 37.62591076178429], [30.115765292499276, 37.62644975095476], [30.115226303328797, 37.62644975095476], [30.115226303328797, 37.626988740125235], [30.114687314158317, 37.626988740125235], [30.114687314158317, 37.62752772929571], [30.115765292499276, 37.62752772929571], [30.115765292499276, 37.62806671846618], [30.116304281669755, 37.62806671846618], [30.116304281669755, 37.62860570763665], [30.114687314158317, 37.62860570763665], [30.114687314158317, 37.62806671846618], [30.114148324987866, 37.62806671846618], [30.114148324987866, 37.62752772929571], [30.113609335817387, 37.62752772929571], [30.113609335817387, 37.626988740125235], [30.114148324987866, 37.626988740125235], [30.114148324987866, 37.62644975095476], [30.114687314158317, 37.62644975095476], [30.114687314158317, 37.62591076178429], [30.115226303328797, 37.62591076178429], [30.115226303328797, 37.62537177261382]]]}, "id": "+389833+86039", "properties": {"area_ha": 3.982764625400535, "count": 14, "label": 1, "mean_dnbr": 0.17712680313773763}}, {"type": "Feature", "geometry": {"geodesic": false, "type": "Polygon", "coordinates": [[[30.116304281669755, 37.614591989204385], [30.116843270840207, 37.614591989204385], [30.116843270840207, 37.61513097837486], [30.117382260010686, 37.61513097837486], [30.117382260010686, 37.616747945886274], [30.116843270840207, 37.616747945886274], [30.116843270840207, 37.61728693505674], [30.117382260010686, 37.61728693505674], [30.117382260010686, 37.618364913397684], [30.117921249181165, 37.618364913397684], [30.117921249181165, 37.61728693505674], [30.118460238351616, 37.61728693505674], [30.118460238351616, 37.61782592422721], [30.119538216692575, 37.61782592422721], [30.119538216692575, 37.618364913397684], [30.120616195033506, 37.618364913397684], [30.120616195033506, 37.61944289173863], [30.120077205863055, 37.61944289173863], [30.120077205863055, 37.620520870079574], [30.119538216692575, 37.620520870079574], [30.119538216692575, 37.62213783759099], [30.118999227522096, 37.62213783759099], [30.118999227522096, 37.62159884842052], [30.117921249181165, 37.62159884842052], [30.117921249181165, 37.61944289173863], [30.116843270840207, 37.61944289173863], [30.116843270840207, 37.6199818809091], [30.116304281669755, 37.6199818809091], [30.116304281669755, 37.620520870079574], [30.114687314158317, 37.620520870079574], [30.114687314158317, 37.6199818809091], [30.115765292499276, 37.6199818809091], [30.115765292499276, 37.61944289173863], [30.116304281669755, 37.61944289173863], [30.116304281669755, 37.61782592422721], [30.116843270840207, 37.61782592422721], [30.116843270840207, 37.61728693505674], [30.115765292499276, 37.61728693505674], [30.115765292499276, 37.61566996754533], [30.116304281669755, 37.61566996754533], [30.116304281669755, 37.614591989204385]]]}, "id": "+389834+86059", "properties": {"area_ha": 15.363821253330952, "count": 54, "label": 1, "mean_dnbr": 0.2146605372716841}}, {"type": "Feature", "geometry": {"geodesic": false, "type": "Polygon", "coordinates": [[[30.120077205863055, 37.631300653489006], [30.121694173374465, 37.631300653489006], [30.121694173374465, 37.63237863182995], [30.121155184203985, 37.63237863182995], [30.121155184203985, 37.63399559934137], [30.119538216692575, 37.63399559934137], [30.119538216692575, 37.633456610170896], [30.118999227522096, 37.633456610170896], [30.118999227522096, 37.63237863182995], [30.119538216692575, 37.63237863182995], [30.119538216692575, 37.63183964265948], [30.120077205863055, 37.63183964265948], [30.120077205863055, 37.631300653489006]]]}, "id": "+389843+86028", "properties": {"area_ha": 5.120316400357286, "count": 18, "label": 1, "mean_dnbr": 0.2741449757761832}}, {"type": "Feature", "geometry": {"geodesic": false, "type": "Polygon", "coordinates": [[[30.121694173374465, 37.635073577682306], [30.122233162544944, 37.635073577682306], [30.122233162544944, 37.63561256685278], [30.122772151715395, 37.63561256685278], [30.122772151715395, 37.63615155602325], [30.123311140885875, 37.63615155602325], [30.123311140885875, 37.63669054519372], [30.124389119226834, 37.63669054519372], [30.124389119226834, 37.63776852353467], [30.123311140885875, 37.63776852353467], [30.123311140885875, 37.63884650187561], [30.124389119226834, 37.63884650187561], [30.124389119226834, 37.639385491046085], [30.124928108397285, 37.639385491046085], [30.124928108397285, 37.63992448021656], [30.125467097567764, 37.63992448021656], [30.125467097567764, 37.641002458557494], [30.124928108397285, 37.641002458557494], [30.124928108397285, 37.64046346938703], [30.123850130056354, 37.64046346938703], [30.123850130056354, 37.63992448021656], [30.122772151715395, 37.63992448021656], [30.122772151715395, 37.63830751270514], [30.121694173374465, 37.63830751270514], [30.121694173374465, 37.639385491046085], [30.120616195033506, 37.639385491046085], [30.120616195033506, 37.63830751270514], [30.121155184203985, 37.63830751270514], [30.121155184203985, 37.637229534364195], [30.122233162544944, 37.637229534364195], [30.122233162544944, 37.63776852353467], [30.122772151715395, 37.63776852353467], [30.122772151715395, 37.63669054519372], [30.121694173374465, 37.63669054519372], [30.121694173374465, 37.635073577682306]]]}, "id": "+389844+86021", "properties": {"area_ha": 9.67099045736361, "count": 34, "label": 1, "mean_dnbr": 0.22371824283424263}}, {"type": "Feature", "geometry": {"geodesic": false, "type": "Polygon", "coordinates": [[[30.125467097567764, 37.62591076178429], [30.126006086738244, 37.62591076178429], [30.126006086738244, 37.62644975095476], [30.126545075908695, 37.62644975095476], [30.126545075908695, 37.626988740125235], [30.127623054249653, 37.626988740125235], [30.127623054249653, 37.62752772929571], [30.127084065079174, 37.62752772929571], [30.127084065079174, 37.62806671846618], [30.126545075908695, 37.62806671846618], [30.126545075908695, 37.62914469680712], [30.125467097567764, 37.62914469680712], [30.125467097567764, 37.62968368597759], [30.124928108397285, 37.62968368597759], [30.124928108397285, 37.62914469680712], [30.124389119226834, 37.62914469680712], [30.124389119226834, 37.62860570763665], [30.124928108397285, 37.62860570763665], [30.124928108397285, 37.62806671846618], [30.124389119226834, 37.62806671846618], [30.124389119226834, 37.62752772929571], [30.124928108397285, 37.62752772929571], [30.124928108397285, 37.62644975095476], [30.125467097567764, 37.62644975095476], [30.125467097567764, 37.62591076178429]]]}, "id": "+389851+86038", "properties": {"area_ha": 6.2585729816205244, "count": 22, "label": 1, "mean_dnbr": 0.19323001439772883}}, {"type": "Feature", "geometry": {"geodesic": false, "type": "Polygon", "coordinates": [[[30.124928108397285, 37.874923758542224], [30.129240021761063, 37.874923758542224], [30.129240021761063, 37.875462747712696], [30.127084065079174, 37.875462747712696], [30.127084065079174, 37.87654072605363], [30.126006086738244, 37.87654072605363], [30.126006086738244, 37.87600173688317], [30.124928108397285, 37.87600173688317], [30.124928108397285, 37.874923758542224]]]}, "id": "+389857+85576", "properties": {"area_ha": 3.969371336255667, "count": 14, "label": 1, "mean_dnbr": 0.21209624481210892}}, {"type": "Feature", "geometry": {"geodesic": false, "type": "Polygon", "coordinates": [[[30.128162043420133, 37.60704614081778], [30.129240021761063, 37.60704614081778], [30.129240021761063, 37.608663108329196], [30.128701032590584, 37.608663108329196], [30.128701032590584, 37.60920209749967], [30.127623054249653, 37.60920209749967], [30.127623054249653, 37.61028007584061], [30.126545075908695, 37.61028007584061], [30.126545075908695, 37.60920209749967], [30.127623054249653, 37.60920209749967], [30.127623054249653, 37.608124119158724], [30.128162043420133, 37.608124119158724], [30.128162043420133, 37.60704614081778]]]}, "id": "+389857+86073", "properties": {"area_ha": 3.6992005610873204, "count": 13, "label": 1, "mean_dnbr": 0.20722520409129552}}, {"type": "Feature", "geometry": {"geodesic": false, "type": "Polygon", "coordinates": [[[30.131395978442953, 37.22867574314664], [30.132473956783883, 37.22867574314664], [30.132473956783883, 37.22921473231711], [30.133012945954363, 37.22921473231711], [30.133012945954363, 37.22975372148758], [30.133551935124842, 37.22975372148758], [30.133551935124842, 37.230292710658055], [30.13409092429532, 37.230292710658055], [30.13409092429532, 37.23137068899899], [30.133551935124842, 37.23137068899899], [30.133551935124842, 37.23352664568088], [30.133012945954363, 37.23352664568088], [30.133012945954363, 37.23298765651041], [30.132473956783883, 37.23298765651041], [30.132473956783883, 37.23137068899899], [30.130856989272473, 37.23137068899899], [30.130856989272473, 37.23244866733994], [30.129779010931543, 37.23244866733994], [30.129779010931543, 37.23298765651041], [30.128701032590584, 37.23298765651041], [30.128701032590584, 37.23352664568088], [30.127623054249653, 37.23352664568088], [30.127623054249653, 37.23460462402183], [30.127084065079174, 37.23460462402183], [30.127084065079174, 37.2351436131923], [30.126006086738244, 37.2351436131923], [30.126006086738244, 37.234065634851355], [30.125467097567764, 37.234065634851355], [30.125467097567764, 37.23352664568088], [30.126545075908695, 37.23352664568088], [30.126545075908695, 37.234065634851355], [30.127084065079174, 37.234065634851355], [30.127084065079174, 37.23244866733994], [30.127623054249653, 37.23244866733994], [30.127623054249653, 37.231909678169465], [30.128162043420133, 37.231909678169465], [30.128162043420133, 37.23083169982853], [30.128701032590584, 37.23083169982853], [30.128701032590584, 37.23137068899899], [30.129779010931543, 37.23137068899899], [30.129779010931543, 37.23083169982853], [30.130318000102022, 37.23083169982853], [30.130318000102022, 37.23137068899899], [30.130856989272473, 37.23137068899899], [30.130856989272473, 37.230292710658055], [30.131934967613432, 37.230292710658055], [30.131934967613432, 37.22921473231711], [30.131395978442953, 37.22921473231711], [30.131395978442953, 37.22867574314664]], [[30.128701032590584, 37.231909678169465], [30.128701032590584, 37.23244866733994], [30.128162043420133, 37.23244866733994], [30.128162043420133, 37.231909678169465], [30.128701032590584, 37.231909678169465]], [[30.132473956783883, 37.230292710658055], [30.132473956783883, 37.23083169982853], [30.131934967613432, 37.23083169982853], [30.131934967613432, 37.230292710658055], [30.132473956783883, 37.230292710658055]]]}, "id": "+389863+86775", "properties": {"area_ha": 15.157421012450929, "count": 53, "label": 1, "mean_dnbr": 0.2831721961098909}}, {"type": "Feature", "geometry": {"geodesic": false, "type": "Polygon", "coordinates": [[[30.131395978442953, 37.63615155602325], [30.133551935124842, 37.63615155602325], [30.133551935124842, 37.637229534364195], [30.131934967613432, 37.637229534364195], [30.131934967613432, 37.63830751270514], [30.132473956783883, 37.63830751270514], [30.132473956783883, 37.639385491046085], [30.131934967613432, 37.639385491046085], [30.131934967613432, 37.64046346938703], [30.131395978442953, 37.64046346938703], [30.131395978442953, 37.63992448021656], [30.130856989272473, 37.63992448021656], [30.130856989272473, 37.639385491046085], [30.130318000102022, 37.639385491046085], [30.130318000102022, 37.64046346938703], [30.129779010931543, 37.64046346938703], [30.129779010931543, 37.641002458557494], [30.129240021761063, 37.641002458557494], [30.129240021761063, 37.64154144772797], [30.128701032590584, 37.64154144772797], [30.128701032590584, 37.639385491046085], [30.129779010931543, 37.639385491046085], [30.129779010931543, 37.63884650187561], [30.130318000102022, 37.63884650187561], [30.130318000102022, 37.63830751270514], [30.130856989272473, 37.63830751270514], [30.130856989272473, 37.637229534364195], [30.131395978442953, 37.637229534364195], [30.131395978442953, 37.63615155602325]]]}, "id": "+389865+86019", "properties": {"area_ha": 9.38648082790213, "count": 33, "label": 1, "mean_dnbr": 0.2129457277783859}}, {"type": "Feature", "geometry": {"geodesic": false, "type": "Polygon", "coordinates": [[[30.13409092429532, 37.65124325279646], [30.135168902636252, 37.65124325279646], [30.135168902636252, 37.651782241966934], [30.13624688097721, 37.651782241966934], [30.13624688097721, 37.65232123113741], [30.135168902636252, 37.65232123113741], [30.135168902636252, 37.653399209478344], [30.133551935124842, 37.653399209478344], [30.133551935124842, 37.65286022030788], [30.133012945954363, 37.65286022030788], [30.133012945954363, 37.65232123113741], [30.13409092429532, 37.65232123113741], [30.13409092429532, 37.65124325279646]]]}, "id": "+389868+85991", "properties": {"area_ha": 3.697025277410396, "count": 13, "label": 1, "mean_dnbr": 0.2133633046909461}}, {"type": "Feature", "geometry": {"geodesic": false, "type": "Polygon", "coordinates": [[[30.13570789180673, 37.62806671846618], [30.136785870147662, 37.62806671846618], [30.136785870147662, 37.62968368597759], [30.13732485931814, 37.62968368597759], [30.13732485931814, 37.631300653489006], [30.13624688097721, 37.631300653489006], [30.13624688097721, 37.630761664318534], [30.136785870147662, 37.630761664318534], [30.136785870147662, 37.63022267514806], [30.13624688097721, 37.63022267514806], [30.13624688097721, 37.62968368597759], [30.13570789180673, 37.62968368597759], [30.13570789180673, 37.62806671846618]]]}, "id": "+389871+86034", "properties": {"area_ha": 3.12921015889196, "count": 11, "label": 1, "mean_dnbr": 0.19747272086393483}}, {"type": "Feature", "geometry": {"geodesic": false, "type": "Polygon", "coordinates": [[[30.13570789180673, 37.643158415239384], [30.13786384848862, 37.643158415239384], [30.13786384848862, 37.6447753827508], [30.13732485931814, 37.6447753827508], [30.13732485931814, 37.64531437192127], [30.13570789180673, 37.64531437192127], [30.13570789180673, 37.6447753827508], [30.13624688097721, 37.6447753827508], [30.13624688097721, 37.643697404409856], [30.13570789180673, 37.643697404409856], [30.13570789180673, 37.643158415239384]]]}, "id": "+389873+86006", "properties": {"area_ha": 3.6974287611585184, "count": 13, "label": 1, "mean_dnbr": 0.15942808815484502}}, {"type": "Feature", "geometry": {"geodesic": false, "type": "Polygon", "coordinates": [[[30.138402837659072, 37.6485483069441], [30.13894182682955, 37.6485483069441], [30.13894182682955, 37.64908729611457], [30.13948081600003, 37.64908729611457], [30.13948081600003, 37.649626285285045], [30.13894182682955, 37.649626285285045], [30.13894182682955, 37.65016527445552], [30.13732485931814, 37.65016527445552], [30.13732485931814, 37.649626285285045], [30.13624688097721, 37.649626285285045], [30.13624688097721, 37.64908729611457], [30.136785870147662, 37.64908729611457], [30.136785870147662, 37.6485483069441], [30.13732485931814, 37.6485483069441], [30.13732485931814, 37.64908729611457], [30.138402837659072, 37.64908729611457], [30.138402837659072, 37.6485483069441]]]}, "id": "+389875+85996", "properties": {"area_ha": 3.128379082134161, "count": 11, "label": 1, "mean_dnbr": 0.2390340056625541}}, {"type": "Feature", "geometry": {"geodesic": false, "type": "Polygon", "coordinates": [[[30.14163677268192, 37.637229534364195], [30.1421757618524, 37.637229534364195], [30.1421757618524, 37.63830751270514], [30.14271475102285, 37.63830751270514], [30.14271475102285, 37.63884650187561], [30.1421757618524, 37.63884650187561], [30.1421757618524, 37.63830751270514], [30.14163677268192, 37.63830751270514], [30.14163677268192, 37.63884650187561], [30.14055879434096, 37.63884650187561], [30.14055879434096, 37.63992448021656], [30.14001980517051, 37.63992448021656], [30.14001980517051, 37.64154144772797], [30.14055879434096, 37.64154144772797], [30.14055879434096, 37.64208043689844], [30.13948081600003, 37.64208043689844], [30.13948081600003, 37.641002458557494], [30.138402837659072, 37.641002458557494], [30.138402837659072, 37.64046346938703], [30.13894182682955, 37.64046346938703], [30.13894182682955, 37.63992448021656], [30.13948081600003, 37.63992448021656], [30.13948081600003, 37.63884650187561], [30.13786384848862, 37.63884650187561], [30.13786384848862, 37.63830751270514], [30.138402837659072, 37.63830751270514], [30.138402837659072, 37.63776852353467], [30.13894182682955, 37.63776852353467], [30.13894182682955, 37.637229534364195], [30.14001980517051, 37.637229534364195], [30.14001980517051, 37.63776852353467], [30.14163677268192, 37.63776852353467], [30.14163677268192, 37.637229534364195]]]}, "id": "+389881+86017", "properties": {"area_ha": 8.533123278037333, "count": 30, "label": 1, "mean_dnbr": 0.18563588606249828}}, {"type": "Feature", "geometry": {"geodesic": false, "type": "Polygon", "coordinates": [[[30.14055879434096, 37.659867079524005], [30.14325374019333, 37.659867079524005], [30.14325374019333, 37.66040606869448], [30.14271475102285, 37.66040606869448], [30.14271475102285, 37.66094505786495], [30.14109778351144, 37.66094505786495], [30.14109778351144, 37.66148404703542], [30.13948081600003, 37.66148404703542], [30.13948081600003, 37.66040606869448], [30.14055879434096, 37.66040606869448], [30.14055879434096, 37.659867079524005]]]}, "id": "+389883+85975", "properties": {"area_ha": 3.98096153981984, "count": 14, "label": 1, "mean_dnbr": 0.27241448876853747}}, {"type": "Feature", "geometry": {"geodesic": false, "type": "Polygon", "coordinates": [[[30.14379272936381, 37.62213783759099], [30.14433171853426, 37.62213783759099], [30.14433171853426, 37.62321581593193], [30.14379272936381, 37.62321581593193], [30.14379272936381, 37.6237548051024], [30.14271475102285, 37.6237548051024], [30.14271475102285, 37.62429379427287], [30.14109778351144, 37.62429379427287], [30.14109778351144, 37.6237548051024], [30.14163677268192, 37.6237548051024], [30.14163677268192, 37.62321581593193], [30.14109778351144, 37.62321581593193], [30.14109778351144, 37.62213783759099], [30.14325374019333, 37.62213783759099], [30.14325374019333, 37.62267682676146], [30.14379272936381, 37.62267682676146], [30.14379272936381, 37.62213783759099]]]}, "id": "+389885+86045", "properties": {"area_ha": 5.120971257155261, "count": 18, "label": 1, "mean_dnbr": 0.18204441769663937}}, {"type": "Feature", "geometry": {"geodesic": false, "type": "Polygon", "coordinates": [[[30.14379272936381, 37.65232123113741], [30.1459486860457, 37.65232123113741], [30.1459486860457, 37.65286022030788], [30.14648767521615, 37.65286022030788], [30.14648767521615, 37.653399209478344], [30.14810464272759, 37.653399209478344], [30.14810464272759, 37.65447718781929], [30.14702666438663, 37.65447718781929], [30.14702666438663, 37.65501617698976], [30.14648767521615, 37.65501617698976], [30.14648767521615, 37.656094155330706], [30.14540969687522, 37.656094155330706], [30.14540969687522, 37.655555166160234], [30.14487070770474, 37.655555166160234], [30.14487070770474, 37.65771112284212], [30.14433171853426, 37.65771112284212], [30.14433171853426, 37.65663314450118], [30.14379272936381, 37.65663314450118], [30.14379272936381, 37.656094155330706], [30.14163677268192, 37.656094155330706], [30.14163677268192, 37.65393819864882], [30.14001980517051, 37.65393819864882], [30.14001980517051, 37.65286022030788], [30.14163677268192, 37.65286022030788], [30.14163677268192, 37.653399209478344], [30.14433171853426, 37.653399209478344], [30.14433171853426, 37.65286022030788], [30.14379272936381, 37.65286022030788], [30.14379272936381, 37.65232123113741]]]}, "id": "+389888+85989", "properties": {"area_ha": 19.62210753376778, "count": 69, "label": 1, "mean_dnbr": 0.29088314586200914}}, {"type": "Feature", "geometry": {"geodesic": false, "type": "Polygon", "coordinates": [[[30.14487070770474, 37.62752772929571], [30.1459486860457, 37.62752772929571], [30.1459486860457, 37.62806671846618], [30.14702666438663, 37.62806671846618], [30.14702666438663, 37.62860570763665], [30.14648767521615, 37.62860570763665], [30.14648767521615, 37.62914469680712], [30.1459486860457, 37.62914469680712], [30.1459486860457, 37.62968368597759], [30.14702666438663, 37.62968368597759], [30.14702666438663, 37.63022267514806], [30.14648767521615, 37.63022267514806], [30.14648767521615, 37.630761664318534], [30.1459486860457, 37.630761664318534], [30.1459486860457, 37.62968368597759], [30.14540969687522, 37.62968368597759], [30.14540969687522, 37.62860570763665], [30.14487070770474, 37.62860570763665], [30.14487070770474, 37.62752772929571]]]}, "id": "+389888+86035", "properties": {"area_ha": 3.413715627745101, "count": 12, "label": 1, "mean_dnbr": 0.16930031241180837}}, {"type": "Feature", "geometry": {"geodesic": false, "type": "Polygon", "coordinates": [[[30.14540969687522, 37.649626285285045], [30.14648767521615, 37.649626285285045], [30.14648767521615, 37.65016527445552], [30.14810464272759, 37.65016527445552], [30.14810464272759, 37.65070426362599], [30.14756565355711, 37.65070426362599], [30.14756565355711, 37.65124325279646], [30.14648767521615, 37.65124325279646], [30.14648767521615, 37.65016527445552], [30.1459486860457, 37.65016527445552], [30.1459486860457, 37.651782241966934], [30.14540969687522, 37.651782241966934], [30.14540969687522, 37.65124325279646], [30.14487070770474, 37.65124325279646], [30.14487070770474, 37.65016527445552], [30.14540969687522, 37.65016527445552], [30.14540969687522, 37.649626285285045]]]}, "id": "+389889+85994", "properties": {"area_ha": 3.4127162288546677, "count": 12, "label": 1, "mean_dnbr": 0.21449053521040612}}, {"type": "Feature", "geometry": {"geodesic": false, "type": "Polygon", "coordinates": [[[30.14702666438663, 37.67495877629722], [30.14810464272759, 37.67495877629722], [30.14810464272759, 37.67549776546769], [30.14864363189804, 37.67549776546769], [30.14864363189804, 37.67603675463816], [30.14756565355711, 37.67603675463816], [30.14756565355711, 37.676575743808634], [30.14864363189804, 37.676575743808634], [30.14864363189804, 37.677114732979106], [30.149721610239, 37.677114732979106], [30.149721610239, 37.67765372214957], [30.14810464272759, 37.67765372214957], [30.14810464272759, 37.677114732979106], [30.14648767521615, 37.677114732979106], [30.14648767521615, 37.676575743808634], [30.14487070770474, 37.676575743808634], [30.14487070770474, 37.67549776546769], [30.14648767521615, 37.67549776546769], [30.14648767521615, 37.67603675463816], [30.14702666438663, 37.67603675463816], [30.14702666438663, 37.67495877629722]]]}, "id": "+389892+85947", "properties": {"area_ha": 5.6859002799859315, "count": 20, "label": 1, "mean_dnbr": 0.20349140341216512}}, {"type": "Feature", "geometry": {"geodesic": false, "type": "Polygon", "coordinates": [[[30.14702666438663, 37.662023036205895], [30.14810464272759, 37.662023036205895], [30.14810464272759, 37.66256202537637], [30.14864363189804, 37.66256202537637], [30.14864363189804, 37.664178992887784], [30.14756565355711, 37.664178992887784], [30.14756565355711, 37.66310101454684], [30.1459486860457, 37.66310101454684], [30.1459486860457, 37.66256202537637], [30.14702666438663, 37.66256202537637], [30.14702666438663, 37.662023036205895]]]}, "id": "+389892+85971", "properties": {"area_ha": 3.127804557564559, "count": 11, "label": 1, "mean_dnbr": 0.2163150758031028}}, {"type": "Feature", "geometry": {"geodesic": false, "type": "Polygon", "coordinates": [[[30.15079958857993, 37.48900751248448], [30.15133857775041, 37.48900751248448], [30.15133857775041, 37.48954650165495], [30.151877566920888, 37.48954650165495], [30.151877566920888, 37.49008549082542], [30.15241655609134, 37.49008549082542], [30.15241655609134, 37.48954650165495], [30.15295554526182, 37.48954650165495], [30.15295554526182, 37.49062447999589], [30.15241655609134, 37.49062447999589], [30.15241655609134, 37.49170245833683], [30.153494534432298, 37.49170245833683], [30.153494534432298, 37.492780436677776], [30.15241655609134, 37.492780436677776], [30.15241655609134, 37.49170245833683], [30.151877566920888, 37.49170245833683], [30.151877566920888, 37.49062447999589], [30.15133857775041, 37.49062447999589], [30.15133857775041, 37.48954650165495], [30.15079958857993, 37.48954650165495], [30.15079958857993, 37.48900751248448]]]}, "id": "+389898+86292", "properties": {"area_ha": 3.4200432364848363, "count": 12, "label": 1, "mean_dnbr": 0.2128677058598005}}, {"type": "Feature", "geometry": {"geodesic": false, "type": "Polygon", "coordinates": [[[30.151877566920888, 37.67388079795627], [30.153494534432298, 37.67388079795627], [30.153494534432298, 37.674419787126745], [30.15241655609134, 37.674419787126745], [30.15241655609134, 37.67495877629722], [30.151877566920888, 37.67495877629722], [30.151877566920888, 37.67603675463816], [30.15079958857993, 37.67603675463816], [30.15079958857993, 37.676575743808634], [30.149721610239, 37.676575743808634], [30.149721610239, 37.67549776546769], [30.15026059940945, 37.67549776546769], [30.15026059940945, 37.67495877629722], [30.15133857775041, 37.67495877629722], [30.15133857775041, 37.674419787126745], [30.151877566920888, 37.674419787126745], [30.151877566920888, 37.67388079795627]]]}, "id": "+389902+85949", "properties": {"area_ha": 3.9801840114983422, "count": 14, "label": 1, "mean_dnbr": 0.2942393837436029}}, {"type": "Feature", "geometry": {"geodesic": false, "type": "Polygon", "coordinates": [[[30.15457251277323, 37.6237548051024], [30.155111501943708, 37.6237548051024], [30.155111501943708, 37.62429379427287], [30.155650491114187, 37.62429379427287], [30.155650491114187, 37.62537177261382], [30.156728469455118, 37.62537177261382], [30.156728469455118, 37.62644975095476], [30.156189480284638, 37.62644975095476], [30.156189480284638, 37.62591076178429], [30.155650491114187, 37.62591076178429], [30.155650491114187, 37.62537177261382], [30.154033523602777, 37.62537177261382], [30.154033523602777, 37.624832783443345], [30.153494534432298, 37.624832783443345], [30.153494534432298, 37.62429379427287], [30.15457251277323, 37.62429379427287], [30.15457251277323, 37.6237548051024]]]}, "id": "+389905+86042", "properties": {"area_ha": 3.1294053711982524, "count": 11, "label": 1, "mean_dnbr": 0.2309917191049144}}, {"type": "Feature", "geometry": {"geodesic": false, "type": "Polygon", "coordinates": [[[30.156189480284638, 37.66902989542203], [30.156728469455118, 37.66902989542203], [30.156728469455118, 37.6695688845925], [30.157267458625597, 37.6695688845925], [30.157267458625597, 37.67010787376297], [30.158884426137007, 37.67010787376297], [30.158884426137007, 37.670646862933445], [30.158345436966528, 37.670646862933445], [30.158345436966528, 37.67118585210391], [30.157806447796077, 37.67118585210391], [30.157806447796077, 37.672263830444855], [30.156728469455118, 37.672263830444855], [30.156728469455118, 37.67118585210391], [30.156189480284638, 37.67118585210391], [30.156189480284638, 37.67010787376297], [30.155650491114187, 37.67010787376297], [30.155650491114187, 37.6695688845925], [30.156189480284638, 37.6695688845925], [30.156189480284638, 37.66902989542203]], [[30.156728469455118, 37.6695688845925], [30.156728469455118, 37.67010787376297], [30.156189480284638, 37.67010787376297], [30.156189480284638, 37.6695688845925], [30.156728469455118, 37.6695688845925]]]}, "id": "+389908+85958", "properties": {"area_ha": 4.549057987355232, "count": 16, "label": 1, "mean_dnbr": 0.23696327126397426}}, {"type": "Feature", "geometry": {"geodesic": false, "type": "Polygon", "coordinates": [[[30.156728469455118, 37.65286022030788], [30.157267458625597, 37.65286022030788], [30.157267458625597, 37.653399209478344], [30.157806447796077, 37.653399209478344], [30.157806447796077, 37.65501617698976], [30.158884426137007, 37.65501617698976], [30.158884426137007, 37.655555166160234], [30.157267458625597, 37.655555166160234], [30.157267458625597, 37.65501617698976], [30.156728469455118, 37.65501617698976], [30.156728469455118, 37.65447718781929], [30.156189480284638, 37.65447718781929], [30.156189480284638, 37.653399209478344], [30.156728469455118, 37.653399209478344], [30.156728469455118, 37.65286022030788]]]}, "id": "+389909+85988", "properties": {"area_ha": 3.41254943426729, "count": 12, "label": 1, "mean_dnbr": 0.2508512977008292}}, {"type": "Feature", "geometry": {"geodesic": false, "type": "Polygon", "coordinates": [[[30.156728469455118, 37.66525697122872], [30.157806447796077, 37.66525697122872], [30.157806447796077, 37.66687393874014], [30.157267458625597, 37.66687393874014], [30.157267458625597, 37.666334949569666], [30.156728469455118, 37.666334949569666], [30.156728469455118, 37.66687393874014], [30.156189480284638, 37.66687393874014], [30.156189480284638, 37.66741292791061], [30.155650491114187, 37.66741292791061], [30.155650491114187, 37.66687393874014], [30.15457251277323, 37.66687393874014], [30.15457251277323, 37.66741292791061], [30.154033523602777, 37.66741292791061], [30.154033523602777, 37.666334949569666], [30.153494534432298, 37.666334949569666], [30.153494534432298, 37.665795960399194], [30.15295554526182, 37.665795960399194], [30.15295554526182, 37.666334949569666], [30.15241655609134, 37.666334949569666], [30.15241655609134, 37.66687393874014], [30.15295554526182, 37.66687393874014], [30.15295554526182, 37.66741292791061], [30.153494534432298, 37.66741292791061], [30.153494534432298, 37.66795191708108], [30.15241655609134, 37.66795191708108], [30.15241655609134, 37.66741292791061], [30.15133857775041, 37.66741292791061], [30.15133857775041, 37.665795960399194], [30.15026059940945, 37.665795960399194], [30.15026059940945, 37.66687393874014], [30.15079958857993, 37.66687393874014], [30.15079958857993, 37.66741292791061], [30.15026059940945, 37.66741292791061], [30.15026059940945, 37.66687393874014], [30.14810464272759, 37.66687393874014], [30.14810464272759, 37.66741292791061], [30.149721610239, 37.66741292791061], [30.149721610239, 37.66795191708108], [30.14810464272759, 37.66795191708108], [30.14810464272759, 37.668490906251556], [30.15133857775041, 37.668490906251556], [30.15133857775041, 37.66902989542203], [30.15079958857993, 37.66902989542203], [30.15079958857993, 37.67010787376297], [30.15026059940945, 37.67010787376297], [30.15026059940945, 37.670646862933445], [30.14918262106852, 37.670646862933445], [30.14918262106852, 37.67118585210391], [30.14810464272759, 37.67118585210391], [30.14810464272759, 37.67172484127438], [30.14702666438663, 37.67172484127438], [30.14702666438663, 37.672263830444855], [30.1459486860457, 37.672263830444855], [30.1459486860457, 37.67172484127438], [30.14540969687522, 37.67172484127438], [30.14540969687522, 37.670646862933445], [30.1459486860457, 37.670646862933445], [30.1459486860457, 37.67010787376297], [30.14702666438663, 37.67010787376297], [30.14702666438663, 37.6695688845925], [30.14810464272759, 37.6695688845925], [30.14810464272759, 37.668490906251556], [30.14702666438663, 37.668490906251556], [30.14702666438663, 37.66795191708108], [30.14756565355711, 37.66795191708108], [30.14756565355711, 37.66741292791061], [30.14648767521615, 37.66741292791061], [30.14648767521615, 37.668490906251556], [30.1459486860457, 37.668490906251556], [30.1459486860457, 37.66902989542203], [30.14487070770474, 37.66902989542203], [30.14487070770474, 37.6695688845925], [30.14433171853426, 37.6695688845925], [30.14433171853426, 37.67010787376297], [30.14325374019333, 37.67010787376297], [30.14325374019333, 37.670646862933445], [30.1421757618524, 37.670646862933445], [30.1421757618524, 37.67010787376297], [30.14325374019333, 37.67010787376297], [30.14325374019333, 37.668490906251556], [30.1421757618524, 37.668490906251556], [30.1421757618524, 37.66902989542203], [30.14163677268192, 37.66902989542203], [30.14163677268192, 37.668490906251556], [30.14109778351144, 37.668490906251556], [30.14109778351144, 37.66795191708108], [30.14163677268192, 37.66795191708108], [30.14163677268192, 37.668490906251556], [30.1421757618524, 37.668490906251556], [30.1421757618524, 37.66795191708108], [30.14379272936381, 37.66795191708108], [30.14379272936381, 37.668490906251556], [30.14433171853426, 37.668490906251556], [30.14433171853426, 37.66795191708108], [30.14540969687522, 37.66795191708108], [30.14540969687522, 37.66687393874014], [30.1459486860457, 37.66687393874014], [30.1459486860457, 37.666334949569666], [30.14540969687522, 37.666334949569666], [30.14540969687522, 37.665795960399194], [30.1459486860457, 37.665795960399194], [30.1459486860457, 37.666334949569666], [30.14648767521615, 37.666334949569666], [30.14648767521615, 37.66687393874014], [30.14810464272759, 37.66687393874014], [30.14810464272759, 37.666334949569666], [30.14702666438663, 37.666334949569666], [30.14702666438663, 37.66525697122872], [30.14810464272759, 37.66525697122872], [30.14810464272759, 37.665795960399194], [30.14864363189804, 37.665795960399194], [30.14864363189804, 37.66525697122872], [30.15241655609134, 37.66525697122872], [30.15241655609134, 37.665795960399194], [30.15295554526182, 37.665795960399194], [30.15295554526182, 37.66525697122872], [30.153494534432298, 37.66525697122872], [30.153494534432298, 37.665795960399194], [30.156728469455118, 37.665795960399194], [30.156728469455118, 37.66525697122872]], [[30.1459486860457, 37.66795191708108], [30.1459486860457, 37.668490906251556], [30.14540969687522, 37.668490906251556], [30.14540969687522, 37.66795191708108], [30.1459486860457, 37.66795191708108]], [[30.14918262106852, 37.67010787376297], [30.14918262106852, 37.670646862933445], [30.14810464272759, 37.670646862933445], [30.14810464272759, 37.67010787376297], [30.14918262106852, 37.67010787376297]], [[30.15026059940945, 37.6695688845925], [30.15026059940945, 37.67010787376297], [30.14918262106852, 37.67010787376297], [30.14918262106852, 37.6695688845925], [30.15026059940945, 37.6695688845925]]]}, "id": "+389910+85965", "properties": {"area_ha": 34.11910574483367, "count": 120, "label": 1, "mean_dnbr": 0.1919422561093634}}, {"type": "Feature", "geometry": {"geodesic": false, "type": "Polygon", "coordinates": [[[30.158345436966528, 37.672263830444855], [30.159423415307486, 37.672263830444855], [30.159423415307486, 37.67280281961533], [30.158345436966528, 37.67280281961533], [30.158345436966528, 37.6733418087858], [30.159423415307486, 37.6733418087858], [30.159423415307486, 37.674419787126745], [30.159962404477966, 37.674419787126745], [30.159962404477966, 37.67549776546769], [30.159423415307486, 37.67549776546769], [30.159423415307486, 37.676575743808634], [30.157267458625597, 37.676575743808634], [30.157267458625597, 37.67549776546769], [30.157806447796077, 37.67549776546769], [30.157806447796077, 37.674419787126745], [30.157267458625597, 37.674419787126745], [30.157267458625597, 37.67388079795627], [30.156189480284638, 37.67388079795627], [30.156189480284638, 37.6733418087858], [30.156728469455118, 37.6733418087858], [30.156728469455118, 37.67280281961533], [30.158345436966528, 37.67280281961533], [30.158345436966528, 37.672263830444855]]]}, "id": "+389913+85952", "properties": {"area_ha": 8.813353948973772, "count": 31, "label": 1, "mean_dnbr": 0.1956727758707608}}, {"type": "Feature", "geometry": {"geodesic": false, "type": "Polygon", "coordinates": [[[30.160501393648417, 37.6695688845925], [30.162118361159827, 37.6695688845925], [30.162118361159827, 37.670646862933445], [30.162657350330306, 37.670646862933445], [30.162657350330306, 37.67118585210391], [30.162118361159827, 37.67118585210391], [30.162118361159827, 37.670646862933445], [30.161579371989376, 37.670646862933445], [30.161579371989376, 37.67172484127438], [30.161040382818896, 37.67172484127438], [30.161040382818896, 37.67280281961533], [30.159962404477966, 37.67280281961533], [30.159962404477966, 37.67172484127438], [30.160501393648417, 37.67172484127438], [30.160501393648417, 37.67118585210391], [30.159962404477966, 37.67118585210391], [30.159962404477966, 37.670646862933445], [30.160501393648417, 37.670646862933445], [30.160501393648417, 37.6695688845925]]]}, "id": "+389918+85957", "properties": {"area_ha": 4.549039402233159, "count": 16, "label": 1, "mean_dnbr": 0.16775282956619694}}, {"type": "Feature", "geometry": {"geodesic": false, "type": "Polygon", "coordinates": [[[30.18475590631965, 37.114410039006636], [30.185833884660582, 37.114410039006636], [30.185833884660582, 37.11494902817711], [30.18637287383106, 37.11494902817711], [30.18637287383106, 37.11602700651805], [30.18529489549013, 37.11602700651805], [30.18529489549013, 37.11656599568852], [30.18637287383106, 37.11656599568852], [30.18637287383106, 37.11710498485899], [30.18475590631965, 37.11710498485899], [30.18475590631965, 37.11656599568852], [30.184216917149172, 37.11656599568852], [30.184216917149172, 37.11602700651805], [30.18475590631965, 37.11602700651805], [30.18475590631965, 37.114410039006636]]]}, "id": "+389962+86987", "properties": {"area_ha": 3.723577361152403, "count": 13, "label": 1, "mean_dnbr": 0.16966379412356286}}, {"type": "Feature", "geometry": {"geodesic": false, "type": "Polygon", "coordinates": [[[30.19284074387673, 37.039490544311064], [30.19445771138814, 37.039490544311064], [30.19445771138814, 37.04002953348154], [30.1955356897291, 37.04002953348154], [30.1955356897291, 37.04056852265201], [30.19607467889955, 37.04056852265201], [30.19607467889955, 37.04110751182248], [30.19391872221766, 37.04110751182248], [30.19391872221766, 37.04056852265201], [30.19284074387673, 37.04056852265201], [30.19284074387673, 37.039490544311064]]]}, "id": "+389978+87126", "properties": {"area_ha": 3.440572783457663, "count": 12, "label": 1, "mean_dnbr": 0.1694910137729846}}, {"type": "Feature", "geometry": {"geodesic": false, "type": "Polygon", "coordinates": [[[30.202003559774738, 37.095545418040125], [30.202542548945218, 37.095545418040125], [30.202542548945218, 37.09662339638107], [30.201464570604287, 37.09662339638107], [30.201464570604287, 37.097701374722014], [30.200925581433808, 37.097701374722014], [30.200925581433808, 37.09824036389249], [30.200386592263328, 37.09824036389249], [30.200386592263328, 37.09877935306295], [30.19984760309285, 37.09877935306295], [30.19984760309285, 37.10147429891531], [30.199308613922398, 37.10147429891531], [30.199308613922398, 37.10309126642673], [30.19769164641096, 37.10309126642673], [30.19769164641096, 37.10255227725626], [30.19715265724051, 37.10255227725626], [30.19715265724051, 37.102013288085786], [30.19769164641096, 37.102013288085786], [30.19769164641096, 37.10147429891531], [30.19715265724051, 37.10147429891531], [30.19715265724051, 37.09877935306295], [30.19661366807003, 37.09877935306295], [30.19661366807003, 37.09824036389249], [30.19715265724051, 37.09824036389249], [30.19715265724051, 37.09877935306295], [30.19769164641096, 37.09877935306295], [30.19769164641096, 37.09662339638107], [30.198769624751918, 37.09662339638107], [30.198769624751918, 37.095545418040125], [30.201464570604287, 37.095545418040125], [30.201464570604287, 37.0960844072106], [30.202003559774738, 37.0960844072106], [30.202003559774738, 37.095545418040125]]]}, "id": "+389993+87022", "properties": {"area_ha": 21.20047179940071, "count": 74, "label": 1, "mean_dnbr": 0.1978489236807642}}, {"type": "Feature", "geometry": {"geodesic": false, "type": "Polygon", "coordinates": [[[30.221407169911714, 37.114410039006636], [30.222485148252673, 37.114410039006636], [30.222485148252673, 37.11548801734758], [30.223024137423153, 37.11548801734758], [30.223024137423153, 37.11656599568852], [30.223563126593604, 37.11656599568852], [30.223563126593604, 37.118182963199935], [30.222485148252673, 37.118182963199935], [30.222485148252673, 37.11872195237041], [30.221407169911714, 37.11872195237041], [30.221407169911714, 37.11979993071135], [30.219790202400304, 37.11979993071135], [30.219790202400304, 37.118182963199935], [30.220868180741263, 37.118182963199935], [30.220868180741263, 37.11764397402946], [30.218712224059374, 37.11764397402946], [30.218712224059374, 37.11656599568852], [30.219790202400304, 37.11656599568852], [30.219790202400304, 37.11548801734758], [30.220868180741263, 37.11548801734758], [30.220868180741263, 37.11494902817711], [30.221407169911714, 37.11494902817711], [30.221407169911714, 37.114410039006636]]]}, "id": "+390030+86987", "properties": {"area_ha": 14.607627569576668, "count": 51, "label": 1, "mean_dnbr": 0.26015081109250265}}, {"type": "Feature", "geometry": {"geodesic": false, "type": "Polygon", "coordinates": [[[30.226797061616452, 37.107942168960975], [30.227875039957382, 37.107942168960975], [30.227875039957382, 37.10848115813145], [30.227336050786903, 37.10848115813145], [30.227336050786903, 37.110098125642864], [30.226258072445972, 37.110098125642864], [30.226258072445972, 37.11063711481333], [30.225180094105042, 37.11063711481333], [30.225180094105042, 37.111715093154274], [30.224641104934562, 37.111715093154274], [30.224641104934562, 37.112254082324746], [30.223563126593604, 37.112254082324746], [30.223563126593604, 37.11279307149522], [30.222485148252673, 37.11279307149522], [30.222485148252673, 37.112254082324746], [30.223024137423153, 37.112254082324746], [30.223024137423153, 37.111715093154274], [30.224102115764083, 37.111715093154274], [30.224102115764083, 37.1111761039838], [30.224641104934562, 37.1111761039838], [30.224641104934562, 37.11063711481333], [30.224102115764083, 37.11063711481333], [30.224102115764083, 37.10955913647239], [30.225180094105042, 37.10955913647239], [30.225180094105042, 37.10902014730192], [30.226258072445972, 37.10902014730192], [30.226258072445972, 37.10848115813145], [30.226797061616452, 37.10848115813145], [30.226797061616452, 37.107942168960975]]]}, "id": "+390040+86999", "properties": {"area_ha": 7.447697244235228, "count": 26, "label": 1, "mean_dnbr": 0.2428862724283342}}, {"type": "Feature", "geometry": {"geodesic": false, "type": "Polygon", "coordinates": [[[30.227336050786903, 37.19202447955456], [30.228414029127862, 37.19202447955456], [30.228414029127862, 37.192563468725034], [30.229492007468792, 37.192563468725034], [30.229492007468792, 37.19364144706598], [30.22895301829834, 37.19364144706598], [30.22895301829834, 37.19418043623645], [30.227875039957382, 37.19418043623645], [30.227875039957382, 37.193102457895506], [30.227336050786903, 37.193102457895506], [30.227336050786903, 37.19202447955456]]]}, "id": "+390041+86843", "properties": {"area_ha": 3.1474983558905842, "count": 11, "label": 1, "mean_dnbr": 0.23340113748368102}}, {"type": "Feature", "geometry": {"geodesic": false, "type": "Polygon", "coordinates": [[[30.227336050786903, 37.12572881158654], [30.22895301829834, 37.12572881158654], [30.22895301829834, 37.126806789927485], [30.227336050786903, 37.126806789927485], [30.227336050786903, 37.12734577909796], [30.226258072445972, 37.12734577909796], [30.226258072445972, 37.12788476826843], [30.225180094105042, 37.12788476826843], [30.225180094105042, 37.1284237574389], [30.224641104934562, 37.1284237574389], [30.224641104934562, 37.12788476826843], [30.224102115764083, 37.12788476826843], [30.224102115764083, 37.12734577909796], [30.224641104934562, 37.12734577909796], [30.224641104934562, 37.126806789927485], [30.225719083275493, 37.126806789927485], [30.225719083275493, 37.12626780075701], [30.225180094105042, 37.12626780075701], [30.225180094105042, 37.12572881158654], [30.225719083275493, 37.12572881158654], [30.225719083275493, 37.12626780075701], [30.227336050786903, 37.12626780075701], [30.227336050786903, 37.12572881158654]]]}, "id": "+390042+86966", "properties": {"area_ha": 5.7277385878469955, "count": 20, "label": 1, "mean_dnbr": 0.22137743858043749}}, {"type": "Feature", "geometry": {"geodesic": false, "type": "Polygon", "coordinates": [[[30.23110897498023, 37.71646094242354], [30.23164796415068, 37.71646094242354], [30.23164796415068, 37.71699993159401], [30.23218695332116, 37.71699993159401], [30.23218695332116, 37.718077909934955], [30.23164796415068, 37.718077909934955], [30.23164796415068, 37.71861689910543], [30.23003099663927, 37.71861689910543], [30.23003099663927, 37.7191558882759], [30.22895301829834, 37.7191558882759], [30.22895301829834, 37.719694877446365], [30.227875039957382, 37.719694877446365], [30.227875039957382, 37.7191558882759], [30.227336050786903, 37.7191558882759], [30.227336050786903, 37.71861689910543], [30.226797061616452, 37.71861689910543], [30.226797061616452, 37.71753892076448], [30.22895301829834, 37.71753892076448], [30.22895301829834, 37.71699993159401], [30.23003099663927, 37.71699993159401], [30.23003099663927, 37.71646094242354], [30.23056998580975, 37.71646094242354], [30.23056998580975, 37.71699993159401], [30.23110897498023, 37.71699993159401], [30.23110897498023, 37.71646094242354]]]}, "id": "+390047+85870", "properties": {"area_ha": 9.660580289280324, "count": 34, "label": 1, "mean_dnbr": 0.2817357260385218}}, {"type": "Feature", "geometry": {"geodesic": false, "type": "Polygon", "coordinates": [[[30.23380392083257, 37.721850834128254], [30.23434291000305, 37.721850834128254], [30.23434291000305, 37.72238982329873], [30.23542088834398, 37.72238982329873], [30.23542088834398, 37.724006790810144], [30.23488189917353, 37.724006790810144], [30.23488189917353, 37.724545779980616], [30.23542088834398, 37.724545779980616], [30.23542088834398, 37.72508476915109], [30.23434291000305, 37.72508476915109], [30.23434291000305, 37.724545779980616], [30.23380392083257, 37.724545779980616], [30.23380392083257, 37.72346780163967], [30.23272594249164, 37.72346780163967], [30.23272594249164, 37.7229288124692], [30.23326493166209, 37.7229288124692], [30.23326493166209, 37.72238982329873], [30.23380392083257, 37.72238982329873], [30.23380392083257, 37.721850834128254]]]}, "id": "+390052+85860", "properties": {"area_ha": 4.829941997760246, "count": 17, "label": 1, "mean_dnbr": 0.23448716536846081}}, {"type": "Feature", "geometry": {"geodesic": false, "type": "Polygon", "coordinates": [[[30.23488189917353, 37.403847223549946], [30.23542088834398, 37.403847223549946], [30.23542088834398, 37.40438621272042], [30.23649886668494, 37.40438621272042], [30.23649886668494, 37.40546419106136], [30.23542088834398, 37.40546419106136], [30.23542088834398, 37.40708115857277], [30.23488189917353, 37.40708115857277], [30.23488189917353, 37.40815913691372], [30.23434291000305, 37.40815913691372], [30.23434291000305, 37.40708115857277], [30.23488189917353, 37.40708115857277], [30.23488189917353, 37.40546419106136], [30.23542088834398, 37.40546419106136], [30.23542088834398, 37.40492520189089], [30.23488189917353, 37.40492520189089], [30.23488189917353, 37.403847223549946]]]}, "id": "+390054+86450", "properties": {"area_ha": 3.1386144425788673, "count": 11, "label": 1, "mean_dnbr": 0.2142636341224266}}, {"type": "Feature", "geometry": {"geodesic": false, "type": "Polygon", "coordinates": [[[30.23380392083257, 37.11333206066569], [30.23649886668494, 37.11333206066569], [30.23649886668494, 37.114410039006636], [30.23703785585542, 37.114410039006636], [30.23703785585542, 37.11494902817711], [30.23649886668494, 37.11494902817711], [30.23649886668494, 37.114410039006636], [30.23380392083257, 37.114410039006636], [30.23380392083257, 37.11494902817711], [30.23326493166209, 37.11494902817711], [30.23326493166209, 37.11548801734758], [30.23380392083257, 37.11548801734758], [30.23380392083257, 37.11602700651805], [30.23326493166209, 37.11602700651805], [30.23326493166209, 37.11764397402946], [30.23434291000305, 37.11764397402946], [30.23434291000305, 37.118182963199935], [30.23380392083257, 37.118182963199935], [30.23380392083257, 37.11872195237041], [30.23110897498023, 37.11872195237041], [30.23110897498023, 37.11926094154088], [30.229492007468792, 37.11926094154088], [30.229492007468792, 37.11979993071135], [30.227875039957382, 37.11979993071135], [30.227875039957382, 37.1208779090523], [30.226797061616452, 37.1208779090523], [30.226797061616452, 37.120338919881824], [30.226258072445972, 37.120338919881824], [30.226258072445972, 37.11926094154088], [30.225180094105042, 37.11926094154088], [30.225180094105042, 37.118182963199935], [30.226258072445972, 37.118182963199935], [30.226258072445972, 37.11764397402946], [30.224641104934562, 37.11764397402946], [30.224641104934562, 37.11710498485899], [30.226258072445972, 37.11710498485899], [30.226258072445972, 37.11656599568852], [30.227336050786903, 37.11656599568852], [30.227336050786903, 37.11602700651805], [30.22895301829834, 37.11602700651805], [30.22895301829834, 37.11656599568852], [30.23003099663927, 37.11656599568852], [30.23003099663927, 37.11602700651805], [30.229492007468792, 37.11602700651805], [30.229492007468792, 37.11548801734758], [30.23056998580975, 37.11548801734758], [30.23056998580975, 37.11494902817711], [30.23110897498023, 37.11494902817711], [30.23110897498023, 37.114410039006636], [30.23218695332116, 37.114410039006636], [30.23218695332116, 37.11494902817711], [30.23164796415068, 37.11494902817711], [30.23164796415068, 37.11548801734758], [30.23110897498023, 37.11548801734758], [30.23110897498023, 37.11656599568852], [30.23164796415068, 37.11656599568852], [30.23164796415068, 37.11602700651805], [30.23272594249164, 37.11602700651805], [30.23272594249164, 37.11494902817711], [30.23326493166209, 37.11494902817711], [30.23326493166209, 37.11387104983616], [30.23380392083257, 37.11387104983616], [30.23380392083257, 37.11333206066569]], [[30.227875039957382, 37.118182963199935], [30.227875039957382, 37.11872195237041], [30.226797061616452, 37.11872195237041], [30.226797061616452, 37.118182963199935], [30.227875039957382, 37.118182963199935]], [[30.22895301829834, 37.11764397402946], [30.22895301829834, 37.118182963199935], [30.228414029127862, 37.118182963199935], [30.228414029127862, 37.11764397402946], [30.22895301829834, 37.11764397402946]], [[30.226797061616452, 37.11710498485899], [30.226797061616452, 37.11764397402946], [30.226258072445972, 37.11764397402946], [30.226258072445972, 37.11710498485899], [30.226797061616452, 37.11710498485899]], [[30.229492007468792, 37.11710498485899], [30.229492007468792, 37.11764397402946], [30.22895301829834, 37.11764397402946], [30.22895301829834, 37.11710498485899], [30.229492007468792, 37.11710498485899]], [[30.22895301829834, 37.11656599568852], [30.22895301829834, 37.11710498485899], [30.227875039957382, 37.11710498485899], [30.227875039957382, 37.11656599568852], [30.22895301829834, 37.11656599568852]], [[30.23056998580975, 37.11656599568852], [30.23056998580975, 37.11710498485899], [30.23003099663927, 37.11710498485899], [30.23003099663927, 37.11656599568852], [30.23056998580975, 37.11656599568852]], [[30.23272594249164, 37.11656599568852], [30.23272594249164, 37.11710498485899], [30.23164796415068, 37.11710498485899], [30.23164796415068, 37.11656599568852], [30.23272594249164, 37.11656599568852]]]}, "id": "+390056+86989", "properties": {"area_ha": 29.501605464227183, "count": 103, "label": 1, "mean_dnbr": 0.23467675250739684}}, {"type": "Feature", "geometry": {"geodesic": false, "type": "Polygon", "coordinates": [[[30.23595987751446, 37.72939668251486], [30.23703785585542, 37.72939668251486], [30.23703785585542, 37.730474660855805], [30.23757684502587, 37.730474660855805], [30.23757684502587, 37.73101365002628], [30.23811583419635, 37.73101365002628], [30.23811583419635, 37.732091628367215], [30.23703785585542, 37.732091628367215], [30.23703785585542, 37.73155263919674], [30.23649886668494, 37.73155263919674], [30.23649886668494, 37.730474660855805], [30.23595987751446, 37.730474660855805], [30.23595987751446, 37.72939668251486]]]}, "id": "+390057+85846", "properties": {"area_ha": 3.124945052979529, "count": 11, "label": 1, "mean_dnbr": 0.21011862280008226}}, {"type": "Feature", "geometry": {"geodesic": false, "type": "Polygon", "coordinates": [[[30.23811583419635, 37.42702375788023], [30.23865482336683, 37.42702375788023], [30.23865482336683, 37.428640725391645], [30.23811583419635, 37.428640725391645], [30.23811583419635, 37.42917971456212], [30.23757684502587, 37.42917971456212], [30.23757684502587, 37.42971870373259], [30.23811583419635, 37.42971870373259], [30.23811583419635, 37.430257692903055], [30.23703785585542, 37.430257692903055], [30.23703785585542, 37.42971870373259], [30.23649886668494, 37.42971870373259], [30.23649886668494, 37.42917971456212], [30.23595987751446, 37.42917971456212], [30.23595987751446, 37.428640725391645], [30.23757684502587, 37.428640725391645], [30.23757684502587, 37.4275627470507], [30.23811583419635, 37.4275627470507], [30.23811583419635, 37.42702375788023]]]}, "id": "+390060+86407", "properties": {"area_ha": 3.7081256515402914, "count": 13, "label": 1, "mean_dnbr": 0.24670252142544521}}, {"type": "Feature", "geometry": {"geodesic": false, "type": "Polygon", "coordinates": [[[30.23649886668494, 37.06212808947088], [30.23865482336683, 37.06212808947088], [30.23865482336683, 37.06266707864135], [30.23811583419635, 37.06266707864135], [30.23811583419635, 37.064823035323236], [30.23757684502587, 37.064823035323236], [30.23757684502587, 37.06536202449371], [30.23649886668494, 37.06536202449371], [30.23649886668494, 37.064823035323236], [30.23703785585542, 37.064823035323236], [30.23703785585542, 37.06266707864135], [30.23649886668494, 37.06266707864135], [30.23649886668494, 37.06212808947088]]]}, "id": "+390060+87084", "properties": {"area_ha": 4.012763849209365, "count": 14, "label": 1, "mean_dnbr": 0.2803787327450192}}, {"type": "Feature", "geometry": {"geodesic": false, "type": "Polygon", "coordinates": [[[30.23811583419635, 37.434569606266834], [30.23919381253728, 37.434569606266834], [30.23919381253728, 37.436186573778244], [30.23811583419635, 37.436186573778244], [30.23811583419635, 37.43564758460778], [30.23757684502587, 37.43564758460778], [30.23757684502587, 37.436186573778244], [30.23703785585542, 37.436186573778244], [30.23703785585542, 37.436725562948716], [30.23649886668494, 37.436725562948716], [30.23649886668494, 37.43726455211919], [30.23595987751446, 37.43726455211919], [30.23595987751446, 37.43780354128966], [30.23542088834398, 37.43780354128966], [30.23542088834398, 37.43726455211919], [30.23595987751446, 37.43726455211919], [30.23595987751446, 37.436725562948716], [30.23649886668494, 37.436725562948716], [30.23649886668494, 37.436186573778244], [30.23703785585542, 37.436186573778244], [30.23703785585542, 37.43564758460778], [30.23757684502587, 37.43564758460778], [30.23757684502587, 37.435108595437306], [30.23811583419635, 37.435108595437306], [30.23811583419635, 37.434569606266834]]]}, "id": "+390061+86393", "properties": {"area_ha": 3.1373496118461457, "count": 11, "label": 1, "mean_dnbr": 0.29233355694184826}}, {"type": "Feature", "geometry": {"geodesic": false, "type": "Polygon", "coordinates": [[[30.23865482336683, 36.9397775477738], [30.23973280170776, 36.9397775477738], [30.23973280170776, 36.94031653694427], [30.23919381253728, 36.94031653694427], [30.23919381253728, 36.940855526114746], [30.23865482336683, 36.940855526114746], [30.23865482336683, 36.94193350445568], [30.23919381253728, 36.94193350445568], [30.23919381253728, 36.942472493626155], [30.23973280170776, 36.942472493626155], [30.23973280170776, 36.94301148279663], [30.23919381253728, 36.94301148279663], [30.23919381253728, 36.942472493626155], [30.23703785585542, 36.942472493626155], [30.23703785585542, 36.94301148279663], [30.23649886668494, 36.94301148279663], [30.23649886668494, 36.942472493626155], [30.23595987751446, 36.942472493626155], [30.23595987751446, 36.940855526114746], [30.23542088834398, 36.940855526114746], [30.23542088834398, 36.94139451528522], [30.23434291000305, 36.94139451528522], [30.23434291000305, 36.940855526114746], [30.23542088834398, 36.940855526114746], [30.23542088834398, 36.94031653694427], [30.23595987751446, 36.94031653694427], [30.23595987751446, 36.9397775477738], [30.23703785585542, 36.9397775477738], [30.23703785585542, 36.940855526114746], [30.23865482336683, 36.940855526114746], [30.23865482336683, 36.9397775477738]]]}, "id": "+390062+87311", "properties": {"area_ha": 8.03845360015625, "count": 28, "label": 1, "mean_dnbr": 0.1745010493798477}}, {"type": "Feature", "geometry": {"geodesic": false, "type": "Polygon", "coordinates": [[[30.23919381253728, 37.05943314361852], [30.24081078004872, 37.05943314361852], [30.24081078004872, 37.05997213278899], [30.24134976921917, 37.05997213278899], [30.24134976921917, 37.06105011112994], [30.23919381253728, 37.06105011112994], [30.23919381253728, 37.060511121959465], [30.23865482336683, 37.060511121959465], [30.23865482336683, 37.05997213278899], [30.23919381253728, 37.05997213278899], [30.23919381253728, 37.05943314361852]]]}, "id": "+390064+87089", "properties": {"area_ha": 3.4396688422889325, "count": 12, "label": 1, "mean_dnbr": 0.18739432450228283}}, {"type": "Feature", "geometry": {"geodesic": false, "type": "Polygon", "coordinates": [[[30.23973280170776, 37.430257692903055], [30.24134976921917, 37.430257692903055], [30.24134976921917, 37.431335671244], [30.24188875838965, 37.431335671244], [30.24188875838965, 37.43187466041447], [30.24242774756013, 37.43187466041447], [30.24242774756013, 37.432413649584944], [30.24188875838965, 37.432413649584944], [30.24188875838965, 37.43295263875542], [30.242966736730608, 37.43295263875542], [30.242966736730608, 37.43349162792589], [30.24188875838965, 37.43349162792589], [30.24188875838965, 37.43295263875542], [30.24081078004872, 37.43295263875542], [30.24081078004872, 37.432413649584944], [30.24134976921917, 37.432413649584944], [30.24134976921917, 37.43187466041447], [30.24081078004872, 37.43187466041447], [30.24081078004872, 37.431335671244], [30.24027179087824, 37.431335671244], [30.24027179087824, 37.432413649584944], [30.23973280170776, 37.432413649584944], [30.23973280170776, 37.430257692903055]]]}, "id": "+390065+86401", "properties": {"area_ha": 4.563667371603446, "count": 16, "label": 1, "mean_dnbr": 0.31898456709285294}}, {"type": "Feature", "geometry": {"geodesic": false, "type": "Polygon", "coordinates": [[[30.24188875838965, 37.7267017366625], [30.242966736730608, 37.7267017366625], [30.242966736730608, 37.72724072583297], [30.24404471507154, 37.72724072583297], [30.24404471507154, 37.72777971500344], [30.24512269341247, 37.72777971500344], [30.24512269341247, 37.72939668251486], [30.24242774756013, 37.72939668251486], [30.24242774756013, 37.72885769334439], [30.24188875838965, 37.72885769334439], [30.24188875838965, 37.728318704173915], [30.24242774756013, 37.728318704173915], [30.24242774756013, 37.72777971500344], [30.24188875838965, 37.72777971500344], [30.24188875838965, 37.7267017366625]]]}, "id": "+390068+85851", "properties": {"area_ha": 6.250116144008438, "count": 22, "label": 1, "mean_dnbr": 0.20298340653217806}}, {"type": "Feature", "geometry": {"geodesic": false, "type": "Polygon", "coordinates": [[[30.24242774756013, 37.447505346358156], [30.24404471507154, 37.447505346358156], [30.24404471507154, 37.449122313869566], [30.244583704242018, 37.449122313869566], [30.244583704242018, 37.45020029221051], [30.24404471507154, 37.45020029221051], [30.24404471507154, 37.45073928138098], [30.24350572590106, 37.45073928138098], [30.24350572590106, 37.448583324699094], [30.24188875838965, 37.448583324699094], [30.24188875838965, 37.44804433552862], [30.24242774756013, 37.44804433552862], [30.24242774756013, 37.447505346358156]]]}, "id": "+390070+86369", "properties": {"area_ha": 3.7071354966407903, "count": 13, "label": 1, "mean_dnbr": 0.25776182384835417}}, {"type": "Feature", "geometry": {"geodesic": false, "type": "Polygon", "coordinates": [[[30.246739660923907, 37.05080931689097], [30.248895617605797, 37.05080931689097], [30.248895617605797, 37.05134830606144], [30.249434606776248, 37.05134830606144], [30.249434606776248, 37.051887295231914], [30.248895617605797, 37.051887295231914], [30.248895617605797, 37.05242628440239], [30.248356628435317, 37.05242628440239], [30.248356628435317, 37.051887295231914], [30.246739660923907, 37.051887295231914], [30.246739660923907, 37.05242628440239], [30.242966736730608, 37.05242628440239], [30.242966736730608, 37.051887295231914], [30.24404471507154, 37.051887295231914], [30.24404471507154, 37.05134830606144], [30.246739660923907, 37.05134830606144], [30.246739660923907, 37.05080931689097]]]}, "id": "+390079+87105", "properties": {"area_ha": 6.306783535999034, "count": 22, "label": 1, "mean_dnbr": 0.24152308850655385}}, {"type": "Feature", "geometry": {"geodesic": false, "type": "Polygon", "coordinates": [[[30.249434606776248, 37.431335671244], [30.249973595946727, 37.431335671244], [30.249973595946727, 37.43187466041447], [30.251051574287686, 37.43187466041447], [30.251051574287686, 37.43295263875542], [30.250512585117207, 37.43295263875542], [30.250512585117207, 37.43403061709636], [30.251051574287686, 37.43403061709636], [30.251051574287686, 37.434569606266834], [30.251590563458137, 37.434569606266834], [30.251590563458137, 37.435108595437306], [30.250512585117207, 37.435108595437306], [30.250512585117207, 37.434569606266834], [30.249973595946727, 37.434569606266834], [30.249973595946727, 37.43403061709636], [30.249434606776248, 37.43403061709636], [30.249434606776248, 37.431335671244]]]}, "id": "+390081+86399", "properties": {"area_ha": 4.278355260826164, "count": 15, "label": 1, "mean_dnbr": 0.2540972275794643}}, {"type": "Feature", "geometry": {"geodesic": false, "type": "Polygon", "coordinates": [[[30.250512585117207, 37.730474660855805], [30.251590563458137, 37.730474660855805], [30.251590563458137, 37.73155263919674], [30.251051574287686, 37.73155263919674], [30.251051574287686, 37.732091628367215], [30.250512585117207, 37.732091628367215], [30.250512585117207, 37.73316960670816], [30.249973595946727, 37.73316960670816], [30.249973595946727, 37.73370859587863], [30.249434606776248, 37.73370859587863], [30.249434606776248, 37.734247585049104], [30.251051574287686, 37.734247585049104], [30.251051574287686, 37.73478657421958], [30.249973595946727, 37.73478657421958], [30.249973595946727, 37.73532556339005], [30.248895617605797, 37.73532556339005], [30.248895617605797, 37.73478657421958], [30.249434606776248, 37.73478657421958], [30.249434606776248, 37.734247585049104], [30.248356628435317, 37.734247585049104], [30.248356628435317, 37.73478657421958], [30.24727865009436, 37.73478657421958], [30.24727865009436, 37.73532556339005], [30.246739660923907, 37.73532556339005], [30.246739660923907, 37.73478657421958], [30.24727865009436, 37.73478657421958], [30.24727865009436, 37.734247585049104], [30.24512269341247, 37.734247585049104], [30.24512269341247, 37.73478657421958], [30.24566168258295, 37.73478657421958], [30.24566168258295, 37.73586455256052], [30.244583704242018, 37.73586455256052], [30.244583704242018, 37.73532556339005], [30.24404471507154, 37.73532556339005], [30.24404471507154, 37.73478657421958], [30.242966736730608, 37.73478657421958], [30.242966736730608, 37.73370859587863], [30.24242774756013, 37.73370859587863], [30.24242774756013, 37.73316960670816], [30.24188875838965, 37.73316960670816], [30.24188875838965, 37.73263061753769], [30.24242774756013, 37.73263061753769], [30.24242774756013, 37.732091628367215], [30.24188875838965, 37.732091628367215], [30.24188875838965, 37.730474660855805], [30.242966736730608, 37.730474660855805], [30.242966736730608, 37.73101365002628], [30.24350572590106, 37.73101365002628], [30.24350572590106, 37.73155263919674], [30.24512269341247, 37.73155263919674], [30.24512269341247, 37.73101365002628], [30.24566168258295, 37.73101365002628], [30.24566168258295, 37.73155263919674], [30.24512269341247, 37.73155263919674], [30.24512269341247, 37.73263061753769], [30.24404471507154, 37.73263061753769], [30.24404471507154, 37.73316960670816], [30.24350572590106, 37.73316960670816], [30.24350572590106, 37.73370859587863], [30.24404471507154, 37.73370859587863], [30.24404471507154, 37.734247585049104], [30.24512269341247, 37.734247585049104], [30.24512269341247, 37.73316960670816], [30.24566168258295, 37.73316960670816], [30.24566168258295, 37.73263061753769], [30.246200671753428, 37.73263061753769], [30.246200671753428, 37.73316960670816], [30.24727865009436, 37.73316960670816], [30.24727865009436, 37.734247585049104], [30.248356628435317, 37.734247585049104], [30.248356628435317, 37.73370859587863], [30.247817639264838, 37.73370859587863], [30.247817639264838, 37.73263061753769], [30.248356628435317, 37.73263061753769], [30.248356628435317, 37.732091628367215], [30.250512585117207, 37.732091628367215], [30.250512585117207, 37.730474660855805]]]}, "id": "+390084+85844", "properties": {"area_ha": 20.169460048261275, "count": 71, "label": 1, "mean_dnbr": 0.2019850650329589}}, {"type": "Feature", "geometry": {"geodesic": false, "type": "Polygon", "coordinates": [[[30.252129552628617, 37.193102457895506], [30.252668541799096, 37.193102457895506], [30.252668541799096, 37.19364144706598], [30.252129552628617, 37.19364144706598], [30.252129552628617, 37.19471942540692], [30.252668541799096, 37.19471942540692], [30.252668541799096, 37.19525841457739], [30.252129552628617, 37.19525841457739], [30.252129552628617, 37.196875382088805], [30.251051574287686, 37.196875382088805], [30.251051574287686, 37.19795336042975], [30.250512585117207, 37.19795336042975], [30.250512585117207, 37.19633639291833], [30.251051574287686, 37.19633639291833], [30.251051574287686, 37.19364144706598], [30.252129552628617, 37.19364144706598], [30.252129552628617, 37.193102457895506]]]}, "id": "+390086+86841", "properties": {"area_ha": 4.864162884128144, "count": 17, "label": 1, "mean_dnbr": 0.25870761457942826}}, {"type": "Feature", "geometry": {"geodesic": false, "type": "Polygon", "coordinates": [[[30.253207530969547, 37.73101365002628], [30.253746520140027, 37.73101365002628], [30.253746520140027, 37.73155263919674], [30.254824498480986, 37.73155263919674], [30.254824498480986, 37.732091628367215], [30.253746520140027, 37.732091628367215], [30.253746520140027, 37.73263061753769], [30.253207530969547, 37.73263061753769], [30.253207530969547, 37.73316960670816], [30.252668541799096, 37.73316960670816], [30.252668541799096, 37.73370859587863], [30.254824498480986, 37.73370859587863], [30.254824498480986, 37.73316960670816], [30.255363487651437, 37.73316960670816], [30.255363487651437, 37.73370859587863], [30.254824498480986, 37.73370859587863], [30.254824498480986, 37.734247585049104], [30.254285509310506, 37.734247585049104], [30.254285509310506, 37.73478657421958], [30.253746520140027, 37.73478657421958], [30.253746520140027, 37.73532556339005], [30.253207530969547, 37.73532556339005], [30.253207530969547, 37.73586455256052], [30.252129552628617, 37.73586455256052], [30.252129552628617, 37.73640354173099], [30.251590563458137, 37.73640354173099], [30.251590563458137, 37.73478657421958], [30.252129552628617, 37.73478657421958], [30.252129552628617, 37.734247585049104], [30.252668541799096, 37.734247585049104], [30.252668541799096, 37.73370859587863], [30.252129552628617, 37.73370859587863], [30.252129552628617, 37.73316960670816], [30.252668541799096, 37.73316960670816], [30.252668541799096, 37.73155263919674], [30.253207530969547, 37.73155263919674], [30.253207530969547, 37.73101365002628]]]}, "id": "+390088+85843", "properties": {"area_ha": 7.385922648503867, "count": 26, "label": 1, "mean_dnbr": 0.22562124170974251}}, {"type": "Feature", "geometry": {"geodesic": false, "type": "Polygon", "coordinates": [[[30.253746520140027, 37.72346780163967], [30.254285509310506, 37.72346780163967], [30.254285509310506, 37.724545779980616], [30.253746520140027, 37.724545779980616], [30.253746520140027, 37.72508476915109], [30.250512585117207, 37.72508476915109], [30.250512585117207, 37.725623758321554], [30.249434606776248, 37.725623758321554], [30.249434606776248, 37.726162747492026], [30.247817639264838, 37.726162747492026], [30.247817639264838, 37.72508476915109], [30.248356628435317, 37.72508476915109], [30.248356628435317, 37.724545779980616], [30.247817639264838, 37.724545779980616], [30.247817639264838, 37.724006790810144], [30.248895617605797, 37.724006790810144], [30.248895617605797, 37.724545779980616], [30.249434606776248, 37.724545779980616], [30.249434606776248, 37.724006790810144], [30.249973595946727, 37.724006790810144], [30.249973595946727, 37.724545779980616], [30.251051574287686, 37.724545779980616], [30.251051574287686, 37.724006790810144], [30.253746520140027, 37.724006790810144], [30.253746520140027, 37.72346780163967]]]}, "id": "+390089+85857", "properties": {"area_ha": 7.955059329514229, "count": 28, "label": 1, "mean_dnbr": 0.21522688484122082}}, {"type": "Feature", "geometry": {"geodesic": false, "type": "Polygon", "coordinates": [[[30.253746520140027, 37.63884650187561], [30.254285509310506, 37.63884650187561], [30.254285509310506, 37.639385491046085], [30.254824498480986, 37.639385491046085], [30.254824498480986, 37.63992448021656], [30.256441465992395, 37.63992448021656], [30.256441465992395, 37.641002458557494], [30.255902476821916, 37.641002458557494], [30.255902476821916, 37.64154144772797], [30.255363487651437, 37.64154144772797], [30.255363487651437, 37.641002458557494], [30.254824498480986, 37.641002458557494], [30.254824498480986, 37.64046346938703], [30.253746520140027, 37.64046346938703], [30.253746520140027, 37.63884650187561]]]}, "id": "+390089+86014", "properties": {"area_ha": 3.4131936142430175, "count": 12, "label": 1, "mean_dnbr": 0.31897721343039126}}, {"type": "Feature", "geometry": {"geodesic": false, "type": "Polygon", "coordinates": [[[30.253746520140027, 37.221668883930505], [30.254285509310506, 37.221668883930505], [30.254285509310506, 37.22274686227145], [30.254824498480986, 37.22274686227145], [30.254824498480986, 37.22328585144192], [30.256980455162875, 37.22328585144192], [30.256980455162875, 37.223824840612394], [30.255363487651437, 37.223824840612394], [30.255363487651437, 37.22436382978287], [30.254824498480986, 37.22436382978287], [30.254824498480986, 37.22490281895334], [30.254285509310506, 37.22490281895334], [30.254285509310506, 37.225441808123804], [30.253746520140027, 37.225441808123804], [30.253746520140027, 37.22490281895334], [30.251590563458137, 37.22490281895334], [30.251590563458137, 37.223824840612394], [30.252129552628617, 37.223824840612394], [30.252129552628617, 37.22436382978287], [30.254285509310506, 37.22436382978287], [30.254285509310506, 37.223824840612394], [30.253746520140027, 37.223824840612394], [30.253746520140027, 37.221668883930505]]]}, "id": "+390089+86788", "properties": {"area_ha": 5.7203881775404914, "count": 20, "label": 1, "mean_dnbr": 0.20794493628127503}}, {"type": "Feature", "geometry": {"geodesic": false, "type": "Polygon", "coordinates": [[[30.250512585117207, 37.058355165277575], [30.254285509310506, 37.058355165277575], [30.254285509310506, 37.05889415444805], [30.253746520140027, 37.05889415444805], [30.253746520140027, 37.05943314361852], [30.251051574287686, 37.05943314361852], [30.251051574287686, 37.05889415444805], [30.250512585117207, 37.05889415444805], [30.250512585117207, 37.058355165277575]]]}, "id": "+390089+87091", "properties": {"area_ha": 3.4397067726949206, "count": 12, "label": 1, "mean_dnbr": 0.334790188382234}}, {"type": "Feature", "geometry": {"geodesic": false, "type": "Polygon", "coordinates": [[[30.253207530969547, 36.9435504719671], [30.254285509310506, 36.9435504719671], [30.254285509310506, 36.94408946113757], [30.254824498480986, 36.94408946113757], [30.254824498480986, 36.944628450308045], [30.255363487651437, 36.944628450308045], [30.255363487651437, 36.94624541781946], [30.255902476821916, 36.94624541781946], [30.255902476821916, 36.94732339616041], [30.255363487651437, 36.94732339616041], [30.255363487651437, 36.94786238533087], [30.254285509310506, 36.94786238533087], [30.254285509310506, 36.94947935284229], [30.253746520140027, 36.94947935284229], [30.253746520140027, 36.948401374501344], [30.252129552628617, 36.948401374501344], [30.252129552628617, 36.94947935284229], [30.251590563458137, 36.94947935284229], [30.251590563458137, 36.95217429869465], [30.252668541799096, 36.95217429869465], [30.252668541799096, 36.95271328786512], [30.251590563458137, 36.95271328786512], [30.251590563458137, 36.95217429869465], [30.251051574287686, 36.95217429869465], [30.251051574287686, 36.95271328786512], [30.249973595946727, 36.95271328786512], [30.249973595946727, 36.95217429869465], [30.251051574287686, 36.95217429869465], [30.251051574287686, 36.951096320353706], [30.250512585117207, 36.951096320353706], [30.250512585117207, 36.950557331183234], [30.251051574287686, 36.950557331183234], [30.251051574287686, 36.95001834201276], [30.249434606776248, 36.95001834201276], [30.249434606776248, 36.94947935284229], [30.249973595946727, 36.94947935284229], [30.249973595946727, 36.94894036367182], [30.251590563458137, 36.94894036367182], [30.251590563458137, 36.948401374501344], [30.252129552628617, 36.948401374501344], [30.252129552628617, 36.94786238533087], [30.254285509310506, 36.94786238533087], [30.254285509310506, 36.94624541781946], [30.253746520140027, 36.94624541781946], [30.253746520140027, 36.944628450308045], [30.254285509310506, 36.944628450308045], [30.254285509310506, 36.94408946113757], [30.253207530969547, 36.94408946113757], [30.253207530969547, 36.9435504719671]]]}, "id": "+390089+87304", "properties": {"area_ha": 12.630725803092272, "count": 44, "label": 1, "mean_dnbr": 0.17105917721599137}}, {"type": "Feature", "geometry": {"geodesic": false, "type": "Polygon", "coordinates": [[[30.254285509310506, 36.93330967772814], [30.254824498480986, 36.93330967772814], [30.254824498480986, 36.934387656069084], [30.255902476821916, 36.934387656069084], [30.255902476821916, 36.93492664523956], [30.256441465992395, 36.93492664523956], [30.256441465992395, 36.936004623580494], [30.255902476821916, 36.936004623580494], [30.255902476821916, 36.93654361275097], [30.255363487651437, 36.93654361275097], [30.255363487651437, 36.93708260192144], [30.253746520140027, 36.93708260192144], [30.253746520140027, 36.93546563441003], [30.254285509310506, 36.93546563441003], [30.254285509310506, 36.93492664523956], [30.253746520140027, 36.93492664523956], [30.253746520140027, 36.93384866689861], [30.254285509310506, 36.93384866689861], [30.254285509310506, 36.93330967772814]]]}, "id": "+390090+87323", "properties": {"area_ha": 6.6035250328204365, "count": 23, "label": 1, "mean_dnbr": 0.27967111187349963}}, {"type": "Feature", "geometry": {"geodesic": false, "type": "Polygon", "coordinates": [[[30.252668541799096, 37.211428089691545], [30.255902476821916, 37.211428089691545], [30.255902476821916, 37.21196707886202], [30.255363487651437, 37.21196707886202], [30.255363487651437, 37.21250606803249], [30.254824498480986, 37.21250606803249], [30.254824498480986, 37.213045057202955], [30.253746520140027, 37.213045057202955], [30.253746520140027, 37.21196707886202], [30.252668541799096, 37.21196707886202], [30.252668541799096, 37.211428089691545]]]}, "id": "+390092+86807", "properties": {"area_ha": 3.1466869532991004, "count": 11, "label": 1, "mean_dnbr": 0.2628841731503443}}, {"type": "Feature", "geometry": {"geodesic": false, "type": "Polygon", "coordinates": [[[30.255902476821916, 37.742871411776655], [30.256441465992395, 37.742871411776655], [30.256441465992395, 37.74341040094713], [30.256980455162875, 37.74341040094713], [30.256980455162875, 37.744488379288065], [30.256441465992395, 37.744488379288065], [30.256441465992395, 37.74502736845854], [30.255363487651437, 37.74502736845854], [30.255363487651437, 37.74556635762901], [30.254285509310506, 37.74556635762901], [30.254285509310506, 37.74610534679948], [30.253746520140027, 37.74610534679948], [30.253746520140027, 37.74556635762901], [30.253207530969547, 37.74556635762901], [30.253207530969547, 37.74610534679948], [30.252668541799096, 37.74610534679948], [30.252668541799096, 37.74502736845854], [30.253207530969547, 37.74502736845854], [30.253207530969547, 37.744488379288065], [30.253746520140027, 37.744488379288065], [30.253746520140027, 37.74556635762901], [30.254285509310506, 37.74556635762901], [30.254285509310506, 37.74502736845854], [30.254824498480986, 37.74502736845854], [30.254824498480986, 37.744488379288065], [30.254285509310506, 37.744488379288065], [30.254285509310506, 37.74394939011759], [30.254824498480986, 37.74394939011759], [30.254824498480986, 37.74341040094713], [30.255902476821916, 37.74341040094713], [30.255902476821916, 37.742871411776655]], [[30.255902476821916, 37.74394939011759], [30.255902476821916, 37.744488379288065], [30.255363487651437, 37.744488379288065], [30.255363487651437, 37.74394939011759], [30.255902476821916, 37.74394939011759]], [[30.256441465992395, 37.74341040094713], [30.256441465992395, 37.74394939011759], [30.255902476821916, 37.74394939011759], [30.255902476821916, 37.74341040094713], [30.256441465992395, 37.74341040094713]]]}, "id": "+390093+85821", "properties": {"area_ha": 5.112592946418132, "count": 18, "label": 1, "mean_dnbr": 0.2195855568637715}}, {"type": "Feature", "geometry": {"geodesic": false, "type": "Polygon", "coordinates": [[[30.255902476821916, 37.75580715186797], [30.256980455162875, 37.75580715186797], [30.256980455162875, 37.75634614103844], [30.255902476821916, 37.75634614103844], [30.255902476821916, 37.756885130208914], [30.254285509310506, 37.756885130208914], [30.254285509310506, 37.75742411937939], [30.255363487651437, 37.75742411937939], [30.255363487651437, 37.75850209772033], [30.254285509310506, 37.75850209772033], [30.254285509310506, 37.75742411937939], [30.253207530969547, 37.75742411937939], [30.253207530969547, 37.756885130208914], [30.254285509310506, 37.756885130208914], [30.254285509310506, 37.75634614103844], [30.255902476821916, 37.75634614103844], [30.255902476821916, 37.75580715186797]]]}, "id": "+390094+85797", "properties": {"area_ha": 3.123834321624929, "count": 11, "label": 1, "mean_dnbr": 0.19076911034761954}}, {"type": "Feature", "geometry": {"geodesic": false, "type": "Polygon", "coordinates": [[[30.257519444333326, 37.7380205092424], [30.258597422674285, 37.7380205092424], [30.258597422674285, 37.73909848758335], [30.259136411844736, 37.73909848758335], [30.259136411844736, 37.73963747675382], [30.258597422674285, 37.73963747675382], [30.258597422674285, 37.74017646592429], [30.258058433503805, 37.74017646592429], [30.258058433503805, 37.740715455094765], [30.257519444333326, 37.740715455094765], [30.257519444333326, 37.74017646592429], [30.258058433503805, 37.74017646592429], [30.258058433503805, 37.73909848758335], [30.256980455162875, 37.73909848758335], [30.256980455162875, 37.73963747675382], [30.255902476821916, 37.73963747675382], [30.255902476821916, 37.73909848758335], [30.256980455162875, 37.73909848758335], [30.256980455162875, 37.738559498412876], [30.257519444333326, 37.738559498412876], [30.257519444333326, 37.7380205092424]]]}, "id": "+390097+85830", "properties": {"area_ha": 3.1245914280180704, "count": 11, "label": 1, "mean_dnbr": 0.18512749479650484}}, {"type": "Feature", "geometry": {"geodesic": false, "type": "Polygon", "coordinates": [[[30.258058433503805, 37.22328585144192], [30.258597422674285, 37.22328585144192], [30.258597422674285, 37.223824840612394], [30.261292368526625, 37.223824840612394], [30.261292368526625, 37.22436382978287], [30.260214390185695, 37.22436382978287], [30.260214390185695, 37.22490281895334], [30.259675401015215, 37.22490281895334], [30.259675401015215, 37.22598079729428], [30.258058433503805, 37.22598079729428], [30.258058433503805, 37.225441808123804], [30.256980455162875, 37.225441808123804], [30.256980455162875, 37.22436382978287], [30.257519444333326, 37.22436382978287], [30.257519444333326, 37.223824840612394], [30.258058433503805, 37.223824840612394], [30.258058433503805, 37.22328585144192]]]}, "id": "+390097+86785", "properties": {"area_ha": 6.292353002933837, "count": 22, "label": 1, "mean_dnbr": 0.192283883351839}}, {"type": "Feature", "geometry": {"geodesic": false, "type": "Polygon", "coordinates": [[[30.256980455162875, 37.20388224130494], [30.259136411844736, 37.20388224130494], [30.259136411844736, 37.20496021964588], [30.257519444333326, 37.20496021964588], [30.257519444333326, 37.207116176327766], [30.256980455162875, 37.207116176327766], [30.256980455162875, 37.205499208816356], [30.256441465992395, 37.205499208816356], [30.256441465992395, 37.20496021964588], [30.256980455162875, 37.20496021964588], [30.256980455162875, 37.20388224130494]]]}, "id": "+390098+86821", "properties": {"area_ha": 3.7191811645699127, "count": 13, "label": 1, "mean_dnbr": 0.21598093402844182}}, {"type": "Feature", "geometry": {"geodesic": false, "type": "Polygon", "coordinates": [[[30.260753379356174, 37.2389165373856], [30.261292368526625, 37.2389165373856], [30.261292368526625, 37.23945552655607], [30.260753379356174, 37.23945552655607], [30.260753379356174, 37.23999451572654], [30.261292368526625, 37.23999451572654], [30.261292368526625, 37.24161148323796], [30.260753379356174, 37.24161148323796], [30.260753379356174, 37.24215047240843], [30.260214390185695, 37.24215047240843], [30.260214390185695, 37.242689461578905], [30.259136411844736, 37.242689461578905], [30.259136411844736, 37.24161148323796], [30.259675401015215, 37.24161148323796], [30.259675401015215, 37.24107249406749], [30.260214390185695, 37.24107249406749], [30.260214390185695, 37.23945552655607], [30.260753379356174, 37.23945552655607], [30.260753379356174, 37.2389165373856]]]}, "id": "+390102+86756", "properties": {"area_ha": 4.003358621133588, "count": 14, "label": 1, "mean_dnbr": 0.2784146500149978}}, {"type": "Feature", "geometry": {"geodesic": false, "type": "Polygon", "coordinates": [[[30.261831357697105, 37.738559498412876], [30.262909336038064, 37.738559498412876], [30.262909336038064, 37.73909848758335], [30.263448325208515, 37.73909848758335], [30.263448325208515, 37.73963747675382], [30.263987314378994, 37.73963747675382], [30.263987314378994, 37.74125444426524], [30.264526303549474, 37.74125444426524], [30.264526303549474, 37.74179343343571], [30.263448325208515, 37.74179343343571], [30.263448325208515, 37.74233242260618], [30.263987314378994, 37.74233242260618], [30.263987314378994, 37.742871411776655], [30.263448325208515, 37.742871411776655], [30.263448325208515, 37.74233242260618], [30.262909336038064, 37.74233242260618], [30.262909336038064, 37.742871411776655], [30.261292368526625, 37.742871411776655], [30.261292368526625, 37.744488379288065], [30.261831357697105, 37.744488379288065], [30.261831357697105, 37.74502736845854], [30.262909336038064, 37.74502736845854], [30.262909336038064, 37.74556635762901], [30.263448325208515, 37.74556635762901], [30.263448325208515, 37.746644335969954], [30.263987314378994, 37.746644335969954], [30.263987314378994, 37.74610534679948], [30.265065292719925, 37.74610534679948], [30.265065292719925, 37.746644335969954], [30.265604281890404, 37.746644335969954], [30.265604281890404, 37.747183325140426], [30.266682260231363, 37.747183325140426], [30.266682260231363, 37.74826130348137], [30.265065292719925, 37.74826130348137], [30.265065292719925, 37.747183325140426], [30.262370346867584, 37.747183325140426], [30.262370346867584, 37.7477223143109], [30.261831357697105, 37.7477223143109], [30.261831357697105, 37.74826130348137], [30.261292368526625, 37.74826130348137], [30.261292368526625, 37.749339281822316], [30.260214390185695, 37.749339281822316], [30.260214390185695, 37.74987827099278], [30.259136411844736, 37.74987827099278], [30.259136411844736, 37.749339281822316], [30.258058433503805, 37.749339281822316], [30.258058433503805, 37.74987827099278], [30.258597422674285, 37.74987827099278], [30.258597422674285, 37.75041726016325], [30.261292368526625, 37.75041726016325], [30.261292368526625, 37.7514952385042], [30.260753379356174, 37.7514952385042], [30.260753379356174, 37.753112206015615], [30.260214390185695, 37.753112206015615], [30.260214390185695, 37.75257321684514], [30.259675401015215, 37.75257321684514], [30.259675401015215, 37.75365119518609], [30.260214390185695, 37.75365119518609], [30.260214390185695, 37.75419018435656], [30.259136411844736, 37.75419018435656], [30.259136411844736, 37.75257321684514], [30.255363487651437, 37.75257321684514], [30.255363487651437, 37.75365119518609], [30.255902476821916, 37.75365119518609], [30.255902476821916, 37.753112206015615], [30.258058433503805, 37.753112206015615], [30.258058433503805, 37.75365119518609], [30.257519444333326, 37.75365119518609], [30.257519444333326, 37.75419018435656], [30.254285509310506, 37.75419018435656], [30.254285509310506, 37.75472917352703], [30.253746520140027, 37.75472917352703], [30.253746520140027, 37.75419018435656], [30.252668541799096, 37.75419018435656], [30.252668541799096, 37.75472917352703], [30.251051574287686, 37.75472917352703], [30.251051574287686, 37.75365119518609], [30.253207530969547, 37.75365119518609], [30.253207530969547, 37.75257321684514], [30.254285509310506, 37.75257321684514], [30.254285509310506, 37.75203422767467], [30.258597422674285, 37.75203422767467], [30.258597422674285, 37.7514952385042], [30.255363487651437, 37.7514952385042], [30.255363487651437, 37.750956249333726], [30.258058433503805, 37.750956249333726], [30.258058433503805, 37.74987827099278], [30.255902476821916, 37.74987827099278], [30.255902476821916, 37.75041726016325], [30.255363487651437, 37.75041726016325], [30.255363487651437, 37.74987827099278], [30.254285509310506, 37.74987827099278], [30.254285509310506, 37.75041726016325], [30.253746520140027, 37.75041726016325], [30.253746520140027, 37.750956249333726], [30.252668541799096, 37.750956249333726], [30.252668541799096, 37.75041726016325], [30.251051574287686, 37.75041726016325], [30.251051574287686, 37.750956249333726], [30.249973595946727, 37.750956249333726], [30.249973595946727, 37.75041726016325], [30.249434606776248, 37.75041726016325], [30.249434606776248, 37.749339281822316], [30.250512585117207, 37.749339281822316], [30.250512585117207, 37.74987827099278], [30.252668541799096, 37.74987827099278], [30.252668541799096, 37.749339281822316], [30.257519444333326, 37.749339281822316], [30.257519444333326, 37.74826130348137], [30.256980455162875, 37.74826130348137], [30.256980455162875, 37.74880029265184], [30.255902476821916, 37.74880029265184], [30.255902476821916, 37.74826130348137], [30.255363487651437, 37.74826130348137], [30.255363487651437, 37.746644335969954], [30.257519444333326, 37.746644335969954], [30.257519444333326, 37.74556635762901], [30.258058433503805, 37.74556635762901], [30.258058433503805, 37.74502736845854], [30.259675401015215, 37.74502736845854], [30.259675401015215, 37.746644335969954], [30.258597422674285, 37.746644335969954], [30.258597422674285, 37.747183325140426], [30.262370346867584, 37.747183325140426], [30.262370346867584, 37.74610534679948], [30.260753379356174, 37.74610534679948], [30.260753379356174, 37.74556635762901], [30.260214390185695, 37.74556635762901], [30.260214390185695, 37.74502736845854], [30.260753379356174, 37.74502736845854], [30.260753379356174, 37.744488379288065], [30.260214390185695, 37.744488379288065], [30.260214390185695, 37.74394939011759], [30.259675401015215, 37.74394939011759], [30.259675401015215, 37.74341040094713], [30.259136411844736, 37.74341040094713], [30.259136411844736, 37.744488379288065], [30.258058433503805, 37.744488379288065], [30.258058433503805, 37.742871411776655], [30.257519444333326, 37.742871411776655], [30.257519444333326, 37.74233242260618], [30.256980455162875, 37.74233242260618], [30.256980455162875, 37.74179343343571], [30.258597422674285, 37.74179343343571], [30.258597422674285, 37.74233242260618], [30.259136411844736, 37.74233242260618], [30.259136411844736, 37.74179343343571], [30.259675401015215, 37.74179343343571], [30.259675401015215, 37.74125444426524], [30.260214390185695, 37.74125444426524], [30.260214390185695, 37.740715455094765], [30.261292368526625, 37.740715455094765], [30.261292368526625, 37.74017646592429], [30.261831357697105, 37.74017646592429], [30.261831357697105, 37.740715455094765], [30.262370346867584, 37.740715455094765], [30.262370346867584, 37.73963747675382], [30.261831357697105, 37.73963747675382], [30.261831357697105, 37.738559498412876]], [[30.256980455162875, 37.7477223143109], [30.256980455162875, 37.74826130348137], [30.256441465992395, 37.74826130348137], [30.256441465992395, 37.7477223143109], [30.256980455162875, 37.7477223143109]]]}, "id": "+390105+85829", "properties": {"area_ha": 69.58516936848656, "count": 245, "label": 1, "mean_dnbr": 0.2523469157500608}}, {"type": "Feature", "geometry": {"geodesic": false, "type": "Polygon", "coordinates": [[[30.262909336038064, 37.75257321684514], [30.263448325208515, 37.75257321684514], [30.263448325208515, 37.753112206015615], [30.263987314378994, 37.753112206015615], [30.263987314378994, 37.75742411937939], [30.263448325208515, 37.75742411937939], [30.263448325208515, 37.759041086890804], [30.264526303549474, 37.759041086890804], [30.264526303549474, 37.75796310854986], [30.265065292719925, 37.75796310854986], [30.265065292719925, 37.756885130208914], [30.265604281890404, 37.756885130208914], [30.265604281890404, 37.75634614103844], [30.266143271060884, 37.75634614103844], [30.266143271060884, 37.756885130208914], [30.266682260231363, 37.756885130208914], [30.266682260231363, 37.75796310854986], [30.266143271060884, 37.75796310854986], [30.266143271060884, 37.75850209772033], [30.266682260231363, 37.75850209772033], [30.266682260231363, 37.759041086890804], [30.266143271060884, 37.759041086890804], [30.266143271060884, 37.76011906523175], [30.266682260231363, 37.76011906523175], [30.266682260231363, 37.759580076061276], [30.267221249401814, 37.759580076061276], [30.267221249401814, 37.75742411937939], [30.267760238572293, 37.75742411937939], [30.267760238572293, 37.756885130208914], [30.268838216913252, 37.756885130208914], [30.268838216913252, 37.75850209772033], [30.267760238572293, 37.75850209772033], [30.267760238572293, 37.759041086890804], [30.268299227742773, 37.759041086890804], [30.268299227742773, 37.76065805440222], [30.267760238572293, 37.76065805440222], [30.267760238572293, 37.76119704357269], [30.267221249401814, 37.76119704357269], [30.267221249401814, 37.76065805440222], [30.266682260231363, 37.76065805440222], [30.266682260231363, 37.76119704357269], [30.266143271060884, 37.76119704357269], [30.266143271060884, 37.76227502191363], [30.265604281890404, 37.76227502191363], [30.265604281890404, 37.763353000254575], [30.267221249401814, 37.763353000254575], [30.267221249401814, 37.76389198942505], [30.267760238572293, 37.76389198942505], [30.267760238572293, 37.76443097859552], [30.268299227742773, 37.76443097859552], [30.268299227742773, 37.765508956936465], [30.265604281890404, 37.765508956936465], [30.265604281890404, 37.76496996776599], [30.264526303549474, 37.76496996776599], [30.264526303549474, 37.76389198942505], [30.265065292719925, 37.76389198942505], [30.265065292719925, 37.7628140110841], [30.264526303549474, 37.7628140110841], [30.264526303549474, 37.763353000254575], [30.263987314378994, 37.763353000254575], [30.263987314378994, 37.76443097859552], [30.262370346867584, 37.76443097859552], [30.262370346867584, 37.76227502191363], [30.261831357697105, 37.76227502191363], [30.261831357697105, 37.76173603274316], [30.261292368526625, 37.76173603274316], [30.261292368526625, 37.76119704357269], [30.259675401015215, 37.76119704357269], [30.259675401015215, 37.76065805440222], [30.258597422674285, 37.76065805440222], [30.258597422674285, 37.76011906523175], [30.258058433503805, 37.76011906523175], [30.258058433503805, 37.76065805440222], [30.257519444333326, 37.76065805440222], [30.257519444333326, 37.76119704357269], [30.256441465992395, 37.76119704357269], [30.256441465992395, 37.76065805440222], [30.255902476821916, 37.76065805440222], [30.255902476821916, 37.759580076061276], [30.256980455162875, 37.759580076061276], [30.256980455162875, 37.759041086890804], [30.256441465992395, 37.759041086890804], [30.256441465992395, 37.75850209772033], [30.256980455162875, 37.75850209772033], [30.256980455162875, 37.75796310854986], [30.257519444333326, 37.75796310854986], [30.257519444333326, 37.756885130208914], [30.258058433503805, 37.756885130208914], [30.258058433503805, 37.75634614103844], [30.259136411844736, 37.75634614103844], [30.259136411844736, 37.756885130208914], [30.258597422674285, 37.756885130208914], [30.258597422674285, 37.75796310854986], [30.259136411844736, 37.75796310854986], [30.259136411844736, 37.75742411937939], [30.259675401015215, 37.75742411937939], [30.259675401015215, 37.756885130208914], [30.260214390185695, 37.756885130208914], [30.260214390185695, 37.75634614103844], [30.259675401015215, 37.75634614103844], [30.259675401015215, 37.75580715186797], [30.259136411844736, 37.75580715186797], [30.259136411844736, 37.755268162697504], [30.259675401015215, 37.755268162697504], [30.259675401015215, 37.75472917352703], [30.260214390185695, 37.75472917352703], [30.260214390185695, 37.755268162697504], [30.259675401015215, 37.755268162697504], [30.259675401015215, 37.75580715186797], [30.260214390185695, 37.75580715186797], [30.260214390185695, 37.75634614103844], [30.262909336038064, 37.75634614103844], [30.262909336038064, 37.756885130208914], [30.263448325208515, 37.756885130208914], [30.263448325208515, 37.75580715186797], [30.261831357697105, 37.75580715186797], [30.261831357697105, 37.755268162697504], [30.261292368526625, 37.755268162697504], [30.261292368526625, 37.75419018435656], [30.263448325208515, 37.75419018435656], [30.263448325208515, 37.75365119518609], [30.262909336038064, 37.75365119518609], [30.262909336038064, 37.75257321684514]], [[30.266143271060884, 37.76011906523175], [30.266143271060884, 37.76065805440222], [30.265604281890404, 37.76065805440222], [30.265604281890404, 37.76011906523175], [30.266143271060884, 37.76011906523175]], [[30.262370346867584, 37.759580076061276], [30.262370346867584, 37.76011906523175], [30.261831357697105, 37.76011906523175], [30.261831357697105, 37.759580076061276], [30.262370346867584, 37.759580076061276]], [[30.263987314378994, 37.759580076061276], [30.263987314378994, 37.76065805440222], [30.262909336038064, 37.76065805440222], [30.262909336038064, 37.76011906523175], [30.263448325208515, 37.76011906523175], [30.263448325208515, 37.759580076061276], [30.263987314378994, 37.759580076061276]], [[30.263448325208515, 37.759041086890804], [30.263448325208515, 37.759580076061276], [30.262909336038064, 37.759580076061276], [30.262909336038064, 37.759041086890804], [30.263448325208515, 37.759041086890804]]]}, "id": "+390106+85803", "properties": {"area_ha": 64.46240101220285, "count": 227, "label": 1, "mean_dnbr": 0.2659220233156136}}, {"type": "Feature", "geometry": {"geodesic": false, "type": "Polygon", "coordinates": [[[30.264526303549474, 37.46205805396089], [30.265604281890404, 37.46205805396089], [30.265604281890404, 37.46259704313136], [30.264526303549474, 37.46259704313136], [30.264526303549474, 37.463675021472305], [30.263987314378994, 37.463675021472305], [30.263987314378994, 37.46421401064278], [30.263448325208515, 37.46421401064278], [30.263448325208515, 37.46529198898372], [30.263987314378994, 37.46529198898372], [30.263987314378994, 37.465830978154194], [30.263448325208515, 37.465830978154194], [30.263448325208515, 37.46529198898372], [30.262909336038064, 37.46529198898372], [30.262909336038064, 37.46421401064278], [30.262370346867584, 37.46421401064278], [30.262370346867584, 37.46313603230183], [30.262909336038064, 37.46313603230183], [30.262909336038064, 37.46205805396089], [30.263448325208515, 37.46205805396089], [30.263448325208515, 37.46259704313136], [30.264526303549474, 37.46259704313136], [30.264526303549474, 37.46205805396089]]]}, "id": "+390110+86342", "properties": {"area_ha": 4.561731221847965, "count": 16, "label": 1, "mean_dnbr": 0.29573528292059564}}, {"type": "Feature", "geometry": {"geodesic": false, "type": "Polygon", "coordinates": [[[30.266143271060884, 37.72777971500344], [30.266682260231363, 37.72777971500344], [30.266682260231363, 37.72885769334439], [30.266143271060884, 37.72885769334439], [30.266143271060884, 37.72993567168533], [30.265065292719925, 37.72993567168533], [30.265065292719925, 37.730474660855805], [30.264526303549474, 37.730474660855805], [30.264526303549474, 37.72993567168533], [30.263448325208515, 37.72993567168533], [30.263448325208515, 37.72939668251486], [30.262370346867584, 37.72939668251486], [30.262370346867584, 37.72885769334439], [30.262909336038064, 37.72885769334439], [30.262909336038064, 37.728318704173915], [30.262370346867584, 37.728318704173915], [30.262370346867584, 37.72777971500344], [30.262909336038064, 37.72777971500344], [30.262909336038064, 37.728318704173915], [30.263987314378994, 37.728318704173915], [30.263987314378994, 37.72885769334439], [30.264526303549474, 37.72885769334439], [30.264526303549474, 37.728318704173915], [30.265065292719925, 37.728318704173915], [30.265065292719925, 37.72777971500344], [30.265604281890404, 37.72777971500344], [30.265604281890404, 37.728318704173915], [30.266143271060884, 37.728318704173915], [30.266143271060884, 37.72777971500344]]]}, "id": "+390112+85849", "properties": {"area_ha": 6.250042345071792, "count": 22, "label": 1, "mean_dnbr": 0.26787867566041534}}, {"type": "Feature", "geometry": {"geodesic": false, "type": "Polygon", "coordinates": [[[30.266143271060884, 37.62968368597759], [30.267221249401814, 37.62968368597759], [30.267221249401814, 37.63022267514806], [30.266682260231363, 37.63022267514806], [30.266682260231363, 37.630761664318534], [30.267221249401814, 37.630761664318534], [30.267221249401814, 37.63237863182995], [30.268299227742773, 37.63237863182995], [30.268299227742773, 37.633456610170896], [30.267760238572293, 37.633456610170896], [30.267760238572293, 37.63291762100042], [30.267221249401814, 37.63291762100042], [30.267221249401814, 37.63237863182995], [30.266682260231363, 37.63237863182995], [30.266682260231363, 37.63291762100042], [30.266143271060884, 37.63291762100042], [30.266143271060884, 37.63183964265948], [30.266682260231363, 37.63183964265948], [30.266682260231363, 37.630761664318534], [30.265604281890404, 37.630761664318534], [30.265604281890404, 37.63183964265948], [30.265065292719925, 37.63183964265948], [30.265065292719925, 37.630761664318534], [30.265604281890404, 37.630761664318534], [30.265604281890404, 37.63022267514806], [30.266143271060884, 37.63022267514806], [30.266143271060884, 37.62968368597759]]]}, "id": "+390113+86031", "properties": {"area_ha": 3.9825274963283896, "count": 14, "label": 1, "mean_dnbr": 0.26571411133217043}}, {"type": "Feature", "geometry": {"geodesic": false, "type": "Polygon", "coordinates": [[[30.268299227742773, 37.73101365002628], [30.268838216913252, 37.73101365002628], [30.268838216913252, 37.732091628367215], [30.268299227742773, 37.732091628367215], [30.268299227742773, 37.73370859587863], [30.267760238572293, 37.73370859587863], [30.267760238572293, 37.73263061753769], [30.266682260231363, 37.73263061753769], [30.266682260231363, 37.73101365002628], [30.267221249401814, 37.73101365002628], [30.267221249401814, 37.73155263919674], [30.268299227742773, 37.73155263919674], [30.268299227742773, 37.73101365002628]]]}, "id": "+390116+85843", "properties": {"area_ha": 3.124889221982115, "count": 11, "label": 1, "mean_dnbr": 0.20529822318252114}}, {"type": "Feature", "geometry": {"geodesic": false, "type": "Polygon", "coordinates": [[[30.268838216913252, 37.74826130348137], [30.269377206083703, 37.74826130348137], [30.269377206083703, 37.74987827099278], [30.270994173595113, 37.74987827099278], [30.270994173595113, 37.750956249333726], [30.270455184424662, 37.750956249333726], [30.270455184424662, 37.75203422767467], [30.270994173595113, 37.75203422767467], [30.270994173595113, 37.75257321684514], [30.270455184424662, 37.75257321684514], [30.270455184424662, 37.75419018435656], [30.269916195254183, 37.75419018435656], [30.269916195254183, 37.75365119518609], [30.269377206083703, 37.75365119518609], [30.269377206083703, 37.755268162697504], [30.268838216913252, 37.755268162697504], [30.268838216913252, 37.75634614103844], [30.267760238572293, 37.75634614103844], [30.267760238572293, 37.75257321684514], [30.267221249401814, 37.75257321684514], [30.267221249401814, 37.750956249333726], [30.267760238572293, 37.750956249333726], [30.267760238572293, 37.75041726016325], [30.267221249401814, 37.75041726016325], [30.267221249401814, 37.74880029265184], [30.268838216913252, 37.74880029265184], [30.268838216913252, 37.74826130348137]]]}, "id": "+390117+85811", "properties": {"area_ha": 18.460286946135813, "count": 65, "label": 1, "mean_dnbr": 0.2997063619203362}}, {"type": "Feature", "geometry": {"geodesic": false, "type": "Polygon", "coordinates": [[[30.268299227742773, 37.73478657421958], [30.269377206083703, 37.73478657421958], [30.269377206083703, 37.73532556339005], [30.270994173595113, 37.73532556339005], [30.270994173595113, 37.73640354173099], [30.269916195254183, 37.73640354173099], [30.269916195254183, 37.73586455256052], [30.268838216913252, 37.73586455256052], [30.268838216913252, 37.73748152007193], [30.267760238572293, 37.73748152007193], [30.267760238572293, 37.73640354173099], [30.267221249401814, 37.73640354173099], [30.267221249401814, 37.73586455256052], [30.268838216913252, 37.73586455256052], [30.268838216913252, 37.73532556339005], [30.268299227742773, 37.73532556339005], [30.268299227742773, 37.73478657421958]]]}, "id": "+390117+85836", "properties": {"area_ha": 4.260981597637206, "count": 15, "label": 1, "mean_dnbr": 0.22730039582578418}}, {"type": "Feature", "geometry": {"geodesic": false, "type": "Polygon", "coordinates": [[[30.269377206083703, 37.62267682676146], [30.269916195254183, 37.62267682676146], [30.269916195254183, 37.6237548051024], [30.269377206083703, 37.6237548051024], [30.269377206083703, 37.62429379427287], [30.268838216913252, 37.62429379427287], [30.268838216913252, 37.624832783443345], [30.268299227742773, 37.624832783443345], [30.268299227742773, 37.62429379427287], [30.266682260231363, 37.62429379427287], [30.266682260231363, 37.62321581593193], [30.267760238572293, 37.62321581593193], [30.267760238572293, 37.62267682676146], [30.268299227742773, 37.62267682676146], [30.268299227742773, 37.62321581593193], [30.269377206083703, 37.62321581593193], [30.269377206083703, 37.62267682676146]]]}, "id": "+390118+86044", "properties": {"area_ha": 3.9829502839906743, "count": 14, "label": 1, "mean_dnbr": 0.3428116457473104}}, {"type": "Feature", "geometry": {"geodesic": false, "type": "Polygon", "coordinates": [[[30.271533162765593, 37.75580715186797], [30.272072151936072, 37.75580715186797], [30.272072151936072, 37.75634614103844], [30.27261114110655, 37.75634614103844], [30.27261114110655, 37.756885130208914], [30.273689119447482, 37.756885130208914], [30.273689119447482, 37.75742411937939], [30.27476709778844, 37.75742411937939], [30.27476709778844, 37.75850209772033], [30.273689119447482, 37.75850209772033], [30.273689119447482, 37.759041086890804], [30.273150130277003, 37.759041086890804], [30.273150130277003, 37.759580076061276], [30.273689119447482, 37.759580076061276], [30.273689119447482, 37.76065805440222], [30.272072151936072, 37.76065805440222], [30.272072151936072, 37.76011906523175], [30.271533162765593, 37.76011906523175], [30.271533162765593, 37.76065805440222], [30.270455184424662, 37.76065805440222], [30.270455184424662, 37.76011906523175], [30.269916195254183, 37.76011906523175], [30.269916195254183, 37.75850209772033], [30.270455184424662, 37.75850209772033], [30.270455184424662, 37.75742411937939], [30.270994173595113, 37.75742411937939], [30.270994173595113, 37.756885130208914], [30.271533162765593, 37.756885130208914], [30.271533162765593, 37.75580715186797]]]}, "id": "+390122+85797", "properties": {"area_ha": 13.914986370098108, "count": 49, "label": 1, "mean_dnbr": 0.2603293249401227}}, {"type": "Feature", "geometry": {"geodesic": false, "type": "Polygon", "coordinates": [[[30.27584507612937, 37.747183325140426], [30.27800103281126, 37.747183325140426], [30.27800103281126, 37.7477223143109], [30.276923054470302, 37.7477223143109], [30.276923054470302, 37.74826130348137], [30.27746204364078, 37.74826130348137], [30.27746204364078, 37.74880029265184], [30.276923054470302, 37.74880029265184], [30.276923054470302, 37.749339281822316], [30.27584507612937, 37.749339281822316], [30.27584507612937, 37.74880029265184], [30.275306086958892, 37.74880029265184], [30.275306086958892, 37.7477223143109], [30.27584507612937, 37.7477223143109], [30.27584507612937, 37.747183325140426]]]}, "id": "+390133+85813", "properties": {"area_ha": 3.692245510992224, "count": 13, "label": 1, "mean_dnbr": 0.19896978205105725}}, {"type": "Feature", "geometry": {"geodesic": false, "type": "Polygon", "coordinates": [[[30.276923054470302, 37.573089823078064], [30.27800103281126, 37.573089823078064], [30.27800103281126, 37.57416780141901], [30.27854002198174, 37.57416780141901], [30.27854002198174, 37.575245779759946], [30.27584507612937, 37.575245779759946], [30.27584507612937, 37.57578476893042], [30.275306086958892, 37.57578476893042], [30.275306086958892, 37.57416780141901], [30.27584507612937, 37.57416780141901], [30.27584507612937, 37.573628812248536], [30.276923054470302, 37.573628812248536], [30.276923054470302, 37.573089823078064]], [[30.27638406529985, 37.57416780141901], [30.27638406529985, 37.574706790589474], [30.27584507612937, 37.574706790589474], [30.27584507612937, 37.57416780141901], [30.27638406529985, 37.57416780141901]]]}, "id": "+390133+86136", "properties": {"area_ha": 5.124336279768916, "count": 18, "label": 1, "mean_dnbr": 0.25894629954973164}}, {"type": "Feature", "geometry": {"geodesic": false, "type": "Polygon", "coordinates": [[[30.27746204364078, 37.67388079795627], [30.27961800032267, 37.67388079795627], [30.27961800032267, 37.674419787126745], [30.27907901115219, 37.674419787126745], [30.27907901115219, 37.67495877629722], [30.27800103281126, 37.67495877629722], [30.27800103281126, 37.67603675463816], [30.276923054470302, 37.67603675463816], [30.276923054470302, 37.67549776546769], [30.27584507612937, 37.67549776546769], [30.27584507612937, 37.67495877629722], [30.276923054470302, 37.67495877629722], [30.276923054470302, 37.674419787126745], [30.27746204364078, 37.674419787126745], [30.27746204364078, 37.67388079795627]]]}, "id": "+390136+85949", "properties": {"area_ha": 3.9802007822557663, "count": 14, "label": 1, "mean_dnbr": 0.2254563236995121}}, {"type": "Feature", "geometry": {"geodesic": false, "type": "Polygon", "coordinates": [[[30.27907901115219, 37.75257321684514], [30.28015698949315, 37.75257321684514], [30.28015698949315, 37.75472917352703], [30.27907901115219, 37.75472917352703], [30.27907901115219, 37.75580715186797], [30.27854002198174, 37.75580715186797], [30.27854002198174, 37.75634614103844], [30.27800103281126, 37.75634614103844], [30.27800103281126, 37.75850209772033], [30.27584507612937, 37.75850209772033], [30.27584507612937, 37.75742411937939], [30.27638406529985, 37.75742411937939], [30.27638406529985, 37.75634614103844], [30.27584507612937, 37.75634614103844], [30.27584507612937, 37.75580715186797], [30.27638406529985, 37.75580715186797], [30.27638406529985, 37.75634614103844], [30.276923054470302, 37.75634614103844], [30.276923054470302, 37.755268162697504], [30.27746204364078, 37.755268162697504], [30.27746204364078, 37.75472917352703], [30.27800103281126, 37.75472917352703], [30.27800103281126, 37.75419018435656], [30.27907901115219, 37.75419018435656], [30.27907901115219, 37.75365119518609], [30.27961800032267, 37.75365119518609], [30.27961800032267, 37.753112206015615], [30.27907901115219, 37.753112206015615], [30.27907901115219, 37.75257321684514]]]}, "id": "+390137+85803", "properties": {"area_ha": 9.65564872267804, "count": 34, "label": 1, "mean_dnbr": 0.26825496300563634}}, {"type": "Feature", "geometry": {"geodesic": false, "type": "Polygon", "coordinates": [[[30.27961800032267, 37.0750638295622], [30.28069597866363, 37.0750638295622], [30.28069597866363, 37.07614180790314], [30.28123496783408, 37.07614180790314], [30.28123496783408, 37.07775877541456], [30.28015698949315, 37.07775877541456], [30.28015698949315, 37.077219786244086], [30.27961800032267, 37.077219786244086], [30.27961800032267, 37.07829776458503], [30.27907901115219, 37.07829776458503], [30.27907901115219, 37.077219786244086], [30.27854002198174, 37.077219786244086], [30.27854002198174, 37.07614180790314], [30.27907901115219, 37.07614180790314], [30.27907901115219, 37.07560281873267], [30.27961800032267, 37.07560281873267], [30.27961800032267, 37.0750638295622]]]}, "id": "+390138+87060", "properties": {"area_ha": 5.444964190097621, "count": 19, "label": 1, "mean_dnbr": 0.2697582511405296}}, {"type": "Feature", "geometry": {"geodesic": false, "type": "Polygon", "coordinates": [[[30.28123496783408, 37.75365119518609], [30.28231294617504, 37.75365119518609], [30.28231294617504, 37.75419018435656], [30.28339092451597, 37.75419018435656], [30.28339092451597, 37.755268162697504], [30.28285193534549, 37.755268162697504], [30.28285193534549, 37.75580715186797], [30.28339092451597, 37.75580715186797], [30.28339092451597, 37.76065805440222], [30.28285193534549, 37.76065805440222], [30.28285193534549, 37.76173603274316], [30.28231294617504, 37.76173603274316], [30.28231294617504, 37.76389198942505], [30.28177395700456, 37.76389198942505], [30.28177395700456, 37.765508956936465], [30.28069597866363, 37.765508956936465], [30.28069597866363, 37.76443097859552], [30.28015698949315, 37.76443097859552], [30.28015698949315, 37.765508956936465], [30.27961800032267, 37.765508956936465], [30.27961800032267, 37.7628140110841], [30.28015698949315, 37.7628140110841], [30.28015698949315, 37.763353000254575], [30.28069597866363, 37.763353000254575], [30.28069597866363, 37.76443097859552], [30.28123496783408, 37.76443097859552], [30.28123496783408, 37.7628140110841], [30.28177395700456, 37.7628140110841], [30.28177395700456, 37.76119704357269], [30.28231294617504, 37.76119704357269], [30.28231294617504, 37.76065805440222], [30.28177395700456, 37.76065805440222], [30.28177395700456, 37.76011906523175], [30.28231294617504, 37.76011906523175], [30.28231294617504, 37.75796310854986], [30.28285193534549, 37.75796310854986], [30.28285193534549, 37.75580715186797], [30.28177395700456, 37.75580715186797], [30.28177395700456, 37.75742411937939], [30.28123496783408, 37.75742411937939], [30.28123496783408, 37.75850209772033], [30.28069597866363, 37.75850209772033], [30.28069597866363, 37.76011906523175], [30.27961800032267, 37.76011906523175], [30.27961800032267, 37.76065805440222], [30.28015698949315, 37.76065805440222], [30.28015698949315, 37.76119704357269], [30.27961800032267, 37.76119704357269], [30.27961800032267, 37.76065805440222], [30.27907901115219, 37.76065805440222], [30.27907901115219, 37.759580076061276], [30.27961800032267, 37.759580076061276], [30.27961800032267, 37.75850209772033], [30.28015698949315, 37.75850209772033], [30.28015698949315, 37.75634614103844], [30.27961800032267, 37.75634614103844], [30.27961800032267, 37.75580715186797], [30.28015698949315, 37.75580715186797], [30.28015698949315, 37.755268162697504], [30.28177395700456, 37.755268162697504], [30.28177395700456, 37.75419018435656], [30.28123496783408, 37.75419018435656], [30.28123496783408, 37.75365119518609]]]}, "id": "+390141+85801", "properties": {"area_ha": 20.446328982865964, "count": 72, "label": 1, "mean_dnbr": 0.25490912876883975}}, {"type": "Feature", "geometry": {"geodesic": false, "type": "Polygon", "coordinates": [[[30.28446890285693, 37.24538440743126], [30.28500789202738, 37.24538440743126], [30.28500789202738, 37.24592339660173], [30.28554688119786, 37.24592339660173], [30.28554688119786, 37.24700137494268], [30.28770283787975, 37.24700137494268], [30.28770283787975, 37.24807935328362], [30.28716384870927, 37.24807935328362], [30.28716384870927, 37.24754036411315], [30.28662485953882, 37.24754036411315], [30.28662485953882, 37.24807935328362], [30.28554688119786, 37.24807935328362], [30.28554688119786, 37.24754036411315], [30.28500789202738, 37.24754036411315], [30.28500789202738, 37.246462385772205], [30.28446890285693, 37.246462385772205], [30.28446890285693, 37.24538440743126]]]}, "id": "+390146+86744", "properties": {"area_ha": 3.431173626115322, "count": 12, "label": 1, "mean_dnbr": 0.16675708060244884}}, {"type": "Feature", "geometry": {"geodesic": false, "type": "Polygon", "coordinates": [[[30.28554688119786, 37.66687393874014], [30.28662485953882, 37.66687393874014], [30.28662485953882, 37.66795191708108], [30.28554688119786, 37.66795191708108], [30.28554688119786, 37.668490906251556], [30.28500789202738, 37.668490906251556], [30.28500789202738, 37.66902989542203], [30.28608587036834, 37.66902989542203], [30.28608587036834, 37.67010787376297], [30.28662485953882, 37.67010787376297], [30.28662485953882, 37.670646862933445], [30.28716384870927, 37.670646862933445], [30.28716384870927, 37.67118585210391], [30.28770283787975, 37.67118585210391], [30.28770283787975, 37.67172484127438], [30.28716384870927, 37.67172484127438], [30.28716384870927, 37.672263830444855], [30.28824182705023, 37.672263830444855], [30.28824182705023, 37.6733418087858], [30.28878081622068, 37.6733418087858], [30.28878081622068, 37.674419787126745], [30.28985879456164, 37.674419787126745], [30.28985879456164, 37.67495877629722], [30.290397783732118, 37.67495877629722], [30.290397783732118, 37.67549776546769], [30.29093677290257, 37.67549776546769], [30.29093677290257, 37.67603675463816], [30.29147576207305, 37.67603675463816], [30.29147576207305, 37.677114732979106], [30.292553740414007, 37.677114732979106], [30.292553740414007, 37.67765372214957], [30.29309272958446, 37.67765372214957], [30.29309272958446, 37.678192711320044], [30.293631718754938, 37.678192711320044], [30.293631718754938, 37.67927068966099], [30.29309272958446, 37.67927068966099], [30.29309272958446, 37.67980967883146], [30.292553740414007, 37.67980967883146], [30.292553740414007, 37.67927068966099], [30.29147576207305, 37.67927068966099], [30.29147576207305, 37.67765372214957], [30.29093677290257, 37.67765372214957], [30.29093677290257, 37.677114732979106], [30.290397783732118, 37.677114732979106], [30.290397783732118, 37.676575743808634], [30.28931980539116, 37.676575743808634], [30.28931980539116, 37.67549776546769], [30.28878081622068, 37.67549776546769], [30.28878081622068, 37.674419787126745], [30.28824182705023, 37.674419787126745], [30.28824182705023, 37.67388079795627], [30.28770283787975, 37.67388079795627], [30.28770283787975, 37.6733418087858], [30.28716384870927, 37.6733418087858], [30.28716384870927, 37.672263830444855], [30.28662485953882, 37.672263830444855], [30.28662485953882, 37.67118585210391], [30.28608587036834, 37.67118585210391], [30.28608587036834, 37.670646862933445], [30.28554688119786, 37.670646862933445], [30.28554688119786, 37.67010787376297], [30.28500789202738, 37.67010787376297], [30.28500789202738, 37.66902989542203], [30.28446890285693, 37.66902989542203], [30.28446890285693, 37.66795191708108], [30.28554688119786, 37.66795191708108], [30.28554688119786, 37.66687393874014]]]}, "id": "+390149+85962", "properties": {"area_ha": 15.35238090751465, "count": 54, "label": 1, "mean_dnbr": 0.2845159373816963}}, {"type": "Feature", "geometry": {"geodesic": false, "type": "Polygon", "coordinates": [[[30.28878081622068, 37.74826130348137], [30.28931980539116, 37.74826130348137], [30.28931980539116, 37.749339281822316], [30.29147576207305, 37.749339281822316], [30.29147576207305, 37.74880029265184], [30.29309272958446, 37.74880029265184], [30.29309272958446, 37.749339281822316], [30.292553740414007, 37.749339281822316], [30.292553740414007, 37.74987827099278], [30.29309272958446, 37.74987827099278], [30.29309272958446, 37.75041726016325], [30.292553740414007, 37.75041726016325], [30.292553740414007, 37.750956249333726], [30.29093677290257, 37.750956249333726], [30.29093677290257, 37.7514952385042], [30.292553740414007, 37.7514952385042], [30.292553740414007, 37.753112206015615], [30.292014751243528, 37.753112206015615], [30.292014751243528, 37.75472917352703], [30.29093677290257, 37.75472917352703], [30.29093677290257, 37.75580715186797], [30.28931980539116, 37.75580715186797], [30.28931980539116, 37.756885130208914], [30.29093677290257, 37.756885130208914], [30.29093677290257, 37.759580076061276], [30.29147576207305, 37.759580076061276], [30.29147576207305, 37.75850209772033], [30.292014751243528, 37.75850209772033], [30.292014751243528, 37.75634614103844], [30.292553740414007, 37.75634614103844], [30.292553740414007, 37.75580715186797], [30.29309272958446, 37.75580715186797], [30.29309272958446, 37.75634614103844], [30.294170707925417, 37.75634614103844], [30.294170707925417, 37.75580715186797], [30.29470969709587, 37.75580715186797], [30.29470969709587, 37.755268162697504], [30.295248686266348, 37.755268162697504], [30.295248686266348, 37.75472917352703], [30.29470969709587, 37.75472917352703], [30.29470969709587, 37.75419018435656], [30.295787675436827, 37.75419018435656], [30.295787675436827, 37.75472917352703], [30.296326664607307, 37.75472917352703], [30.296326664607307, 37.755268162697504], [30.296865653777758, 37.755268162697504], [30.296865653777758, 37.75580715186797], [30.295248686266348, 37.75580715186797], [30.295248686266348, 37.75634614103844], [30.29470969709587, 37.75634614103844], [30.29470969709587, 37.75742411937939], [30.292553740414007, 37.75742411937939], [30.292553740414007, 37.76119704357269], [30.29147576207305, 37.76119704357269], [30.29147576207305, 37.76227502191363], [30.290397783732118, 37.76227502191363], [30.290397783732118, 37.763353000254575], [30.29093677290257, 37.763353000254575], [30.29093677290257, 37.7628140110841], [30.29147576207305, 37.7628140110841], [30.29147576207305, 37.763353000254575], [30.292553740414007, 37.763353000254575], [30.292553740414007, 37.7628140110841], [30.293631718754938, 37.7628140110841], [30.293631718754938, 37.763353000254575], [30.292553740414007, 37.763353000254575], [30.292553740414007, 37.76389198942505], [30.29309272958446, 37.76389198942505], [30.29309272958446, 37.76496996776599], [30.29147576207305, 37.76496996776599], [30.29147576207305, 37.76443097859552], [30.29093677290257, 37.76443097859552], [30.29093677290257, 37.76389198942505], [30.28985879456164, 37.76389198942505], [30.28985879456164, 37.76443097859552], [30.28878081622068, 37.76443097859552], [30.28878081622068, 37.763353000254575], [30.28931980539116, 37.763353000254575], [30.28931980539116, 37.7628140110841], [30.28985879456164, 37.7628140110841], [30.28985879456164, 37.76227502191363], [30.28770283787975, 37.76227502191363], [30.28770283787975, 37.76119704357269], [30.28716384870927, 37.76119704357269], [30.28716384870927, 37.76011906523175], [30.28770283787975, 37.76011906523175], [30.28770283787975, 37.759041086890804], [30.28716384870927, 37.759041086890804], [30.28716384870927, 37.759580076061276], [30.28662485953882, 37.759580076061276], [30.28662485953882, 37.75850209772033], [30.28500789202738, 37.75850209772033], [30.28500789202738, 37.75796310854986], [30.28554688119786, 37.75796310854986], [30.28554688119786, 37.756885130208914], [30.28608587036834, 37.756885130208914], [30.28608587036834, 37.75634614103844], [30.28716384870927, 37.75634614103844], [30.28716384870927, 37.75850209772033], [30.28824182705023, 37.75850209772033], [30.28824182705023, 37.759041086890804], [30.28878081622068, 37.759041086890804], [30.28878081622068, 37.75796310854986], [30.28931980539116, 37.75796310854986], [30.28931980539116, 37.756885130208914], [30.28878081622068, 37.756885130208914], [30.28878081622068, 37.75580715186797], [30.28931980539116, 37.75580715186797], [30.28931980539116, 37.755268162697504], [30.28878081622068, 37.755268162697504], [30.28878081622068, 37.75472917352703], [30.290397783732118, 37.75472917352703], [30.290397783732118, 37.75365119518609], [30.28662485953882, 37.75365119518609], [30.28662485953882, 37.75257321684514], [30.28716384870927, 37.75257321684514], [30.28716384870927, 37.753112206015615], [30.28770283787975, 37.753112206015615], [30.28770283787975, 37.75257321684514], [30.28985879456164, 37.75257321684514], [30.28985879456164, 37.7514952385042], [30.290397783732118, 37.7514952385042], [30.290397783732118, 37.75041726016325], [30.28931980539116, 37.75041726016325], [30.28931980539116, 37.74987827099278], [30.28770283787975, 37.74987827099278], [30.28770283787975, 37.749339281822316], [30.28824182705023, 37.749339281822316], [30.28824182705023, 37.74880029265184], [30.28878081622068, 37.74880029265184], [30.28878081622068, 37.74826130348137]], [[30.29093677290257, 37.76011906523175], [30.29093677290257, 37.76119704357269], [30.290397783732118, 37.76119704357269], [30.290397783732118, 37.76227502191363], [30.28985879456164, 37.76227502191363], [30.28985879456164, 37.76119704357269], [30.28931980539116, 37.76119704357269], [30.28931980539116, 37.76065805440222], [30.28985879456164, 37.76065805440222], [30.28985879456164, 37.76011906523175], [30.29093677290257, 37.76011906523175]], [[30.28985879456164, 37.75850209772033], [30.28985879456164, 37.759041086890804], [30.28931980539116, 37.759041086890804], [30.28931980539116, 37.75850209772033], [30.28985879456164, 37.75850209772033]]]}, "id": "+390154+85811", "properties": {"area_ha": 54.525358711653716, "count": 192, "label": 1, "mean_dnbr": 0.24428435041028837}}, {"type": "Feature", "geometry": {"geodesic": false, "type": "Polygon", "coordinates": [[[30.29147576207305, 37.178010761122295], [30.292014751243528, 37.178010761122295], [30.292014751243528, 37.17854975029277], [30.29147576207305, 37.17854975029277], [30.29147576207305, 37.17908873946324], [30.292014751243528, 37.17908873946324], [30.292014751243528, 37.17962772863371], [30.290397783732118, 37.17962772863371], [30.290397783732118, 37.180166717804184], [30.28931980539116, 37.180166717804184], [30.28931980539116, 37.180705706974656], [30.28985879456164, 37.180705706974656], [30.28985879456164, 37.18124469614513], [30.290397783732118, 37.18124469614513], [30.290397783732118, 37.18232267448607], [30.29093677290257, 37.18232267448607], [30.29093677290257, 37.18286166365654], [30.292014751243528, 37.18286166365654], [30.292014751243528, 37.18340065282701], [30.29309272958446, 37.18340065282701], [30.29309272958446, 37.184478631167956], [30.292553740414007, 37.184478631167956], [30.292553740414007, 37.18501762033843], [30.29309272958446, 37.18501762033843], [30.29309272958446, 37.1855566095089], [30.293631718754938, 37.1855566095089], [30.293631718754938, 37.184478631167956], [30.295248686266348, 37.184478631167956], [30.295248686266348, 37.18501762033843], [30.29470969709587, 37.18501762033843], [30.29470969709587, 37.1855566095089], [30.296865653777758, 37.1855566095089], [30.296865653777758, 37.186634587849845], [30.296326664607307, 37.186634587849845], [30.296326664607307, 37.18717357702032], [30.295248686266348, 37.18717357702032], [30.295248686266348, 37.186634587849845], [30.294170707925417, 37.186634587849845], [30.294170707925417, 37.18609559867937], [30.293631718754938, 37.18609559867937], [30.293631718754938, 37.186634587849845], [30.29309272958446, 37.186634587849845], [30.29309272958446, 37.18609559867937], [30.292553740414007, 37.18609559867937], [30.292553740414007, 37.18501762033843], [30.290397783732118, 37.18501762033843], [30.290397783732118, 37.18393964199748], [30.28931980539116, 37.18393964199748], [30.28931980539116, 37.18501762033843], [30.28985879456164, 37.18501762033843], [30.28985879456164, 37.18609559867937], [30.290397783732118, 37.18609559867937], [30.290397783732118, 37.186634587849845], [30.28985879456164, 37.186634587849845], [30.28985879456164, 37.18717357702032], [30.28931980539116, 37.18717357702032], [30.28931980539116, 37.18501762033843], [30.28824182705023, 37.18501762033843], [30.28824182705023, 37.184478631167956], [30.28770283787975, 37.184478631167956], [30.28770283787975, 37.18393964199748], [30.28824182705023, 37.18393964199748], [30.28824182705023, 37.18340065282701], [30.28985879456164, 37.18340065282701], [30.28985879456164, 37.18286166365654], [30.28824182705023, 37.18286166365654], [30.28824182705023, 37.18124469614513], [30.28931980539116, 37.18124469614513], [30.28931980539116, 37.180705706974656], [30.28824182705023, 37.180705706974656], [30.28824182705023, 37.17962772863371], [30.28985879456164, 37.17962772863371], [30.28985879456164, 37.17854975029277], [30.29147576207305, 37.17854975029277], [30.29147576207305, 37.178010761122295]], [[30.292014751243528, 37.18340065282701], [30.292014751243528, 37.18393964199748], [30.292553740414007, 37.18393964199748], [30.292553740414007, 37.184478631167956], [30.29147576207305, 37.184478631167956], [30.29147576207305, 37.18340065282701], [30.292014751243528, 37.18340065282701]]]}, "id": "+390159+86869", "properties": {"area_ha": 22.607631040464355, "count": 79, "label": 1, "mean_dnbr": 0.22771610513579973}}, {"type": "Feature", "geometry": {"geodesic": false, "type": "Polygon", "coordinates": [[[30.29309272958446, 37.27287285512532], [30.293631718754938, 37.27287285512532], [30.293631718754938, 37.27341184429579], [30.294170707925417, 37.27341184429579], [30.294170707925417, 37.27395083346626], [30.29470969709587, 37.27395083346626], [30.29470969709587, 37.27448982263673], [30.294170707925417, 37.27448982263673], [30.294170707925417, 37.275567800977676], [30.293631718754938, 37.275567800977676], [30.293631718754938, 37.27610679014815], [30.292553740414007, 37.27610679014815], [30.292553740414007, 37.2750288118072], [30.29309272958446, 37.2750288118072], [30.29309272958446, 37.27287285512532]]]}, "id": "+390162+86693", "properties": {"area_ha": 3.7157504188841233, "count": 13, "label": 1, "mean_dnbr": 0.21565929428105313}}, {"type": "Feature", "geometry": {"geodesic": false, "type": "Polygon", "coordinates": [[[30.29309272958446, 37.178010761122295], [30.29470969709587, 37.178010761122295], [30.29470969709587, 37.180166717804184], [30.294170707925417, 37.180166717804184], [30.294170707925417, 37.180705706974656], [30.293631718754938, 37.180705706974656], [30.293631718754938, 37.180166717804184], [30.292553740414007, 37.180166717804184], [30.292553740414007, 37.17908873946324], [30.29309272958446, 37.17908873946324], [30.29309272958446, 37.178010761122295]]]}, "id": "+390164+86869", "properties": {"area_ha": 4.2928280626888755, "count": 15, "label": 1, "mean_dnbr": 0.24963305005468087}}, {"type": "Feature", "geometry": {"geodesic": false, "type": "Polygon", "coordinates": [[[30.295248686266348, 37.211428089691545], [30.295787675436827, 37.211428089691545], [30.295787675436827, 37.21196707886202], [30.296326664607307, 37.21196707886202], [30.296326664607307, 37.21250606803249], [30.297943632118717, 37.21250606803249], [30.297943632118717, 37.21196707886202], [30.298482621289196, 37.21196707886202], [30.298482621289196, 37.21250606803249], [30.297943632118717, 37.21250606803249], [30.297943632118717, 37.213045057202955], [30.297404642948237, 37.213045057202955], [30.297404642948237, 37.21358404637343], [30.296865653777758, 37.21358404637343], [30.296865653777758, 37.213045057202955], [30.295248686266348, 37.213045057202955], [30.295248686266348, 37.2141230355439], [30.295787675436827, 37.2141230355439], [30.295787675436827, 37.215740003055316], [30.296865653777758, 37.215740003055316], [30.296865653777758, 37.21627899222579], [30.297943632118717, 37.21627899222579], [30.297943632118717, 37.215201013884844], [30.297404642948237, 37.215201013884844], [30.297404642948237, 37.21466202471437], [30.297943632118717, 37.21466202471437], [30.297943632118717, 37.215201013884844], [30.298482621289196, 37.215201013884844], [30.298482621289196, 37.21358404637343], [30.299560599630126, 37.21358404637343], [30.299560599630126, 37.2141230355439], [30.300099588800606, 37.2141230355439], [30.300099588800606, 37.21466202471437], [30.300638577971057, 37.21466202471437], [30.300638577971057, 37.215201013884844], [30.300099588800606, 37.215201013884844], [30.300099588800606, 37.215740003055316], [30.299560599630126, 37.215740003055316], [30.299560599630126, 37.21627899222579], [30.301177567141536, 37.21627899222579], [30.301177567141536, 37.21681798139626], [30.299021610459647, 37.21681798139626], [30.299021610459647, 37.21735697056673], [30.300099588800606, 37.21735697056673], [30.300099588800606, 37.21897393807814], [30.301716556312016, 37.21897393807814], [30.301716556312016, 37.219512927248616], [30.300638577971057, 37.219512927248616], [30.300638577971057, 37.22005191641909], [30.299560599630126, 37.22005191641909], [30.299560599630126, 37.22059090558956], [30.299021610459647, 37.22059090558956], [30.299021610459647, 37.22005191641909], [30.298482621289196, 37.22005191641909], [30.298482621289196, 37.21843494890768], [30.297943632118717, 37.21843494890768], [30.297943632118717, 37.217895959737206], [30.297404642948237, 37.217895959737206], [30.297404642948237, 37.21735697056673], [30.296865653777758, 37.21735697056673], [30.296865653777758, 37.21681798139626], [30.296326664607307, 37.21681798139626], [30.296326664607307, 37.21627899222579], [30.295787675436827, 37.21627899222579], [30.295787675436827, 37.21735697056673], [30.296326664607307, 37.21735697056673], [30.296326664607307, 37.217895959737206], [30.296865653777758, 37.217895959737206], [30.296865653777758, 37.21897393807814], [30.295787675436827, 37.21897393807814], [30.295787675436827, 37.22005191641909], [30.295248686266348, 37.22005191641909], [30.295248686266348, 37.22059090558956], [30.29470969709587, 37.22059090558956], [30.29470969709587, 37.22112989476003], [30.295248686266348, 37.22112989476003], [30.295248686266348, 37.221668883930505], [30.293631718754938, 37.221668883930505], [30.293631718754938, 37.22220787310098], [30.29309272958446, 37.22220787310098], [30.29309272958446, 37.22274686227145], [30.292553740414007, 37.22274686227145], [30.292553740414007, 37.22220787310098], [30.29309272958446, 37.22220787310098], [30.29309272958446, 37.221668883930505], [30.29147576207305, 37.221668883930505], [30.29147576207305, 37.22059090558956], [30.29093677290257, 37.22059090558956], [30.29093677290257, 37.22005191641909], [30.29147576207305, 37.22005191641909], [30.29147576207305, 37.219512927248616], [30.292014751243528, 37.219512927248616], [30.292014751243528, 37.21897393807814], [30.29093677290257, 37.21897393807814], [30.29093677290257, 37.219512927248616], [30.290397783732118, 37.219512927248616], [30.290397783732118, 37.21897393807814], [30.29093677290257, 37.21897393807814], [30.29093677290257, 37.21843494890768], [30.290397783732118, 37.21843494890768], [30.290397783732118, 37.217895959737206], [30.29093677290257, 37.217895959737206], [30.29093677290257, 37.21735697056673], [30.292014751243528, 37.21735697056673], [30.292014751243528, 37.21681798139626], [30.29147576207305, 37.21681798139626], [30.29147576207305, 37.21627899222579], [30.292014751243528, 37.21627899222579], [30.292014751243528, 37.21681798139626], [30.29309272958446, 37.21681798139626], [30.29309272958446, 37.21735697056673], [30.293631718754938, 37.21735697056673], [30.293631718754938, 37.215740003055316], [30.294170707925417, 37.215740003055316], [30.294170707925417, 37.21466202471437], [30.295248686266348, 37.21466202471437], [30.295248686266348, 37.2141230355439], [30.29470969709587, 37.2141230355439], [30.29470969709587, 37.21358404637343], [30.294170707925417, 37.21358404637343], [30.294170707925417, 37.2141230355439], [30.29309272958446, 37.2141230355439], [30.29309272958446, 37.21358404637343], [30.294170707925417, 37.21358404637343], [30.294170707925417, 37.213045057202955], [30.293631718754938, 37.213045057202955], [30.293631718754938, 37.21250606803249], [30.295787675436827, 37.21250606803249], [30.295787675436827, 37.21196707886202], [30.295248686266348, 37.21196707886202], [30.295248686266348, 37.211428089691545]], [[30.293631718754938, 37.21897393807814], [30.293631718754938, 37.219512927248616], [30.294170707925417, 37.219512927248616], [30.294170707925417, 37.22005191641909], [30.29470969709587, 37.22005191641909], [30.29470969709587, 37.22059090558956], [30.294170707925417, 37.22059090558956], [30.294170707925417, 37.22112989476003], [30.293631718754938, 37.22112989476003], [30.293631718754938, 37.221668883930505], [30.29309272958446, 37.221668883930505], [30.29309272958446, 37.22059090558956], [30.293631718754938, 37.22059090558956], [30.293631718754938, 37.22005191641909], [30.292553740414007, 37.22005191641909], [30.292553740414007, 37.21897393807814], [30.293631718754938, 37.21897393807814]], [[30.295248686266348, 37.21897393807814], [30.295248686266348, 37.219512927248616], [30.29470969709587, 37.219512927248616], [30.29470969709587, 37.21897393807814], [30.295248686266348, 37.21897393807814]], [[30.29309272958446, 37.217895959737206], [30.29309272958446, 37.21843494890768], [30.292553740414007, 37.21843494890768], [30.292553740414007, 37.217895959737206], [30.29309272958446, 37.217895959737206]], [[30.295248686266348, 37.21681798139626], [30.295248686266348, 37.21843494890768], [30.294170707925417, 37.21843494890768], [30.294170707925417, 37.217895959737206], [30.29470969709587, 37.217895959737206], [30.29470969709587, 37.21735697056673], [30.294170707925417, 37.21735697056673], [30.294170707925417, 37.21681798139626], [30.295248686266348, 37.21681798139626]], [[30.299560599630126, 37.217895959737206], [30.299560599630126, 37.21843494890768], [30.299021610459647, 37.21843494890768], [30.299021610459647, 37.217895959737206], [30.299560599630126, 37.217895959737206]], [[30.299021610459647, 37.215740003055316], [30.299021610459647, 37.21627899222579], [30.298482621289196, 37.21627899222579], [30.298482621289196, 37.215740003055316], [30.299021610459647, 37.215740003055316]], [[30.300099588800606, 37.21466202471437], [30.300099588800606, 37.215201013884844], [30.299021610459647, 37.215201013884844], [30.299021610459647, 37.21466202471437], [30.300099588800606, 37.21466202471437]]]}, "id": "+390166+86807", "properties": {"area_ha": 41.47642155614515, "count": 145, "label": 1, "mean_dnbr": 0.20511002922697155}}, {"type": "Feature", "geometry": {"geodesic": false, "type": "Polygon", "coordinates": [[[30.294170707925417, 37.7628140110841], [30.296865653777758, 37.7628140110841], [30.296865653777758, 37.763353000254575], [30.297404642948237, 37.763353000254575], [30.297404642948237, 37.76389198942505], [30.296865653777758, 37.76389198942505], [30.296865653777758, 37.76496996776599], [30.29470969709587, 37.76496996776599], [30.29470969709587, 37.765508956936465], [30.294170707925417, 37.765508956936465], [30.294170707925417, 37.7628140110841]]]}, "id": "+390168+85784", "properties": {"area_ha": 6.2470848775461185, "count": 22, "label": 1, "mean_dnbr": 0.33664893031860105}}, {"type": "Feature", "geometry": {"geodesic": false, "type": "Polygon", "coordinates": [[[30.296865653777758, 37.27987971434145], [30.299021610459647, 37.27987971434145], [30.299021610459647, 37.28041870351192], [30.298482621289196, 37.28041870351192], [30.298482621289196, 37.28095769268239], [30.299021610459647, 37.28095769268239], [30.299021610459647, 37.281496681852865], [30.299560599630126, 37.281496681852865], [30.299560599630126, 37.28311364936428], [30.298482621289196, 37.28311364936428], [30.298482621289196, 37.28095769268239], [30.296865653777758, 37.28095769268239], [30.296865653777758, 37.27987971434145]]]}, "id": "+390172+86680", "properties": {"area_ha": 4.001220949019622, "count": 14, "label": 1, "mean_dnbr": 0.21902997575194227}}, {"type": "Feature", "geometry": {"geodesic": false, "type": "Polygon", "coordinates": [[[30.299021610459647, 37.27610679014815], [30.300099588800606, 37.27610679014815], [30.300099588800606, 37.27664577931862], [30.299021610459647, 37.27664577931862], [30.299021610459647, 37.277723757659565], [30.297943632118717, 37.277723757659565], [30.297943632118717, 37.27826274683004], [30.296865653777758, 37.27826274683004], [30.296865653777758, 37.27880173600051], [30.296326664607307, 37.27880173600051], [30.296326664607307, 37.279340725170975], [30.295787675436827, 37.279340725170975], [30.295787675436827, 37.27987971434145], [30.295248686266348, 37.27987971434145], [30.295248686266348, 37.279340725170975], [30.295787675436827, 37.279340725170975], [30.295787675436827, 37.27880173600051], [30.296326664607307, 37.27880173600051], [30.296326664607307, 37.27826274683004], [30.295787675436827, 37.27826274683004], [30.295787675436827, 37.277723757659565], [30.296326664607307, 37.277723757659565], [30.296326664607307, 37.27826274683004], [30.296865653777758, 37.27826274683004], [30.296865653777758, 37.277723757659565], [30.297404642948237, 37.277723757659565], [30.297404642948237, 37.27718476848909], [30.297943632118717, 37.27718476848909], [30.297943632118717, 37.27610679014815], [30.298482621289196, 37.27610679014815], [30.298482621289196, 37.27664577931862], [30.299021610459647, 37.27664577931862], [30.299021610459647, 37.27610679014815]]]}, "id": "+390174+86687", "properties": {"area_ha": 4.001419918125169, "count": 14, "label": 1, "mean_dnbr": 0.17920708752657352}}, {"type": "Feature", "geometry": {"geodesic": false, "type": "Polygon", "coordinates": [[[30.300638577971057, 37.22059090558956], [30.301177567141536, 37.22059090558956], [30.301177567141536, 37.221668883930505], [30.301716556312016, 37.221668883930505], [30.301716556312016, 37.22220787310098], [30.302255545482495, 37.22220787310098], [30.302255545482495, 37.22274686227145], [30.302794534652946, 37.22274686227145], [30.302794534652946, 37.22328585144192], [30.303333523823426, 37.22328585144192], [30.303333523823426, 37.22436382978287], [30.302794534652946, 37.22436382978287], [30.302794534652946, 37.22490281895334], [30.303333523823426, 37.22490281895334], [30.303333523823426, 37.225441808123804], [30.302794534652946, 37.225441808123804], [30.302794534652946, 37.22490281895334], [30.301716556312016, 37.22490281895334], [30.301716556312016, 37.22598079729428], [30.301177567141536, 37.22598079729428], [30.301177567141536, 37.22651978646475], [30.300638577971057, 37.22651978646475], [30.300638577971057, 37.227597764805694], [30.300099588800606, 37.227597764805694], [30.300099588800606, 37.22867574314664], [30.300638577971057, 37.22867574314664], [30.300638577971057, 37.228136753976166], [30.301177567141536, 37.228136753976166], [30.301177567141536, 37.22867574314664], [30.300638577971057, 37.22867574314664], [30.300638577971057, 37.22921473231711], [30.300099588800606, 37.22921473231711], [30.300099588800606, 37.22867574314664], [30.299560599630126, 37.22867574314664], [30.299560599630126, 37.22975372148758], [30.299021610459647, 37.22975372148758], [30.299021610459647, 37.230292710658055], [30.298482621289196, 37.230292710658055], [30.298482621289196, 37.23083169982853], [30.297943632118717, 37.23083169982853], [30.297943632118717, 37.230292710658055], [30.298482621289196, 37.230292710658055], [30.298482621289196, 37.22975372148758], [30.297404642948237, 37.22975372148758], [30.297404642948237, 37.23083169982853], [30.296865653777758, 37.23083169982853], [30.296865653777758, 37.22867574314664], [30.299021610459647, 37.22867574314664], [30.299021610459647, 37.228136753976166], [30.299560599630126, 37.228136753976166], [30.299560599630126, 37.227597764805694], [30.300099588800606, 37.227597764805694], [30.300099588800606, 37.22651978646475], [30.300638577971057, 37.22651978646475], [30.300638577971057, 37.225441808123804], [30.301177567141536, 37.225441808123804], [30.301177567141536, 37.22490281895334], [30.300638577971057, 37.22490281895334], [30.300638577971057, 37.22436382978287], [30.300099588800606, 37.22436382978287], [30.300099588800606, 37.223824840612394], [30.299560599630126, 37.223824840612394], [30.299560599630126, 37.22328585144192], [30.298482621289196, 37.22328585144192], [30.298482621289196, 37.22436382978287], [30.299560599630126, 37.22436382978287], [30.299560599630126, 37.22490281895334], [30.300099588800606, 37.22490281895334], [30.300099588800606, 37.22598079729428], [30.299021610459647, 37.22598079729428], [30.299021610459647, 37.22651978646475], [30.299560599630126, 37.22651978646475], [30.299560599630126, 37.22705877563522], [30.299021610459647, 37.22705877563522], [30.299021610459647, 37.227597764805694], [30.296865653777758, 37.227597764805694], [30.296865653777758, 37.22651978646475], [30.298482621289196, 37.22651978646475], [30.298482621289196, 37.22436382978287], [30.297943632118717, 37.22436382978287], [30.297943632118717, 37.22328585144192], [30.296326664607307, 37.22328585144192], [30.296326664607307, 37.22220787310098], [30.295787675436827, 37.22220787310098], [30.295787675436827, 37.221668883930505], [30.296326664607307, 37.221668883930505], [30.296326664607307, 37.22220787310098], [30.297404642948237, 37.22220787310098], [30.297404642948237, 37.221668883930505], [30.297943632118717, 37.221668883930505], [30.297943632118717, 37.22112989476003], [30.298482621289196, 37.22112989476003], [30.298482621289196, 37.221668883930505], [30.297943632118717, 37.221668883930505], [30.297943632118717, 37.22220787310098], [30.297404642948237, 37.22220787310098], [30.297404642948237, 37.22274686227145], [30.297943632118717, 37.22274686227145], [30.297943632118717, 37.22328585144192], [30.298482621289196, 37.22328585144192], [30.298482621289196, 37.22274686227145], [30.300638577971057, 37.22274686227145], [30.300638577971057, 37.22220787310098], [30.300099588800606, 37.22220787310098], [30.300099588800606, 37.221668883930505], [30.300638577971057, 37.221668883930505], [30.300638577971057, 37.22059090558956]], [[30.299021610459647, 37.22651978646475], [30.299021610459647, 37.22705877563522], [30.298482621289196, 37.22705877563522], [30.298482621289196, 37.22651978646475], [30.299021610459647, 37.22651978646475]], [[30.300638577971057, 37.22328585144192], [30.300638577971057, 37.223824840612394], [30.300099588800606, 37.223824840612394], [30.300099588800606, 37.22328585144192], [30.300638577971057, 37.22328585144192]], [[30.301716556312016, 37.22274686227145], [30.301716556312016, 37.22328585144192], [30.301177567141536, 37.22328585144192], [30.301177567141536, 37.22274686227145], [30.301716556312016, 37.22274686227145]]]}, "id": "+390176+86790", "properties": {"area_ha": 24.025161886401968, "count": 84, "label": 1, "mean_dnbr": 0.21522343833034302}}, {"type": "Feature", "geometry": {"geodesic": false, "type": "Polygon", "coordinates": [[[30.300099588800606, 37.21088910052107], [30.301716556312016, 37.21088910052107], [30.301716556312016, 37.211428089691545], [30.302255545482495, 37.211428089691545], [30.302255545482495, 37.21196707886202], [30.302794534652946, 37.21196707886202], [30.302794534652946, 37.21250606803249], [30.301716556312016, 37.21250606803249], [30.301716556312016, 37.213045057202955], [30.302794534652946, 37.213045057202955], [30.302794534652946, 37.21358404637343], [30.302255545482495, 37.21358404637343], [30.302255545482495, 37.2141230355439], [30.301716556312016, 37.2141230355439], [30.301716556312016, 37.21358404637343], [30.300638577971057, 37.21358404637343], [30.300638577971057, 37.213045057202955], [30.300099588800606, 37.213045057202955], [30.300099588800606, 37.21088910052107]]]}, "id": "+390177+86808", "properties": {"area_ha": 5.721262908850778, "count": 20, "label": 1, "mean_dnbr": 0.20602455827457217}}, {"type": "Feature", "geometry": {"geodesic": false, "type": "Polygon", "coordinates": [[[30.301716556312016, 37.75041726016325], [30.302255545482495, 37.75041726016325], [30.302255545482495, 37.750956249333726], [30.302794534652946, 37.750956249333726], [30.302794534652946, 37.7514952385042], [30.302255545482495, 37.7514952385042], [30.302255545482495, 37.75203422767467], [30.302794534652946, 37.75203422767467], [30.302794534652946, 37.75257321684514], [30.303333523823426, 37.75257321684514], [30.303333523823426, 37.75419018435656], [30.302794534652946, 37.75419018435656], [30.302794534652946, 37.75580715186797], [30.304411502164385, 37.75580715186797], [30.304411502164385, 37.75472917352703], [30.305489480505315, 37.75472917352703], [30.305489480505315, 37.75580715186797], [30.306028469675795, 37.75580715186797], [30.306028469675795, 37.75634614103844], [30.305489480505315, 37.75634614103844], [30.305489480505315, 37.756885130208914], [30.304950491334836, 37.756885130208914], [30.304950491334836, 37.75634614103844], [30.304411502164385, 37.75634614103844], [30.304411502164385, 37.756885130208914], [30.303872512993905, 37.756885130208914], [30.303872512993905, 37.75850209772033], [30.303333523823426, 37.75850209772033], [30.303333523823426, 37.759041086890804], [30.303872512993905, 37.759041086890804], [30.303872512993905, 37.76011906523175], [30.304411502164385, 37.76011906523175], [30.304411502164385, 37.759580076061276], [30.304950491334836, 37.759580076061276], [30.304950491334836, 37.76011906523175], [30.306028469675795, 37.76011906523175], [30.306028469675795, 37.76065805440222], [30.305489480505315, 37.76065805440222], [30.305489480505315, 37.76119704357269], [30.304950491334836, 37.76119704357269], [30.304950491334836, 37.76173603274316], [30.303872512993905, 37.76173603274316], [30.303872512993905, 37.76227502191363], [30.303333523823426, 37.76227502191363], [30.303333523823426, 37.7628140110841], [30.304411502164385, 37.7628140110841], [30.304411502164385, 37.763353000254575], [30.304950491334836, 37.763353000254575], [30.304950491334836, 37.76227502191363], [30.305489480505315, 37.76227502191363], [30.305489480505315, 37.7628140110841], [30.306028469675795, 37.7628140110841], [30.306028469675795, 37.763353000254575], [30.306567458846246, 37.763353000254575], [30.306567458846246, 37.7628140110841], [30.308723415528135, 37.7628140110841], [30.308723415528135, 37.763353000254575], [30.308184426357684, 37.763353000254575], [30.308184426357684, 37.76389198942505], [30.307645437187205, 37.76389198942505], [30.307645437187205, 37.763353000254575], [30.307106448016725, 37.763353000254575], [30.307106448016725, 37.76389198942505], [30.306028469675795, 37.76389198942505], [30.306028469675795, 37.76443097859552], [30.307106448016725, 37.76443097859552], [30.307106448016725, 37.76496996776599], [30.306567458846246, 37.76496996776599], [30.306567458846246, 37.765508956936465], [30.304411502164385, 37.765508956936465], [30.304411502164385, 37.76443097859552], [30.302794534652946, 37.76443097859552], [30.302794534652946, 37.765508956936465], [30.302255545482495, 37.765508956936465], [30.302255545482495, 37.76443097859552], [30.300099588800606, 37.76443097859552], [30.300099588800606, 37.76604794610694], [30.299560599630126, 37.76604794610694], [30.299560599630126, 37.76712592444788], [30.297943632118717, 37.76712592444788], [30.297943632118717, 37.76604794610694], [30.298482621289196, 37.76604794610694], [30.298482621289196, 37.76496996776599], [30.299021610459647, 37.76496996776599], [30.299021610459647, 37.76604794610694], [30.299560599630126, 37.76604794610694], [30.299560599630126, 37.763353000254575], [30.299021610459647, 37.763353000254575], [30.299021610459647, 37.7628140110841], [30.300099588800606, 37.7628140110841], [30.300099588800606, 37.76227502191363], [30.301177567141536, 37.76227502191363], [30.301177567141536, 37.76173603274316], [30.300099588800606, 37.76173603274316], [30.300099588800606, 37.76011906523175], [30.300638577971057, 37.76011906523175], [30.300638577971057, 37.759580076061276], [30.299560599630126, 37.759580076061276], [30.299560599630126, 37.759041086890804], [30.299021610459647, 37.759041086890804], [30.299021610459647, 37.759580076061276], [30.298482621289196, 37.759580076061276], [30.298482621289196, 37.76011906523175], [30.297943632118717, 37.76011906523175], [30.297943632118717, 37.76065805440222], [30.297404642948237, 37.76065805440222], [30.297404642948237, 37.76173603274316], [30.296865653777758, 37.76173603274316], [30.296865653777758, 37.759041086890804], [30.297404642948237, 37.759041086890804], [30.297404642948237, 37.75850209772033], [30.295787675436827, 37.75850209772033], [30.295787675436827, 37.75796310854986], [30.296865653777758, 37.75796310854986], [30.296865653777758, 37.75742411937939], [30.297404642948237, 37.75742411937939], [30.297404642948237, 37.75634614103844], [30.297943632118717, 37.75634614103844], [30.297943632118717, 37.755268162697504], [30.298482621289196, 37.755268162697504], [30.298482621289196, 37.75419018435656], [30.299021610459647, 37.75419018435656], [30.299021610459647, 37.75472917352703], [30.299560599630126, 37.75472917352703], [30.299560599630126, 37.75257321684514], [30.299021610459647, 37.75257321684514], [30.299021610459647, 37.753112206015615], [30.298482621289196, 37.753112206015615], [30.298482621289196, 37.75365119518609], [30.297404642948237, 37.75365119518609], [30.297404642948237, 37.75203422767467], [30.297943632118717, 37.75203422767467], [30.297943632118717, 37.750956249333726], [30.299021610459647, 37.750956249333726], [30.299021610459647, 37.75203422767467], [30.299560599630126, 37.75203422767467], [30.299560599630126, 37.7514952385042], [30.300099588800606, 37.7514952385042], [30.300099588800606, 37.75203422767467], [30.299560599630126, 37.75203422767467], [30.299560599630126, 37.75257321684514], [30.301177567141536, 37.75257321684514], [30.301177567141536, 37.75203422767467], [30.301716556312016, 37.75203422767467], [30.301716556312016, 37.75041726016325]], [[30.304411502164385, 37.763353000254575], [30.304411502164385, 37.76389198942505], [30.303333523823426, 37.76389198942505], [30.303333523823426, 37.763353000254575], [30.304411502164385, 37.763353000254575]], [[30.302255545482495, 37.7628140110841], [30.302255545482495, 37.763353000254575], [30.301716556312016, 37.763353000254575], [30.301716556312016, 37.7628140110841], [30.302255545482495, 37.7628140110841]], [[30.304950491334836, 37.76065805440222], [30.304950491334836, 37.76119704357269], [30.304411502164385, 37.76119704357269], [30.304411502164385, 37.76065805440222], [30.304950491334836, 37.76065805440222]], [[30.303872512993905, 37.76011906523175], [30.303872512993905, 37.76119704357269], [30.303333523823426, 37.76119704357269], [30.303333523823426, 37.76227502191363], [30.301716556312016, 37.76227502191363], [30.301716556312016, 37.76173603274316], [30.302255545482495, 37.76173603274316], [30.302255545482495, 37.76065805440222], [30.302794534652946, 37.76065805440222], [30.302794534652946, 37.76011906523175], [30.303872512993905, 37.76011906523175]], [[30.301716556312016, 37.759041086890804], [30.301716556312016, 37.759580076061276], [30.301177567141536, 37.759580076061276], [30.301177567141536, 37.759041086890804], [30.301716556312016, 37.759041086890804]], [[30.300099588800606, 37.756885130208914], [30.300099588800606, 37.75742411937939], [30.301177567141536, 37.75742411937939], [30.301177567141536, 37.75796310854986], [30.301716556312016, 37.75796310854986], [30.301716556312016, 37.75742411937939], [30.302794534652946, 37.75742411937939], [30.302794534652946, 37.75796310854986], [30.302255545482495, 37.75796310854986], [30.302255545482495, 37.75850209772033], [30.301177567141536, 37.75850209772033], [30.301177567141536, 37.759041086890804], [30.299560599630126, 37.759041086890804], [30.299560599630126, 37.75742411937939], [30.299021610459647, 37.75742411937939], [30.299021610459647, 37.756885130208914], [30.300099588800606, 37.756885130208914]], [[30.301716556312016, 37.756885130208914], [30.301716556312016, 37.75742411937939], [30.301177567141536, 37.75742411937939], [30.301177567141536, 37.756885130208914], [30.301716556312016, 37.756885130208914]], [[30.303333523823426, 37.75634614103844], [30.303333523823426, 37.75742411937939], [30.302794534652946, 37.75742411937939], [30.302794534652946, 37.756885130208914], [30.302255545482495, 37.756885130208914], [30.302255545482495, 37.75634614103844], [30.303333523823426, 37.75634614103844]], [[30.299021610459647, 37.75580715186797], [30.299021610459647, 37.75634614103844], [30.298482621289196, 37.75634614103844], [30.298482621289196, 37.75580715186797], [30.299021610459647, 37.75580715186797]], [[30.301177567141536, 37.75365119518609], [30.301177567141536, 37.75472917352703], [30.301716556312016, 37.75472917352703], [30.301716556312016, 37.755268162697504], [30.301177567141536, 37.755268162697504], [30.301177567141536, 37.75580715186797], [30.302255545482495, 37.75580715186797], [30.302255545482495, 37.75634614103844], [30.300099588800606, 37.75634614103844], [30.300099588800606, 37.755268162697504], [30.299560599630126, 37.755268162697504], [30.299560599630126, 37.75472917352703], [30.300099588800606, 37.75472917352703], [30.300099588800606, 37.75365119518609], [30.301177567141536, 37.75365119518609]], [[30.302255545482495, 37.75257321684514], [30.302255545482495, 37.753112206015615], [30.302794534652946, 37.753112206015615], [30.302794534652946, 37.75365119518609], [30.301716556312016, 37.75365119518609], [30.301716556312016, 37.75257321684514], [30.302255545482495, 37.75257321684514]]]}, "id": "+390178+85807", "properties": {"area_ha": 65.59879576482007, "count": 231, "label": 1, "mean_dnbr": 0.22059871373387016}}, {"type": "Feature", "geometry": {"geodesic": false, "type": "Polygon", "coordinates": [[[30.304411502164385, 37.04865336020909], [30.306567458846246, 37.04865336020909], [30.306567458846246, 37.04973133855003], [30.303872512993905, 37.04973133855003], [30.303872512993905, 37.0502703277205], [30.302794534652946, 37.0502703277205], [30.302794534652946, 37.05080931689097], [30.301716556312016, 37.05080931689097], [30.301716556312016, 37.05134830606144], [30.297943632118717, 37.05134830606144], [30.297943632118717, 37.05080931689097], [30.301177567141536, 37.05080931689097], [30.301177567141536, 37.0502703277205], [30.301716556312016, 37.0502703277205], [30.301716556312016, 37.04973133855003], [30.303872512993905, 37.04973133855003], [30.303872512993905, 37.04919234937956], [30.304411502164385, 37.04919234937956], [30.304411502164385, 37.04865336020909]]]}, "id": "+390186+87109", "properties": {"area_ha": 6.593591618679606, "count": 23, "label": 1, "mean_dnbr": 0.16758605276526867}}, {"type": "Feature", "geometry": {"geodesic": false, "type": "Polygon", "coordinates": [[[30.305489480505315, 37.63291762100042], [30.307106448016725, 37.63291762100042], [30.307106448016725, 37.633456610170896], [30.306567458846246, 37.633456610170896], [30.306567458846246, 37.63399559934137], [30.307106448016725, 37.63399559934137], [30.307106448016725, 37.635073577682306], [30.307645437187205, 37.635073577682306], [30.307645437187205, 37.63453458851184], [30.308723415528135, 37.63453458851184], [30.308723415528135, 37.63561256685278], [30.309262404698615, 37.63561256685278], [30.309262404698615, 37.63615155602325], [30.308723415528135, 37.63615155602325], [30.308723415528135, 37.63561256685278], [30.307106448016725, 37.63561256685278], [30.307106448016725, 37.635073577682306], [30.306567458846246, 37.635073577682306], [30.306567458846246, 37.63669054519372], [30.307106448016725, 37.63669054519372], [30.307106448016725, 37.637229534364195], [30.306567458846246, 37.637229534364195], [30.306567458846246, 37.63776852353467], [30.305489480505315, 37.63776852353467], [30.305489480505315, 37.63615155602325], [30.306028469675795, 37.63615155602325], [30.306028469675795, 37.63453458851184], [30.305489480505315, 37.63453458851184], [30.305489480505315, 37.63291762100042]]]}, "id": "+390187+86025", "properties": {"area_ha": 7.111302962605924, "count": 25, "label": 1, "mean_dnbr": 0.2896819043796235}}, {"type": "Feature", "geometry": {"geodesic": false, "type": "Polygon", "coordinates": [[[30.306028469675795, 37.27880173600051], [30.307106448016725, 37.27880173600051], [30.307106448016725, 37.279340725170975], [30.307645437187205, 37.279340725170975], [30.307645437187205, 37.28041870351192], [30.308184426357684, 37.28041870351192], [30.308184426357684, 37.28095769268239], [30.307645437187205, 37.28095769268239], [30.307645437187205, 37.28203567102334], [30.306567458846246, 37.28203567102334], [30.306567458846246, 37.281496681852865], [30.307106448016725, 37.281496681852865], [30.307106448016725, 37.28095769268239], [30.306567458846246, 37.28095769268239], [30.306567458846246, 37.27987971434145], [30.306028469675795, 37.27987971434145], [30.306028469675795, 37.28041870351192], [30.305489480505315, 37.28041870351192], [30.305489480505315, 37.27987971434145], [30.304950491334836, 37.27987971434145], [30.304950491334836, 37.279340725170975], [30.306028469675795, 37.279340725170975], [30.306028469675795, 37.27880173600051]]]}, "id": "+390187+86682", "properties": {"area_ha": 4.572890737470816, "count": 16, "label": 1, "mean_dnbr": 0.19540393054894287}}, {"type": "Feature", "geometry": {"geodesic": false, "type": "Polygon", "coordinates": [[[30.307106448016725, 37.89863928204298], [30.309262404698615, 37.89863928204298], [30.309262404698615, 37.90025624955439], [30.307106448016725, 37.90025624955439], [30.307106448016725, 37.89863928204298]]]}, "id": "+390191+85532", "properties": {"area_ha": 3.4012518552063375, "count": 12, "label": 1, "mean_dnbr": 0.3136733696873685}}, {"type": "Feature", "geometry": {"geodesic": false, "type": "Polygon", "coordinates": [[[30.308723415528135, 37.20010931711164], [30.309262404698615, 37.20010931711164], [30.309262404698615, 37.20064830628211], [30.309801393869094, 37.20064830628211], [30.309801393869094, 37.20118729545258], [30.309262404698615, 37.20118729545258], [30.309262404698615, 37.20064830628211], [30.308723415528135, 37.20064830628211], [30.308723415528135, 37.20172628462305], [30.310340383039573, 37.20172628462305], [30.310340383039573, 37.202804262963994], [30.309801393869094, 37.202804262963994], [30.309801393869094, 37.20334325213447], [30.309262404698615, 37.20334325213447], [30.309262404698615, 37.20388224130494], [30.309801393869094, 37.20388224130494], [30.309801393869094, 37.20442123047541], [30.310340383039573, 37.20442123047541], [30.310340383039573, 37.20388224130494], [30.310879372210024, 37.20388224130494], [30.310879372210024, 37.20442123047541], [30.311418361380504, 37.20442123047541], [30.311418361380504, 37.20388224130494], [30.311957350550983, 37.20388224130494], [30.311957350550983, 37.20334325213447], [30.313035328891914, 37.20334325213447], [30.313035328891914, 37.20388224130494], [30.312496339721434, 37.20388224130494], [30.312496339721434, 37.20442123047541], [30.311957350550983, 37.20442123047541], [30.311957350550983, 37.20496021964588], [30.309801393869094, 37.20496021964588], [30.309801393869094, 37.205499208816356], [30.310340383039573, 37.205499208816356], [30.310340383039573, 37.2065771871573], [30.311418361380504, 37.2065771871573], [30.311418361380504, 37.207116176327766], [30.310879372210024, 37.207116176327766], [30.310879372210024, 37.20765516549824], [30.311418361380504, 37.20765516549824], [30.311418361380504, 37.20819415466871], [30.310340383039573, 37.20819415466871], [30.310340383039573, 37.20765516549824], [30.309801393869094, 37.20765516549824], [30.309801393869094, 37.207116176327766], [30.309262404698615, 37.207116176327766], [30.309262404698615, 37.20765516549824], [30.308723415528135, 37.20765516549824], [30.308723415528135, 37.20819415466871], [30.309262404698615, 37.20819415466871], [30.309262404698615, 37.20873314383918], [30.308723415528135, 37.20873314383918], [30.308723415528135, 37.20819415466871], [30.308184426357684, 37.20819415466871], [30.308184426357684, 37.20873314383918], [30.307645437187205, 37.20873314383918], [30.307645437187205, 37.20819415466871], [30.305489480505315, 37.20819415466871], [30.305489480505315, 37.20873314383918], [30.306567458846246, 37.20873314383918], [30.306567458846246, 37.209272133009655], [30.306028469675795, 37.209272133009655], [30.306028469675795, 37.20981112218013], [30.304950491334836, 37.20981112218013], [30.304950491334836, 37.20819415466871], [30.304411502164385, 37.20819415466871], [30.304411502164385, 37.20873314383918], [30.303333523823426, 37.20873314383918], [30.303333523823426, 37.209272133009655], [30.303872512993905, 37.209272133009655], [30.303872512993905, 37.20981112218013], [30.301177567141536, 37.20981112218013], [30.301177567141536, 37.209272133009655], [30.300099588800606, 37.209272133009655], [30.300099588800606, 37.20981112218013], [30.299560599630126, 37.20981112218013], [30.299560599630126, 37.20873314383918], [30.300638577971057, 37.20873314383918], [30.300638577971057, 37.20765516549824], [30.302255545482495, 37.20765516549824], [30.302255545482495, 37.207116176327766], [30.300099588800606, 37.207116176327766], [30.300099588800606, 37.20765516549824], [30.299021610459647, 37.20765516549824], [30.299021610459647, 37.2065771871573], [30.299560599630126, 37.2065771871573], [30.299560599630126, 37.20603819798683], [30.300099588800606, 37.20603819798683], [30.300099588800606, 37.205499208816356], [30.299560599630126, 37.205499208816356], [30.299560599630126, 37.20496021964588], [30.300638577971057, 37.20496021964588], [30.300638577971057, 37.20442123047541], [30.300099588800606, 37.20442123047541], [30.300099588800606, 37.20334325213447], [30.299560599630126, 37.20334325213447], [30.299560599630126, 37.202804262963994], [30.300099588800606, 37.202804262963994], [30.300099588800606, 37.20334325213447], [30.300638577971057, 37.20334325213447], [30.300638577971057, 37.20442123047541], [30.301177567141536, 37.20442123047541], [30.301177567141536, 37.20496021964588], [30.301716556312016, 37.20496021964588], [30.301716556312016, 37.20442123047541], [30.302255545482495, 37.20442123047541], [30.302255545482495, 37.20496021964588], [30.302794534652946, 37.20496021964588], [30.302794534652946, 37.20388224130494], [30.303333523823426, 37.20388224130494], [30.303333523823426, 37.202804262963994], [30.302255545482495, 37.202804262963994], [30.302255545482495, 37.20172628462305], [30.302794534652946, 37.20172628462305], [30.302794534652946, 37.20226527379352], [30.303333523823426, 37.20226527379352], [30.303333523823426, 37.202804262963994], [30.304950491334836, 37.202804262963994], [30.304950491334836, 37.20226527379352], [30.305489480505315, 37.20226527379352], [30.305489480505315, 37.20172628462305], [30.306028469675795, 37.20172628462305], [30.306028469675795, 37.202804262963994], [30.306567458846246, 37.202804262963994], [30.306567458846246, 37.20334325213447], [30.307106448016725, 37.20334325213447], [30.307106448016725, 37.20388224130494], [30.305489480505315, 37.20388224130494], [30.305489480505315, 37.20442123047541], [30.304950491334836, 37.20442123047541], [30.304950491334836, 37.20496021964588], [30.306567458846246, 37.20496021964588], [30.306567458846246, 37.20442123047541], [30.308184426357684, 37.20442123047541], [30.308184426357684, 37.20388224130494], [30.308723415528135, 37.20388224130494], [30.308723415528135, 37.202804262963994], [30.307106448016725, 37.202804262963994], [30.307106448016725, 37.20172628462305], [30.307645437187205, 37.20172628462305], [30.307645437187205, 37.20226527379352], [30.308723415528135, 37.20226527379352], [30.308723415528135, 37.20172628462305], [30.308184426357684, 37.20172628462305], [30.308184426357684, 37.20064830628211], [30.308723415528135, 37.20064830628211], [30.308723415528135, 37.20010931711164]], [[30.302255545482495, 37.20873314383918], [30.302255545482495, 37.209272133009655], [30.301177567141536, 37.209272133009655], [30.301177567141536, 37.20873314383918], [30.302255545482495, 37.20873314383918]], [[30.304411502164385, 37.2065771871573], [30.304411502164385, 37.207116176327766], [30.303872512993905, 37.207116176327766], [30.303872512993905, 37.20765516549824], [30.304411502164385, 37.20765516549824], [30.304411502164385, 37.20819415466871], [30.303333523823426, 37.20819415466871], [30.303333523823426, 37.20765516549824], [30.302794534652946, 37.20765516549824], [30.302794534652946, 37.207116176327766], [30.303333523823426, 37.207116176327766], [30.303333523823426, 37.2065771871573], [30.304411502164385, 37.2065771871573]], [[30.307645437187205, 37.20496021964588], [30.307645437187205, 37.2065771871573], [30.308184426357684, 37.2065771871573], [30.308184426357684, 37.207116176327766], [30.307645437187205, 37.207116176327766], [30.307645437187205, 37.20765516549824], [30.307106448016725, 37.20765516549824], [30.307106448016725, 37.207116176327766], [30.306028469675795, 37.207116176327766], [30.306028469675795, 37.2065771871573], [30.304411502164385, 37.2065771871573], [30.304411502164385, 37.205499208816356], [30.304950491334836, 37.205499208816356], [30.304950491334836, 37.20603819798683], [30.306028469675795, 37.20603819798683], [30.306028469675795, 37.205499208816356], [30.306567458846246, 37.205499208816356], [30.306567458846246, 37.20496021964588], [30.307645437187205, 37.20496021964588]], [[30.309262404698615, 37.20496021964588], [30.309262404698615, 37.205499208816356], [30.309801393869094, 37.205499208816356], [30.309801393869094, 37.2065771871573], [30.308723415528135, 37.2065771871573], [30.308723415528135, 37.20603819798683], [30.308184426357684, 37.20603819798683], [30.308184426357684, 37.20496021964588], [30.309262404698615, 37.20496021964588]], [[30.309801393869094, 37.20442123047541], [30.309801393869094, 37.20496021964588], [30.309262404698615, 37.20496021964588], [30.309262404698615, 37.20442123047541], [30.309801393869094, 37.20442123047541]], [[30.309262404698615, 37.20388224130494], [30.309262404698615, 37.20442123047541], [30.308723415528135, 37.20442123047541], [30.308723415528135, 37.20388224130494], [30.309262404698615, 37.20388224130494]], [[30.305489480505315, 37.202804262963994], [30.305489480505315, 37.20334325213447], [30.304950491334836, 37.20334325213447], [30.304950491334836, 37.202804262963994], [30.305489480505315, 37.202804262963994]]]}, "id": "+390191+86828", "properties": {"area_ha": 50.351536787737665, "count": 176, "label": 1, "mean_dnbr": 0.23065864410649844}}, {"type": "Feature", "geometry": {"geodesic": false, "type": "Polygon", "coordinates": [[[30.307645437187205, 37.26802195259107], [30.309801393869094, 37.26802195259107], [30.309801393869094, 37.269099930932015], [30.309262404698615, 37.269099930932015], [30.309262404698615, 37.27017790927296], [30.308184426357684, 37.27017790927296], [30.308184426357684, 37.271255887613904], [30.309262404698615, 37.271255887613904], [30.309262404698615, 37.27233386595485], [30.308184426357684, 37.27233386595485], [30.308184426357684, 37.27287285512532], [30.309262404698615, 37.27287285512532], [30.309262404698615, 37.27341184429579], [30.310340383039573, 37.27341184429579], [30.310340383039573, 37.27395083346626], [30.309801393869094, 37.27395083346626], [30.309801393869094, 37.27448982263673], [30.309262404698615, 37.27448982263673], [30.309262404698615, 37.2750288118072], [30.308723415528135, 37.2750288118072], [30.308723415528135, 37.275567800977676], [30.307645437187205, 37.275567800977676], [30.307645437187205, 37.27610679014815], [30.307106448016725, 37.27610679014815], [30.307106448016725, 37.275567800977676], [30.306567458846246, 37.275567800977676], [30.306567458846246, 37.27610679014815], [30.304950491334836, 37.27610679014815], [30.304950491334836, 37.27395083346626], [30.306028469675795, 37.27395083346626], [30.306028469675795, 37.2750288118072], [30.306567458846246, 37.2750288118072], [30.306567458846246, 37.27448982263673], [30.309262404698615, 37.27448982263673], [30.309262404698615, 37.27341184429579], [30.308184426357684, 37.27341184429579], [30.308184426357684, 37.27287285512532], [30.307645437187205, 37.27287285512532], [30.307645437187205, 37.27233386595485], [30.308184426357684, 37.27233386595485], [30.308184426357684, 37.27179487678438], [30.307645437187205, 37.27179487678438], [30.307645437187205, 37.26802195259107]]]}, "id": "+390192+86702", "properties": {"area_ha": 13.43422250309755, "count": 47, "label": 1, "mean_dnbr": 0.20657033519377507}}, {"type": "Feature", "geometry": {"geodesic": false, "type": "Polygon", "coordinates": [[[30.309262404698615, 37.75203422767467], [30.310879372210024, 37.75203422767467], [30.310879372210024, 37.75365119518609], [30.310340383039573, 37.75365119518609], [30.310340383039573, 37.75419018435656], [30.309262404698615, 37.75419018435656], [30.309262404698615, 37.753112206015615], [30.308723415528135, 37.753112206015615], [30.308723415528135, 37.75257321684514], [30.309262404698615, 37.75257321684514], [30.309262404698615, 37.75203422767467]]]}, "id": "+390194+85804", "properties": {"area_ha": 3.408005403692399, "count": 12, "label": 1, "mean_dnbr": 0.2099567857695927}}, {"type": "Feature", "geometry": {"geodesic": false, "type": "Polygon", "coordinates": [[[30.312496339721434, 37.75472917352703], [30.313035328891914, 37.75472917352703], [30.313035328891914, 37.755268162697504], [30.312496339721434, 37.755268162697504], [30.312496339721434, 37.75634614103844], [30.313035328891914, 37.75634614103844], [30.313035328891914, 37.756885130208914], [30.312496339721434, 37.756885130208914], [30.312496339721434, 37.75742411937939], [30.313574318062393, 37.75742411937939], [30.313574318062393, 37.75796310854986], [30.312496339721434, 37.75796310854986], [30.312496339721434, 37.75850209772033], [30.310879372210024, 37.75850209772033], [30.310879372210024, 37.759041086890804], [30.309801393869094, 37.759041086890804], [30.309801393869094, 37.75742411937939], [30.310340383039573, 37.75742411937939], [30.310340383039573, 37.756885130208914], [30.310879372210024, 37.756885130208914], [30.310879372210024, 37.75634614103844], [30.311418361380504, 37.75634614103844], [30.311418361380504, 37.75580715186797], [30.311957350550983, 37.75580715186797], [30.311957350550983, 37.755268162697504], [30.312496339721434, 37.755268162697504], [30.312496339721434, 37.75472917352703]], [[30.311418361380504, 37.75742411937939], [30.311418361380504, 37.75796310854986], [30.310879372210024, 37.75796310854986], [30.310879372210024, 37.75742411937939], [30.311418361380504, 37.75742411937939]], [[30.311957350550983, 37.75634614103844], [30.311957350550983, 37.75742411937939], [30.311418361380504, 37.75742411937939], [30.311418361380504, 37.75634614103844], [30.311957350550983, 37.75634614103844]]]}, "id": "+390198+85799", "properties": {"area_ha": 6.531635935974145, "count": 23, "label": 1, "mean_dnbr": 0.20361254012318886}}, {"type": "Feature", "geometry": {"geodesic": false, "type": "Polygon", "coordinates": [[[30.313035328891914, 37.14028151918928], [30.313574318062393, 37.14028151918928], [30.313574318062393, 37.140820508359745], [30.314652296403324, 37.140820508359745], [30.314652296403324, 37.14135949753022], [30.315730274744283, 37.14135949753022], [30.315730274744283, 37.14243747587116], [30.315191285573803, 37.14243747587116], [30.315191285573803, 37.14189848670069], [30.313574318062393, 37.14189848670069], [30.313574318062393, 37.142976465041635], [30.313035328891914, 37.142976465041635], [30.313035328891914, 37.14243747587116], [30.312496339721434, 37.14243747587116], [30.312496339721434, 37.14135949753022], [30.313035328891914, 37.14135949753022], [30.313035328891914, 37.14028151918928]]]}, "id": "+390199+86939", "properties": {"area_ha": 4.008637182398661, "count": 14, "label": 1, "mean_dnbr": 0.19307788309919402}}, {"type": "Feature", "geometry": {"geodesic": false, "type": "Polygon", "coordinates": [[[30.316269263914762, 37.759041086890804], [30.317347242255693, 37.759041086890804], [30.317347242255693, 37.759580076061276], [30.317886231426172, 37.759580076061276], [30.317886231426172, 37.76011906523175], [30.318425220596623, 37.76011906523175], [30.318425220596623, 37.76065805440222], [30.317886231426172, 37.76065805440222], [30.317886231426172, 37.76119704357269], [30.316269263914762, 37.76119704357269], [30.316269263914762, 37.76065805440222], [30.315730274744283, 37.76065805440222], [30.315730274744283, 37.76011906523175], [30.316269263914762, 37.76011906523175], [30.316269263914762, 37.759041086890804]]]}, "id": "+390206+85791", "properties": {"area_ha": 3.691650580562745, "count": 13, "label": 1, "mean_dnbr": 0.22094040491947053}}, {"type": "Feature", "geometry": {"geodesic": false, "type": "Polygon", "coordinates": [[[30.315730274744283, 37.2998223136489], [30.317347242255693, 37.2998223136489], [30.317347242255693, 37.30090029198985], [30.316808253085213, 37.30090029198985], [30.316808253085213, 37.30143928116032], [30.316269263914762, 37.30143928116032], [30.316269263914762, 37.30197827033079], [30.313574318062393, 37.30197827033079], [30.313574318062393, 37.30143928116032], [30.316269263914762, 37.30143928116032], [30.316269263914762, 37.300361302819375], [30.315730274744283, 37.300361302819375], [30.315730274744283, 37.2998223136489]]]}, "id": "+390206+86643", "properties": {"area_ha": 3.1429909455869476, "count": 11, "label": 1, "mean_dnbr": 0.17412572833646764}}, {"type": "Feature", "geometry": {"geodesic": false, "type": "Polygon", "coordinates": [[[30.317886231426172, 37.775749751175425], [30.318964209767103, 37.775749751175425], [30.318964209767103, 37.7762887403459], [30.319503198937582, 37.7762887403459], [30.319503198937582, 37.77682772951637], [30.320581177278513, 37.77682772951637], [30.320581177278513, 37.77736671868684], [30.319503198937582, 37.77736671868684], [30.319503198937582, 37.777905707857315], [30.32004218810806, 37.777905707857315], [30.32004218810806, 37.77844469702779], [30.321120166448992, 37.77844469702779], [30.321120166448992, 37.77952267536873], [30.320581177278513, 37.77952267536873], [30.320581177278513, 37.77898368619826], [30.318964209767103, 37.77898368619826], [30.318964209767103, 37.77844469702779], [30.317886231426172, 37.77844469702779], [30.317886231426172, 37.77682772951637], [30.317347242255693, 37.77682772951637], [30.317347242255693, 37.7762887403459], [30.317886231426172, 37.7762887403459], [30.317886231426172, 37.775749751175425]]]}, "id": "+390209+85760", "properties": {"area_ha": 6.5298507367453436, "count": 23, "label": 1, "mean_dnbr": 0.2724635329093998}}, {"type": "Feature", "geometry": {"geodesic": false, "type": "Polygon", "coordinates": [[[30.318425220596623, 37.155373215962484], [30.321120166448992, 37.155373215962484], [30.321120166448992, 37.15645119430343], [30.32165915561947, 37.15645119430343], [30.32165915561947, 37.157529172644374], [30.32219814478995, 37.157529172644374], [30.32219814478995, 37.1569901834739], [30.32327612313088, 37.1569901834739], [30.32327612313088, 37.157529172644374], [30.322737133960402, 37.157529172644374], [30.322737133960402, 37.158068161814846], [30.32165915561947, 37.158068161814846], [30.32165915561947, 37.157529172644374], [30.320581177278513, 37.157529172644374], [30.320581177278513, 37.1569901834739], [30.321120166448992, 37.1569901834739], [30.321120166448992, 37.15645119430343], [30.320581177278513, 37.15645119430343], [30.320581177278513, 37.15591220513296], [30.32004218810806, 37.15591220513296], [30.32004218810806, 37.15645119430343], [30.319503198937582, 37.15645119430343], [30.319503198937582, 37.15591220513296], [30.318425220596623, 37.15591220513296], [30.318425220596623, 37.155373215962484]]]}, "id": "+390213+86911", "properties": {"area_ha": 4.007832485217607, "count": 14, "label": 1, "mean_dnbr": 0.1961242187156729}}, {"type": "Feature", "geometry": {"geodesic": false, "type": "Polygon", "coordinates": [[[30.321120166448992, 37.13758657333692], [30.32165915561947, 37.13758657333692], [30.32165915561947, 37.13974253001881], [30.322737133960402, 37.13974253001881], [30.322737133960402, 37.14028151918928], [30.32327612313088, 37.14028151918928], [30.32327612313088, 37.140820508359745], [30.32381511230136, 37.140820508359745], [30.32381511230136, 37.14189848670069], [30.32327612313088, 37.14189848670069], [30.32327612313088, 37.14243747587116], [30.322737133960402, 37.14243747587116], [30.322737133960402, 37.14028151918928], [30.32219814478995, 37.14028151918928], [30.32219814478995, 37.140820508359745], [30.321120166448992, 37.140820508359745], [30.321120166448992, 37.13758657333692]]]}, "id": "+390214+86944", "properties": {"area_ha": 4.295044546294371, "count": 15, "label": 1, "mean_dnbr": 0.2287211686810529}}, {"type": "Feature", "geometry": {"geodesic": false, "type": "Polygon", "coordinates": [[[30.321120166448992, 37.88839848780401], [30.32219814478995, 37.88839848780401], [30.32219814478995, 37.88893747697448], [30.322737133960402, 37.88893747697448], [30.322737133960402, 37.89109343365637], [30.32219814478995, 37.89109343365637], [30.32219814478995, 37.89217141199732], [30.32327612313088, 37.89217141199732], [30.32327612313088, 37.891632422826845], [30.324354101471812, 37.891632422826845], [30.324354101471812, 37.89109343365637], [30.32489309064229, 37.89109343365637], [30.32489309064229, 37.891632422826845], [30.324354101471812, 37.891632422826845], [30.324354101471812, 37.89217141199732], [30.32327612313088, 37.89217141199732], [30.32327612313088, 37.89271040116779], [30.32165915561947, 37.89271040116779], [30.32165915561947, 37.89324939033826], [30.32219814478995, 37.89324939033826], [30.32219814478995, 37.8943273686792], [30.321120166448992, 37.8943273686792], [30.321120166448992, 37.89271040116779], [30.32165915561947, 37.89271040116779], [30.32165915561947, 37.89217141199732], [30.320581177278513, 37.89217141199732], [30.320581177278513, 37.89271040116779], [30.32004218810806, 37.89271040116779], [30.32004218810806, 37.89217141199732], [30.320581177278513, 37.89217141199732], [30.320581177278513, 37.891632422826845], [30.321120166448992, 37.891632422826845], [30.321120166448992, 37.89109343365637], [30.32219814478995, 37.89109343365637], [30.32219814478995, 37.8905544444859], [30.32165915561947, 37.8905544444859], [30.32165915561947, 37.89001545531543], [30.32219814478995, 37.89001545531543], [30.32219814478995, 37.889476466144956], [30.321120166448992, 37.889476466144956], [30.321120166448992, 37.88839848780401]]]}, "id": "+390215+85551", "properties": {"area_ha": 7.370182729135253, "count": 26, "label": 1, "mean_dnbr": 0.20543572656487308}}, {"type": "Feature", "geometry": {"geodesic": false, "type": "Polygon", "coordinates": [[[30.322737133960402, 37.296588378626076], [30.32327612313088, 37.296588378626076], [30.32327612313088, 37.29712736779655], [30.322737133960402, 37.29712736779655], [30.322737133960402, 37.297666356967014], [30.32327612313088, 37.297666356967014], [30.32327612313088, 37.298205346137486], [30.32219814478995, 37.298205346137486], [30.32219814478995, 37.29874433530796], [30.321120166448992, 37.29874433530796], [30.321120166448992, 37.296588378626076], [30.32165915561947, 37.296588378626076], [30.32165915561947, 37.29712736779655], [30.322737133960402, 37.29712736779655], [30.322737133960402, 37.296588378626076]]]}, "id": "+390217+86649", "properties": {"area_ha": 3.14313342216608, "count": 11, "label": 1, "mean_dnbr": 0.23931917294949884}}, {"type": "Feature", "geometry": {"geodesic": false, "type": "Polygon", "coordinates": [[[30.32219814478995, 37.18825155536126], [30.32327612313088, 37.18825155536126], [30.32327612313088, 37.18879054453173], [30.324354101471812, 37.18879054453173], [30.324354101471812, 37.18986852287267], [30.322737133960402, 37.18986852287267], [30.322737133960402, 37.19094650121362], [30.32219814478995, 37.19094650121362], [30.32219814478995, 37.18986852287267], [30.32165915561947, 37.18986852287267], [30.32165915561947, 37.18879054453173], [30.32219814478995, 37.18879054453173], [30.32219814478995, 37.18825155536126]], [[30.322737133960402, 37.18879054453173], [30.322737133960402, 37.1893295337022], [30.32219814478995, 37.1893295337022], [30.32219814478995, 37.18879054453173], [30.322737133960402, 37.18879054453173]]]}, "id": "+390217+86850", "properties": {"area_ha": 3.7199544457468683, "count": 13, "label": 1, "mean_dnbr": 0.1766383628031423}}, {"type": "Feature", "geometry": {"geodesic": false, "type": "Polygon", "coordinates": [[[30.32327612313088, 37.885703541951656], [30.32381511230136, 37.885703541951656], [30.32381511230136, 37.8867815202926], [30.322737133960402, 37.8867815202926], [30.322737133960402, 37.88732050946307], [30.32219814478995, 37.88732050946307], [30.32219814478995, 37.887859498633546], [30.32165915561947, 37.887859498633546], [30.32165915561947, 37.8867815202926], [30.321120166448992, 37.8867815202926], [30.321120166448992, 37.885703541951656], [30.32219814478995, 37.885703541951656], [30.32219814478995, 37.88624253112213], [30.32327612313088, 37.88624253112213], [30.32327612313088, 37.885703541951656]]]}, "id": "+390218+85556", "properties": {"area_ha": 3.1183593702092987, "count": 11, "label": 1, "mean_dnbr": 0.19406396001748663}}, {"type": "Feature", "geometry": {"geodesic": false, "type": "Polygon", "coordinates": [[[30.322737133960402, 37.775749751175425], [30.32381511230136, 37.775749751175425], [30.32381511230136, 37.77682772951637], [30.32704904732418, 37.77682772951637], [30.32704904732418, 37.7762887403459], [30.32758803649466, 37.7762887403459], [30.32758803649466, 37.77682772951637], [30.32812702566514, 37.77682772951637], [30.32812702566514, 37.7762887403459], [30.32866601483559, 37.7762887403459], [30.32866601483559, 37.77682772951637], [30.32812702566514, 37.77682772951637], [30.32812702566514, 37.77736671868684], [30.32758803649466, 37.77736671868684], [30.32758803649466, 37.77844469702779], [30.32704904732418, 37.77844469702779], [30.32704904732418, 37.77898368619826], [30.3265100581537, 37.77898368619826], [30.3265100581537, 37.77952267536873], [30.32543207981277, 37.77952267536873], [30.32543207981277, 37.77844469702779], [30.3265100581537, 37.77844469702779], [30.3265100581537, 37.777905707857315], [30.32381511230136, 37.777905707857315], [30.32381511230136, 37.77682772951637], [30.322737133960402, 37.77682772951637], [30.322737133960402, 37.775749751175425]], [[30.32758803649466, 37.77682772951637], [30.32758803649466, 37.77736671868684], [30.32704904732418, 37.77736671868684], [30.32704904732418, 37.77682772951637], [30.32758803649466, 37.77682772951637]]]}, "id": "+390218+85760", "properties": {"area_ha": 7.665469746025121, "count": 27, "label": 1, "mean_dnbr": 0.23353039160364444}}, {"type": "Feature", "geometry": {"geodesic": false, "type": "Polygon", "coordinates": [[[30.32489309064229, 37.887859498633546], [30.32543207981277, 37.887859498633546], [30.32543207981277, 37.88839848780401], [30.3265100581537, 37.88839848780401], [30.3265100581537, 37.8905544444859], [30.32597106898325, 37.8905544444859], [30.32597106898325, 37.89001545531543], [30.324354101471812, 37.89001545531543], [30.324354101471812, 37.889476466144956], [30.32489309064229, 37.889476466144956], [30.32489309064229, 37.88893747697448], [30.32543207981277, 37.88893747697448], [30.32543207981277, 37.88839848780401], [30.32489309064229, 37.88839848780401], [30.32489309064229, 37.887859498633546]]]}, "id": "+390221+85552", "properties": {"area_ha": 3.1182457489502107, "count": 11, "label": 1, "mean_dnbr": 0.15372996667501143}}, {"type": "Feature", "geometry": {"geodesic": false, "type": "Polygon", "coordinates": [[[30.32489309064229, 37.83827249495015], [30.32543207981277, 37.83827249495015], [30.32543207981277, 37.83881148412062], [30.3265100581537, 37.83881148412062], [30.3265100581537, 37.83935047329109], [30.32704904732418, 37.83935047329109], [30.32704904732418, 37.839889462461564], [30.32758803649466, 37.839889462461564], [30.32758803649466, 37.83935047329109], [30.32812702566514, 37.83935047329109], [30.32812702566514, 37.839889462461564], [30.32758803649466, 37.839889462461564], [30.32758803649466, 37.84042845163203], [30.32704904732418, 37.84042845163203], [30.32704904732418, 37.839889462461564], [30.32597106898325, 37.839889462461564], [30.32597106898325, 37.83935047329109], [30.32543207981277, 37.83935047329109], [30.32543207981277, 37.839889462461564], [30.32489309064229, 37.839889462461564], [30.32489309064229, 37.84042845163203], [30.32597106898325, 37.84042845163203], [30.32597106898325, 37.8409674408025], [30.324354101471812, 37.8409674408025], [30.324354101471812, 37.84042845163203], [30.32327612313088, 37.84042845163203], [30.32327612313088, 37.8409674408025], [30.322737133960402, 37.8409674408025], [30.322737133960402, 37.84042845163203], [30.32327612313088, 37.84042845163203], [30.32327612313088, 37.839889462461564], [30.321120166448992, 37.839889462461564], [30.321120166448992, 37.83935047329109], [30.32165915561947, 37.83935047329109], [30.32165915561947, 37.83881148412062], [30.322737133960402, 37.83881148412062], [30.322737133960402, 37.83935047329109], [30.32327612313088, 37.83935047329109], [30.32327612313088, 37.83881148412062], [30.32381511230136, 37.83881148412062], [30.32381511230136, 37.83935047329109], [30.32327612313088, 37.83935047329109], [30.32327612313088, 37.839889462461564], [30.32489309064229, 37.839889462461564], [30.32489309064229, 37.83935047329109], [30.32543207981277, 37.83935047329109], [30.32543207981277, 37.83881148412062], [30.32489309064229, 37.83881148412062], [30.32489309064229, 37.83827249495015]]]}, "id": "+390221+85644", "properties": {"area_ha": 6.240689179159674, "count": 22, "label": 1, "mean_dnbr": 0.21857035911866282}}, {"type": "Feature", "geometry": {"geodesic": false, "type": "Polygon", "coordinates": [[[30.32543207981277, 37.277723757659565], [30.32597106898325, 37.277723757659565], [30.32597106898325, 37.27826274683004], [30.32543207981277, 37.27826274683004], [30.32543207981277, 37.27880173600051], [30.3265100581537, 37.27880173600051], [30.3265100581537, 37.279340725170975], [30.32597106898325, 37.279340725170975], [30.32597106898325, 37.27987971434145], [30.32543207981277, 37.27987971434145], [30.32543207981277, 37.279340725170975], [30.32489309064229, 37.279340725170975], [30.32489309064229, 37.27987971434145], [30.324354101471812, 37.27987971434145], [30.324354101471812, 37.28041870351192], [30.32381511230136, 37.28041870351192], [30.32381511230136, 37.27987971434145], [30.32327612313088, 37.27987971434145], [30.32327612313088, 37.27880173600051], [30.32381511230136, 37.27880173600051], [30.32381511230136, 37.279340725170975], [30.32489309064229, 37.279340725170975], [30.32489309064229, 37.27880173600051], [30.324354101471812, 37.27880173600051], [30.324354101471812, 37.27826274683004], [30.32543207981277, 37.27826274683004], [30.32543207981277, 37.277723757659565]]]}, "id": "+390222+86684", "properties": {"area_ha": 3.429714692528102, "count": 12, "label": 1, "mean_dnbr": 0.16727802586408932}}, {"type": "Feature", "geometry": {"geodesic": false, "type": "Polygon", "coordinates": [[[30.32974399317655, 37.88462556361071], [30.32920500400607, 37.88462556361071], [30.32920500400607, 37.885164552781184], [30.32866601483559, 37.885164552781184], [30.32866601483559, 37.88462556361071], [30.32812702566514, 37.88462556361071], [30.32812702566514, 37.88408657444024], [30.32758803649466, 37.88408657444024], [30.32758803649466, 37.88354758526977], [30.32704904732418, 37.88354758526977], [30.32704904732418, 37.88408657444024], [30.32597106898325, 37.88408657444024], [30.32597106898325, 37.883008596099295], [30.3265100581537, 37.883008596099295], [30.3265100581537, 37.88354758526977], [30.32704904732418, 37.88354758526977], [30.32704904732418, 37.88193061775836], [30.32758803649466, 37.88193061775836], [30.32758803649466, 37.88246960692882], [30.32812702566514, 37.88246960692882], [30.32812702566514, 37.883008596099295], [30.32758803649466, 37.883008596099295], [30.32758803649466, 37.88354758526977], [30.330282982347, 37.88354758526977], [30.330282982347, 37.88408657444024], [30.32974399317655, 37.88408657444024], [30.32974399317655, 37.88462556361071]]]}, "id": "+390225+85563", "properties": {"area_ha": 4.535961407990164, "count": 16, "label": 1, "mean_dnbr": 0.19035369573268363}}, {"type": "Feature", "geometry": {"geodesic": false, "type": "Polygon", "coordinates": [[[30.3265100581537, 37.288503541069], [30.32758803649466, 37.288503541069], [30.32758803649466, 37.28904253023947], [30.32812702566514, 37.28904253023947], [30.32812702566514, 37.290120508580415], [30.32920500400607, 37.290120508580415], [30.32920500400607, 37.29065949775089], [30.32866601483559, 37.29065949775089], [30.32866601483559, 37.29119848692136], [30.32812702566514, 37.29119848692136], [30.32812702566514, 37.290120508580415], [30.32704904732418, 37.290120508580415], [30.32704904732418, 37.291737476091825], [30.32597106898325, 37.291737476091825], [30.32597106898325, 37.29065949775089], [30.3265100581537, 37.29065949775089], [30.3265100581537, 37.290120508580415], [30.32704904732418, 37.290120508580415], [30.32704904732418, 37.28958151940994], [30.3265100581537, 37.28958151940994], [30.3265100581537, 37.288503541069]], [[30.32758803649466, 37.28904253023947], [30.32758803649466, 37.28958151940994], [30.32704904732418, 37.28958151940994], [30.32704904732418, 37.28904253023947], [30.32758803649466, 37.28904253023947]]]}, "id": "+390225+86664", "properties": {"area_ha": 4.000749292450088, "count": 14, "label": 1, "mean_dnbr": 0.16410488247989294}}, {"type": "Feature", "geometry": {"geodesic": false, "type": "Polygon", "coordinates": [[[30.32758803649466, 37.77952267536873], [30.32812702566514, 37.77952267536873], [30.32812702566514, 37.781678632050614], [30.32866601483559, 37.781678632050614], [30.32866601483559, 37.78113964288014], [30.32920500400607, 37.78113964288014], [30.32920500400607, 37.782217621221086], [30.32812702566514, 37.782217621221086], [30.32812702566514, 37.78329559956203], [30.32704904732418, 37.78329559956203], [30.32704904732418, 37.782217621221086], [30.32758803649466, 37.782217621221086], [30.32758803649466, 37.78060065370967], [30.32704904732418, 37.78060065370967], [30.32704904732418, 37.7800616645392], [30.32758803649466, 37.7800616645392], [30.32758803649466, 37.77952267536873]]]}, "id": "+390226+85753", "properties": {"area_ha": 3.6905819896184977, "count": 13, "label": 1, "mean_dnbr": 0.22302377127738418}}, {"type": "Feature", "geometry": {"geodesic": false, "type": "Polygon", "coordinates": [[[30.32597106898325, 37.07182989453937], [30.32812702566514, 37.07182989453937], [30.32812702566514, 37.07344686205079], [30.3265100581537, 37.07344686205079], [30.3265100581537, 37.074524840391724], [30.32543207981277, 37.074524840391724], [30.32543207981277, 37.07398585122126], [30.32381511230136, 37.07398585122126], [30.32381511230136, 37.074524840391724], [30.322737133960402, 37.074524840391724], [30.322737133960402, 37.0750638295622], [30.32165915561947, 37.0750638295622], [30.32165915561947, 37.07398585122126], [30.321120166448992, 37.07398585122126], [30.321120166448992, 37.07344686205079], [30.32381511230136, 37.07344686205079], [30.32381511230136, 37.072907872880315], [30.32543207981277, 37.072907872880315], [30.32543207981277, 37.07236888370984], [30.32597106898325, 37.07236888370984], [30.32597106898325, 37.07182989453937]]]}, "id": "+390226+87066", "properties": {"area_ha": 10.03060577498008, "count": 35, "label": 1, "mean_dnbr": 0.22417588167525093}}, {"type": "Feature", "geometry": {"geodesic": false, "type": "Polygon", "coordinates": [[[30.32812702566514, 37.889476466144956], [30.32866601483559, 37.889476466144956], [30.32866601483559, 37.89001545531543], [30.32920500400607, 37.89001545531543], [30.32920500400607, 37.89109343365637], [30.32758803649466, 37.89109343365637], [30.32758803649466, 37.89271040116779], [30.3265100581537, 37.89271040116779], [30.3265100581537, 37.89324939033826], [30.32489309064229, 37.89324939033826], [30.32489309064229, 37.89217141199732], [30.32597106898325, 37.89217141199732], [30.32597106898325, 37.891632422826845], [30.32543207981277, 37.891632422826845], [30.32543207981277, 37.89109343365637], [30.32704904732418, 37.89109343365637], [30.32704904732418, 37.8905544444859], [30.32758803649466, 37.8905544444859], [30.32758803649466, 37.89001545531543], [30.32812702566514, 37.89001545531543], [30.32812702566514, 37.889476466144956]]]}, "id": "+390227+85549", "properties": {"area_ha": 6.519765995306903, "count": 23, "label": 1, "mean_dnbr": 0.183278781375734}}, {"type": "Feature", "geometry": {"geodesic": false, "type": "Polygon", "coordinates": [[[30.33082197151748, 37.118182963199935], [30.33189994985844, 37.118182963199935], [30.33189994985844, 37.11926094154088], [30.33297792819937, 37.11926094154088], [30.33297792819937, 37.11979993071135], [30.33351691736985, 37.11979993071135], [30.33351691736985, 37.11926094154088], [30.33513388488126, 37.11926094154088], [30.33513388488126, 37.120338919881824], [30.33243893902889, 37.120338919881824], [30.33243893902889, 37.1208779090523], [30.33082197151748, 37.1208779090523], [30.33082197151748, 37.12141689822277], [30.32974399317655, 37.12141689822277], [30.32974399317655, 37.1208779090523], [30.33082197151748, 37.1208779090523], [30.33082197151748, 37.120338919881824], [30.33243893902889, 37.120338919881824], [30.33243893902889, 37.11979993071135], [30.33189994985844, 37.11979993071135], [30.33189994985844, 37.11926094154088], [30.330282982347, 37.11926094154088], [30.330282982347, 37.11872195237041], [30.33082197151748, 37.11872195237041], [30.33082197151748, 37.118182963199935]]]}, "id": "+390233+86980", "properties": {"area_ha": 5.72828650763557, "count": 20, "label": 1, "mean_dnbr": 0.17754478064880796}}, {"type": "Feature", "geometry": {"geodesic": false, "type": "Polygon", "coordinates": [[[30.32866601483559, 37.343480436457114], [30.32866601483559, 37.34294144728664], [30.32920500400607, 37.34294144728664], [30.32920500400607, 37.34240245811617], [30.330282982347, 37.34240245811617], [30.330282982347, 37.3418634689457], [30.33082197151748, 37.3418634689457], [30.33082197151748, 37.341324479775224], [30.33243893902889, 37.341324479775224], [30.33243893902889, 37.34294144728664], [30.33189994985844, 37.34294144728664], [30.33189994985844, 37.34240245811617], [30.330282982347, 37.34240245811617], [30.330282982347, 37.343480436457114], [30.32866601483559, 37.343480436457114]]]}, "id": "+390234+86566", "properties": {"area_ha": 3.712405225424542, "count": 13, "label": 1, "mean_dnbr": 0.2311355476855791}}, {"type": "Feature", "geometry": {"geodesic": false, "type": "Polygon", "coordinates": [[[30.33136096068796, 37.28257466019381], [30.33297792819937, 37.28257466019381], [30.33297792819937, 37.2847306168757], [30.33243893902889, 37.2847306168757], [30.33243893902889, 37.285269606046164], [30.33082197151748, 37.285269606046164], [30.33082197151748, 37.283652638534754], [30.33136096068796, 37.283652638534754], [30.33136096068796, 37.28257466019381]]]}, "id": "+390235+86675", "properties": {"area_ha": 4.858455831009048, "count": 17, "label": 1, "mean_dnbr": 0.1797673011184312}}, {"type": "Feature", "geometry": {"geodesic": false, "type": "Polygon", "coordinates": [[[30.33189994985844, 37.785990545414386], [30.33351691736985, 37.785990545414386], [30.33351691736985, 37.78652953458486], [30.33297792819937, 37.78652953458486], [30.33297792819937, 37.7876075129258], [30.33351691736985, 37.7876075129258], [30.33351691736985, 37.78706852375533], [30.33459489571078, 37.78706852375533], [30.33459489571078, 37.78652953458486], [30.33513388488126, 37.78652953458486], [30.33513388488126, 37.78706852375533], [30.33459489571078, 37.78706852375533], [30.33459489571078, 37.788146502096275], [30.33243893902889, 37.788146502096275], [30.33243893902889, 37.78706852375533], [30.33189994985844, 37.78706852375533], [30.33189994985844, 37.785990545414386]]]}, "id": "+390236+85741", "properties": {"area_ha": 3.6903085815230523, "count": 13, "label": 1, "mean_dnbr": 0.2165228273402836}}, {"type": "Feature", "geometry": {"geodesic": false, "type": "Polygon", "coordinates": [[[30.32920500400607, 37.28904253023947], [30.32920500400607, 37.287964551898526], [30.32974399317655, 37.287964551898526], [30.32974399317655, 37.28742556272805], [30.330282982347, 37.28742556272805], [30.330282982347, 37.287964551898526], [30.33082197151748, 37.287964551898526], [30.33082197151748, 37.28742556272805], [30.33136096068796, 37.28742556272805], [30.33136096068796, 37.28634758438711], [30.33243893902889, 37.28634758438711], [30.33243893902889, 37.285808595216636], [30.33405590654033, 37.285808595216636], [30.33405590654033, 37.28688657355758], [30.33351691736985, 37.28688657355758], [30.33351691736985, 37.28742556272805], [30.33459489571078, 37.28742556272805], [30.33459489571078, 37.287964551898526], [30.33405590654033, 37.287964551898526], [30.33405590654033, 37.290120508580415], [30.33351691736985, 37.290120508580415], [30.33351691736985, 37.28958151940994], [30.33189994985844, 37.28958151940994], [30.33189994985844, 37.290120508580415], [30.33082197151748, 37.290120508580415], [30.33082197151748, 37.28904253023947], [30.32920500400607, 37.28904253023947]], [[30.33351691736985, 37.288503541069], [30.33351691736985, 37.28904253023947], [30.33243893902889, 37.28904253023947], [30.33243893902889, 37.288503541069], [30.33351691736985, 37.288503541069]], [[30.33189994985844, 37.28742556272805], [30.33189994985844, 37.287964551898526], [30.33243893902889, 37.287964551898526], [30.33243893902889, 37.288503541069], [30.33189994985844, 37.288503541069], [30.33189994985844, 37.28904253023947], [30.33136096068796, 37.28904253023947], [30.33136096068796, 37.28742556272805], [30.33189994985844, 37.28742556272805]], [[30.33351691736985, 37.28742556272805], [30.33351691736985, 37.287964551898526], [30.33243893902889, 37.287964551898526], [30.33243893902889, 37.28742556272805], [30.33351691736985, 37.28742556272805]]]}, "id": "+390237+86669", "properties": {"area_ha": 11.14526385091454, "count": 39, "label": 1, "mean_dnbr": 0.1910148906576789}}, {"type": "Feature", "geometry": {"geodesic": false, "type": "Polygon", "coordinates": [[[30.33567287405174, 37.09716238555154], [30.33621186322219, 37.09716238555154], [30.33621186322219, 37.097701374722014], [30.33675085239267, 37.097701374722014], [30.33675085239267, 37.09824036389249], [30.33567287405174, 37.09824036389249], [30.33567287405174, 37.09877935306295], [30.33513388488126, 37.09877935306295], [30.33513388488126, 37.099318342233424], [30.33459489571078, 37.099318342233424], [30.33459489571078, 37.09877935306295], [30.33351691736985, 37.09877935306295], [30.33351691736985, 37.09824036389249], [30.33405590654033, 37.09824036389249], [30.33405590654033, 37.097701374722014], [30.33351691736985, 37.097701374722014], [30.33351691736985, 37.09716238555154], [30.33405590654033, 37.09716238555154], [30.33405590654033, 37.097701374722014], [30.33459489571078, 37.097701374722014], [30.33459489571078, 37.09824036389249], [30.33513388488126, 37.09824036389249], [30.33513388488126, 37.097701374722014], [30.33567287405174, 37.097701374722014], [30.33567287405174, 37.09716238555154]]]}, "id": "+390241+87019", "properties": {"area_ha": 3.1514525280545347, "count": 11, "label": 1, "mean_dnbr": 0.2602462376162226}}, {"type": "Feature", "geometry": {"geodesic": false, "type": "Polygon", "coordinates": [[[30.33621186322219, 37.296588378626076], [30.33675085239267, 37.296588378626076], [30.33675085239267, 37.297666356967014], [30.33728984156315, 37.297666356967014], [30.33728984156315, 37.298205346137486], [30.337828830733628, 37.298205346137486], [30.337828830733628, 37.297666356967014], [30.33836781990408, 37.297666356967014], [30.33836781990408, 37.298205346137486], [30.337828830733628, 37.298205346137486], [30.337828830733628, 37.29874433530796], [30.338906809074558, 37.29874433530796], [30.338906809074558, 37.29928332447843], [30.341062765756448, 37.29928332447843], [30.341062765756448, 37.2998223136489], [30.341601754926927, 37.2998223136489], [30.341601754926927, 37.29928332447843], [30.342679733267858, 37.29928332447843], [30.342679733267858, 37.29874433530796], [30.343218722438337, 37.29874433530796], [30.343218722438337, 37.29928332447843], [30.342679733267858, 37.29928332447843], [30.342679733267858, 37.2998223136489], [30.341601754926927, 37.2998223136489], [30.341601754926927, 37.300361302819375], [30.341062765756448, 37.300361302819375], [30.341062765756448, 37.30143928116032], [30.340523776585968, 37.30143928116032], [30.340523776585968, 37.300361302819375], [30.339984787415517, 37.300361302819375], [30.339984787415517, 37.30090029198985], [30.33836781990408, 37.30090029198985], [30.33836781990408, 37.30143928116032], [30.337828830733628, 37.30143928116032], [30.337828830733628, 37.29874433530796], [30.33728984156315, 37.29874433530796], [30.33728984156315, 37.298205346137486], [30.33675085239267, 37.298205346137486], [30.33675085239267, 37.297666356967014], [30.33567287405174, 37.297666356967014], [30.33567287405174, 37.29712736779655], [30.33621186322219, 37.29712736779655], [30.33621186322219, 37.296588378626076]], [[30.338906809074558, 37.2998223136489], [30.338906809074558, 37.300361302819375], [30.33836781990408, 37.300361302819375], [30.33836781990408, 37.2998223136489], [30.338906809074558, 37.2998223136489]]]}, "id": "+390242+86649", "properties": {"area_ha": 8.571968297578268, "count": 30, "label": 1, "mean_dnbr": 0.19530398503393037}}, {"type": "Feature", "geometry": {"geodesic": false, "type": "Polygon", "coordinates": [[[30.33621186322219, 37.8867815202926], [30.33728984156315, 37.8867815202926], [30.33728984156315, 37.887859498633546], [30.33836781990408, 37.887859498633546], [30.33836781990408, 37.88893747697448], [30.33297792819937, 37.88893747697448], [30.33297792819937, 37.88839848780401], [30.33513388488126, 37.88839848780401], [30.33513388488126, 37.887859498633546], [30.33675085239267, 37.887859498633546], [30.33675085239267, 37.88732050946307], [30.33621186322219, 37.88732050946307], [30.33621186322219, 37.8867815202926]]]}, "id": "+390243+85554", "properties": {"area_ha": 5.386229429678543, "count": 19, "label": 1, "mean_dnbr": 0.17702561691365787}}, {"type": "Feature", "geometry": {"geodesic": false, "type": "Polygon", "coordinates": [[[30.33675085239267, 37.27987971434145], [30.337828830733628, 37.27987971434145], [30.337828830733628, 37.28095769268239], [30.33836781990408, 37.28095769268239], [30.33836781990408, 37.28203567102334], [30.338906809074558, 37.28203567102334], [30.338906809074558, 37.28095769268239], [30.339445798245038, 37.28095769268239], [30.339445798245038, 37.28203567102334], [30.338906809074558, 37.28203567102334], [30.338906809074558, 37.28311364936428], [30.33836781990408, 37.28311364936428], [30.33836781990408, 37.28203567102334], [30.337828830733628, 37.28203567102334], [30.337828830733628, 37.281496681852865], [30.33728984156315, 37.281496681852865], [30.33728984156315, 37.28095769268239], [30.33675085239267, 37.28095769268239], [30.33675085239267, 37.27987971434145]]]}, "id": "+390244+86680", "properties": {"area_ha": 3.143817918960013, "count": 11, "label": 1, "mean_dnbr": 0.19440107918893348}}, {"type": "Feature", "geometry": {"geodesic": false, "type": "Polygon", "coordinates": [[[30.33728984156315, 37.78329559956203], [30.33836781990408, 37.78329559956203], [30.33836781990408, 37.7838345887325], [30.339984787415517, 37.7838345887325], [30.339984787415517, 37.784373577902976], [30.340523776585968, 37.784373577902976], [30.340523776585968, 37.7838345887325], [30.341601754926927, 37.7838345887325], [30.341601754926927, 37.785990545414386], [30.342679733267858, 37.785990545414386], [30.342679733267858, 37.78652953458486], [30.342140744097378, 37.78652953458486], [30.342140744097378, 37.78706852375533], [30.341601754926927, 37.78706852375533], [30.341601754926927, 37.78652953458486], [30.340523776585968, 37.78652953458486], [30.340523776585968, 37.78491256707345], [30.339984787415517, 37.78491256707345], [30.339984787415517, 37.784373577902976], [30.339445798245038, 37.784373577902976], [30.339445798245038, 37.78545155624392], [30.33836781990408, 37.78545155624392], [30.33836781990408, 37.784373577902976], [30.337828830733628, 37.784373577902976], [30.337828830733628, 37.7838345887325], [30.33728984156315, 37.7838345887325], [30.33728984156315, 37.78329559956203]]]}, "id": "+390245+85746", "properties": {"area_ha": 6.8130685274176095, "count": 24, "label": 1, "mean_dnbr": 0.1989576015211757}}, {"type": "Feature", "geometry": {"geodesic": false, "type": "Polygon", "coordinates": [[[30.33836781990408, 37.77952267536873], [30.338906809074558, 37.77952267536873], [30.338906809074558, 37.7800616645392], [30.339984787415517, 37.7800616645392], [30.339984787415517, 37.78060065370967], [30.338906809074558, 37.78060065370967], [30.338906809074558, 37.7800616645392], [30.33836781990408, 37.7800616645392], [30.33836781990408, 37.78113964288014], [30.338906809074558, 37.78113964288014], [30.338906809074558, 37.781678632050614], [30.33836781990408, 37.781678632050614], [30.33836781990408, 37.782217621221086], [30.33675085239267, 37.782217621221086], [30.33675085239267, 37.78329559956203], [30.33459489571078, 37.78329559956203], [30.33459489571078, 37.78275661039156], [30.33351691736985, 37.78275661039156], [30.33351691736985, 37.78060065370967], [30.33297792819937, 37.78060065370967], [30.33297792819937, 37.7800616645392], [30.33351691736985, 37.7800616645392], [30.33351691736985, 37.78060065370967], [30.33405590654033, 37.78060065370967], [30.33405590654033, 37.7800616645392], [30.33513388488126, 37.7800616645392], [30.33513388488126, 37.78060065370967], [30.33567287405174, 37.78060065370967], [30.33567287405174, 37.7800616645392], [30.33675085239267, 37.7800616645392], [30.33675085239267, 37.781678632050614], [30.33728984156315, 37.781678632050614], [30.33728984156315, 37.78113964288014], [30.337828830733628, 37.78113964288014], [30.337828830733628, 37.7800616645392], [30.33836781990408, 37.7800616645392], [30.33836781990408, 37.77952267536873]]]}, "id": "+390246+85753", "properties": {"area_ha": 12.491225151412742, "count": 44, "label": 1, "mean_dnbr": 0.2690925886796429}}, {"type": "Feature", "geometry": {"geodesic": false, "type": "Polygon", "coordinates": [[[30.337828830733628, 37.316530977933525], [30.338906809074558, 37.316530977933525], [30.338906809074558, 37.317069967104], [30.339445798245038, 37.317069967104], [30.339445798245038, 37.31760895627447], [30.339984787415517, 37.31760895627447], [30.339984787415517, 37.31814794544494], [30.339445798245038, 37.31814794544494], [30.339445798245038, 37.318686934615414], [30.338906809074558, 37.318686934615414], [30.338906809074558, 37.319225923785886], [30.33836781990408, 37.319225923785886], [30.33836781990408, 37.318686934615414], [30.33675085239267, 37.318686934615414], [30.33675085239267, 37.319225923785886], [30.33621186322219, 37.319225923785886], [30.33621186322219, 37.31760895627447], [30.33567287405174, 37.31760895627447], [30.33567287405174, 37.317069967104], [30.33675085239267, 37.317069967104], [30.33675085239267, 37.31760895627447], [30.33836781990408, 37.31760895627447], [30.33836781990408, 37.317069967104], [30.337828830733628, 37.317069967104], [30.337828830733628, 37.316530977933525]]]}, "id": "+390246+86612", "properties": {"area_ha": 5.998909966982959, "count": 21, "label": 1, "mean_dnbr": 0.23499256268071195}}, {"type": "Feature", "geometry": {"geodesic": false, "type": "Polygon", "coordinates": [[[30.338906809074558, 37.889476466144956], [30.339445798245038, 37.889476466144956], [30.339445798245038, 37.89001545531543], [30.339984787415517, 37.89001545531543], [30.339984787415517, 37.8905544444859], [30.339445798245038, 37.8905544444859], [30.339445798245038, 37.89217141199732], [30.341062765756448, 37.89217141199732], [30.341062765756448, 37.89271040116779], [30.340523776585968, 37.89271040116779], [30.340523776585968, 37.89324939033826], [30.337828830733628, 37.89324939033826], [30.337828830733628, 37.89271040116779], [30.33728984156315, 37.89271040116779], [30.33728984156315, 37.89217141199732], [30.33675085239267, 37.89217141199732], [30.33675085239267, 37.89109343365637], [30.33728984156315, 37.89109343365637], [30.33728984156315, 37.8905544444859], [30.33621186322219, 37.8905544444859], [30.33621186322219, 37.89001545531543], [30.33728984156315, 37.89001545531543], [30.33728984156315, 37.8905544444859], [30.33836781990408, 37.8905544444859], [30.33836781990408, 37.89001545531543], [30.338906809074558, 37.89001545531543], [30.338906809074558, 37.889476466144956]], [[30.338906809074558, 37.89109343365637], [30.338906809074558, 37.89217141199732], [30.33728984156315, 37.89217141199732], [30.33728984156315, 37.89109343365637], [30.338906809074558, 37.89109343365637]], [[30.339445798245038, 37.89001545531543], [30.339445798245038, 37.8905544444859], [30.338906809074558, 37.8905544444859], [30.338906809074558, 37.89001545531543], [30.339445798245038, 37.89001545531543]]]}, "id": "+390247+85549", "properties": {"area_ha": 7.086696149564513, "count": 25, "label": 1, "mean_dnbr": 0.19787856041160992}}, {"type": "Feature", "geometry": {"geodesic": false, "type": "Polygon", "coordinates": [[[30.33836781990408, 37.788146502096275], [30.339984787415517, 37.788146502096275], [30.339984787415517, 37.78868549126675], [30.340523776585968, 37.78868549126675], [30.340523776585968, 37.78922448043722], [30.339984787415517, 37.78922448043722], [30.339984787415517, 37.78976346960769], [30.339445798245038, 37.78976346960769], [30.339445798245038, 37.78922448043722], [30.33836781990408, 37.78922448043722], [30.33836781990408, 37.78976346960769], [30.338906809074558, 37.78976346960769], [30.338906809074558, 37.790302458778164], [30.337828830733628, 37.790302458778164], [30.337828830733628, 37.78922448043722], [30.33728984156315, 37.78922448043722], [30.33728984156315, 37.78868549126675], [30.337828830733628, 37.78868549126675], [30.337828830733628, 37.78922448043722], [30.33836781990408, 37.78922448043722], [30.33836781990408, 37.788146502096275]], [[30.339984787415517, 37.78868549126675], [30.339984787415517, 37.78922448043722], [30.339445798245038, 37.78922448043722], [30.339445798245038, 37.78868549126675], [30.339984787415517, 37.78868549126675]]]}, "id": "+390248+85737", "properties": {"area_ha": 3.122481475111791, "count": 11, "label": 1, "mean_dnbr": 0.23230022925695687}}, {"type": "Feature", "geometry": {"geodesic": false, "type": "Polygon", "coordinates": [[[30.33836781990408, 37.885703541951656], [30.340523776585968, 37.885703541951656], [30.340523776585968, 37.88624253112213], [30.341062765756448, 37.88624253112213], [30.341062765756448, 37.88732050946307], [30.341601754926927, 37.88732050946307], [30.341601754926927, 37.88624253112213], [30.342679733267858, 37.88624253112213], [30.342679733267858, 37.8867815202926], [30.343218722438337, 37.8867815202926], [30.343218722438337, 37.88732050946307], [30.343757711608816, 37.88732050946307], [30.343757711608816, 37.887859498633546], [30.343218722438337, 37.887859498633546], [30.343218722438337, 37.88732050946307], [30.342679733267858, 37.88732050946307], [30.342679733267858, 37.8867815202926], [30.342140744097378, 37.8867815202926], [30.342140744097378, 37.88839848780401], [30.342679733267858, 37.88839848780401], [30.342679733267858, 37.889476466144956], [30.343218722438337, 37.889476466144956], [30.343218722438337, 37.89001545531543], [30.343757711608816, 37.89001545531543], [30.343757711608816, 37.8905544444859], [30.341601754926927, 37.8905544444859], [30.341601754926927, 37.889476466144956], [30.340523776585968, 37.889476466144956], [30.340523776585968, 37.88893747697448], [30.341601754926927, 37.88893747697448], [30.341601754926927, 37.88839848780401], [30.339984787415517, 37.88839848780401], [30.339984787415517, 37.887859498633546], [30.340523776585968, 37.887859498633546], [30.340523776585968, 37.8867815202926], [30.339984787415517, 37.8867815202926], [30.339984787415517, 37.88624253112213], [30.33836781990408, 37.88624253112213], [30.33836781990408, 37.8867815202926], [30.337828830733628, 37.8867815202926], [30.337828830733628, 37.88624253112213], [30.33836781990408, 37.88624253112213], [30.33836781990408, 37.885703541951656]]]}, "id": "+390249+85556", "properties": {"area_ha": 9.354897813059127, "count": 33, "label": 1, "mean_dnbr": 0.1752571167802834}}, {"type": "Feature", "geometry": {"geodesic": false, "type": "Polygon", "coordinates": [[[30.339984787415517, 37.895405347020144], [30.342679733267858, 37.895405347020144], [30.342679733267858, 37.89594433619062], [30.343218722438337, 37.89594433619062], [30.343218722438337, 37.89702231453156], [30.342140744097378, 37.89702231453156], [30.342140744097378, 37.898100292872506], [30.341601754926927, 37.898100292872506], [30.341601754926927, 37.89702231453156], [30.339445798245038, 37.89702231453156], [30.339445798245038, 37.897561303702034], [30.338906809074558, 37.897561303702034], [30.338906809074558, 37.89702231453156], [30.339445798245038, 37.89702231453156], [30.339445798245038, 37.89648332536109], [30.339984787415517, 37.89648332536109], [30.339984787415517, 37.895405347020144]], [[30.341062765756448, 37.89594433619062], [30.341062765756448, 37.89648332536109], [30.340523776585968, 37.89648332536109], [30.340523776585968, 37.89594433619062], [30.341062765756448, 37.89594433619062]]]}, "id": "+390253+85538", "properties": {"area_ha": 5.668977664712773, "count": 20, "label": 1, "mean_dnbr": 0.21736541568715784}}, {"type": "Feature", "geometry": {"geodesic": false, "type": "Polygon", "coordinates": [[[30.344835689949747, 37.35695516571891], [30.345374679120226, 37.35695516571891], [30.345374679120226, 37.35749415488938], [30.344835689949747, 37.35749415488938], [30.344835689949747, 37.358033144059846], [30.345913668290706, 37.358033144059846], [30.345913668290706, 37.35857213323032], [30.344835689949747, 37.35857213323032], [30.344835689949747, 37.35911112240079], [30.345374679120226, 37.35911112240079], [30.345374679120226, 37.35965011157126], [30.344296700779267, 37.35965011157126], [30.344296700779267, 37.360189100741735], [30.343757711608816, 37.360189100741735], [30.343757711608816, 37.36126707908268], [30.343218722438337, 37.36126707908268], [30.343218722438337, 37.36180606825315], [30.342679733267858, 37.36180606825315], [30.342679733267858, 37.35965011157126], [30.343218722438337, 37.35965011157126], [30.343218722438337, 37.35911112240079], [30.342679733267858, 37.35911112240079], [30.342679733267858, 37.35749415488938], [30.344835689949747, 37.35749415488938], [30.344835689949747, 37.35695516571891]], [[30.344835689949747, 37.358033144059846], [30.344835689949747, 37.35857213323032], [30.344296700779267, 37.35857213323032], [30.344296700779267, 37.358033144059846], [30.344835689949747, 37.358033144059846]]]}, "id": "+390258+86537", "properties": {"area_ha": 7.423146361729791, "count": 26, "label": 1, "mean_dnbr": 0.21740368004230637}}, {"type": "Feature", "geometry": {"geodesic": false, "type": "Polygon", "coordinates": [[[30.343757711608816, 37.88624253112213], [30.345913668290706, 37.88624253112213], [30.345913668290706, 37.8867815202926], [30.346991646631636, 37.8867815202926], [30.346991646631636, 37.887859498633546], [30.347530635802116, 37.887859498633546], [30.347530635802116, 37.88893747697448], [30.346452657461157, 37.88893747697448], [30.346452657461157, 37.889476466144956], [30.345913668290706, 37.889476466144956], [30.345913668290706, 37.88893747697448], [30.346452657461157, 37.88893747697448], [30.346452657461157, 37.88839848780401], [30.345913668290706, 37.88839848780401], [30.345913668290706, 37.887859498633546], [30.344835689949747, 37.887859498633546], [30.344835689949747, 37.88732050946307], [30.345374679120226, 37.88732050946307], [30.345374679120226, 37.8867815202926], [30.343757711608816, 37.8867815202926], [30.343757711608816, 37.88624253112213]]]}, "id": "+390259+85555", "properties": {"area_ha": 4.819215159768064, "count": 17, "label": 1, "mean_dnbr": 0.19793386600704502}}, {"type": "Feature", "geometry": {"geodesic": false, "type": "Polygon", "coordinates": [[[30.345374679120226, 37.304134227012675], [30.346452657461157, 37.304134227012675], [30.346452657461157, 37.30467321618315], [30.346991646631636, 37.30467321618315], [30.346991646631636, 37.30521220535362], [30.347530635802116, 37.30521220535362], [30.347530635802116, 37.30575119452409], [30.346991646631636, 37.30575119452409], [30.346991646631636, 37.306290183694564], [30.345913668290706, 37.306290183694564], [30.345913668290706, 37.30682917286504], [30.345374679120226, 37.30682917286504], [30.345374679120226, 37.306290183694564], [30.344835689949747, 37.306290183694564], [30.344835689949747, 37.30736816203551], [30.345374679120226, 37.30736816203551], [30.345374679120226, 37.30790715120598], [30.344835689949747, 37.30790715120598], [30.344835689949747, 37.308446140376454], [30.344296700779267, 37.308446140376454], [30.344296700779267, 37.30790715120598], [30.343757711608816, 37.30790715120598], [30.343757711608816, 37.30736816203551], [30.344296700779267, 37.30736816203551], [30.344296700779267, 37.30682917286504], [30.343757711608816, 37.30682917286504], [30.343757711608816, 37.306290183694564], [30.342679733267858, 37.306290183694564], [30.342679733267858, 37.30682917286504], [30.342140744097378, 37.30682917286504], [30.342140744097378, 37.30575119452409], [30.342679733267858, 37.30575119452409], [30.342679733267858, 37.30521220535362], [30.344835689949747, 37.30521220535362], [30.344835689949747, 37.30575119452409], [30.346452657461157, 37.30575119452409], [30.346452657461157, 37.30467321618315], [30.345374679120226, 37.30467321618315], [30.345374679120226, 37.304134227012675]]]}, "id": "+390260+86635", "properties": {"area_ha": 7.714089791021422, "count": 27, "label": 1, "mean_dnbr": 0.19838443712923345}}, {"type": "Feature", "geometry": {"geodesic": false, "type": "Polygon", "coordinates": [[[30.346991646631636, 37.35048729567325], [30.348069624972567, 37.35048729567325], [30.348069624972567, 37.35102628484372], [30.348608614143046, 37.35102628484372], [30.348608614143046, 37.351565274014185], [30.348069624972567, 37.351565274014185], [30.348069624972567, 37.35264325235513], [30.348608614143046, 37.35264325235513], [30.348608614143046, 37.3531822415256], [30.349147603313526, 37.3531822415256], [30.349147603313526, 37.353721230696074], [30.348608614143046, 37.353721230696074], [30.348608614143046, 37.3531822415256], [30.346991646631636, 37.3531822415256], [30.346991646631636, 37.353721230696074], [30.346452657461157, 37.353721230696074], [30.346452657461157, 37.354260219866546], [30.345913668290706, 37.354260219866546], [30.345913668290706, 37.35479920903702], [30.345374679120226, 37.35479920903702], [30.345374679120226, 37.35533819820749], [30.344835689949747, 37.35533819820749], [30.344835689949747, 37.35479920903702], [30.344296700779267, 37.35479920903702], [30.344296700779267, 37.354260219866546], [30.345374679120226, 37.354260219866546], [30.345374679120226, 37.353721230696074], [30.344835689949747, 37.353721230696074], [30.344835689949747, 37.3531822415256], [30.345374679120226, 37.3531822415256], [30.345374679120226, 37.353721230696074], [30.346452657461157, 37.353721230696074], [30.346452657461157, 37.3531822415256], [30.346991646631636, 37.3531822415256], [30.346991646631636, 37.35210426318466], [30.345913668290706, 37.35210426318466], [30.345913668290706, 37.35102628484372], [30.346991646631636, 37.35102628484372], [30.346991646631636, 37.35048729567325]]]}, "id": "+390263+86549", "properties": {"area_ha": 7.138263096067967, "count": 25, "label": 1, "mean_dnbr": 0.20602449960729727}}, {"type": "Feature", "geometry": {"geodesic": false, "type": "Polygon", "coordinates": [[[30.346452657461157, 37.139203540848335], [30.348069624972567, 37.139203540848335], [30.348069624972567, 37.140820508359745], [30.347530635802116, 37.140820508359745], [30.347530635802116, 37.14135949753022], [30.348069624972567, 37.14135949753022], [30.348069624972567, 37.14189848670069], [30.347530635802116, 37.14189848670069], [30.347530635802116, 37.14243747587116], [30.346452657461157, 37.14243747587116], [30.346452657461157, 37.142976465041635], [30.345374679120226, 37.142976465041635], [30.345374679120226, 37.14189848670069], [30.343757711608816, 37.14189848670069], [30.343757711608816, 37.14135949753022], [30.345913668290706, 37.14135949753022], [30.345913668290706, 37.140820508359745], [30.346452657461157, 37.140820508359745], [30.346452657461157, 37.14135949753022], [30.346991646631636, 37.14135949753022], [30.346991646631636, 37.14028151918928], [30.347530635802116, 37.14028151918928], [30.347530635802116, 37.13974253001881], [30.346452657461157, 37.13974253001881], [30.346452657461157, 37.139203540848335]], [[30.346452657461157, 37.14189848670069], [30.346452657461157, 37.14243747587116], [30.345913668290706, 37.14243747587116], [30.345913668290706, 37.14189848670069], [30.346452657461157, 37.14189848670069]]]}, "id": "+390263+86941", "properties": {"area_ha": 6.012977853402958, "count": 21, "label": 1, "mean_dnbr": 0.18758293975256804}}, {"type": "Feature", "geometry": {"geodesic": false, "type": "Polygon", "coordinates": [[[30.348069624972567, 37.788146502096275], [30.348608614143046, 37.788146502096275], [30.348608614143046, 37.78868549126675], [30.349147603313526, 37.78868549126675], [30.349147603313526, 37.790302458778164], [30.348608614143046, 37.790302458778164], [30.348608614143046, 37.79138043711911], [30.347530635802116, 37.79138043711911], [30.347530635802116, 37.79245841546005], [30.345374679120226, 37.79245841546005], [30.345374679120226, 37.791919426289574], [30.344835689949747, 37.791919426289574], [30.344835689949747, 37.79138043711911], [30.345374679120226, 37.79138043711911], [30.345374679120226, 37.791919426289574], [30.345913668290706, 37.791919426289574], [30.345913668290706, 37.79138043711911], [30.346452657461157, 37.79138043711911], [30.346452657461157, 37.79084144794864], [30.346991646631636, 37.79084144794864], [30.346991646631636, 37.790302458778164], [30.347530635802116, 37.790302458778164], [30.347530635802116, 37.78976346960769], [30.348069624972567, 37.78976346960769], [30.348069624972567, 37.78922448043722], [30.348608614143046, 37.78922448043722], [30.348608614143046, 37.78868549126675], [30.348069624972567, 37.78868549126675], [30.348069624972567, 37.788146502096275]], [[30.348608614143046, 37.78976346960769], [30.348608614143046, 37.790302458778164], [30.348069624972567, 37.790302458778164], [30.348069624972567, 37.78976346960769], [30.348608614143046, 37.78976346960769]]]}, "id": "+390264+85737", "properties": {"area_ha": 5.960969215823821, "count": 21, "label": 1, "mean_dnbr": 0.20674136910395455}}, {"type": "Feature", "geometry": {"geodesic": false, "type": "Polygon", "coordinates": [[[30.350225581654456, 37.881391628587885], [30.350764570824936, 37.881391628587885], [30.350764570824936, 37.88193061775836], [30.351842549165895, 37.88193061775836], [30.351842549165895, 37.88246960692882], [30.350764570824936, 37.88246960692882], [30.350764570824936, 37.88354758526977], [30.350225581654456, 37.88354758526977], [30.350225581654456, 37.88462556361071], [30.351303559995415, 37.88462556361071], [30.351303559995415, 37.88732050946307], [30.350764570824936, 37.88732050946307], [30.350764570824936, 37.887859498633546], [30.350225581654456, 37.887859498633546], [30.350225581654456, 37.88732050946307], [30.349686592484005, 37.88732050946307], [30.349686592484005, 37.8867815202926], [30.349147603313526, 37.8867815202926], [30.349147603313526, 37.88624253112213], [30.349686592484005, 37.88624253112213], [30.349686592484005, 37.885703541951656], [30.350764570824936, 37.885703541951656], [30.350764570824936, 37.885164552781184], [30.350225581654456, 37.885164552781184], [30.350225581654456, 37.88462556361071], [30.349147603313526, 37.88462556361071], [30.349147603313526, 37.885703541951656], [30.348608614143046, 37.885703541951656], [30.348608614143046, 37.885164552781184], [30.347530635802116, 37.885164552781184], [30.347530635802116, 37.885703541951656], [30.346991646631636, 37.885703541951656], [30.346991646631636, 37.88462556361071], [30.347530635802116, 37.88462556361071], [30.347530635802116, 37.88408657444024], [30.346991646631636, 37.88408657444024], [30.346991646631636, 37.88354758526977], [30.348608614143046, 37.88354758526977], [30.348608614143046, 37.88408657444024], [30.349686592484005, 37.88408657444024], [30.349686592484005, 37.88354758526977], [30.350225581654456, 37.88354758526977], [30.350225581654456, 37.88246960692882], [30.349686592484005, 37.88246960692882], [30.349686592484005, 37.88193061775836], [30.350225581654456, 37.88193061775836], [30.350225581654456, 37.881391628587885]]]}, "id": "+390268+85564", "properties": {"area_ha": 10.205786128478888, "count": 36, "label": 1, "mean_dnbr": 0.17701964461378414}}, {"type": "Feature", "geometry": {"geodesic": false, "type": "Polygon", "coordinates": [[[30.350225581654456, 37.34509740396853], [30.350764570824936, 37.34509740396853], [30.350764570824936, 37.34617538230947], [30.351842549165895, 37.34617538230947], [30.351842549165895, 37.34671437147994], [30.349147603313526, 37.34671437147994], [30.349147603313526, 37.34617538230947], [30.348608614143046, 37.34617538230947], [30.348608614143046, 37.34509740396853], [30.349686592484005, 37.34509740396853], [30.349686592484005, 37.34617538230947], [30.350225581654456, 37.34617538230947], [30.350225581654456, 37.34509740396853]]]}, "id": "+390268+86559", "properties": {"area_ha": 3.1411244543288857, "count": 11, "label": 1, "mean_dnbr": 0.19260700590688806}}, {"type": "Feature", "geometry": {"geodesic": false, "type": "Polygon", "coordinates": [[[30.350764570824936, 37.12788476826843], [30.351842549165895, 37.12788476826843], [30.351842549165895, 37.1284237574389], [30.352920527506825, 37.1284237574389], [30.352920527506825, 37.12896274660937], [30.353459516677304, 37.12896274660937], [30.353459516677304, 37.12950173577984], [30.352920527506825, 37.12950173577984], [30.352920527506825, 37.130579714120785], [30.350225581654456, 37.130579714120785], [30.350225581654456, 37.13004072495031], [30.351842549165895, 37.13004072495031], [30.351842549165895, 37.12950173577984], [30.350225581654456, 37.12950173577984], [30.350225581654456, 37.1284237574389], [30.350764570824936, 37.1284237574389], [30.350764570824936, 37.12788476826843]]]}, "id": "+390270+86962", "properties": {"area_ha": 5.727566600656578, "count": 20, "label": 1, "mean_dnbr": 0.2308817695292724}}, {"type": "Feature", "geometry": {"geodesic": false, "type": "Polygon", "coordinates": [[[30.351303559995415, 37.349948306502775], [30.352381538336346, 37.349948306502775], [30.352381538336346, 37.35264325235513], [30.353459516677304, 37.35264325235513], [30.353459516677304, 37.3531822415256], [30.352920527506825, 37.3531822415256], [30.352920527506825, 37.353721230696074], [30.354537495018235, 37.353721230696074], [30.354537495018235, 37.354260219866546], [30.353459516677304, 37.354260219866546], [30.353459516677304, 37.35479920903702], [30.352381538336346, 37.35479920903702], [30.352381538336346, 37.354260219866546], [30.351842549165895, 37.354260219866546], [30.351842549165895, 37.35479920903702], [30.351303559995415, 37.35479920903702], [30.351303559995415, 37.354260219866546], [30.351842549165895, 37.354260219866546], [30.351842549165895, 37.353721230696074], [30.352381538336346, 37.353721230696074], [30.352381538336346, 37.3531822415256], [30.351842549165895, 37.3531822415256], [30.351842549165895, 37.351565274014185], [30.351303559995415, 37.351565274014185], [30.351303559995415, 37.35102628484372], [30.350764570824936, 37.35102628484372], [30.350764570824936, 37.351565274014185], [30.350225581654456, 37.351565274014185], [30.350225581654456, 37.35048729567325], [30.351303559995415, 37.35048729567325], [30.351303559995415, 37.349948306502775]]]}, "id": "+390271+86550", "properties": {"area_ha": 6.567210612559204, "count": 23, "label": 1, "mean_dnbr": 0.18802550642202545}}, {"type": "Feature", "geometry": {"geodesic": false, "type": "Polygon", "coordinates": [[[30.351303559995415, 37.296588378626076], [30.352381538336346, 37.296588378626076], [30.352381538336346, 37.298205346137486], [30.353459516677304, 37.298205346137486], [30.353459516677304, 37.29928332447843], [30.352920527506825, 37.29928332447843], [30.352920527506825, 37.29874433530796], [30.352381538336346, 37.29874433530796], [30.352381538336346, 37.2998223136489], [30.353998505847755, 37.2998223136489], [30.353998505847755, 37.300361302819375], [30.353459516677304, 37.300361302819375], [30.353459516677304, 37.30090029198985], [30.352381538336346, 37.30090029198985], [30.352381538336346, 37.30143928116032], [30.351842549165895, 37.30143928116032], [30.351842549165895, 37.30090029198985], [30.352381538336346, 37.30090029198985], [30.352381538336346, 37.2998223136489], [30.351303559995415, 37.2998223136489], [30.351303559995415, 37.29928332447843], [30.349686592484005, 37.29928332447843], [30.349686592484005, 37.29874433530796], [30.351303559995415, 37.29874433530796], [30.351303559995415, 37.298205346137486], [30.351842549165895, 37.298205346137486], [30.351842549165895, 37.29712736779655], [30.351303559995415, 37.29712736779655], [30.351303559995415, 37.296588378626076]], [[30.352381538336346, 37.298205346137486], [30.352381538336346, 37.29874433530796], [30.351842549165895, 37.29874433530796], [30.351842549165895, 37.298205346137486], [30.352381538336346, 37.298205346137486]]]}, "id": "+390271+86649", "properties": {"area_ha": 6.000413975557249, "count": 21, "label": 1, "mean_dnbr": 0.1945436176619195}}, {"type": "Feature", "geometry": {"geodesic": false, "type": "Polygon", "coordinates": [[[30.352381538336346, 37.88624253112213], [30.352920527506825, 37.88624253112213], [30.352920527506825, 37.88839848780401], [30.352381538336346, 37.88839848780401], [30.352381538336346, 37.889476466144956], [30.351842549165895, 37.889476466144956], [30.351842549165895, 37.89001545531543], [30.351303559995415, 37.89001545531543], [30.351303559995415, 37.889476466144956], [30.350225581654456, 37.889476466144956], [30.350225581654456, 37.88893747697448], [30.351303559995415, 37.88893747697448], [30.351303559995415, 37.887859498633546], [30.352381538336346, 37.887859498633546], [30.352381538336346, 37.88624253112213]]]}, "id": "+390272+85555", "properties": {"area_ha": 3.685240916569475, "count": 13, "label": 1, "mean_dnbr": 0.16719957548424486}}, {"type": "Feature", "geometry": {"geodesic": false, "type": "Polygon", "coordinates": [[[30.352381538336346, 37.35695516571891], [30.352920527506825, 37.35695516571891], [30.352920527506825, 37.35749415488938], [30.353459516677304, 37.35749415488938], [30.353459516677304, 37.35695516571891], [30.354537495018235, 37.35695516571891], [30.354537495018235, 37.35749415488938], [30.355615473359194, 37.35749415488938], [30.355615473359194, 37.35857213323032], [30.354537495018235, 37.35857213323032], [30.354537495018235, 37.358033144059846], [30.352920527506825, 37.358033144059846], [30.352920527506825, 37.35749415488938], [30.352381538336346, 37.35749415488938], [30.352381538336346, 37.358033144059846], [30.351842549165895, 37.358033144059846], [30.351842549165895, 37.35695516571891], [30.351303559995415, 37.35695516571891], [30.351303559995415, 37.356416176548436], [30.351842549165895, 37.356416176548436], [30.351842549165895, 37.35587718737796], [30.352920527506825, 37.35587718737796], [30.352920527506825, 37.356416176548436], [30.352381538336346, 37.356416176548436], [30.352381538336346, 37.35695516571891]]]}, "id": "+390272+86539", "properties": {"area_ha": 4.568201577053083, "count": 16, "label": 1, "mean_dnbr": 0.20331735526845504}}, {"type": "Feature", "geometry": {"geodesic": false, "type": "Polygon", "coordinates": [[[30.352381538336346, 37.66687393874014], [30.353459516677304, 37.66687393874014], [30.353459516677304, 37.668490906251556], [30.353998505847755, 37.668490906251556], [30.353998505847755, 37.6695688845925], [30.353459516677304, 37.6695688845925], [30.353459516677304, 37.66902989542203], [30.351842549165895, 37.66902989542203], [30.351842549165895, 37.668490906251556], [30.350764570824936, 37.668490906251556], [30.350764570824936, 37.66795191708108], [30.351842549165895, 37.66795191708108], [30.351842549165895, 37.66741292791061], [30.352381538336346, 37.66741292791061], [30.352381538336346, 37.66687393874014]]]}, "id": "+390273+85962", "properties": {"area_ha": 4.264890942380074, "count": 15, "label": 1, "mean_dnbr": 0.3166487037505991}}, {"type": "Feature", "geometry": {"geodesic": false, "type": "Polygon", "coordinates": [[[30.352920527506825, 37.347792349820885], [30.353459516677304, 37.347792349820885], [30.353459516677304, 37.34833133899136], [30.353998505847755, 37.34833133899136], [30.353998505847755, 37.35048729567325], [30.353459516677304, 37.35048729567325], [30.353459516677304, 37.349948306502775], [30.352920527506825, 37.349948306502775], [30.352920527506825, 37.3494093173323], [30.351842549165895, 37.3494093173323], [30.351842549165895, 37.34833133899136], [30.352920527506825, 37.34833133899136], [30.352920527506825, 37.347792349820885]]]}, "id": "+390273+86554", "properties": {"area_ha": 3.426529485470328, "count": 12, "label": 1, "mean_dnbr": 0.16425730872003572}}, {"type": "Feature", "geometry": {"geodesic": false, "type": "Polygon", "coordinates": [[[30.353459516677304, 37.88893747697448], [30.354537495018235, 37.88893747697448], [30.354537495018235, 37.889476466144956], [30.353998505847755, 37.889476466144956], [30.353998505847755, 37.89001545531543], [30.355076484188714, 37.89001545531543], [30.355076484188714, 37.8905544444859], [30.356154462529645, 37.8905544444859], [30.356154462529645, 37.889476466144956], [30.356693451700124, 37.889476466144956], [30.356693451700124, 37.8905544444859], [30.357232440870604, 37.8905544444859], [30.357232440870604, 37.891632422826845], [30.356693451700124, 37.891632422826845], [30.356693451700124, 37.89271040116779], [30.356154462529645, 37.89271040116779], [30.356154462529645, 37.89217141199732], [30.355615473359194, 37.89217141199732], [30.355615473359194, 37.891632422826845], [30.354537495018235, 37.891632422826845], [30.354537495018235, 37.89271040116779], [30.353459516677304, 37.89271040116779], [30.353459516677304, 37.891632422826845], [30.354537495018235, 37.891632422826845], [30.354537495018235, 37.8905544444859], [30.352920527506825, 37.8905544444859], [30.352920527506825, 37.889476466144956], [30.353459516677304, 37.889476466144956], [30.353459516677304, 37.88893747697448]], [[30.356154462529645, 37.89109343365637], [30.356154462529645, 37.891632422826845], [30.355615473359194, 37.891632422826845], [30.355615473359194, 37.89109343365637], [30.356154462529645, 37.89109343365637]]]}, "id": "+390275+85550", "properties": {"area_ha": 7.370235395260523, "count": 26, "label": 1, "mean_dnbr": 0.16964701977192345}}, {"type": "Feature", "geometry": {"geodesic": false, "type": "Polygon", "coordinates": [[[30.355615473359194, 37.13543061665503], [30.356154462529645, 37.13543061665503], [30.356154462529645, 37.137047584166446], [30.355076484188714, 37.137047584166446], [30.355076484188714, 37.13758657333692], [30.354537495018235, 37.13758657333692], [30.354537495018235, 37.137047584166446], [30.353459516677304, 37.137047584166446], [30.353459516677304, 37.1359696058255], [30.355615473359194, 37.1359696058255], [30.355615473359194, 37.13543061665503]]]}, "id": "+390278+86948", "properties": {"area_ha": 3.436200999627913, "count": 12, "label": 1, "mean_dnbr": 0.21768027162785009}}, {"type": "Feature", "geometry": {"geodesic": false, "type": "Polygon", "coordinates": [[[30.354537495018235, 37.879235671905995], [30.357232440870604, 37.879235671905995], [30.357232440870604, 37.87977466107647], [30.356693451700124, 37.87977466107647], [30.356693451700124, 37.88031365024694], [30.356154462529645, 37.88031365024694], [30.356154462529645, 37.88085263941741], [30.358849408382014, 37.88085263941741], [30.358849408382014, 37.881391628587885], [30.357771430041083, 37.881391628587885], [30.357771430041083, 37.88193061775836], [30.356693451700124, 37.88193061775836], [30.356693451700124, 37.881391628587885], [30.356154462529645, 37.881391628587885], [30.356154462529645, 37.88085263941741], [30.353459516677304, 37.88085263941741], [30.353459516677304, 37.88031365024694], [30.352920527506825, 37.88031365024694], [30.352920527506825, 37.87977466107647], [30.353459516677304, 37.87977466107647], [30.353459516677304, 37.88031365024694], [30.354537495018235, 37.88031365024694], [30.354537495018235, 37.879235671905995]]]}, "id": "+390280+85568", "properties": {"area_ha": 6.237226479044257, "count": 22, "label": 1, "mean_dnbr": 0.24877394054375374}}, {"type": "Feature", "geometry": {"geodesic": false, "type": "Polygon", "coordinates": [[[30.355076484188714, 37.16507502103097], [30.357771430041083, 37.16507502103097], [30.357771430041083, 37.165614010201445], [30.357232440870604, 37.165614010201445], [30.357232440870604, 37.16615299937192], [30.356693451700124, 37.16615299937192], [30.356693451700124, 37.16669198854239], [30.352381538336346, 37.16669198854239], [30.352381538336346, 37.16615299937192], [30.351842549165895, 37.16615299937192], [30.351842549165895, 37.165614010201445], [30.352381538336346, 37.165614010201445], [30.352381538336346, 37.16507502103097], [30.353998505847755, 37.16507502103097], [30.353998505847755, 37.165614010201445], [30.355076484188714, 37.165614010201445], [30.355076484188714, 37.16507502103097]], [[30.353998505847755, 37.165614010201445], [30.353998505847755, 37.16615299937192], [30.353459516677304, 37.16615299937192], [30.353459516677304, 37.165614010201445], [30.353998505847755, 37.165614010201445]], [[30.356693451700124, 37.165614010201445], [30.356693451700124, 37.16615299937192], [30.356154462529645, 37.16615299937192], [30.356154462529645, 37.165614010201445], [30.356693451700124, 37.165614010201445]]]}, "id": "+390281+86893", "properties": {"area_ha": 6.86978144439278, "count": 24, "label": 1, "mean_dnbr": 0.24436635547200433}}, {"type": "Feature", "geometry": {"geodesic": false, "type": "Polygon", "coordinates": [[[30.359388397552493, 37.68519957053618], [30.359927386722944, 37.68519957053618], [30.359927386722944, 37.68627754887712], [30.360466375893424, 37.68627754887712], [30.360466375893424, 37.68789451638854], [30.359388397552493, 37.68789451638854], [30.359388397552493, 37.68735552721807], [30.358849408382014, 37.68735552721807], [30.358849408382014, 37.68573855970665], [30.359388397552493, 37.68573855970665], [30.359388397552493, 37.68519957053618]]]}, "id": "+390285+85928", "properties": {"area_ha": 3.126805782793456, "count": 11, "label": 1, "mean_dnbr": 0.3385623126943981}}, {"type": "Feature", "geometry": {"geodesic": false, "type": "Polygon", "coordinates": [[[30.357771430041083, 37.15375624845107], [30.361544354234383, 37.15375624845107], [30.361544354234383, 37.15429523762154], [30.361005365063903, 37.15429523762154], [30.361005365063903, 37.15483422679201], [30.356693451700124, 37.15483422679201], [30.356693451700124, 37.15429523762154], [30.357771430041083, 37.15429523762154], [30.357771430041083, 37.15375624845107]]]}, "id": "+390288+86914", "properties": {"area_ha": 4.294264226341197, "count": 15, "label": 1, "mean_dnbr": 0.22999944263495187}}, {"type": "Feature", "geometry": {"geodesic": false, "type": "Polygon", "coordinates": [[[30.361005365063903, 37.88354758526977], [30.362083343404834, 37.88354758526977], [30.362083343404834, 37.88408657444024], [30.363161321745793, 37.88408657444024], [30.363161321745793, 37.88462556361071], [30.363700310916272, 37.88462556361071], [30.363700310916272, 37.88408657444024], [30.364239300086723, 37.88408657444024], [30.364239300086723, 37.885164552781184], [30.364778289257202, 37.885164552781184], [30.364778289257202, 37.885703541951656], [30.363700310916272, 37.885703541951656], [30.363700310916272, 37.88624253112213], [30.362083343404834, 37.88624253112213], [30.362083343404834, 37.8867815202926], [30.361544354234383, 37.8867815202926], [30.361544354234383, 37.88624253112213], [30.361005365063903, 37.88624253112213], [30.361005365063903, 37.8867815202926], [30.360466375893424, 37.8867815202926], [30.360466375893424, 37.88624253112213], [30.361005365063903, 37.88624253112213], [30.361005365063903, 37.885703541951656], [30.360466375893424, 37.885703541951656], [30.360466375893424, 37.885164552781184], [30.359927386722944, 37.885164552781184], [30.359927386722944, 37.885703541951656], [30.359388397552493, 37.885703541951656], [30.359388397552493, 37.88624253112213], [30.358849408382014, 37.88624253112213], [30.358849408382014, 37.8867815202926], [30.357771430041083, 37.8867815202926], [30.357771430041083, 37.88624253112213], [30.357232440870604, 37.88624253112213], [30.357232440870604, 37.8867815202926], [30.355615473359194, 37.8867815202926], [30.355615473359194, 37.88732050946307], [30.356693451700124, 37.88732050946307], [30.356693451700124, 37.887859498633546], [30.357232440870604, 37.887859498633546], [30.357232440870604, 37.88732050946307], [30.358310419211534, 37.88732050946307], [30.358310419211534, 37.88893747697448], [30.358849408382014, 37.88893747697448], [30.358849408382014, 37.89001545531543], [30.358310419211534, 37.89001545531543], [30.358310419211534, 37.8905544444859], [30.358849408382014, 37.8905544444859], [30.358849408382014, 37.891632422826845], [30.358310419211534, 37.891632422826845], [30.358310419211534, 37.89217141199732], [30.357771430041083, 37.89217141199732], [30.357771430041083, 37.89271040116779], [30.357232440870604, 37.89271040116779], [30.357232440870604, 37.89217141199732], [30.357771430041083, 37.89217141199732], [30.357771430041083, 37.891632422826845], [30.358310419211534, 37.891632422826845], [30.358310419211534, 37.8905544444859], [30.357771430041083, 37.8905544444859], [30.357771430041083, 37.89001545531543], [30.358310419211534, 37.89001545531543], [30.358310419211534, 37.889476466144956], [30.357232440870604, 37.889476466144956], [30.357232440870604, 37.88839848780401], [30.355615473359194, 37.88839848780401], [30.355615473359194, 37.889476466144956], [30.355076484188714, 37.889476466144956], [30.355076484188714, 37.88839848780401], [30.353998505847755, 37.88839848780401], [30.353998505847755, 37.887859498633546], [30.355076484188714, 37.887859498633546], [30.355076484188714, 37.8867815202926], [30.354537495018235, 37.8867815202926], [30.354537495018235, 37.88624253112213], [30.355076484188714, 37.88624253112213], [30.355076484188714, 37.8867815202926], [30.355615473359194, 37.8867815202926], [30.355615473359194, 37.88624253112213], [30.356693451700124, 37.88624253112213], [30.356693451700124, 37.885703541951656], [30.356154462529645, 37.885703541951656], [30.356154462529645, 37.885164552781184], [30.357771430041083, 37.885164552781184], [30.357771430041083, 37.88624253112213], [30.358310419211534, 37.88624253112213], [30.358310419211534, 37.885164552781184], [30.358849408382014, 37.885164552781184], [30.358849408382014, 37.88354758526977], [30.359388397552493, 37.88354758526977], [30.359388397552493, 37.88462556361071], [30.360466375893424, 37.88462556361071], [30.360466375893424, 37.88408657444024], [30.361005365063903, 37.88408657444024], [30.361005365063903, 37.88354758526977]], [[30.355615473359194, 37.887859498633546], [30.355615473359194, 37.88839848780401], [30.355076484188714, 37.88839848780401], [30.355076484188714, 37.887859498633546], [30.355615473359194, 37.887859498633546]], [[30.363161321745793, 37.88462556361071], [30.363161321745793, 37.885703541951656], [30.362083343404834, 37.885703541951656], [30.362083343404834, 37.88462556361071], [30.363161321745793, 37.88462556361071]]]}, "id": "+390289+85560", "properties": {"area_ha": 20.694556882476835, "count": 73, "label": 1, "mean_dnbr": 0.17407870112142182}}, {"type": "Feature", "geometry": {"geodesic": false, "type": "Polygon", "coordinates": [[[30.361005365063903, 37.34887032816183], [30.362083343404834, 37.34887032816183], [30.362083343404834, 37.3494093173323], [30.363700310916272, 37.3494093173323], [30.363700310916272, 37.35048729567325], [30.364239300086723, 37.35048729567325], [30.364239300086723, 37.35102628484372], [30.363700310916272, 37.35102628484372], [30.363700310916272, 37.35048729567325], [30.363161321745793, 37.35048729567325], [30.363161321745793, 37.349948306502775], [30.362622332575313, 37.349948306502775], [30.362622332575313, 37.35048729567325], [30.360466375893424, 37.35048729567325], [30.360466375893424, 37.349948306502775], [30.361005365063903, 37.349948306502775], [30.361005365063903, 37.34887032816183]]]}, "id": "+390289+86552", "properties": {"area_ha": 3.712035507219708, "count": 13, "label": 1, "mean_dnbr": 0.19905059839393208}}, {"type": "Feature", "geometry": {"geodesic": false, "type": "Polygon", "coordinates": [[[30.359388397552493, 37.10470823393814], [30.362083343404834, 37.10470823393814], [30.362083343404834, 37.105786212279085], [30.364778289257202, 37.105786212279085], [30.364778289257202, 37.10632520144956], [30.363161321745793, 37.10632520144956], [30.363161321745793, 37.107942168960975], [30.364239300086723, 37.107942168960975], [30.364239300086723, 37.10902014730192], [30.365317278427682, 37.10902014730192], [30.365317278427682, 37.10955913647239], [30.365856267598133, 37.10955913647239], [30.365856267598133, 37.110098125642864], [30.366395256768612, 37.110098125642864], [30.366395256768612, 37.11063711481333], [30.365856267598133, 37.11063711481333], [30.365856267598133, 37.1111761039838], [30.364239300086723, 37.1111761039838], [30.364239300086723, 37.11063711481333], [30.363700310916272, 37.11063711481333], [30.363700310916272, 37.1111761039838], [30.363161321745793, 37.1111761039838], [30.363161321745793, 37.110098125642864], [30.363700310916272, 37.110098125642864], [30.363700310916272, 37.10955913647239], [30.364239300086723, 37.10955913647239], [30.364239300086723, 37.10902014730192], [30.363161321745793, 37.10902014730192], [30.363161321745793, 37.107942168960975], [30.361544354234383, 37.107942168960975], [30.361544354234383, 37.10902014730192], [30.359927386722944, 37.10902014730192], [30.359927386722944, 37.107942168960975], [30.359388397552493, 37.107942168960975], [30.359388397552493, 37.1074031797905], [30.359927386722944, 37.1074031797905], [30.359927386722944, 37.107942168960975], [30.361544354234383, 37.107942168960975], [30.361544354234383, 37.1074031797905], [30.361005365063903, 37.1074031797905], [30.361005365063903, 37.10632520144956], [30.359927386722944, 37.10632520144956], [30.359927386722944, 37.105786212279085], [30.359388397552493, 37.105786212279085], [30.359388397552493, 37.10470823393814]]]}, "id": "+390289+87005", "properties": {"area_ha": 16.32816573349253, "count": 57, "label": 1, "mean_dnbr": 0.22438598705660204}}, {"type": "Feature", "geometry": {"geodesic": false, "type": "Polygon", "coordinates": [[[30.361544354234383, 37.20172628462305], [30.362622332575313, 37.20172628462305], [30.362622332575313, 37.20334325213447], [30.363700310916272, 37.20334325213447], [30.363700310916272, 37.20388224130494], [30.364239300086723, 37.20388224130494], [30.364239300086723, 37.20442123047541], [30.363161321745793, 37.20442123047541], [30.363161321745793, 37.20496021964588], [30.362083343404834, 37.20496021964588], [30.362083343404834, 37.20388224130494], [30.360466375893424, 37.20388224130494], [30.360466375893424, 37.20334325213447], [30.361005365063903, 37.20334325213447], [30.361005365063903, 37.20226527379352], [30.361544354234383, 37.20226527379352], [30.361544354234383, 37.20172628462305]]]}, "id": "+390290+86825", "properties": {"area_ha": 5.721943781538173, "count": 20, "label": 1, "mean_dnbr": 0.27809222028749075}}, {"type": "Feature", "geometry": {"geodesic": false, "type": "Polygon", "coordinates": [[[30.362083343404834, 37.18286166365654], [30.362622332575313, 37.18286166365654], [30.362622332575313, 37.18393964199748], [30.362083343404834, 37.18393964199748], [30.362083343404834, 37.18501762033843], [30.363700310916272, 37.18501762033843], [30.363700310916272, 37.1855566095089], [30.362083343404834, 37.1855566095089], [30.362083343404834, 37.18501762033843], [30.360466375893424, 37.18501762033843], [30.360466375893424, 37.184478631167956], [30.359927386722944, 37.184478631167956], [30.359927386722944, 37.18393964199748], [30.361005365063903, 37.18393964199748], [30.361005365063903, 37.18286166365654], [30.361544354234383, 37.18286166365654], [30.361544354234383, 37.18340065282701], [30.362083343404834, 37.18340065282701], [30.362083343404834, 37.18286166365654]]]}, "id": "+390290+86860", "properties": {"area_ha": 4.292546059562826, "count": 15, "label": 1, "mean_dnbr": 0.252087384413579}}, {"type": "Feature", "geometry": {"geodesic": false, "type": "Polygon", "coordinates": [[[30.361544354234383, 36.98505263809342], [30.362622332575313, 36.98505263809342], [30.362622332575313, 36.98774758394578], [30.363161321745793, 36.98774758394578], [30.363161321745793, 36.99098151896861], [30.362622332575313, 36.99098151896861], [30.362622332575313, 36.9893645514572], [30.362083343404834, 36.9893645514572], [30.362083343404834, 36.98666960560484], [30.361544354234383, 36.98666960560484], [30.361544354234383, 36.98505263809342]]]}, "id": "+390290+87227", "properties": {"area_ha": 4.877514191647622, "count": 17, "label": 1, "mean_dnbr": 0.21394780763780408}}, {"type": "Feature", "geometry": {"geodesic": false, "type": "Polygon", "coordinates": [[[30.359388397552493, 37.88031365024694], [30.363700310916272, 37.88031365024694], [30.363700310916272, 37.88085263941741], [30.364239300086723, 37.88085263941741], [30.364239300086723, 37.881391628587885], [30.362083343404834, 37.881391628587885], [30.362083343404834, 37.88193061775836], [30.361005365063903, 37.88193061775836], [30.361005365063903, 37.88246960692882], [30.360466375893424, 37.88246960692882], [30.360466375893424, 37.881391628587885], [30.361544354234383, 37.881391628587885], [30.361544354234383, 37.88085263941741], [30.359388397552493, 37.88085263941741], [30.359388397552493, 37.88031365024694]]]}, "id": "+390292+85566", "properties": {"area_ha": 4.8196044674710485, "count": 17, "label": 1, "mean_dnbr": 0.1986252117968149}}, {"type": "Feature", "geometry": {"geodesic": false, "type": "Polygon", "coordinates": [[[30.361005365063903, 37.68735552721807], [30.363700310916272, 37.68735552721807], [30.363700310916272, 37.68843350555901], [30.362622332575313, 37.68843350555901], [30.362622332575313, 37.688972494729484], [30.361544354234383, 37.688972494729484], [30.361544354234383, 37.68789451638854], [30.361005365063903, 37.68789451638854], [30.361005365063903, 37.68735552721807]]]}, "id": "+390292+85924", "properties": {"area_ha": 3.1267377174644246, "count": 11, "label": 1, "mean_dnbr": 0.21500127238322228}}, {"type": "Feature", "geometry": {"geodesic": false, "type": "Polygon", "coordinates": [[[30.363161321745793, 37.14459343255305], [30.363700310916272, 37.14459343255305], [30.363700310916272, 37.145671410893996], [30.362083343404834, 37.145671410893996], [30.362083343404834, 37.14621040006447], [30.359388397552493, 37.14621040006447], [30.359388397552493, 37.145671410893996], [30.359927386722944, 37.145671410893996], [30.359927386722944, 37.145132421723524], [30.363161321745793, 37.145132421723524], [30.363161321745793, 37.14459343255305]]]}, "id": "+390292+86931", "properties": {"area_ha": 3.7221037934097927, "count": 13, "label": 1, "mean_dnbr": 0.17287192812754693}}, {"type": "Feature", "geometry": {"geodesic": false, "type": "Polygon", "coordinates": [[[30.362622332575313, 37.14028151918928], [30.363700310916272, 37.14028151918928], [30.363700310916272, 37.140820508359745], [30.363161321745793, 37.140820508359745], [30.363161321745793, 37.14135949753022], [30.361544354234383, 37.14135949753022], [30.361544354234383, 37.14189848670069], [30.359388397552493, 37.14189848670069], [30.359388397552493, 37.14135949753022], [30.360466375893424, 37.14135949753022], [30.360466375893424, 37.140820508359745], [30.362622332575313, 37.140820508359745], [30.362622332575313, 37.14028151918928]]]}, "id": "+390292+86939", "properties": {"area_ha": 3.1496621399793465, "count": 11, "label": 1, "mean_dnbr": 0.30684779621194236}}, {"type": "Feature", "geometry": {"geodesic": false, "type": "Polygon", "coordinates": [[[30.363700310916272, 37.80323819886949], [30.364239300086723, 37.80323819886949], [30.364239300086723, 37.80377718803995], [30.363700310916272, 37.80377718803995], [30.363700310916272, 37.804316177210424], [30.363161321745793, 37.804316177210424], [30.363161321745793, 37.8048551663809], [30.365317278427682, 37.8048551663809], [30.365317278427682, 37.80539415555137], [30.364239300086723, 37.80539415555137], [30.364239300086723, 37.80593314472184], [30.363700310916272, 37.80593314472184], [30.363700310916272, 37.80647213389231], [30.362622332575313, 37.80647213389231], [30.362622332575313, 37.80539415555137], [30.363161321745793, 37.80539415555137], [30.363161321745793, 37.8048551663809], [30.362083343404834, 37.8048551663809], [30.362083343404834, 37.80539415555137], [30.361005365063903, 37.80539415555137], [30.361005365063903, 37.80593314472184], [30.360466375893424, 37.80593314472184], [30.360466375893424, 37.80539415555137], [30.361005365063903, 37.80539415555137], [30.361005365063903, 37.804316177210424], [30.361544354234383, 37.804316177210424], [30.361544354234383, 37.80377718803995], [30.362622332575313, 37.80377718803995], [30.362622332575313, 37.804316177210424], [30.363161321745793, 37.804316177210424], [30.363161321745793, 37.80377718803995], [30.363700310916272, 37.80377718803995], [30.363700310916272, 37.80323819886949]]]}, "id": "+390293+85709", "properties": {"area_ha": 5.676015995357544, "count": 20, "label": 1, "mean_dnbr": 0.2042287481073728}}, {"type": "Feature", "geometry": {"geodesic": false, "type": "Polygon", "coordinates": [[[30.362622332575313, 37.17531581526994], [30.364239300086723, 37.17531581526994], [30.364239300086723, 37.17747177195182], [30.364778289257202, 37.17747177195182], [30.364778289257202, 37.17854975029277], [30.363700310916272, 37.17854975029277], [30.363700310916272, 37.17908873946324], [30.359927386722944, 37.17908873946324], [30.359927386722944, 37.17854975029277], [30.360466375893424, 37.17854975029277], [30.360466375893424, 37.178010761122295], [30.361544354234383, 37.178010761122295], [30.361544354234383, 37.17747177195182], [30.362083343404834, 37.17747177195182], [30.362083343404834, 37.178010761122295], [30.363161321745793, 37.178010761122295], [30.363161321745793, 37.17747177195182], [30.362622332575313, 37.17747177195182], [30.362622332575313, 37.176393793610885], [30.362083343404834, 37.176393793610885], [30.362083343404834, 37.17693278278135], [30.360466375893424, 37.17693278278135], [30.360466375893424, 37.17747177195182], [30.359388397552493, 37.17747177195182], [30.359388397552493, 37.17693278278135], [30.359927386722944, 37.17693278278135], [30.359927386722944, 37.176393793610885], [30.362083343404834, 37.176393793610885], [30.362083343404834, 37.17585480444041], [30.361544354234383, 37.17585480444041], [30.361544354234383, 37.17531581526994], [30.362083343404834, 37.17531581526994], [30.362083343404834, 37.17585480444041], [30.362622332575313, 37.17585480444041], [30.362622332575313, 37.17531581526994]], [[30.363161321745793, 37.17585480444041], [30.363161321745793, 37.176393793610885], [30.362622332575313, 37.176393793610885], [30.362622332575313, 37.17585480444041], [30.363161321745793, 37.17585480444041]]]}, "id": "+390293+86874", "properties": {"area_ha": 10.875461347069672, "count": 38, "label": 1, "mean_dnbr": 0.23856448239867706}}, {"type": "Feature", "geometry": {"geodesic": false, "type": "Polygon", "coordinates": [[[30.363161321745793, 37.11656599568852], [30.364239300086723, 37.11656599568852], [30.364239300086723, 37.11710498485899], [30.364778289257202, 37.11710498485899], [30.364778289257202, 37.118182963199935], [30.364239300086723, 37.118182963199935], [30.364239300086723, 37.11872195237041], [30.363161321745793, 37.11872195237041], [30.363161321745793, 37.11764397402946], [30.362622332575313, 37.11764397402946], [30.362622332575313, 37.11710498485899], [30.363161321745793, 37.11710498485899], [30.363161321745793, 37.11656599568852]]]}, "id": "+390293+86983", "properties": {"area_ha": 3.1506419024241614, "count": 11, "label": 1, "mean_dnbr": 0.18305983673721407}}, {"type": "Feature", "geometry": {"geodesic": false, "type": "Polygon", "coordinates": [[[30.362622332575313, 37.1893295337022], [30.364778289257202, 37.1893295337022], [30.364778289257202, 37.190407512043144], [30.365856267598133, 37.190407512043144], [30.365856267598133, 37.19094650121362], [30.364239300086723, 37.19094650121362], [30.364239300086723, 37.19148549038409], [30.363700310916272, 37.19148549038409], [30.363700310916272, 37.19094650121362], [30.363161321745793, 37.19094650121362], [30.363161321745793, 37.18986852287267], [30.362622332575313, 37.18986852287267], [30.362622332575313, 37.1893295337022]]]}, "id": "+390294+86848", "properties": {"area_ha": 3.7199057210967097, "count": 13, "label": 1, "mean_dnbr": 0.22228170860297683}}, {"type": "Feature", "geometry": {"geodesic": false, "type": "Polygon", "coordinates": [[[30.363700310916272, 37.726162747492026], [30.365317278427682, 37.726162747492026], [30.365317278427682, 37.7267017366625], [30.364778289257202, 37.7267017366625], [30.364778289257202, 37.72777971500344], [30.365317278427682, 37.72777971500344], [30.365317278427682, 37.72939668251486], [30.364239300086723, 37.72939668251486], [30.364239300086723, 37.72885769334439], [30.363700310916272, 37.72885769334439], [30.363700310916272, 37.72777971500344], [30.364239300086723, 37.72777971500344], [30.364239300086723, 37.7267017366625], [30.363700310916272, 37.7267017366625], [30.363700310916272, 37.72724072583297], [30.363161321745793, 37.72724072583297], [30.363161321745793, 37.72777971500344], [30.361005365063903, 37.72777971500344], [30.361005365063903, 37.72724072583297], [30.361544354234383, 37.72724072583297], [30.361544354234383, 37.7267017366625], [30.363700310916272, 37.7267017366625], [30.363700310916272, 37.726162747492026]]]}, "id": "+390295+85852", "properties": {"area_ha": 5.966058460226516, "count": 21, "label": 1, "mean_dnbr": 0.23184218736969958}}, {"type": "Feature", "geometry": {"geodesic": false, "type": "Polygon", "coordinates": [[[30.364778289257202, 37.358033144059846], [30.365317278427682, 37.358033144059846], [30.365317278427682, 37.35857213323032], [30.366395256768612, 37.35857213323032], [30.366395256768612, 37.35911112240079], [30.365856267598133, 37.35911112240079], [30.365856267598133, 37.35965011157126], [30.365317278427682, 37.35965011157126], [30.365317278427682, 37.360189100741735], [30.364239300086723, 37.360189100741735], [30.364239300086723, 37.36072808991221], [30.363700310916272, 37.36072808991221], [30.363700310916272, 37.35965011157126], [30.363161321745793, 37.35965011157126], [30.363161321745793, 37.360189100741735], [30.362622332575313, 37.360189100741735], [30.362622332575313, 37.36072808991221], [30.362083343404834, 37.36072808991221], [30.362083343404834, 37.36126707908268], [30.361544354234383, 37.36126707908268], [30.361544354234383, 37.360189100741735], [30.361005365063903, 37.360189100741735], [30.361005365063903, 37.35965011157126], [30.361544354234383, 37.35965011157126], [30.361544354234383, 37.35911112240079], [30.362083343404834, 37.35911112240079], [30.362083343404834, 37.35857213323032], [30.362622332575313, 37.35857213323032], [30.362622332575313, 37.35911112240079], [30.363700310916272, 37.35911112240079], [30.363700310916272, 37.35857213323032], [30.363161321745793, 37.35857213323032], [30.363161321745793, 37.358033144059846], [30.363700310916272, 37.358033144059846], [30.363700310916272, 37.35857213323032], [30.364778289257202, 37.35857213323032], [30.364778289257202, 37.358033144059846]]]}, "id": "+390295+86535", "properties": {"area_ha": 7.708616777020341, "count": 27, "label": 1, "mean_dnbr": 0.23734506268124073}}, {"type": "Feature", "geometry": {"geodesic": false, "type": "Polygon", "coordinates": [[[30.365856267598133, 37.2103501113506], [30.366395256768612, 37.2103501113506], [30.366395256768612, 37.21088910052107], [30.36747323510957, 37.21088910052107], [30.36747323510957, 37.211428089691545], [30.366934245939092, 37.211428089691545], [30.366934245939092, 37.21196707886202], [30.366395256768612, 37.21196707886202], [30.366395256768612, 37.21250606803249], [30.365856267598133, 37.21250606803249], [30.365856267598133, 37.21196707886202], [30.364778289257202, 37.21196707886202], [30.364778289257202, 37.21088910052107], [30.365856267598133, 37.21088910052107], [30.365856267598133, 37.2103501113506]]]}, "id": "+390297+86809", "properties": {"area_ha": 3.1467342565337924, "count": 11, "label": 1, "mean_dnbr": 0.29475217024016465}}, {"type": "Feature", "geometry": {"geodesic": false, "type": "Polygon", "coordinates": [[[30.364239300086723, 37.1855566095089], [30.366395256768612, 37.1855566095089], [30.366395256768612, 37.18609559867937], [30.364778289257202, 37.18609559867937], [30.364778289257202, 37.18771256619079], [30.365317278427682, 37.18771256619079], [30.365317278427682, 37.18825155536126], [30.364778289257202, 37.18825155536126], [30.364778289257202, 37.18879054453173], [30.362622332575313, 37.18879054453173], [30.362622332575313, 37.18825155536126], [30.363161321745793, 37.18825155536126], [30.363161321745793, 37.18717357702032], [30.363700310916272, 37.18717357702032], [30.363700310916272, 37.186634587849845], [30.364239300086723, 37.186634587849845], [30.364239300086723, 37.1855566095089]]]}, "id": "+390297+86855", "properties": {"area_ha": 5.150848035117337, "count": 18, "label": 1, "mean_dnbr": 0.21203734918113218}}, {"type": "Feature", "geometry": {"geodesic": false, "type": "Polygon", "coordinates": [[[30.365317278427682, 37.17854975029277], [30.366934245939092, 37.17854975029277], [30.366934245939092, 37.17908873946324], [30.37070717013239, 37.17908873946324], [30.37070717013239, 37.17962772863371], [30.368551213450502, 37.17962772863371], [30.368551213450502, 37.180166717804184], [30.366934245939092, 37.180166717804184], [30.366934245939092, 37.180705706974656], [30.366395256768612, 37.180705706974656], [30.366395256768612, 37.18124469614513], [30.365317278427682, 37.18124469614513], [30.365317278427682, 37.180705706974656], [30.365856267598133, 37.180705706974656], [30.365856267598133, 37.17908873946324], [30.365317278427682, 37.17908873946324], [30.365317278427682, 37.17854975029277]]]}, "id": "+390298+86868", "properties": {"area_ha": 6.009899764135636, "count": 21, "label": 1, "mean_dnbr": 0.263838643929675}}, {"type": "Feature", "geometry": {"geodesic": false, "type": "Polygon", "coordinates": [[[30.365317278427682, 37.16238007517862], [30.36747323510957, 37.16238007517862], [30.36747323510957, 37.16291906434909], [30.365856267598133, 37.16291906434909], [30.365856267598133, 37.163997042690035], [30.36747323510957, 37.163997042690035], [30.36747323510957, 37.16345805351956], [30.368551213450502, 37.16345805351956], [30.368551213450502, 37.163997042690035], [30.368012224280022, 37.163997042690035], [30.368012224280022, 37.16453603186051], [30.36747323510957, 37.16453603186051], [30.36747323510957, 37.16507502103097], [30.364778289257202, 37.16507502103097], [30.364778289257202, 37.16453603186051], [30.365317278427682, 37.16453603186051], [30.365317278427682, 37.163997042690035], [30.364778289257202, 37.163997042690035], [30.364778289257202, 37.16345805351956], [30.365317278427682, 37.16345805351956], [30.365317278427682, 37.16238007517862]]]}, "id": "+390299+86898", "properties": {"area_ha": 5.438695425991165, "count": 19, "label": 1, "mean_dnbr": 0.222076979699842}}, {"type": "Feature", "geometry": {"geodesic": false, "type": "Polygon", "coordinates": [[[30.365856267598133, 37.86091004010996], [30.368012224280022, 37.86091004010996], [30.368012224280022, 37.864682964303256], [30.36747323510957, 37.864682964303256], [30.36747323510957, 37.86522195347373], [30.366934245939092, 37.86522195347373], [30.366934245939092, 37.864143975132784], [30.366395256768612, 37.864143975132784], [30.366395256768612, 37.863065996791846], [30.365856267598133, 37.863065996791846], [30.365856267598133, 37.862527007621374], [30.365317278427682, 37.862527007621374], [30.365317278427682, 37.86144902928043], [30.365856267598133, 37.86144902928043], [30.365856267598133, 37.86091004010996]], [[30.36747323510957, 37.86144902928043], [30.36747323510957, 37.8619880184509], [30.365856267598133, 37.8619880184509], [30.365856267598133, 37.86144902928043], [30.36747323510957, 37.86144902928043]]]}, "id": "+390300+85602", "properties": {"area_ha": 6.805887421311735, "count": 24, "label": 1, "mean_dnbr": 0.2654069908718251}}, {"type": "Feature", "geometry": {"geodesic": false, "type": "Polygon", "coordinates": [[[30.364778289257202, 37.192563468725034], [30.368012224280022, 37.192563468725034], [30.368012224280022, 37.193102457895506], [30.368551213450502, 37.193102457895506], [30.368551213450502, 37.19418043623645], [30.36962919179146, 37.19418043623645], [30.36962919179146, 37.19471942540692], [30.368551213450502, 37.19471942540692], [30.368551213450502, 37.19418043623645], [30.36747323510957, 37.19418043623645], [30.36747323510957, 37.19471942540692], [30.366934245939092, 37.19471942540692], [30.366934245939092, 37.19418043623645], [30.366395256768612, 37.19418043623645], [30.366395256768612, 37.19364144706598], [30.364778289257202, 37.19364144706598], [30.364778289257202, 37.192563468725034]]]}, "id": "+390300+86842", "properties": {"area_ha": 5.7226755650953365, "count": 20, "label": 1, "mean_dnbr": 0.2541168380328394}}, {"type": "Feature", "geometry": {"geodesic": false, "type": "Polygon", "coordinates": [[[30.368551213450502, 37.15645119430343], [30.36909020262098, 37.15645119430343], [30.36909020262098, 37.1569901834739], [30.36962919179146, 37.1569901834739], [30.36962919179146, 37.15860715098532], [30.37016818096191, 37.15860715098532], [30.37016818096191, 37.159685129326256], [30.36962919179146, 37.159685129326256], [30.36962919179146, 37.1607631076672], [30.36747323510957, 37.1607631076672], [30.36747323510957, 37.16022411849673], [30.368551213450502, 37.16022411849673], [30.368551213450502, 37.158068161814846], [30.36909020262098, 37.158068161814846], [30.36909020262098, 37.157529172644374], [30.368012224280022, 37.157529172644374], [30.368012224280022, 37.1569901834739], [30.368551213450502, 37.1569901834739], [30.368551213450502, 37.15645119430343]]]}, "id": "+390302+86909", "properties": {"area_ha": 5.439053271146242, "count": 19, "label": 1, "mean_dnbr": 0.27766352098363195}}, {"type": "Feature", "geometry": {"geodesic": false, "type": "Polygon", "coordinates": [[[30.368012224280022, 37.09877935306295], [30.37016818096191, 37.09877935306295], [30.37016818096191, 37.099857331403896], [30.368012224280022, 37.099857331403896], [30.368012224280022, 37.10039632057437], [30.366395256768612, 37.10039632057437], [30.366395256768612, 37.10147429891531], [30.365856267598133, 37.10147429891531], [30.365856267598133, 37.10093530974484], [30.364778289257202, 37.10093530974484], [30.364778289257202, 37.10147429891531], [30.363161321745793, 37.10147429891531], [30.363161321745793, 37.10093530974484], [30.363700310916272, 37.10093530974484], [30.363700310916272, 37.10039632057437], [30.364778289257202, 37.10039632057437], [30.364778289257202, 37.099857331403896], [30.366934245939092, 37.099857331403896], [30.366934245939092, 37.099318342233424], [30.368012224280022, 37.099318342233424], [30.368012224280022, 37.09877935306295]]]}, "id": "+390304+87016", "properties": {"area_ha": 7.162203964448394, "count": 25, "label": 1, "mean_dnbr": 0.2352972416441693}}, {"type": "Feature", "geometry": {"geodesic": false, "type": "Polygon", "coordinates": [[[30.37070717013239, 37.80970606891515], [30.37124615930287, 37.80970606891515], [30.37124615930287, 37.81024505808561], [30.37178514847332, 37.81024505808561], [30.37178514847332, 37.810784047256085], [30.3723241376438, 37.810784047256085], [30.3723241376438, 37.81132303642656], [30.37286312681428, 37.81132303642656], [30.37286312681428, 37.81186202559703], [30.37340211598476, 37.81186202559703], [30.37340211598476, 37.812940003937975], [30.37286312681428, 37.812940003937975], [30.37286312681428, 37.8124010147675], [30.3723241376438, 37.8124010147675], [30.3723241376438, 37.81186202559703], [30.37124615930287, 37.81186202559703], [30.37124615930287, 37.81132303642656], [30.37070717013239, 37.81132303642656], [30.37070717013239, 37.810784047256085], [30.37016818096191, 37.810784047256085], [30.37016818096191, 37.81024505808561], [30.37070717013239, 37.81024505808561], [30.37070717013239, 37.80970606891515]]]}, "id": "+390306+85697", "properties": {"area_ha": 3.6891006869010257, "count": 13, "label": 1, "mean_dnbr": 0.20236143200501502}}, {"type": "Feature", "geometry": {"geodesic": false, "type": "Polygon", "coordinates": [[[30.36962919179146, 37.20118729545258], [30.37178514847332, 37.20118729545258], [30.37178514847332, 37.20172628462305], [30.37070717013239, 37.20172628462305], [30.37070717013239, 37.20226527379352], [30.37178514847332, 37.20226527379352], [30.37178514847332, 37.202804262963994], [30.3723241376438, 37.202804262963994], [30.3723241376438, 37.20226527379352], [30.37286312681428, 37.20226527379352], [30.37286312681428, 37.20334325213447], [30.37448009432569, 37.20334325213447], [30.37448009432569, 37.202804262963994], [30.37501908349617, 37.202804262963994], [30.37501908349617, 37.20388224130494], [30.37448009432569, 37.20388224130494], [30.37448009432569, 37.20442123047541], [30.37286312681428, 37.20442123047541], [30.37286312681428, 37.20388224130494], [30.37124615930287, 37.20388224130494], [30.37124615930287, 37.205499208816356], [30.37070717013239, 37.205499208816356], [30.37070717013239, 37.20603819798683], [30.37016818096191, 37.20603819798683], [30.37016818096191, 37.2065771871573], [30.368012224280022, 37.2065771871573], [30.368012224280022, 37.207116176327766], [30.36747323510957, 37.207116176327766], [30.36747323510957, 37.2065771871573], [30.364778289257202, 37.2065771871573], [30.364778289257202, 37.207116176327766], [30.365856267598133, 37.207116176327766], [30.365856267598133, 37.20765516549824], [30.365317278427682, 37.20765516549824], [30.365317278427682, 37.20819415466871], [30.366395256768612, 37.20819415466871], [30.366395256768612, 37.20873314383918], [30.365856267598133, 37.20873314383918], [30.365856267598133, 37.20981112218013], [30.364778289257202, 37.20981112218013], [30.364778289257202, 37.207116176327766], [30.364239300086723, 37.207116176327766], [30.364239300086723, 37.2065771871573], [30.364778289257202, 37.2065771871573], [30.364778289257202, 37.20496021964588], [30.366934245939092, 37.20496021964588], [30.366934245939092, 37.205499208816356], [30.36747323510957, 37.205499208816356], [30.36747323510957, 37.20442123047541], [30.365856267598133, 37.20442123047541], [30.365856267598133, 37.20388224130494], [30.364778289257202, 37.20388224130494], [30.364778289257202, 37.20334325213447], [30.366395256768612, 37.20334325213447], [30.366395256768612, 37.202804262963994], [30.366934245939092, 37.202804262963994], [30.366934245939092, 37.20388224130494], [30.36747323510957, 37.20388224130494], [30.36747323510957, 37.20442123047541], [30.36962919179146, 37.20442123047541], [30.36962919179146, 37.20496021964588], [30.37070717013239, 37.20496021964588], [30.37070717013239, 37.20226527379352], [30.37016818096191, 37.20226527379352], [30.37016818096191, 37.20172628462305], [30.36962919179146, 37.20172628462305], [30.36962919179146, 37.20118729545258]], [[30.368012224280022, 37.20603819798683], [30.368012224280022, 37.2065771871573], [30.36747323510957, 37.2065771871573], [30.36747323510957, 37.20603819798683], [30.368012224280022, 37.20603819798683]]]}, "id": "+390307+86826", "properties": {"area_ha": 23.17337472466656, "count": 81, "label": 1, "mean_dnbr": 0.2656032491803683}}, {"type": "Feature", "geometry": {"geodesic": false, "type": "Polygon", "coordinates": [[[30.37016818096191, 37.1359696058255], [30.37178514847332, 37.1359696058255], [30.37178514847332, 37.137047584166446], [30.37070717013239, 37.137047584166446], [30.37070717013239, 37.13758657333692], [30.36909020262098, 37.13758657333692], [30.36909020262098, 37.137047584166446], [30.368551213450502, 37.137047584166446], [30.368551213450502, 37.13650859499597], [30.37016818096191, 37.13650859499597], [30.37016818096191, 37.1359696058255]]]}, "id": "+390307+86947", "properties": {"area_ha": 3.436192001012723, "count": 12, "label": 1, "mean_dnbr": 0.16924049081322737}}, {"type": "Feature", "geometry": {"geodesic": false, "type": "Polygon", "coordinates": [[[30.37070717013239, 37.104169244767675], [30.37178514847332, 37.104169244767675], [30.37178514847332, 37.10632520144956], [30.37070717013239, 37.10632520144956], [30.37070717013239, 37.10686419062003], [30.36909020262098, 37.10686419062003], [30.36909020262098, 37.10632520144956], [30.368012224280022, 37.10632520144956], [30.368012224280022, 37.10686419062003], [30.365317278427682, 37.10686419062003], [30.365317278427682, 37.10632520144956], [30.368012224280022, 37.10632520144956], [30.368012224280022, 37.105786212279085], [30.368551213450502, 37.105786212279085], [30.368551213450502, 37.10524722310861], [30.36909020262098, 37.10524722310861], [30.36909020262098, 37.10470823393814], [30.37070717013239, 37.10470823393814], [30.37070717013239, 37.104169244767675]], [[30.36962919179146, 37.10524722310861], [30.36962919179146, 37.105786212279085], [30.36909020262098, 37.105786212279085], [30.36909020262098, 37.10524722310861], [30.36962919179146, 37.10524722310861]]]}, "id": "+390307+87006", "properties": {"area_ha": 7.734601929148009, "count": 27, "label": 1, "mean_dnbr": 0.21714243504307523}}, {"type": "Feature", "geometry": {"geodesic": false, "type": "Polygon", "coordinates": [[[30.37286312681428, 37.16938693439475], [30.37394110515521, 37.16938693439475], [30.37394110515521, 37.170464912735696], [30.37448009432569, 37.170464912735696], [30.37448009432569, 37.17100390190616], [30.3723241376438, 37.17100390190616], [30.3723241376438, 37.170464912735696], [30.37124615930287, 37.170464912735696], [30.37124615930287, 37.16992592356522], [30.37286312681428, 37.16992592356522], [30.37286312681428, 37.16938693439475]]]}, "id": "+390311+86885", "properties": {"area_ha": 3.1484524605464324, "count": 11, "label": 1, "mean_dnbr": 0.21385057387378625}}, {"type": "Feature", "geometry": {"geodesic": false, "type": "Polygon", "coordinates": [[[30.37340211598476, 37.804316177210424], [30.37448009432569, 37.804316177210424], [30.37448009432569, 37.8048551663809], [30.37501908349617, 37.8048551663809], [30.37501908349617, 37.80593314472184], [30.37340211598476, 37.80593314472184], [30.37340211598476, 37.80647213389231], [30.3723241376438, 37.80647213389231], [30.3723241376438, 37.80539415555137], [30.37340211598476, 37.80539415555137], [30.37340211598476, 37.804316177210424]]]}, "id": "+390312+85707", "properties": {"area_ha": 3.405593506175511, "count": 12, "label": 1, "mean_dnbr": 0.23185585876669146}}, {"type": "Feature", "geometry": {"geodesic": false, "type": "Polygon", "coordinates": [[[30.3723241376438, 37.099318342233424], [30.37448009432569, 37.099318342233424], [30.37448009432569, 37.10039632057437], [30.37394110515521, 37.10039632057437], [30.37394110515521, 37.10093530974484], [30.37340211598476, 37.10093530974484], [30.37340211598476, 37.102013288085786], [30.37178514847332, 37.102013288085786], [30.37178514847332, 37.099857331403896], [30.3723241376438, 37.099857331403896], [30.3723241376438, 37.099318342233424]]]}, "id": "+390312+87015", "properties": {"area_ha": 5.443240478387011, "count": 19, "label": 1, "mean_dnbr": 0.2536119585477077}}, {"type": "Feature", "geometry": {"geodesic": false, "type": "Polygon", "coordinates": [[[30.366934245939092, 37.35695516571891], [30.366395256768612, 37.35695516571891], [30.366395256768612, 37.35587718737796], [30.365317278427682, 37.35587718737796], [30.365317278427682, 37.35695516571891], [30.364778289257202, 37.35695516571891], [30.364778289257202, 37.35587718737796], [30.365317278427682, 37.35587718737796], [30.365317278427682, 37.35479920903702], [30.361005365063903, 37.35479920903702], [30.361005365063903, 37.354260219866546], [30.361544354234383, 37.354260219866546], [30.361544354234383, 37.353721230696074], [30.362622332575313, 37.353721230696074], [30.362622332575313, 37.3531822415256], [30.363161321745793, 37.3531822415256], [30.363161321745793, 37.35264325235513], [30.364778289257202, 37.35264325235513], [30.364778289257202, 37.35210426318466], [30.365317278427682, 37.35210426318466], [30.365317278427682, 37.35048729567325], [30.365856267598133, 37.35048729567325], [30.365856267598133, 37.349948306502775], [30.36747323510957, 37.349948306502775], [30.36747323510957, 37.3494093173323], [30.368012224280022, 37.3494093173323], [30.368012224280022, 37.35048729567325], [30.368551213450502, 37.35048729567325], [30.368551213450502, 37.349948306502775], [30.36909020262098, 37.349948306502775], [30.36909020262098, 37.34887032816183], [30.37070717013239, 37.34887032816183], [30.37070717013239, 37.3494093173323], [30.37124615930287, 37.3494093173323], [30.37124615930287, 37.349948306502775], [30.37178514847332, 37.349948306502775], [30.37178514847332, 37.34887032816183], [30.37448009432569, 37.34887032816183], [30.37448009432569, 37.34833133899136], [30.37555807266665, 37.34833133899136], [30.37555807266665, 37.35048729567325], [30.37286312681428, 37.35048729567325], [30.37286312681428, 37.35102628484372], [30.37178514847332, 37.35102628484372], [30.37178514847332, 37.35210426318466], [30.366395256768612, 37.35210426318466], [30.366395256768612, 37.3531822415256], [30.365317278427682, 37.3531822415256], [30.365317278427682, 37.353721230696074], [30.365856267598133, 37.353721230696074], [30.365856267598133, 37.354260219866546], [30.366395256768612, 37.354260219866546], [30.366395256768612, 37.35479920903702], [30.366934245939092, 37.35479920903702], [30.366934245939092, 37.35533819820749], [30.36747323510957, 37.35533819820749], [30.36747323510957, 37.354260219866546], [30.368012224280022, 37.354260219866546], [30.368012224280022, 37.35479920903702], [30.36962919179146, 37.35479920903702], [30.36962919179146, 37.35533819820749], [30.36747323510957, 37.35533819820749], [30.36747323510957, 37.356416176548436], [30.366934245939092, 37.356416176548436], [30.366934245939092, 37.35695516571891]], [[30.363700310916272, 37.3531822415256], [30.363700310916272, 37.353721230696074], [30.363161321745793, 37.353721230696074], [30.363161321745793, 37.3531822415256], [30.363700310916272, 37.3531822415256]], [[30.36909020262098, 37.35102628484372], [30.36909020262098, 37.351565274014185], [30.368551213450502, 37.351565274014185], [30.368551213450502, 37.35102628484372], [30.36909020262098, 37.35102628484372]], [[30.37124615930287, 37.35048729567325], [30.37124615930287, 37.35102628484372], [30.37070717013239, 37.35102628484372], [30.37070717013239, 37.35048729567325], [30.37124615930287, 37.35048729567325]]]}, "id": "+390314+86553", "properties": {"area_ha": 35.69179213338513, "count": 125, "label": 1, "mean_dnbr": 0.22268580871817378}}, {"type": "Feature", "geometry": {"geodesic": false, "type": "Polygon", "coordinates": [[[30.37501908349617, 37.86360498596232], [30.37663605100758, 37.86360498596232], [30.37663605100758, 37.864143975132784], [30.37717504017806, 37.864143975132784], [30.37717504017806, 37.864682964303256], [30.37825301851899, 37.864682964303256], [30.37825301851899, 37.8657609426442], [30.37771402934851, 37.8657609426442], [30.37771402934851, 37.86522195347373], [30.3760970618371, 37.86522195347373], [30.3760970618371, 37.864682964303256], [30.37448009432569, 37.864682964303256], [30.37448009432569, 37.864143975132784], [30.37501908349617, 37.864143975132784], [30.37501908349617, 37.86360498596232]]]}, "id": "+390316+85597", "properties": {"area_ha": 3.6864384578450053, "count": 13, "label": 1, "mean_dnbr": 0.2384573125208391}}, {"type": "Feature", "geometry": {"geodesic": false, "type": "Polygon", "coordinates": [[[30.37663605100758, 37.20388224130494], [30.37717504017806, 37.20388224130494], [30.37717504017806, 37.205499208816356], [30.37825301851899, 37.205499208816356], [30.37825301851899, 37.2065771871573], [30.37879200768947, 37.2065771871573], [30.37879200768947, 37.207116176327766], [30.37933099685995, 37.207116176327766], [30.37933099685995, 37.2065771871573], [30.3798699860304, 37.2065771871573], [30.3798699860304, 37.20765516549824], [30.37771402934851, 37.20765516549824], [30.37771402934851, 37.2065771871573], [30.37717504017806, 37.2065771871573], [30.37717504017806, 37.205499208816356], [30.37663605100758, 37.205499208816356], [30.37663605100758, 37.20388224130494]]]}, "id": "+390317+86821", "properties": {"area_ha": 4.005211631352131, "count": 14, "label": 1, "mean_dnbr": 0.22261584613081406}}, {"type": "Feature", "geometry": {"geodesic": false, "type": "Polygon", "coordinates": [[[30.37555807266665, 37.10039632057437], [30.37717504017806, 37.10039632057437], [30.37717504017806, 37.10147429891531], [30.37555807266665, 37.10147429891531], [30.37555807266665, 37.102013288085786], [30.37501908349617, 37.102013288085786], [30.37501908349617, 37.10255227725626], [30.37448009432569, 37.10255227725626], [30.37448009432569, 37.1036302555972], [30.37340211598476, 37.1036302555972], [30.37340211598476, 37.104169244767675], [30.37286312681428, 37.104169244767675], [30.37286312681428, 37.1036302555972], [30.37340211598476, 37.1036302555972], [30.37340211598476, 37.10255227725626], [30.37394110515521, 37.10255227725626], [30.37394110515521, 37.10147429891531], [30.37448009432569, 37.10147429891531], [30.37448009432569, 37.10093530974484], [30.37555807266665, 37.10093530974484], [30.37555807266665, 37.10039632057437]]]}, "id": "+390317+87013", "properties": {"area_ha": 5.156666527869949, "count": 18, "label": 1, "mean_dnbr": 0.16869360835663544}}, {"type": "Feature", "geometry": {"geodesic": false, "type": "Polygon", "coordinates": [[[30.37555807266665, 37.72023386661684], [30.37771402934851, 37.72023386661684], [30.37771402934851, 37.72346780163967], [30.3760970618371, 37.72346780163967], [30.3760970618371, 37.72238982329873], [30.37663605100758, 37.72238982329873], [30.37663605100758, 37.72077285578731], [30.3760970618371, 37.72077285578731], [30.3760970618371, 37.721850834128254], [30.37555807266665, 37.721850834128254], [30.37555807266665, 37.72023386661684]]]}, "id": "+390318+85863", "properties": {"area_ha": 5.114166225869894, "count": 18, "label": 1, "mean_dnbr": 0.3469672531467397}}, {"type": "Feature", "geometry": {"geodesic": false, "type": "Polygon", "coordinates": [[[30.37825301851899, 37.10147429891531], [30.38040897520088, 37.10147429891531], [30.38040897520088, 37.102013288085786], [30.38094796437136, 37.102013288085786], [30.38094796437136, 37.10255227725626], [30.38202594271229, 37.10255227725626], [30.38202594271229, 37.10309126642673], [30.37933099685995, 37.10309126642673], [30.37933099685995, 37.10255227725626], [30.3798699860304, 37.10255227725626], [30.3798699860304, 37.102013288085786], [30.37825301851899, 37.102013288085786], [30.37825301851899, 37.10147429891531]]]}, "id": "+390323+87011", "properties": {"area_ha": 3.1512864078295992, "count": 11, "label": 1, "mean_dnbr": 0.22004646038594913}}, {"type": "Feature", "geometry": {"geodesic": false, "type": "Polygon", "coordinates": [[[30.3798699860304, 37.145671410893996], [30.38094796437136, 37.145671410893996], [30.38094796437136, 37.14890534591682], [30.3798699860304, 37.14890534591682], [30.3798699860304, 37.145671410893996]]]}, "id": "+390324+86929", "properties": {"area_ha": 3.4357165344899085, "count": 12, "label": 1, "mean_dnbr": 0.21451739862700453}}, {"type": "Feature", "geometry": {"geodesic": false, "type": "Polygon", "coordinates": [[[30.381486953541838, 37.31006310788786], [30.38202594271229, 37.31006310788786], [30.38202594271229, 37.310602097058336], [30.38418189939418, 37.310602097058336], [30.38418189939418, 37.31168007539928], [30.38256493188277, 37.31168007539928], [30.38256493188277, 37.31221906456975], [30.381486953541838, 37.31221906456975], [30.381486953541838, 37.31006310788786]]]}, "id": "+390326+86624", "properties": {"area_ha": 3.713940810315175, "count": 13, "label": 1, "mean_dnbr": 0.17548885266713476}}, {"type": "Feature", "geometry": {"geodesic": false, "type": "Polygon", "coordinates": [[[30.38202594271229, 37.19094650121362], [30.38256493188277, 37.19094650121362], [30.38256493188277, 37.19202447955456], [30.383103921053248, 37.19202447955456], [30.383103921053248, 37.192563468725034], [30.383642910223728, 37.192563468725034], [30.383642910223728, 37.19202447955456], [30.384720888564658, 37.19202447955456], [30.384720888564658, 37.19364144706598], [30.38418189939418, 37.19364144706598], [30.38418189939418, 37.19418043623645], [30.38202594271229, 37.19418043623645], [30.38202594271229, 37.19364144706598], [30.381486953541838, 37.19364144706598], [30.381486953541838, 37.192563468725034], [30.38202594271229, 37.192563468725034], [30.38202594271229, 37.19094650121362]]]}, "id": "+390327+86845", "properties": {"area_ha": 6.295014053678126, "count": 22, "label": 1, "mean_dnbr": 0.1951069247440715}}, {"type": "Feature", "geometry": {"geodesic": false, "type": "Polygon", "coordinates": [[[30.38256493188277, 37.356416176548436], [30.38256493188277, 37.35587718737796], [30.383103921053248, 37.35587718737796], [30.383103921053248, 37.35749415488938], [30.383642910223728, 37.35749415488938], [30.383642910223728, 37.35857213323032], [30.38256493188277, 37.35857213323032], [30.38256493188277, 37.360189100741735], [30.38202594271229, 37.360189100741735], [30.38202594271229, 37.35911112240079], [30.381486953541838, 37.35911112240079], [30.381486953541838, 37.35749415488938], [30.38040897520088, 37.35749415488938], [30.38040897520088, 37.358033144059846], [30.3798699860304, 37.358033144059846], [30.3798699860304, 37.356416176548436], [30.37933099685995, 37.356416176548436], [30.37933099685995, 37.35587718737796], [30.38094796437136, 37.35587718737796], [30.38094796437136, 37.356416176548436], [30.38256493188277, 37.356416176548436]], [[30.38256493188277, 37.35695516571891], [30.38256493188277, 37.35749415488938], [30.381486953541838, 37.35749415488938], [30.381486953541838, 37.35695516571891], [30.38256493188277, 37.35695516571891]]]}, "id": "+390328+86539", "properties": {"area_ha": 7.708819223481136, "count": 27, "label": 1, "mean_dnbr": 0.20438416363681117}}, {"type": "Feature", "geometry": {"geodesic": false, "type": "Polygon", "coordinates": [[[30.38256493188277, 37.17315985858805], [30.383103921053248, 37.17315985858805], [30.383103921053248, 37.17477682609947], [30.383642910223728, 37.17477682609947], [30.383642910223728, 37.174237836928995], [30.385259877735137, 37.174237836928995], [30.385259877735137, 37.17477682609947], [30.383642910223728, 37.17477682609947], [30.383642910223728, 37.17531581526994], [30.383103921053248, 37.17531581526994], [30.383103921053248, 37.17477682609947], [30.38094796437136, 37.17477682609947], [30.38094796437136, 37.17531581526994], [30.38040897520088, 37.17531581526994], [30.38040897520088, 37.17585480444041], [30.381486953541838, 37.17585480444041], [30.381486953541838, 37.17531581526994], [30.38202594271229, 37.17531581526994], [30.38202594271229, 37.17585480444041], [30.381486953541838, 37.17585480444041], [30.381486953541838, 37.176393793610885], [30.38094796437136, 37.176393793610885], [30.38094796437136, 37.17693278278135], [30.38040897520088, 37.17693278278135], [30.38040897520088, 37.17585480444041], [30.3798699860304, 37.17585480444041], [30.3798699860304, 37.17477682609947], [30.38094796437136, 37.17477682609947], [30.38094796437136, 37.174237836928995], [30.37879200768947, 37.174237836928995], [30.37879200768947, 37.17369884775852], [30.3798699860304, 37.17369884775852], [30.3798699860304, 37.17315985858805], [30.38040897520088, 37.17315985858805], [30.38040897520088, 37.17369884775852], [30.38256493188277, 37.17369884775852], [30.38256493188277, 37.17315985858805]]]}, "id": "+390328+86878", "properties": {"area_ha": 7.15516021461895, "count": 25, "label": 1, "mean_dnbr": 0.18956163713520194}}, {"type": "Feature", "geometry": {"geodesic": false, "type": "Polygon", "coordinates": [[[30.38202594271229, 37.03517863094729], [30.383642910223728, 37.03517863094729], [30.383642910223728, 37.03625660928824], [30.38418189939418, 37.03625660928824], [30.38418189939418, 37.03733458762918], [30.384720888564658, 37.03733458762918], [30.384720888564658, 37.03841256597012], [30.385259877735137, 37.03841256597012], [30.385259877735137, 37.03895155514059], [30.384720888564658, 37.03895155514059], [30.384720888564658, 37.039490544311064], [30.385259877735137, 37.039490544311064], [30.385259877735137, 37.04056852265201], [30.38418189939418, 37.04056852265201], [30.38418189939418, 37.04002953348154], [30.383642910223728, 37.04002953348154], [30.383642910223728, 37.039490544311064], [30.38202594271229, 37.039490544311064], [30.38202594271229, 37.03895155514059], [30.38094796437136, 37.03895155514059], [30.38094796437136, 37.03841256597012], [30.38040897520088, 37.03841256597012], [30.38040897520088, 37.037873576799655], [30.37933099685995, 37.037873576799655], [30.37933099685995, 37.03679559845871], [30.3798699860304, 37.03679559845871], [30.3798699860304, 37.03625660928824], [30.38094796437136, 37.03625660928824], [30.38094796437136, 37.035717620117765], [30.38202594271229, 37.035717620117765], [30.38202594271229, 37.03517863094729]], [[30.38418189939418, 37.037873576799655], [30.38418189939418, 37.03841256597012], [30.383642910223728, 37.03841256597012], [30.383642910223728, 37.037873576799655], [30.38418189939418, 37.037873576799655]]]}, "id": "+390329+87134", "properties": {"area_ha": 17.20344961450192, "count": 60, "label": 1, "mean_dnbr": 0.22661128636883643}}, {"type": "Feature", "geometry": {"geodesic": false, "type": "Polygon", "coordinates": [[[30.383642910223728, 37.62429379427287], [30.38418189939418, 37.62429379427287], [30.38418189939418, 37.624832783443345], [30.385259877735137, 37.624832783443345], [30.385259877735137, 37.62537177261382], [30.386876845246547, 37.62537177261382], [30.386876845246547, 37.62591076178429], [30.387415834417027, 37.62591076178429], [30.387415834417027, 37.62644975095476], [30.386876845246547, 37.62644975095476], [30.386876845246547, 37.626988740125235], [30.386337856076068, 37.626988740125235], [30.386337856076068, 37.62644975095476], [30.38579886690559, 37.62644975095476], [30.38579886690559, 37.62591076178429], [30.38418189939418, 37.62591076178429], [30.38418189939418, 37.624832783443345], [30.383642910223728, 37.624832783443345], [30.383642910223728, 37.62429379427287]]]}, "id": "+390330+86041", "properties": {"area_ha": 3.4138633918735164, "count": 12, "label": 1, "mean_dnbr": 0.3057133626017004}}, {"type": "Feature", "geometry": {"geodesic": false, "type": "Polygon", "coordinates": [[[30.38418189939418, 37.30736816203551], [30.384720888564658, 37.30736816203551], [30.384720888564658, 37.308985129546926], [30.385259877735137, 37.308985129546926], [30.385259877735137, 37.308446140376454], [30.38579886690559, 37.308446140376454], [30.38579886690559, 37.30952411871739], [30.383103921053248, 37.30952411871739], [30.383103921053248, 37.308446140376454], [30.38256493188277, 37.308446140376454], [30.38256493188277, 37.30790715120598], [30.383103921053248, 37.30790715120598], [30.383103921053248, 37.30736816203551], [30.383642910223728, 37.30736816203551], [30.383642910223728, 37.30790715120598], [30.38418189939418, 37.30790715120598], [30.38418189939418, 37.30736816203551]]]}, "id": "+390331+86629", "properties": {"area_ha": 4.285480949371292, "count": 15, "label": 1, "mean_dnbr": 0.21186100733173427}}, {"type": "Feature", "geometry": {"geodesic": false, "type": "Polygon", "coordinates": [[[30.384720888564658, 37.1893295337022], [30.385259877735137, 37.1893295337022], [30.385259877735137, 37.18986852287267], [30.38579886690559, 37.18986852287267], [30.38579886690559, 37.190407512043144], [30.387415834417027, 37.190407512043144], [30.387415834417027, 37.18986852287267], [30.387954823587478, 37.18986852287267], [30.387954823587478, 37.190407512043144], [30.387415834417027, 37.190407512043144], [30.387415834417027, 37.19094650121362], [30.386876845246547, 37.19094650121362], [30.386876845246547, 37.19148549038409], [30.387415834417027, 37.19148549038409], [30.387415834417027, 37.19202447955456], [30.387954823587478, 37.19202447955456], [30.387954823587478, 37.19094650121362], [30.390110780269367, 37.19094650121362], [30.390110780269367, 37.190407512043144], [30.390649769439847, 37.190407512043144], [30.390649769439847, 37.19148549038409], [30.391188758610326, 37.19148549038409], [30.391188758610326, 37.192563468725034], [30.390649769439847, 37.192563468725034], [30.390649769439847, 37.193102457895506], [30.391188758610326, 37.193102457895506], [30.391188758610326, 37.19364144706598], [30.390110780269367, 37.19364144706598], [30.390110780269367, 37.19418043623645], [30.389571791098916, 37.19418043623645], [30.389571791098916, 37.19364144706598], [30.390110780269367, 37.19364144706598], [30.390110780269367, 37.193102457895506], [30.387954823587478, 37.193102457895506], [30.387954823587478, 37.19364144706598], [30.387415834417027, 37.19364144706598], [30.387415834417027, 37.19418043623645], [30.386876845246547, 37.19418043623645], [30.386876845246547, 37.19471942540692], [30.386337856076068, 37.19471942540692], [30.386337856076068, 37.19418043623645], [30.386876845246547, 37.19418043623645], [30.386876845246547, 37.19364144706598], [30.38579886690559, 37.19364144706598], [30.38579886690559, 37.192563468725034], [30.385259877735137, 37.192563468725034], [30.385259877735137, 37.19202447955456], [30.386337856076068, 37.19202447955456], [30.386337856076068, 37.19094650121362], [30.38579886690559, 37.19094650121362], [30.38579886690559, 37.190407512043144], [30.384720888564658, 37.190407512043144], [30.384720888564658, 37.1893295337022]], [[30.387415834417027, 37.192563468725034], [30.387415834417027, 37.193102457895506], [30.386876845246547, 37.193102457895506], [30.386876845246547, 37.192563468725034], [30.387415834417027, 37.192563468725034]], [[30.388493812757957, 37.19202447955456], [30.388493812757957, 37.192563468725034], [30.387954823587478, 37.192563468725034], [30.387954823587478, 37.19202447955456], [30.388493812757957, 37.19202447955456]]]}, "id": "+390332+86848", "properties": {"area_ha": 14.020860473761472, "count": 49, "label": 1, "mean_dnbr": 0.2226998288869634}}, {"type": "Feature", "geometry": {"geodesic": false, "type": "Polygon", "coordinates": [[[30.38418189939418, 37.3035952378422], [30.387415834417027, 37.3035952378422], [30.387415834417027, 37.30682917286504], [30.384720888564658, 37.30682917286504], [30.384720888564658, 37.30575119452409], [30.38418189939418, 37.30575119452409], [30.38418189939418, 37.3035952378422]]]}, "id": "+390336+86636", "properties": {"area_ha": 9.714164596602409, "count": 34, "label": 1, "mean_dnbr": 0.42501586625938187}}, {"type": "Feature", "geometry": {"geodesic": false, "type": "Polygon", "coordinates": [[[30.386876845246547, 37.25346924498834], [30.387415834417027, 37.25346924498834], [30.387415834417027, 37.255086212499755], [30.386876845246547, 37.255086212499755], [30.386876845246547, 37.25454722332928], [30.386337856076068, 37.25454722332928], [30.386337856076068, 37.255086212499755], [30.38418189939418, 37.255086212499755], [30.38418189939418, 37.25454722332928], [30.384720888564658, 37.25454722332928], [30.384720888564658, 37.25400823415881], [30.38418189939418, 37.25400823415881], [30.38418189939418, 37.25346924498834], [30.384720888564658, 37.25346924498834], [30.384720888564658, 37.25400823415881], [30.386876845246547, 37.25400823415881], [30.386876845246547, 37.25346924498834]]]}, "id": "+390336+86729", "properties": {"area_ha": 3.4308440249328727, "count": 12, "label": 1, "mean_dnbr": 0.16527478689556646}}, {"type": "Feature", "geometry": {"geodesic": false, "type": "Polygon", "coordinates": [[[30.387954823587478, 37.184478631167956], [30.388493812757957, 37.184478631167956], [30.388493812757957, 37.18501762033843], [30.389032801928437, 37.18501762033843], [30.389032801928437, 37.18609559867937], [30.389571791098916, 37.18609559867937], [30.389571791098916, 37.18717357702032], [30.389032801928437, 37.18717357702032], [30.389032801928437, 37.186634587849845], [30.388493812757957, 37.186634587849845], [30.388493812757957, 37.18717357702032], [30.386876845246547, 37.18717357702032], [30.386876845246547, 37.18771256619079], [30.386337856076068, 37.18771256619079], [30.386337856076068, 37.18825155536126], [30.385259877735137, 37.18825155536126], [30.385259877735137, 37.18771256619079], [30.384720888564658, 37.18771256619079], [30.384720888564658, 37.18825155536126], [30.38418189939418, 37.18825155536126], [30.38418189939418, 37.18879054453173], [30.38202594271229, 37.18879054453173], [30.38202594271229, 37.18717357702032], [30.38256493188277, 37.18717357702032], [30.38256493188277, 37.186634587849845], [30.38202594271229, 37.186634587849845], [30.38202594271229, 37.18609559867937], [30.381486953541838, 37.18609559867937], [30.381486953541838, 37.18501762033843], [30.38202594271229, 37.18501762033843], [30.38202594271229, 37.18609559867937], [30.383642910223728, 37.18609559867937], [30.383642910223728, 37.1855566095089], [30.386337856076068, 37.1855566095089], [30.386337856076068, 37.18501762033843], [30.387954823587478, 37.18501762033843], [30.387954823587478, 37.184478631167956]], [[30.383642910223728, 37.186634587849845], [30.383642910223728, 37.18771256619079], [30.383103921053248, 37.18771256619079], [30.383103921053248, 37.186634587849845], [30.383642910223728, 37.186634587849845]], [[30.384720888564658, 37.186634587849845], [30.384720888564658, 37.18771256619079], [30.38418189939418, 37.18771256619079], [30.38418189939418, 37.186634587849845], [30.384720888564658, 37.186634587849845]], [[30.386876845246547, 37.186634587849845], [30.386876845246547, 37.18717357702032], [30.386337856076068, 37.18717357702032], [30.386337856076068, 37.186634587849845], [30.386876845246547, 37.186634587849845]]]}, "id": "+390338+86857", "properties": {"area_ha": 16.883463082225855, "count": 59, "label": 1, "mean_dnbr": 0.20603162188114002}}, {"type": "Feature", "geometry": {"geodesic": false, "type": "Polygon", "coordinates": [[[30.386876845246547, 37.04488043601578], [30.389032801928437, 37.04488043601578], [30.389032801928437, 37.0464974035272], [30.388493812757957, 37.0464974035272], [30.388493812757957, 37.04703639269767], [30.387954823587478, 37.04703639269767], [30.387954823587478, 37.0464974035272], [30.387415834417027, 37.0464974035272], [30.387415834417027, 37.04541942518625], [30.386876845246547, 37.04541942518625], [30.386876845246547, 37.04488043601578]]]}, "id": "+390339+87116", "properties": {"area_ha": 3.1536242529495504, "count": 11, "label": 1, "mean_dnbr": 0.17587793989832864}}, {"type": "Feature", "geometry": {"geodesic": false, "type": "Polygon", "coordinates": [[[30.38579886690559, 37.180705706974656], [30.389571791098916, 37.180705706974656], [30.389571791098916, 37.18124469614513], [30.387954823587478, 37.18124469614513], [30.387954823587478, 37.1817836853156], [30.387415834417027, 37.1817836853156], [30.387415834417027, 37.18232267448607], [30.386876845246547, 37.18232267448607], [30.386876845246547, 37.1817836853156], [30.38579886690559, 37.1817836853156], [30.38579886690559, 37.18286166365654], [30.384720888564658, 37.18286166365654], [30.384720888564658, 37.18340065282701], [30.383642910223728, 37.18340065282701], [30.383642910223728, 37.18286166365654], [30.38418189939418, 37.18286166365654], [30.38418189939418, 37.18232267448607], [30.385259877735137, 37.18232267448607], [30.385259877735137, 37.1817836853156], [30.384720888564658, 37.1817836853156], [30.384720888564658, 37.180705706974656], [30.385259877735137, 37.180705706974656], [30.385259877735137, 37.18124469614513], [30.38579886690559, 37.18124469614513], [30.38579886690559, 37.180705706974656]]]}, "id": "+390340+86864", "properties": {"area_ha": 6.009737244951562, "count": 21, "label": 1, "mean_dnbr": 0.201950053046658}}, {"type": "Feature", "geometry": {"geodesic": false, "type": "Polygon", "coordinates": [[[30.389571791098916, 37.30952411871739], [30.390110780269367, 37.30952411871739], [30.390110780269367, 37.31006310788786], [30.391727747780777, 37.31006310788786], [30.391727747780777, 37.310602097058336], [30.391188758610326, 37.310602097058336], [30.391188758610326, 37.31168007539928], [30.390649769439847, 37.31168007539928], [30.390649769439847, 37.31221906456975], [30.389571791098916, 37.31221906456975], [30.389571791098916, 37.31114108622881], [30.390649769439847, 37.31114108622881], [30.390649769439847, 37.310602097058336], [30.390110780269367, 37.310602097058336], [30.390110780269367, 37.31006310788786], [30.389571791098916, 37.31006310788786], [30.389571791098916, 37.310602097058336], [30.389032801928437, 37.310602097058336], [30.389032801928437, 37.31006310788786], [30.388493812757957, 37.31006310788786], [30.388493812757957, 37.30952411871739], [30.389032801928437, 37.30952411871739], [30.389032801928437, 37.31006310788786], [30.389571791098916, 37.31006310788786], [30.389571791098916, 37.30952411871739]]]}, "id": "+390341+86625", "properties": {"area_ha": 3.4282706271294052, "count": 12, "label": 1, "mean_dnbr": 0.16503159620962918}}, {"type": "Feature", "geometry": {"geodesic": false, "type": "Polygon", "coordinates": [[[30.387954823587478, 37.17100390190616], [30.390649769439847, 37.17100390190616], [30.390649769439847, 37.17154289107663], [30.391188758610326, 37.17154289107663], [30.391188758610326, 37.17262086941758], [30.390649769439847, 37.17262086941758], [30.390649769439847, 37.17315985858805], [30.391188758610326, 37.17315985858805], [30.391188758610326, 37.17369884775852], [30.392805726121736, 37.17369884775852], [30.392805726121736, 37.174237836928995], [30.393344715292216, 37.174237836928995], [30.393344715292216, 37.17477682609947], [30.393883704462667, 37.17477682609947], [30.393883704462667, 37.17531581526994], [30.394422693633146, 37.17531581526994], [30.394422693633146, 37.176393793610885], [30.394961682803626, 37.176393793610885], [30.394961682803626, 37.17693278278135], [30.395500671974105, 37.17693278278135], [30.395500671974105, 37.17747177195182], [30.394961682803626, 37.17747177195182], [30.394961682803626, 37.178010761122295], [30.393883704462667, 37.178010761122295], [30.393883704462667, 37.17747177195182], [30.392805726121736, 37.17747177195182], [30.392805726121736, 37.178010761122295], [30.391188758610326, 37.178010761122295], [30.391188758610326, 37.17747177195182], [30.392266736951257, 37.17747177195182], [30.392266736951257, 37.17585480444041], [30.391727747780777, 37.17585480444041], [30.391727747780777, 37.176393793610885], [30.390110780269367, 37.176393793610885], [30.390110780269367, 37.17585480444041], [30.389571791098916, 37.17585480444041], [30.389571791098916, 37.17531581526994], [30.388493812757957, 37.17531581526994], [30.388493812757957, 37.174237836928995], [30.387415834417027, 37.174237836928995], [30.387415834417027, 37.17315985858805], [30.388493812757957, 37.17315985858805], [30.388493812757957, 37.172081880247106], [30.387415834417027, 37.172081880247106], [30.387415834417027, 37.17154289107663], [30.387954823587478, 37.17154289107663], [30.387954823587478, 37.17100390190616]], [[30.393344715292216, 37.176393793610885], [30.393344715292216, 37.17693278278135], [30.392805726121736, 37.17693278278135], [30.392805726121736, 37.176393793610885], [30.393344715292216, 37.176393793610885]], [[30.390649769439847, 37.17315985858805], [30.390649769439847, 37.174237836928995], [30.391188758610326, 37.174237836928995], [30.391188758610326, 37.17531581526994], [30.389571791098916, 37.17531581526994], [30.389571791098916, 37.174237836928995], [30.388493812757957, 37.174237836928995], [30.388493812757957, 37.17315985858805], [30.389571791098916, 37.17315985858805], [30.389571791098916, 37.17369884775852], [30.390110780269367, 37.17369884775852], [30.390110780269367, 37.17315985858805], [30.390649769439847, 37.17315985858805]]]}, "id": "+390342+86882", "properties": {"area_ha": 21.465464171082864, "count": 75, "label": 1, "mean_dnbr": 0.2518873354837673}}, {"type": "Feature", "geometry": {"geodesic": false, "type": "Polygon", "coordinates": [[[30.389032801928437, 37.62267682676146], [30.391188758610326, 37.62267682676146], [30.391188758610326, 37.6237548051024], [30.390110780269367, 37.6237548051024], [30.390110780269367, 37.62429379427287], [30.388493812757957, 37.62429379427287], [30.388493812757957, 37.62321581593193], [30.389032801928437, 37.62321581593193], [30.389032801928437, 37.62267682676146]]]}, "id": "+390343+86044", "properties": {"area_ha": 3.4139639452728225, "count": 12, "label": 1, "mean_dnbr": 0.28791461927220013}}, {"type": "Feature", "geometry": {"geodesic": false, "type": "Polygon", "coordinates": [[[30.387415834417027, 37.18825155536126], [30.391727747780777, 37.18825155536126], [30.391727747780777, 37.18879054453173], [30.391188758610326, 37.18879054453173], [30.391188758610326, 37.1893295337022], [30.390649769439847, 37.1893295337022], [30.390649769439847, 37.18986852287267], [30.389571791098916, 37.18986852287267], [30.389571791098916, 37.1893295337022], [30.387415834417027, 37.1893295337022], [30.387415834417027, 37.18825155536126]], [[30.390649769439847, 37.18879054453173], [30.390649769439847, 37.1893295337022], [30.390110780269367, 37.1893295337022], [30.390110780269367, 37.18879054453173], [30.390649769439847, 37.18879054453173]]]}, "id": "+390344+86850", "properties": {"area_ha": 4.578388929171244, "count": 16, "label": 1, "mean_dnbr": 0.22254679499739696}}, {"type": "Feature", "geometry": {"geodesic": false, "type": "Polygon", "coordinates": [[[30.390649769439847, 37.20118729545258], [30.392266736951257, 37.20118729545258], [30.392266736951257, 37.20172628462305], [30.392805726121736, 37.20172628462305], [30.392805726121736, 37.20334325213447], [30.391188758610326, 37.20334325213447], [30.391188758610326, 37.20172628462305], [30.390649769439847, 37.20172628462305], [30.390649769439847, 37.20118729545258]]]}, "id": "+390345+86826", "properties": {"area_ha": 3.4332174249871867, "count": 12, "label": 1, "mean_dnbr": 0.20460601083022306}}, {"type": "Feature", "geometry": {"geodesic": false, "type": "Polygon", "coordinates": [[[30.391727747780777, 37.17908873946324], [30.392266736951257, 37.17908873946324], [30.392266736951257, 37.17962772863371], [30.392805726121736, 37.17962772863371], [30.392805726121736, 37.180166717804184], [30.393344715292216, 37.180166717804184], [30.393344715292216, 37.180705706974656], [30.392805726121736, 37.180705706974656], [30.392805726121736, 37.18124469614513], [30.391727747780777, 37.18124469614513], [30.391727747780777, 37.18232267448607], [30.391188758610326, 37.18232267448607], [30.391188758610326, 37.18286166365654], [30.390649769439847, 37.18286166365654], [30.390649769439847, 37.1817836853156], [30.391188758610326, 37.1817836853156], [30.391188758610326, 37.180705706974656], [30.390649769439847, 37.180705706974656], [30.390649769439847, 37.17908873946324], [30.391188758610326, 37.17908873946324], [30.391188758610326, 37.17962772863371], [30.391727747780777, 37.17962772863371], [30.391727747780777, 37.17908873946324]]]}, "id": "+390345+86867", "properties": {"area_ha": 5.1513014991831625, "count": 18, "label": 1, "mean_dnbr": 0.2738836113451665}}, {"type": "Feature", "geometry": {"geodesic": false, "type": "Polygon", "coordinates": [[[30.392805726121736, 37.18825155536126], [30.393344715292216, 37.18825155536126], [30.393344715292216, 37.18879054453173], [30.395500671974105, 37.18879054453173], [30.395500671974105, 37.1893295337022], [30.396039661144556, 37.1893295337022], [30.396039661144556, 37.190407512043144], [30.394961682803626, 37.190407512043144], [30.394961682803626, 37.19148549038409], [30.393344715292216, 37.19148549038409], [30.393344715292216, 37.1893295337022], [30.392805726121736, 37.1893295337022], [30.392805726121736, 37.18825155536126]]]}, "id": "+390347+86850", "properties": {"area_ha": 6.295258255009043, "count": 22, "label": 1, "mean_dnbr": 0.2085423591548726}}, {"type": "Feature", "geometry": {"geodesic": false, "type": "Polygon", "coordinates": [[[30.393344715292216, 37.86360498596232], [30.393883704462667, 37.86360498596232], [30.393883704462667, 37.864682964303256], [30.393344715292216, 37.864682964303256], [30.393344715292216, 37.8657609426442], [30.391727747780777, 37.8657609426442], [30.391727747780777, 37.86629993181467], [30.392266736951257, 37.86629993181467], [30.392266736951257, 37.866838920985145], [30.391727747780777, 37.866838920985145], [30.391727747780777, 37.86737791015562], [30.392266736951257, 37.86737791015562], [30.392266736951257, 37.87007285600797], [30.392805726121736, 37.87007285600797], [30.392805726121736, 37.87115083434892], [30.391727747780777, 37.87115083434892], [30.391727747780777, 37.87168982351939], [30.391188758610326, 37.87168982351939], [30.391188758610326, 37.87115083434892], [30.391727747780777, 37.87115083434892], [30.391727747780777, 37.870611845178445], [30.392266736951257, 37.870611845178445], [30.392266736951257, 37.87007285600797], [30.391188758610326, 37.87007285600797], [30.391188758610326, 37.86953386683751], [30.391727747780777, 37.86953386683751], [30.391727747780777, 37.86845588849656], [30.391188758610326, 37.86845588849656], [30.391188758610326, 37.86791689932609], [30.391727747780777, 37.86791689932609], [30.391727747780777, 37.86737791015562], [30.391188758610326, 37.86737791015562], [30.391188758610326, 37.8657609426442], [30.391727747780777, 37.8657609426442], [30.391727747780777, 37.864682964303256], [30.392805726121736, 37.864682964303256], [30.392805726121736, 37.864143975132784], [30.393344715292216, 37.864143975132784], [30.393344715292216, 37.86360498596232]]]}, "id": "+390348+85597", "properties": {"area_ha": 6.805476114481973, "count": 24, "label": 1, "mean_dnbr": 0.2094156331661836}}, {"type": "Feature", "geometry": {"geodesic": false, "type": "Polygon", "coordinates": [[[30.393344715292216, 37.25778115835211], [30.393883704462667, 37.25778115835211], [30.393883704462667, 37.25832014752258], [30.396039661144556, 37.25832014752258], [30.396039661144556, 37.26047610420447], [30.393883704462667, 37.26047610420447], [30.393883704462667, 37.261015093374944], [30.391188758610326, 37.261015093374944], [30.391188758610326, 37.26047610420447], [30.390649769439847, 37.26047610420447], [30.390649769439847, 37.259937115034], [30.389032801928437, 37.259937115034], [30.389032801928437, 37.261015093374944], [30.390110780269367, 37.261015093374944], [30.390110780269367, 37.26155408254541], [30.389571791098916, 37.26155408254541], [30.389571791098916, 37.26209307171588], [30.388493812757957, 37.26209307171588], [30.388493812757957, 37.26047610420447], [30.387954823587478, 37.26047610420447], [30.387954823587478, 37.25939812586353], [30.388493812757957, 37.25939812586353], [30.388493812757957, 37.259937115034], [30.389032801928437, 37.259937115034], [30.389032801928437, 37.25939812586353], [30.390110780269367, 37.25939812586353], [30.390110780269367, 37.258859136693054], [30.391188758610326, 37.258859136693054], [30.391188758610326, 37.25832014752258], [30.391727747780777, 37.25832014752258], [30.391727747780777, 37.258859136693054], [30.392805726121736, 37.258859136693054], [30.392805726121736, 37.25832014752258], [30.393344715292216, 37.25832014752258], [30.393344715292216, 37.25778115835211]]]}, "id": "+390348+86721", "properties": {"area_ha": 16.00947555185683, "count": 56, "label": 1, "mean_dnbr": 0.2735463408617997}}, {"type": "Feature", "geometry": {"geodesic": false, "type": "Polygon", "coordinates": [[[30.394422693633146, 37.874923758542224], [30.394961682803626, 37.874923758542224], [30.394961682803626, 37.875462747712696], [30.397656628655966, 37.875462747712696], [30.397656628655966, 37.87600173688317], [30.398195617826445, 37.87600173688317], [30.398195617826445, 37.877079715224106], [30.396578650315035, 37.877079715224106], [30.396578650315035, 37.87654072605363], [30.396039661144556, 37.87654072605363], [30.396039661144556, 37.87600173688317], [30.394422693633146, 37.87600173688317], [30.394422693633146, 37.874923758542224]]]}, "id": "+390350+85576", "properties": {"area_ha": 3.969378995382235, "count": 14, "label": 1, "mean_dnbr": 0.2118851232653846}}, {"type": "Feature", "geometry": {"geodesic": false, "type": "Polygon", "coordinates": [[[30.396578650315035, 37.2922764652623], [30.397117639485515, 37.2922764652623], [30.397117639485515, 37.29335444360324], [30.397656628655966, 37.29335444360324], [30.397656628655966, 37.293893432773714], [30.397117639485515, 37.293893432773714], [30.397117639485515, 37.29443242194419], [30.395500671974105, 37.29443242194419], [30.395500671974105, 37.29335444360324], [30.394961682803626, 37.29335444360324], [30.394961682803626, 37.29281545443277], [30.396578650315035, 37.29281545443277], [30.396578650315035, 37.2922764652623]]]}, "id": "+390354+86657", "properties": {"area_ha": 3.42906364508584, "count": 12, "label": 1, "mean_dnbr": 0.21749330877106884}}, {"type": "Feature", "geometry": {"geodesic": false, "type": "Polygon", "coordinates": [[[30.397117639485515, 37.30682917286504], [30.398734606996925, 37.30682917286504], [30.398734606996925, 37.308446140376454], [30.398195617826445, 37.308446140376454], [30.398195617826445, 37.30790715120598], [30.397656628655966, 37.30790715120598], [30.397656628655966, 37.308446140376454], [30.397117639485515, 37.308446140376454], [30.397117639485515, 37.308985129546926], [30.395500671974105, 37.308985129546926], [30.395500671974105, 37.308446140376454], [30.397117639485515, 37.308446140376454], [30.397117639485515, 37.30682917286504]]]}, "id": "+390357+86630", "properties": {"area_ha": 3.1427042474569276, "count": 11, "label": 1, "mean_dnbr": 0.17792499584665672}}, {"type": "Feature", "geometry": {"geodesic": false, "type": "Polygon", "coordinates": [[[30.396578650315035, 37.277723757659565], [30.398734606996925, 37.277723757659565], [30.398734606996925, 37.27880173600051], [30.396039661144556, 37.27880173600051], [30.396039661144556, 37.279340725170975], [30.394422693633146, 37.279340725170975], [30.394422693633146, 37.27880173600051], [30.395500671974105, 37.27880173600051], [30.395500671974105, 37.27826274683004], [30.396578650315035, 37.27826274683004], [30.396578650315035, 37.277723757659565]]]}, "id": "+390357+86684", "properties": {"area_ha": 3.7155672181367283, "count": 13, "label": 1, "mean_dnbr": 0.24963771535268447}}, {"type": "Feature", "geometry": {"geodesic": false, "type": "Polygon", "coordinates": [[[30.396578650315035, 37.25185227747692], [30.399273596167404, 37.25185227747692], [30.399273596167404, 37.25239126664739], [30.399812585337855, 37.25239126664739], [30.399812585337855, 37.252930255817866], [30.396039661144556, 37.252930255817866], [30.396039661144556, 37.25239126664739], [30.396578650315035, 37.25239126664739], [30.396578650315035, 37.25185227747692]]]}, "id": "+390358+86732", "properties": {"area_ha": 3.430957351334467, "count": 12, "label": 1, "mean_dnbr": 0.19215112294180053}}, {"type": "Feature", "geometry": {"geodesic": false, "type": "Polygon", "coordinates": [[[30.398734606996925, 37.866838920985145], [30.399812585337855, 37.866838920985145], [30.399812585337855, 37.86737791015562], [30.399273596167404, 37.86737791015562], [30.399273596167404, 37.86791689932609], [30.400351574508335, 37.86791689932609], [30.400351574508335, 37.868994877667035], [30.400890563678814, 37.868994877667035], [30.400890563678814, 37.86953386683751], [30.401968542019745, 37.86953386683751], [30.401968542019745, 37.87007285600797], [30.401429552849294, 37.87007285600797], [30.401429552849294, 37.870611845178445], [30.400890563678814, 37.870611845178445], [30.400890563678814, 37.87007285600797], [30.399812585337855, 37.87007285600797], [30.399812585337855, 37.86953386683751], [30.399273596167404, 37.86953386683751], [30.399273596167404, 37.87007285600797], [30.397656628655966, 37.87007285600797], [30.397656628655966, 37.868994877667035], [30.398195617826445, 37.868994877667035], [30.398195617826445, 37.86845588849656], [30.399273596167404, 37.86845588849656], [30.399273596167404, 37.86791689932609], [30.398734606996925, 37.86791689932609], [30.398734606996925, 37.866838920985145]], [[30.399273596167404, 37.868994877667035], [30.399273596167404, 37.86953386683751], [30.398734606996925, 37.86953386683751], [30.398734606996925, 37.868994877667035], [30.399273596167404, 37.868994877667035]]]}, "id": "+390359+85591", "properties": {"area_ha": 6.238206118681183, "count": 22, "label": 1, "mean_dnbr": 0.2191536791390467}}, {"type": "Feature", "geometry": {"geodesic": false, "type": "Polygon", "coordinates": [[[30.398734606996925, 37.24807935328362], [30.400890563678814, 37.24807935328362], [30.400890563678814, 37.24915733162456], [30.401968542019745, 37.24915733162456], [30.401968542019745, 37.24969632079503], [30.398734606996925, 37.24969632079503], [30.398734606996925, 37.24915733162456], [30.398195617826445, 37.24915733162456], [30.398195617826445, 37.248618342454094], [30.398734606996925, 37.248618342454094], [30.398734606996925, 37.24807935328362]]]}, "id": "+390361+86739", "properties": {"area_ha": 4.2888809670166115, "count": 15, "label": 1, "mean_dnbr": 0.21812059419056706}}, {"type": "Feature", "geometry": {"geodesic": false, "type": "Polygon", "coordinates": [[[30.401429552849294, 37.27880173600051], [30.401968542019745, 37.27880173600051], [30.401968542019745, 37.27987971434145], [30.400890563678814, 37.27987971434145], [30.400890563678814, 37.28041870351192], [30.399812585337855, 37.28041870351192], [30.399812585337855, 37.27987971434145], [30.399273596167404, 37.27987971434145], [30.399273596167404, 37.28095769268239], [30.398734606996925, 37.28095769268239], [30.398734606996925, 37.28203567102334], [30.398195617826445, 37.28203567102334], [30.398195617826445, 37.28041870351192], [30.397656628655966, 37.28041870351192], [30.397656628655966, 37.279340725170975], [30.401429552849294, 37.279340725170975], [30.401429552849294, 37.27880173600051]]]}, "id": "+390363+86682", "properties": {"area_ha": 5.144478567411579, "count": 18, "label": 1, "mean_dnbr": 0.2329149754990588}}, {"type": "Feature", "geometry": {"geodesic": false, "type": "Polygon", "coordinates": [[[30.402507531190224, 37.30197827033079], [30.403046520360704, 37.30197827033079], [30.403046520360704, 37.302517259501265], [30.403585509531155, 37.302517259501265], [30.403585509531155, 37.30467321618315], [30.404124498701634, 37.30467321618315], [30.404124498701634, 37.30521220535362], [30.406280455383524, 37.30521220535362], [30.406280455383524, 37.30575119452409], [30.398734606996925, 37.30575119452409], [30.398734606996925, 37.30521220535362], [30.398195617826445, 37.30521220535362], [30.398195617826445, 37.304134227012675], [30.397656628655966, 37.304134227012675], [30.397656628655966, 37.30467321618315], [30.397117639485515, 37.30467321618315], [30.397117639485515, 37.30521220535362], [30.394961682803626, 37.30521220535362], [30.394961682803626, 37.306290183694564], [30.394422693633146, 37.306290183694564], [30.394422693633146, 37.30521220535362], [30.394961682803626, 37.30521220535362], [30.394961682803626, 37.304134227012675], [30.395500671974105, 37.304134227012675], [30.395500671974105, 37.3035952378422], [30.394961682803626, 37.3035952378422], [30.394961682803626, 37.30305624867174], [30.396039661144556, 37.30305624867174], [30.396039661144556, 37.302517259501265], [30.396578650315035, 37.302517259501265], [30.396578650315035, 37.30305624867174], [30.398195617826445, 37.30305624867174], [30.398195617826445, 37.302517259501265], [30.399273596167404, 37.302517259501265], [30.399273596167404, 37.3035952378422], [30.398734606996925, 37.3035952378422], [30.398734606996925, 37.30467321618315], [30.399812585337855, 37.30467321618315], [30.399812585337855, 37.30305624867174], [30.400890563678814, 37.30305624867174], [30.400890563678814, 37.3035952378422], [30.401429552849294, 37.3035952378422], [30.401429552849294, 37.302517259501265], [30.401968542019745, 37.302517259501265], [30.401968542019745, 37.3035952378422], [30.402507531190224, 37.3035952378422], [30.402507531190224, 37.30197827033079]], [[30.396039661144556, 37.304134227012675], [30.396039661144556, 37.30467321618315], [30.395500671974105, 37.30467321618315], [30.395500671974105, 37.304134227012675], [30.396039661144556, 37.304134227012675]]]}, "id": "+390365+86639", "properties": {"area_ha": 21.714568052754853, "count": 76, "label": 1, "mean_dnbr": 0.1813465355800547}}, {"type": "Feature", "geometry": {"geodesic": false, "type": "Polygon", "coordinates": [[[30.401429552849294, 37.23945552655607], [30.403046520360704, 37.23945552655607], [30.403046520360704, 37.23999451572654], [30.402507531190224, 37.23999451572654], [30.402507531190224, 37.24107249406749], [30.401429552849294, 37.24107249406749], [30.401429552849294, 37.240533504897016], [30.398734606996925, 37.240533504897016], [30.398734606996925, 37.23999451572654], [30.401429552849294, 37.23999451572654], [30.401429552849294, 37.23945552655607]]]}, "id": "+390365+86755", "properties": {"area_ha": 3.4314883525901836, "count": 12, "label": 1, "mean_dnbr": 0.19511093943796953}}, {"type": "Feature", "geometry": {"geodesic": false, "type": "Polygon", "coordinates": [[[30.400890563678814, 37.26640498507966], [30.405741466213044, 37.26640498507966], [30.405741466213044, 37.26694397425013], [30.404124498701634, 37.26694397425013], [30.404124498701634, 37.2674829634206], [30.403585509531155, 37.2674829634206], [30.403585509531155, 37.26694397425013], [30.401968542019745, 37.26694397425013], [30.401968542019745, 37.2674829634206], [30.400890563678814, 37.2674829634206], [30.400890563678814, 37.26640498507966]]]}, "id": "+390370+86705", "properties": {"area_ha": 3.4302074674903684, "count": 12, "label": 1, "mean_dnbr": 0.1834203524639757}}, {"type": "Feature", "geometry": {"geodesic": false, "type": "Polygon", "coordinates": [[[30.404663487872114, 37.86091004010996], [30.406280455383524, 37.86091004010996], [30.406280455383524, 37.86144902928043], [30.407897422894933, 37.86144902928043], [30.407897422894933, 37.8619880184509], [30.406280455383524, 37.8619880184509], [30.406280455383524, 37.864143975132784], [30.405202477042593, 37.864143975132784], [30.405202477042593, 37.863065996791846], [30.405741466213044, 37.863065996791846], [30.405741466213044, 37.862527007621374], [30.404124498701634, 37.862527007621374], [30.404124498701634, 37.86144902928043], [30.404663487872114, 37.86144902928043], [30.404663487872114, 37.86091004010996]]]}, "id": "+390371+85602", "properties": {"area_ha": 5.388040267166627, "count": 19, "label": 1, "mean_dnbr": 0.24698468751842204}}, {"type": "Feature", "geometry": {"geodesic": false, "type": "Polygon", "coordinates": [[[30.405741466213044, 37.28634758438711], [30.407358433724482, 37.28634758438711], [30.407358433724482, 37.287964551898526], [30.405202477042593, 37.287964551898526], [30.405202477042593, 37.288503541069], [30.406280455383524, 37.288503541069], [30.406280455383524, 37.28904253023947], [30.404663487872114, 37.28904253023947], [30.404663487872114, 37.288503541069], [30.403585509531155, 37.288503541069], [30.403585509531155, 37.28742556272805], [30.403046520360704, 37.28742556272805], [30.403046520360704, 37.28688657355758], [30.403585509531155, 37.28688657355758], [30.403585509531155, 37.28634758438711], [30.404124498701634, 37.28634758438711], [30.404124498701634, 37.28688657355758], [30.405741466213044, 37.28688657355758], [30.405741466213044, 37.28634758438711]]]}, "id": "+390373+86668", "properties": {"area_ha": 7.144450993932671, "count": 25, "label": 1, "mean_dnbr": 0.282764909265084}}, {"type": "Feature", "geometry": {"geodesic": false, "type": "Polygon", "coordinates": [[[30.407897422894933, 37.277723757659565], [30.408975401235892, 37.277723757659565], [30.408975401235892, 37.27880173600051], [30.408436412065413, 37.27880173600051], [30.408436412065413, 37.279340725170975], [30.407358433724482, 37.279340725170975], [30.407358433724482, 37.27880173600051], [30.406819444554003, 37.27880173600051], [30.406819444554003, 37.279340725170975], [30.403585509531155, 37.279340725170975], [30.403585509531155, 37.27826274683004], [30.404663487872114, 37.27826274683004], [30.404663487872114, 37.277723757659565], [30.406280455383524, 37.277723757659565], [30.406280455383524, 37.27826274683004], [30.407897422894933, 37.27826274683004], [30.407897422894933, 37.277723757659565]]]}, "id": "+390376+86684", "properties": {"area_ha": 6.573689176657915, "count": 23, "label": 1, "mean_dnbr": 0.18262938162338727}}, {"type": "Feature", "geometry": {"geodesic": false, "type": "Polygon", "coordinates": [[[30.407897422894933, 37.422711844516456], [30.410053379576823, 37.422711844516456], [30.410053379576823, 37.42325083368693], [30.410592368747302, 37.42325083368693], [30.410592368747302, 37.4237898228574], [30.41113135791778, 37.4237898228574], [30.41113135791778, 37.424328812027866], [30.410592368747302, 37.424328812027866], [30.410592368747302, 37.42486780119834], [30.410053379576823, 37.42486780119834], [30.410053379576823, 37.424328812027866], [30.409514390406343, 37.424328812027866], [30.409514390406343, 37.4237898228574], [30.408436412065413, 37.4237898228574], [30.408436412065413, 37.42325083368693], [30.407897422894933, 37.42325083368693], [30.407897422894933, 37.422711844516456]]]}, "id": "+390378+86415", "properties": {"area_ha": 3.4231199166991586, "count": 12, "label": 1, "mean_dnbr": 0.16605231249873836}}, {"type": "Feature", "geometry": {"geodesic": false, "type": "Polygon", "coordinates": [[[30.410053379576823, 37.87168982351939], [30.410592368747302, 37.87168982351939], [30.410592368747302, 37.87222881268986], [30.411670347088233, 37.87222881268986], [30.411670347088233, 37.872767801860334], [30.41274832542919, 37.872767801860334], [30.41274832542919, 37.87330679103081], [30.41328731459967, 37.87330679103081], [30.41328731459967, 37.87438476937175], [30.412209336258712, 37.87438476937175], [30.412209336258712, 37.87384578020128], [30.41113135791778, 37.87384578020128], [30.41113135791778, 37.87330679103081], [30.410053379576823, 37.87330679103081], [30.410053379576823, 37.872767801860334], [30.409514390406343, 37.872767801860334], [30.409514390406343, 37.87222881268986], [30.410053379576823, 37.87222881268986], [30.410053379576823, 37.87168982351939]]]}, "id": "+390379+85582", "properties": {"area_ha": 4.536625794896018, "count": 16, "label": 1, "mean_dnbr": 0.29776089137039}}, {"type": "Feature", "geometry": {"geodesic": false, "type": "Polygon", "coordinates": [[[30.408975401235892, 37.2922764652623], [30.410592368747302, 37.2922764652623], [30.410592368747302, 37.29335444360324], [30.410053379576823, 37.29335444360324], [30.410053379576823, 37.293893432773714], [30.408436412065413, 37.293893432773714], [30.408436412065413, 37.29443242194419], [30.406280455383524, 37.29443242194419], [30.406280455383524, 37.293893432773714], [30.407897422894933, 37.293893432773714], [30.407897422894933, 37.29335444360324], [30.408436412065413, 37.29335444360324], [30.408436412065413, 37.29281545443277], [30.408975401235892, 37.29281545443277], [30.408975401235892, 37.2922764652623]]]}, "id": "+390379+86657", "properties": {"area_ha": 4.28633804996834, "count": 15, "label": 1, "mean_dnbr": 0.22010479826260992}}, {"type": "Feature", "geometry": {"geodesic": false, "type": "Polygon", "coordinates": [[[30.411670347088233, 37.30682917286504], [30.412209336258712, 37.30682917286504], [30.412209336258712, 37.30790715120598], [30.411670347088233, 37.30790715120598], [30.411670347088233, 37.308446140376454], [30.41113135791778, 37.308446140376454], [30.41113135791778, 37.310602097058336], [30.411670347088233, 37.310602097058336], [30.411670347088233, 37.31006310788786], [30.41274832542919, 37.31006310788786], [30.41274832542919, 37.310602097058336], [30.413826303770122, 37.310602097058336], [30.413826303770122, 37.31006310788786], [30.415443271281532, 37.31006310788786], [30.415443271281532, 37.31114108622881], [30.411670347088233, 37.31114108622881], [30.411670347088233, 37.31168007539928], [30.41113135791778, 37.31168007539928], [30.41113135791778, 37.31221906456975], [30.410592368747302, 37.31221906456975], [30.410592368747302, 37.30790715120598], [30.410053379576823, 37.30790715120598], [30.410053379576823, 37.30736816203551], [30.411670347088233, 37.30736816203551], [30.411670347088233, 37.30682917286504]]]}, "id": "+390382+86630", "properties": {"area_ha": 7.99943569785507, "count": 28, "label": 1, "mean_dnbr": 0.18702505447341175}}, {"type": "Feature", "geometry": {"geodesic": false, "type": "Polygon", "coordinates": [[[30.409514390406343, 37.46690895649513], [30.41274832542919, 37.46690895649513], [30.41274832542919, 37.467447945665604], [30.412209336258712, 37.467447945665604], [30.412209336258712, 37.46798693483608], [30.410053379576823, 37.46798693483608], [30.410053379576823, 37.46906491317702], [30.409514390406343, 37.46906491317702], [30.409514390406343, 37.46690895649513]]]}, "id": "+390383+86333", "properties": {"area_ha": 3.7061883735528847, "count": 13, "label": 1, "mean_dnbr": 0.21387597857977428}}, {"type": "Feature", "geometry": {"geodesic": false, "type": "Polygon", "coordinates": [[[30.41113135791778, 37.2998223136489], [30.41274832542919, 37.2998223136489], [30.41274832542919, 37.300361302819375], [30.4143652929406, 37.300361302819375], [30.4143652929406, 37.30090029198985], [30.41598226045201, 37.30090029198985], [30.41598226045201, 37.30143928116032], [30.41490428211108, 37.30143928116032], [30.41490428211108, 37.30197827033079], [30.415443271281532, 37.30197827033079], [30.415443271281532, 37.302517259501265], [30.41490428211108, 37.302517259501265], [30.41490428211108, 37.30305624867174], [30.4143652929406, 37.30305624867174], [30.4143652929406, 37.302517259501265], [30.41490428211108, 37.302517259501265], [30.41490428211108, 37.30197827033079], [30.4143652929406, 37.30197827033079], [30.4143652929406, 37.30143928116032], [30.41328731459967, 37.30143928116032], [30.41328731459967, 37.30090029198985], [30.41274832542919, 37.30090029198985], [30.41274832542919, 37.300361302819375], [30.41113135791778, 37.300361302819375], [30.41113135791778, 37.2998223136489]]]}, "id": "+390383+86643", "properties": {"area_ha": 4.0001680300086715, "count": 14, "label": 1, "mean_dnbr": 0.1637749397912813}}, {"type": "Feature", "geometry": {"geodesic": false, "type": "Polygon", "coordinates": [[[30.41113135791778, 37.29497141111466], [30.41274832542919, 37.29497141111466], [30.41274832542919, 37.29551040028513], [30.41328731459967, 37.29551040028513], [30.41328731459967, 37.296049389455604], [30.413826303770122, 37.296049389455604], [30.413826303770122, 37.296588378626076], [30.41328731459967, 37.296588378626076], [30.41328731459967, 37.29712736779655], [30.411670347088233, 37.29712736779655], [30.411670347088233, 37.296049389455604], [30.41113135791778, 37.296049389455604], [30.41113135791778, 37.29497141111466]]]}, "id": "+390383+86652", "properties": {"area_ha": 4.0004381011180605, "count": 14, "label": 1, "mean_dnbr": 0.17258529747636892}}, {"type": "Feature", "geometry": {"geodesic": false, "type": "Polygon", "coordinates": [[[30.415443271281532, 37.314914010422115], [30.41598226045201, 37.314914010422115], [30.41598226045201, 37.31545299959258], [30.41652124962249, 37.31545299959258], [30.41652124962249, 37.316530977933525], [30.41706023879297, 37.316530977933525], [30.41706023879297, 37.31814794544494], [30.41652124962249, 37.31814794544494], [30.41652124962249, 37.31760895627447], [30.41490428211108, 37.31760895627447], [30.41490428211108, 37.31599198876305], [30.41598226045201, 37.31599198876305], [30.41598226045201, 37.31545299959258], [30.415443271281532, 37.31545299959258], [30.415443271281532, 37.314914010422115]]]}, "id": "+390389+86615", "properties": {"area_ha": 3.999340303136105, "count": 14, "label": 1, "mean_dnbr": 0.2316727910690488}}, {"type": "Feature", "geometry": {"geodesic": false, "type": "Polygon", "coordinates": [[[30.41652124962249, 37.296588378626076], [30.41759922796342, 37.296588378626076], [30.41759922796342, 37.29712736779655], [30.41867720630438, 37.29712736779655], [30.41867720630438, 37.297666356967014], [30.41921619547486, 37.297666356967014], [30.41921619547486, 37.29712736779655], [30.41975518464531, 37.29712736779655], [30.41975518464531, 37.298205346137486], [30.41921619547486, 37.298205346137486], [30.41921619547486, 37.29874433530796], [30.41975518464531, 37.29874433530796], [30.41975518464531, 37.29928332447843], [30.41921619547486, 37.29928332447843], [30.41921619547486, 37.2998223136489], [30.41975518464531, 37.2998223136489], [30.41975518464531, 37.30090029198985], [30.4219111413272, 37.30090029198985], [30.4219111413272, 37.30143928116032], [30.42245013049768, 37.30143928116032], [30.42245013049768, 37.30197827033079], [30.42029417381579, 37.30197827033079], [30.42029417381579, 37.30305624867174], [30.41867720630438, 37.30305624867174], [30.41867720630438, 37.302517259501265], [30.4181382171339, 37.302517259501265], [30.4181382171339, 37.30197827033079], [30.41867720630438, 37.30197827033079], [30.41867720630438, 37.30143928116032], [30.41759922796342, 37.30143928116032], [30.41759922796342, 37.2998223136489], [30.4181382171339, 37.2998223136489], [30.4181382171339, 37.29928332447843], [30.41759922796342, 37.29928332447843], [30.41759922796342, 37.29874433530796], [30.41706023879297, 37.29874433530796], [30.41706023879297, 37.298205346137486], [30.41759922796342, 37.298205346137486], [30.41759922796342, 37.29712736779655], [30.41706023879297, 37.29712736779655], [30.41706023879297, 37.297666356967014], [30.41598226045201, 37.297666356967014], [30.41598226045201, 37.29712736779655], [30.41652124962249, 37.29712736779655], [30.41652124962249, 37.296588378626076]], [[30.41921619547486, 37.2998223136489], [30.41921619547486, 37.30090029198985], [30.41867720630438, 37.30090029198985], [30.41867720630438, 37.2998223136489], [30.41921619547486, 37.2998223136489]], [[30.41867720630438, 37.297666356967014], [30.41867720630438, 37.298205346137486], [30.4181382171339, 37.298205346137486], [30.4181382171339, 37.297666356967014], [30.41867720630438, 37.297666356967014]]]}, "id": "+390392+86649", "properties": {"area_ha": 13.715053244206816, "count": 48, "label": 1, "mean_dnbr": 0.19664981321215552}}, {"type": "Feature", "geometry": {"geodesic": false, "type": "Polygon", "coordinates": [[[30.42029417381579, 37.401691266868056], [30.42137215215672, 37.401691266868056], [30.42137215215672, 37.402769245209], [30.4219111413272, 37.402769245209], [30.4219111413272, 37.403847223549946], [30.42083316298627, 37.403847223549946], [30.42083316298627, 37.40330823437947], [30.41921619547486, 37.40330823437947], [30.41921619547486, 37.402769245209], [30.41975518464531, 37.402769245209], [30.41975518464531, 37.40223025603853], [30.42029417381579, 37.40223025603853], [30.42029417381579, 37.401691266868056]]]}, "id": "+390399+86454", "properties": {"area_ha": 3.4240767941107086, "count": 12, "label": 1, "mean_dnbr": 0.30586772550021063}}, {"type": "Feature", "geometry": {"geodesic": false, "type": "Polygon", "coordinates": [[[30.42730103303191, 37.31006310788786], [30.42784002220239, 37.31006310788786], [30.42784002220239, 37.310602097058336], [30.4294569897138, 37.310602097058336], [30.4294569897138, 37.31114108622881], [30.42999597888428, 37.31114108622881], [30.42999597888428, 37.31221906456975], [30.42730103303191, 37.31221906456975], [30.42730103303191, 37.312758053740225], [30.42784002220239, 37.312758053740225], [30.42784002220239, 37.3132970429107], [30.42730103303191, 37.3132970429107], [30.42730103303191, 37.31437502125164], [30.42676204386146, 37.31437502125164], [30.42676204386146, 37.31383603208117], [30.42622305469098, 37.31383603208117], [30.42622305469098, 37.31221906456975], [30.42730103303191, 37.31221906456975], [30.42730103303191, 37.31168007539928], [30.42622305469098, 37.31168007539928], [30.42622305469098, 37.31114108622881], [30.42784002220239, 37.31114108622881], [30.42784002220239, 37.310602097058336], [30.42730103303191, 37.310602097058336], [30.42730103303191, 37.31006310788786]]]}, "id": "+390411+86624", "properties": {"area_ha": 6.856447705442931, "count": 24, "label": 1, "mean_dnbr": 0.18453230825454556}}, {"type": "Feature", "geometry": {"geodesic": false, "type": "Polygon", "coordinates": [[[30.42999597888428, 37.304134227012675], [30.430534968054758, 37.304134227012675], [30.430534968054758, 37.30575119452409], [30.431073957225237, 37.30575119452409], [30.431073957225237, 37.30682917286504], [30.43161294639569, 37.30682917286504], [30.43161294639569, 37.30575119452409], [30.432151935566168, 37.30575119452409], [30.432151935566168, 37.30521220535362], [30.432690924736647, 37.30521220535362], [30.432690924736647, 37.306290183694564], [30.4332299139071, 37.306290183694564], [30.4332299139071, 37.30736816203551], [30.433768903077578, 37.30736816203551], [30.433768903077578, 37.30682917286504], [30.434307892248057, 37.30682917286504], [30.434307892248057, 37.30736816203551], [30.433768903077578, 37.30736816203551], [30.433768903077578, 37.30790715120598], [30.4332299139071, 37.30790715120598], [30.4332299139071, 37.30952411871739], [30.434307892248057, 37.30952411871739], [30.434307892248057, 37.312758053740225], [30.432151935566168, 37.312758053740225], [30.432151935566168, 37.31168007539928], [30.433768903077578, 37.31168007539928], [30.433768903077578, 37.310602097058336], [30.4332299139071, 37.310602097058336], [30.4332299139071, 37.31114108622881], [30.432690924736647, 37.31114108622881], [30.432690924736647, 37.308446140376454], [30.432151935566168, 37.308446140376454], [30.432151935566168, 37.30736816203551], [30.43161294639569, 37.30736816203551], [30.43161294639569, 37.30790715120598], [30.431073957225237, 37.30790715120598], [30.431073957225237, 37.30736816203551], [30.42999597888428, 37.30736816203551], [30.42999597888428, 37.306290183694564], [30.4294569897138, 37.306290183694564], [30.4294569897138, 37.30575119452409], [30.428918000543348, 37.30575119452409], [30.428918000543348, 37.30521220535362], [30.4294569897138, 37.30521220535362], [30.4294569897138, 37.30467321618315], [30.42999597888428, 37.30467321618315], [30.42999597888428, 37.304134227012675]]]}, "id": "+390416+86635", "properties": {"area_ha": 13.999263216979944, "count": 49, "label": 1, "mean_dnbr": 0.20159559267158647}}, {"type": "Feature", "geometry": {"geodesic": false, "type": "Polygon", "coordinates": [[[30.430534968054758, 37.24969632079503], [30.431073957225237, 37.24969632079503], [30.431073957225237, 37.250235309965504], [30.43161294639569, 37.250235309965504], [30.43161294639569, 37.250774299135976], [30.432690924736647, 37.250774299135976], [30.432690924736647, 37.25131328830645], [30.4332299139071, 37.25131328830645], [30.4332299139071, 37.25239126664739], [30.431073957225237, 37.25239126664739], [30.431073957225237, 37.25131328830645], [30.43161294639569, 37.25131328830645], [30.43161294639569, 37.250774299135976], [30.431073957225237, 37.250774299135976], [30.431073957225237, 37.250235309965504], [30.430534968054758, 37.250235309965504], [30.430534968054758, 37.25131328830645], [30.42999597888428, 37.25131328830645], [30.42999597888428, 37.250235309965504], [30.430534968054758, 37.250235309965504], [30.430534968054758, 37.24969632079503]]]}, "id": "+390417+86736", "properties": {"area_ha": 4.002819805150256, "count": 14, "label": 1, "mean_dnbr": 0.21293598807135303}}, {"type": "Feature", "geometry": {"geodesic": false, "type": "Polygon", "coordinates": [[[30.433768903077578, 37.393606429310985], [30.434846881418537, 37.393606429310985], [30.434846881418537, 37.39468440765192], [30.433768903077578, 37.39468440765192], [30.433768903077578, 37.395223396822395], [30.434846881418537, 37.395223396822395], [30.434846881418537, 37.39684036433381], [30.434307892248057, 37.39684036433381], [30.434307892248057, 37.397379353504284], [30.433768903077578, 37.397379353504284], [30.433768903077578, 37.39684036433381], [30.434307892248057, 37.39684036433381], [30.434307892248057, 37.39630137516334], [30.4332299139071, 37.39630137516334], [30.4332299139071, 37.39576238599287], [30.433768903077578, 37.39576238599287], [30.433768903077578, 37.395223396822395], [30.432690924736647, 37.395223396822395], [30.432690924736647, 37.39468440765192], [30.433768903077578, 37.39468440765192], [30.433768903077578, 37.393606429310985]]]}, "id": "+390424+86469", "properties": {"area_ha": 3.709784328032401, "count": 13, "label": 1, "mean_dnbr": 0.19887019440558348}}, {"type": "Feature", "geometry": {"geodesic": false, "type": "Polygon", "coordinates": [[[30.442392729805135, 37.40438621272042], [30.443470708146066, 37.40438621272042], [30.443470708146066, 37.4065421694023], [30.442931718975615, 37.4065421694023], [30.442931718975615, 37.407620147743245], [30.442392729805135, 37.407620147743245], [30.442392729805135, 37.4065421694023], [30.442931718975615, 37.4065421694023], [30.442931718975615, 37.40546419106136], [30.441853740634656, 37.40546419106136], [30.441853740634656, 37.4065421694023], [30.441314751464176, 37.4065421694023], [30.441314751464176, 37.40492520189089], [30.442392729805135, 37.40492520189089], [30.442392729805135, 37.40438621272042]]]}, "id": "+390440+86449", "properties": {"area_ha": 3.4239421944738826, "count": 12, "label": 1, "mean_dnbr": 0.1849383525426491}}, {"type": "Feature", "geometry": {"geodesic": false, "type": "Polygon", "coordinates": [[[30.442931718975615, 37.38552159175391], [30.444548686487025, 37.38552159175391], [30.444548686487025, 37.38659957009485], [30.445087675657476, 37.38659957009485], [30.445087675657476, 37.38606058092438], [30.445626664827955, 37.38606058092438], [30.445626664827955, 37.38659957009485], [30.445087675657476, 37.38659957009485], [30.445087675657476, 37.387677548435796], [30.444548686487025, 37.387677548435796], [30.444548686487025, 37.38821653760626], [30.444009697316545, 37.38821653760626], [30.444009697316545, 37.388755526776734], [30.443470708146066, 37.388755526776734], [30.443470708146066, 37.389294515947206], [30.442931718975615, 37.389294515947206], [30.442931718975615, 37.388755526776734], [30.443470708146066, 37.388755526776734], [30.443470708146066, 37.38821653760626], [30.442931718975615, 37.38821653760626], [30.442931718975615, 37.387677548435796], [30.442392729805135, 37.387677548435796], [30.442392729805135, 37.38606058092438], [30.442931718975615, 37.38606058092438], [30.442931718975615, 37.38552159175391]], [[30.444009697316545, 37.387677548435796], [30.444009697316545, 37.38821653760626], [30.443470708146066, 37.38821653760626], [30.443470708146066, 37.387677548435796], [30.444009697316545, 37.387677548435796]]]}, "id": "+390442+86484", "properties": {"area_ha": 6.278792087582999, "count": 22, "label": 1, "mean_dnbr": 0.2105137765590633}}, {"type": "Feature", "geometry": {"geodesic": false, "type": "Polygon", "coordinates": [[[30.444009697316545, 37.37959271087872], [30.444548686487025, 37.37959271087872], [30.444548686487025, 37.38013170004919], [30.445087675657476, 37.38013170004919], [30.445087675657476, 37.381209678390135], [30.445626664827955, 37.381209678390135], [30.445626664827955, 37.38228765673107], [30.445087675657476, 37.38228765673107], [30.445087675657476, 37.382826645901545], [30.444548686487025, 37.382826645901545], [30.444548686487025, 37.38336563507202], [30.444009697316545, 37.38336563507202], [30.444009697316545, 37.38228765673107], [30.443470708146066, 37.38228765673107], [30.443470708146066, 37.38336563507202], [30.442392729805135, 37.38336563507202], [30.442392729805135, 37.3817486675606], [30.444009697316545, 37.3817486675606], [30.444009697316545, 37.38067068921966], [30.444548686487025, 37.38067068921966], [30.444548686487025, 37.38013170004919], [30.444009697316545, 37.38013170004919], [30.444009697316545, 37.37959271087872]]]}, "id": "+390442+86495", "properties": {"area_ha": 5.708380037928198, "count": 20, "label": 1, "mean_dnbr": 0.17456727055670324}}, {"type": "Feature", "geometry": {"geodesic": false, "type": "Polygon", "coordinates": [[[30.442931718975615, 37.32407682632013], [30.444548686487025, 37.32407682632013], [30.444548686487025, 37.3246158154906], [30.444009697316545, 37.3246158154906], [30.444009697316545, 37.325154804661075], [30.444548686487025, 37.325154804661075], [30.444548686487025, 37.32623278300202], [30.441853740634656, 37.32623278300202], [30.441853740634656, 37.325154804661075], [30.442392729805135, 37.325154804661075], [30.442392729805135, 37.3246158154906], [30.442931718975615, 37.3246158154906], [30.442931718975615, 37.32407682632013]], [[30.444009697316545, 37.325154804661075], [30.444009697316545, 37.32569379383155], [30.443470708146066, 37.32569379383155], [30.443470708146066, 37.325154804661075], [30.444009697316545, 37.325154804661075]]]}, "id": "+390442+86598", "properties": {"area_ha": 4.284527885597424, "count": 15, "label": 1, "mean_dnbr": 0.1992348996943648}}, {"type": "Feature", "geometry": {"geodesic": false, "type": "Polygon", "coordinates": [[[30.443470708146066, 37.30575119452409], [30.444548686487025, 37.30575119452409], [30.444548686487025, 37.306290183694564], [30.445087675657476, 37.306290183694564], [30.445087675657476, 37.30682917286504], [30.444009697316545, 37.30682917286504], [30.444009697316545, 37.30736816203551], [30.443470708146066, 37.30736816203551], [30.443470708146066, 37.31006310788786], [30.442931718975615, 37.31006310788786], [30.442931718975615, 37.30790715120598], [30.442392729805135, 37.30790715120598], [30.442392729805135, 37.308446140376454], [30.441853740634656, 37.308446140376454], [30.441853740634656, 37.30790715120598], [30.442392729805135, 37.30790715120598], [30.442392729805135, 37.30682917286504], [30.441853740634656, 37.30682917286504], [30.441853740634656, 37.306290183694564], [30.443470708146066, 37.306290183694564], [30.443470708146066, 37.30575119452409]]]}, "id": "+390442+86632", "properties": {"area_ha": 5.142645835051209, "count": 18, "label": 1, "mean_dnbr": 0.1762394750258376}}, {"type": "Feature", "geometry": {"geodesic": false, "type": "Polygon", "coordinates": [[[30.445087675657476, 37.283652638534754], [30.446165653998435, 37.283652638534754], [30.446165653998435, 37.284191627705226], [30.447782621509845, 37.284191627705226], [30.447782621509845, 37.285269606046164], [30.447243632339365, 37.285269606046164], [30.447243632339365, 37.2847306168757], [30.446704643168914, 37.2847306168757], [30.446704643168914, 37.285808595216636], [30.447243632339365, 37.285808595216636], [30.447243632339365, 37.28634758438711], [30.447782621509845, 37.28634758438711], [30.447782621509845, 37.28688657355758], [30.448860599850804, 37.28688657355758], [30.448860599850804, 37.28634758438711], [30.450477567362213, 37.28634758438711], [30.450477567362213, 37.28688657355758], [30.449938578191734, 37.28688657355758], [30.449938578191734, 37.28742556272805], [30.450477567362213, 37.28742556272805], [30.450477567362213, 37.28904253023947], [30.452094534873623, 37.28904253023947], [30.452094534873623, 37.28958151940994], [30.452633524044103, 37.28958151940994], [30.452633524044103, 37.29065949775089], [30.453172513214554, 37.29065949775089], [30.453172513214554, 37.29119848692136], [30.453711502385033, 37.29119848692136], [30.453711502385033, 37.291737476091825], [30.454250491555513, 37.291737476091825], [30.454250491555513, 37.29281545443277], [30.452633524044103, 37.29281545443277], [30.452633524044103, 37.2922764652623], [30.452094534873623, 37.2922764652623], [30.452094534873623, 37.29281545443277], [30.451016556532664, 37.29281545443277], [30.451016556532664, 37.291737476091825], [30.450477567362213, 37.291737476091825], [30.450477567362213, 37.29119848692136], [30.451555545703144, 37.29119848692136], [30.451555545703144, 37.290120508580415], [30.450477567362213, 37.290120508580415], [30.450477567362213, 37.29065949775089], [30.449938578191734, 37.29065949775089], [30.449938578191734, 37.290120508580415], [30.449399589021255, 37.290120508580415], [30.449399589021255, 37.28904253023947], [30.449938578191734, 37.28904253023947], [30.449938578191734, 37.288503541069], [30.448321610680324, 37.288503541069], [30.448321610680324, 37.28958151940994], [30.447782621509845, 37.28958151940994], [30.447782621509845, 37.288503541069], [30.446704643168914, 37.288503541069], [30.446704643168914, 37.28904253023947], [30.444548686487025, 37.28904253023947], [30.444548686487025, 37.287964551898526], [30.445087675657476, 37.287964551898526], [30.445087675657476, 37.28742556272805], [30.445626664827955, 37.28742556272805], [30.445626664827955, 37.28688657355758], [30.446165653998435, 37.28688657355758], [30.446165653998435, 37.28634758438711], [30.446704643168914, 37.28634758438711], [30.446704643168914, 37.285808595216636], [30.446165653998435, 37.285808595216636], [30.446165653998435, 37.2847306168757], [30.445626664827955, 37.2847306168757], [30.445626664827955, 37.284191627705226], [30.445087675657476, 37.284191627705226], [30.445087675657476, 37.283652638534754]], [[30.452094534873623, 37.291737476091825], [30.452094534873623, 37.2922764652623], [30.451555545703144, 37.2922764652623], [30.451555545703144, 37.291737476091825], [30.452094534873623, 37.291737476091825]], [[30.450477567362213, 37.28958151940994], [30.450477567362213, 37.290120508580415], [30.449938578191734, 37.290120508580415], [30.449938578191734, 37.28958151940994], [30.450477567362213, 37.28958151940994]], [[30.446704643168914, 37.28688657355758], [30.446704643168914, 37.28742556272805], [30.447243632339365, 37.28742556272805], [30.447243632339365, 37.287964551898526], [30.446165653998435, 37.287964551898526], [30.446165653998435, 37.28688657355758], [30.446704643168914, 37.28688657355758]], [[30.447243632339365, 37.28634758438711], [30.447243632339365, 37.28688657355758], [30.446704643168914, 37.28688657355758], [30.446704643168914, 37.28634758438711], [30.447243632339365, 37.28634758438711]]]}, "id": "+390445+86673", "properties": {"area_ha": 22.861883078015037, "count": 80, "label": 1, "mean_dnbr": 0.19430191288113788}}, {"type": "Feature", "geometry": {"geodesic": false, "type": "Polygon", "coordinates": [[[30.445626664827955, 37.25616419084069], [30.446704643168914, 37.25616419084069], [30.446704643168914, 37.256703180011165], [30.447243632339365, 37.256703180011165], [30.447243632339365, 37.25832014752258], [30.447782621509845, 37.25832014752258], [30.447782621509845, 37.25939812586353], [30.448860599850804, 37.25939812586353], [30.448860599850804, 37.26047610420447], [30.449399589021255, 37.26047610420447], [30.449399589021255, 37.261015093374944], [30.448321610680324, 37.261015093374944], [30.448321610680324, 37.26047610420447], [30.447243632339365, 37.26047610420447], [30.447243632339365, 37.259937115034], [30.446704643168914, 37.259937115034], [30.446704643168914, 37.258859136693054], [30.447243632339365, 37.258859136693054], [30.447243632339365, 37.25832014752258], [30.446165653998435, 37.25832014752258], [30.446165653998435, 37.258859136693054], [30.445626664827955, 37.258859136693054], [30.445626664827955, 37.25832014752258], [30.445087675657476, 37.25832014752258], [30.445087675657476, 37.25724216918164], [30.446165653998435, 37.25724216918164], [30.446165653998435, 37.256703180011165], [30.445626664827955, 37.256703180011165], [30.445626664827955, 37.25616419084069]]]}, "id": "+390446+86724", "properties": {"area_ha": 7.1471933372946195, "count": 25, "label": 1, "mean_dnbr": 0.1999185279549882}}, {"type": "Feature", "geometry": {"geodesic": false, "type": "Polygon", "coordinates": [[[30.447243632339365, 37.38606058092438], [30.447782621509845, 37.38606058092438], [30.447782621509845, 37.387677548435796], [30.448321610680324, 37.387677548435796], [30.448321610680324, 37.38983350511768], [30.447782621509845, 37.38983350511768], [30.447782621509845, 37.39091148345862], [30.448321610680324, 37.39091148345862], [30.448321610680324, 37.39198946179957], [30.446704643168914, 37.39198946179957], [30.446704643168914, 37.391450472629096], [30.446165653998435, 37.391450472629096], [30.446165653998435, 37.39091148345862], [30.445626664827955, 37.39091148345862], [30.445626664827955, 37.39198946179957], [30.445087675657476, 37.39198946179957], [30.445087675657476, 37.39091148345862], [30.445626664827955, 37.39091148345862], [30.445626664827955, 37.39037249428815], [30.446165653998435, 37.39037249428815], [30.446165653998435, 37.39091148345862], [30.446704643168914, 37.39091148345862], [30.446704643168914, 37.38983350511768], [30.447243632339365, 37.38983350511768], [30.447243632339365, 37.388755526776734], [30.446704643168914, 37.388755526776734], [30.446704643168914, 37.389294515947206], [30.446165653998435, 37.389294515947206], [30.446165653998435, 37.38821653760626], [30.446704643168914, 37.38821653760626], [30.446704643168914, 37.38659957009485], [30.447243632339365, 37.38659957009485], [30.447243632339365, 37.38606058092438]], [[30.447782621509845, 37.39091148345862], [30.447782621509845, 37.391450472629096], [30.447243632339365, 37.391450472629096], [30.447243632339365, 37.39091148345862], [30.447782621509845, 37.39091148345862]], [[30.447782621509845, 37.387677548435796], [30.447782621509845, 37.388755526776734], [30.447243632339365, 37.388755526776734], [30.447243632339365, 37.387677548435796], [30.447782621509845, 37.387677548435796]]]}, "id": "+390448+86483", "properties": {"area_ha": 7.990927778573088, "count": 28, "label": 1, "mean_dnbr": 0.20512077578901583}}, {"type": "Feature", "geometry": {"geodesic": false, "type": "Polygon", "coordinates": [[[30.446704643168914, 37.317069967104], [30.447782621509845, 37.317069967104], [30.447782621509845, 37.31814794544494], [30.447243632339365, 37.31814794544494], [30.447243632339365, 37.31976491295636], [30.446704643168914, 37.31976491295636], [30.446704643168914, 37.32030390212683], [30.447243632339365, 37.32030390212683], [30.447243632339365, 37.3208428912973], [30.448860599850804, 37.3208428912973], [30.448860599850804, 37.321381880467776], [30.446704643168914, 37.321381880467776], [30.446704643168914, 37.32030390212683], [30.445626664827955, 37.32030390212683], [30.445626664827955, 37.319225923785886], [30.446165653998435, 37.319225923785886], [30.446165653998435, 37.31814794544494], [30.446704643168914, 37.31814794544494], [30.446704643168914, 37.317069967104]]]}, "id": "+390448+86611", "properties": {"area_ha": 5.14182891132133, "count": 18, "label": 1, "mean_dnbr": 0.1939737473987066}}, {"type": "Feature", "geometry": {"geodesic": false, "type": "Polygon", "coordinates": [[[30.447782621509845, 37.38390462424249], [30.448321610680324, 37.38390462424249], [30.448321610680324, 37.38444361341296], [30.448860599850804, 37.38444361341296], [30.448860599850804, 37.384982602583435], [30.448321610680324, 37.384982602583435], [30.448321610680324, 37.38552159175391], [30.445626664827955, 37.38552159175391], [30.445626664827955, 37.38444361341296], [30.447782621509845, 37.38444361341296], [30.447782621509845, 37.38390462424249]]]}, "id": "+390449+86487", "properties": {"area_ha": 3.4248994426249437, "count": 12, "label": 1, "mean_dnbr": 0.2440850316603944}}, {"type": "Feature", "geometry": {"geodesic": false, "type": "Polygon", "coordinates": [[[30.447243632339365, 37.32245985880871], [30.448860599850804, 37.32245985880871], [30.448860599850804, 37.32353783714966], [30.448321610680324, 37.32353783714966], [30.448321610680324, 37.32407682632013], [30.447782621509845, 37.32407682632013], [30.447782621509845, 37.325154804661075], [30.446704643168914, 37.325154804661075], [30.446704643168914, 37.3246158154906], [30.447243632339365, 37.3246158154906], [30.447243632339365, 37.32407682632013], [30.446165653998435, 37.32407682632013], [30.446165653998435, 37.3246158154906], [30.445626664827955, 37.3246158154906], [30.445626664827955, 37.32353783714966], [30.446165653998435, 37.32353783714966], [30.446165653998435, 37.322998847979186], [30.447243632339365, 37.322998847979186], [30.447243632339365, 37.32245985880871]]]}, "id": "+390450+86601", "properties": {"area_ha": 4.855890024442951, "count": 17, "label": 1, "mean_dnbr": 0.19768370772293348}}, {"type": "Feature", "geometry": {"geodesic": false, "type": "Polygon", "coordinates": [[[30.448860599850804, 37.31545299959258], [30.449938578191734, 37.31545299959258], [30.449938578191734, 37.31760895627447], [30.449399589021255, 37.31760895627447], [30.449399589021255, 37.31814794544494], [30.448860599850804, 37.31814794544494], [30.448860599850804, 37.319225923785886], [30.448321610680324, 37.319225923785886], [30.448321610680324, 37.31599198876305], [30.448860599850804, 37.31599198876305], [30.448860599850804, 37.31545299959258]]]}, "id": "+390452+86614", "properties": {"area_ha": 4.284986008834427, "count": 15, "label": 1, "mean_dnbr": 0.22382743310808267}}, {"type": "Feature", "geometry": {"geodesic": false, "type": "Polygon", "coordinates": [[[30.450477567362213, 37.28095769268239], [30.451016556532664, 37.28095769268239], [30.451016556532664, 37.281496681852865], [30.451555545703144, 37.281496681852865], [30.451555545703144, 37.28203567102334], [30.452094534873623, 37.28203567102334], [30.452094534873623, 37.28311364936428], [30.451555545703144, 37.28311364936428], [30.451555545703144, 37.284191627705226], [30.451016556532664, 37.284191627705226], [30.451016556532664, 37.2847306168757], [30.450477567362213, 37.2847306168757], [30.450477567362213, 37.284191627705226], [30.449399589021255, 37.284191627705226], [30.449399589021255, 37.283652638534754], [30.449938578191734, 37.283652638534754], [30.449938578191734, 37.28203567102334], [30.450477567362213, 37.28203567102334], [30.450477567362213, 37.28095769268239]]]}, "id": "+390454+86678", "properties": {"area_ha": 5.430113533755636, "count": 19, "label": 1, "mean_dnbr": 0.23114070753499338}}, {"type": "Feature", "geometry": {"geodesic": false, "type": "Polygon", "coordinates": [[[30.451555545703144, 37.25346924498834], [30.452094534873623, 37.25346924498834], [30.452094534873623, 37.25400823415881], [30.454250491555513, 37.25400823415881], [30.454250491555513, 37.25454722332928], [30.454789480725992, 37.25454722332928], [30.454789480725992, 37.255086212499755], [30.455328469896443, 37.255086212499755], [30.455328469896443, 37.25616419084069], [30.454789480725992, 37.25616419084069], [30.454789480725992, 37.25724216918164], [30.455328469896443, 37.25724216918164], [30.455328469896443, 37.25778115835211], [30.454789480725992, 37.25778115835211], [30.454789480725992, 37.25724216918164], [30.453711502385033, 37.25724216918164], [30.453711502385033, 37.25562520167022], [30.453172513214554, 37.25562520167022], [30.453172513214554, 37.25616419084069], [30.452633524044103, 37.25616419084069], [30.452633524044103, 37.25562520167022], [30.451555545703144, 37.25562520167022], [30.451555545703144, 37.256703180011165], [30.451016556532664, 37.256703180011165], [30.451016556532664, 37.25616419084069], [30.449938578191734, 37.25616419084069], [30.449938578191734, 37.255086212499755], [30.450477567362213, 37.255086212499755], [30.450477567362213, 37.25454722332928], [30.449938578191734, 37.25454722332928], [30.449938578191734, 37.25400823415881], [30.449399589021255, 37.25400823415881], [30.449399589021255, 37.25562520167022], [30.448860599850804, 37.25562520167022], [30.448860599850804, 37.25616419084069], [30.449399589021255, 37.25616419084069], [30.449399589021255, 37.256703180011165], [30.448860599850804, 37.256703180011165], [30.448860599850804, 37.25724216918164], [30.448321610680324, 37.25724216918164], [30.448321610680324, 37.256703180011165], [30.448860599850804, 37.256703180011165], [30.448860599850804, 37.25616419084069], [30.448321610680324, 37.25616419084069], [30.448321610680324, 37.25400823415881], [30.449399589021255, 37.25400823415881], [30.449399589021255, 37.25346924498834], [30.451016556532664, 37.25346924498834], [30.451016556532664, 37.25400823415881], [30.451555545703144, 37.25400823415881], [30.451555545703144, 37.25346924498834]], [[30.453711502385033, 37.25454722332928], [30.453711502385033, 37.255086212499755], [30.453172513214554, 37.255086212499755], [30.453172513214554, 37.25454722332928], [30.453711502385033, 37.25454722332928]]]}, "id": "+390456+86729", "properties": {"area_ha": 14.580921312783477, "count": 51, "label": 1, "mean_dnbr": 0.20047662500772317}}, {"type": "Feature", "geometry": {"geodesic": false, "type": "Polygon", "coordinates": [[[30.452633524044103, 37.31221906456975], [30.453172513214554, 37.31221906456975], [30.453172513214554, 37.3132970429107], [30.454250491555513, 37.3132970429107], [30.454250491555513, 37.31383603208117], [30.453172513214554, 37.31383603208117], [30.453172513214554, 37.3132970429107], [30.452094534873623, 37.3132970429107], [30.452094534873623, 37.31383603208117], [30.451555545703144, 37.31383603208117], [30.451555545703144, 37.314914010422115], [30.449938578191734, 37.314914010422115], [30.449938578191734, 37.31437502125164], [30.449399589021255, 37.31437502125164], [30.449399589021255, 37.312758053740225], [30.451016556532664, 37.312758053740225], [30.451016556532664, 37.3132970429107], [30.452094534873623, 37.3132970429107], [30.452094534873623, 37.312758053740225], [30.452633524044103, 37.312758053740225], [30.452633524044103, 37.31221906456975]]]}, "id": "+390458+86620", "properties": {"area_ha": 5.713574318260149, "count": 20, "label": 1, "mean_dnbr": 0.22247574084284447}}, {"type": "Feature", "geometry": {"geodesic": false, "type": "Polygon", "coordinates": [[[30.453172513214554, 37.14243747587116], [30.454250491555513, 37.14243747587116], [30.454250491555513, 37.142976465041635], [30.454789480725992, 37.142976465041635], [30.454789480725992, 37.14351545421211], [30.454250491555513, 37.14351545421211], [30.454250491555513, 37.14405444338258], [30.455328469896443, 37.14405444338258], [30.455328469896443, 37.142976465041635], [30.455867459066923, 37.142976465041635], [30.455867459066923, 37.14351545421211], [30.456945437407853, 37.14351545421211], [30.456945437407853, 37.14405444338258], [30.455328469896443, 37.14405444338258], [30.455328469896443, 37.14459343255305], [30.455867459066923, 37.14459343255305], [30.455867459066923, 37.145132421723524], [30.456406448237402, 37.145132421723524], [30.456406448237402, 37.14459343255305], [30.457484426578333, 37.14459343255305], [30.457484426578333, 37.145132421723524], [30.456406448237402, 37.145132421723524], [30.456406448237402, 37.145671410893996], [30.456945437407853, 37.145671410893996], [30.456945437407853, 37.14621040006447], [30.457484426578333, 37.14621040006447], [30.457484426578333, 37.146749389234934], [30.45856240491929, 37.146749389234934], [30.45856240491929, 37.147288378405406], [30.457484426578333, 37.147288378405406], [30.457484426578333, 37.14782736757588], [30.456945437407853, 37.14782736757588], [30.456945437407853, 37.14621040006447], [30.455328469896443, 37.14621040006447], [30.455328469896443, 37.146749389234934], [30.455867459066923, 37.146749389234934], [30.455867459066923, 37.14836635674635], [30.454789480725992, 37.14836635674635], [30.454789480725992, 37.146749389234934], [30.453711502385033, 37.146749389234934], [30.453711502385033, 37.14621040006447], [30.453172513214554, 37.14621040006447], [30.453172513214554, 37.14459343255305], [30.452633524044103, 37.14459343255305], [30.452633524044103, 37.14351545421211], [30.453172513214554, 37.14351545421211], [30.453172513214554, 37.14243747587116]], [[30.454250491555513, 37.145671410893996], [30.454250491555513, 37.14621040006447], [30.453711502385033, 37.14621040006447], [30.453711502385033, 37.145671410893996], [30.454250491555513, 37.145671410893996]], [[30.454250491555513, 37.14459343255305], [30.454250491555513, 37.145132421723524], [30.453711502385033, 37.145132421723524], [30.453711502385033, 37.14459343255305], [30.454250491555513, 37.14459343255305]]]}, "id": "+390460+86935", "properties": {"area_ha": 14.029548804147824, "count": 49, "label": 1, "mean_dnbr": 0.1971229251276803}}, {"type": "Feature", "geometry": {"geodesic": false, "type": "Polygon", "coordinates": [[[30.454789480725992, 37.30952411871739], [30.455328469896443, 37.30952411871739], [30.455328469896443, 37.31006310788786], [30.455867459066923, 37.31006310788786], [30.455867459066923, 37.31168007539928], [30.456406448237402, 37.31168007539928], [30.456406448237402, 37.31221906456975], [30.456945437407853, 37.31221906456975], [30.456945437407853, 37.312758053740225], [30.455328469896443, 37.312758053740225], [30.455328469896443, 37.31221906456975], [30.454789480725992, 37.31221906456975], [30.454789480725992, 37.310602097058336], [30.455328469896443, 37.310602097058336], [30.455328469896443, 37.31006310788786], [30.454789480725992, 37.31006310788786], [30.454789480725992, 37.30952411871739]]]}, "id": "+390462+86625", "properties": {"area_ha": 3.42824508723086, "count": 12, "label": 1, "mean_dnbr": 0.17349742125357007}}, {"type": "Feature", "geometry": {"geodesic": false, "type": "Polygon", "coordinates": [[[30.453711502385033, 37.316530977933525], [30.455867459066923, 37.316530977933525], [30.455867459066923, 37.31760895627447], [30.454250491555513, 37.31760895627447], [30.454250491555513, 37.31814794544494], [30.453711502385033, 37.31814794544494], [30.453711502385033, 37.31976491295636], [30.452633524044103, 37.31976491295636], [30.452633524044103, 37.318686934615414], [30.453172513214554, 37.318686934615414], [30.453172513214554, 37.31760895627447], [30.453711502385033, 37.31760895627447], [30.453711502385033, 37.316530977933525]]]}, "id": "+390463+86612", "properties": {"area_ha": 4.284938351587592, "count": 15, "label": 1, "mean_dnbr": 0.22436714106036285}}, {"type": "Feature", "geometry": {"geodesic": false, "type": "Polygon", "coordinates": [[[30.455328469896443, 37.3817486675606], [30.456406448237402, 37.3817486675606], [30.456406448237402, 37.38228765673107], [30.455867459066923, 37.38228765673107], [30.455867459066923, 37.382826645901545], [30.455328469896443, 37.382826645901545], [30.455328469896443, 37.38390462424249], [30.454789480725992, 37.38390462424249], [30.454789480725992, 37.38444361341296], [30.454250491555513, 37.38444361341296], [30.454250491555513, 37.384982602583435], [30.453711502385033, 37.384982602583435], [30.453711502385033, 37.38606058092438], [30.453172513214554, 37.38606058092438], [30.453172513214554, 37.387138559265324], [30.452633524044103, 37.387138559265324], [30.452633524044103, 37.387677548435796], [30.453172513214554, 37.387677548435796], [30.453172513214554, 37.38821653760626], [30.451555545703144, 37.38821653760626], [30.451555545703144, 37.38983350511768], [30.451016556532664, 37.38983350511768], [30.451016556532664, 37.39091148345862], [30.450477567362213, 37.39091148345862], [30.450477567362213, 37.39198946179957], [30.449399589021255, 37.39198946179957], [30.449399589021255, 37.391450472629096], [30.449938578191734, 37.391450472629096], [30.449938578191734, 37.39037249428815], [30.450477567362213, 37.39037249428815], [30.450477567362213, 37.389294515947206], [30.451016556532664, 37.389294515947206], [30.451016556532664, 37.38821653760626], [30.451555545703144, 37.38821653760626], [30.451555545703144, 37.387138559265324], [30.452094534873623, 37.387138559265324], [30.452094534873623, 37.38606058092438], [30.452633524044103, 37.38606058092438], [30.452633524044103, 37.38552159175391], [30.453172513214554, 37.38552159175391], [30.453172513214554, 37.384982602583435], [30.453711502385033, 37.384982602583435], [30.453711502385033, 37.38390462424249], [30.453172513214554, 37.38390462424249], [30.453172513214554, 37.38336563507202], [30.453711502385033, 37.38336563507202], [30.453711502385033, 37.382826645901545], [30.454250491555513, 37.382826645901545], [30.454250491555513, 37.38336563507202], [30.453711502385033, 37.38336563507202], [30.453711502385033, 37.38390462424249], [30.454789480725992, 37.38390462424249], [30.454789480725992, 37.382826645901545], [30.455328469896443, 37.382826645901545], [30.455328469896443, 37.3817486675606]]]}, "id": "+390464+86491", "properties": {"area_ha": 9.132817319612773, "count": 32, "label": 1, "mean_dnbr": 0.20626913305195876}}, {"type": "Feature", "geometry": {"geodesic": false, "type": "Polygon", "coordinates": [[[30.455867459066923, 37.137047584166446], [30.456406448237402, 37.137047584166446], [30.456406448237402, 37.13758657333692], [30.457484426578333, 37.13758657333692], [30.457484426578333, 37.13812556250739], [30.456945437407853, 37.13812556250739], [30.456945437407853, 37.13866455167786], [30.457484426578333, 37.13866455167786], [30.457484426578333, 37.139203540848335], [30.455867459066923, 37.139203540848335], [30.455867459066923, 37.13812556250739], [30.455328469896443, 37.13812556250739], [30.455328469896443, 37.13758657333692], [30.454789480725992, 37.13758657333692], [30.454789480725992, 37.13866455167786], [30.453711502385033, 37.13866455167786], [30.453711502385033, 37.140820508359745], [30.454250491555513, 37.140820508359745], [30.454250491555513, 37.14189848670069], [30.452094534873623, 37.14189848670069], [30.452094534873623, 37.14135949753022], [30.451555545703144, 37.14135949753022], [30.451555545703144, 37.14028151918928], [30.451016556532664, 37.14028151918928], [30.451016556532664, 37.13974253001881], [30.452094534873623, 37.13974253001881], [30.452094534873623, 37.139203540848335], [30.453172513214554, 37.139203540848335], [30.453172513214554, 37.13866455167786], [30.452094534873623, 37.13866455167786], [30.452094534873623, 37.13812556250739], [30.453172513214554, 37.13812556250739], [30.453172513214554, 37.13866455167786], [30.453711502385033, 37.13866455167786], [30.453711502385033, 37.13812556250739], [30.454250491555513, 37.13812556250739], [30.454250491555513, 37.13758657333692], [30.454789480725992, 37.13758657333692], [30.454789480725992, 37.137047584166446], [30.455328469896443, 37.137047584166446], [30.455328469896443, 37.13758657333692], [30.455867459066923, 37.13758657333692], [30.455867459066923, 37.137047584166446]]]}, "id": "+390464+86945", "properties": {"area_ha": 10.880890797003516, "count": 38, "label": 1, "mean_dnbr": 0.1935163074176099}}, {"type": "Feature", "geometry": {"geodesic": false, "type": "Polygon", "coordinates": [[[30.456406448237402, 37.366117981616924], [30.458023415748812, 37.366117981616924], [30.458023415748812, 37.36773494912834], [30.45856240491929, 37.36773494912834], [30.45856240491929, 37.36935191663976], [30.459101394089743, 37.36935191663976], [30.459101394089743, 37.36989090581022], [30.459640383260222, 37.36989090581022], [30.459640383260222, 37.370429894980695], [30.4601793724307, 37.370429894980695], [30.4601793724307, 37.36935191663976], [30.46071836160118, 37.36935191663976], [30.46071836160118, 37.368812927469286], [30.46233532911259, 37.368812927469286], [30.46233532911259, 37.36935191663976], [30.462874318283042, 37.36935191663976], [30.462874318283042, 37.36989090581022], [30.46179633994211, 37.36989090581022], [30.46179633994211, 37.370429894980695], [30.461257350771632, 37.370429894980695], [30.461257350771632, 37.37096888415117], [30.4601793724307, 37.37096888415117], [30.4601793724307, 37.37150787332164], [30.459101394089743, 37.37150787332164], [30.459101394089743, 37.37096888415117], [30.459640383260222, 37.37096888415117], [30.459640383260222, 37.370429894980695], [30.45856240491929, 37.370429894980695], [30.45856240491929, 37.36989090581022], [30.458023415748812, 37.36989090581022], [30.458023415748812, 37.36827393829881], [30.456406448237402, 37.36827393829881], [30.456406448237402, 37.366117981616924]]]}, "id": "+390467+86520", "properties": {"area_ha": 9.991399653562242, "count": 35, "label": 1, "mean_dnbr": 0.25618459796165943}}, {"type": "Feature", "geometry": {"geodesic": false, "type": "Polygon", "coordinates": [[[30.45856240491929, 37.281496681852865], [30.459101394089743, 37.281496681852865], [30.459101394089743, 37.28311364936428], [30.45856240491929, 37.28311364936428], [30.45856240491929, 37.284191627705226], [30.46071836160118, 37.284191627705226], [30.46071836160118, 37.285269606046164], [30.459640383260222, 37.285269606046164], [30.459640383260222, 37.28634758438711], [30.46071836160118, 37.28634758438711], [30.46071836160118, 37.285808595216636], [30.461257350771632, 37.285808595216636], [30.461257350771632, 37.28634758438711], [30.46071836160118, 37.28634758438711], [30.46071836160118, 37.28688657355758], [30.461257350771632, 37.28688657355758], [30.461257350771632, 37.287964551898526], [30.46071836160118, 37.287964551898526], [30.46071836160118, 37.288503541069], [30.4601793724307, 37.288503541069], [30.4601793724307, 37.28958151940994], [30.459640383260222, 37.28958151940994], [30.459640383260222, 37.290120508580415], [30.4601793724307, 37.290120508580415], [30.4601793724307, 37.29065949775089], [30.459640383260222, 37.29065949775089], [30.459640383260222, 37.290120508580415], [30.45856240491929, 37.290120508580415], [30.45856240491929, 37.28958151940994], [30.459101394089743, 37.28958151940994], [30.459101394089743, 37.288503541069], [30.459640383260222, 37.288503541069], [30.459640383260222, 37.28742556272805], [30.459101394089743, 37.28742556272805], [30.459101394089743, 37.28688657355758], [30.45856240491929, 37.28688657355758], [30.45856240491929, 37.28634758438711], [30.457484426578333, 37.28634758438711], [30.457484426578333, 37.285808595216636], [30.458023415748812, 37.285808595216636], [30.458023415748812, 37.2847306168757], [30.457484426578333, 37.2847306168757], [30.457484426578333, 37.285269606046164], [30.456406448237402, 37.285269606046164], [30.456406448237402, 37.285808595216636], [30.455867459066923, 37.285808595216636], [30.455867459066923, 37.28688657355758], [30.453711502385033, 37.28688657355758], [30.453711502385033, 37.28634758438711], [30.453172513214554, 37.28634758438711], [30.453172513214554, 37.285808595216636], [30.452633524044103, 37.285808595216636], [30.452633524044103, 37.28634758438711], [30.452094534873623, 37.28634758438711], [30.452094534873623, 37.2847306168757], [30.452633524044103, 37.2847306168757], [30.452633524044103, 37.284191627705226], [30.453172513214554, 37.284191627705226], [30.453172513214554, 37.2847306168757], [30.454250491555513, 37.2847306168757], [30.454250491555513, 37.284191627705226], [30.454789480725992, 37.284191627705226], [30.454789480725992, 37.285269606046164], [30.455867459066923, 37.285269606046164], [30.455867459066923, 37.2847306168757], [30.455328469896443, 37.2847306168757], [30.455328469896443, 37.283652638534754], [30.455867459066923, 37.283652638534754], [30.455867459066923, 37.2847306168757], [30.456945437407853, 37.2847306168757], [30.456945437407853, 37.283652638534754], [30.458023415748812, 37.283652638534754], [30.458023415748812, 37.28311364936428], [30.45856240491929, 37.28311364936428], [30.45856240491929, 37.28257466019381], [30.458023415748812, 37.28257466019381], [30.458023415748812, 37.28203567102334], [30.45856240491929, 37.28203567102334], [30.45856240491929, 37.281496681852865]], [[30.459640383260222, 37.28634758438711], [30.459640383260222, 37.28688657355758], [30.459101394089743, 37.28688657355758], [30.459101394089743, 37.28634758438711], [30.459640383260222, 37.28634758438711]], [[30.453172513214554, 37.2847306168757], [30.453172513214554, 37.285269606046164], [30.452633524044103, 37.285269606046164], [30.452633524044103, 37.2847306168757], [30.453172513214554, 37.2847306168757]]]}, "id": "+390469+86677", "properties": {"area_ha": 21.719619492324195, "count": 76, "label": 1, "mean_dnbr": 0.2217407121570475}}, {"type": "Feature", "geometry": {"geodesic": false, "type": "Polygon", "coordinates": [[[30.45856240491929, 37.21466202471437], [30.459101394089743, 37.21466202471437], [30.459101394089743, 37.215740003055316], [30.459640383260222, 37.215740003055316], [30.459640383260222, 37.215201013884844], [30.4601793724307, 37.215201013884844], [30.4601793724307, 37.21681798139626], [30.46071836160118, 37.21681798139626], [30.46071836160118, 37.21735697056673], [30.4601793724307, 37.21735697056673], [30.4601793724307, 37.217895959737206], [30.459640383260222, 37.217895959737206], [30.459640383260222, 37.21735697056673], [30.459101394089743, 37.21735697056673], [30.459101394089743, 37.215740003055316], [30.45856240491929, 37.215740003055316], [30.45856240491929, 37.21681798139626], [30.457484426578333, 37.21681798139626], [30.457484426578333, 37.21735697056673], [30.455867459066923, 37.21735697056673], [30.455867459066923, 37.21681798139626], [30.455328469896443, 37.21681798139626], [30.455328469896443, 37.21627899222579], [30.456945437407853, 37.21627899222579], [30.456945437407853, 37.215740003055316], [30.457484426578333, 37.215740003055316], [30.457484426578333, 37.215201013884844], [30.458023415748812, 37.215201013884844], [30.458023415748812, 37.215740003055316], [30.45856240491929, 37.215740003055316], [30.45856240491929, 37.21466202471437]]]}, "id": "+390469+86801", "properties": {"area_ha": 6.865148168560188, "count": 24, "label": 1, "mean_dnbr": 0.2112112857656306}}, {"type": "Feature", "geometry": {"geodesic": false, "type": "Polygon", "coordinates": [[[30.458023415748812, 37.26802195259107], [30.459640383260222, 37.26802195259107], [30.459640383260222, 37.26856094176154], [30.4601793724307, 37.26856094176154], [30.4601793724307, 37.269099930932015], [30.46071836160118, 37.269099930932015], [30.46071836160118, 37.27017790927296], [30.459101394089743, 37.27017790927296], [30.459101394089743, 37.269099930932015], [30.458023415748812, 37.269099930932015], [30.458023415748812, 37.26802195259107]]]}, "id": "+390470+86702", "properties": {"area_ha": 3.7160246253488847, "count": 13, "label": 1, "mean_dnbr": 0.2648139842121155}}, {"type": "Feature", "geometry": {"geodesic": false, "type": "Polygon", "coordinates": [[[30.4601793724307, 37.3132970429107], [30.46071836160118, 37.3132970429107], [30.46071836160118, 37.31383603208117], [30.46179633994211, 37.31383603208117], [30.46179633994211, 37.31437502125164], [30.462874318283042, 37.31437502125164], [30.462874318283042, 37.314914010422115], [30.46179633994211, 37.314914010422115], [30.46179633994211, 37.31545299959258], [30.461257350771632, 37.31545299959258], [30.461257350771632, 37.314914010422115], [30.46071836160118, 37.314914010422115], [30.46071836160118, 37.31545299959258], [30.4601793724307, 37.31545299959258], [30.4601793724307, 37.31599198876305], [30.461257350771632, 37.31599198876305], [30.461257350771632, 37.31760895627447], [30.46179633994211, 37.31760895627447], [30.46179633994211, 37.317069967104], [30.46233532911259, 37.317069967104], [30.46233532911259, 37.31760895627447], [30.46341330745352, 37.31760895627447], [30.46341330745352, 37.31814794544494], [30.462874318283042, 37.31814794544494], [30.462874318283042, 37.318686934615414], [30.46233532911259, 37.318686934615414], [30.46233532911259, 37.319225923785886], [30.461257350771632, 37.319225923785886], [30.461257350771632, 37.318686934615414], [30.46071836160118, 37.318686934615414], [30.46071836160118, 37.31976491295636], [30.46179633994211, 37.31976491295636], [30.46179633994211, 37.32030390212683], [30.461257350771632, 37.32030390212683], [30.461257350771632, 37.3208428912973], [30.4601793724307, 37.3208428912973], [30.4601793724307, 37.32030390212683], [30.459640383260222, 37.32030390212683], [30.459640383260222, 37.3208428912973], [30.458023415748812, 37.3208428912973], [30.458023415748812, 37.31976491295636], [30.45856240491929, 37.31976491295636], [30.45856240491929, 37.319225923785886], [30.456945437407853, 37.319225923785886], [30.456945437407853, 37.31976491295636], [30.456406448237402, 37.31976491295636], [30.456406448237402, 37.3208428912973], [30.455867459066923, 37.3208428912973], [30.455867459066923, 37.321381880467776], [30.454250491555513, 37.321381880467776], [30.454250491555513, 37.3208428912973], [30.455328469896443, 37.3208428912973], [30.455328469896443, 37.32030390212683], [30.454789480725992, 37.32030390212683], [30.454789480725992, 37.31976491295636], [30.455867459066923, 37.31976491295636], [30.455867459066923, 37.319225923785886], [30.456406448237402, 37.319225923785886], [30.456406448237402, 37.31814794544494], [30.456945437407853, 37.31814794544494], [30.456945437407853, 37.317069967104], [30.457484426578333, 37.317069967104], [30.457484426578333, 37.316530977933525], [30.458023415748812, 37.316530977933525], [30.458023415748812, 37.31599198876305], [30.45856240491929, 37.31599198876305], [30.45856240491929, 37.314914010422115], [30.459640383260222, 37.314914010422115], [30.459640383260222, 37.31437502125164], [30.4601793724307, 37.31437502125164], [30.4601793724307, 37.3132970429107]], [[30.46071836160118, 37.31976491295636], [30.46071836160118, 37.32030390212683], [30.4601793724307, 37.32030390212683], [30.4601793724307, 37.31976491295636], [30.46071836160118, 37.31976491295636]], [[30.46179633994211, 37.31814794544494], [30.46179633994211, 37.318686934615414], [30.461257350771632, 37.318686934615414], [30.461257350771632, 37.31814794544494], [30.46179633994211, 37.31814794544494]], [[30.4601793724307, 37.31599198876305], [30.4601793724307, 37.317069967104], [30.46071836160118, 37.317069967104], [30.46071836160118, 37.31760895627447], [30.461257350771632, 37.31760895627447], [30.461257350771632, 37.31814794544494], [30.459101394089743, 37.31814794544494], [30.459101394089743, 37.317069967104], [30.45856240491929, 37.317069967104], [30.45856240491929, 37.31599198876305], [30.4601793724307, 37.31599198876305]], [[30.46071836160118, 37.31437502125164], [30.46071836160118, 37.314914010422115], [30.4601793724307, 37.314914010422115], [30.4601793724307, 37.31437502125164], [30.46071836160118, 37.31437502125164]]]}, "id": "+390472+86618", "properties": {"area_ha": 23.9956231516632, "count": 84, "label": 1, "mean_dnbr": 0.25933033863616506}}, {"type": "Feature", "geometry": {"geodesic": false, "type": "Polygon", "coordinates": [[[30.459101394089743, 37.26586599590919], [30.46071836160118, 37.26586599590919], [30.46071836160118, 37.26694397425013], [30.461257350771632, 37.26694397425013], [30.461257350771632, 37.2674829634206], [30.46071836160118, 37.2674829634206], [30.46071836160118, 37.26802195259107], [30.4601793724307, 37.26802195259107], [30.4601793724307, 37.2674829634206], [30.459640383260222, 37.2674829634206], [30.459640383260222, 37.26694397425013], [30.45856240491929, 37.26694397425013], [30.45856240491929, 37.26640498507966], [30.459101394089743, 37.26640498507966], [30.459101394089743, 37.26586599590919]]]}, "id": "+390472+86706", "properties": {"area_ha": 3.1444223626834553, "count": 11, "label": 1, "mean_dnbr": 0.2121473806091545}}, {"type": "Feature", "geometry": {"geodesic": false, "type": "Polygon", "coordinates": [[[30.461257350771632, 37.38067068921966], [30.46179633994211, 37.38067068921966], [30.46179633994211, 37.381209678390135], [30.462874318283042, 37.381209678390135], [30.462874318283042, 37.3817486675606], [30.463952296624, 37.3817486675606], [30.463952296624, 37.382826645901545], [30.46341330745352, 37.382826645901545], [30.46341330745352, 37.38336563507202], [30.46449128579448, 37.38336563507202], [30.46449128579448, 37.38444361341296], [30.46556926413541, 37.38444361341296], [30.46556926413541, 37.38390462424249], [30.46610825330589, 37.38390462424249], [30.46610825330589, 37.38444361341296], [30.46556926413541, 37.38444361341296], [30.46556926413541, 37.384982602583435], [30.46449128579448, 37.384982602583435], [30.46449128579448, 37.38552159175391], [30.46503027496493, 37.38552159175391], [30.46503027496493, 37.38606058092438], [30.463952296624, 37.38606058092438], [30.463952296624, 37.38552159175391], [30.46341330745352, 37.38552159175391], [30.46341330745352, 37.384982602583435], [30.462874318283042, 37.384982602583435], [30.462874318283042, 37.38552159175391], [30.46233532911259, 37.38552159175391], [30.46233532911259, 37.384982602583435], [30.46179633994211, 37.384982602583435], [30.46179633994211, 37.38444361341296], [30.46233532911259, 37.38444361341296], [30.46233532911259, 37.38336563507202], [30.46071836160118, 37.38336563507202], [30.46071836160118, 37.38390462424249], [30.4601793724307, 37.38390462424249], [30.4601793724307, 37.384982602583435], [30.459640383260222, 37.384982602583435], [30.459640383260222, 37.38552159175391], [30.459101394089743, 37.38552159175391], [30.459101394089743, 37.387138559265324], [30.4601793724307, 37.387138559265324], [30.4601793724307, 37.38606058092438], [30.46071836160118, 37.38606058092438], [30.46071836160118, 37.38552159175391], [30.46179633994211, 37.38552159175391], [30.46179633994211, 37.387677548435796], [30.461257350771632, 37.387677548435796], [30.461257350771632, 37.388755526776734], [30.46071836160118, 37.388755526776734], [30.46071836160118, 37.389294515947206], [30.4601793724307, 37.389294515947206], [30.4601793724307, 37.38983350511768], [30.459640383260222, 37.38983350511768], [30.459640383260222, 37.388755526776734], [30.459101394089743, 37.388755526776734], [30.459101394089743, 37.389294515947206], [30.45856240491929, 37.389294515947206], [30.45856240491929, 37.38983350511768], [30.458023415748812, 37.38983350511768], [30.458023415748812, 37.39091148345862], [30.457484426578333, 37.39091148345862], [30.457484426578333, 37.391450472629096], [30.456406448237402, 37.391450472629096], [30.456406448237402, 37.39091148345862], [30.455867459066923, 37.39091148345862], [30.455867459066923, 37.39037249428815], [30.456945437407853, 37.39037249428815], [30.456945437407853, 37.389294515947206], [30.455867459066923, 37.389294515947206], [30.455867459066923, 37.388755526776734], [30.456406448237402, 37.388755526776734], [30.456406448237402, 37.387138559265324], [30.456945437407853, 37.387138559265324], [30.456945437407853, 37.38606058092438], [30.457484426578333, 37.38606058092438], [30.457484426578333, 37.38552159175391], [30.459101394089743, 37.38552159175391], [30.459101394089743, 37.384982602583435], [30.458023415748812, 37.384982602583435], [30.458023415748812, 37.38444361341296], [30.45856240491929, 37.38444361341296], [30.45856240491929, 37.38390462424249], [30.459101394089743, 37.38390462424249], [30.459101394089743, 37.38336563507202], [30.46071836160118, 37.38336563507202], [30.46071836160118, 37.38228765673107], [30.4601793724307, 37.38228765673107], [30.4601793724307, 37.3817486675606], [30.46071836160118, 37.3817486675606], [30.46071836160118, 37.38228765673107], [30.46179633994211, 37.38228765673107], [30.46179633994211, 37.381209678390135], [30.461257350771632, 37.381209678390135], [30.461257350771632, 37.38067068921966]], [[30.457484426578333, 37.387677548435796], [30.457484426578333, 37.38821653760626], [30.456945437407853, 37.38821653760626], [30.456945437407853, 37.387677548435796], [30.457484426578333, 37.387677548435796]], [[30.4601793724307, 37.387677548435796], [30.4601793724307, 37.388755526776734], [30.459640383260222, 37.388755526776734], [30.459640383260222, 37.387677548435796], [30.4601793724307, 37.387677548435796]], [[30.458023415748812, 37.38606058092438], [30.458023415748812, 37.38659957009485], [30.45856240491929, 37.38659957009485], [30.45856240491929, 37.387138559265324], [30.458023415748812, 37.387138559265324], [30.458023415748812, 37.387677548435796], [30.457484426578333, 37.387677548435796], [30.457484426578333, 37.38606058092438], [30.458023415748812, 37.38606058092438]], [[30.459640383260222, 37.38444361341296], [30.459640383260222, 37.384982602583435], [30.459101394089743, 37.384982602583435], [30.459101394089743, 37.38444361341296], [30.459640383260222, 37.38444361341296]], [[30.46449128579448, 37.38444361341296], [30.46449128579448, 37.384982602583435], [30.463952296624, 37.384982602583435], [30.463952296624, 37.38444361341296], [30.46449128579448, 37.38444361341296]]]}, "id": "+390474+86493", "properties": {"area_ha": 31.10893576893749, "count": 109, "label": 1, "mean_dnbr": 0.24253513850745934}}, {"type": "Feature", "geometry": {"geodesic": false, "type": "Polygon", "coordinates": [[[30.4601793724307, 37.300361302819375], [30.46179633994211, 37.300361302819375], [30.46179633994211, 37.30090029198985], [30.46233532911259, 37.30090029198985], [30.46233532911259, 37.30143928116032], [30.46179633994211, 37.30143928116032], [30.46179633994211, 37.302517259501265], [30.46233532911259, 37.302517259501265], [30.46233532911259, 37.30197827033079], [30.462874318283042, 37.30197827033079], [30.462874318283042, 37.30305624867174], [30.46179633994211, 37.30305624867174], [30.46179633994211, 37.3035952378422], [30.461257350771632, 37.3035952378422], [30.461257350771632, 37.30305624867174], [30.46071836160118, 37.30305624867174], [30.46071836160118, 37.30197827033079], [30.4601793724307, 37.30197827033079], [30.4601793724307, 37.300361302819375]]]}, "id": "+390474+86642", "properties": {"area_ha": 5.143023287731106, "count": 18, "label": 1, "mean_dnbr": 0.20490079429514463}}, {"type": "Feature", "geometry": {"geodesic": false, "type": "Polygon", "coordinates": [[[30.46179633994211, 37.374202819174], [30.462874318283042, 37.374202819174], [30.462874318283042, 37.374741808344474], [30.46341330745352, 37.374741808344474], [30.46341330745352, 37.37528079751495], [30.46233532911259, 37.37528079751495], [30.46233532911259, 37.376358775855884], [30.462874318283042, 37.376358775855884], [30.462874318283042, 37.37689776502636], [30.46233532911259, 37.37689776502636], [30.46233532911259, 37.37743675419683], [30.46179633994211, 37.37743675419683], [30.46179633994211, 37.3779757433673], [30.46233532911259, 37.3779757433673], [30.46233532911259, 37.378514732537774], [30.462874318283042, 37.378514732537774], [30.462874318283042, 37.3779757433673], [30.46341330745352, 37.3779757433673], [30.46341330745352, 37.379053721708246], [30.462874318283042, 37.379053721708246], [30.462874318283042, 37.38013170004919], [30.461257350771632, 37.38013170004919], [30.461257350771632, 37.37959271087872], [30.4601793724307, 37.37959271087872], [30.4601793724307, 37.379053721708246], [30.461257350771632, 37.379053721708246], [30.461257350771632, 37.37959271087872], [30.46233532911259, 37.37959271087872], [30.46233532911259, 37.378514732537774], [30.461257350771632, 37.378514732537774], [30.461257350771632, 37.37689776502636], [30.46179633994211, 37.37689776502636], [30.46179633994211, 37.376358775855884], [30.461257350771632, 37.376358775855884], [30.461257350771632, 37.37581978668541], [30.46179633994211, 37.37581978668541], [30.46179633994211, 37.37528079751495], [30.461257350771632, 37.37528079751495], [30.461257350771632, 37.374741808344474], [30.46179633994211, 37.374741808344474], [30.46179633994211, 37.374202819174]]]}, "id": "+390476+86505", "properties": {"area_ha": 7.135921108031924, "count": 25, "label": 1, "mean_dnbr": 0.20856304070991927}}, {"type": "Feature", "geometry": {"geodesic": false, "type": "Polygon", "coordinates": [[[30.46233532911259, 37.35857213323032], [30.46341330745352, 37.35857213323032], [30.46341330745352, 37.35965011157126], [30.463952296624, 37.35965011157126], [30.463952296624, 37.360189100741735], [30.46179633994211, 37.360189100741735], [30.46179633994211, 37.36072808991221], [30.4601793724307, 37.36072808991221], [30.4601793724307, 37.35965011157126], [30.46179633994211, 37.35965011157126], [30.46179633994211, 37.35911112240079], [30.46233532911259, 37.35911112240079], [30.46233532911259, 37.35857213323032]]]}, "id": "+390477+86534", "properties": {"area_ha": 4.28255570526781, "count": 15, "label": 1, "mean_dnbr": 0.2540399510576252}}, {"type": "Feature", "geometry": {"geodesic": false, "type": "Polygon", "coordinates": [[[30.46233532911259, 37.4275627470507], [30.463952296624, 37.4275627470507], [30.463952296624, 37.42810173622117], [30.46341330745352, 37.42810173622117], [30.46341330745352, 37.428640725391645], [30.46071836160118, 37.428640725391645], [30.46071836160118, 37.42971870373259], [30.4601793724307, 37.42971870373259], [30.4601793724307, 37.430257692903055], [30.46071836160118, 37.430257692903055], [30.46071836160118, 37.431335671244], [30.4601793724307, 37.431335671244], [30.4601793724307, 37.430257692903055], [30.459640383260222, 37.430257692903055], [30.459640383260222, 37.42971870373259], [30.4601793724307, 37.42971870373259], [30.4601793724307, 37.42917971456212], [30.459640383260222, 37.42917971456212], [30.459640383260222, 37.42810173622117], [30.4601793724307, 37.42810173622117], [30.4601793724307, 37.428640725391645], [30.46071836160118, 37.428640725391645], [30.46071836160118, 37.42810173622117], [30.46233532911259, 37.42810173622117], [30.46233532911259, 37.4275627470507]]]}, "id": "+390478+86406", "properties": {"area_ha": 4.278613592074592, "count": 15, "label": 1, "mean_dnbr": 0.23237503684141206}}, {"type": "Feature", "geometry": {"geodesic": false, "type": "Polygon", "coordinates": [[[30.46556926413541, 37.41031509359561], [30.46610825330589, 37.41031509359561], [30.46610825330589, 37.41085408276608], [30.46556926413541, 37.41085408276608], [30.46556926413541, 37.41462700695938], [30.46503027496493, 37.41462700695938], [30.46503027496493, 37.41570498530032], [30.46449128579448, 37.41570498530032], [30.46449128579448, 37.41462700695938], [30.46503027496493, 37.41462700695938], [30.46503027496493, 37.41247105027749], [30.46449128579448, 37.41247105027749], [30.46449128579448, 37.41193206110702], [30.463952296624, 37.41193206110702], [30.463952296624, 37.41247105027749], [30.46341330745352, 37.41247105027749], [30.46341330745352, 37.41193206110702], [30.463952296624, 37.41193206110702], [30.463952296624, 37.41139307193655], [30.46341330745352, 37.41139307193655], [30.46341330745352, 37.41085408276608], [30.462874318283042, 37.41085408276608], [30.462874318283042, 37.41031509359561], [30.463952296624, 37.41031509359561], [30.463952296624, 37.41085408276608], [30.46556926413541, 37.41085408276608], [30.46556926413541, 37.41031509359561]]]}, "id": "+390482+86438", "properties": {"area_ha": 5.4207662656516575, "count": 19, "label": 1, "mean_dnbr": 0.2165907696582015}}, {"type": "Feature", "geometry": {"geodesic": false, "type": "Polygon", "coordinates": [[[30.46503027496493, 37.387138559265324], [30.46664724247637, 37.387138559265324], [30.46664724247637, 37.387677548435796], [30.46826420998778, 37.387677548435796], [30.46826420998778, 37.38821653760626], [30.47095915584012, 37.38821653760626], [30.47095915584012, 37.388755526776734], [30.47042016666967, 37.388755526776734], [30.47042016666967, 37.389294515947206], [30.46988117749919, 37.389294515947206], [30.46988117749919, 37.39037249428815], [30.46934218832871, 37.39037249428815], [30.46934218832871, 37.39091148345862], [30.46556926413541, 37.39091148345862], [30.46556926413541, 37.391450472629096], [30.462874318283042, 37.391450472629096], [30.462874318283042, 37.39091148345862], [30.46341330745352, 37.39091148345862], [30.46341330745352, 37.39037249428815], [30.4677252208173, 37.39037249428815], [30.4677252208173, 37.38983350511768], [30.46826420998778, 37.38983350511768], [30.46826420998778, 37.389294515947206], [30.46988117749919, 37.389294515947206], [30.46988117749919, 37.388755526776734], [30.46826420998778, 37.388755526776734], [30.46826420998778, 37.38821653760626], [30.46718623164682, 37.38821653760626], [30.46718623164682, 37.389294515947206], [30.46664724247637, 37.389294515947206], [30.46664724247637, 37.38821653760626], [30.46610825330589, 37.38821653760626], [30.46610825330589, 37.387677548435796], [30.46503027496493, 37.387677548435796], [30.46503027496493, 37.38983350511768], [30.46449128579448, 37.38983350511768], [30.46449128579448, 37.389294515947206], [30.463952296624, 37.389294515947206], [30.463952296624, 37.388755526776734], [30.46449128579448, 37.388755526776734], [30.46449128579448, 37.387677548435796], [30.46503027496493, 37.387677548435796], [30.46503027496493, 37.387138559265324]], [[30.46934218832871, 37.38983350511768], [30.46934218832871, 37.39037249428815], [30.46826420998778, 37.39037249428815], [30.46826420998778, 37.38983350511768], [30.46934218832871, 37.38983350511768]]]}, "id": "+390483+86481", "properties": {"area_ha": 11.700978876796475, "count": 41, "label": 1, "mean_dnbr": 0.19840461015454097}}, {"type": "Feature", "geometry": {"geodesic": false, "type": "Polygon", "coordinates": [[[30.46718623164682, 37.36719595995787], [30.4677252208173, 37.36719595995787], [30.4677252208173, 37.36773494912834], [30.46934218832871, 37.36773494912834], [30.46934218832871, 37.36827393829881], [30.46880319915823, 37.36827393829881], [30.46880319915823, 37.368812927469286], [30.46826420998778, 37.368812927469286], [30.46826420998778, 37.36935191663976], [30.46934218832871, 37.36935191663976], [30.46934218832871, 37.36989090581022], [30.46988117749919, 37.36989090581022], [30.46988117749919, 37.370429894980695], [30.46880319915823, 37.370429894980695], [30.46880319915823, 37.37150787332164], [30.47042016666967, 37.37150787332164], [30.47042016666967, 37.37096888415117], [30.47203713418108, 37.37096888415117], [30.47203713418108, 37.37150787332164], [30.47257612335156, 37.37150787332164], [30.47257612335156, 37.37204686249211], [30.47365410169249, 37.37204686249211], [30.47365410169249, 37.37096888415117], [30.47419309086297, 37.37096888415117], [30.47419309086297, 37.37150787332164], [30.47473208003342, 37.37150787332164], [30.47473208003342, 37.372585851662585], [30.4752710692039, 37.372585851662585], [30.4752710692039, 37.37312484083306], [30.47688803671531, 37.37312484083306], [30.47688803671531, 37.37366383000353], [30.476349047544858, 37.37366383000353], [30.476349047544858, 37.374741808344474], [30.47581005837438, 37.374741808344474], [30.47581005837438, 37.37366383000353], [30.47473208003342, 37.37366383000353], [30.47473208003342, 37.374202819174], [30.47365410169249, 37.374202819174], [30.47365410169249, 37.37366383000353], [30.47311511252201, 37.37366383000353], [30.47311511252201, 37.374741808344474], [30.47365410169249, 37.374741808344474], [30.47365410169249, 37.37528079751495], [30.47419309086297, 37.37528079751495], [30.47419309086297, 37.37581978668541], [30.47311511252201, 37.37581978668541], [30.47311511252201, 37.374741808344474], [30.47257612335156, 37.374741808344474], [30.47257612335156, 37.374202819174], [30.47203713418108, 37.374202819174], [30.47203713418108, 37.37366383000353], [30.47095915584012, 37.37366383000353], [30.47095915584012, 37.37312484083306], [30.4714981450106, 37.37312484083306], [30.4714981450106, 37.372585851662585], [30.47042016666967, 37.372585851662585], [30.47042016666967, 37.37366383000353], [30.46934218832871, 37.37366383000353], [30.46934218832871, 37.374202819174], [30.46988117749919, 37.374202819174], [30.46988117749919, 37.37528079751495], [30.47095915584012, 37.37528079751495], [30.47095915584012, 37.37581978668541], [30.4714981450106, 37.37581978668541], [30.4714981450106, 37.37689776502636], [30.47311511252201, 37.37689776502636], [30.47311511252201, 37.37743675419683], [30.47365410169249, 37.37743675419683], [30.47365410169249, 37.3779757433673], [30.47419309086297, 37.3779757433673], [30.47419309086297, 37.37743675419683], [30.47473208003342, 37.37743675419683], [30.47473208003342, 37.3779757433673], [30.47742702588579, 37.3779757433673], [30.47742702588579, 37.37743675419683], [30.47581005837438, 37.37743675419683], [30.47581005837438, 37.376358775855884], [30.476349047544858, 37.376358775855884], [30.476349047544858, 37.37689776502636], [30.47742702588579, 37.37689776502636], [30.47742702588579, 37.376358775855884], [30.479043993397198, 37.376358775855884], [30.479043993397198, 37.37689776502636], [30.483894895931456, 37.37689776502636], [30.483894895931456, 37.376358775855884], [30.484433885101936, 37.376358775855884], [30.484433885101936, 37.37581978668541], [30.486589841783797, 37.37581978668541], [30.486589841783797, 37.376358775855884], [30.487128830954276, 37.376358775855884], [30.487128830954276, 37.37528079751495], [30.488745798465686, 37.37528079751495], [30.488745798465686, 37.376358775855884], [30.489284787636166, 37.376358775855884], [30.489284787636166, 37.37743675419683], [30.489823776806645, 37.37743675419683], [30.489823776806645, 37.3779757433673], [30.489284787636166, 37.3779757433673], [30.489284787636166, 37.378514732537774], [30.488745798465686, 37.378514732537774], [30.488745798465686, 37.3779757433673], [30.489284787636166, 37.3779757433673], [30.489284787636166, 37.37743675419683], [30.487128830954276, 37.37743675419683], [30.487128830954276, 37.378514732537774], [30.488206809295235, 37.378514732537774], [30.488206809295235, 37.37959271087872], [30.488745798465686, 37.37959271087872], [30.488745798465686, 37.38067068921966], [30.488206809295235, 37.38067068921966], [30.488206809295235, 37.381209678390135], [30.486589841783797, 37.381209678390135], [30.486589841783797, 37.3817486675606], [30.486050852613346, 37.3817486675606], [30.486050852613346, 37.38228765673107], [30.487128830954276, 37.38228765673107], [30.487128830954276, 37.3817486675606], [30.488745798465686, 37.3817486675606], [30.488745798465686, 37.381209678390135], [30.489284787636166, 37.381209678390135], [30.489284787636166, 37.38067068921966], [30.490901755147576, 37.38067068921966], [30.490901755147576, 37.3817486675606], [30.489284787636166, 37.3817486675606], [30.489284787636166, 37.382826645901545], [30.488745798465686, 37.382826645901545], [30.488745798465686, 37.38390462424249], [30.487667820124756, 37.38390462424249], [30.487667820124756, 37.38444361341296], [30.486589841783797, 37.38444361341296], [30.486589841783797, 37.384982602583435], [30.486050852613346, 37.384982602583435], [30.486050852613346, 37.38552159175391], [30.486589841783797, 37.38552159175391], [30.486589841783797, 37.387138559265324], [30.486050852613346, 37.387138559265324], [30.486050852613346, 37.38659957009485], [30.485511863442866, 37.38659957009485], [30.485511863442866, 37.387138559265324], [30.483894895931456, 37.387138559265324], [30.483894895931456, 37.38336563507202], [30.484972874272387, 37.38336563507202], [30.484972874272387, 37.382826645901545], [30.485511863442866, 37.382826645901545], [30.485511863442866, 37.38228765673107], [30.484972874272387, 37.38228765673107], [30.484972874272387, 37.379053721708246], [30.484433885101936, 37.379053721708246], [30.484433885101936, 37.37689776502636], [30.483894895931456, 37.37689776502636], [30.483894895931456, 37.37743675419683], [30.482277928420046, 37.37743675419683], [30.482277928420046, 37.3779757433673], [30.483894895931456, 37.3779757433673], [30.483894895931456, 37.378514732537774], [30.480660960908608, 37.378514732537774], [30.480660960908608, 37.3779757433673], [30.479582982567678, 37.3779757433673], [30.479582982567678, 37.378514732537774], [30.47365410169249, 37.378514732537774], [30.47365410169249, 37.3779757433673], [30.47203713418108, 37.3779757433673], [30.47203713418108, 37.378514732537774], [30.47311511252201, 37.378514732537774], [30.47311511252201, 37.379053721708246], [30.47257612335156, 37.379053721708246], [30.47257612335156, 37.37959271087872], [30.4714981450106, 37.37959271087872], [30.4714981450106, 37.378514732537774], [30.47095915584012, 37.378514732537774], [30.47095915584012, 37.379053721708246], [30.46988117749919, 37.379053721708246], [30.46988117749919, 37.378514732537774], [30.46934218832871, 37.378514732537774], [30.46934218832871, 37.37959271087872], [30.46880319915823, 37.37959271087872], [30.46880319915823, 37.379053721708246], [30.46826420998778, 37.379053721708246], [30.46826420998778, 37.37959271087872], [30.46610825330589, 37.37959271087872], [30.46610825330589, 37.379053721708246], [30.46664724247637, 37.379053721708246], [30.46664724247637, 37.3779757433673], [30.46610825330589, 37.3779757433673], [30.46610825330589, 37.37743675419683], [30.46664724247637, 37.37743675419683], [30.46664724247637, 37.3779757433673], [30.46718623164682, 37.3779757433673], [30.46718623164682, 37.378514732537774], [30.4677252208173, 37.378514732537774], [30.4677252208173, 37.37689776502636], [30.46826420998778, 37.37689776502636], [30.46826420998778, 37.376358775855884], [30.46718623164682, 37.376358775855884], [30.46718623164682, 37.37528079751495], [30.46503027496493, 37.37528079751495], [30.46503027496493, 37.37581978668541], [30.46556926413541, 37.37581978668541], [30.46556926413541, 37.376358775855884], [30.46449128579448, 37.376358775855884], [30.46449128579448, 37.37581978668541], [30.463952296624, 37.37581978668541], [30.463952296624, 37.37528079751495], [30.46449128579448, 37.37528079751495], [30.46449128579448, 37.374741808344474], [30.463952296624, 37.374741808344474], [30.463952296624, 37.374202819174], [30.46556926413541, 37.374202819174], [30.46556926413541, 37.37366383000353], [30.46503027496493, 37.37366383000353], [30.46503027496493, 37.37312484083306], [30.46341330745352, 37.37312484083306], [30.46341330745352, 37.37150787332164], [30.46556926413541, 37.37150787332164], [30.46556926413541, 37.37096888415117], [30.463952296624, 37.37096888415117], [30.463952296624, 37.370429894980695], [30.46556926413541, 37.370429894980695], [30.46556926413541, 37.36989090581022], [30.463952296624, 37.36989090581022], [30.463952296624, 37.36935191663976], [30.46449128579448, 37.36935191663976], [30.46449128579448, 37.368812927469286], [30.46503027496493, 37.368812927469286], [30.46503027496493, 37.36827393829881], [30.46556926413541, 37.36827393829881], [30.46556926413541, 37.368812927469286], [30.46718623164682, 37.368812927469286], [30.46718623164682, 37.36935191663976], [30.4677252208173, 37.36935191663976], [30.4677252208173, 37.36827393829881], [30.46664724247637, 37.36827393829881], [30.46664724247637, 37.36773494912834], [30.46718623164682, 37.36773494912834], [30.46718623164682, 37.36719595995787]], [[30.47095915584012, 37.3779757433673], [30.47095915584012, 37.378514732537774], [30.47042016666967, 37.378514732537774], [30.47042016666967, 37.3779757433673], [30.47095915584012, 37.3779757433673]], [[30.488745798465686, 37.38228765673107], [30.488745798465686, 37.382826645901545], [30.488206809295235, 37.382826645901545], [30.488206809295235, 37.38228765673107], [30.488745798465686, 37.38228765673107]], [[30.46664724247637, 37.374202819174], [30.46664724247637, 37.374741808344474], [30.46610825330589, 37.374741808344474], [30.46610825330589, 37.374202819174], [30.46664724247637, 37.374202819174]], [[30.46880319915823, 37.374202819174], [30.46880319915823, 37.37581978668541], [30.46826420998778, 37.37581978668541], [30.46826420998778, 37.37528079751495], [30.4677252208173, 37.37528079751495], [30.4677252208173, 37.374741808344474], [30.46826420998778, 37.374741808344474], [30.46826420998778, 37.374202819174], [30.46880319915823, 37.374202819174]], [[30.46880319915823, 37.37312484083306], [30.46880319915823, 37.37366383000353], [30.4677252208173, 37.37366383000353], [30.4677252208173, 37.37312484083306], [30.46880319915823, 37.37312484083306]], [[30.47257612335156, 37.37312484083306], [30.47257612335156, 37.37366383000353], [30.47203713418108, 37.37366383000353], [30.47203713418108, 37.37312484083306], [30.47257612335156, 37.37312484083306]], [[30.46988117749919, 37.372585851662585], [30.46988117749919, 37.37312484083306], [30.46934218832871, 37.37312484083306], [30.46934218832871, 37.372585851662585], [30.46988117749919, 37.372585851662585]], [[30.47419309086297, 37.372585851662585], [30.47419309086297, 37.37312484083306], [30.47365410169249, 37.37312484083306], [30.47365410169249, 37.372585851662585], [30.47419309086297, 37.372585851662585]], [[30.46934218832871, 37.37204686249211], [30.46934218832871, 37.372585851662585], [30.46880319915823, 37.372585851662585], [30.46880319915823, 37.37204686249211], [30.46934218832871, 37.37204686249211]], [[30.47203713418108, 37.37204686249211], [30.47203713418108, 37.372585851662585], [30.4714981450106, 37.372585851662585], [30.4714981450106, 37.37204686249211], [30.47203713418108, 37.37204686249211]], [[30.46664724247637, 37.37150787332164], [30.46664724247637, 37.37204686249211], [30.46556926413541, 37.37204686249211], [30.46556926413541, 37.37150787332164], [30.46664724247637, 37.37150787332164]], [[30.46880319915823, 37.37150787332164], [30.46880319915823, 37.37204686249211], [30.46826420998778, 37.37204686249211], [30.46826420998778, 37.37150787332164], [30.46880319915823, 37.37150787332164]]]}, "id": "+390485+86518", "properties": {"area_ha": 118.7427788465155, "count": 416, "label": 1, "mean_dnbr": 0.25840298366083725}}, {"type": "Feature", "geometry": {"geodesic": false, "type": "Polygon", "coordinates": [[[30.46610825330589, 37.3628840465941], [30.4677252208173, 37.3628840465941], [30.4677252208173, 37.36342303576457], [30.46610825330589, 37.36342303576457], [30.46610825330589, 37.363962024935034], [30.46664724247637, 37.363962024935034], [30.46664724247637, 37.36450101410551], [30.46718623164682, 37.36450101410551], [30.46718623164682, 37.36504000327598], [30.4677252208173, 37.36504000327598], [30.4677252208173, 37.366117981616924], [30.46718623164682, 37.366117981616924], [30.46718623164682, 37.366656970787396], [30.46556926413541, 37.366656970787396], [30.46556926413541, 37.36773494912834], [30.46341330745352, 37.36773494912834], [30.46341330745352, 37.36719595995787], [30.463952296624, 37.36719595995787], [30.463952296624, 37.366656970787396], [30.46449128579448, 37.366656970787396], [30.46449128579448, 37.366117981616924], [30.463952296624, 37.366117981616924], [30.463952296624, 37.36504000327598], [30.46341330745352, 37.36504000327598], [30.46341330745352, 37.36557899244645], [30.462874318283042, 37.36557899244645], [30.462874318283042, 37.36504000327598], [30.46341330745352, 37.36504000327598], [30.46341330745352, 37.36450101410551], [30.463952296624, 37.36450101410551], [30.463952296624, 37.36342303576457], [30.46610825330589, 37.36342303576457], [30.46610825330589, 37.3628840465941]]]}, "id": "+390485+86526", "properties": {"area_ha": 13.1321850752563, "count": 46, "label": 1, "mean_dnbr": 0.2556544410979022}}, {"type": "Feature", "geometry": {"geodesic": false, "type": "Polygon", "coordinates": [[[30.46718623164682, 37.27880173600051], [30.4677252208173, 37.27880173600051], [30.4677252208173, 37.279340725170975], [30.46826420998778, 37.279340725170975], [30.46826420998778, 37.28041870351192], [30.46934218832871, 37.28041870351192], [30.46934218832871, 37.28095769268239], [30.46988117749919, 37.28095769268239], [30.46988117749919, 37.281496681852865], [30.46826420998778, 37.281496681852865], [30.46826420998778, 37.28257466019381], [30.46610825330589, 37.28257466019381], [30.46610825330589, 37.28203567102334], [30.46556926413541, 37.28203567102334], [30.46556926413541, 37.281496681852865], [30.46826420998778, 37.281496681852865], [30.46826420998778, 37.28095769268239], [30.46718623164682, 37.28095769268239], [30.46718623164682, 37.28041870351192], [30.46664724247637, 37.28041870351192], [30.46664724247637, 37.28095769268239], [30.46556926413541, 37.28095769268239], [30.46556926413541, 37.28041870351192], [30.46503027496493, 37.28041870351192], [30.46503027496493, 37.27880173600051], [30.46556926413541, 37.27880173600051], [30.46556926413541, 37.279340725170975], [30.46610825330589, 37.279340725170975], [30.46610825330589, 37.27987971434145], [30.46556926413541, 37.27987971434145], [30.46556926413541, 37.28041870351192], [30.46664724247637, 37.28041870351192], [30.46664724247637, 37.279340725170975], [30.46718623164682, 37.279340725170975], [30.46718623164682, 37.27880173600051]]]}, "id": "+390485+86682", "properties": {"area_ha": 8.288299579006937, "count": 29, "label": 1, "mean_dnbr": 0.19722452592547093}}, {"type": "Feature", "geometry": {"geodesic": false, "type": "Polygon", "coordinates": [[[30.46718623164682, 37.35965011157126], [30.46826420998778, 37.35965011157126], [30.46826420998778, 37.36072808991221], [30.46988117749919, 37.36072808991221], [30.46988117749919, 37.36126707908268], [30.47042016666967, 37.36126707908268], [30.47042016666967, 37.36180606825315], [30.4714981450106, 37.36180606825315], [30.4714981450106, 37.36342303576457], [30.47203713418108, 37.36342303576457], [30.47203713418108, 37.36450101410551], [30.4714981450106, 37.36450101410551], [30.4714981450106, 37.363962024935034], [30.47095915584012, 37.363962024935034], [30.47095915584012, 37.36342303576457], [30.47042016666967, 37.36342303576457], [30.47042016666967, 37.362345057423624], [30.46988117749919, 37.362345057423624], [30.46988117749919, 37.36180606825315], [30.46880319915823, 37.36180606825315], [30.46880319915823, 37.36126707908268], [30.46826420998778, 37.36126707908268], [30.46826420998778, 37.36072808991221], [30.4677252208173, 37.36072808991221], [30.4677252208173, 37.360189100741735], [30.46718623164682, 37.360189100741735], [30.46718623164682, 37.35965011157126]]]}, "id": "+390486+86532", "properties": {"area_ha": 5.424401912213994, "count": 19, "label": 1, "mean_dnbr": 0.2235939187972955}}, {"type": "Feature", "geometry": {"geodesic": false, "type": "Polygon", "coordinates": [[[30.46718623164682, 37.2847306168757], [30.46826420998778, 37.2847306168757], [30.46826420998778, 37.285269606046164], [30.4677252208173, 37.285269606046164], [30.4677252208173, 37.28742556272805], [30.46718623164682, 37.28742556272805], [30.46718623164682, 37.28688657355758], [30.463952296624, 37.28688657355758], [30.463952296624, 37.285269606046164], [30.46556926413541, 37.285269606046164], [30.46556926413541, 37.285808595216636], [30.46718623164682, 37.285808595216636], [30.46718623164682, 37.2847306168757]]]}, "id": "+390486+86671", "properties": {"area_ha": 6.001467293185118, "count": 21, "label": 1, "mean_dnbr": 0.2931974732996113}}, {"type": "Feature", "geometry": {"geodesic": false, "type": "Polygon", "coordinates": [[[30.46664724247637, 37.297666356967014], [30.46880319915823, 37.297666356967014], [30.46880319915823, 37.298205346137486], [30.46934218832871, 37.298205346137486], [30.46934218832871, 37.29928332447843], [30.46880319915823, 37.29928332447843], [30.46880319915823, 37.2998223136489], [30.46664724247637, 37.2998223136489], [30.46664724247637, 37.302517259501265], [30.46610825330589, 37.302517259501265], [30.46610825330589, 37.30197827033079], [30.46556926413541, 37.30197827033079], [30.46556926413541, 37.30090029198985], [30.46503027496493, 37.30090029198985], [30.46503027496493, 37.297666356967014], [30.46556926413541, 37.297666356967014], [30.46556926413541, 37.298205346137486], [30.46664724247637, 37.298205346137486], [30.46664724247637, 37.297666356967014]]]}, "id": "+390487+86647", "properties": {"area_ha": 11.143580209207201, "count": 39, "label": 1, "mean_dnbr": 0.226064742442138}}, {"type": "Feature", "geometry": {"geodesic": false, "type": "Polygon", "coordinates": [[[30.4677252208173, 37.31437502125164], [30.46934218832871, 37.31437502125164], [30.46934218832871, 37.314914010422115], [30.46988117749919, 37.314914010422115], [30.46988117749919, 37.316530977933525], [30.46934218832871, 37.316530977933525], [30.46934218832871, 37.317069967104], [30.46880319915823, 37.317069967104], [30.46880319915823, 37.31760895627447], [30.46934218832871, 37.31760895627447], [30.46934218832871, 37.318686934615414], [30.46880319915823, 37.318686934615414], [30.46880319915823, 37.319225923785886], [30.46826420998778, 37.319225923785886], [30.46826420998778, 37.31976491295636], [30.4677252208173, 37.31976491295636], [30.4677252208173, 37.319225923785886], [30.46718623164682, 37.319225923785886], [30.46718623164682, 37.318686934615414], [30.46664724247637, 37.318686934615414], [30.46664724247637, 37.319225923785886], [30.46610825330589, 37.319225923785886], [30.46610825330589, 37.318686934615414], [30.46664724247637, 37.318686934615414], [30.46664724247637, 37.31760895627447], [30.46556926413541, 37.31760895627447], [30.46556926413541, 37.317069967104], [30.46718623164682, 37.317069967104], [30.46718623164682, 37.31760895627447], [30.46826420998778, 37.31760895627447], [30.46826420998778, 37.316530977933525], [30.46880319915823, 37.316530977933525], [30.46880319915823, 37.31599198876305], [30.46826420998778, 37.31599198876305], [30.46826420998778, 37.31545299959258], [30.4677252208173, 37.31545299959258], [30.4677252208173, 37.316530977933525], [30.46718623164682, 37.316530977933525], [30.46718623164682, 37.31599198876305], [30.46664724247637, 37.31599198876305], [30.46664724247637, 37.31545299959258], [30.46718623164682, 37.31545299959258], [30.46718623164682, 37.314914010422115], [30.4677252208173, 37.314914010422115], [30.4677252208173, 37.31437502125164]], [[30.46934218832871, 37.314914010422115], [30.46934218832871, 37.31599198876305], [30.46880319915823, 37.31599198876305], [30.46880319915823, 37.31545299959258], [30.46826420998778, 37.31545299959258], [30.46826420998778, 37.314914010422115], [30.46934218832871, 37.314914010422115]]]}, "id": "+390488+86616", "properties": {"area_ha": 9.71262762934658, "count": 34, "label": 1, "mean_dnbr": 0.1956009195094703}}, {"type": "Feature", "geometry": {"geodesic": false, "type": "Polygon", "coordinates": [[[30.46880319915823, 37.308446140376454], [30.47042016666967, 37.308446140376454], [30.47042016666967, 37.308985129546926], [30.47095915584012, 37.308985129546926], [30.47095915584012, 37.30952411871739], [30.47042016666967, 37.30952411871739], [30.47042016666967, 37.310602097058336], [30.46934218832871, 37.310602097058336], [30.46934218832871, 37.31114108622881], [30.46880319915823, 37.31114108622881], [30.46880319915823, 37.31168007539928], [30.46826420998778, 37.31168007539928], [30.46826420998778, 37.310602097058336], [30.4677252208173, 37.310602097058336], [30.4677252208173, 37.31006310788786], [30.46718623164682, 37.31006310788786], [30.46718623164682, 37.30952411871739], [30.46880319915823, 37.30952411871739], [30.46880319915823, 37.308446140376454]]]}, "id": "+390490+86627", "properties": {"area_ha": 5.99955193811266, "count": 21, "label": 1, "mean_dnbr": 0.2118585244028352}}, {"type": "Feature", "geometry": {"geodesic": false, "type": "Polygon", "coordinates": [[[30.47257612335156, 37.31545299959258], [30.47311511252201, 37.31545299959258], [30.47311511252201, 37.31599198876305], [30.47419309086297, 37.31599198876305], [30.47419309086297, 37.316530977933525], [30.47688803671531, 37.316530977933525], [30.47688803671531, 37.31814794544494], [30.476349047544858, 37.31814794544494], [30.476349047544858, 37.318686934615414], [30.47688803671531, 37.318686934615414], [30.47688803671531, 37.319225923785886], [30.476349047544858, 37.319225923785886], [30.476349047544858, 37.318686934615414], [30.47473208003342, 37.318686934615414], [30.47473208003342, 37.31760895627447], [30.47419309086297, 37.31760895627447], [30.47419309086297, 37.31814794544494], [30.47311511252201, 37.31814794544494], [30.47311511252201, 37.318686934615414], [30.47203713418108, 37.318686934615414], [30.47203713418108, 37.31814794544494], [30.47257612335156, 37.31814794544494], [30.47257612335156, 37.31545299959258]], [[30.4752710692039, 37.317069967104], [30.4752710692039, 37.31760895627447], [30.47473208003342, 37.31760895627447], [30.47473208003342, 37.317069967104], [30.4752710692039, 37.317069967104]]]}, "id": "+390495+86614", "properties": {"area_ha": 9.141254045275396, "count": 32, "label": 1, "mean_dnbr": 0.26275859957369524}}, {"type": "Feature", "geometry": {"geodesic": false, "type": "Polygon", "coordinates": [[[30.47203713418108, 37.29551040028513], [30.47311511252201, 37.29551040028513], [30.47311511252201, 37.296049389455604], [30.47203713418108, 37.296049389455604], [30.47203713418108, 37.296588378626076], [30.47257612335156, 37.296588378626076], [30.47257612335156, 37.29712736779655], [30.47311511252201, 37.29712736779655], [30.47311511252201, 37.29928332447843], [30.47257612335156, 37.29928332447843], [30.47257612335156, 37.29712736779655], [30.47203713418108, 37.29712736779655], [30.47203713418108, 37.297666356967014], [30.4714981450106, 37.297666356967014], [30.4714981450106, 37.298205346137486], [30.47095915584012, 37.298205346137486], [30.47095915584012, 37.297666356967014], [30.4714981450106, 37.297666356967014], [30.4714981450106, 37.296588378626076], [30.47042016666967, 37.296588378626076], [30.47042016666967, 37.29551040028513], [30.47095915584012, 37.29551040028513], [30.47095915584012, 37.296049389455604], [30.47203713418108, 37.296049389455604], [30.47203713418108, 37.29551040028513]]]}, "id": "+390495+86651", "properties": {"area_ha": 4.000386913794274, "count": 14, "label": 1, "mean_dnbr": 0.16736024262134067}}, {"type": "Feature", "geometry": {"geodesic": false, "type": "Polygon", "coordinates": [[[30.47311511252201, 37.42325083368693], [30.47365410169249, 37.42325083368693], [30.47365410169249, 37.4237898228574], [30.47419309086297, 37.4237898228574], [30.47419309086297, 37.426484768709756], [30.47473208003342, 37.426484768709756], [30.47473208003342, 37.4275627470507], [30.47419309086297, 37.4275627470507], [30.47419309086297, 37.42702375788023], [30.47365410169249, 37.42702375788023], [30.47365410169249, 37.42486780119834], [30.47311511252201, 37.42486780119834], [30.47311511252201, 37.42325083368693]]]}, "id": "+390496+86414", "properties": {"area_ha": 3.137791169306138, "count": 11, "label": 1, "mean_dnbr": 0.15811054143417247}}, {"type": "Feature", "geometry": {"geodesic": false, "type": "Polygon", "coordinates": [[[30.47311511252201, 37.36504000327598], [30.47365410169249, 37.36504000327598], [30.47365410169249, 37.36557899244645], [30.47473208003342, 37.36557899244645], [30.47473208003342, 37.366117981616924], [30.4752710692039, 37.366117981616924], [30.4752710692039, 37.366656970787396], [30.47688803671531, 37.366656970787396], [30.47688803671531, 37.36719595995787], [30.477966015056268, 37.36719595995787], [30.477966015056268, 37.36773494912834], [30.47742702588579, 37.36773494912834], [30.47742702588579, 37.36827393829881], [30.47688803671531, 37.36827393829881], [30.47688803671531, 37.36773494912834], [30.47473208003342, 37.36773494912834], [30.47473208003342, 37.36827393829881], [30.47419309086297, 37.36827393829881], [30.47419309086297, 37.368812927469286], [30.47473208003342, 37.368812927469286], [30.47473208003342, 37.36935191663976], [30.476349047544858, 37.36935191663976], [30.476349047544858, 37.36989090581022], [30.47257612335156, 37.36989090581022], [30.47257612335156, 37.36935191663976], [30.47311511252201, 37.36935191663976], [30.47311511252201, 37.368812927469286], [30.47257612335156, 37.368812927469286], [30.47257612335156, 37.36827393829881], [30.47203713418108, 37.36827393829881], [30.47203713418108, 37.36719595995787], [30.4714981450106, 37.36719595995787], [30.4714981450106, 37.366117981616924], [30.47095915584012, 37.366117981616924], [30.47095915584012, 37.36557899244645], [30.46988117749919, 37.36557899244645], [30.46988117749919, 37.36504000327598], [30.4714981450106, 37.36504000327598], [30.4714981450106, 37.36557899244645], [30.47203713418108, 37.36557899244645], [30.47203713418108, 37.36504000327598], [30.47257612335156, 37.36504000327598], [30.47257612335156, 37.36557899244645], [30.47311511252201, 37.36557899244645], [30.47311511252201, 37.36504000327598]], [[30.47419309086297, 37.36719595995787], [30.47419309086297, 37.36773494912834], [30.47311511252201, 37.36773494912834], [30.47311511252201, 37.36719595995787], [30.47419309086297, 37.36719595995787]]]}, "id": "+390496+86522", "properties": {"area_ha": 16.27208910128062, "count": 57, "label": 1, "mean_dnbr": 0.2831407156516901}}, {"type": "Feature", "geometry": {"geodesic": false, "type": "Polygon", "coordinates": [[[30.47419309086297, 37.31168007539928], [30.47473208003342, 37.31168007539928], [30.47473208003342, 37.31221906456975], [30.476349047544858, 37.31221906456975], [30.476349047544858, 37.312758053740225], [30.47688803671531, 37.312758053740225], [30.47688803671531, 37.3132970429107], [30.476349047544858, 37.3132970429107], [30.476349047544858, 37.314914010422115], [30.47742702588579, 37.314914010422115], [30.47742702588579, 37.31545299959258], [30.476349047544858, 37.31545299959258], [30.476349047544858, 37.314914010422115], [30.47581005837438, 37.314914010422115], [30.47581005837438, 37.31437502125164], [30.47419309086297, 37.31437502125164], [30.47419309086297, 37.31383603208117], [30.47473208003342, 37.31383603208117], [30.47473208003342, 37.3132970429107], [30.47419309086297, 37.3132970429107], [30.47419309086297, 37.31168007539928]]]}, "id": "+390498+86621", "properties": {"area_ha": 5.713588655776049, "count": 20, "label": 1, "mean_dnbr": 0.21753534914010833}}, {"type": "Feature", "geometry": {"geodesic": false, "type": "Polygon", "coordinates": [[[30.47365410169249, 37.308446140376454], [30.47473208003342, 37.308446140376454], [30.47473208003342, 37.308985129546926], [30.47581005837438, 37.308985129546926], [30.47581005837438, 37.31006310788786], [30.476349047544858, 37.31006310788786], [30.476349047544858, 37.30952411871739], [30.47688803671531, 37.30952411871739], [30.47688803671531, 37.310602097058336], [30.476349047544858, 37.310602097058336], [30.476349047544858, 37.31114108622881], [30.47581005837438, 37.31114108622881], [30.47581005837438, 37.31006310788786], [30.47473208003342, 37.31006310788786], [30.47473208003342, 37.308985129546926], [30.47419309086297, 37.308985129546926], [30.47419309086297, 37.30952411871739], [30.47311511252201, 37.30952411871739], [30.47311511252201, 37.31006310788786], [30.47365410169249, 37.31006310788786], [30.47365410169249, 37.31168007539928], [30.47311511252201, 37.31168007539928], [30.47311511252201, 37.310602097058336], [30.47257612335156, 37.310602097058336], [30.47257612335156, 37.31221906456975], [30.47203713418108, 37.31221906456975], [30.47203713418108, 37.312758053740225], [30.4714981450106, 37.312758053740225], [30.4714981450106, 37.31221906456975], [30.47095915584012, 37.31221906456975], [30.47095915584012, 37.31006310788786], [30.4714981450106, 37.31006310788786], [30.4714981450106, 37.30952411871739], [30.47203713418108, 37.30952411871739], [30.47203713418108, 37.31006310788786], [30.47257612335156, 37.31006310788786], [30.47257612335156, 37.30952411871739], [30.47311511252201, 37.30952411871739], [30.47311511252201, 37.308985129546926], [30.47365410169249, 37.308985129546926], [30.47365410169249, 37.308446140376454]]]}, "id": "+390498+86627", "properties": {"area_ha": 8.856416383274983, "count": 31, "label": 1, "mean_dnbr": 0.22670029002792477}}, {"type": "Feature", "geometry": {"geodesic": false, "type": "Polygon", "coordinates": [[[30.47473208003342, 37.30090029198985], [30.4752710692039, 37.30090029198985], [30.4752710692039, 37.30143928116032], [30.47473208003342, 37.30143928116032], [30.47473208003342, 37.302517259501265], [30.47581005837438, 37.302517259501265], [30.47581005837438, 37.30305624867174], [30.47473208003342, 37.30305624867174], [30.47473208003342, 37.3035952378422], [30.47419309086297, 37.3035952378422], [30.47419309086297, 37.304134227012675], [30.47473208003342, 37.304134227012675], [30.47473208003342, 37.30575119452409], [30.47203713418108, 37.30575119452409], [30.47203713418108, 37.30305624867174], [30.47257612335156, 37.30305624867174], [30.47257612335156, 37.30197827033079], [30.47365410169249, 37.30197827033079], [30.47365410169249, 37.30143928116032], [30.47473208003342, 37.30143928116032], [30.47473208003342, 37.30090029198985]], [[30.47311511252201, 37.30467321618315], [30.47311511252201, 37.30521220535362], [30.47257612335156, 37.30521220535362], [30.47257612335156, 37.30467321618315], [30.47311511252201, 37.30467321618315]], [[30.47365410169249, 37.30305624867174], [30.47365410169249, 37.3035952378422], [30.47257612335156, 37.3035952378422], [30.47257612335156, 37.30305624867174], [30.47365410169249, 37.30305624867174]], [[30.47419309086297, 37.302517259501265], [30.47419309086297, 37.30305624867174], [30.47365410169249, 37.30305624867174], [30.47365410169249, 37.302517259501265], [30.47419309086297, 37.302517259501265]]]}, "id": "+390499+86641", "properties": {"area_ha": 9.428656440028028, "count": 33, "label": 1, "mean_dnbr": 0.19962328597051363}}, {"type": "Feature", "geometry": {"geodesic": false, "type": "Polygon", "coordinates": [[[30.4752710692039, 37.38552159175391], [30.47581005837438, 37.38552159175391], [30.47581005837438, 37.38606058092438], [30.47688803671531, 37.38606058092438], [30.47688803671531, 37.38659957009485], [30.476349047544858, 37.38659957009485], [30.476349047544858, 37.38821653760626], [30.4752710692039, 37.38821653760626], [30.4752710692039, 37.387677548435796], [30.47419309086297, 37.387677548435796], [30.47419309086297, 37.387138559265324], [30.4752710692039, 37.387138559265324], [30.4752710692039, 37.38659957009485], [30.47473208003342, 37.38659957009485], [30.47473208003342, 37.38606058092438], [30.4752710692039, 37.38606058092438], [30.4752710692039, 37.38552159175391]], [[30.47581005837438, 37.387138559265324], [30.47581005837438, 37.387677548435796], [30.4752710692039, 37.387677548435796], [30.4752710692039, 37.387138559265324], [30.47581005837438, 37.387138559265324]], [[30.47581005837438, 37.38606058092438], [30.47581005837438, 37.38659957009485], [30.4752710692039, 37.38659957009485], [30.4752710692039, 37.38606058092438], [30.47581005837438, 37.38606058092438]]]}, "id": "+390500+86484", "properties": {"area_ha": 3.139398365052385, "count": 11, "label": 1, "mean_dnbr": 0.22116490446836226}}, {"type": "Feature", "geometry": {"geodesic": false, "type": "Polygon", "coordinates": [[[30.47473208003342, 37.344019425627586], [30.47581005837438, 37.344019425627586], [30.47581005837438, 37.34455841479806], [30.476349047544858, 37.34455841479806], [30.476349047544858, 37.34509740396853], [30.47688803671531, 37.34509740396853], [30.47688803671531, 37.345636393138996], [30.47742702588579, 37.345636393138996], [30.47742702588579, 37.34725336065041], [30.47688803671531, 37.34725336065041], [30.47688803671531, 37.34671437147994], [30.47581005837438, 37.34671437147994], [30.47581005837438, 37.34617538230947], [30.47473208003342, 37.34617538230947], [30.47473208003342, 37.345636393138996], [30.47419309086297, 37.345636393138996], [30.47419309086297, 37.34509740396853], [30.47473208003342, 37.34509740396853], [30.47473208003342, 37.344019425627586]]]}, "id": "+390500+86561", "properties": {"area_ha": 5.425590790114617, "count": 19, "label": 1, "mean_dnbr": 0.20531761756679598}}, {"type": "Feature", "geometry": {"geodesic": false, "type": "Polygon", "coordinates": [[[30.47257612335156, 37.41786094198221], [30.476349047544858, 37.41786094198221], [30.476349047544858, 37.41839993115268], [30.47581005837438, 37.41839993115268], [30.47581005837438, 37.41893892032315], [30.47257612335156, 37.41893892032315], [30.47257612335156, 37.41947790949362], [30.47203713418108, 37.41947790949362], [30.47203713418108, 37.420016898664095], [30.4714981450106, 37.420016898664095], [30.4714981450106, 37.41947790949362], [30.47203713418108, 37.41947790949362], [30.47203713418108, 37.41893892032315], [30.47257612335156, 37.41893892032315], [30.47257612335156, 37.41786094198221]]]}, "id": "+390501+86424", "properties": {"area_ha": 4.279181558638394, "count": 15, "label": 1, "mean_dnbr": 0.18559758868845116}}, {"type": "Feature", "geometry": {"geodesic": false, "type": "Polygon", "coordinates": [[[30.4752710692039, 37.3628840465941], [30.476349047544858, 37.3628840465941], [30.476349047544858, 37.36342303576457], [30.47742702588579, 37.36342303576457], [30.47742702588579, 37.363962024935034], [30.47688803671531, 37.363962024935034], [30.47688803671531, 37.36450101410551], [30.476349047544858, 37.36450101410551], [30.476349047544858, 37.36504000327598], [30.47581005837438, 37.36504000327598], [30.47581005837438, 37.363962024935034], [30.47473208003342, 37.363962024935034], [30.47473208003342, 37.36450101410551], [30.47365410169249, 37.36450101410551], [30.47365410169249, 37.363962024935034], [30.47473208003342, 37.363962024935034], [30.47473208003342, 37.36342303576457], [30.4752710692039, 37.36342303576457], [30.4752710692039, 37.3628840465941]]]}, "id": "+390501+86526", "properties": {"area_ha": 3.4258522442791204, "count": 12, "label": 1, "mean_dnbr": 0.25133908123400517}}, {"type": "Feature", "geometry": {"geodesic": false, "type": "Polygon", "coordinates": [[[30.47688803671531, 37.4275627470507], [30.47742702588579, 37.4275627470507], [30.47742702588579, 37.42810173622117], [30.477966015056268, 37.42810173622117], [30.477966015056268, 37.428640725391645], [30.478505004226747, 37.428640725391645], [30.478505004226747, 37.42971870373259], [30.479043993397198, 37.42971870373259], [30.479043993397198, 37.430257692903055], [30.481738939249567, 37.430257692903055], [30.481738939249567, 37.431335671244], [30.481199950079088, 37.431335671244], [30.481199950079088, 37.43079668207353], [30.479043993397198, 37.43079668207353], [30.479043993397198, 37.430257692903055], [30.477966015056268, 37.430257692903055], [30.477966015056268, 37.42971870373259], [30.47742702588579, 37.42971870373259], [30.47742702588579, 37.42917971456212], [30.47688803671531, 37.42917971456212], [30.47688803671531, 37.4275627470507]]]}, "id": "+390503+86406", "properties": {"area_ha": 4.563792873291696, "count": 16, "label": 1, "mean_dnbr": 0.21586220146085708}}, {"type": "Feature", "geometry": {"geodesic": false, "type": "Polygon", "coordinates": [[[30.47581005837438, 37.39037249428815], [30.47742702588579, 37.39037249428815], [30.47742702588579, 37.39091148345862], [30.47688803671531, 37.39091148345862], [30.47688803671531, 37.391450472629096], [30.47742702588579, 37.391450472629096], [30.47742702588579, 37.39468440765192], [30.477966015056268, 37.39468440765192], [30.477966015056268, 37.395223396822395], [30.478505004226747, 37.395223396822395], [30.478505004226747, 37.39576238599287], [30.477966015056268, 37.39576238599287], [30.477966015056268, 37.39684036433381], [30.478505004226747, 37.39684036433381], [30.478505004226747, 37.397379353504284], [30.479043993397198, 37.397379353504284], [30.479043993397198, 37.40007429935664], [30.478505004226747, 37.40007429935664], [30.478505004226747, 37.40061328852711], [30.476349047544858, 37.40061328852711], [30.476349047544858, 37.3989963210157], [30.47688803671531, 37.3989963210157], [30.47688803671531, 37.397379353504284], [30.47742702588579, 37.397379353504284], [30.47742702588579, 37.39630137516334], [30.47688803671531, 37.39630137516334], [30.47688803671531, 37.393606429310985], [30.476349047544858, 37.393606429310985], [30.476349047544858, 37.39630137516334], [30.47581005837438, 37.39630137516334], [30.47581005837438, 37.39576238599287], [30.4752710692039, 37.39576238599287], [30.4752710692039, 37.39630137516334], [30.47473208003342, 37.39630137516334], [30.47473208003342, 37.39468440765192], [30.4752710692039, 37.39468440765192], [30.4752710692039, 37.39414541848145], [30.47473208003342, 37.39414541848145], [30.47473208003342, 37.393606429310985], [30.4752710692039, 37.393606429310985], [30.4752710692039, 37.39414541848145], [30.47581005837438, 37.39414541848145], [30.47581005837438, 37.39252845097004], [30.4752710692039, 37.39252845097004], [30.4752710692039, 37.39198946179957], [30.476349047544858, 37.39198946179957], [30.476349047544858, 37.391450472629096], [30.4752710692039, 37.391450472629096], [30.4752710692039, 37.39091148345862], [30.47581005837438, 37.39091148345862], [30.47581005837438, 37.39037249428815]]]}, "id": "+390503+86475", "properties": {"area_ha": 19.404890192300055, "count": 68, "label": 1, "mean_dnbr": 0.2652413942112974}}, {"type": "Feature", "geometry": {"geodesic": false, "type": "Polygon", "coordinates": [[[30.47742702588579, 37.312758053740225], [30.477966015056268, 37.312758053740225], [30.477966015056268, 37.3132970429107], [30.478505004226747, 37.3132970429107], [30.478505004226747, 37.31383603208117], [30.479043993397198, 37.31383603208117], [30.479043993397198, 37.31437502125164], [30.480121971738157, 37.31437502125164], [30.480121971738157, 37.31383603208117], [30.481738939249567, 37.31383603208117], [30.481738939249567, 37.31437502125164], [30.482816917590497, 37.31437502125164], [30.482816917590497, 37.314914010422115], [30.483355906760977, 37.314914010422115], [30.483355906760977, 37.31545299959258], [30.482816917590497, 37.31545299959258], [30.482816917590497, 37.317069967104], [30.481199950079088, 37.317069967104], [30.481199950079088, 37.31760895627447], [30.481738939249567, 37.31760895627447], [30.481738939249567, 37.318686934615414], [30.482277928420046, 37.318686934615414], [30.482277928420046, 37.319225923785886], [30.481738939249567, 37.319225923785886], [30.481738939249567, 37.31976491295636], [30.482277928420046, 37.31976491295636], [30.482277928420046, 37.32030390212683], [30.480660960908608, 37.32030390212683], [30.480660960908608, 37.3208428912973], [30.481199950079088, 37.3208428912973], [30.481199950079088, 37.321381880467776], [30.482277928420046, 37.321381880467776], [30.482277928420046, 37.32407682632013], [30.482816917590497, 37.32407682632013], [30.482816917590497, 37.3246158154906], [30.481199950079088, 37.3246158154906], [30.481199950079088, 37.32569379383155], [30.480660960908608, 37.32569379383155], [30.480660960908608, 37.32353783714966], [30.480121971738157, 37.32353783714966], [30.480121971738157, 37.322998847979186], [30.479582982567678, 37.322998847979186], [30.479582982567678, 37.32245985880871], [30.479043993397198, 37.32245985880871], [30.479043993397198, 37.321381880467776], [30.479582982567678, 37.321381880467776], [30.479582982567678, 37.31976491295636], [30.480121971738157, 37.31976491295636], [30.480121971738157, 37.319225923785886], [30.480660960908608, 37.319225923785886], [30.480660960908608, 37.31814794544494], [30.481199950079088, 37.31814794544494], [30.481199950079088, 37.31760895627447], [30.480660960908608, 37.31760895627447], [30.480660960908608, 37.31599198876305], [30.480121971738157, 37.31599198876305], [30.480121971738157, 37.316530977933525], [30.479582982567678, 37.316530977933525], [30.479582982567678, 37.317069967104], [30.480121971738157, 37.317069967104], [30.480121971738157, 37.31760895627447], [30.479043993397198, 37.31760895627447], [30.479043993397198, 37.317069967104], [30.478505004226747, 37.317069967104], [30.478505004226747, 37.31599198876305], [30.477966015056268, 37.31599198876305], [30.477966015056268, 37.31437502125164], [30.47742702588579, 37.31437502125164], [30.47742702588579, 37.312758053740225]], [[30.479582982567678, 37.31599198876305], [30.479582982567678, 37.316530977933525], [30.479043993397198, 37.316530977933525], [30.479043993397198, 37.31599198876305], [30.479582982567678, 37.31599198876305]]]}, "id": "+390504+86619", "properties": {"area_ha": 28.85170885086997, "count": 101, "label": 1, "mean_dnbr": 0.2220615716093002}}, {"type": "Feature", "geometry": {"geodesic": false, "type": "Polygon", "coordinates": [[[30.47742702588579, 37.318686934615414], [30.478505004226747, 37.318686934615414], [30.478505004226747, 37.319225923785886], [30.477966015056268, 37.319225923785886], [30.477966015056268, 37.32030390212683], [30.478505004226747, 37.32030390212683], [30.478505004226747, 37.322998847979186], [30.47688803671531, 37.322998847979186], [30.47688803671531, 37.3208428912973], [30.47742702588579, 37.3208428912973], [30.47742702588579, 37.318686934615414]]]}, "id": "+390505+86608", "properties": {"area_ha": 5.141702004308993, "count": 18, "label": 1, "mean_dnbr": 0.2200039658562139}}, {"type": "Feature", "geometry": {"geodesic": false, "type": "Polygon", "coordinates": [[[30.47742702588579, 37.225441808123804], [30.479043993397198, 37.225441808123804], [30.479043993397198, 37.228136753976166], [30.478505004226747, 37.228136753976166], [30.478505004226747, 37.227597764805694], [30.477966015056268, 37.227597764805694], [30.477966015056268, 37.22651978646475], [30.47742702588579, 37.22651978646475], [30.47742702588579, 37.22705877563522], [30.476349047544858, 37.22705877563522], [30.476349047544858, 37.22651978646475], [30.47742702588579, 37.22651978646475], [30.47742702588579, 37.225441808123804]]]}, "id": "+390506+86781", "properties": {"area_ha": 3.718117702455484, "count": 13, "label": 1, "mean_dnbr": 0.19910140172604948}}, {"type": "Feature", "geometry": {"geodesic": false, "type": "Polygon", "coordinates": [[[30.47688803671531, 37.34240245811617], [30.480121971738157, 37.34240245811617], [30.480121971738157, 37.34294144728664], [30.480660960908608, 37.34294144728664], [30.480660960908608, 37.343480436457114], [30.479582982567678, 37.343480436457114], [30.479582982567678, 37.344019425627586], [30.478505004226747, 37.344019425627586], [30.478505004226747, 37.343480436457114], [30.476349047544858, 37.343480436457114], [30.476349047544858, 37.34294144728664], [30.47688803671531, 37.34294144728664], [30.47688803671531, 37.34240245811617]]]}, "id": "+390508+86564", "properties": {"area_ha": 4.569054579773648, "count": 16, "label": 1, "mean_dnbr": 0.23563678239567853}}, {"type": "Feature", "geometry": {"geodesic": false, "type": "Polygon", "coordinates": [[[30.480660960908608, 37.39091148345862], [30.481199950079088, 37.39091148345862], [30.481199950079088, 37.39252845097004], [30.481738939249567, 37.39252845097004], [30.481738939249567, 37.39198946179957], [30.482277928420046, 37.39198946179957], [30.482277928420046, 37.39468440765192], [30.481738939249567, 37.39468440765192], [30.481738939249567, 37.395223396822395], [30.480660960908608, 37.395223396822395], [30.480660960908608, 37.39252845097004], [30.480121971738157, 37.39252845097004], [30.480121971738157, 37.39198946179957], [30.480660960908608, 37.39198946179957], [30.480660960908608, 37.39091148345862]]]}, "id": "+390510+86474", "properties": {"area_ha": 5.4221392880696415, "count": 19, "label": 1, "mean_dnbr": 0.22383341844067062}}, {"type": "Feature", "geometry": {"geodesic": false, "type": "Polygon", "coordinates": [[[30.480121971738157, 37.328927728854374], [30.481199950079088, 37.328927728854374], [30.481199950079088, 37.33216166387721], [30.480660960908608, 37.33216166387721], [30.480660960908608, 37.331622674706736], [30.479582982567678, 37.331622674706736], [30.479582982567678, 37.33000570719532], [30.4752710692039, 37.33000570719532], [30.4752710692039, 37.32946671802485], [30.47581005837438, 37.32946671802485], [30.47581005837438, 37.328927728854374], [30.47688803671531, 37.328927728854374], [30.47688803671531, 37.32946671802485], [30.47742702588579, 37.32946671802485], [30.47742702588579, 37.328927728854374], [30.477966015056268, 37.328927728854374], [30.477966015056268, 37.32946671802485], [30.480121971738157, 37.32946671802485], [30.480121971738157, 37.328927728854374]]]}, "id": "+390510+86589", "properties": {"area_ha": 7.4260691076357555, "count": 26, "label": 1, "mean_dnbr": 0.23216707439834944}}, {"type": "Feature", "geometry": {"geodesic": false, "type": "Polygon", "coordinates": [[[30.480660960908608, 37.22921473231711], [30.481199950079088, 37.22921473231711], [30.481199950079088, 37.22975372148758], [30.480660960908608, 37.22975372148758], [30.480660960908608, 37.230292710658055], [30.482277928420046, 37.230292710658055], [30.482277928420046, 37.23083169982853], [30.480121971738157, 37.23083169982853], [30.480121971738157, 37.23137068899899], [30.479043993397198, 37.23137068899899], [30.479043993397198, 37.230292710658055], [30.479582982567678, 37.230292710658055], [30.479582982567678, 37.22975372148758], [30.480660960908608, 37.22975372148758], [30.480660960908608, 37.22921473231711]]]}, "id": "+390510+86774", "properties": {"area_ha": 3.145943705937262, "count": 11, "label": 1, "mean_dnbr": 0.16232848771869302}}, {"type": "Feature", "geometry": {"geodesic": false, "type": "Polygon", "coordinates": [[[30.481738939249567, 37.39684036433381], [30.482277928420046, 37.39684036433381], [30.482277928420046, 37.40061328852711], [30.480121971738157, 37.40061328852711], [30.480121971738157, 37.401152277697584], [30.479582982567678, 37.401152277697584], [30.479582982567678, 37.3989963210157], [30.480121971738157, 37.3989963210157], [30.480121971738157, 37.397379353504284], [30.481738939249567, 37.397379353504284], [30.481738939249567, 37.39684036433381]]]}, "id": "+390512+86463", "properties": {"area_ha": 8.275262232102815, "count": 29, "label": 1, "mean_dnbr": 0.27144458301807617}}, {"type": "Feature", "geometry": {"geodesic": false, "type": "Polygon", "coordinates": [[[30.481738939249567, 37.374202819174], [30.482816917590497, 37.374202819174], [30.482816917590497, 37.374741808344474], [30.483355906760977, 37.374741808344474], [30.483355906760977, 37.37528079751495], [30.483894895931456, 37.37528079751495], [30.483894895931456, 37.37581978668541], [30.480121971738157, 37.37581978668541], [30.480121971738157, 37.374741808344474], [30.481738939249567, 37.374741808344474], [30.481738939249567, 37.374202819174]]]}, "id": "+390513+86505", "properties": {"area_ha": 4.281703113609458, "count": 15, "label": 1, "mean_dnbr": 0.19223481950787918}}, {"type": "Feature", "geometry": {"geodesic": false, "type": "Polygon", "coordinates": [[[30.481738939249567, 37.33270065304768], [30.482816917590497, 37.33270065304768], [30.482816917590497, 37.33323964221815], [30.483894895931456, 37.33323964221815], [30.483894895931456, 37.33377863138862], [30.483355906760977, 37.33377863138862], [30.483355906760977, 37.335395598900035], [30.482816917590497, 37.335395598900035], [30.482816917590497, 37.33593458807051], [30.482277928420046, 37.33593458807051], [30.482277928420046, 37.335395598900035], [30.481738939249567, 37.335395598900035], [30.481738939249567, 37.33485660972956], [30.482277928420046, 37.33485660972956], [30.482277928420046, 37.33431762055909], [30.482816917590497, 37.33431762055909], [30.482816917590497, 37.33377863138862], [30.481738939249567, 37.33377863138862], [30.481738939249567, 37.33270065304768]]]}, "id": "+390513+86582", "properties": {"area_ha": 3.7128084215353367, "count": 13, "label": 1, "mean_dnbr": 0.2008003858228879}}, {"type": "Feature", "geometry": {"geodesic": false, "type": "Polygon", "coordinates": [[[30.482277928420046, 37.223824840612394], [30.482816917590497, 37.223824840612394], [30.482816917590497, 37.22490281895334], [30.483355906760977, 37.22490281895334], [30.483355906760977, 37.225441808123804], [30.483894895931456, 37.225441808123804], [30.483894895931456, 37.22598079729428], [30.484433885101936, 37.22598079729428], [30.484433885101936, 37.227597764805694], [30.482277928420046, 37.227597764805694], [30.482277928420046, 37.22705877563522], [30.482816917590497, 37.22705877563522], [30.482816917590497, 37.22598079729428], [30.482277928420046, 37.22598079729428], [30.482277928420046, 37.223824840612394]]]}, "id": "+390513+86784", "properties": {"area_ha": 4.862191217546776, "count": 17, "label": 1, "mean_dnbr": 0.2400875035330861}}, {"type": "Feature", "geometry": {"geodesic": false, "type": "Polygon", "coordinates": [[[30.482277928420046, 37.20981112218013], [30.482816917590497, 37.20981112218013], [30.482816917590497, 37.2103501113506], [30.482277928420046, 37.2103501113506], [30.482277928420046, 37.21088910052107], [30.483894895931456, 37.21088910052107], [30.483894895931456, 37.211428089691545], [30.482816917590497, 37.211428089691545], [30.482816917590497, 37.21196707886202], [30.479043993397198, 37.21196707886202], [30.479043993397198, 37.2103501113506], [30.482277928420046, 37.2103501113506], [30.482277928420046, 37.20981112218013]], [[30.482277928420046, 37.21088910052107], [30.482277928420046, 37.211428089691545], [30.481738939249567, 37.211428089691545], [30.481738939249567, 37.21088910052107], [30.482277928420046, 37.21088910052107]]]}, "id": "+390513+86810", "properties": {"area_ha": 6.293503952143424, "count": 22, "label": 1, "mean_dnbr": 0.22728954150438785}}, {"type": "Feature", "geometry": {"geodesic": false, "type": "Polygon", "coordinates": [[[30.481199950079088, 37.381209678390135], [30.483355906760977, 37.381209678390135], [30.483355906760977, 37.382826645901545], [30.482277928420046, 37.382826645901545], [30.482277928420046, 37.38390462424249], [30.482816917590497, 37.38390462424249], [30.482816917590497, 37.38336563507202], [30.483355906760977, 37.38336563507202], [30.483355906760977, 37.38552159175391], [30.482816917590497, 37.38552159175391], [30.482816917590497, 37.384982602583435], [30.482277928420046, 37.384982602583435], [30.482277928420046, 37.38390462424249], [30.481199950079088, 37.38390462424249], [30.481199950079088, 37.38444361341296], [30.480660960908608, 37.38444361341296], [30.480660960908608, 37.384982602583435], [30.481199950079088, 37.384982602583435], [30.481199950079088, 37.38552159175391], [30.480660960908608, 37.38552159175391], [30.480660960908608, 37.38606058092438], [30.479582982567678, 37.38606058092438], [30.479582982567678, 37.38552159175391], [30.479043993397198, 37.38552159175391], [30.479043993397198, 37.384982602583435], [30.478505004226747, 37.384982602583435], [30.478505004226747, 37.38606058092438], [30.479043993397198, 37.38606058092438], [30.479043993397198, 37.387138559265324], [30.477966015056268, 37.387138559265324], [30.477966015056268, 37.384982602583435], [30.47742702588579, 37.384982602583435], [30.47742702588579, 37.38552159175391], [30.476349047544858, 37.38552159175391], [30.476349047544858, 37.384982602583435], [30.47473208003342, 37.384982602583435], [30.47473208003342, 37.38444361341296], [30.47257612335156, 37.38444361341296], [30.47257612335156, 37.38606058092438], [30.47311511252201, 37.38606058092438], [30.47311511252201, 37.387138559265324], [30.47203713418108, 37.387138559265324], [30.47203713418108, 37.38659957009485], [30.46988117749919, 37.38659957009485], [30.46988117749919, 37.38606058092438], [30.46718623164682, 37.38606058092438], [30.46718623164682, 37.38552159175391], [30.46610825330589, 37.38552159175391], [30.46610825330589, 37.384982602583435], [30.46718623164682, 37.384982602583435], [30.46718623164682, 37.38552159175391], [30.4714981450106, 37.38552159175391], [30.4714981450106, 37.384982602583435], [30.47042016666967, 37.384982602583435], [30.47042016666967, 37.38444361341296], [30.47095915584012, 37.38444361341296], [30.47095915584012, 37.38390462424249], [30.4714981450106, 37.38390462424249], [30.4714981450106, 37.382826645901545], [30.46934218832871, 37.382826645901545], [30.46934218832871, 37.38336563507202], [30.46880319915823, 37.38336563507202], [30.46880319915823, 37.38444361341296], [30.46826420998778, 37.38444361341296], [30.46826420998778, 37.38336563507202], [30.4677252208173, 37.38336563507202], [30.4677252208173, 37.38390462424249], [30.46664724247637, 37.38390462424249], [30.46664724247637, 37.38336563507202], [30.46718623164682, 37.38336563507202], [30.46718623164682, 37.382826645901545], [30.4677252208173, 37.382826645901545], [30.4677252208173, 37.3817486675606], [30.46826420998778, 37.3817486675606], [30.46826420998778, 37.38228765673107], [30.46880319915823, 37.38228765673107], [30.46880319915823, 37.3817486675606], [30.46988117749919, 37.3817486675606], [30.46988117749919, 37.38228765673107], [30.47365410169249, 37.38228765673107], [30.47365410169249, 37.3817486675606], [30.47419309086297, 37.3817486675606], [30.47419309086297, 37.38228765673107], [30.47473208003342, 37.38228765673107], [30.47473208003342, 37.382826645901545], [30.47311511252201, 37.382826645901545], [30.47311511252201, 37.38336563507202], [30.47419309086297, 37.38336563507202], [30.47419309086297, 37.38390462424249], [30.47688803671531, 37.38390462424249], [30.47688803671531, 37.382826645901545], [30.480660960908608, 37.382826645901545], [30.480660960908608, 37.38228765673107], [30.481738939249567, 37.38228765673107], [30.481738939249567, 37.3817486675606], [30.481199950079088, 37.3817486675606], [30.481199950079088, 37.381209678390135]], [[30.480660960908608, 37.384982602583435], [30.480660960908608, 37.38552159175391], [30.479582982567678, 37.38552159175391], [30.479582982567678, 37.384982602583435], [30.480660960908608, 37.384982602583435]], [[30.47688803671531, 37.38444361341296], [30.47688803671531, 37.384982602583435], [30.476349047544858, 37.384982602583435], [30.476349047544858, 37.38444361341296], [30.47688803671531, 37.38444361341296]], [[30.479582982567678, 37.38444361341296], [30.479582982567678, 37.384982602583435], [30.479043993397198, 37.384982602583435], [30.479043993397198, 37.38444361341296], [30.479582982567678, 37.38444361341296]], [[30.478505004226747, 37.38390462424249], [30.478505004226747, 37.38444361341296], [30.477966015056268, 37.38444361341296], [30.477966015056268, 37.38390462424249], [30.478505004226747, 37.38390462424249]], [[30.480660960908608, 37.38336563507202], [30.480660960908608, 37.38444361341296], [30.480121971738157, 37.38444361341296], [30.480121971738157, 37.38336563507202], [30.480660960908608, 37.38336563507202]], [[30.46880319915823, 37.382826645901545], [30.46880319915823, 37.38336563507202], [30.46826420998778, 37.38336563507202], [30.46826420998778, 37.382826645901545], [30.46880319915823, 37.382826645901545]]]}, "id": "+390514+86492", "properties": {"area_ha": 37.959541956941585, "count": 133, "label": 1, "mean_dnbr": 0.23984983038012736}}, {"type": "Feature", "geometry": {"geodesic": false, "type": "Polygon", "coordinates": [[[30.481199950079088, 37.36180606825315], [30.483355906760977, 37.36180606825315], [30.483355906760977, 37.36342303576457], [30.483894895931456, 37.36342303576457], [30.483894895931456, 37.3628840465941], [30.486589841783797, 37.3628840465941], [30.486589841783797, 37.362345057423624], [30.487128830954276, 37.362345057423624], [30.487128830954276, 37.3628840465941], [30.487667820124756, 37.3628840465941], [30.487667820124756, 37.362345057423624], [30.490901755147576, 37.362345057423624], [30.490901755147576, 37.3628840465941], [30.491979733488535, 37.3628840465941], [30.491979733488535, 37.362345057423624], [30.492518722658986, 37.362345057423624], [30.492518722658986, 37.3628840465941], [30.493596700999944, 37.3628840465941], [30.493596700999944, 37.363962024935034], [30.489823776806645, 37.363962024935034], [30.489823776806645, 37.36450101410551], [30.495213668511354, 37.36450101410551], [30.495213668511354, 37.363962024935034], [30.495752657681834, 37.363962024935034], [30.495752657681834, 37.36450101410551], [30.495213668511354, 37.36450101410551], [30.495213668511354, 37.36504000327598], [30.495752657681834, 37.36504000327598], [30.495752657681834, 37.36557899244645], [30.497369625193244, 37.36557899244645], [30.497369625193244, 37.366117981616924], [30.495752657681834, 37.366117981616924], [30.495752657681834, 37.36557899244645], [30.494135690170424, 37.36557899244645], [30.494135690170424, 37.366117981616924], [30.493057711829465, 37.366117981616924], [30.493057711829465, 37.366656970787396], [30.492518722658986, 37.366656970787396], [30.492518722658986, 37.36773494912834], [30.491979733488535, 37.36773494912834], [30.491979733488535, 37.36827393829881], [30.492518722658986, 37.36827393829881], [30.492518722658986, 37.36935191663976], [30.491979733488535, 37.36935191663976], [30.491979733488535, 37.36989090581022], [30.491440744318055, 37.36989090581022], [30.491440744318055, 37.368812927469286], [30.490901755147576, 37.368812927469286], [30.490901755147576, 37.36827393829881], [30.491440744318055, 37.36827393829881], [30.491440744318055, 37.366656970787396], [30.490901755147576, 37.366656970787396], [30.490901755147576, 37.36719595995787], [30.490362765977125, 37.36719595995787], [30.490362765977125, 37.366656970787396], [30.489284787636166, 37.366656970787396], [30.489284787636166, 37.368812927469286], [30.488745798465686, 37.368812927469286], [30.488745798465686, 37.36935191663976], [30.487667820124756, 37.36935191663976], [30.487667820124756, 37.36773494912834], [30.488206809295235, 37.36773494912834], [30.488206809295235, 37.36557899244645], [30.491979733488535, 37.36557899244645], [30.491979733488535, 37.366117981616924], [30.493057711829465, 37.366117981616924], [30.493057711829465, 37.36557899244645], [30.494135690170424, 37.36557899244645], [30.494135690170424, 37.36504000327598], [30.489284787636166, 37.36504000327598], [30.489284787636166, 37.36450101410551], [30.483894895931456, 37.36450101410551], [30.483894895931456, 37.366117981616924], [30.482277928420046, 37.366117981616924], [30.482277928420046, 37.363962024935034], [30.480660960908608, 37.363962024935034], [30.480660960908608, 37.36342303576457], [30.481199950079088, 37.36342303576457], [30.481199950079088, 37.36180606825315]], [[30.491979733488535, 37.36827393829881], [30.491979733488535, 37.368812927469286], [30.491440744318055, 37.368812927469286], [30.491440744318055, 37.36827393829881], [30.491979733488535, 37.36827393829881]]]}, "id": "+390514+86528", "properties": {"area_ha": 41.10977297121543, "count": 144, "label": 1, "mean_dnbr": 0.21893285131265583}}, {"type": "Feature", "geometry": {"geodesic": false, "type": "Polygon", "coordinates": [[[30.482816917590497, 37.230292710658055], [30.483355906760977, 37.230292710658055], [30.483355906760977, 37.231909678169465], [30.483894895931456, 37.231909678169465], [30.483894895931456, 37.23137068899899], [30.484433885101936, 37.23137068899899], [30.484433885101936, 37.23083169982853], [30.486589841783797, 37.23083169982853], [30.486589841783797, 37.23137068899899], [30.487128830954276, 37.23137068899899], [30.487128830954276, 37.231909678169465], [30.486050852613346, 37.231909678169465], [30.486050852613346, 37.23244866733994], [30.487128830954276, 37.23244866733994], [30.487128830954276, 37.23298765651041], [30.487667820124756, 37.23298765651041], [30.487667820124756, 37.23352664568088], [30.489823776806645, 37.23352664568088], [30.489823776806645, 37.234065634851355], [30.487667820124756, 37.234065634851355], [30.487667820124756, 37.23352664568088], [30.485511863442866, 37.23352664568088], [30.485511863442866, 37.23298765651041], [30.483355906760977, 37.23298765651041], [30.483355906760977, 37.23352664568088], [30.483894895931456, 37.23352664568088], [30.483894895931456, 37.234065634851355], [30.483355906760977, 37.234065634851355], [30.483355906760977, 37.23352664568088], [30.482816917590497, 37.23352664568088], [30.482816917590497, 37.230292710658055]], [[30.484433885101936, 37.231909678169465], [30.484433885101936, 37.23244866733994], [30.483894895931456, 37.23244866733994], [30.483894895931456, 37.231909678169465], [30.484433885101936, 37.231909678169465]]]}, "id": "+390514+86772", "properties": {"area_ha": 10.295548763190318, "count": 36, "label": 1, "mean_dnbr": 0.21386764435989425}}, {"type": "Feature", "geometry": {"geodesic": false, "type": "Polygon", "coordinates": [[[30.483355906760977, 37.36827393829881], [30.484433885101936, 37.36827393829881], [30.484433885101936, 37.36989090581022], [30.482816917590497, 37.36989090581022], [30.482816917590497, 37.370429894980695], [30.481738939249567, 37.370429894980695], [30.481738939249567, 37.36989090581022], [30.480660960908608, 37.36989090581022], [30.480660960908608, 37.370429894980695], [30.479043993397198, 37.370429894980695], [30.479043993397198, 37.36989090581022], [30.479582982567678, 37.36989090581022], [30.479582982567678, 37.36935191663976], [30.479043993397198, 37.36935191663976], [30.479043993397198, 37.368812927469286], [30.483355906760977, 37.368812927469286], [30.483355906760977, 37.36827393829881]]]}, "id": "+390516+86516", "properties": {"area_ha": 7.422082402130083, "count": 26, "label": 1, "mean_dnbr": 0.22817611711996014}}, {"type": "Feature", "geometry": {"geodesic": false, "type": "Polygon", "coordinates": [[[30.480660960908608, 37.366656970787396], [30.484433885101936, 37.366656970787396], [30.484433885101936, 37.36719595995787], [30.487128830954276, 37.36719595995787], [30.487128830954276, 37.36773494912834], [30.485511863442866, 37.36773494912834], [30.485511863442866, 37.36827393829881], [30.487128830954276, 37.36827393829881], [30.487128830954276, 37.368812927469286], [30.486589841783797, 37.368812927469286], [30.486589841783797, 37.36989090581022], [30.486050852613346, 37.36989090581022], [30.486050852613346, 37.36935191663976], [30.485511863442866, 37.36935191663976], [30.485511863442866, 37.36989090581022], [30.484972874272387, 37.36989090581022], [30.484972874272387, 37.36773494912834], [30.483355906760977, 37.36773494912834], [30.483355906760977, 37.36719595995787], [30.481199950079088, 37.36719595995787], [30.481199950079088, 37.36773494912834], [30.479582982567678, 37.36773494912834], [30.479582982567678, 37.36719595995787], [30.480660960908608, 37.36719595995787], [30.480660960908608, 37.366656970787396]]]}, "id": "+390516+86519", "properties": {"area_ha": 7.707722698680492, "count": 27, "label": 1, "mean_dnbr": 0.20587589201866852}}, {"type": "Feature", "geometry": {"geodesic": false, "type": "Polygon", "coordinates": [[[30.47311511252201, 37.356416176548436], [30.47311511252201, 37.35695516571891], [30.47203713418108, 37.35695516571891], [30.47203713418108, 37.35749415488938], [30.47311511252201, 37.35749415488938], [30.47311511252201, 37.358033144059846], [30.4752710692039, 37.358033144059846], [30.4752710692039, 37.35695516571891], [30.47581005837438, 37.35695516571891], [30.47581005837438, 37.35533819820749], [30.4752710692039, 37.35533819820749], [30.4752710692039, 37.35479920903702], [30.47581005837438, 37.35479920903702], [30.47581005837438, 37.354260219866546], [30.476349047544858, 37.354260219866546], [30.476349047544858, 37.35479920903702], [30.47581005837438, 37.35479920903702], [30.47581005837438, 37.35533819820749], [30.47688803671531, 37.35533819820749], [30.47688803671531, 37.35479920903702], [30.47742702588579, 37.35479920903702], [30.47742702588579, 37.3531822415256], [30.479043993397198, 37.3531822415256], [30.479043993397198, 37.354260219866546], [30.479582982567678, 37.354260219866546], [30.479582982567678, 37.3531822415256], [30.482816917590497, 37.3531822415256], [30.482816917590497, 37.35264325235513], [30.484433885101936, 37.35264325235513], [30.484433885101936, 37.3531822415256], [30.482816917590497, 37.3531822415256], [30.482816917590497, 37.353721230696074], [30.481738939249567, 37.353721230696074], [30.481738939249567, 37.354260219866546], [30.482816917590497, 37.354260219866546], [30.482816917590497, 37.35695516571891], [30.482277928420046, 37.35695516571891], [30.482277928420046, 37.356416176548436], [30.481199950079088, 37.356416176548436], [30.481199950079088, 37.35587718737796], [30.480660960908608, 37.35587718737796], [30.480660960908608, 37.35479920903702], [30.480121971738157, 37.35479920903702], [30.480121971738157, 37.354260219866546], [30.479582982567678, 37.354260219866546], [30.479582982567678, 37.35533819820749], [30.479043993397198, 37.35533819820749], [30.479043993397198, 37.35479920903702], [30.478505004226747, 37.35479920903702], [30.478505004226747, 37.35533819820749], [30.477966015056268, 37.35533819820749], [30.477966015056268, 37.35587718737796], [30.478505004226747, 37.35587718737796], [30.478505004226747, 37.356416176548436], [30.47742702588579, 37.356416176548436], [30.47742702588579, 37.35749415488938], [30.47688803671531, 37.35749415488938], [30.47688803671531, 37.35965011157126], [30.476349047544858, 37.35965011157126], [30.476349047544858, 37.35911112240079], [30.47581005837438, 37.35911112240079], [30.47581005837438, 37.360189100741735], [30.476349047544858, 37.360189100741735], [30.476349047544858, 37.36126707908268], [30.47581005837438, 37.36126707908268], [30.47581005837438, 37.36180606825315], [30.4752710692039, 37.36180606825315], [30.4752710692039, 37.36126707908268], [30.47581005837438, 37.36126707908268], [30.47581005837438, 37.36072808991221], [30.4752710692039, 37.36072808991221], [30.4752710692039, 37.360189100741735], [30.47473208003342, 37.360189100741735], [30.47473208003342, 37.35965011157126], [30.4752710692039, 37.35965011157126], [30.4752710692039, 37.35911112240079], [30.47365410169249, 37.35911112240079], [30.47365410169249, 37.35965011157126], [30.47311511252201, 37.35965011157126], [30.47311511252201, 37.360189100741735], [30.47365410169249, 37.360189100741735], [30.47365410169249, 37.36072808991221], [30.47095915584012, 37.36072808991221], [30.47095915584012, 37.360189100741735], [30.47042016666967, 37.360189100741735], [30.47042016666967, 37.35965011157126], [30.46880319915823, 37.35965011157126], [30.46880319915823, 37.35911112240079], [30.4677252208173, 37.35911112240079], [30.4677252208173, 37.35857213323032], [30.46934218832871, 37.35857213323032], [30.46934218832871, 37.358033144059846], [30.46880319915823, 37.358033144059846], [30.46880319915823, 37.35749415488938], [30.46988117749919, 37.35749415488938], [30.46988117749919, 37.35695516571891], [30.46880319915823, 37.35695516571891], [30.46880319915823, 37.356416176548436], [30.46988117749919, 37.356416176548436], [30.46988117749919, 37.35695516571891], [30.47042016666967, 37.35695516571891], [30.47042016666967, 37.35587718737796], [30.47095915584012, 37.35587718737796], [30.47095915584012, 37.35533819820749], [30.47203713418108, 37.35533819820749], [30.47203713418108, 37.35479920903702], [30.47257612335156, 37.35479920903702], [30.47257612335156, 37.356416176548436], [30.47311511252201, 37.356416176548436]], [[30.47311511252201, 37.358033144059846], [30.47311511252201, 37.35857213323032], [30.47365410169249, 37.35857213323032], [30.47365410169249, 37.35911112240079], [30.47257612335156, 37.35911112240079], [30.47257612335156, 37.35857213323032], [30.47203713418108, 37.35857213323032], [30.47203713418108, 37.358033144059846], [30.47311511252201, 37.358033144059846]], [[30.4714981450106, 37.35749415488938], [30.4714981450106, 37.35965011157126], [30.47095915584012, 37.35965011157126], [30.47095915584012, 37.35911112240079], [30.47042016666967, 37.35911112240079], [30.47042016666967, 37.35857213323032], [30.47095915584012, 37.35857213323032], [30.47095915584012, 37.358033144059846], [30.47042016666967, 37.358033144059846], [30.47042016666967, 37.35749415488938], [30.4714981450106, 37.35749415488938]], [[30.481738939249567, 37.354260219866546], [30.481738939249567, 37.35479920903702], [30.481199950079088, 37.35479920903702], [30.481199950079088, 37.354260219866546], [30.481738939249567, 37.354260219866546]]]}, "id": "+390516+86545", "properties": {"area_ha": 39.686459649172, "count": 139, "label": 1, "mean_dnbr": 0.21634091873614006}}, {"type": "Feature", "geometry": {"geodesic": false, "type": "Polygon", "coordinates": [[[30.483894895931456, 37.31599198876305], [30.484433885101936, 37.31599198876305], [30.484433885101936, 37.317069967104], [30.486050852613346, 37.317069967104], [30.486050852613346, 37.31814794544494], [30.486589841783797, 37.31814794544494], [30.486589841783797, 37.319225923785886], [30.483355906760977, 37.319225923785886], [30.483355906760977, 37.31814794544494], [30.483894895931456, 37.31814794544494], [30.483894895931456, 37.317069967104], [30.483355906760977, 37.317069967104], [30.483355906760977, 37.316530977933525], [30.483894895931456, 37.316530977933525], [30.483894895931456, 37.31599198876305]]]}, "id": "+390516+86613", "properties": {"area_ha": 6.57024637416848, "count": 23, "label": 1, "mean_dnbr": 0.22934211199478508}}, {"type": "Feature", "geometry": {"geodesic": false, "type": "Polygon", "coordinates": [[[30.484433885101936, 37.38983350511768], [30.484972874272387, 37.38983350511768], [30.484972874272387, 37.39037249428815], [30.485511863442866, 37.39037249428815], [30.485511863442866, 37.39091148345862], [30.486050852613346, 37.39091148345862], [30.486050852613346, 37.391450472629096], [30.485511863442866, 37.391450472629096], [30.485511863442866, 37.39252845097004], [30.486050852613346, 37.39252845097004], [30.486050852613346, 37.393606429310985], [30.484972874272387, 37.393606429310985], [30.484972874272387, 37.39252845097004], [30.483894895931456, 37.39252845097004], [30.483894895931456, 37.39198946179957], [30.482816917590497, 37.39198946179957], [30.482816917590497, 37.39091148345862], [30.483894895931456, 37.39091148345862], [30.483894895931456, 37.39037249428815], [30.484433885101936, 37.39037249428815], [30.484433885101936, 37.38983350511768]]]}, "id": "+390517+86476", "properties": {"area_ha": 6.278404074999234, "count": 22, "label": 1, "mean_dnbr": 0.28311743613637963}}, {"type": "Feature", "geometry": {"geodesic": false, "type": "Polygon", "coordinates": [[[30.486050852613346, 37.35695516571891], [30.484972874272387, 37.35695516571891], [30.484972874272387, 37.356416176548436], [30.483894895931456, 37.356416176548436], [30.483894895931456, 37.35587718737796], [30.483355906760977, 37.35587718737796], [30.483355906760977, 37.35533819820749], [30.486050852613346, 37.35533819820749], [30.486050852613346, 37.35695516571891]]]}, "id": "+390519+86540", "properties": {"area_ha": 3.1406829305597577, "count": 11, "label": 1, "mean_dnbr": 0.24303440577345856}}, {"type": "Feature", "geometry": {"geodesic": false, "type": "Polygon", "coordinates": [[[30.485511863442866, 37.3494093173323], [30.486050852613346, 37.3494093173323], [30.486050852613346, 37.349948306502775], [30.487128830954276, 37.349948306502775], [30.487128830954276, 37.35048729567325], [30.487667820124756, 37.35048729567325], [30.487667820124756, 37.35102628484372], [30.488745798465686, 37.35102628484372], [30.488745798465686, 37.351565274014185], [30.484433885101936, 37.351565274014185], [30.484433885101936, 37.35102628484372], [30.483894895931456, 37.35102628484372], [30.483894895931456, 37.349948306502775], [30.484972874272387, 37.349948306502775], [30.484972874272387, 37.35048729567325], [30.484433885101936, 37.35048729567325], [30.484433885101936, 37.35102628484372], [30.486050852613346, 37.35102628484372], [30.486050852613346, 37.35048729567325], [30.485511863442866, 37.35048729567325], [30.485511863442866, 37.3494093173323]]]}, "id": "+390519+86551", "properties": {"area_ha": 5.139725204444327, "count": 18, "label": 1, "mean_dnbr": 0.17872969592603666}}, {"type": "Feature", "geometry": {"geodesic": false, "type": "Polygon", "coordinates": [[[30.484433885101936, 37.211428089691545], [30.486050852613346, 37.211428089691545], [30.486050852613346, 37.21250606803249], [30.485511863442866, 37.21250606803249], [30.485511863442866, 37.2141230355439], [30.484972874272387, 37.2141230355439], [30.484972874272387, 37.21358404637343], [30.484433885101936, 37.21358404637343], [30.484433885101936, 37.213045057202955], [30.482816917590497, 37.213045057202955], [30.482816917590497, 37.21250606803249], [30.484433885101936, 37.21250606803249], [30.484433885101936, 37.211428089691545]]]}, "id": "+390519+86807", "properties": {"area_ha": 4.004870135156829, "count": 14, "label": 1, "mean_dnbr": 0.25389302255043206}}, {"type": "Feature", "geometry": {"geodesic": false, "type": "Polygon", "coordinates": [[[30.484433885101936, 37.2065771871573], [30.486589841783797, 37.2065771871573], [30.486589841783797, 37.20819415466871], [30.486050852613346, 37.20819415466871], [30.486050852613346, 37.209272133009655], [30.486589841783797, 37.209272133009655], [30.486589841783797, 37.20873314383918], [30.487128830954276, 37.20873314383918], [30.487128830954276, 37.209272133009655], [30.487667820124756, 37.209272133009655], [30.487667820124756, 37.2103501113506], [30.486050852613346, 37.2103501113506], [30.486050852613346, 37.20981112218013], [30.485511863442866, 37.20981112218013], [30.485511863442866, 37.209272133009655], [30.484433885101936, 37.209272133009655], [30.484433885101936, 37.20873314383918], [30.484972874272387, 37.20873314383918], [30.484972874272387, 37.20819415466871], [30.485511863442866, 37.20819415466871], [30.485511863442866, 37.20765516549824], [30.484972874272387, 37.20765516549824], [30.484972874272387, 37.207116176327766], [30.484433885101936, 37.207116176327766], [30.484433885101936, 37.20819415466871], [30.483894895931456, 37.20819415466871], [30.483894895931456, 37.20765516549824], [30.483355906760977, 37.20765516549824], [30.483355906760977, 37.20873314383918], [30.483894895931456, 37.20873314383918], [30.483894895931456, 37.209272133009655], [30.483355906760977, 37.209272133009655], [30.483355906760977, 37.20873314383918], [30.482277928420046, 37.20873314383918], [30.482277928420046, 37.20765516549824], [30.481738939249567, 37.20765516549824], [30.481738939249567, 37.207116176327766], [30.482816917590497, 37.207116176327766], [30.482816917590497, 37.2065771871573], [30.483355906760977, 37.2065771871573], [30.483355906760977, 37.207116176327766], [30.484433885101936, 37.207116176327766], [30.484433885101936, 37.2065771871573]], [[30.487128830954276, 37.209272133009655], [30.487128830954276, 37.20981112218013], [30.486589841783797, 37.20981112218013], [30.486589841783797, 37.209272133009655], [30.487128830954276, 37.209272133009655]]]}, "id": "+390520+86816", "properties": {"area_ha": 9.440601330823112, "count": 33, "label": 1, "mean_dnbr": 0.2137605159699421}}, {"type": "Feature", "geometry": {"geodesic": false, "type": "Polygon", "coordinates": [[[30.486589841783797, 37.344019425627586], [30.487128830954276, 37.344019425627586], [30.487128830954276, 37.34509740396853], [30.484433885101936, 37.34509740396853], [30.484433885101936, 37.345636393138996], [30.487667820124756, 37.345636393138996], [30.487667820124756, 37.34617538230947], [30.488206809295235, 37.34617538230947], [30.488206809295235, 37.345636393138996], [30.488745798465686, 37.345636393138996], [30.488745798465686, 37.34617538230947], [30.489823776806645, 37.34617538230947], [30.489823776806645, 37.34509740396853], [30.490362765977125, 37.34509740396853], [30.490362765977125, 37.345636393138996], [30.492518722658986, 37.345636393138996], [30.492518722658986, 37.34509740396853], [30.493057711829465, 37.34509740396853], [30.493057711829465, 37.345636393138996], [30.492518722658986, 37.345636393138996], [30.492518722658986, 37.34617538230947], [30.490362765977125, 37.34617538230947], [30.490362765977125, 37.34671437147994], [30.487128830954276, 37.34671437147994], [30.487128830954276, 37.34617538230947], [30.486589841783797, 37.34617538230947], [30.486589841783797, 37.34671437147994], [30.485511863442866, 37.34671437147994], [30.485511863442866, 37.34617538230947], [30.482816917590497, 37.34617538230947], [30.482816917590497, 37.345636393138996], [30.483355906760977, 37.345636393138996], [30.483355906760977, 37.34509740396853], [30.482816917590497, 37.34509740396853], [30.482816917590497, 37.34455841479806], [30.483355906760977, 37.34455841479806], [30.483355906760977, 37.344019425627586], [30.486050852613346, 37.344019425627586], [30.486050852613346, 37.34455841479806], [30.486589841783797, 37.34455841479806], [30.486589841783797, 37.344019425627586]]]}, "id": "+390521+86561", "properties": {"area_ha": 11.707873781915975, "count": 41, "label": 1, "mean_dnbr": 0.221345575765437}}, {"type": "Feature", "geometry": {"geodesic": false, "type": "Polygon", "coordinates": [[[30.486589841783797, 37.256703180011165], [30.487128830954276, 37.256703180011165], [30.487128830954276, 37.25778115835211], [30.486589841783797, 37.25778115835211], [30.486589841783797, 37.25832014752258], [30.484972874272387, 37.25832014752258], [30.484972874272387, 37.25778115835211], [30.483355906760977, 37.25778115835211], [30.483355906760977, 37.25724216918164], [30.483894895931456, 37.25724216918164], [30.483894895931456, 37.256703180011165], [30.484433885101936, 37.256703180011165], [30.484433885101936, 37.25724216918164], [30.486589841783797, 37.25724216918164], [30.486589841783797, 37.256703180011165]]]}, "id": "+390521+86723", "properties": {"area_ha": 3.4306995557979514, "count": 12, "label": 1, "mean_dnbr": 0.23475166020929658}}, {"type": "Feature", "geometry": {"geodesic": false, "type": "Polygon", "coordinates": [[[30.486050852613346, 37.23460462402183], [30.487128830954276, 37.23460462402183], [30.487128830954276, 37.23568260236277], [30.487667820124756, 37.23568260236277], [30.487667820124756, 37.236221591533244], [30.484433885101936, 37.236221591533244], [30.484433885101936, 37.23568260236277], [30.485511863442866, 37.23568260236277], [30.485511863442866, 37.2351436131923], [30.483894895931456, 37.2351436131923], [30.483894895931456, 37.23460462402183], [30.485511863442866, 37.23460462402183], [30.485511863442866, 37.2351436131923], [30.486050852613346, 37.2351436131923], [30.486050852613346, 37.23460462402183]], [[30.486589841783797, 37.2351436131923], [30.486589841783797, 37.23568260236277], [30.486050852613346, 37.23568260236277], [30.486050852613346, 37.2351436131923], [30.486589841783797, 37.2351436131923]]]}, "id": "+390521+86764", "properties": {"area_ha": 3.7177041774334443, "count": 13, "label": 1, "mean_dnbr": 0.1797038669252533}}, {"type": "Feature", "geometry": {"geodesic": false, "type": "Polygon", "coordinates": [[[30.483894895931456, 37.21897393807814], [30.487128830954276, 37.21897393807814], [30.487128830954276, 37.22059090558956], [30.487667820124756, 37.22059090558956], [30.487667820124756, 37.22005191641909], [30.488206809295235, 37.22005191641909], [30.488206809295235, 37.22059090558956], [30.487667820124756, 37.22059090558956], [30.487667820124756, 37.22112989476003], [30.487128830954276, 37.22112989476003], [30.487128830954276, 37.221668883930505], [30.485511863442866, 37.221668883930505], [30.485511863442866, 37.22112989476003], [30.486050852613346, 37.22112989476003], [30.486050852613346, 37.22059090558956], [30.485511863442866, 37.22059090558956], [30.485511863442866, 37.22005191641909], [30.483894895931456, 37.22005191641909], [30.483894895931456, 37.21897393807814]], [[30.486589841783797, 37.219512927248616], [30.486589841783797, 37.22005191641909], [30.485511863442866, 37.22005191641909], [30.485511863442866, 37.219512927248616], [30.486589841783797, 37.219512927248616]]]}, "id": "+390521+86793", "properties": {"area_ha": 5.720656725503653, "count": 20, "label": 1, "mean_dnbr": 0.2100558874668599}}, {"type": "Feature", "geometry": {"geodesic": false, "type": "Polygon", "coordinates": [[[30.484972874272387, 37.33323964221815], [30.487667820124756, 37.33323964221815], [30.487667820124756, 37.33431762055909], [30.488745798465686, 37.33431762055909], [30.488745798465686, 37.33485660972956], [30.488206809295235, 37.33485660972956], [30.488206809295235, 37.33593458807051], [30.487128830954276, 37.33593458807051], [30.487128830954276, 37.33647357724098], [30.487667820124756, 37.33647357724098], [30.487667820124756, 37.33701256641145], [30.486589841783797, 37.33701256641145], [30.486589841783797, 37.33593458807051], [30.486050852613346, 37.33593458807051], [30.486050852613346, 37.335395598900035], [30.487667820124756, 37.335395598900035], [30.487667820124756, 37.33431762055909], [30.486050852613346, 37.33431762055909], [30.486050852613346, 37.33377863138862], [30.484972874272387, 37.33377863138862], [30.484972874272387, 37.33323964221815]]]}, "id": "+390522+86581", "properties": {"area_ha": 5.14075817823463, "count": 18, "label": 1, "mean_dnbr": 0.23677578875161376}}, {"type": "Feature", "geometry": {"geodesic": false, "type": "Polygon", "coordinates": [[[30.487667820124756, 37.32407682632013], [30.488206809295235, 37.32407682632013], [30.488206809295235, 37.325154804661075], [30.488745798465686, 37.325154804661075], [30.488745798465686, 37.32569379383155], [30.489284787636166, 37.32569379383155], [30.489284787636166, 37.32623278300202], [30.490362765977125, 37.32623278300202], [30.490362765977125, 37.32784975051343], [30.489823776806645, 37.32784975051343], [30.489823776806645, 37.327310761342964], [30.489284787636166, 37.327310761342964], [30.489284787636166, 37.32784975051343], [30.488206809295235, 37.32784975051343], [30.488206809295235, 37.327310761342964], [30.487667820124756, 37.327310761342964], [30.487667820124756, 37.32784975051343], [30.487128830954276, 37.32784975051343], [30.487128830954276, 37.32946671802485], [30.486050852613346, 37.32946671802485], [30.486050852613346, 37.3283887396839], [30.484972874272387, 37.3283887396839], [30.484972874272387, 37.328927728854374], [30.484433885101936, 37.328927728854374], [30.484433885101936, 37.331083685536264], [30.484972874272387, 37.331083685536264], [30.484972874272387, 37.331622674706736], [30.483894895931456, 37.331622674706736], [30.483894895931456, 37.331083685536264], [30.482277928420046, 37.331083685536264], [30.482277928420046, 37.331622674706736], [30.481738939249567, 37.331622674706736], [30.481738939249567, 37.328927728854374], [30.482816917590497, 37.328927728854374], [30.482816917590497, 37.33000570719532], [30.483355906760977, 37.33000570719532], [30.483355906760977, 37.328927728854374], [30.483894895931456, 37.328927728854374], [30.483894895931456, 37.32677177217249], [30.484433885101936, 37.32677177217249], [30.484433885101936, 37.325154804661075], [30.484972874272387, 37.325154804661075], [30.484972874272387, 37.3246158154906], [30.485511863442866, 37.3246158154906], [30.485511863442866, 37.325154804661075], [30.486589841783797, 37.325154804661075], [30.486589841783797, 37.3246158154906], [30.487128830954276, 37.3246158154906], [30.487128830954276, 37.325154804661075], [30.487667820124756, 37.325154804661075], [30.487667820124756, 37.32407682632013]], [[30.484972874272387, 37.32677177217249], [30.484972874272387, 37.327310761342964], [30.484433885101936, 37.327310761342964], [30.484433885101936, 37.32677177217249], [30.484972874272387, 37.32677177217249]], [[30.486589841783797, 37.32677177217249], [30.486589841783797, 37.327310761342964], [30.486050852613346, 37.327310761342964], [30.486050852613346, 37.32784975051343], [30.485511863442866, 37.32784975051343], [30.485511863442866, 37.32677177217249], [30.486589841783797, 37.32677177217249]], [[30.487128830954276, 37.32569379383155], [30.487128830954276, 37.32677177217249], [30.486589841783797, 37.32677177217249], [30.486589841783797, 37.32569379383155], [30.487128830954276, 37.32569379383155]]]}, "id": "+390523+86598", "properties": {"area_ha": 23.135653517340444, "count": 81, "label": 1, "mean_dnbr": 0.2664751247458077}}, {"type": "Feature", "geometry": {"geodesic": false, "type": "Polygon", "coordinates": [[[30.487667820124756, 37.321381880467776], [30.488206809295235, 37.321381880467776], [30.488206809295235, 37.32192086963824], [30.487667820124756, 37.32192086963824], [30.487667820124756, 37.32245985880871], [30.488206809295235, 37.32245985880871], [30.488206809295235, 37.322998847979186], [30.487667820124756, 37.322998847979186], [30.487667820124756, 37.32353783714966], [30.487128830954276, 37.32353783714966], [30.487128830954276, 37.32407682632013], [30.485511863442866, 37.32407682632013], [30.485511863442866, 37.322998847979186], [30.486050852613346, 37.322998847979186], [30.486050852613346, 37.32245985880871], [30.487128830954276, 37.32245985880871], [30.487128830954276, 37.32192086963824], [30.487667820124756, 37.32192086963824], [30.487667820124756, 37.321381880467776]]]}, "id": "+390523+86603", "properties": {"area_ha": 3.71336220445585, "count": 13, "label": 1, "mean_dnbr": 0.2548199901481281}}, {"type": "Feature", "geometry": {"geodesic": false, "type": "Polygon", "coordinates": [[[30.487667820124756, 37.33970751226381], [30.488745798465686, 37.33970751226381], [30.488745798465686, 37.34024650143428], [30.490901755147576, 37.34024650143428], [30.490901755147576, 37.34078549060475], [30.491440744318055, 37.34078549060475], [30.491440744318055, 37.34024650143428], [30.492518722658986, 37.34024650143428], [30.492518722658986, 37.34078549060475], [30.493057711829465, 37.34078549060475], [30.493057711829465, 37.341324479775224], [30.489823776806645, 37.341324479775224], [30.489823776806645, 37.34078549060475], [30.489284787636166, 37.34078549060475], [30.489284787636166, 37.341324479775224], [30.487667820124756, 37.341324479775224], [30.487667820124756, 37.34078549060475], [30.486050852613346, 37.34078549060475], [30.486050852613346, 37.33970751226381], [30.487128830954276, 37.33970751226381], [30.487128830954276, 37.34024650143428], [30.487667820124756, 37.34024650143428], [30.487667820124756, 37.33970751226381]]]}, "id": "+390524+86569", "properties": {"area_ha": 6.853847055709906, "count": 24, "label": 1, "mean_dnbr": 0.2057184309294882}}, {"type": "Feature", "geometry": {"geodesic": false, "type": "Polygon", "coordinates": [[[30.486050852613346, 37.331083685536264], [30.488745798465686, 37.331083685536264], [30.488745798465686, 37.331622674706736], [30.489284787636166, 37.331622674706736], [30.489284787636166, 37.33216166387721], [30.490901755147576, 37.33216166387721], [30.490901755147576, 37.33270065304768], [30.491440744318055, 37.33270065304768], [30.491440744318055, 37.33216166387721], [30.491979733488535, 37.33216166387721], [30.491979733488535, 37.33377863138862], [30.490901755147576, 37.33377863138862], [30.490901755147576, 37.33323964221815], [30.488745798465686, 37.33323964221815], [30.488745798465686, 37.33270065304768], [30.487667820124756, 37.33270065304768], [30.487667820124756, 37.33216166387721], [30.487128830954276, 37.33216166387721], [30.487128830954276, 37.33270065304768], [30.486589841783797, 37.33270065304768], [30.486589841783797, 37.331622674706736], [30.486050852613346, 37.331622674706736], [30.486050852613346, 37.331083685536264]]]}, "id": "+390524+86585", "properties": {"area_ha": 7.425792744107987, "count": 26, "label": 1, "mean_dnbr": 0.2636983985521618}}, {"type": "Feature", "geometry": {"geodesic": false, "type": "Polygon", "coordinates": [[[30.488206809295235, 37.22975372148758], [30.488745798465686, 37.22975372148758], [30.488745798465686, 37.23083169982853], [30.490362765977125, 37.23083169982853], [30.490362765977125, 37.231909678169465], [30.489823776806645, 37.231909678169465], [30.489823776806645, 37.23244866733994], [30.488206809295235, 37.23244866733994], [30.488206809295235, 37.231909678169465], [30.487667820124756, 37.231909678169465], [30.487667820124756, 37.23083169982853], [30.487128830954276, 37.23083169982853], [30.487128830954276, 37.230292710658055], [30.487667820124756, 37.230292710658055], [30.487667820124756, 37.23083169982853], [30.488206809295235, 37.23083169982853], [30.488206809295235, 37.22975372148758]], [[30.489284787636166, 37.23137068899899], [30.489284787636166, 37.231909678169465], [30.488745798465686, 37.231909678169465], [30.488745798465686, 37.23137068899899], [30.489284787636166, 37.23137068899899]]]}, "id": "+390524+86773", "properties": {"area_ha": 4.289869425449788, "count": 15, "label": 1, "mean_dnbr": 0.17479057046130256}}, {"type": "Feature", "geometry": {"geodesic": false, "type": "Polygon", "coordinates": [[[30.486589841783797, 37.42163386617551], [30.489823776806645, 37.42163386617551], [30.489823776806645, 37.422172855345984], [30.490362765977125, 37.422172855345984], [30.490362765977125, 37.42325083368693], [30.488206809295235, 37.42325083368693], [30.488206809295235, 37.422711844516456], [30.487667820124756, 37.422711844516456], [30.487667820124756, 37.422172855345984], [30.486589841783797, 37.422172855345984], [30.486589841783797, 37.42163386617551]]]}, "id": "+390526+86417", "properties": {"area_ha": 4.278959915130643, "count": 15, "label": 1, "mean_dnbr": 0.21473522891321817}}, {"type": "Feature", "geometry": {"geodesic": false, "type": "Polygon", "coordinates": [[[30.489284787636166, 37.21358404637343], [30.489823776806645, 37.21358404637343], [30.489823776806645, 37.2141230355439], [30.490362765977125, 37.2141230355439], [30.490362765977125, 37.21627899222579], [30.490901755147576, 37.21627899222579], [30.490901755147576, 37.217895959737206], [30.490362765977125, 37.217895959737206], [30.490362765977125, 37.21843494890768], [30.490901755147576, 37.21843494890768], [30.490901755147576, 37.219512927248616], [30.488745798465686, 37.219512927248616], [30.488745798465686, 37.21843494890768], [30.489284787636166, 37.21843494890768], [30.489284787636166, 37.217895959737206], [30.489823776806645, 37.217895959737206], [30.489823776806645, 37.21735697056673], [30.489284787636166, 37.21735697056673], [30.489284787636166, 37.21681798139626], [30.487667820124756, 37.21681798139626], [30.487667820124756, 37.215740003055316], [30.488745798465686, 37.215740003055316], [30.488745798465686, 37.215201013884844], [30.489284787636166, 37.215201013884844], [30.489284787636166, 37.21466202471437], [30.488745798465686, 37.21466202471437], [30.488745798465686, 37.2141230355439], [30.489284787636166, 37.2141230355439], [30.489284787636166, 37.21358404637343]]]}, "id": "+390526+86803", "properties": {"area_ha": 10.011633438789271, "count": 35, "label": 1, "mean_dnbr": 0.21684335374689429}}, {"type": "Feature", "geometry": {"geodesic": false, "type": "Polygon", "coordinates": [[[30.488745798465686, 37.207116176327766], [30.490362765977125, 37.207116176327766], [30.490362765977125, 37.20765516549824], [30.489823776806645, 37.20765516549824], [30.489823776806645, 37.20873314383918], [30.490362765977125, 37.20873314383918], [30.490362765977125, 37.20981112218013], [30.489823776806645, 37.20981112218013], [30.489823776806645, 37.20873314383918], [30.487667820124756, 37.20873314383918], [30.487667820124756, 37.207116176327766], [30.488206809295235, 37.207116176327766], [30.488206809295235, 37.20819415466871], [30.488745798465686, 37.20819415466871], [30.488745798465686, 37.207116176327766]]]}, "id": "+390527+86815", "properties": {"area_ha": 3.719033654694102, "count": 13, "label": 1, "mean_dnbr": 0.20982626453727}}, {"type": "Feature", "geometry": {"geodesic": false, "type": "Polygon", "coordinates": [[[30.490362765977125, 37.2351436131923], [30.490901755147576, 37.2351436131923], [30.490901755147576, 37.23568260236277], [30.490362765977125, 37.23568260236277], [30.490362765977125, 37.23676058070372], [30.491440744318055, 37.23676058070372], [30.491440744318055, 37.23729956987418], [30.490901755147576, 37.23729956987418], [30.490901755147576, 37.237838559044654], [30.491440744318055, 37.237838559044654], [30.491440744318055, 37.2389165373856], [30.491979733488535, 37.2389165373856], [30.491979733488535, 37.23999451572654], [30.490901755147576, 37.23999451572654], [30.490901755147576, 37.24107249406749], [30.490362765977125, 37.24107249406749], [30.490362765977125, 37.23999451572654], [30.489823776806645, 37.23999451572654], [30.489823776806645, 37.240533504897016], [30.489284787636166, 37.240533504897016], [30.489284787636166, 37.24161148323796], [30.489823776806645, 37.24161148323796], [30.489823776806645, 37.24215047240843], [30.490362765977125, 37.24215047240843], [30.490362765977125, 37.24322845074937], [30.490901755147576, 37.24322845074937], [30.490901755147576, 37.24376743991984], [30.491979733488535, 37.24376743991984], [30.491979733488535, 37.244306429090315], [30.491440744318055, 37.244306429090315], [30.491440744318055, 37.24484541826079], [30.490901755147576, 37.24484541826079], [30.490901755147576, 37.244306429090315], [30.489823776806645, 37.244306429090315], [30.489823776806645, 37.24376743991984], [30.488206809295235, 37.24376743991984], [30.488206809295235, 37.242689461578905], [30.487667820124756, 37.242689461578905], [30.487667820124756, 37.24215047240843], [30.487128830954276, 37.24215047240843], [30.487128830954276, 37.24107249406749], [30.487667820124756, 37.24107249406749], [30.487667820124756, 37.240533504897016], [30.486050852613346, 37.240533504897016], [30.486050852613346, 37.23945552655607], [30.485511863442866, 37.23945552655607], [30.485511863442866, 37.2389165373856], [30.484972874272387, 37.2389165373856], [30.484972874272387, 37.23837754821513], [30.484433885101936, 37.23837754821513], [30.484433885101936, 37.237838559044654], [30.484972874272387, 37.237838559044654], [30.484972874272387, 37.23729956987418], [30.485511863442866, 37.23729956987418], [30.485511863442866, 37.237838559044654], [30.486050852613346, 37.237838559044654], [30.486050852613346, 37.23837754821513], [30.486589841783797, 37.23837754821513], [30.486589841783797, 37.2389165373856], [30.487128830954276, 37.2389165373856], [30.487128830954276, 37.23837754821513], [30.488206809295235, 37.23837754821513], [30.488206809295235, 37.237838559044654], [30.488745798465686, 37.237838559044654], [30.488745798465686, 37.23837754821513], [30.490901755147576, 37.23837754821513], [30.490901755147576, 37.237838559044654], [30.489284787636166, 37.237838559044654], [30.489284787636166, 37.23676058070372], [30.489823776806645, 37.23676058070372], [30.489823776806645, 37.23568260236277], [30.490362765977125, 37.23568260236277], [30.490362765977125, 37.2351436131923]], [[30.490362765977125, 37.24322845074937], [30.490362765977125, 37.24376743991984], [30.489823776806645, 37.24376743991984], [30.489823776806645, 37.24322845074937], [30.490362765977125, 37.24322845074937]], [[30.489284787636166, 37.24161148323796], [30.489284787636166, 37.24215047240843], [30.488745798465686, 37.24215047240843], [30.488745798465686, 37.24161148323796], [30.489284787636166, 37.24161148323796]], [[30.488206809295235, 37.24107249406749], [30.488206809295235, 37.24161148323796], [30.487667820124756, 37.24161148323796], [30.487667820124756, 37.24107249406749], [30.488206809295235, 37.24107249406749]], [[30.488206809295235, 37.2389165373856], [30.488206809295235, 37.23945552655607], [30.487667820124756, 37.23945552655607], [30.487667820124756, 37.2389165373856], [30.488206809295235, 37.2389165373856]], [[30.491440744318055, 37.2389165373856], [30.491440744318055, 37.23945552655607], [30.490901755147576, 37.23945552655607], [30.490901755147576, 37.2389165373856], [30.491440744318055, 37.2389165373856]]]}, "id": "+390528+86763", "properties": {"area_ha": 24.30643709340216, "count": 85, "label": 1, "mean_dnbr": 0.23121832658130567}}, {"type": "Feature", "geometry": {"geodesic": false, "type": "Polygon", "coordinates": [[[30.492518722658986, 37.33377863138862], [30.493057711829465, 37.33377863138862], [30.493057711829465, 37.33431762055909], [30.494135690170424, 37.33431762055909], [30.494135690170424, 37.33485660972956], [30.495213668511354, 37.33485660972956], [30.495213668511354, 37.335395598900035], [30.496291646852313, 37.335395598900035], [30.496291646852313, 37.33593458807051], [30.495213668511354, 37.33593458807051], [30.495213668511354, 37.335395598900035], [30.494674679340875, 37.335395598900035], [30.494674679340875, 37.33593458807051], [30.493057711829465, 37.33593458807051], [30.493057711829465, 37.335395598900035], [30.491979733488535, 37.335395598900035], [30.491979733488535, 37.33701256641145], [30.489284787636166, 37.33701256641145], [30.489284787636166, 37.33431762055909], [30.489823776806645, 37.33431762055909], [30.489823776806645, 37.33485660972956], [30.491440744318055, 37.33485660972956], [30.491440744318055, 37.335395598900035], [30.491979733488535, 37.335395598900035], [30.491979733488535, 37.33485660972956], [30.492518722658986, 37.33485660972956], [30.492518722658986, 37.33377863138862]]]}, "id": "+390532+86580", "properties": {"area_ha": 9.995850399283162, "count": 35, "label": 1, "mean_dnbr": 0.23440773295430029}}, {"type": "Feature", "geometry": {"geodesic": false, "type": "Polygon", "coordinates": [[[30.494135690170424, 37.35695516571891], [30.495213668511354, 37.35695516571891], [30.495213668511354, 37.356416176548436], [30.495752657681834, 37.356416176548436], [30.495752657681834, 37.35749415488938], [30.494135690170424, 37.35749415488938], [30.494135690170424, 37.358033144059846], [30.493057711829465, 37.358033144059846], [30.493057711829465, 37.35749415488938], [30.492518722658986, 37.35749415488938], [30.492518722658986, 37.35695516571891], [30.491979733488535, 37.35695516571891], [30.491979733488535, 37.35479920903702], [30.491440744318055, 37.35479920903702], [30.491440744318055, 37.354260219866546], [30.490362765977125, 37.354260219866546], [30.490362765977125, 37.356416176548436], [30.490901755147576, 37.356416176548436], [30.490901755147576, 37.35857213323032], [30.492518722658986, 37.35857213323032], [30.492518722658986, 37.36072808991221], [30.493057711829465, 37.36072808991221], [30.493057711829465, 37.360189100741735], [30.494674679340875, 37.360189100741735], [30.494674679340875, 37.35965011157126], [30.495752657681834, 37.35965011157126], [30.495752657681834, 37.360189100741735], [30.496830636022764, 37.360189100741735], [30.496830636022764, 37.35965011157126], [30.497369625193244, 37.35965011157126], [30.497369625193244, 37.36126707908268], [30.491979733488535, 37.36126707908268], [30.491979733488535, 37.36072808991221], [30.490901755147576, 37.36072808991221], [30.490901755147576, 37.35857213323032], [30.488745798465686, 37.35857213323032], [30.488745798465686, 37.35911112240079], [30.489284787636166, 37.35911112240079], [30.489284787636166, 37.360189100741735], [30.488745798465686, 37.360189100741735], [30.488745798465686, 37.35965011157126], [30.488206809295235, 37.35965011157126], [30.488206809295235, 37.360189100741735], [30.484972874272387, 37.360189100741735], [30.484972874272387, 37.35911112240079], [30.487667820124756, 37.35911112240079], [30.487667820124756, 37.35857213323032], [30.484972874272387, 37.35857213323032], [30.484972874272387, 37.358033144059846], [30.484433885101936, 37.358033144059846], [30.484433885101936, 37.35857213323032], [30.483355906760977, 37.35857213323032], [30.483355906760977, 37.35749415488938], [30.484972874272387, 37.35749415488938], [30.484972874272387, 37.358033144059846], [30.485511863442866, 37.358033144059846], [30.485511863442866, 37.35749415488938], [30.486589841783797, 37.35749415488938], [30.486589841783797, 37.358033144059846], [30.487667820124756, 37.358033144059846], [30.487667820124756, 37.35749415488938], [30.487128830954276, 37.35749415488938], [30.487128830954276, 37.35695516571891], [30.488206809295235, 37.35695516571891], [30.488206809295235, 37.35479920903702], [30.487667820124756, 37.35479920903702], [30.487667820124756, 37.3531822415256], [30.487128830954276, 37.3531822415256], [30.487128830954276, 37.353721230696074], [30.484972874272387, 37.353721230696074], [30.484972874272387, 37.3531822415256], [30.485511863442866, 37.3531822415256], [30.485511863442866, 37.35264325235513], [30.487128830954276, 37.35264325235513], [30.487128830954276, 37.35210426318466], [30.488206809295235, 37.35210426318466], [30.488206809295235, 37.35264325235513], [30.489284787636166, 37.35264325235513], [30.489284787636166, 37.3531822415256], [30.488745798465686, 37.3531822415256], [30.488745798465686, 37.353721230696074], [30.490362765977125, 37.353721230696074], [30.490362765977125, 37.3531822415256], [30.490901755147576, 37.3531822415256], [30.490901755147576, 37.35264325235513], [30.489823776806645, 37.35264325235513], [30.489823776806645, 37.35210426318466], [30.490901755147576, 37.35210426318466], [30.490901755147576, 37.35264325235513], [30.491440744318055, 37.35264325235513], [30.491440744318055, 37.3531822415256], [30.493057711829465, 37.3531822415256], [30.493057711829465, 37.35210426318466], [30.492518722658986, 37.35210426318466], [30.492518722658986, 37.351565274014185], [30.493596700999944, 37.351565274014185], [30.493596700999944, 37.35264325235513], [30.494674679340875, 37.35264325235513], [30.494674679340875, 37.353721230696074], [30.495213668511354, 37.353721230696074], [30.495213668511354, 37.354260219866546], [30.496830636022764, 37.354260219866546], [30.496830636022764, 37.35479920903702], [30.494674679340875, 37.35479920903702], [30.494674679340875, 37.356416176548436], [30.494135690170424, 37.356416176548436], [30.494135690170424, 37.35695516571891]], [[30.488745798465686, 37.35695516571891], [30.488745798465686, 37.356416176548436], [30.489284787636166, 37.356416176548436], [30.489284787636166, 37.35695516571891], [30.488745798465686, 37.35695516571891]]]}, "id": "+390533+86547", "properties": {"area_ha": 53.105965213694574, "count": 186, "label": 1, "mean_dnbr": 0.25364443670555087}}, {"type": "Feature", "geometry": {"geodesic": false, "type": "Polygon", "coordinates": [[[30.491440744318055, 37.34887032816183], [30.494135690170424, 37.34887032816183], [30.494135690170424, 37.349948306502775], [30.495752657681834, 37.349948306502775], [30.495752657681834, 37.3494093173323], [30.496830636022764, 37.3494093173323], [30.496830636022764, 37.351565274014185], [30.496291646852313, 37.351565274014185], [30.496291646852313, 37.35048729567325], [30.495752657681834, 37.35048729567325], [30.495752657681834, 37.351565274014185], [30.495213668511354, 37.351565274014185], [30.495213668511354, 37.35048729567325], [30.494674679340875, 37.35048729567325], [30.494674679340875, 37.35102628484372], [30.493057711829465, 37.35102628484372], [30.493057711829465, 37.35048729567325], [30.491440744318055, 37.35048729567325], [30.491440744318055, 37.34887032816183]]]}, "id": "+390534+86552", "properties": {"area_ha": 8.280656172313975, "count": 29, "label": 1, "mean_dnbr": 0.26657693400317306}}, {"type": "Feature", "geometry": {"geodesic": false, "type": "Polygon", "coordinates": [[[30.493596700999944, 37.32677177217249], [30.494135690170424, 37.32677177217249], [30.494135690170424, 37.3283887396839], [30.493596700999944, 37.3283887396839], [30.493596700999944, 37.328927728854374], [30.493057711829465, 37.328927728854374], [30.493057711829465, 37.32946671802485], [30.492518722658986, 37.32946671802485], [30.492518722658986, 37.328927728854374], [30.490362765977125, 37.328927728854374], [30.490362765977125, 37.3283887396839], [30.493057711829465, 37.3283887396839], [30.493057711829465, 37.32784975051343], [30.491979733488535, 37.32784975051343], [30.491979733488535, 37.327310761342964], [30.493596700999944, 37.327310761342964], [30.493596700999944, 37.32677177217249]]]}, "id": "+390534+86593", "properties": {"area_ha": 3.9987194291602375, "count": 14, "label": 1, "mean_dnbr": 0.22302093855652702}}, {"type": "Feature", "geometry": {"geodesic": false, "type": "Polygon", "coordinates": [[[30.492518722658986, 37.30952411871739], [30.494674679340875, 37.30952411871739], [30.494674679340875, 37.31006310788786], [30.495213668511354, 37.31006310788786], [30.495213668511354, 37.310602097058336], [30.494674679340875, 37.310602097058336], [30.494674679340875, 37.31114108622881], [30.495213668511354, 37.31114108622881], [30.495213668511354, 37.31545299959258], [30.494674679340875, 37.31545299959258], [30.494674679340875, 37.314914010422115], [30.494135690170424, 37.314914010422115], [30.494135690170424, 37.31383603208117], [30.494674679340875, 37.31383603208117], [30.494674679340875, 37.312758053740225], [30.493596700999944, 37.312758053740225], [30.493596700999944, 37.31221906456975], [30.494674679340875, 37.31221906456975], [30.494674679340875, 37.31114108622881], [30.494135690170424, 37.31114108622881], [30.494135690170424, 37.310602097058336], [30.493596700999944, 37.310602097058336], [30.493596700999944, 37.31006310788786], [30.493057711829465, 37.31006310788786], [30.493057711829465, 37.31168007539928], [30.492518722658986, 37.31168007539928], [30.492518722658986, 37.31221906456975], [30.491979733488535, 37.31221906456975], [30.491979733488535, 37.312758053740225], [30.490362765977125, 37.312758053740225], [30.490362765977125, 37.3132970429107], [30.489823776806645, 37.3132970429107], [30.489823776806645, 37.31221906456975], [30.488206809295235, 37.31221906456975], [30.488206809295235, 37.31168007539928], [30.488745798465686, 37.31168007539928], [30.488745798465686, 37.31114108622881], [30.489823776806645, 37.31114108622881], [30.489823776806645, 37.31221906456975], [30.490362765977125, 37.31221906456975], [30.490362765977125, 37.31114108622881], [30.491979733488535, 37.31114108622881], [30.491979733488535, 37.310602097058336], [30.492518722658986, 37.310602097058336], [30.492518722658986, 37.30952411871739]], [[30.491440744318055, 37.31168007539928], [30.491440744318055, 37.31221906456975], [30.490901755147576, 37.31221906456975], [30.490901755147576, 37.31168007539928], [30.491440744318055, 37.31168007539928]]]}, "id": "+390535+86625", "properties": {"area_ha": 11.713095537449158, "count": 41, "label": 1, "mean_dnbr": 0.22445066747081507}}, {"type": "Feature", "geometry": {"geodesic": false, "type": "Polygon", "coordinates": [[[30.495752657681834, 37.4275627470507], [30.496291646852313, 37.4275627470507], [30.496291646852313, 37.42810173622117], [30.495752657681834, 37.42810173622117], [30.495752657681834, 37.428640725391645], [30.496291646852313, 37.428640725391645], [30.496291646852313, 37.42917971456212], [30.497369625193244, 37.42917971456212], [30.497369625193244, 37.428640725391645], [30.497908614363723, 37.428640725391645], [30.497908614363723, 37.42971870373259], [30.497369625193244, 37.42971870373259], [30.497369625193244, 37.430257692903055], [30.498447603534174, 37.430257692903055], [30.498447603534174, 37.43079668207353], [30.498986592704654, 37.43079668207353], [30.498986592704654, 37.430257692903055], [30.499525581875133, 37.430257692903055], [30.499525581875133, 37.431335671244], [30.497369625193244, 37.431335671244], [30.497369625193244, 37.43187466041447], [30.496830636022764, 37.43187466041447], [30.496830636022764, 37.430257692903055], [30.495752657681834, 37.430257692903055], [30.495752657681834, 37.42971870373259], [30.494135690170424, 37.42971870373259], [30.494135690170424, 37.42810173622117], [30.495752657681834, 37.42810173622117], [30.495752657681834, 37.4275627470507]]]}, "id": "+390538+86406", "properties": {"area_ha": 8.271876725632227, "count": 29, "label": 1, "mean_dnbr": 0.21732640877080012}}, {"type": "Feature", "geometry": {"geodesic": false, "type": "Polygon", "coordinates": [[[30.495752657681834, 37.41732195281174], [30.496291646852313, 37.41732195281174], [30.496291646852313, 37.41786094198221], [30.497369625193244, 37.41786094198221], [30.497369625193244, 37.41839993115268], [30.496830636022764, 37.41839993115268], [30.496830636022764, 37.42055588783457], [30.496291646852313, 37.42055588783457], [30.496291646852313, 37.42109487700504], [30.494674679340875, 37.42109487700504], [30.494674679340875, 37.42055588783457], [30.494135690170424, 37.42055588783457], [30.494135690170424, 37.42109487700504], [30.493057711829465, 37.42109487700504], [30.493057711829465, 37.42055588783457], [30.493596700999944, 37.42055588783457], [30.493596700999944, 37.41893892032315], [30.493057711829465, 37.41893892032315], [30.493057711829465, 37.41947790949362], [30.492518722658986, 37.41947790949362], [30.492518722658986, 37.41839993115268], [30.493057711829465, 37.41839993115268], [30.493057711829465, 37.41786094198221], [30.494135690170424, 37.41786094198221], [30.494135690170424, 37.41732195281174], [30.494674679340875, 37.41732195281174], [30.494674679340875, 37.41786094198221], [30.495213668511354, 37.41786094198221], [30.495213668511354, 37.41947790949362], [30.495752657681834, 37.41947790949362], [30.495752657681834, 37.420016898664095], [30.495213668511354, 37.420016898664095], [30.495213668511354, 37.42055588783457], [30.496291646852313, 37.42055588783457], [30.496291646852313, 37.41893892032315], [30.495752657681834, 37.41893892032315], [30.495752657681834, 37.41732195281174]]]}, "id": "+390538+86425", "properties": {"area_ha": 9.984696916028762, "count": 35, "label": 1, "mean_dnbr": 0.23009664867454552}}, {"type": "Feature", "geometry": {"geodesic": false, "type": "Polygon", "coordinates": [[[30.495752657681834, 37.387677548435796], [30.497369625193244, 37.387677548435796], [30.497369625193244, 37.38821653760626], [30.497908614363723, 37.38821653760626], [30.497908614363723, 37.388755526776734], [30.498447603534174, 37.388755526776734], [30.498447603534174, 37.39198946179957], [30.498986592704654, 37.39198946179957], [30.498986592704654, 37.39252845097004], [30.498447603534174, 37.39252845097004], [30.498447603534174, 37.39198946179957], [30.497908614363723, 37.39198946179957], [30.497908614363723, 37.39306744014051], [30.495752657681834, 37.39306744014051], [30.495752657681834, 37.39198946179957], [30.497369625193244, 37.39198946179957], [30.497369625193244, 37.39091148345862], [30.496291646852313, 37.39091148345862], [30.496291646852313, 37.388755526776734], [30.495752657681834, 37.388755526776734], [30.495752657681834, 37.387677548435796]]]}, "id": "+390540+86480", "properties": {"area_ha": 10.273929899206031, "count": 36, "label": 1, "mean_dnbr": 0.25378699440281977}}, {"type": "Feature", "geometry": {"geodesic": false, "type": "Polygon", "coordinates": [[[30.496830636022764, 37.36719595995787], [30.497369625193244, 37.36719595995787], [30.497369625193244, 37.36773494912834], [30.497908614363723, 37.36773494912834], [30.497908614363723, 37.36827393829881], [30.496830636022764, 37.36827393829881], [30.496830636022764, 37.370429894980695], [30.497908614363723, 37.370429894980695], [30.497908614363723, 37.37096888415117], [30.496830636022764, 37.37096888415117], [30.496830636022764, 37.370429894980695], [30.496291646852313, 37.370429894980695], [30.496291646852313, 37.37096888415117], [30.495213668511354, 37.37096888415117], [30.495213668511354, 37.37150787332164], [30.493596700999944, 37.37150787332164], [30.493596700999944, 37.36935191663976], [30.494135690170424, 37.36935191663976], [30.494135690170424, 37.36827393829881], [30.494674679340875, 37.36827393829881], [30.494674679340875, 37.36935191663976], [30.495752657681834, 37.36935191663976], [30.495752657681834, 37.36827393829881], [30.496830636022764, 37.36827393829881], [30.496830636022764, 37.36719595995787]]]}, "id": "+390540+86518", "properties": {"area_ha": 8.849423931670826, "count": 31, "label": 1, "mean_dnbr": 0.1827475929789782}}, {"type": "Feature", "geometry": {"geodesic": false, "type": "Polygon", "coordinates": [[[30.496291646852313, 37.37150787332164], [30.497908614363723, 37.37150787332164], [30.497908614363723, 37.37366383000353], [30.497369625193244, 37.37366383000353], [30.497369625193244, 37.374202819174], [30.497908614363723, 37.374202819174], [30.497908614363723, 37.374741808344474], [30.494674679340875, 37.374741808344474], [30.494674679340875, 37.37581978668541], [30.497369625193244, 37.37581978668541], [30.497369625193244, 37.37689776502636], [30.496291646852313, 37.37689776502636], [30.496291646852313, 37.3779757433673], [30.496830636022764, 37.3779757433673], [30.496830636022764, 37.378514732537774], [30.497908614363723, 37.378514732537774], [30.497908614363723, 37.38013170004919], [30.498447603534174, 37.38013170004919], [30.498447603534174, 37.38067068921966], [30.497908614363723, 37.38067068921966], [30.497908614363723, 37.38013170004919], [30.495213668511354, 37.38013170004919], [30.495213668511354, 37.379053721708246], [30.492518722658986, 37.379053721708246], [30.492518722658986, 37.378514732537774], [30.491979733488535, 37.378514732537774], [30.491979733488535, 37.37743675419683], [30.491440744318055, 37.37743675419683], [30.491440744318055, 37.376358775855884], [30.491979733488535, 37.376358775855884], [30.491979733488535, 37.37528079751495], [30.489823776806645, 37.37528079751495], [30.489823776806645, 37.37581978668541], [30.490362765977125, 37.37581978668541], [30.490362765977125, 37.376358775855884], [30.489823776806645, 37.376358775855884], [30.489823776806645, 37.37581978668541], [30.489284787636166, 37.37581978668541], [30.489284787636166, 37.374741808344474], [30.490901755147576, 37.374741808344474], [30.490901755147576, 37.374202819174], [30.488745798465686, 37.374202819174], [30.488745798465686, 37.37366383000353], [30.486589841783797, 37.37366383000353], [30.486589841783797, 37.37312484083306], [30.486050852613346, 37.37312484083306], [30.486050852613346, 37.372585851662585], [30.486589841783797, 37.372585851662585], [30.486589841783797, 37.37204686249211], [30.490362765977125, 37.37204686249211], [30.490362765977125, 37.372585851662585], [30.489823776806645, 37.372585851662585], [30.489823776806645, 37.37312484083306], [30.489284787636166, 37.37312484083306], [30.489284787636166, 37.37366383000353], [30.490901755147576, 37.37366383000353], [30.490901755147576, 37.37312484083306], [30.491979733488535, 37.37312484083306], [30.491979733488535, 37.372585851662585], [30.493057711829465, 37.372585851662585], [30.493057711829465, 37.37204686249211], [30.493596700999944, 37.37204686249211], [30.493596700999944, 37.372585851662585], [30.494135690170424, 37.372585851662585], [30.494135690170424, 37.37204686249211], [30.496291646852313, 37.37204686249211], [30.496291646852313, 37.37150787332164]], [[30.494135690170424, 37.3779757433673], [30.494135690170424, 37.378514732537774], [30.493596700999944, 37.378514732537774], [30.493596700999944, 37.3779757433673], [30.494135690170424, 37.3779757433673]], [[30.496291646852313, 37.3779757433673], [30.496291646852313, 37.378514732537774], [30.495752657681834, 37.378514732537774], [30.495752657681834, 37.3779757433673], [30.496291646852313, 37.3779757433673]], [[30.491979733488535, 37.374202819174], [30.491979733488535, 37.374741808344474], [30.491440744318055, 37.374741808344474], [30.491440744318055, 37.374202819174], [30.491979733488535, 37.374202819174]], [[30.495213668511354, 37.37312484083306], [30.495213668511354, 37.37366383000353], [30.494135690170424, 37.37366383000353], [30.494135690170424, 37.37312484083306], [30.495213668511354, 37.37312484083306]]]}, "id": "+390541+86510", "properties": {"area_ha": 46.527417761502285, "count": 163, "label": 1, "mean_dnbr": 0.2384186673459899}}, {"type": "Feature", "geometry": {"geodesic": false, "type": "Polygon", "coordinates": [[[30.497908614363723, 37.44319343299438], [30.498986592704654, 37.44319343299438], [30.498986592704654, 37.44373242216485], [30.499525581875133, 37.44373242216485], [30.499525581875133, 37.44427141133532], [30.500064571045613, 37.44427141133532], [30.500064571045613, 37.44588837884674], [30.501142549386543, 37.44588837884674], [30.501142549386543, 37.446966357187684], [30.500064571045613, 37.446966357187684], [30.500064571045613, 37.44588837884674], [30.498986592704654, 37.44588837884674], [30.498986592704654, 37.44534938967627], [30.498447603534174, 37.44534938967627], [30.498447603534174, 37.44427141133532], [30.497908614363723, 37.44427141133532], [30.497908614363723, 37.44319343299438]]]}, "id": "+390543+86377", "properties": {"area_ha": 4.848040537188956, "count": 17, "label": 1, "mean_dnbr": 0.30891729549730856}}, {"type": "Feature", "geometry": {"geodesic": false, "type": "Polygon", "coordinates": [[[30.496830636022764, 37.436186573778244], [30.500064571045613, 37.436186573778244], [30.500064571045613, 37.436725562948716], [30.500603560216064, 37.436725562948716], [30.500603560216064, 37.43726455211919], [30.498986592704654, 37.43726455211919], [30.498986592704654, 37.436725562948716], [30.498447603534174, 37.436725562948716], [30.498447603534174, 37.43726455211919], [30.497369625193244, 37.43726455211919], [30.497369625193244, 37.436725562948716], [30.496830636022764, 37.436725562948716], [30.496830636022764, 37.436186573778244]]]}, "id": "+390545+86390", "properties": {"area_ha": 3.137295268319447, "count": 11, "label": 1, "mean_dnbr": 0.15806117146606938}}, {"type": "Feature", "geometry": {"geodesic": false, "type": "Polygon", "coordinates": [[[30.503837495238912, 37.88839848780401], [30.504915473579842, 37.88839848780401], [30.504915473579842, 37.889476466144956], [30.507071430261732, 37.889476466144956], [30.507071430261732, 37.89001545531543], [30.5059934519208, 37.89001545531543], [30.5059934519208, 37.89109343365637], [30.505454462750322, 37.89109343365637], [30.505454462750322, 37.89217141199732], [30.504915473579842, 37.89217141199732], [30.504915473579842, 37.89109343365637], [30.504376484409363, 37.89109343365637], [30.504376484409363, 37.8905544444859], [30.503837495238912, 37.8905544444859], [30.503837495238912, 37.89001545531543], [30.503298506068433, 37.89001545531543], [30.503298506068433, 37.889476466144956], [30.503837495238912, 37.889476466144956], [30.503837495238912, 37.88839848780401]]]}, "id": "+390554+85551", "properties": {"area_ha": 5.669470952990643, "count": 20, "label": 1, "mean_dnbr": 0.20403538366783497}}, {"type": "Feature", "geometry": {"geodesic": false, "type": "Polygon", "coordinates": [[[30.50922738694362, 37.88732050946307], [30.51030536528458, 37.88732050946307], [30.51030536528458, 37.887859498633546], [30.5097663761141, 37.887859498633546], [30.5097663761141, 37.88839848780401], [30.51084435445503, 37.88839848780401], [30.51084435445503, 37.887859498633546], [30.5135393003074, 37.887859498633546], [30.5135393003074, 37.88839848780401], [30.51192233279599, 37.88839848780401], [30.51192233279599, 37.88893747697448], [30.51138334362551, 37.88893747697448], [30.51138334362551, 37.889476466144956], [30.51030536528458, 37.889476466144956], [30.51030536528458, 37.89001545531543], [30.5097663761141, 37.89001545531543], [30.5097663761141, 37.889476466144956], [30.50922738694362, 37.889476466144956], [30.50922738694362, 37.88893747697448], [30.5097663761141, 37.88893747697448], [30.5097663761141, 37.88839848780401], [30.50922738694362, 37.88839848780401], [30.50922738694362, 37.88732050946307]]]}, "id": "+390564+85553", "properties": {"area_ha": 4.819143076515683, "count": 17, "label": 1, "mean_dnbr": 0.1983621188877398}}, {"type": "Feature", "geometry": {"geodesic": false, "type": "Polygon", "coordinates": [[[30.51677323533022, 37.88893747697448], [30.5173122245007, 37.88893747697448], [30.5173122245007, 37.8905544444859], [30.51785121367118, 37.8905544444859], [30.51785121367118, 37.891632422826845], [30.51677323533022, 37.891632422826845], [30.51677323533022, 37.89217141199732], [30.51623424615977, 37.89217141199732], [30.51623424615977, 37.891632422826845], [30.51569525698929, 37.891632422826845], [30.51569525698929, 37.89109343365637], [30.51515626781881, 37.89109343365637], [30.51515626781881, 37.8905544444859], [30.51623424615977, 37.8905544444859], [30.51623424615977, 37.89001545531543], [30.51569525698929, 37.89001545531543], [30.51569525698929, 37.889476466144956], [30.51677323533022, 37.889476466144956], [30.51677323533022, 37.88893747697448]], [[30.51677323533022, 37.89109343365637], [30.51677323533022, 37.891632422826845], [30.51623424615977, 37.891632422826845], [30.51623424615977, 37.89109343365637], [30.51677323533022, 37.89109343365637]]]}, "id": "+390577+85550", "properties": {"area_ha": 4.252074730710513, "count": 15, "label": 1, "mean_dnbr": 0.1694292222208034}}]}