{"type": "FeatureCollection", "columns": {"area_ha": "Number", "count": "Long<0, 4294967295>", "label": "Byte<0, 1>", "mean_dnbr": "Object", "system:index": "String"}, "features": [{"type": "Feature", "geometry": {"geodesic": false, "type": "Polygon", "coordinates": [[[28.10749164332168, 39.82768152316124], [28.10910861083309, 39.82768152316124], [28.10910861083309, 39.82822051233171], [28.10964760000357, 39.82822051233171], [28.10964760000357, 39.828759501502184], [28.11018658917402, 39.828759501502184], [28.11018658917402, 39.829298490672656], [28.10964760000357, 39.829298490672656], [28.10964760000357, 39.830915458184066], [28.11018658917402, 39.830915458184066], [28.11018658917402, 39.83199343652501], [28.10964760000357, 39.83199343652501], [28.10964760000357, 39.830915458184066], [28.10803063249213, 39.830915458184066], [28.10803063249213, 39.83037646901359], [28.1069526541512, 39.83037646901359], [28.1069526541512, 39.82983747984312], [28.10803063249213, 39.82983747984312], [28.10803063249213, 39.82822051233171], [28.10749164332168, 39.82822051233171], [28.10749164332168, 39.82768152316124]], [[28.10856962166261, 39.82983747984312], [28.10856962166261, 39.83037646901359], [28.10803063249213, 39.83037646901359], [28.10803063249213, 39.82983747984312], [28.10856962166261, 39.82983747984312]], [[28.10910861083309, 39.828759501502184], [28.10910861083309, 39.829298490672656], [28.10856962166261, 39.829298490672656], [28.10856962166261, 39.828759501502184], [28.10910861083309, 39.828759501502184]]]}, "id": "+386109+81953", "properties": {"area_ha": 5.792754862596434, "count": 21, "label": 1, "mean_dnbr": 0.19091062278429177}}, {"type": "Feature", "geometry": {"geodesic": false, "type": "Polygon", "coordinates": [[[28.10856962166261, 39.84277321993444], [28.1107255783445, 39.84277321993444], [28.1107255783445, 39.843312209104916], [28.11018658917402, 39.843312209104916], [28.11018658917402, 39.84385119827539], [28.10964760000357, 39.84385119827539], [28.10964760000357, 39.84439018744586], [28.10856962166261, 39.84439018744586], [28.10856962166261, 39.84492917661633], [28.10803063249213, 39.84492917661633], [28.10803063249213, 39.84385119827539], [28.10856962166261, 39.84385119827539], [28.10856962166261, 39.84277321993444]]]}, "id": "+386112+81925", "properties": {"area_ha": 3.0336720525676415, "count": 11, "label": 1, "mean_dnbr": 0.1625383308801976}}, {"type": "Feature", "geometry": {"geodesic": false, "type": "Polygon", "coordinates": [[[28.11018658917402, 39.84007827408209], [28.1107255783445, 39.84007827408209], [28.1107255783445, 39.84061726325256], [28.11126456751498, 39.84061726325256], [28.11126456751498, 39.84115625242303], [28.1107255783445, 39.84115625242303], [28.1107255783445, 39.8416952415935], [28.11180355668543, 39.8416952415935], [28.11180355668543, 39.84223423076397], [28.11234254585591, 39.84223423076397], [28.11234254585591, 39.84277321993444], [28.11126456751498, 39.84277321993444], [28.11126456751498, 39.84223423076397], [28.11018658917402, 39.84223423076397], [28.11018658917402, 39.8416952415935], [28.10910861083309, 39.8416952415935], [28.10910861083309, 39.84061726325256], [28.11018658917402, 39.84061726325256], [28.11018658917402, 39.84007827408209]]]}, "id": "+386112+81930", "properties": {"area_ha": 3.585369181007877, "count": 13, "label": 1, "mean_dnbr": 0.15849894742626758}}, {"type": "Feature", "geometry": {"geodesic": false, "type": "Polygon", "coordinates": [[[28.11018658917402, 39.67083567455397], [28.1107255783445, 39.67083567455397], [28.1107255783445, 39.67137466372444], [28.11126456751498, 39.67137466372444], [28.11126456751498, 39.671913652894915], [28.11234254585591, 39.671913652894915], [28.11234254585591, 39.67245264206539], [28.1107255783445, 39.67245264206539], [28.1107255783445, 39.671913652894915], [28.11018658917402, 39.671913652894915], [28.11018658917402, 39.67245264206539], [28.10964760000357, 39.67245264206539], [28.10964760000357, 39.671913652894915], [28.10749164332168, 39.671913652894915], [28.10749164332168, 39.67083567455397], [28.10910861083309, 39.67083567455397], [28.10910861083309, 39.67137466372444], [28.10964760000357, 39.67137466372444], [28.10964760000357, 39.671913652894915], [28.11018658917402, 39.671913652894915], [28.11018658917402, 39.67083567455397]]]}, "id": "+386112+82244", "properties": {"area_ha": 3.8707040435129247, "count": 14, "label": 1, "mean_dnbr": 0.32202677569305665}}, {"type": "Feature", "geometry": {"geodesic": false, "type": "Polygon", "coordinates": [[[28.115576480878758, 39.80019307546718], [28.11611547004921, 39.80019307546718], [28.11611547004921, 39.80073206463765], [28.11665445921969, 39.80073206463765], [28.11665445921969, 39.80127105380812], [28.11611547004921, 39.80127105380812], [28.11611547004921, 39.80234903214907], [28.1144985025378, 39.80234903214907], [28.1144985025378, 39.801810042978595], [28.11395951336732, 39.801810042978595], [28.11395951336732, 39.80127105380812], [28.11342052419687, 39.80127105380812], [28.11342052419687, 39.80073206463765], [28.1144985025378, 39.80073206463765], [28.1144985025378, 39.80127105380812], [28.115576480878758, 39.80127105380812], [28.115576480878758, 39.80019307546718]]]}, "id": "+386122+82004", "properties": {"area_ha": 3.3115022742760654, "count": 12, "label": 1, "mean_dnbr": 0.17801876682320494}}, {"type": "Feature", "geometry": {"geodesic": false, "type": "Polygon", "coordinates": [[[28.117193448390168, 39.83253242569548], [28.11773243756062, 39.83253242569548], [28.11773243756062, 39.833071414865955], [28.118810415901578, 39.833071414865955], [28.118810415901578, 39.83361040403643], [28.1182714267311, 39.83361040403643], [28.1182714267311, 39.8341493932069], [28.11773243756062, 39.8341493932069], [28.11773243756062, 39.83630534988878], [28.11665445921969, 39.83630534988878], [28.11665445921969, 39.8341493932069], [28.115576480878758, 39.8341493932069], [28.115576480878758, 39.83468838237737], [28.11503749170828, 39.83468838237737], [28.11503749170828, 39.8341493932069], [28.1144985025378, 39.8341493932069], [28.1144985025378, 39.833071414865955], [28.11395951336732, 39.833071414865955], [28.11395951336732, 39.83253242569548], [28.115576480878758, 39.83253242569548], [28.115576480878758, 39.833071414865955], [28.11611547004921, 39.833071414865955], [28.11611547004921, 39.83361040403643], [28.11773243756062, 39.83361040403643], [28.11773243756062, 39.833071414865955], [28.117193448390168, 39.833071414865955], [28.117193448390168, 39.83253242569548]]]}, "id": "+386125+81944", "properties": {"area_ha": 6.895679508215466, "count": 25, "label": 1, "mean_dnbr": 0.2004531304998436}}, {"type": "Feature", "geometry": {"geodesic": false, "type": "Polygon", "coordinates": [[[28.11988839424251, 39.845468165786805], [28.120427383412988, 39.845468165786805], [28.120427383412988, 39.84600715495728], [28.11988839424251, 39.84600715495728], [28.11988839424251, 39.84654614412775], [28.120427383412988, 39.84654614412775], [28.120427383412988, 39.84762412246869], [28.120966372583467, 39.84762412246869], [28.120966372583467, 39.84816311163916], [28.118810415901578, 39.84816311163916], [28.118810415901578, 39.84654614412775], [28.119349405072057, 39.84654614412775], [28.119349405072057, 39.84600715495728], [28.11988839424251, 39.84600715495728], [28.11988839424251, 39.845468165786805]], [[28.11988839424251, 39.84654614412775], [28.11988839424251, 39.84708513329822], [28.119349405072057, 39.84708513329822], [28.119349405072057, 39.84654614412775], [28.11988839424251, 39.84654614412775]]]}, "id": "+386130+81920", "properties": {"area_ha": 3.033526132323495, "count": 11, "label": 1, "mean_dnbr": 0.17412935774864177}}, {"type": "Feature", "geometry": {"geodesic": false, "type": "Polygon", "coordinates": [[[28.120427383412988, 39.80666094551284], [28.122044350924398, 39.80666094551284], [28.122044350924398, 39.808277913024256], [28.123661318435808, 39.808277913024256], [28.123661318435808, 39.80881690219473], [28.122583340094877, 39.80881690219473], [28.122583340094877, 39.8093558913652], [28.122044350924398, 39.8093558913652], [28.122044350924398, 39.80989488053567], [28.121505361753947, 39.80989488053567], [28.121505361753947, 39.81097285887662], [28.122044350924398, 39.81097285887662], [28.122044350924398, 39.81151184804708], [28.121505361753947, 39.81151184804708], [28.121505361753947, 39.812050837217555], [28.120966372583467, 39.812050837217555], [28.120966372583467, 39.81151184804708], [28.121505361753947, 39.81151184804708], [28.121505361753947, 39.81097285887662], [28.11988839424251, 39.81097285887662], [28.11988839424251, 39.81151184804708], [28.120427383412988, 39.81151184804708], [28.120427383412988, 39.812050837217555], [28.11988839424251, 39.812050837217555], [28.11988839424251, 39.81151184804708], [28.119349405072057, 39.81151184804708], [28.119349405072057, 39.81097285887662], [28.11988839424251, 39.81097285887662], [28.11988839424251, 39.80989488053567], [28.119349405072057, 39.80989488053567], [28.119349405072057, 39.8093558913652], [28.120427383412988, 39.8093558913652], [28.120427383412988, 39.810433869706145], [28.120966372583467, 39.810433869706145], [28.120966372583467, 39.80989488053567], [28.121505361753947, 39.80989488053567], [28.121505361753947, 39.8093558913652], [28.120966372583467, 39.8093558913652], [28.120966372583467, 39.80881690219473], [28.122044350924398, 39.80881690219473], [28.122044350924398, 39.808277913024256], [28.121505361753947, 39.808277913024256], [28.121505361753947, 39.80773892385378], [28.120966372583467, 39.80773892385378], [28.120966372583467, 39.80719993468331], [28.120427383412988, 39.80719993468331], [28.120427383412988, 39.80666094551284]]]}, "id": "+386133+81992", "properties": {"area_ha": 6.622235200776612, "count": 24, "label": 1, "mean_dnbr": 0.17073470539315924}}, {"type": "Feature", "geometry": {"geodesic": false, "type": "Polygon", "coordinates": [[[28.124739296776767, 39.830915458184066], [28.125278285947246, 39.830915458184066], [28.125278285947246, 39.83145444735454], [28.124739296776767, 39.83145444735454], [28.124739296776767, 39.83199343652501], [28.125278285947246, 39.83199343652501], [28.125278285947246, 39.83253242569548], [28.124200307606287, 39.83253242569548], [28.124200307606287, 39.833071414865955], [28.123122329265357, 39.833071414865955], [28.123122329265357, 39.8341493932069], [28.123661318435808, 39.8341493932069], [28.123661318435808, 39.83361040403643], [28.124200307606287, 39.83361040403643], [28.124200307606287, 39.835227371547845], [28.123661318435808, 39.835227371547845], [28.123661318435808, 39.83468838237737], [28.123122329265357, 39.83468838237737], [28.123122329265357, 39.8341493932069], [28.122583340094877, 39.8341493932069], [28.122583340094877, 39.83468838237737], [28.122044350924398, 39.83468838237737], [28.122044350924398, 39.83361040403643], [28.122583340094877, 39.83361040403643], [28.122583340094877, 39.833071414865955], [28.122044350924398, 39.833071414865955], [28.122044350924398, 39.83253242569548], [28.122583340094877, 39.83253242569548], [28.122583340094877, 39.833071414865955], [28.123122329265357, 39.833071414865955], [28.123122329265357, 39.83253242569548], [28.123661318435808, 39.83253242569548], [28.123661318435808, 39.83199343652501], [28.124200307606287, 39.83199343652501], [28.124200307606287, 39.83145444735454], [28.124739296776767, 39.83145444735454], [28.124739296776767, 39.830915458184066]]]}, "id": "+386139+81947", "properties": {"area_ha": 4.413293391648168, "count": 16, "label": 1, "mean_dnbr": 0.17268766268841648}}, {"type": "Feature", "geometry": {"geodesic": false, "type": "Polygon", "coordinates": [[[28.125817275117697, 39.83253242569548], [28.127434242629135, 39.83253242569548], [28.127434242629135, 39.83361040403643], [28.128512220970066, 39.83361040403643], [28.128512220970066, 39.83576636071831], [28.130129188481476, 39.83576636071831], [28.130129188481476, 39.835227371547845], [28.131207166822435, 39.835227371547845], [28.131207166822435, 39.83468838237737], [28.131746155992886, 39.83468838237737], [28.131746155992886, 39.83576636071831], [28.132285145163365, 39.83576636071831], [28.132285145163365, 39.835227371547845], [28.133363123504324, 39.835227371547845], [28.133363123504324, 39.836844339059255], [28.132824134333845, 39.836844339059255], [28.132824134333845, 39.83630534988878], [28.132285145163365, 39.83630534988878], [28.132285145163365, 39.83738332822973], [28.131746155992886, 39.83738332822973], [28.131746155992886, 39.8379223174002], [28.130129188481476, 39.8379223174002], [28.130129188481476, 39.83738332822973], [28.129590199310996, 39.83738332822973], [28.129590199310996, 39.836844339059255], [28.127973231799587, 39.836844339059255], [28.127973231799587, 39.83738332822973], [28.129051210140545, 39.83738332822973], [28.129051210140545, 39.839000295741144], [28.128512220970066, 39.839000295741144], [28.128512220970066, 39.83846130657067], [28.127973231799587, 39.83846130657067], [28.127973231799587, 39.8379223174002], [28.126895253458656, 39.8379223174002], [28.126895253458656, 39.836844339059255], [28.125278285947246, 39.836844339059255], [28.125278285947246, 39.83630534988878], [28.124739296776767, 39.83630534988878], [28.124739296776767, 39.836844339059255], [28.123122329265357, 39.836844339059255], [28.123122329265357, 39.8379223174002], [28.122044350924398, 39.8379223174002], [28.122044350924398, 39.836844339059255], [28.122583340094877, 39.836844339059255], [28.122583340094877, 39.83630534988878], [28.123661318435808, 39.83630534988878], [28.123661318435808, 39.83576636071831], [28.124739296776767, 39.83576636071831], [28.124739296776767, 39.83361040403643], [28.125278285947246, 39.83361040403643], [28.125278285947246, 39.833071414865955], [28.125817275117697, 39.833071414865955], [28.125817275117697, 39.83253242569548]], [[28.131207166822435, 39.83576636071831], [28.131207166822435, 39.83630534988878], [28.130668177651955, 39.83630534988878], [28.130668177651955, 39.83576636071831], [28.131207166822435, 39.83576636071831]], [[28.126895253458656, 39.835227371547845], [28.126895253458656, 39.83576636071831], [28.126356264288177, 39.83576636071831], [28.126356264288177, 39.835227371547845], [28.126895253458656, 39.835227371547845]], [[28.125817275117697, 39.83468838237737], [28.125817275117697, 39.83576636071831], [28.125278285947246, 39.83576636071831], [28.125278285947246, 39.83468838237737], [28.125817275117697, 39.83468838237737]], [[28.126895253458656, 39.833071414865955], [28.126895253458656, 39.83361040403643], [28.127434242629135, 39.83361040403643], [28.127434242629135, 39.835227371547845], [28.126895253458656, 39.835227371547845], [28.126895253458656, 39.83468838237737], [28.125817275117697, 39.83468838237737], [28.125817275117697, 39.83361040403643], [28.126356264288177, 39.83361040403643], [28.126356264288177, 39.833071414865955], [28.126895253458656, 39.833071414865955]]]}, "id": "+386143+81944", "properties": {"area_ha": 23.720484911874863, "count": 86, "label": 1, "mean_dnbr": 0.20800223340613994}}, {"type": "Feature", "geometry": {"geodesic": false, "type": "Polygon", "coordinates": [[[28.129590199310996, 39.861637840900954], [28.130129188481476, 39.861637840900954], [28.130129188481476, 39.863793797582844], [28.130668177651955, 39.863793797582844], [28.130668177651955, 39.864332786753316], [28.131207166822435, 39.864332786753316], [28.131207166822435, 39.86487177592379], [28.129590199310996, 39.86487177592379], [28.129590199310996, 39.86541076509426], [28.129051210140545, 39.86541076509426], [28.129051210140545, 39.86487177592379], [28.128512220970066, 39.86487177592379], [28.128512220970066, 39.863793797582844], [28.129590199310996, 39.863793797582844], [28.129590199310996, 39.861637840900954]]]}, "id": "+386148+81890", "properties": {"area_ha": 3.859903745578431, "count": 14, "label": 1, "mean_dnbr": 0.19235659401155789}}, {"type": "Feature", "geometry": {"geodesic": false, "type": "Polygon", "coordinates": [[[28.131207166822435, 39.83253242569548], [28.131746155992886, 39.83253242569548], [28.131746155992886, 39.833071414865955], [28.132824134333845, 39.833071414865955], [28.132824134333845, 39.83361040403643], [28.131207166822435, 39.83361040403643], [28.131207166822435, 39.8341493932069], [28.129590199310996, 39.8341493932069], [28.129590199310996, 39.835227371547845], [28.129051210140545, 39.835227371547845], [28.129051210140545, 39.8341493932069], [28.129590199310996, 39.8341493932069], [28.129590199310996, 39.83361040403643], [28.129051210140545, 39.83361040403643], [28.129051210140545, 39.83253242569548], [28.130129188481476, 39.83253242569548], [28.130129188481476, 39.833071414865955], [28.131207166822435, 39.833071414865955], [28.131207166822435, 39.83253242569548]], [[28.130129188481476, 39.833071414865955], [28.130129188481476, 39.83361040403643], [28.129590199310996, 39.83361040403643], [28.129590199310996, 39.833071414865955], [28.130129188481476, 39.833071414865955]]]}, "id": "+386151+81944", "properties": {"area_ha": 3.8616153943335703, "count": 14, "label": 1, "mean_dnbr": 0.18278109293340894}}, {"type": "Feature", "geometry": {"geodesic": false, "type": "Polygon", "coordinates": [[[28.129590199310996, 39.84492917661633], [28.132285145163365, 39.84492917661633], [28.132285145163365, 39.845468165786805], [28.131207166822435, 39.845468165786805], [28.131207166822435, 39.84600715495728], [28.130668177651955, 39.84600715495728], [28.130668177651955, 39.845468165786805], [28.130129188481476, 39.845468165786805], [28.130129188481476, 39.84654614412775], [28.129590199310996, 39.84654614412775], [28.129590199310996, 39.84708513329822], [28.128512220970066, 39.84708513329822], [28.128512220970066, 39.84600715495728], [28.127973231799587, 39.84600715495728], [28.127973231799587, 39.845468165786805], [28.129590199310996, 39.845468165786805], [28.129590199310996, 39.84492917661633]]]}, "id": "+386152+81921", "properties": {"area_ha": 4.136688044134279, "count": 15, "label": 1, "mean_dnbr": 0.1756641264230395}}, {"type": "Feature", "geometry": {"geodesic": false, "type": "Polygon", "coordinates": [[[28.131207166822435, 39.84115625242303], [28.132824134333845, 39.84115625242303], [28.132824134333845, 39.84223423076397], [28.133363123504324, 39.84223423076397], [28.133363123504324, 39.84277321993444], [28.132824134333845, 39.84277321993444], [28.132824134333845, 39.84223423076397], [28.131746155992886, 39.84223423076397], [28.131746155992886, 39.84277321993444], [28.132285145163365, 39.84277321993444], [28.132285145163365, 39.843312209104916], [28.131746155992886, 39.843312209104916], [28.131746155992886, 39.84277321993444], [28.129590199310996, 39.84277321993444], [28.129590199310996, 39.84223423076397], [28.131746155992886, 39.84223423076397], [28.131746155992886, 39.8416952415935], [28.131207166822435, 39.8416952415935], [28.131207166822435, 39.84115625242303]]]}, "id": "+386153+81928", "properties": {"area_ha": 3.0337408274954303, "count": 11, "label": 1, "mean_dnbr": 0.17986449310637626}}, {"type": "Feature", "geometry": {"geodesic": false, "type": "Polygon", "coordinates": [[[28.132285145163365, 39.909607877072936], [28.134441101845255, 39.909607877072936], [28.134441101845255, 39.911763833754826], [28.133363123504324, 39.911763833754826], [28.133363123504324, 39.91122484458435], [28.132824134333845, 39.91122484458435], [28.132824134333845, 39.91068585541388], [28.131746155992886, 39.91068585541388], [28.131746155992886, 39.91122484458435], [28.130668177651955, 39.91122484458435], [28.130668177651955, 39.91068585541388], [28.131746155992886, 39.91068585541388], [28.131746155992886, 39.91014686624341], [28.132285145163365, 39.91014686624341], [28.132285145163365, 39.909607877072936]]]}, "id": "+386156+81801", "properties": {"area_ha": 4.408311281139442, "count": 16, "label": 1, "mean_dnbr": 0.269091494343775}}, {"type": "Feature", "geometry": {"geodesic": false, "type": "Polygon", "coordinates": [[[28.134441101845255, 39.861637840900954], [28.137136047697624, 39.861637840900954], [28.137136047697624, 39.86325480841237], [28.135519080186185, 39.86325480841237], [28.135519080186185, 39.8627158192419], [28.134980091015734, 39.8627158192419], [28.134980091015734, 39.86325480841237], [28.134441101845255, 39.86325480841237], [28.134441101845255, 39.8627158192419], [28.134980091015734, 39.8627158192419], [28.134980091015734, 39.86217683007143], [28.134441101845255, 39.86217683007143], [28.134441101845255, 39.861637840900954]]]}, "id": "+386161+81890", "properties": {"area_ha": 3.584264866204327, "count": 13, "label": 1, "mean_dnbr": 0.15688750529579334}}, {"type": "Feature", "geometry": {"geodesic": false, "type": "Polygon", "coordinates": [[[28.142525939402333, 39.812050837217555], [28.143064928572812, 39.812050837217555], [28.143064928572812, 39.81258982638803], [28.142525939402333, 39.81258982638803], [28.142525939402333, 39.81366780472897], [28.144142906913743, 39.81366780472897], [28.144142906913743, 39.81474578306992], [28.143603917743263, 39.81474578306992], [28.143603917743263, 39.81528477224039], [28.145759874425153, 39.81528477224039], [28.145759874425153, 39.81582376141086], [28.146298863595632, 39.81582376141086], [28.146298863595632, 39.816362750581334], [28.145759874425153, 39.816362750581334], [28.145759874425153, 39.816901739751806], [28.1452208852547, 39.816901739751806], [28.1452208852547, 39.816362750581334], [28.145759874425153, 39.816362750581334], [28.145759874425153, 39.81582376141086], [28.142525939402333, 39.81582376141086], [28.142525939402333, 39.816362750581334], [28.141447961061374, 39.816362750581334], [28.141447961061374, 39.816901739751806], [28.140908971890923, 39.816901739751806], [28.140908971890923, 39.81582376141086], [28.141447961061374, 39.81582376141086], [28.141447961061374, 39.81474578306992], [28.140908971890923, 39.81474578306992], [28.140908971890923, 39.81366780472897], [28.141986950231853, 39.81366780472897], [28.141986950231853, 39.8131288155585], [28.140908971890923, 39.8131288155585], [28.140908971890923, 39.81258982638803], [28.142525939402333, 39.81258982638803], [28.142525939402333, 39.812050837217555]], [[28.143603917743263, 39.814206793899444], [28.143603917743263, 39.81474578306992], [28.143064928572812, 39.81474578306992], [28.143064928572812, 39.814206793899444], [28.143603917743263, 39.814206793899444]]]}, "id": "+386172+81982", "properties": {"area_ha": 9.380772905003045, "count": 34, "label": 1, "mean_dnbr": 0.19244576865138435}}, {"type": "Feature", "geometry": {"geodesic": false, "type": "Polygon", "coordinates": [[[28.143064928572812, 39.817979718092744], [28.143603917743263, 39.817979718092744], [28.143603917743263, 39.81905769643369], [28.144142906913743, 39.81905769643369], [28.144142906913743, 39.82121365311558], [28.143603917743263, 39.82121365311558], [28.143603917743263, 39.82175264228605], [28.143064928572812, 39.82175264228605], [28.143064928572812, 39.82121365311558], [28.141986950231853, 39.82121365311558], [28.141986950231853, 39.820674663945105], [28.141447961061374, 39.820674663945105], [28.141447961061374, 39.82013567477463], [28.141986950231853, 39.82013567477463], [28.141986950231853, 39.81959668560416], [28.141447961061374, 39.81959668560416], [28.141447961061374, 39.817979718092744], [28.141986950231853, 39.817979718092744], [28.141986950231853, 39.818518707263216], [28.143064928572812, 39.818518707263216], [28.143064928572812, 39.817979718092744]]]}, "id": "+386173+81971", "properties": {"area_ha": 6.897114568092652, "count": 25, "label": 1, "mean_dnbr": 0.2176858274987711}}, {"type": "Feature", "geometry": {"geodesic": false, "type": "Polygon", "coordinates": [[[28.1452208852547, 39.85247502500294], [28.145759874425153, 39.85247502500294], [28.145759874425153, 39.853553003343876], [28.146298863595632, 39.853553003343876], [28.146298863595632, 39.85301401417341], [28.147376841936563, 39.85301401417341], [28.147376841936563, 39.853553003343876], [28.14845482027752, 39.853553003343876], [28.14845482027752, 39.85516997085529], [28.149532798618452, 39.85516997085529], [28.149532798618452, 39.85732592753718], [28.15007178778893, 39.85732592753718], [28.15007178778893, 39.855708960025765], [28.15114976612989, 39.855708960025765], [28.15114976612989, 39.85624794919624], [28.15222774447082, 39.85624794919624], [28.15222774447082, 39.857864916707655], [28.15061077695941, 39.857864916707655], [28.15061077695941, 39.85840390587813], [28.149532798618452, 39.85840390587813], [28.149532798618452, 39.857864916707655], [28.148993809448, 39.857864916707655], [28.148993809448, 39.85732592753718], [28.147915831107042, 39.85732592753718], [28.147915831107042, 39.85678693836671], [28.14845482027752, 39.85678693836671], [28.14845482027752, 39.85624794919624], [28.147915831107042, 39.85624794919624], [28.147915831107042, 39.85463098168482], [28.1452208852547, 39.85463098168482], [28.1452208852547, 39.85247502500294]]]}, "id": "+386177+81907", "properties": {"area_ha": 12.684068284932296, "count": 46, "label": 1, "mean_dnbr": 0.19458971253754762}}, {"type": "Feature", "geometry": {"geodesic": false, "type": "Polygon", "coordinates": [[[28.15492269032319, 39.835227371547845], [28.1565396578346, 39.835227371547845], [28.1565396578346, 39.83576636071831], [28.15600066866412, 39.83576636071831], [28.15600066866412, 39.836844339059255], [28.15546167949364, 39.836844339059255], [28.15546167949364, 39.8379223174002], [28.15492269032319, 39.8379223174002], [28.15492269032319, 39.83738332822973], [28.15438370115271, 39.83738332822973], [28.15438370115271, 39.8379223174002], [28.15222774447082, 39.8379223174002], [28.15222774447082, 39.83846130657067], [28.14845482027752, 39.83846130657067], [28.14845482027752, 39.839000295741144], [28.147915831107042, 39.839000295741144], [28.147915831107042, 39.83846130657067], [28.14845482027752, 39.83846130657067], [28.14845482027752, 39.83738332822973], [28.148993809448, 39.83738332822973], [28.148993809448, 39.83630534988878], [28.15114976612989, 39.83630534988878], [28.15114976612989, 39.836844339059255], [28.15222774447082, 39.836844339059255], [28.15222774447082, 39.83576636071831], [28.1527667336413, 39.83576636071831], [28.1527667336413, 39.83630534988878], [28.15492269032319, 39.83630534988878], [28.15492269032319, 39.835227371547845]]]}, "id": "+386197+81939", "properties": {"area_ha": 13.51495782663594, "count": 49, "label": 1, "mean_dnbr": 0.20010932122388916}}, {"type": "Feature", "geometry": {"geodesic": false, "type": "Polygon", "coordinates": [[[28.15438370115271, 39.805582967171894], [28.1565396578346, 39.805582967171894], [28.1565396578346, 39.80773892385378], [28.15546167949364, 39.80773892385378], [28.15546167949364, 39.80666094551284], [28.15384471198223, 39.80666094551284], [28.15384471198223, 39.806121956342366], [28.15330572281175, 39.806121956342366], [28.15330572281175, 39.805582967171894], [28.15384471198223, 39.805582967171894], [28.15384471198223, 39.806121956342366], [28.15438370115271, 39.806121956342366], [28.15438370115271, 39.805582967171894]]]}, "id": "+386197+81994", "properties": {"area_ha": 3.8631323532041795, "count": 14, "label": 1, "mean_dnbr": 0.1737212017737648}}, {"type": "Feature", "geometry": {"geodesic": false, "type": "Polygon", "coordinates": [[[28.166241462903088, 40.01201581946256], [28.166780452073567, 40.01201581946256], [28.166780452073567, 40.012554808633034], [28.167319441244018, 40.012554808633034], [28.167319441244018, 40.01471076531492], [28.166780452073567, 40.01471076531492], [28.166780452073567, 40.015249754485396], [28.16570247373261, 40.015249754485396], [28.16570247373261, 40.01417177614445], [28.16516348456213, 40.01417177614445], [28.16516348456213, 40.013093797803506], [28.16570247373261, 40.013093797803506], [28.16570247373261, 40.012554808633034], [28.166241462903088, 40.012554808633034], [28.166241462903088, 40.01201581946256]]]}, "id": "+386216+81611", "properties": {"area_ha": 4.676777585390999, "count": 17, "label": 1, "mean_dnbr": 0.35715888511571076}}, {"type": "Feature", "geometry": {"geodesic": false, "type": "Polygon", "coordinates": [[[28.166780452073567, 39.99153423098464], [28.167319441244018, 39.99153423098464], [28.167319441244018, 39.99261220932558], [28.169475397925908, 39.99261220932558], [28.169475397925908, 39.99315119849605], [28.170553376266867, 39.99315119849605], [28.170553376266867, 39.99369018766652], [28.171092365437346, 39.99369018766652], [28.171092365437346, 39.994229176836996], [28.170014387096387, 39.994229176836996], [28.170014387096387, 39.99369018766652], [28.169475397925908, 39.99369018766652], [28.169475397925908, 39.99315119849605], [28.168397419584977, 39.99315119849605], [28.168397419584977, 39.994229176836996], [28.167319441244018, 39.994229176836996], [28.167319441244018, 39.99369018766652], [28.166780452073567, 39.99369018766652], [28.166780452073567, 39.99261220932558], [28.166241462903088, 39.99261220932558], [28.166241462903088, 39.99207322015511], [28.166780452073567, 39.99207322015511], [28.166780452073567, 39.99153423098464]]]}, "id": "+386217+81649", "properties": {"area_ha": 4.678179393674416, "count": 17, "label": 1, "mean_dnbr": 0.18516847230478733}}, {"type": "Feature", "geometry": {"geodesic": false, "type": "Polygon", "coordinates": [[[28.170014387096387, 39.98883928513228], [28.170553376266867, 39.98883928513228], [28.170553376266867, 39.990456252643696], [28.168397419584977, 39.990456252643696], [28.168397419584977, 39.99099524181417], [28.167319441244018, 39.99099524181417], [28.167319441244018, 39.989917263473224], [28.167858430414498, 39.989917263473224], [28.167858430414498, 39.98937827430275], [28.168936408755457, 39.98937827430275], [28.168936408755457, 39.989917263473224], [28.170014387096387, 39.989917263473224], [28.170014387096387, 39.98883928513228]]]}, "id": "+386223+81654", "properties": {"area_ha": 3.302404220003347, "count": 12, "label": 1, "mean_dnbr": 0.1850572325778663}}, {"type": "Feature", "geometry": {"geodesic": false, "type": "Polygon", "coordinates": [[[28.175943267971576, 39.9408692489603], [28.176482257142055, 39.9408692489603], [28.176482257142055, 39.94140823813077], [28.177021246312535, 39.94140823813077], [28.177021246312535, 39.94194722730124], [28.177560235482986, 39.94194722730124], [28.177560235482986, 39.943025205642186], [28.179177202994396, 39.943025205642186], [28.179177202994396, 39.944103183983124], [28.178638213823945, 39.944103183983124], [28.178638213823945, 39.94518116232407], [28.178099224653465, 39.94518116232407], [28.178099224653465, 39.94625914066501], [28.177021246312535, 39.94625914066501], [28.177021246312535, 39.946798129835486], [28.176482257142055, 39.946798129835486], [28.176482257142055, 39.94625914066501], [28.177021246312535, 39.94625914066501], [28.177021246312535, 39.94518116232407], [28.177560235482986, 39.94518116232407], [28.177560235482986, 39.94356419481266], [28.177021246312535, 39.94356419481266], [28.177021246312535, 39.942486216471714], [28.176482257142055, 39.942486216471714], [28.176482257142055, 39.94194722730124], [28.175943267971576, 39.94194722730124], [28.175943267971576, 39.9408692489603]]]}, "id": "+386234+81743", "properties": {"area_ha": 6.058489928820904, "count": 22, "label": 1, "mean_dnbr": 0.19887197112530802}}, {"type": "Feature", "geometry": {"geodesic": false, "type": "Polygon", "coordinates": [[[28.175404278801096, 39.971591631677185], [28.177560235482986, 39.971591631677185], [28.177560235482986, 39.97266961001813], [28.176482257142055, 39.97266961001813], [28.176482257142055, 39.973747588359075], [28.174865289630645, 39.973747588359075], [28.174865289630645, 39.97213062084766], [28.175404278801096, 39.97213062084766], [28.175404278801096, 39.971591631677185]]]}, "id": "+386236+81686", "properties": {"area_ha": 4.12905063258247, "count": 15, "label": 1, "mean_dnbr": 0.29123046383275975}}, {"type": "Feature", "geometry": {"geodesic": false, "type": "Polygon", "coordinates": [[[28.184567094699133, 40.00824289526926], [28.185645073040064, 40.00824289526926], [28.185645073040064, 40.008781884439735], [28.186184062210543, 40.008781884439735], [28.186184062210543, 40.00932087361021], [28.189417997233363, 40.00932087361021], [28.189417997233363, 40.010398851951145], [28.187801029721953, 40.010398851951145], [28.187801029721953, 40.01093784112162], [28.186184062210543, 40.01093784112162], [28.186184062210543, 40.01147683029209], [28.186723051381023, 40.01147683029209], [28.186723051381023, 40.01201581946256], [28.187262040551474, 40.01201581946256], [28.187262040551474, 40.012554808633034], [28.186184062210543, 40.012554808633034], [28.186184062210543, 40.01147683029209], [28.185106083869584, 40.01147683029209], [28.185106083869584, 40.01201581946256], [28.183489116358174, 40.01201581946256], [28.183489116358174, 40.01093784112162], [28.184567094699133, 40.01093784112162], [28.184567094699133, 40.010398851951145], [28.182950127187723, 40.010398851951145], [28.182950127187723, 40.00985986278068], [28.182411138017244, 40.00985986278068], [28.182411138017244, 40.00932087361021], [28.183489116358174, 40.00932087361021], [28.183489116358174, 40.008781884439735], [28.184567094699133, 40.008781884439735], [28.184567094699133, 40.00824289526926]], [[28.186184062210543, 40.00932087361021], [28.186184062210543, 40.010398851951145], [28.184567094699133, 40.010398851951145], [28.184567094699133, 40.00932087361021], [28.185106083869584, 40.00932087361021], [28.185106083869584, 40.00985986278068], [28.185645073040064, 40.00985986278068], [28.185645073040064, 40.00932087361021], [28.186184062210543, 40.00932087361021]], [[28.185645073040064, 40.008781884439735], [28.185645073040064, 40.00932087361021], [28.185106083869584, 40.00932087361021], [28.185106083869584, 40.008781884439735], [28.185645073040064, 40.008781884439735]]]}, "id": "+386251+81618", "properties": {"area_ha": 11.830075762127521, "count": 43, "label": 1, "mean_dnbr": 0.20656153058409904}}, {"type": "Feature", "geometry": {"geodesic": false, "type": "Polygon", "coordinates": [[[28.20073676981329, 39.82121365311558], [28.20289272649515, 39.82121365311558], [28.20289272649515, 39.82175264228605], [28.20343171566563, 39.82175264228605], [28.20343171566563, 39.82229163145652], [28.20289272649515, 39.82229163145652], [28.20289272649515, 39.822830620626995], [28.2023537373247, 39.822830620626995], [28.2023537373247, 39.82336960979747], [28.20181474815422, 39.82336960979747], [28.20181474815422, 39.82390859896793], [28.20073676981329, 39.82390859896793], [28.20073676981329, 39.82336960979747], [28.19965879147233, 39.82336960979747], [28.19965879147233, 39.822830620626995], [28.19911980230185, 39.822830620626995], [28.19911980230185, 39.82175264228605], [28.1985808131314, 39.82175264228605], [28.1985808131314, 39.82121365311558], [28.19911980230185, 39.82121365311558], [28.19911980230185, 39.82175264228605], [28.20073676981329, 39.82175264228605], [28.20073676981329, 39.82121365311558]]]}, "id": "+386283+81965", "properties": {"area_ha": 7.448596318935881, "count": 27, "label": 1, "mean_dnbr": 0.20862659338768386}}, {"type": "Feature", "geometry": {"geodesic": false, "type": "Polygon", "coordinates": [[[28.20828261819989, 40.08262340079436], [28.20936059654082, 40.08262340079436], [28.20936059654082, 40.083162389964826], [28.209899585711298, 40.083162389964826], [28.209899585711298, 40.0837013791353], [28.210438574881778, 40.0837013791353], [28.210438574881778, 40.08477935747624], [28.21097756405223, 40.08477935747624], [28.21097756405223, 40.08585733581719], [28.211516553222708, 40.08585733581719], [28.211516553222708, 40.08693531415813], [28.209899585711298, 40.08693531415813], [28.209899585711298, 40.087474303328605], [28.20828261819989, 40.087474303328605], [28.20828261819989, 40.08801329249908], [28.20720463985893, 40.08801329249908], [28.20720463985893, 40.08693531415813], [28.20666565068848, 40.08693531415813], [28.20666565068848, 40.085318346646716], [28.20774362902941, 40.085318346646716], [28.20774362902941, 40.08477935747624], [28.20882160737034, 40.08477935747624], [28.20882160737034, 40.0837013791353], [28.20936059654082, 40.0837013791353], [28.20936059654082, 40.083162389964826], [28.20828261819989, 40.083162389964826], [28.20828261819989, 40.08262340079436]]]}, "id": "+386295+81480", "properties": {"area_ha": 13.191072013350594, "count": 48, "label": 1, "mean_dnbr": 0.45373117354526993}}, {"type": "Feature", "geometry": {"geodesic": false, "type": "Polygon", "coordinates": [[[28.217984423268376, 40.09178621669238], [28.219062401609307, 40.09178621669238], [28.219062401609307, 40.093942173374266], [28.218523412438856, 40.093942173374266], [28.218523412438856, 40.09448116254474], [28.217984423268376, 40.09448116254474], [28.217984423268376, 40.093942173374266], [28.217445434097897, 40.093942173374266], [28.217445434097897, 40.09286419503332], [28.217984423268376, 40.09286419503332], [28.217984423268376, 40.09178621669238]]]}, "id": "+386313+81463", "properties": {"area_ha": 3.022626894530084, "count": 11, "label": 1, "mean_dnbr": 0.3855087419207349}}, {"type": "Feature", "geometry": {"geodesic": false, "type": "Polygon", "coordinates": [[[28.217984423268376, 40.09879307590851], [28.220140379950266, 40.09879307590851], [28.220140379950266, 40.09933206507898], [28.218523412438856, 40.09933206507898], [28.218523412438856, 40.099871054249455], [28.217984423268376, 40.099871054249455], [28.217984423268376, 40.10041004341993], [28.215828466586487, 40.10041004341993], [28.215828466586487, 40.10094903259039], [28.211516553222708, 40.10094903259039], [28.211516553222708, 40.101488021760865], [28.210438574881778, 40.101488021760865], [28.210438574881778, 40.10094903259039], [28.21097756405223, 40.10094903259039], [28.21097756405223, 40.10041004341993], [28.212594531563667, 40.10041004341993], [28.212594531563667, 40.099871054249455], [28.215289477416007, 40.099871054249455], [28.215289477416007, 40.09933206507898], [28.217984423268376, 40.09933206507898], [28.217984423268376, 40.09879307590851]]]}, "id": "+386315+81450", "properties": {"area_ha": 8.51746158195041, "count": 31, "label": 1, "mean_dnbr": 0.18212221715354485}}, {"type": "Feature", "geometry": {"geodesic": false, "type": "Polygon", "coordinates": [[[28.221757347461676, 40.09663711922662], [28.222296336632155, 40.09663711922662], [28.222296336632155, 40.09717610839709], [28.224452293314044, 40.09717610839709], [28.224452293314044, 40.097715097567566], [28.224991282484496, 40.097715097567566], [28.224991282484496, 40.09825408673804], [28.221757347461676, 40.09825408673804], [28.221757347461676, 40.09663711922662]]]}, "id": "+386319+81454", "properties": {"area_ha": 3.29720559212115, "count": 12, "label": 1, "mean_dnbr": 0.1834674988367121}}, {"type": "Feature", "geometry": {"geodesic": false, "type": "Polygon", "coordinates": [[[28.222296336632155, 40.00339199273502], [28.222835325802606, 40.00339199273502], [28.222835325802606, 40.00393098190549], [28.222296336632155, 40.00393098190549], [28.222296336632155, 40.004469971075956], [28.222835325802606, 40.004469971075956], [28.222835325802606, 40.00500896024643], [28.223374314973086, 40.00500896024643], [28.223374314973086, 40.004469971075956], [28.223913304143565, 40.004469971075956], [28.223913304143565, 40.00500896024643], [28.224452293314044, 40.00500896024643], [28.224452293314044, 40.0055479494169], [28.223913304143565, 40.0055479494169], [28.223913304143565, 40.00500896024643], [28.223374314973086, 40.00500896024643], [28.223374314973086, 40.0055479494169], [28.222296336632155, 40.0055479494169], [28.222296336632155, 40.00500896024643], [28.220679369120717, 40.00500896024643], [28.220679369120717, 40.00393098190549], [28.222296336632155, 40.00393098190549], [28.222296336632155, 40.00339199273502]]]}, "id": "+386320+81627", "properties": {"area_ha": 3.301693249735061, "count": 12, "label": 1, "mean_dnbr": 0.24083738529309007}}, {"type": "Feature", "geometry": {"geodesic": false, "type": "Polygon", "coordinates": [[[28.226608249995905, 40.09178621669238], [28.228764206677795, 40.09178621669238], [28.228764206677795, 40.09232520586285], [28.229303195848274, 40.09232520586285], [28.229303195848274, 40.09286419503332], [28.228225217507344, 40.09286419503332], [28.228225217507344, 40.093403184203794], [28.227686228336864, 40.093403184203794], [28.227686228336864, 40.093942173374266], [28.227147239166385, 40.093942173374266], [28.227147239166385, 40.09286419503332], [28.226608249995905, 40.09286419503332], [28.226608249995905, 40.09178621669238]]]}, "id": "+386331+81463", "properties": {"area_ha": 3.2974298614686917, "count": 12, "label": 1, "mean_dnbr": 0.16434718425566555}}, {"type": "Feature", "geometry": {"geodesic": false, "type": "Polygon", "coordinates": [[[28.229842185018754, 40.11442376185219], [28.231459152530164, 40.11442376185219], [28.231459152530164, 40.11550174019313], [28.231998141700643, 40.11550174019313], [28.231998141700643, 40.11765769687502], [28.229842185018754, 40.11765769687502], [28.229842185018754, 40.11442376185219]]]}, "id": "+386336+81421", "properties": {"area_ha": 6.0432106047103575, "count": 22, "label": 1, "mean_dnbr": 0.22160645716239377}}, {"type": "Feature", "geometry": {"geodesic": false, "type": "Polygon", "coordinates": [[[28.231459152530164, 40.229767444333135], [28.233615109212053, 40.229767444333135], [28.233615109212053, 40.23030643350361], [28.234154098382533, 40.23030643350361], [28.234154098382533, 40.23084542267408], [28.232537130871094, 40.23084542267408], [28.232537130871094, 40.23138441184455], [28.230920163359684, 40.23138441184455], [28.230920163359684, 40.23030643350361], [28.231459152530164, 40.23030643350361], [28.231459152530164, 40.229767444333135]]]}, "id": "+386340+81207", "properties": {"area_ha": 3.5649701875811117, "count": 13, "label": 1, "mean_dnbr": 0.277716522173814}}, {"type": "Feature", "geometry": {"geodesic": false, "type": "Polygon", "coordinates": [[[28.234154098382533, 40.23785228189021], [28.234693087552984, 40.23785228189021], [28.234693087552984, 40.238391271060685], [28.235232076723463, 40.238391271060685], [28.235232076723463, 40.23893026023116], [28.235771065893942, 40.23893026023116], [28.235771065893942, 40.240008238572095], [28.236310055064422, 40.240008238572095], [28.236310055064422, 40.24108621691304], [28.235232076723463, 40.24108621691304], [28.235232076723463, 40.24054722774257], [28.232537130871094, 40.24054722774257], [28.232537130871094, 40.23946924940162], [28.231998141700643, 40.23946924940162], [28.231998141700643, 40.238391271060685], [28.234154098382533, 40.238391271060685], [28.234154098382533, 40.23785228189021]]]}, "id": "+386342+81192", "properties": {"area_ha": 7.9515787631242985, "count": 29, "label": 1, "mean_dnbr": 0.5122343922187308}}, {"type": "Feature", "geometry": {"geodesic": false, "type": "Polygon", "coordinates": [[[28.238466011746283, 40.254560946174834], [28.240621968428172, 40.254560946174834], [28.240621968428172, 40.25509993534531], [28.24169994676913, 40.25509993534531], [28.24169994676913, 40.25617791368625], [28.24116095759865, 40.25617791368625], [28.24116095759865, 40.25671690285672], [28.240621968428172, 40.25671690285672], [28.240621968428172, 40.25779488119766], [28.239543990087242, 40.25779488119766], [28.239543990087242, 40.257255892027196], [28.239005000916762, 40.257255892027196], [28.239005000916762, 40.25671690285672], [28.238466011746283, 40.25671690285672], [28.238466011746283, 40.25617791368625], [28.237927022575832, 40.25617791368625], [28.237927022575832, 40.25509993534531], [28.238466011746283, 40.25509993534531], [28.238466011746283, 40.254560946174834]]]}, "id": "+386353+81161", "properties": {"area_ha": 7.675511878179288, "count": 28, "label": 1, "mean_dnbr": 0.2617031654309019}}, {"type": "Feature", "geometry": {"geodesic": false, "type": "Polygon", "coordinates": [[[28.239543990087242, 40.25995083787955], [28.24169994676913, 40.25995083787955], [28.24169994676913, 40.261028816220495], [28.24277792511006, 40.261028816220495], [28.24277792511006, 40.26264578373191], [28.24169994676913, 40.26264578373191], [28.24169994676913, 40.26372376207285], [28.24277792511006, 40.26372376207285], [28.24277792511006, 40.263184772902385], [28.24385590345102, 40.263184772902385], [28.24385590345102, 40.26372376207285], [28.24331691428054, 40.26372376207285], [28.24331691428054, 40.26426275124332], [28.24277792511006, 40.26426275124332], [28.24277792511006, 40.264801740413795], [28.24169994676913, 40.264801740413795], [28.24169994676913, 40.26426275124332], [28.24116095759865, 40.26426275124332], [28.24116095759865, 40.263184772902385], [28.24008297925772, 40.263184772902385], [28.24008297925772, 40.26264578373191], [28.239543990087242, 40.26264578373191], [28.239543990087242, 40.26210679456144], [28.239005000916762, 40.26210679456144], [28.239005000916762, 40.26264578373191], [28.238466011746283, 40.26264578373191], [28.238466011746283, 40.26210679456144], [28.237927022575832, 40.26210679456144], [28.237927022575832, 40.26156780539097], [28.238466011746283, 40.26156780539097], [28.238466011746283, 40.261028816220495], [28.239005000916762, 40.261028816220495], [28.239005000916762, 40.26048982705002], [28.239543990087242, 40.26048982705002], [28.239543990087242, 40.25995083787955]]]}, "id": "+386355+81151", "properties": {"area_ha": 12.334534751212011, "count": 45, "label": 1, "mean_dnbr": 0.4193895577681893}}, {"type": "Feature", "geometry": {"geodesic": false, "type": "Polygon", "coordinates": [[[28.24008297925772, 40.23461834686738], [28.24169994676913, 40.23461834686738], [28.24169994676913, 40.23569632520832], [28.24277792511006, 40.23569632520832], [28.24277792511006, 40.236235314378796], [28.240621968428172, 40.236235314378796], [28.240621968428172, 40.23677430354927], [28.24223893593961, 40.23677430354927], [28.24223893593961, 40.23785228189021], [28.24277792511006, 40.23785228189021], [28.24277792511006, 40.240008238572095], [28.240621968428172, 40.240008238572095], [28.240621968428172, 40.24054722774257], [28.24008297925772, 40.24054722774257], [28.24008297925772, 40.24108621691304], [28.240621968428172, 40.24108621691304], [28.240621968428172, 40.242164195253984], [28.24116095759865, 40.242164195253984], [28.24116095759865, 40.24324217359493], [28.24169994676913, 40.24324217359493], [28.24169994676913, 40.2437811627654], [28.24223893593961, 40.2437811627654], [28.24223893593961, 40.244320151935874], [28.240621968428172, 40.244320151935874], [28.240621968428172, 40.24270318442446], [28.24008297925772, 40.24270318442446], [28.24008297925772, 40.242164195253984], [28.239543990087242, 40.242164195253984], [28.239543990087242, 40.24108621691304], [28.239005000916762, 40.24108621691304], [28.239005000916762, 40.240008238572095], [28.239543990087242, 40.240008238572095], [28.239543990087242, 40.23946924940162], [28.239005000916762, 40.23946924940162], [28.239005000916762, 40.23893026023116], [28.238466011746283, 40.23893026023116], [28.238466011746283, 40.238391271060685], [28.237388033405352, 40.238391271060685], [28.237388033405352, 40.23785228189021], [28.236849044234873, 40.23785228189021], [28.236849044234873, 40.23731329271974], [28.236310055064422, 40.23731329271974], [28.236310055064422, 40.23677430354927], [28.237388033405352, 40.23677430354927], [28.237388033405352, 40.236235314378796], [28.238466011746283, 40.236235314378796], [28.238466011746283, 40.23569632520832], [28.239005000916762, 40.23569632520832], [28.239005000916762, 40.23515733603785], [28.24008297925772, 40.23515733603785], [28.24008297925772, 40.23461834686738]], [[28.24008297925772, 40.240008238572095], [28.24008297925772, 40.24054722774257], [28.239543990087242, 40.24054722774257], [28.239543990087242, 40.240008238572095], [28.24008297925772, 40.240008238572095]], [[28.24008297925772, 40.23677430354927], [28.24008297925772, 40.23731329271974], [28.239543990087242, 40.23731329271974], [28.239543990087242, 40.23785228189021], [28.239005000916762, 40.23785228189021], [28.239005000916762, 40.23731329271974], [28.238466011746283, 40.23731329271974], [28.238466011746283, 40.23677430354927], [28.24008297925772, 40.23677430354927]]]}, "id": "+386355+81198", "properties": {"area_ha": 23.580929874610234, "count": 86, "label": 1, "mean_dnbr": 0.5195647656962945}}, {"type": "Feature", "geometry": {"geodesic": false, "type": "Polygon", "coordinates": [[[28.240621968428172, 40.26534072958427], [28.24223893593961, 40.26534072958427], [28.24223893593961, 40.26587971875474], [28.24277792511006, 40.26587971875474], [28.24277792511006, 40.26641870792521], [28.24116095759865, 40.26641870792521], [28.24116095759865, 40.266957697095684], [28.24008297925772, 40.266957697095684], [28.24008297925772, 40.26641870792521], [28.239005000916762, 40.26641870792521], [28.239005000916762, 40.26587971875474], [28.240621968428172, 40.26587971875474], [28.240621968428172, 40.26534072958427]]]}, "id": "+386356+81141", "properties": {"area_ha": 3.2890127049069697, "count": 12, "label": 1, "mean_dnbr": 0.3126447955421803}}, {"type": "Feature", "geometry": {"geodesic": false, "type": "Polygon", "coordinates": [[[28.24385590345102, 40.27019163211851], [28.24439489262147, 40.27019163211851], [28.24439489262147, 40.2723475888004], [28.24331691428054, 40.2723475888004], [28.24331691428054, 40.27288657797087], [28.24277792511006, 40.27288657797087], [28.24277792511006, 40.2723475888004], [28.24223893593961, 40.2723475888004], [28.24223893593961, 40.27180859962993], [28.24169994676913, 40.27180859962993], [28.24169994676913, 40.27073062128898], [28.24385590345102, 40.27073062128898], [28.24385590345102, 40.27019163211851]]]}, "id": "+386360+81132", "properties": {"area_ha": 4.384996062442076, "count": 16, "label": 1, "mean_dnbr": 0.3146671047688197}}, {"type": "Feature", "geometry": {"geodesic": false, "type": "Polygon", "coordinates": [[[28.24493388179195, 40.23569632520832], [28.24762882764432, 40.23569632520832], [28.24762882764432, 40.236235314378796], [28.24655084930336, 40.236235314378796], [28.24655084930336, 40.23677430354927], [28.24547287096243, 40.23677430354927], [28.24547287096243, 40.23731329271974], [28.24439489262147, 40.23731329271974], [28.24439489262147, 40.236235314378796], [28.24493388179195, 40.236235314378796], [28.24493388179195, 40.23569632520832]]]}, "id": "+386366+81196", "properties": {"area_ha": 3.0162441175704755, "count": 11, "label": 1, "mean_dnbr": 0.5254560647840718}}, {"type": "Feature", "geometry": {"geodesic": false, "type": "Polygon", "coordinates": [[[28.24655084930336, 40.108494880977], [28.24762882764432, 40.108494880977], [28.24762882764432, 40.10903387014747], [28.2481678168148, 40.10903387014747], [28.2481678168148, 40.10957285931794], [28.24870680598525, 40.10957285931794], [28.24870680598525, 40.110111848488415], [28.2481678168148, 40.110111848488415], [28.2481678168148, 40.11065083765889], [28.24708983847384, 40.11065083765889], [28.24708983847384, 40.10957285931794], [28.24601186013291, 40.10957285931794], [28.24601186013291, 40.10903387014747], [28.24655084930336, 40.10903387014747], [28.24655084930336, 40.108494880977]]]}, "id": "+386366+81432", "properties": {"area_ha": 3.02189684586296, "count": 11, "label": 1, "mean_dnbr": 0.47144387254839454}}, {"type": "Feature", "geometry": {"geodesic": false, "type": "Polygon", "coordinates": [[[28.24601186013291, 40.254560946174834], [28.2481678168148, 40.254560946174834], [28.2481678168148, 40.25509993534531], [28.24870680598525, 40.25509993534531], [28.24870680598525, 40.25617791368625], [28.24708983847384, 40.25617791368625], [28.24708983847384, 40.25671690285672], [28.24601186013291, 40.25671690285672], [28.24601186013291, 40.25563892451578], [28.24547287096243, 40.25563892451578], [28.24547287096243, 40.25509993534531], [28.24601186013291, 40.25509993534531], [28.24601186013291, 40.254560946174834]]]}, "id": "+386367+81161", "properties": {"area_ha": 4.660161746792916, "count": 17, "label": 1, "mean_dnbr": 0.20660646938440477}}, {"type": "Feature", "geometry": {"geodesic": false, "type": "Polygon", "coordinates": [[[28.24870680598525, 40.2723475888004], [28.24924579515573, 40.2723475888004], [28.24924579515573, 40.27288657797087], [28.25086276266714, 40.27288657797087], [28.25086276266714, 40.273425567141345], [28.25032377349666, 40.273425567141345], [28.25032377349666, 40.27450354548229], [28.24978478432621, 40.27450354548229], [28.24978478432621, 40.27558152382323], [28.24762882764432, 40.27558152382323], [28.24762882764432, 40.27504253465276], [28.24708983847384, 40.27504253465276], [28.24708983847384, 40.27450354548229], [28.2481678168148, 40.27450354548229], [28.2481678168148, 40.27396455631182], [28.24870680598525, 40.27396455631182], [28.24870680598525, 40.2723475888004]]]}, "id": "+386369+81128", "properties": {"area_ha": 5.755087988266043, "count": 21, "label": 1, "mean_dnbr": 0.23723699470143114}}, {"type": "Feature", "geometry": {"geodesic": false, "type": "Polygon", "coordinates": [[[28.24655084930336, 40.22707249848078], [28.24924579515573, 40.22707249848078], [28.24924579515573, 40.22922845516266], [28.24762882764432, 40.22922845516266], [28.24762882764432, 40.22868946599219], [28.24655084930336, 40.22868946599219], [28.24655084930336, 40.22922845516266], [28.24601186013291, 40.22922845516266], [28.24601186013291, 40.23030643350361], [28.24439489262147, 40.23030643350361], [28.24439489262147, 40.229767444333135], [28.24277792511006, 40.229767444333135], [28.24277792511006, 40.22922845516266], [28.240621968428172, 40.22922845516266], [28.240621968428172, 40.22868946599219], [28.24008297925772, 40.22868946599219], [28.24008297925772, 40.227611487651245], [28.240621968428172, 40.227611487651245], [28.240621968428172, 40.22707249848078], [28.24169994676913, 40.22707249848078], [28.24169994676913, 40.227611487651245], [28.24223893593961, 40.227611487651245], [28.24223893593961, 40.22815047682172], [28.24439489262147, 40.22815047682172], [28.24439489262147, 40.22868946599219], [28.24547287096243, 40.22868946599219], [28.24547287096243, 40.227611487651245], [28.24655084930336, 40.227611487651245], [28.24655084930336, 40.22707249848078]]]}, "id": "+386369+81212", "properties": {"area_ha": 15.357251390746795, "count": 56, "label": 1, "mean_dnbr": 0.42381640771346357}}, {"type": "Feature", "geometry": {"geodesic": false, "type": "Polygon", "coordinates": [[[28.24762882764432, 40.13113242613681], [28.24924579515573, 40.13113242613681], [28.24924579515573, 40.13382737198917], [28.24762882764432, 40.13382737198917], [28.24762882764432, 40.13113242613681]]]}, "id": "+386369+81390", "properties": {"area_ha": 4.1193779534081, "count": 15, "label": 1, "mean_dnbr": 0.6166118889661389}}, {"type": "Feature", "geometry": {"geodesic": false, "type": "Polygon", "coordinates": [[[28.25032377349666, 40.25294397866342], [28.25301871934903, 40.25294397866342], [28.25301871934903, 40.25617791368625], [28.25247973017855, 40.25617791368625], [28.25247973017855, 40.25671690285672], [28.25140175183762, 40.25671690285672], [28.25140175183762, 40.25617791368625], [28.24978478432621, 40.25617791368625], [28.24978478432621, 40.25509993534531], [28.25032377349666, 40.25509993534531], [28.25032377349666, 40.254560946174834], [28.25086276266714, 40.254560946174834], [28.25086276266714, 40.25402195700436], [28.25032377349666, 40.25402195700436], [28.25032377349666, 40.25294397866342]]]}, "id": "+386376+81164", "properties": {"area_ha": 9.046297129574674, "count": 33, "label": 1, "mean_dnbr": 0.3418045040434433}}, {"type": "Feature", "geometry": {"geodesic": false, "type": "Polygon", "coordinates": [[[28.25301871934903, 40.22707249848078], [28.254096697689988, 40.22707249848078], [28.254096697689988, 40.227611487651245], [28.25517467603092, 40.227611487651245], [28.25517467603092, 40.22922845516266], [28.25463568686044, 40.22922845516266], [28.25463568686044, 40.22868946599219], [28.2519407410081, 40.22868946599219], [28.2519407410081, 40.22815047682172], [28.25247973017855, 40.22815047682172], [28.25247973017855, 40.227611487651245], [28.25301871934903, 40.227611487651245], [28.25301871934903, 40.22707249848078]]]}, "id": "+386378+81212", "properties": {"area_ha": 3.8393488002957055, "count": 14, "label": 1, "mean_dnbr": 0.22385720162279582}}, {"type": "Feature", "geometry": {"geodesic": false, "type": "Polygon", "coordinates": [[[28.254096697689988, 40.26264578373191], [28.25463568686044, 40.26264578373191], [28.25463568686044, 40.263184772902385], [28.25517467603092, 40.263184772902385], [28.25517467603092, 40.26372376207285], [28.25463568686044, 40.26372376207285], [28.25463568686044, 40.264801740413795], [28.25301871934903, 40.264801740413795], [28.25301871934903, 40.26426275124332], [28.25247973017855, 40.26426275124332], [28.25247973017855, 40.26372376207285], [28.25301871934903, 40.26372376207285], [28.25301871934903, 40.263184772902385], [28.254096697689988, 40.263184772902385], [28.254096697689988, 40.26264578373191]]]}, "id": "+386379+81146", "properties": {"area_ha": 3.2891250803074974, "count": 12, "label": 1, "mean_dnbr": 0.2916696378650281}}, {"type": "Feature", "geometry": {"geodesic": false, "type": "Polygon", "coordinates": [[[28.25247973017855, 40.2475540869587], [28.25463568686044, 40.2475540869587], [28.25463568686044, 40.248632065299645], [28.254096697689988, 40.248632065299645], [28.254096697689988, 40.24917105447012], [28.25247973017855, 40.24917105447012], [28.25247973017855, 40.24971004364059], [28.2519407410081, 40.24971004364059], [28.2519407410081, 40.248632065299645], [28.25247973017855, 40.248632065299645], [28.25247973017855, 40.2475540869587]]]}, "id": "+386379+81174", "properties": {"area_ha": 3.5640246827235313, "count": 13, "label": 1, "mean_dnbr": 0.30208152233609936}}, {"type": "Feature", "geometry": {"geodesic": false, "type": "Polygon", "coordinates": [[[28.254096697689988, 40.24162520608351], [28.25463568686044, 40.24162520608351], [28.25463568686044, 40.242164195253984], [28.25517467603092, 40.242164195253984], [28.25517467603092, 40.24270318442446], [28.25625265437185, 40.24270318442446], [28.25625265437185, 40.2437811627654], [28.255713665201398, 40.2437811627654], [28.255713665201398, 40.244320151935874], [28.25517467603092, 40.244320151935874], [28.25517467603092, 40.244859141106346], [28.25463568686044, 40.244859141106346], [28.25463568686044, 40.244320151935874], [28.25140175183762, 40.244320151935874], [28.25140175183762, 40.24162520608351], [28.2519407410081, 40.24162520608351], [28.2519407410081, 40.242164195253984], [28.25301871934903, 40.242164195253984], [28.25301871934903, 40.24162520608351], [28.25355770851951, 40.24162520608351], [28.25355770851951, 40.242164195253984], [28.254096697689988, 40.242164195253984], [28.254096697689988, 40.24162520608351]], [[28.255713665201398, 40.24324217359493], [28.255713665201398, 40.2437811627654], [28.25463568686044, 40.2437811627654], [28.25463568686044, 40.24324217359493], [28.255713665201398, 40.24324217359493]], [[28.254096697689988, 40.24270318442446], [28.254096697689988, 40.24324217359493], [28.25301871934903, 40.24324217359493], [28.25301871934903, 40.24270318442446], [28.254096697689988, 40.24270318442446]]]}, "id": "+386379+81185", "properties": {"area_ha": 9.047873365079699, "count": 33, "label": 1, "mean_dnbr": 0.32294131556134525}}, {"type": "Feature", "geometry": {"geodesic": false, "type": "Polygon", "coordinates": [[[28.25463568686044, 40.27180859962993], [28.25625265437185, 40.27180859962993], [28.25625265437185, 40.2723475888004], [28.25840861105374, 40.2723475888004], [28.25840861105374, 40.27288657797087], [28.257869621883287, 40.27288657797087], [28.257869621883287, 40.273425567141345], [28.25679164354233, 40.273425567141345], [28.25679164354233, 40.27396455631182], [28.25625265437185, 40.27396455631182], [28.25625265437185, 40.273425567141345], [28.255713665201398, 40.273425567141345], [28.255713665201398, 40.27450354548229], [28.25517467603092, 40.27450354548229], [28.25517467603092, 40.27396455631182], [28.25463568686044, 40.27396455631182], [28.25463568686044, 40.27288657797087], [28.254096697689988, 40.27288657797087], [28.254096697689988, 40.2723475888004], [28.25463568686044, 40.2723475888004], [28.25463568686044, 40.27180859962993]]]}, "id": "+386382+81129", "properties": {"area_ha": 5.755185760603931, "count": 21, "label": 1, "mean_dnbr": 0.2954446272159203}}, {"type": "Feature", "geometry": {"geodesic": false, "type": "Polygon", "coordinates": [[[28.255713665201398, 40.10526094595417], [28.25625265437185, 40.10526094595417], [28.25625265437185, 40.105799935124644], [28.257330632712808, 40.105799935124644], [28.257330632712808, 40.10687791346558], [28.25679164354233, 40.10687791346558], [28.25679164354233, 40.107416902636054], [28.25625265437185, 40.107416902636054], [28.25625265437185, 40.10687791346558], [28.25517467603092, 40.10687791346558], [28.25517467603092, 40.106338924295116], [28.25463568686044, 40.106338924295116], [28.25463568686044, 40.105799935124644], [28.255713665201398, 40.105799935124644], [28.255713665201398, 40.10526094595417]]]}, "id": "+386382+81438", "properties": {"area_ha": 3.0220392447642945, "count": 11, "label": 1, "mean_dnbr": 0.4507017546719194}}, {"type": "Feature", "geometry": {"geodesic": false, "type": "Polygon", "coordinates": [[[28.255713665201398, 40.25024903281106], [28.257330632712808, 40.25024903281106], [28.257330632712808, 40.250788021981535], [28.257869621883287, 40.250788021981535], [28.257869621883287, 40.25186600032247], [28.25840861105374, 40.25186600032247], [28.25840861105374, 40.25294397866342], [28.258947600224218, 40.25294397866342], [28.258947600224218, 40.254560946174834], [28.257869621883287, 40.254560946174834], [28.257869621883287, 40.252404989492945], [28.257330632712808, 40.252404989492945], [28.257330632712808, 40.25132701115201], [28.25679164354233, 40.25132701115201], [28.25679164354233, 40.25186600032247], [28.25625265437185, 40.25186600032247], [28.25625265437185, 40.25132701115201], [28.255713665201398, 40.25132701115201], [28.255713665201398, 40.25024903281106]]]}, "id": "+386384+81169", "properties": {"area_ha": 4.9345377353670035, "count": 18, "label": 1, "mean_dnbr": 0.337268489236187}}, {"type": "Feature", "geometry": {"geodesic": false, "type": "Polygon", "coordinates": [[[28.255713665201398, 40.221682606776056], [28.257330632712808, 40.221682606776056], [28.257330632712808, 40.22222159594653], [28.257869621883287, 40.22222159594653], [28.257869621883287, 40.222760585117], [28.257330632712808, 40.222760585117], [28.257330632712808, 40.22491654179889], [28.25625265437185, 40.22491654179889], [28.25625265437185, 40.22437755262842], [28.254096697689988, 40.22437755262842], [28.254096697689988, 40.22491654179889], [28.25517467603092, 40.22491654179889], [28.25517467603092, 40.22545553096936], [28.25625265437185, 40.22545553096936], [28.25625265437185, 40.22653350931031], [28.25463568686044, 40.22653350931031], [28.25463568686044, 40.225994520139835], [28.254096697689988, 40.225994520139835], [28.254096697689988, 40.22653350931031], [28.25247973017855, 40.22653350931031], [28.25247973017855, 40.22437755262842], [28.2519407410081, 40.22437755262842], [28.2519407410081, 40.223838563457946], [28.25140175183762, 40.223838563457946], [28.25140175183762, 40.22329957428747], [28.25086276266714, 40.22329957428747], [28.25086276266714, 40.222760585117], [28.25247973017855, 40.222760585117], [28.25247973017855, 40.22222159594653], [28.25301871934903, 40.22222159594653], [28.25301871934903, 40.22329957428747], [28.25517467603092, 40.22329957428747], [28.25517467603092, 40.22222159594653], [28.255713665201398, 40.22222159594653], [28.255713665201398, 40.221682606776056]], [[28.254096697689988, 40.223838563457946], [28.254096697689988, 40.22437755262842], [28.25355770851951, 40.22437755262842], [28.25355770851951, 40.223838563457946], [28.254096697689988, 40.223838563457946]]]}, "id": "+386384+81222", "properties": {"area_ha": 16.45526837903955, "count": 60, "label": 1, "mean_dnbr": 0.4775490277311027}}, {"type": "Feature", "geometry": {"geodesic": false, "type": "Polygon", "coordinates": [[[28.25679164354233, 40.2152147367304], [28.257330632712808, 40.2152147367304], [28.257330632712808, 40.21575372590087], [28.25840861105374, 40.21575372590087], [28.25840861105374, 40.21683170424181], [28.260025578565177, 40.21683170424181], [28.260025578565177, 40.217370693412285], [28.261103556906107, 40.217370693412285], [28.261103556906107, 40.21790968258276], [28.260564567735628, 40.21790968258276], [28.260564567735628, 40.21844867175323], [28.260025578565177, 40.21844867175323], [28.260025578565177, 40.2189876609237], [28.259486589394697, 40.2189876609237], [28.259486589394697, 40.21844867175323], [28.258947600224218, 40.21844867175323], [28.258947600224218, 40.21790968258276], [28.257869621883287, 40.21790968258276], [28.257869621883287, 40.21683170424181], [28.257330632712808, 40.21683170424181], [28.257330632712808, 40.21575372590087], [28.25679164354233, 40.21575372590087], [28.25679164354233, 40.2152147367304]]]}, "id": "+386384+81234", "properties": {"area_ha": 5.211359927621215, "count": 19, "label": 1, "mean_dnbr": 0.38280962697426824}}, {"type": "Feature", "geometry": {"geodesic": false, "type": "Polygon", "coordinates": [[[28.257330632712808, 40.23785228189021], [28.257869621883287, 40.23785228189021], [28.257869621883287, 40.23946924940162], [28.25840861105374, 40.23946924940162], [28.25840861105374, 40.240008238572095], [28.257869621883287, 40.240008238572095], [28.257869621883287, 40.24054722774257], [28.257330632712808, 40.24054722774257], [28.257330632712808, 40.24162520608351], [28.255713665201398, 40.24162520608351], [28.255713665201398, 40.240008238572095], [28.25517467603092, 40.240008238572095], [28.25517467603092, 40.23946924940162], [28.257330632712808, 40.23946924940162], [28.257330632712808, 40.23785228189021]]]}, "id": "+386385+81192", "properties": {"area_ha": 5.209602545059088, "count": 19, "label": 1, "mean_dnbr": 0.237594688349555}}, {"type": "Feature", "geometry": {"geodesic": false, "type": "Polygon", "coordinates": [[[28.257869621883287, 40.26803567543663], [28.258947600224218, 40.26803567543663], [28.258947600224218, 40.2685746646071], [28.259486589394697, 40.2685746646071], [28.259486589394697, 40.26911365377757], [28.258947600224218, 40.26911365377757], [28.258947600224218, 40.27019163211851], [28.25679164354233, 40.27019163211851], [28.25679164354233, 40.26911365377757], [28.257330632712808, 40.26911365377757], [28.257330632712808, 40.2685746646071], [28.257869621883287, 40.2685746646071], [28.257869621883287, 40.26803567543663]]]}, "id": "+386387+81136", "properties": {"area_ha": 3.837011422566651, "count": 14, "label": 1, "mean_dnbr": 0.6042534789576433}}, {"type": "Feature", "geometry": {"geodesic": false, "type": "Polygon", "coordinates": [[[28.25679164354233, 40.2189876609237], [28.258947600224218, 40.2189876609237], [28.258947600224218, 40.22114361760559], [28.257869621883287, 40.22114361760559], [28.257869621883287, 40.22060462843512], [28.257330632712808, 40.22060462843512], [28.257330632712808, 40.22006563926465], [28.25679164354233, 40.22006563926465], [28.25679164354233, 40.2189876609237]]]}, "id": "+386387+81227", "properties": {"area_ha": 3.565524362408465, "count": 13, "label": 1, "mean_dnbr": 0.6099207597895346}}, {"type": "Feature", "geometry": {"geodesic": false, "type": "Polygon", "coordinates": [[[28.258947600224218, 40.23300137935597], [28.260564567735628, 40.23300137935597], [28.260564567735628, 40.234079357696906], [28.260025578565177, 40.234079357696906], [28.260025578565177, 40.23461834686738], [28.260564567735628, 40.23461834686738], [28.260564567735628, 40.23515733603785], [28.259486589394697, 40.23515733603785], [28.259486589394697, 40.23461834686738], [28.25840861105374, 40.23461834686738], [28.25840861105374, 40.234079357696906], [28.258947600224218, 40.234079357696906], [28.258947600224218, 40.23300137935597]]]}, "id": "+386390+81201", "properties": {"area_ha": 3.0163584213135723, "count": 11, "label": 1, "mean_dnbr": 0.41148561619196555}}, {"type": "Feature", "geometry": {"geodesic": false, "type": "Polygon", "coordinates": [[[28.260564567735628, 40.23893026023116], [28.261642546076587, 40.23893026023116], [28.261642546076587, 40.240008238572095], [28.262181535247038, 40.240008238572095], [28.262181535247038, 40.24054722774257], [28.261642546076587, 40.24054722774257], [28.261642546076587, 40.24108621691304], [28.262720524417517, 40.24108621691304], [28.262720524417517, 40.24162520608351], [28.262181535247038, 40.24162520608351], [28.262181535247038, 40.242164195253984], [28.261103556906107, 40.242164195253984], [28.261103556906107, 40.24270318442446], [28.260564567735628, 40.24270318442446], [28.260564567735628, 40.24108621691304], [28.261103556906107, 40.24108621691304], [28.261103556906107, 40.24054722774257], [28.260564567735628, 40.24054722774257], [28.260564567735628, 40.240008238572095], [28.260025578565177, 40.240008238572095], [28.260025578565177, 40.23946924940162], [28.260564567735628, 40.23946924940162], [28.260564567735628, 40.23893026023116]]]}, "id": "+386392+81190", "properties": {"area_ha": 4.661181663802, "count": 17, "label": 1, "mean_dnbr": 0.3416709398363569}}, {"type": "Feature", "geometry": {"geodesic": false, "type": "Polygon", "coordinates": [[[28.260564567735628, 40.245937119447284], [28.262181535247038, 40.245937119447284], [28.262181535247038, 40.24701509778823], [28.261642546076587, 40.24701509778823], [28.261642546076587, 40.24809307612917], [28.260025578565177, 40.24809307612917], [28.260025578565177, 40.24701509778823], [28.259486589394697, 40.24701509778823], [28.259486589394697, 40.24809307612917], [28.258947600224218, 40.24809307612917], [28.258947600224218, 40.248632065299645], [28.257869621883287, 40.248632065299645], [28.257869621883287, 40.24917105447012], [28.25625265437185, 40.24917105447012], [28.25625265437185, 40.248632065299645], [28.255713665201398, 40.248632065299645], [28.255713665201398, 40.24809307612917], [28.25517467603092, 40.24809307612917], [28.25517467603092, 40.24701509778823], [28.25625265437185, 40.24701509778823], [28.25625265437185, 40.2475540869587], [28.25679164354233, 40.2475540869587], [28.25679164354233, 40.24701509778823], [28.257330632712808, 40.24701509778823], [28.257330632712808, 40.245937119447284], [28.258947600224218, 40.245937119447284], [28.258947600224218, 40.246476108617756], [28.260564567735628, 40.246476108617756], [28.260564567735628, 40.245937119447284]]]}, "id": "+386393+81177", "properties": {"area_ha": 12.337206764136061, "count": 45, "label": 1, "mean_dnbr": 0.4118761415962586}}, {"type": "Feature", "geometry": {"geodesic": false, "type": "Polygon", "coordinates": [[[28.262181535247038, 40.25995083787955], [28.262720524417517, 40.25995083787955], [28.262720524417517, 40.26048982705002], [28.263259513587997, 40.26048982705002], [28.263259513587997, 40.26156780539097], [28.263798502758476, 40.26156780539097], [28.263798502758476, 40.26264578373191], [28.265415470269886, 40.26264578373191], [28.265415470269886, 40.26372376207285], [28.264337491928927, 40.26372376207285], [28.264337491928927, 40.264801740413795], [28.263259513587997, 40.264801740413795], [28.263259513587997, 40.26426275124332], [28.261103556906107, 40.26426275124332], [28.261103556906107, 40.263184772902385], [28.262181535247038, 40.263184772902385], [28.262181535247038, 40.26210679456144], [28.262720524417517, 40.26210679456144], [28.262720524417517, 40.261028816220495], [28.262181535247038, 40.261028816220495], [28.262181535247038, 40.25995083787955]]]}, "id": "+386394+81151", "properties": {"area_ha": 8.497017902171686, "count": 31, "label": 1, "mean_dnbr": 0.3065506273330109}}, {"type": "Feature", "geometry": {"geodesic": false, "type": "Polygon", "coordinates": [[[28.261642546076587, 40.15592592797851], [28.263259513587997, 40.15592592797851], [28.263259513587997, 40.15646491714898], [28.263798502758476, 40.15646491714898], [28.263798502758476, 40.15700390631945], [28.264337491928927, 40.15700390631945], [28.264337491928927, 40.157542895489925], [28.263798502758476, 40.157542895489925], [28.263798502758476, 40.1580818846604], [28.264337491928927, 40.1580818846604], [28.264337491928927, 40.15862087383087], [28.266493448610817, 40.15862087383087], [28.266493448610817, 40.16023784134229], [28.267032437781296, 40.16023784134229], [28.267032437781296, 40.164010765535586], [28.266493448610817, 40.164010765535586], [28.266493448610817, 40.16454975470606], [28.265954459440366, 40.16454975470606], [28.265954459440366, 40.165627733047], [28.264337491928927, 40.165627733047], [28.264337491928927, 40.163471776365114], [28.263798502758476, 40.163471776365114], [28.263798502758476, 40.16239379802417], [28.263259513587997, 40.16239379802417], [28.263259513587997, 40.16023784134229], [28.262720524417517, 40.16023784134229], [28.262720524417517, 40.1580818846604], [28.261103556906107, 40.1580818846604], [28.261103556906107, 40.15646491714898], [28.261642546076587, 40.15646491714898], [28.261642546076587, 40.15592592797851]]]}, "id": "+386395+81344", "properties": {"area_ha": 26.902095796423545, "count": 98, "label": 1, "mean_dnbr": 0.35526981876952546}}, {"type": "Feature", "geometry": {"geodesic": false, "type": "Polygon", "coordinates": [[[28.262720524417517, 40.2189876609237], [28.263798502758476, 40.2189876609237], [28.263798502758476, 40.219526650094174], [28.264337491928927, 40.219526650094174], [28.264337491928927, 40.22114361760559], [28.262720524417517, 40.22114361760559], [28.262720524417517, 40.2189876609237]]]}, "id": "+386396+81227", "properties": {"area_ha": 3.0169791702965982, "count": 11, "label": 1, "mean_dnbr": 0.5527263997750508}}, {"type": "Feature", "geometry": {"geodesic": false, "type": "Polygon", "coordinates": [[[28.264337491928927, 40.258872859538606], [28.264876481099407, 40.258872859538606], [28.264876481099407, 40.25941184870908], [28.265415470269886, 40.25941184870908], [28.265415470269886, 40.25995083787955], [28.265954459440366, 40.25995083787955], [28.265954459440366, 40.26048982705002], [28.265415470269886, 40.26048982705002], [28.265415470269886, 40.261028816220495], [28.263798502758476, 40.261028816220495], [28.263798502758476, 40.25941184870908], [28.264337491928927, 40.25941184870908], [28.264337491928927, 40.258872859538606]]]}, "id": "+386398+81153", "properties": {"area_ha": 3.0151986327558733, "count": 11, "label": 1, "mean_dnbr": 0.2511493324336354}}, {"type": "Feature", "geometry": {"geodesic": false, "type": "Polygon", "coordinates": [[[28.264876481099407, 40.24108621691304], [28.265954459440366, 40.24108621691304], [28.265954459440366, 40.2437811627654], [28.267032437781296, 40.2437811627654], [28.267032437781296, 40.244320151935874], [28.267571426951775, 40.244320151935874], [28.267571426951775, 40.2437811627654], [28.268649405292706, 40.2437811627654], [28.268649405292706, 40.244859141106346], [28.266493448610817, 40.244859141106346], [28.266493448610817, 40.24539813027682], [28.265415470269886, 40.24539813027682], [28.265415470269886, 40.244859141106346], [28.266493448610817, 40.244859141106346], [28.266493448610817, 40.244320151935874], [28.265954459440366, 40.244320151935874], [28.265954459440366, 40.2437811627654], [28.263798502758476, 40.2437811627654], [28.263798502758476, 40.24270318442446], [28.263259513587997, 40.24270318442446], [28.263259513587997, 40.24162520608351], [28.264876481099407, 40.24162520608351], [28.264876481099407, 40.24108621691304]]]}, "id": "+386400+81186", "properties": {"area_ha": 8.22533039712023, "count": 30, "label": 1, "mean_dnbr": 0.4114608128768676}}, {"type": "Feature", "geometry": {"geodesic": false, "type": "Polygon", "coordinates": [[[28.265954459440366, 40.09016924918096], [28.266493448610817, 40.09016924918096], [28.266493448610817, 40.09070823835143], [28.267032437781296, 40.09070823835143], [28.267032437781296, 40.091247227521905], [28.268649405292706, 40.091247227521905], [28.268649405292706, 40.09178621669238], [28.269188394463185, 40.09178621669238], [28.269188394463185, 40.09232520586285], [28.269727383633665, 40.09232520586285], [28.269727383633665, 40.093403184203794], [28.266493448610817, 40.093403184203794], [28.266493448610817, 40.09286419503332], [28.265954459440366, 40.09286419503332], [28.265954459440366, 40.09016924918096]]]}, "id": "+386401+81466", "properties": {"area_ha": 7.419293345796839, "count": 27, "label": 1, "mean_dnbr": 0.3372162549334865}}, {"type": "Feature", "geometry": {"geodesic": false, "type": "Polygon", "coordinates": [[[28.267571426951775, 40.26641870792521], [28.268649405292706, 40.26641870792521], [28.268649405292706, 40.267496686266156], [28.269727383633665, 40.267496686266156], [28.269727383633665, 40.2685746646071], [28.268110416122227, 40.2685746646071], [28.268110416122227, 40.26803567543663], [28.267571426951775, 40.26803567543663], [28.267571426951775, 40.26641870792521]]]}, "id": "+386405+81139", "properties": {"area_ha": 3.0148632275795846, "count": 11, "label": 1, "mean_dnbr": 0.355162622656962}}, {"type": "Feature", "geometry": {"geodesic": false, "type": "Polygon", "coordinates": [[[28.265954459440366, 40.25024903281106], [28.268649405292706, 40.25024903281106], [28.268649405292706, 40.25132701115201], [28.266493448610817, 40.25132701115201], [28.266493448610817, 40.252404989492945], [28.267032437781296, 40.252404989492945], [28.267032437781296, 40.25348296783389], [28.266493448610817, 40.25348296783389], [28.266493448610817, 40.254560946174834], [28.265954459440366, 40.254560946174834], [28.265954459440366, 40.25348296783389], [28.265415470269886, 40.25348296783389], [28.265415470269886, 40.25402195700436], [28.264876481099407, 40.25402195700436], [28.264876481099407, 40.254560946174834], [28.264337491928927, 40.254560946174834], [28.264337491928927, 40.25563892451578], [28.264876481099407, 40.25563892451578], [28.264876481099407, 40.25617791368625], [28.264337491928927, 40.25617791368625], [28.264337491928927, 40.25671690285672], [28.264876481099407, 40.25671690285672], [28.264876481099407, 40.257255892027196], [28.264337491928927, 40.257255892027196], [28.264337491928927, 40.25833387036813], [28.263798502758476, 40.25833387036813], [28.263798502758476, 40.258872859538606], [28.262181535247038, 40.258872859538606], [28.262181535247038, 40.25617791368625], [28.261642546076587, 40.25617791368625], [28.261642546076587, 40.25563892451578], [28.261103556906107, 40.25563892451578], [28.261103556906107, 40.25509993534531], [28.261642546076587, 40.25509993534531], [28.261642546076587, 40.254560946174834], [28.262720524417517, 40.254560946174834], [28.262720524417517, 40.25402195700436], [28.261642546076587, 40.25402195700436], [28.261642546076587, 40.25348296783389], [28.262181535247038, 40.25348296783389], [28.262181535247038, 40.252404989492945], [28.263259513587997, 40.252404989492945], [28.263259513587997, 40.25186600032247], [28.263798502758476, 40.25186600032247], [28.263798502758476, 40.252404989492945], [28.264337491928927, 40.252404989492945], [28.264337491928927, 40.25186600032247], [28.265415470269886, 40.25186600032247], [28.265415470269886, 40.25132701115201], [28.265954459440366, 40.25132701115201], [28.265954459440366, 40.25024903281106]]]}, "id": "+386405+81169", "properties": {"area_ha": 23.301236570409404, "count": 85, "label": 1, "mean_dnbr": 0.36415695878874615}}, {"type": "Feature", "geometry": {"geodesic": false, "type": "Polygon", "coordinates": [[[28.268110416122227, 40.263184772902385], [28.269727383633665, 40.263184772902385], [28.269727383633665, 40.26534072958427], [28.268649405292706, 40.26534072958427], [28.268649405292706, 40.26587971875474], [28.266493448610817, 40.26587971875474], [28.266493448610817, 40.26534072958427], [28.265954459440366, 40.26534072958427], [28.265954459440366, 40.26641870792521], [28.263259513587997, 40.26641870792521], [28.263259513587997, 40.26534072958427], [28.265415470269886, 40.26534072958427], [28.265415470269886, 40.26426275124332], [28.268110416122227, 40.26426275124332], [28.268110416122227, 40.263184772902385]]]}, "id": "+386407+81145", "properties": {"area_ha": 9.86719944982999, "count": 36, "label": 1, "mean_dnbr": 0.38227033000712163}}, {"type": "Feature", "geometry": {"geodesic": false, "type": "Polygon", "coordinates": [[[28.269188394463185, 40.13813928535294], [28.269727383633665, 40.13813928535294], [28.269727383633665, 40.138678274523414], [28.270266372804116, 40.138678274523414], [28.270266372804116, 40.13921726369389], [28.270805361974595, 40.13921726369389], [28.270805361974595, 40.13975625286436], [28.271344351145075, 40.13975625286436], [28.271344351145075, 40.14029524203483], [28.270805361974595, 40.14029524203483], [28.270805361974595, 40.140834231205304], [28.271883340315554, 40.140834231205304], [28.271883340315554, 40.141373220375776], [28.272422329486005, 40.141373220375776], [28.272422329486005, 40.14191220954625], [28.272961318656485, 40.14191220954625], [28.272961318656485, 40.142990187887186], [28.273500307826964, 40.142990187887186], [28.273500307826964, 40.14352917705766], [28.271883340315554, 40.14352917705766], [28.271883340315554, 40.14406816622813], [28.271344351145075, 40.14406816622813], [28.271344351145075, 40.1446071553986], [28.270266372804116, 40.1446071553986], [28.270266372804116, 40.14352917705766], [28.269727383633665, 40.14352917705766], [28.269727383633665, 40.14191220954625], [28.269188394463185, 40.14191220954625], [28.269188394463185, 40.140834231205304], [28.268649405292706, 40.140834231205304], [28.268649405292706, 40.14029524203483], [28.268110416122227, 40.14029524203483], [28.268110416122227, 40.13921726369389], [28.269188394463185, 40.13921726369389], [28.269188394463185, 40.13813928535294]]]}, "id": "+386407+81377", "properties": {"area_ha": 14.553187883528171, "count": 53, "label": 1, "mean_dnbr": 0.19470264668263848}}, {"type": "Feature", "geometry": {"geodesic": false, "type": "Polygon", "coordinates": [[[28.268110416122227, 40.232462390185496], [28.270266372804116, 40.232462390185496], [28.270266372804116, 40.233540368526434], [28.270805361974595, 40.233540368526434], [28.270805361974595, 40.23461834686738], [28.269188394463185, 40.23461834686738], [28.269188394463185, 40.23515733603785], [28.268649405292706, 40.23515733603785], [28.268649405292706, 40.233540368526434], [28.268110416122227, 40.233540368526434], [28.268110416122227, 40.232462390185496]]]}, "id": "+386408+81202", "properties": {"area_ha": 4.661669569793847, "count": 17, "label": 1, "mean_dnbr": 0.42034495949720896}}, {"type": "Feature", "geometry": {"geodesic": false, "type": "Polygon", "coordinates": [[[28.269188394463185, 40.25294397866342], [28.271344351145075, 40.25294397866342], [28.271344351145075, 40.254560946174834], [28.270266372804116, 40.254560946174834], [28.270266372804116, 40.25509993534531], [28.268649405292706, 40.25509993534531], [28.268649405292706, 40.25671690285672], [28.269188394463185, 40.25671690285672], [28.269188394463185, 40.25779488119766], [28.269727383633665, 40.25779488119766], [28.269727383633665, 40.25941184870908], [28.269188394463185, 40.25941184870908], [28.269188394463185, 40.25995083787955], [28.268649405292706, 40.25995083787955], [28.268649405292706, 40.258872859538606], [28.268110416122227, 40.258872859538606], [28.268110416122227, 40.254560946174834], [28.267571426951775, 40.254560946174834], [28.267571426951775, 40.25348296783389], [28.269188394463185, 40.25348296783389], [28.269188394463185, 40.25294397866342]]]}, "id": "+386410+81164", "properties": {"area_ha": 10.416820801932978, "count": 38, "label": 1, "mean_dnbr": 0.5643587817409662}}, {"type": "Feature", "geometry": {"geodesic": false, "type": "Polygon", "coordinates": [[[28.270805361974595, 40.10957285931794], [28.271344351145075, 40.10957285931794], [28.271344351145075, 40.110111848488415], [28.272422329486005, 40.110111848488415], [28.272422329486005, 40.11065083765889], [28.273500307826964, 40.11065083765889], [28.273500307826964, 40.11280679434077], [28.272961318656485, 40.11280679434077], [28.272961318656485, 40.11334578351124], [28.271344351145075, 40.11334578351124], [28.271344351145075, 40.11280679434077], [28.270805361974595, 40.11280679434077], [28.270805361974595, 40.10957285931794]]]}, "id": "+386410+81430", "properties": {"area_ha": 7.417152711628701, "count": 27, "label": 1, "mean_dnbr": 0.4830878983282165}}, {"type": "Feature", "geometry": {"geodesic": false, "type": "Polygon", "coordinates": [[[28.270266372804116, 40.15646491714898], [28.272422329486005, 40.15646491714898], [28.272422329486005, 40.15700390631945], [28.272961318656485, 40.15700390631945], [28.272961318656485, 40.157542895489925], [28.273500307826964, 40.157542895489925], [28.273500307826964, 40.1580818846604], [28.272961318656485, 40.1580818846604], [28.272961318656485, 40.15862087383087], [28.271883340315554, 40.15862087383087], [28.271883340315554, 40.15915986300134], [28.271344351145075, 40.15915986300134], [28.271344351145075, 40.15862087383087], [28.270805361974595, 40.15862087383087], [28.270805361974595, 40.1580818846604], [28.270266372804116, 40.1580818846604], [28.270266372804116, 40.157542895489925], [28.269727383633665, 40.157542895489925], [28.269727383633665, 40.15700390631945], [28.270266372804116, 40.15700390631945], [28.270266372804116, 40.15646491714898]]]}, "id": "+386412+81343", "properties": {"area_ha": 5.764990613457733, "count": 21, "label": 1, "mean_dnbr": 0.35068964486146575}}, {"type": "Feature", "geometry": {"geodesic": false, "type": "Polygon", "coordinates": [[[28.272422329486005, 40.27180859962993], [28.274039296997415, 40.27180859962993], [28.274039296997415, 40.2723475888004], [28.275656264508854, 40.2723475888004], [28.275656264508854, 40.273425567141345], [28.275117275338374, 40.273425567141345], [28.275117275338374, 40.27396455631182], [28.274578286167895, 40.27396455631182], [28.274578286167895, 40.27504253465276], [28.274039296997415, 40.27504253465276], [28.274039296997415, 40.27558152382323], [28.273500307826964, 40.27558152382323], [28.273500307826964, 40.27504253465276], [28.272961318656485, 40.27504253465276], [28.272961318656485, 40.273425567141345], [28.272422329486005, 40.273425567141345], [28.272422329486005, 40.27288657797087], [28.272961318656485, 40.27288657797087], [28.272961318656485, 40.2723475888004], [28.272422329486005, 40.2723475888004], [28.272422329486005, 40.27180859962993]]]}, "id": "+386415+81129", "properties": {"area_ha": 6.851366757628137, "count": 25, "label": 1, "mean_dnbr": 0.4946176876222563}}, {"type": "Feature", "geometry": {"geodesic": false, "type": "Polygon", "coordinates": [[[28.273500307826964, 40.26641870792521], [28.274039296997415, 40.26641870792521], [28.274039296997415, 40.266957697095684], [28.275117275338374, 40.266957697095684], [28.275117275338374, 40.26803567543663], [28.276734242849784, 40.26803567543663], [28.276734242849784, 40.2685746646071], [28.277273232020264, 40.2685746646071], [28.277273232020264, 40.26965264294804], [28.275656264508854, 40.26965264294804], [28.275656264508854, 40.26911365377757], [28.275117275338374, 40.26911365377757], [28.275117275338374, 40.2685746646071], [28.272961318656485, 40.2685746646071], [28.272961318656485, 40.267496686266156], [28.273500307826964, 40.267496686266156], [28.273500307826964, 40.26641870792521]]]}, "id": "+386415+81139", "properties": {"area_ha": 6.0296750323665105, "count": 22, "label": 1, "mean_dnbr": 0.5468347947813408}}, {"type": "Feature", "geometry": {"geodesic": false, "type": "Polygon", "coordinates": [[[28.272422329486005, 40.23515733603785], [28.274039296997415, 40.23515733603785], [28.274039296997415, 40.23569632520832], [28.274578286167895, 40.23569632520832], [28.274578286167895, 40.23677430354927], [28.273500307826964, 40.23677430354927], [28.273500307826964, 40.23731329271974], [28.272961318656485, 40.23731329271974], [28.272961318656485, 40.23677430354927], [28.272422329486005, 40.23677430354927], [28.272422329486005, 40.23785228189021], [28.270805361974595, 40.23785228189021], [28.270805361974595, 40.23731329271974], [28.271344351145075, 40.23731329271974], [28.271344351145075, 40.23677430354927], [28.272422329486005, 40.23677430354927], [28.272422329486005, 40.23515733603785]]]}, "id": "+386415+81197", "properties": {"area_ha": 4.661476953431985, "count": 17, "label": 1, "mean_dnbr": 0.4320900648326041}}, {"type": "Feature", "geometry": {"geodesic": false, "type": "Polygon", "coordinates": [[[28.271883340315554, 40.132749393648226], [28.274039296997415, 40.132749393648226], [28.274039296997415, 40.13382737198917], [28.272422329486005, 40.13382737198917], [28.272422329486005, 40.13436636115964], [28.271883340315554, 40.13436636115964], [28.271883340315554, 40.134905350330115], [28.270266372804116, 40.134905350330115], [28.270266372804116, 40.13544433950059], [28.269727383633665, 40.13544433950059], [28.269727383633665, 40.13598332867106], [28.268110416122227, 40.13598332867106], [28.268110416122227, 40.13652231784153], [28.267032437781296, 40.13652231784153], [28.267032437781296, 40.137061307012], [28.265415470269886, 40.137061307012], [28.265415470269886, 40.13760029618247], [28.264876481099407, 40.13760029618247], [28.264876481099407, 40.13813928535294], [28.263259513587997, 40.13813928535294], [28.263259513587997, 40.138678274523414], [28.262181535247038, 40.138678274523414], [28.262181535247038, 40.13921726369389], [28.260564567735628, 40.13921726369389], [28.260564567735628, 40.138678274523414], [28.260025578565177, 40.138678274523414], [28.260025578565177, 40.13813928535294], [28.261103556906107, 40.13813928535294], [28.261103556906107, 40.13760029618247], [28.261642546076587, 40.13760029618247], [28.261642546076587, 40.137061307012], [28.263798502758476, 40.137061307012], [28.263798502758476, 40.13652231784153], [28.264337491928927, 40.13652231784153], [28.264337491928927, 40.13598332867106], [28.265954459440366, 40.13598332867106], [28.265954459440366, 40.13544433950059], [28.266493448610817, 40.13544433950059], [28.266493448610817, 40.134905350330115], [28.268649405292706, 40.134905350330115], [28.268649405292706, 40.13382737198917], [28.270805361974595, 40.13382737198917], [28.270805361974595, 40.1332883828187], [28.271883340315554, 40.1332883828187], [28.271883340315554, 40.132749393648226]]]}, "id": "+386415+81387", "properties": {"area_ha": 20.046602957319276, "count": 73, "label": 1, "mean_dnbr": 0.41134126125979004}}, {"type": "Feature", "geometry": {"geodesic": false, "type": "Polygon", "coordinates": [[[28.275117275338374, 40.2761205129937], [28.276195253679305, 40.2761205129937], [28.276195253679305, 40.277198491334644], [28.275656264508854, 40.277198491334644], [28.275656264508854, 40.27827646967559], [28.276195253679305, 40.27827646967559], [28.276195253679305, 40.279354448016534], [28.275656264508854, 40.279354448016534], [28.275656264508854, 40.27881545884606], [28.275117275338374, 40.27881545884606], [28.275117275338374, 40.27827646967559], [28.274578286167895, 40.27827646967559], [28.274578286167895, 40.27665950216417], [28.275117275338374, 40.27665950216417], [28.275117275338374, 40.2761205129937]]]}, "id": "+386419+81121", "properties": {"area_ha": 3.288456360164968, "count": 12, "label": 1, "mean_dnbr": 0.27501533626537833}}, {"type": "Feature", "geometry": {"geodesic": false, "type": "Polygon", "coordinates": [[[28.276195253679305, 40.223838563457946], [28.278351210361194, 40.223838563457946], [28.278351210361194, 40.225994520139835], [28.277812221190743, 40.225994520139835], [28.277812221190743, 40.22545553096936], [28.276195253679305, 40.22545553096936], [28.276195253679305, 40.22707249848078], [28.278351210361194, 40.22707249848078], [28.278351210361194, 40.22653350931031], [28.278890199531673, 40.22653350931031], [28.278890199531673, 40.22815047682172], [28.277812221190743, 40.22815047682172], [28.277812221190743, 40.22922845516266], [28.275117275338374, 40.22922845516266], [28.275117275338374, 40.227611487651245], [28.274578286167895, 40.227611487651245], [28.274578286167895, 40.22815047682172], [28.272961318656485, 40.22815047682172], [28.272961318656485, 40.22922845516266], [28.272422329486005, 40.22922845516266], [28.272422329486005, 40.22815047682172], [28.271883340315554, 40.22815047682172], [28.271883340315554, 40.227611487651245], [28.271344351145075, 40.227611487651245], [28.271344351145075, 40.22815047682172], [28.270266372804116, 40.22815047682172], [28.270266372804116, 40.22922845516266], [28.269727383633665, 40.22922845516266], [28.269727383633665, 40.22868946599219], [28.269188394463185, 40.22868946599219], [28.269188394463185, 40.22815047682172], [28.268649405292706, 40.22815047682172], [28.268649405292706, 40.227611487651245], [28.269727383633665, 40.227611487651245], [28.269727383633665, 40.22653350931031], [28.270805361974595, 40.22653350931031], [28.270805361974595, 40.22707249848078], [28.271883340315554, 40.22707249848078], [28.271883340315554, 40.22653350931031], [28.272961318656485, 40.22653350931031], [28.272961318656485, 40.225994520139835], [28.275656264508854, 40.225994520139835], [28.275656264508854, 40.22545553096936], [28.276195253679305, 40.22545553096936], [28.276195253679305, 40.223838563457946]]]}, "id": "+386423+81218", "properties": {"area_ha": 21.93938745075947, "count": 80, "label": 1, "mean_dnbr": 0.37302029045741303}}, {"type": "Feature", "geometry": {"geodesic": false, "type": "Polygon", "coordinates": [[[28.277812221190743, 40.145146144569075], [28.279968177872604, 40.145146144569075], [28.279968177872604, 40.14568513373955], [28.280507167043083, 40.14568513373955], [28.280507167043083, 40.14622412291002], [28.279968177872604, 40.14622412291002], [28.279968177872604, 40.14676311208049], [28.279429188702153, 40.14676311208049], [28.279429188702153, 40.147302101250965], [28.278351210361194, 40.147302101250965], [28.278351210361194, 40.14784109042144], [28.276734242849784, 40.14784109042144], [28.276734242849784, 40.14838007959191], [28.276195253679305, 40.14838007959191], [28.276195253679305, 40.14891906876238], [28.274578286167895, 40.14891906876238], [28.274578286167895, 40.14945805793285], [28.274039296997415, 40.14945805793285], [28.274039296997415, 40.14999704710332], [28.272422329486005, 40.14999704710332], [28.272422329486005, 40.15053603627379], [28.271344351145075, 40.15053603627379], [28.271344351145075, 40.151075025444264], [28.269727383633665, 40.151075025444264], [28.269727383633665, 40.15053603627379], [28.269188394463185, 40.15053603627379], [28.269188394463185, 40.14999704710332], [28.268649405292706, 40.14999704710332], [28.268649405292706, 40.14891906876238], [28.269727383633665, 40.14891906876238], [28.269727383633665, 40.14838007959191], [28.272422329486005, 40.14838007959191], [28.272422329486005, 40.14891906876238], [28.274039296997415, 40.14891906876238], [28.274039296997415, 40.14838007959191], [28.275117275338374, 40.14838007959191], [28.275117275338374, 40.14784109042144], [28.274578286167895, 40.14784109042144], [28.274578286167895, 40.14622412291002], [28.275117275338374, 40.14622412291002], [28.275117275338374, 40.14568513373955], [28.277812221190743, 40.14568513373955], [28.277812221190743, 40.145146144569075]], [[28.270805361974595, 40.14945805793285], [28.270805361974595, 40.14999704710332], [28.270266372804116, 40.14999704710332], [28.270266372804116, 40.14945805793285], [28.270805361974595, 40.14945805793285]], [[28.276195253679305, 40.147302101250965], [28.276195253679305, 40.14784109042144], [28.275117275338374, 40.14784109042144], [28.275117275338374, 40.147302101250965], [28.276195253679305, 40.147302101250965]]]}, "id": "+386426+81364", "properties": {"area_ha": 21.690410707652983, "count": 79, "label": 1, "mean_dnbr": 0.2542427539669861}}, {"type": "Feature", "geometry": {"geodesic": false, "type": "Polygon", "coordinates": [[[28.279429188702153, 40.08208441162389], [28.280507167043083, 40.08208441162389], [28.280507167043083, 40.083162389964826], [28.281046156213563, 40.083162389964826], [28.281046156213563, 40.0837013791353], [28.280507167043083, 40.0837013791353], [28.280507167043083, 40.08424036830577], [28.282124134554493, 40.08424036830577], [28.282124134554493, 40.08477935747624], [28.281585145384042, 40.08477935747624], [28.281585145384042, 40.085318346646716], [28.281046156213563, 40.085318346646716], [28.281046156213563, 40.08639632498766], [28.279968177872604, 40.08639632498766], [28.279968177872604, 40.08693531415813], [28.281585145384042, 40.08693531415813], [28.281585145384042, 40.08639632498766], [28.282124134554493, 40.08639632498766], [28.282124134554493, 40.08585733581719], [28.282663123724973, 40.08585733581719], [28.282663123724973, 40.08639632498766], [28.282124134554493, 40.08639632498766], [28.282124134554493, 40.087474303328605], [28.283202112895452, 40.087474303328605], [28.283202112895452, 40.08693531415813], [28.28374110206593, 40.08693531415813], [28.28374110206593, 40.087474303328605], [28.284280091236383, 40.087474303328605], [28.284280091236383, 40.08801329249908], [28.284819080406862, 40.08801329249908], [28.284819080406862, 40.08855228166955], [28.28535806957734, 40.08855228166955], [28.28535806957734, 40.089091270840015], [28.284819080406862, 40.089091270840015], [28.284819080406862, 40.09016924918096], [28.285897058747793, 40.09016924918096], [28.285897058747793, 40.09070823835143], [28.284819080406862, 40.09070823835143], [28.284819080406862, 40.09016924918096], [28.284280091236383, 40.09016924918096], [28.284280091236383, 40.08963026001049], [28.282124134554493, 40.08963026001049], [28.282124134554493, 40.09016924918096], [28.281046156213563, 40.09016924918096], [28.281046156213563, 40.09070823835143], [28.280507167043083, 40.09070823835143], [28.280507167043083, 40.08963026001049], [28.281585145384042, 40.08963026001049], [28.281585145384042, 40.089091270840015], [28.280507167043083, 40.089091270840015], [28.280507167043083, 40.08855228166955], [28.279429188702153, 40.08855228166955], [28.279429188702153, 40.089091270840015], [28.278351210361194, 40.089091270840015], [28.278351210361194, 40.08855228166955], [28.277812221190743, 40.08855228166955], [28.277812221190743, 40.08693531415813], [28.278351210361194, 40.08693531415813], [28.278351210361194, 40.08639632498766], [28.279968177872604, 40.08639632498766], [28.279968177872604, 40.08585733581719], [28.278351210361194, 40.08585733581719], [28.278351210361194, 40.0837013791353], [28.278890199531673, 40.0837013791353], [28.278890199531673, 40.083162389964826], [28.279429188702153, 40.083162389964826], [28.279429188702153, 40.08208441162389]], [[28.282124134554493, 40.08801329249908], [28.282124134554493, 40.08855228166955], [28.281585145384042, 40.08855228166955], [28.281585145384042, 40.08801329249908], [28.282124134554493, 40.08801329249908]], [[28.28374110206593, 40.08801329249908], [28.28374110206593, 40.08855228166955], [28.283202112895452, 40.08855228166955], [28.283202112895452, 40.08801329249908], [28.28374110206593, 40.08801329249908]], [[28.279968177872604, 40.087474303328605], [28.279968177872604, 40.08801329249908], [28.279429188702153, 40.08801329249908], [28.279429188702153, 40.087474303328605], [28.279968177872604, 40.087474303328605]], [[28.280507167043083, 40.085318346646716], [28.280507167043083, 40.08585733581719], [28.279968177872604, 40.08585733581719], [28.279968177872604, 40.085318346646716], [28.280507167043083, 40.085318346646716]]]}, "id": "+386427+81481", "properties": {"area_ha": 25.007620830318547, "count": 91, "label": 1, "mean_dnbr": 0.2926791678691837}}, {"type": "Feature", "geometry": {"geodesic": false, "type": "Polygon", "coordinates": [[[28.278890199531673, 40.22922845516266], [28.282124134554493, 40.22922845516266], [28.282124134554493, 40.229767444333135], [28.283202112895452, 40.229767444333135], [28.283202112895452, 40.23030643350361], [28.282663123724973, 40.23030643350361], [28.282663123724973, 40.23138441184455], [28.281585145384042, 40.23138441184455], [28.281585145384042, 40.23084542267408], [28.279968177872604, 40.23084542267408], [28.279968177872604, 40.23030643350361], [28.279429188702153, 40.23030643350361], [28.279429188702153, 40.229767444333135], [28.278890199531673, 40.229767444333135], [28.278890199531673, 40.22922845516266]]]}, "id": "+386430+81208", "properties": {"area_ha": 5.484585502506489, "count": 20, "label": 1, "mean_dnbr": 0.38788579505787896}}, {"type": "Feature", "geometry": {"geodesic": false, "type": "Polygon", "coordinates": [[[28.282124134554493, 40.25132701115201], [28.28374110206593, 40.25132701115201], [28.28374110206593, 40.25186600032247], [28.284280091236383, 40.25186600032247], [28.284280091236383, 40.252404989492945], [28.28374110206593, 40.252404989492945], [28.28374110206593, 40.25402195700436], [28.283202112895452, 40.25402195700436], [28.283202112895452, 40.25509993534531], [28.279429188702153, 40.25509993534531], [28.279429188702153, 40.25402195700436], [28.279968177872604, 40.25402195700436], [28.279968177872604, 40.25348296783389], [28.281046156213563, 40.25348296783389], [28.281046156213563, 40.25294397866342], [28.281585145384042, 40.25294397866342], [28.281585145384042, 40.25186600032247], [28.282124134554493, 40.25186600032247], [28.282124134554493, 40.25132701115201]]]}, "id": "+386433+81167", "properties": {"area_ha": 10.417186477942932, "count": 38, "label": 1, "mean_dnbr": 0.6141995533236498}}, {"type": "Feature", "geometry": {"geodesic": false, "type": "Polygon", "coordinates": [[[28.283202112895452, 40.20605192083238], [28.284819080406862, 40.20605192083238], [28.284819080406862, 40.20659091000285], [28.28535806957734, 40.20659091000285], [28.28535806957734, 40.2076688883438], [28.284819080406862, 40.2076688883438], [28.284819080406862, 40.20820787751427], [28.284280091236383, 40.20820787751427], [28.284280091236383, 40.2076688883438], [28.28374110206593, 40.2076688883438], [28.28374110206593, 40.207129899173324], [28.283202112895452, 40.207129899173324], [28.283202112895452, 40.20605192083238]]]}, "id": "+386435+81251", "properties": {"area_ha": 3.017561571413845, "count": 11, "label": 1, "mean_dnbr": 0.1758738889470554}}, {"type": "Feature", "geometry": {"geodesic": false, "type": "Polygon", "coordinates": [[[28.282124134554493, 40.17694650562691], [28.284819080406862, 40.17694650562691], [28.284819080406862, 40.17748549479738], [28.284280091236383, 40.17748549479738], [28.284280091236383, 40.17802448396785], [28.28535806957734, 40.17802448396785], [28.28535806957734, 40.1791024623088], [28.279968177872604, 40.1791024623088], [28.279968177872604, 40.178563473138325], [28.280507167043083, 40.178563473138325], [28.280507167043083, 40.17802448396785], [28.282124134554493, 40.17802448396785], [28.282124134554493, 40.17694650562691]]]}, "id": "+386435+81305", "properties": {"area_ha": 7.684417313375203, "count": 28, "label": 1, "mean_dnbr": 0.24957352542444117}}, {"type": "Feature", "geometry": {"geodesic": false, "type": "Polygon", "coordinates": [[[28.284819080406862, 40.24108621691304], [28.285897058747793, 40.24108621691304], [28.285897058747793, 40.24162520608351], [28.28697503708875, 40.24162520608351], [28.28697503708875, 40.24324217359493], [28.28535806957734, 40.24324217359493], [28.28535806957734, 40.2437811627654], [28.284819080406862, 40.2437811627654], [28.284819080406862, 40.24324217359493], [28.284280091236383, 40.24324217359493], [28.284280091236383, 40.242164195253984], [28.284819080406862, 40.242164195253984], [28.284819080406862, 40.24108621691304]]]}, "id": "+386437+81186", "properties": {"area_ha": 4.661070045897955, "count": 17, "label": 1, "mean_dnbr": 0.4960154806622668}}, {"type": "Feature", "geometry": {"geodesic": false, "type": "Polygon", "coordinates": [[[28.284280091236383, 40.09178621669238], [28.286436047918272, 40.09178621669238], [28.286436047918272, 40.09232520586285], [28.285897058747793, 40.09232520586285], [28.285897058747793, 40.093403184203794], [28.284819080406862, 40.093403184203794], [28.284819080406862, 40.093942173374266], [28.284280091236383, 40.093942173374266], [28.284280091236383, 40.093403184203794], [28.28374110206593, 40.093403184203794], [28.28374110206593, 40.093942173374266], [28.282124134554493, 40.093942173374266], [28.282124134554493, 40.093403184203794], [28.28374110206593, 40.093403184203794], [28.28374110206593, 40.09286419503332], [28.284280091236383, 40.09286419503332], [28.284280091236383, 40.09178621669238]]]}, "id": "+386438+81463", "properties": {"area_ha": 4.121771350146747, "count": 15, "label": 1, "mean_dnbr": 0.21912664166307924}}, {"type": "Feature", "geometry": {"geodesic": false, "type": "Polygon", "coordinates": [[[28.286436047918272, 40.26156780539097], [28.28697503708875, 40.26156780539097], [28.28697503708875, 40.26210679456144], [28.28751402625923, 40.26210679456144], [28.28751402625923, 40.263184772902385], [28.286436047918272, 40.263184772902385], [28.286436047918272, 40.26372376207285], [28.285897058747793, 40.26372376207285], [28.285897058747793, 40.26426275124332], [28.28535806957734, 40.26426275124332], [28.28535806957734, 40.264801740413795], [28.284280091236383, 40.264801740413795], [28.284280091236383, 40.26426275124332], [28.284819080406862, 40.26426275124332], [28.284819080406862, 40.263184772902385], [28.284280091236383, 40.263184772902385], [28.284280091236383, 40.26210679456144], [28.286436047918272, 40.26210679456144], [28.286436047918272, 40.26156780539097]]]}, "id": "+386439+81148", "properties": {"area_ha": 5.481932383706364, "count": 20, "label": 1, "mean_dnbr": 0.3177240379781911}}, {"type": "Feature", "geometry": {"geodesic": false, "type": "Polygon", "coordinates": [[[28.286436047918272, 40.078850476601055], [28.28751402625923, 40.078850476601055], [28.28751402625923, 40.08208441162389], [28.286436047918272, 40.08208441162389], [28.286436047918272, 40.081006433282944], [28.28535806957734, 40.081006433282944], [28.28535806957734, 40.07938946577153], [28.286436047918272, 40.07938946577153], [28.286436047918272, 40.078850476601055]]]}, "id": "+386440+81487", "properties": {"area_ha": 4.947041149605987, "count": 18, "label": 1, "mean_dnbr": 0.3851544068443482}}, {"type": "Feature", "geometry": {"geodesic": false, "type": "Polygon", "coordinates": [[[28.288053015429682, 40.165627733047], [28.28859200460016, 40.165627733047], [28.28859200460016, 40.166166722217476], [28.28913099377064, 40.166166722217476], [28.28913099377064, 40.167783689728886], [28.28751402625923, 40.167783689728886], [28.28751402625923, 40.16670571138795], [28.28697503708875, 40.16670571138795], [28.28697503708875, 40.16724470055841], [28.286436047918272, 40.16724470055841], [28.286436047918272, 40.167783689728886], [28.285897058747793, 40.167783689728886], [28.285897058747793, 40.16724470055841], [28.284819080406862, 40.16724470055841], [28.284819080406862, 40.166166722217476], [28.286436047918272, 40.166166722217476], [28.286436047918272, 40.16670571138795], [28.28697503708875, 40.16670571138795], [28.28697503708875, 40.166166722217476], [28.288053015429682, 40.166166722217476], [28.288053015429682, 40.165627733047]]]}, "id": "+386442+81326", "properties": {"area_ha": 5.215240294363731, "count": 19, "label": 1, "mean_dnbr": 0.3109787711756763}}, {"type": "Feature", "geometry": {"geodesic": false, "type": "Polygon", "coordinates": [[[28.288053015429682, 40.175868527285964], [28.28913099377064, 40.175868527285964], [28.28913099377064, 40.17694650562691], [28.28966998294112, 40.17694650562691], [28.28966998294112, 40.178563473138325], [28.28751402625923, 40.178563473138325], [28.28751402625923, 40.1791024623088], [28.285897058747793, 40.1791024623088], [28.285897058747793, 40.176407516456436], [28.288053015429682, 40.176407516456436], [28.288053015429682, 40.175868527285964]]]}, "id": "+386443+81307", "properties": {"area_ha": 8.782177270816993, "count": 32, "label": 1, "mean_dnbr": 0.27768220199421983}}, {"type": "Feature", "geometry": {"geodesic": false, "type": "Polygon", "coordinates": [[[28.28859200460016, 40.15915986300134], [28.28913099377064, 40.15915986300134], [28.28913099377064, 40.163471776365114], [28.28374110206593, 40.163471776365114], [28.28374110206593, 40.16293278719464], [28.284280091236383, 40.16293278719464], [28.284280091236383, 40.16239379802417], [28.284819080406862, 40.16239379802417], [28.284819080406862, 40.161315819683225], [28.28535806957734, 40.161315819683225], [28.28535806957734, 40.16077683051276], [28.28697503708875, 40.16077683051276], [28.28697503708875, 40.16023784134229], [28.288053015429682, 40.16023784134229], [28.288053015429682, 40.159698852171815], [28.28859200460016, 40.159698852171815], [28.28859200460016, 40.15915986300134]]]}, "id": "+386443+81338", "properties": {"area_ha": 13.450904293857347, "count": 49, "label": 1, "mean_dnbr": 0.371757384980636}}, {"type": "Feature", "geometry": {"geodesic": false, "type": "Polygon", "coordinates": [[[28.28859200460016, 40.24701509778823], [28.29020897211157, 40.24701509778823], [28.29020897211157, 40.2475540869587], [28.28966998294112, 40.2475540869587], [28.28966998294112, 40.24809307612917], [28.28913099377064, 40.24809307612917], [28.28913099377064, 40.24917105447012], [28.288053015429682, 40.24917105447012], [28.288053015429682, 40.248632065299645], [28.28697503708875, 40.248632065299645], [28.28697503708875, 40.2475540869587], [28.28859200460016, 40.2475540869587], [28.28859200460016, 40.24701509778823]]]}, "id": "+386445+81175", "properties": {"area_ha": 3.8382050718580167, "count": 14, "label": 1, "mean_dnbr": 0.31660371740289395}}]}