{"type": "FeatureCollection", "columns": {"area_ha": "Number", "count": "Long<0, 4294967295>", "label": "Byte<0, 1>", "mean_dnbr": "Object", "system:index": "String"}, "features": [{"type": "Feature", "geometry": {"geodesic": false, "type": "Polygon", "coordinates": [[[28.170553376266867, 39.9408692489603], [28.172170343778276, 39.9408692489603], [28.172170343778276, 39.94140823813077], [28.173248322119207, 39.94140823813077], [28.173248322119207, 39.942486216471714], [28.170553376266867, 39.942486216471714], [28.170553376266867, 39.9408692489603]]]}, "id": "+386226+81743", "properties": {"area_ha": 3.58013594116152, "count": 13, "label": 1, "mean_dnbr": 0.27933397948698674}}, {"type": "Feature", "geometry": {"geodesic": false, "type": "Polygon", "coordinates": [[[28.173248322119207, 39.99908007937124], [28.174865289630645, 39.99908007937124], [28.174865289630645, 40.00069704688266], [28.174326300460166, 40.00069704688266], [28.174326300460166, 40.00123603605313], [28.173248322119207, 40.00123603605313], [28.173248322119207, 39.99908007937124]]]}, "id": "+386231+81635", "properties": {"area_ha": 3.0267520310321077, "count": 11, "label": 1, "mean_dnbr": 0.1963801905014181}}, {"type": "Feature", "geometry": {"geodesic": false, "type": "Polygon", "coordinates": [[[28.173787311289686, 39.692395241372836], [28.174865289630645, 39.692395241372836], [28.174865289630645, 39.6950901872252], [28.175404278801096, 39.6950901872252], [28.175404278801096, 39.69401220888425], [28.177021246312535, 39.69401220888425], [28.177021246312535, 39.694551198054725], [28.177560235482986, 39.694551198054725], [28.177560235482986, 39.6950901872252], [28.178099224653465, 39.6950901872252], [28.178099224653465, 39.69562917639567], [28.178638213823945, 39.69562917639567], [28.178638213823945, 39.69616816556614], [28.178099224653465, 39.69616816556614], [28.178099224653465, 39.696707154736615], [28.177560235482986, 39.696707154736615], [28.177560235482986, 39.69724614390708], [28.179716192164875, 39.69724614390708], [28.179716192164875, 39.69778513307755], [28.179177202994396, 39.69778513307755], [28.179177202994396, 39.698324122248025], [28.176482257142055, 39.698324122248025], [28.176482257142055, 39.69778513307755], [28.174865289630645, 39.69778513307755], [28.174865289630645, 39.69724614390708], [28.174326300460166, 39.69724614390708], [28.174326300460166, 39.69778513307755], [28.173787311289686, 39.69778513307755], [28.173787311289686, 39.69724614390708], [28.172170343778276, 39.69724614390708], [28.172170343778276, 39.69562917639567], [28.172709332948756, 39.69562917639567], [28.172709332948756, 39.6950901872252], [28.173787311289686, 39.6950901872252], [28.173787311289686, 39.694551198054725], [28.174326300460166, 39.694551198054725], [28.174326300460166, 39.69401220888425], [28.173787311289686, 39.69401220888425], [28.173787311289686, 39.692395241372836]]]}, "id": "+386231+82204", "properties": {"area_ha": 20.452191220869192, "count": 74, "label": 1, "mean_dnbr": 0.26270668323666296}}, {"type": "Feature", "geometry": {"geodesic": false, "type": "Polygon", "coordinates": [[[28.176482257142055, 40.040043256327095], [28.177021246312535, 40.040043256327095], [28.177021246312535, 40.04112123466803], [28.177560235482986, 40.04112123466803], [28.177560235482986, 40.04058224549756], [28.178638213823945, 40.04058224549756], [28.178638213823945, 40.04112123466803], [28.178099224653465, 40.04112123466803], [28.178099224653465, 40.04219921300898], [28.175943267971576, 40.04219921300898], [28.175943267971576, 40.041660223838505], [28.176482257142055, 40.041660223838505], [28.176482257142055, 40.040043256327095]]]}, "id": "+386235+81559", "properties": {"area_ha": 3.0249300811302477, "count": 11, "label": 1, "mean_dnbr": 0.23968255353103105}}, {"type": "Feature", "geometry": {"geodesic": false, "type": "Polygon", "coordinates": [[[28.175943267971576, 39.98668332845039], [28.177021246312535, 39.98668332845039], [28.177021246312535, 39.987761306791334], [28.176482257142055, 39.987761306791334], [28.176482257142055, 39.98883928513228], [28.174865289630645, 39.98883928513228], [28.174865289630645, 39.987761306791334], [28.175404278801096, 39.987761306791334], [28.175404278801096, 39.98722231762086], [28.175943267971576, 39.98722231762086], [28.175943267971576, 39.98668332845039]]]}, "id": "+386235+81658", "properties": {"area_ha": 3.027298781777118, "count": 11, "label": 1, "mean_dnbr": 0.14467263558353685}}, {"type": "Feature", "geometry": {"geodesic": false, "type": "Polygon", "coordinates": [[[28.177560235482986, 40.04273820217945], [28.178638213823945, 40.04273820217945], [28.178638213823945, 40.04327719134992], [28.178099224653465, 40.04327719134992], [28.178099224653465, 40.045972137202284], [28.179177202994396, 40.045972137202284], [28.179177202994396, 40.04543314803181], [28.180255181335355, 40.04543314803181], [28.180255181335355, 40.04651112637275], [28.178638213823945, 40.04651112637275], [28.178638213823945, 40.04705011554322], [28.178099224653465, 40.04705011554322], [28.178099224653465, 40.04651112637275], [28.177560235482986, 40.04651112637275], [28.177560235482986, 40.047589104713694], [28.175943267971576, 40.047589104713694], [28.175943267971576, 40.04705011554322], [28.174865289630645, 40.04705011554322], [28.174865289630645, 40.047589104713694], [28.173787311289686, 40.047589104713694], [28.173787311289686, 40.048128093884166], [28.174326300460166, 40.048128093884166], [28.174326300460166, 40.04866708305464], [28.174865289630645, 40.04866708305464], [28.174865289630645, 40.04974506139558], [28.175404278801096, 40.04974506139558], [28.175404278801096, 40.05082303973653], [28.172709332948756, 40.05082303973653], [28.172709332948756, 40.04866708305464], [28.172170343778276, 40.04866708305464], [28.172170343778276, 40.048128093884166], [28.172709332948756, 40.048128093884166], [28.172709332948756, 40.047589104713694], [28.173787311289686, 40.047589104713694], [28.173787311289686, 40.04705011554322], [28.174326300460166, 40.04705011554322], [28.174326300460166, 40.045972137202284], [28.174865289630645, 40.045972137202284], [28.174865289630645, 40.04435516969087], [28.176482257142055, 40.04435516969087], [28.176482257142055, 40.043816180520395], [28.177021246312535, 40.043816180520395], [28.177021246312535, 40.04327719134992], [28.177560235482986, 40.04327719134992], [28.177560235482986, 40.04273820217945]]]}, "id": "+386238+81554", "properties": {"area_ha": 20.347855615605162, "count": 74, "label": 1, "mean_dnbr": 0.2671470600699594}}, {"type": "Feature", "geometry": {"geodesic": false, "type": "Polygon", "coordinates": [[[28.177560235482986, 40.04866708305464], [28.179177202994396, 40.04866708305464], [28.179177202994396, 40.04974506139558], [28.178099224653465, 40.04974506139558], [28.178099224653465, 40.050284050566056], [28.178638213823945, 40.050284050566056], [28.178638213823945, 40.05082303973653], [28.179177202994396, 40.05082303973653], [28.179177202994396, 40.051362028907], [28.179716192164875, 40.051362028907], [28.179716192164875, 40.05082303973653], [28.180255181335355, 40.05082303973653], [28.180255181335355, 40.050284050566056], [28.180794170505834, 40.050284050566056], [28.180794170505834, 40.04920607222511], [28.181872148846765, 40.04920607222511], [28.181872148846765, 40.05190101807747], [28.182950127187723, 40.05190101807747], [28.182950127187723, 40.052440007247945], [28.183489116358174, 40.052440007247945], [28.183489116358174, 40.05351798558888], [28.182950127187723, 40.05351798558888], [28.182950127187723, 40.05459596392983], [28.183489116358174, 40.05459596392983], [28.183489116358174, 40.0551349531003], [28.184028105528654, 40.0551349531003], [28.184028105528654, 40.05675192061172], [28.184567094699133, 40.05675192061172], [28.184567094699133, 40.05729090978219], [28.184028105528654, 40.05729090978219], [28.184028105528654, 40.058368888123134], [28.183489116358174, 40.058368888123134], [28.183489116358174, 40.05944686646407], [28.182950127187723, 40.05944686646407], [28.182950127187723, 40.0589078772936], [28.182411138017244, 40.0589078772936], [28.182411138017244, 40.058368888123134], [28.182950127187723, 40.058368888123134], [28.182950127187723, 40.05675192061172], [28.183489116358174, 40.05675192061172], [28.183489116358174, 40.056212931441245], [28.182950127187723, 40.056212931441245], [28.182950127187723, 40.05567394227077], [28.181872148846765, 40.05567394227077], [28.181872148846765, 40.0551349531003], [28.181333159676285, 40.0551349531003], [28.181333159676285, 40.05567394227077], [28.180255181335355, 40.05567394227077], [28.180255181335355, 40.0551349531003], [28.178638213823945, 40.0551349531003], [28.178638213823945, 40.05459596392983], [28.178099224653465, 40.05459596392983], [28.178099224653465, 40.054056974759355], [28.177560235482986, 40.054056974759355], [28.177560235482986, 40.05297899641841], [28.177021246312535, 40.05297899641841], [28.177021246312535, 40.052440007247945], [28.176482257142055, 40.052440007247945], [28.176482257142055, 40.051362028907], [28.177021246312535, 40.051362028907], [28.177021246312535, 40.050284050566056], [28.177560235482986, 40.050284050566056], [28.177560235482986, 40.04866708305464]]]}, "id": "+386239+81543", "properties": {"area_ha": 32.16862900455148, "count": 117, "label": 1, "mean_dnbr": 0.27727419926409824}}, {"type": "Feature", "geometry": {"geodesic": false, "type": "Polygon", "coordinates": [[[28.179177202994396, 40.00716491692832], [28.180255181335355, 40.00716491692832], [28.180255181335355, 40.00824289526926], [28.180794170505834, 40.00824289526926], [28.180794170505834, 40.00932087361021], [28.179716192164875, 40.00932087361021], [28.179716192164875, 40.00985986278068], [28.180255181335355, 40.00985986278068], [28.180255181335355, 40.010398851951145], [28.180794170505834, 40.010398851951145], [28.180794170505834, 40.01147683029209], [28.180255181335355, 40.01147683029209], [28.180255181335355, 40.01093784112162], [28.179177202994396, 40.01093784112162], [28.179177202994396, 40.010398851951145], [28.177021246312535, 40.010398851951145], [28.177021246312535, 40.00985986278068], [28.178099224653465, 40.00985986278068], [28.178099224653465, 40.00932087361021], [28.177021246312535, 40.00932087361021], [28.177021246312535, 40.008781884439735], [28.177560235482986, 40.008781884439735], [28.177560235482986, 40.00824289526926], [28.179177202994396, 40.00824289526926], [28.179177202994396, 40.00716491692832]], [[28.179716192164875, 40.00824289526926], [28.179716192164875, 40.00932087361021], [28.179177202994396, 40.00932087361021], [28.179177202994396, 40.00824289526926], [28.179716192164875, 40.00824289526926]]]}, "id": "+386241+81620", "properties": {"area_ha": 7.703428956368129, "count": 28, "label": 1, "mean_dnbr": 0.20828080067180793}}, {"type": "Feature", "geometry": {"geodesic": false, "type": "Polygon", "coordinates": [[[28.179716192164875, 39.98344939342756], [28.180794170505834, 39.98344939342756], [28.180794170505834, 39.983988382598035], [28.181333159676285, 39.983988382598035], [28.181333159676285, 39.98452737176851], [28.181872148846765, 39.98452737176851], [28.181872148846765, 39.98560535010945], [28.182950127187723, 39.98560535010945], [28.182950127187723, 39.986144339279925], [28.183489116358174, 39.986144339279925], [28.183489116358174, 39.98668332845039], [28.181333159676285, 39.98668332845039], [28.181333159676285, 39.98560535010945], [28.180794170505834, 39.98560535010945], [28.180794170505834, 39.98506636093898], [28.180255181335355, 39.98506636093898], [28.180255181335355, 39.98560535010945], [28.179177202994396, 39.98560535010945], [28.179177202994396, 39.98506636093898], [28.178638213823945, 39.98506636093898], [28.178638213823945, 39.98452737176851], [28.177560235482986, 39.98452737176851], [28.177560235482986, 39.98344939342756], [28.179177202994396, 39.98344939342756], [28.179177202994396, 39.98452737176851], [28.179716192164875, 39.98452737176851], [28.179716192164875, 39.98344939342756]]]}, "id": "+386242+81664", "properties": {"area_ha": 7.706180053672263, "count": 28, "label": 1, "mean_dnbr": 0.22003437019316172}}, {"type": "Feature", "geometry": {"geodesic": false, "type": "Polygon", "coordinates": [[[28.180255181335355, 39.977520512552374], [28.181872148846765, 39.977520512552374], [28.181872148846765, 39.97859849089332], [28.181333159676285, 39.97859849089332], [28.181333159676285, 39.97913748006379], [28.180255181335355, 39.97913748006379], [28.180255181335355, 39.97967646923426], [28.179716192164875, 39.97967646923426], [28.179716192164875, 39.978059501722846], [28.180255181335355, 39.978059501722846], [28.180255181335355, 39.977520512552374]]]}, "id": "+386244+81675", "properties": {"area_ha": 3.027711831453427, "count": 11, "label": 1, "mean_dnbr": 0.2615916609304846}}, {"type": "Feature", "geometry": {"geodesic": false, "type": "Polygon", "coordinates": [[[28.181872148846765, 40.072921595725866], [28.182411138017244, 40.072921595725866], [28.182411138017244, 40.07453856323728], [28.180255181335355, 40.07453856323728], [28.180255181335355, 40.075077552407755], [28.179177202994396, 40.075077552407755], [28.179177202994396, 40.07561654157823], [28.178099224653465, 40.07561654157823], [28.178099224653465, 40.075077552407755], [28.178638213823945, 40.075077552407755], [28.178638213823945, 40.07453856323728], [28.180255181335355, 40.07453856323728], [28.180255181335355, 40.07399957406681], [28.181333159676285, 40.07399957406681], [28.181333159676285, 40.07346058489634], [28.181872148846765, 40.07346058489634], [28.181872148846765, 40.072921595725866]]]}, "id": "+386245+81498", "properties": {"area_ha": 3.298321229484377, "count": 12, "label": 1, "mean_dnbr": 0.23399169802617867}}, {"type": "Feature", "geometry": {"geodesic": false, "type": "Polygon", "coordinates": [[[28.180794170505834, 40.04651112637275], [28.182411138017244, 40.04651112637275], [28.182411138017244, 40.048128093884166], [28.181872148846765, 40.048128093884166], [28.181872148846765, 40.04866708305464], [28.180794170505834, 40.04866708305464], [28.180794170505834, 40.04651112637275]]]}, "id": "+386245+81547", "properties": {"area_ha": 3.0246485141176307, "count": 11, "label": 1, "mean_dnbr": 0.2264320947044044}}, {"type": "Feature", "geometry": {"geodesic": false, "type": "Polygon", "coordinates": [[[28.181872148846765, 39.70209704644133], [28.182411138017244, 39.70209704644133], [28.182411138017244, 39.7026360356118], [28.181872148846765, 39.7026360356118], [28.181872148846765, 39.70317502478227], [28.181333159676285, 39.70317502478227], [28.181333159676285, 39.70371401395274], [28.182411138017244, 39.70371401395274], [28.182411138017244, 39.70425300312321], [28.182950127187723, 39.70425300312321], [28.182950127187723, 39.704791992293686], [28.180255181335355, 39.704791992293686], [28.180255181335355, 39.70425300312321], [28.180794170505834, 39.70425300312321], [28.180794170505834, 39.70371401395274], [28.180255181335355, 39.70371401395274], [28.180255181335355, 39.7026360356118], [28.181872148846765, 39.7026360356118], [28.181872148846765, 39.70209704644133]]]}, "id": "+386245+82186", "properties": {"area_ha": 3.868908236829478, "count": 14, "label": 1, "mean_dnbr": 0.16583801078999352}}, {"type": "Feature", "geometry": {"geodesic": false, "type": "Polygon", "coordinates": [[[28.186723051381023, 39.81582376141086], [28.187801029721953, 39.81582376141086], [28.187801029721953, 39.816362750581334], [28.189417997233363, 39.816362750581334], [28.189417997233363, 39.816901739751806], [28.189956986403843, 39.816901739751806], [28.189956986403843, 39.81744072892227], [28.189417997233363, 39.81744072892227], [28.189417997233363, 39.817979718092744], [28.188879008062912, 39.817979718092744], [28.188879008062912, 39.818518707263216], [28.188340018892433, 39.818518707263216], [28.188340018892433, 39.81905769643369], [28.187801029721953, 39.81905769643369], [28.187801029721953, 39.81959668560416], [28.188340018892433, 39.81959668560416], [28.188340018892433, 39.82121365311558], [28.186184062210543, 39.82121365311558], [28.186184062210543, 39.81905769643369], [28.185106083869584, 39.81905769643369], [28.185106083869584, 39.816901739751806], [28.184028105528654, 39.816901739751806], [28.184028105528654, 39.816362750581334], [28.184567094699133, 39.816362750581334], [28.184567094699133, 39.81582376141086], [28.185645073040064, 39.81582376141086], [28.185645073040064, 39.816362750581334], [28.186723051381023, 39.816362750581334], [28.186723051381023, 39.81582376141086]]]}, "id": "+386255+81975", "properties": {"area_ha": 16.277586997115197, "count": 59, "label": 1, "mean_dnbr": 0.27837219623607856}}, {"type": "Feature", "geometry": {"geodesic": false, "type": "Polygon", "coordinates": [[[28.189417997233363, 40.052440007247945], [28.191034964744773, 40.052440007247945], [28.191034964744773, 40.05351798558888], [28.190495975574322, 40.05351798558888], [28.190495975574322, 40.0551349531003], [28.189956986403843, 40.0551349531003], [28.189956986403843, 40.05459596392983], [28.188879008062912, 40.05459596392983], [28.188879008062912, 40.05351798558888], [28.189417997233363, 40.05351798558888], [28.189417997233363, 40.052440007247945]]]}, "id": "+386261+81536", "properties": {"area_ha": 3.574264745297467, "count": 13, "label": 1, "mean_dnbr": 0.25033334088974285}}, {"type": "Feature", "geometry": {"geodesic": false, "type": "Polygon", "coordinates": [[[28.191034964744773, 40.126281523602565], [28.191573953915253, 40.126281523602565], [28.191573953915253, 40.12682051277304], [28.192112943085732, 40.12682051277304], [28.192112943085732, 40.12735950194351], [28.193190921426662, 40.12735950194351], [28.193190921426662, 40.128437480284454], [28.191573953915253, 40.128437480284454], [28.191573953915253, 40.128976469454926], [28.191034964744773, 40.128976469454926], [28.191034964744773, 40.1295154586254], [28.190495975574322, 40.1295154586254], [28.190495975574322, 40.128437480284454], [28.189956986403843, 40.128437480284454], [28.189956986403843, 40.12682051277304], [28.191034964744773, 40.12682051277304], [28.191034964744773, 40.126281523602565]]]}, "id": "+386262+81399", "properties": {"area_ha": 5.492881980085511, "count": 20, "label": 1, "mean_dnbr": 0.22897187091365812}}, {"type": "Feature", "geometry": {"geodesic": false, "type": "Polygon", "coordinates": [[[28.193190921426662, 39.967818707483886], [28.195346878108552, 39.967818707483886], [28.195346878108552, 39.968896685824824], [28.191573953915253, 39.968896685824824], [28.191573953915253, 39.969435674995296], [28.191034964744773, 39.969435674995296], [28.191034964744773, 39.968896685824824], [28.190495975574322, 39.968896685824824], [28.190495975574322, 39.96835769665435], [28.193190921426662, 39.96835769665435], [28.193190921426662, 39.967818707483886]]]}, "id": "+386269+81693", "properties": {"area_ha": 3.854029504275574, "count": 14, "label": 1, "mean_dnbr": 0.25584708608391965}}, {"type": "Feature", "geometry": {"geodesic": false, "type": "Polygon", "coordinates": [[[28.1948078889381, 40.05944686646407], [28.19642485644951, 40.05944686646407], [28.19642485644951, 40.059985855634544], [28.19750283479044, 40.059985855634544], [28.19750283479044, 40.060524844805016], [28.19804182396092, 40.060524844805016], [28.19804182396092, 40.06106383397549], [28.19588586727903, 40.06106383397549], [28.19588586727903, 40.060524844805016], [28.195346878108552, 40.060524844805016], [28.195346878108552, 40.059985855634544], [28.1948078889381, 40.059985855634544], [28.1948078889381, 40.05944686646407]]]}, "id": "+386271+81523", "properties": {"area_ha": 3.0240860877265323, "count": 11, "label": 1, "mean_dnbr": 0.21662175602454928}}, {"type": "Feature", "geometry": {"geodesic": false, "type": "Polygon", "coordinates": [[[28.196963845619962, 39.713415819021236], [28.19750283479044, 39.713415819021236], [28.19750283479044, 39.71395480819171], [28.19804182396092, 39.71395480819171], [28.19804182396092, 39.71557177570312], [28.19750283479044, 39.71557177570312], [28.19750283479044, 39.71611076487359], [28.196963845619962, 39.71611076487359], [28.196963845619962, 39.71557177570312], [28.19750283479044, 39.71557177570312], [28.19750283479044, 39.71449379736218], [28.196963845619962, 39.71449379736218], [28.196963845619962, 39.715032786532646], [28.19642485644951, 39.715032786532646], [28.19642485644951, 39.71557177570312], [28.19588586727903, 39.71557177570312], [28.19588586727903, 39.71664975404406], [28.195346878108552, 39.71664975404406], [28.195346878108552, 39.71395480819171], [28.196963845619962, 39.71395480819171], [28.196963845619962, 39.713415819021236]], [[28.19642485644951, 39.71449379736218], [28.19642485644951, 39.715032786532646], [28.19588586727903, 39.715032786532646], [28.19588586727903, 39.71449379736218], [28.19642485644951, 39.71449379736218]]]}, "id": "+386273+82165", "properties": {"area_ha": 4.144578002495187, "count": 15, "label": 1, "mean_dnbr": 0.17771753427543402}}, {"type": "Feature", "geometry": {"geodesic": false, "type": "Polygon", "coordinates": [[[28.1985808131314, 40.15053603627379], [28.19965879147233, 40.15053603627379], [28.19965879147233, 40.15161401461474], [28.20019778064281, 40.15161401461474], [28.20019778064281, 40.153769971296626], [28.19965879147233, 40.153769971296626], [28.19965879147233, 40.15323098212615], [28.19911980230185, 40.15323098212615], [28.19911980230185, 40.15215300378521], [28.1985808131314, 40.15215300378521], [28.1985808131314, 40.15053603627379]]]}, "id": "+386277+81354", "properties": {"area_ha": 3.294554122218273, "count": 12, "label": 1, "mean_dnbr": 0.2040793484283606}}, {"type": "Feature", "geometry": {"geodesic": false, "type": "Polygon", "coordinates": [[[28.19965879147233, 40.051362028907], [28.20073676981329, 40.051362028907], [28.20073676981329, 40.05190101807747], [28.20019778064281, 40.05190101807747], [28.20019778064281, 40.052440007247945], [28.20127575898374, 40.052440007247945], [28.20127575898374, 40.05297899641841], [28.20019778064281, 40.05297899641841], [28.20019778064281, 40.05351798558888], [28.1985808131314, 40.05351798558888], [28.1985808131314, 40.05297899641841], [28.19965879147233, 40.05297899641841], [28.19965879147233, 40.052440007247945], [28.19804182396092, 40.052440007247945], [28.19804182396092, 40.05297899641841], [28.19750283479044, 40.05297899641841], [28.19750283479044, 40.05190101807747], [28.19804182396092, 40.05190101807747], [28.19804182396092, 40.051362028907], [28.1985808131314, 40.051362028907], [28.1985808131314, 40.05190101807747], [28.19965879147233, 40.05190101807747], [28.19965879147233, 40.051362028907]]]}, "id": "+386279+81538", "properties": {"area_ha": 4.124229609927402, "count": 15, "label": 1, "mean_dnbr": 0.18998124027677038}}, {"type": "Feature", "geometry": {"geodesic": false, "type": "Polygon", "coordinates": [[[28.19750283479044, 39.81744072892227], [28.20127575898374, 39.81744072892227], [28.20127575898374, 39.817979718092744], [28.20181474815422, 39.817979718092744], [28.20181474815422, 39.818518707263216], [28.20289272649515, 39.818518707263216], [28.20289272649515, 39.81905769643369], [28.20343171566563, 39.81905769643369], [28.20343171566563, 39.82013567477463], [28.19965879147233, 39.82013567477463], [28.19965879147233, 39.820674663945105], [28.195346878108552, 39.820674663945105], [28.195346878108552, 39.82013567477463], [28.19642485644951, 39.82013567477463], [28.19642485644951, 39.81905769643369], [28.19588586727903, 39.81905769643369], [28.19588586727903, 39.81959668560416], [28.193190921426662, 39.81959668560416], [28.193190921426662, 39.81905769643369], [28.19265193225621, 39.81905769643369], [28.19265193225621, 39.818518707263216], [28.192112943085732, 39.818518707263216], [28.192112943085732, 39.817979718092744], [28.19426889976762, 39.817979718092744], [28.19426889976762, 39.81744072892227], [28.1948078889381, 39.81744072892227], [28.1948078889381, 39.818518707263216], [28.19588586727903, 39.818518707263216], [28.19588586727903, 39.817979718092744], [28.19750283479044, 39.817979718092744], [28.19750283479044, 39.81744072892227]]]}, "id": "+386280+81972", "properties": {"area_ha": 22.62284669608036, "count": 82, "label": 1, "mean_dnbr": 0.3155292093391961}}, {"type": "Feature", "geometry": {"geodesic": false, "type": "Polygon", "coordinates": [[[28.20019778064281, 39.71395480819171], [28.20181474815422, 39.71395480819171], [28.20181474815422, 39.715032786532646], [28.20127575898374, 39.715032786532646], [28.20127575898374, 39.71611076487359], [28.20073676981329, 39.71611076487359], [28.20073676981329, 39.71664975404406], [28.20019778064281, 39.71664975404406], [28.20019778064281, 39.71611076487359], [28.19911980230185, 39.71611076487359], [28.19911980230185, 39.715032786532646], [28.1985808131314, 39.715032786532646], [28.1985808131314, 39.71449379736218], [28.19911980230185, 39.71449379736218], [28.19911980230185, 39.715032786532646], [28.20019778064281, 39.715032786532646], [28.20019778064281, 39.71395480819171]]]}, "id": "+386281+82164", "properties": {"area_ha": 4.420864373155144, "count": 16, "label": 1, "mean_dnbr": 0.21717323967303998}}, {"type": "Feature", "geometry": {"geodesic": false, "type": "Polygon", "coordinates": [[[28.20073676981329, 40.03680932130426], [28.20289272649515, 40.03680932130426], [28.20289272649515, 40.037348310474734], [28.20343171566563, 40.037348310474734], [28.20343171566563, 40.037887299645206], [28.20289272649515, 40.037887299645206], [28.20289272649515, 40.03842628881568], [28.20127575898374, 40.03842628881568], [28.20127575898374, 40.037348310474734], [28.20073676981329, 40.037348310474734], [28.20073676981329, 40.03680932130426]]]}, "id": "+386283+81565", "properties": {"area_ha": 3.025087904807394, "count": 11, "label": 1, "mean_dnbr": 0.2890136591314107}}, {"type": "Feature", "geometry": {"geodesic": false, "type": "Polygon", "coordinates": [[[28.20181474815422, 40.16508874387653], [28.20343171566563, 40.16508874387653], [28.20343171566563, 40.166166722217476], [28.20397070483611, 40.166166722217476], [28.20397070483611, 40.16724470055841], [28.20343171566563, 40.16724470055841], [28.20343171566563, 40.167783689728886], [28.2023537373247, 40.167783689728886], [28.2023537373247, 40.16724470055841], [28.20181474815422, 40.16724470055841], [28.20181474815422, 40.16508874387653]]]}, "id": "+386284+81327", "properties": {"area_ha": 4.391807265856669, "count": 16, "label": 1, "mean_dnbr": 0.37364999981377717}}, {"type": "Feature", "geometry": {"geodesic": false, "type": "Polygon", "coordinates": [[[28.20127575898374, 40.029263472917656], [28.20343171566563, 40.029263472917656], [28.20343171566563, 40.03249740794049], [28.20181474815422, 40.03249740794049], [28.20181474815422, 40.03195841877002], [28.20127575898374, 40.03195841877002], [28.20127575898374, 40.03088044042907], [28.20073676981329, 40.03088044042907], [28.20073676981329, 40.02980246208813], [28.20127575898374, 40.02980246208813], [28.20127575898374, 40.029263472917656]]]}, "id": "+386284+81579", "properties": {"area_ha": 6.875888715128849, "count": 25, "label": 1, "mean_dnbr": 0.25496902957881484}}, {"type": "Feature", "geometry": {"geodesic": false, "type": "Polygon", "coordinates": [[[28.2023537373247, 40.019022678678695], [28.20343171566563, 40.019022678678695], [28.20343171566563, 40.01956166784917], [28.20397070483611, 40.01956166784917], [28.20397070483611, 40.02171762453106], [28.20504868317704, 40.02171762453106], [28.20504868317704, 40.02225661370153], [28.20397070483611, 40.02225661370153], [28.20397070483611, 40.02171762453106], [28.20181474815422, 40.02171762453106], [28.20181474815422, 40.021178635360585], [28.20127575898374, 40.021178635360585], [28.20127575898374, 40.02063964619011], [28.20019778064281, 40.02063964619011], [28.20019778064281, 40.01956166784917], [28.20181474815422, 40.01956166784917], [28.20181474815422, 40.02010065701964], [28.20127575898374, 40.02010065701964], [28.20127575898374, 40.02063964619011], [28.20343171566563, 40.02063964619011], [28.20343171566563, 40.02010065701964], [28.20289272649515, 40.02010065701964], [28.20289272649515, 40.01956166784917], [28.2023537373247, 40.01956166784917], [28.2023537373247, 40.019022678678695]]]}, "id": "+386284+81598", "properties": {"area_ha": 5.776607138745231, "count": 21, "label": 1, "mean_dnbr": 0.227257941401385}}, {"type": "Feature", "geometry": {"geodesic": false, "type": "Polygon", "coordinates": [[[28.20450969400659, 40.155386938808036], [28.20504868317704, 40.155386938808036], [28.20504868317704, 40.15646491714898], [28.20720463985893, 40.15646491714898], [28.20720463985893, 40.157542895489925], [28.20774362902941, 40.157542895489925], [28.20774362902941, 40.1580818846604], [28.20828261819989, 40.1580818846604], [28.20828261819989, 40.15915986300134], [28.20882160737034, 40.15915986300134], [28.20882160737034, 40.159698852171815], [28.20504868317704, 40.159698852171815], [28.20504868317704, 40.15915986300134], [28.20450969400659, 40.15915986300134], [28.20450969400659, 40.1580818846604], [28.20558767234752, 40.1580818846604], [28.20558767234752, 40.15700390631945], [28.20504868317704, 40.15700390631945], [28.20504868317704, 40.15646491714898], [28.20450969400659, 40.15646491714898], [28.20450969400659, 40.155386938808036]]]}, "id": "+386287+81345", "properties": {"area_ha": 9.333751741212959, "count": 34, "label": 1, "mean_dnbr": 0.2980033507668834}}, {"type": "Feature", "geometry": {"geodesic": false, "type": "Polygon", "coordinates": [[[28.206126661518, 40.17101762475172], [28.20666565068848, 40.17101762475172], [28.20666565068848, 40.17155661392219], [28.206126661518, 40.17155661392219], [28.206126661518, 40.172095603092664], [28.20666565068848, 40.172095603092664], [28.20666565068848, 40.17263459226314], [28.20774362902941, 40.17263459226314], [28.20774362902941, 40.172095603092664], [28.20720463985893, 40.172095603092664], [28.20720463985893, 40.17155661392219], [28.20828261819989, 40.17155661392219], [28.20828261819989, 40.172095603092664], [28.20882160737034, 40.172095603092664], [28.20882160737034, 40.17263459226314], [28.20774362902941, 40.17263459226314], [28.20774362902941, 40.1731735814336], [28.20828261819989, 40.1731735814336], [28.20828261819989, 40.173712570604074], [28.20882160737034, 40.173712570604074], [28.20882160737034, 40.17425155977455], [28.20936059654082, 40.17425155977455], [28.20936059654082, 40.17479054894502], [28.209899585711298, 40.17479054894502], [28.209899585711298, 40.17532953811549], [28.21097756405223, 40.17532953811549], [28.21097756405223, 40.175868527285964], [28.212055542393188, 40.175868527285964], [28.212055542393188, 40.176407516456436], [28.212594531563667, 40.176407516456436], [28.212594531563667, 40.17748549479738], [28.212055542393188, 40.17748549479738], [28.212055542393188, 40.17802448396785], [28.21097756405223, 40.17802448396785], [28.21097756405223, 40.178563473138325], [28.209899585711298, 40.178563473138325], [28.209899585711298, 40.17802448396785], [28.20882160737034, 40.17802448396785], [28.20882160737034, 40.17748549479738], [28.20828261819989, 40.17748549479738], [28.20828261819989, 40.17694650562691], [28.20882160737034, 40.17694650562691], [28.20882160737034, 40.176407516456436], [28.20936059654082, 40.176407516456436], [28.20936059654082, 40.17532953811549], [28.20882160737034, 40.17532953811549], [28.20882160737034, 40.17479054894502], [28.20828261819989, 40.17479054894502], [28.20828261819989, 40.17425155977455], [28.20774362902941, 40.17425155977455], [28.20774362902941, 40.173712570604074], [28.20450969400659, 40.173712570604074], [28.20450969400659, 40.1731735814336], [28.20343171566563, 40.1731735814336], [28.20343171566563, 40.17155661392219], [28.20504868317704, 40.17155661392219], [28.20504868317704, 40.17101762475172], [28.20558767234752, 40.17101762475172], [28.20558767234752, 40.17155661392219], [28.206126661518, 40.17155661392219], [28.206126661518, 40.17101762475172]]]}, "id": "+386290+81316", "properties": {"area_ha": 18.93738410007299, "count": 69, "label": 1, "mean_dnbr": 0.31679414290903674}}, {"type": "Feature", "geometry": {"geodesic": false, "type": "Polygon", "coordinates": [[[28.206126661518, 40.03195841877002], [28.20666565068848, 40.03195841877002], [28.20666565068848, 40.03249740794049], [28.20828261819989, 40.03249740794049], [28.20828261819989, 40.03303639711096], [28.20882160737034, 40.03303639711096], [28.20882160737034, 40.033575386281434], [28.20936059654082, 40.033575386281434], [28.20936059654082, 40.03411437545191], [28.209899585711298, 40.03411437545191], [28.209899585711298, 40.035192353792844], [28.20936059654082, 40.035192353792844], [28.20936059654082, 40.03573134296332], [28.20828261819989, 40.03573134296332], [28.20828261819989, 40.03465336462237], [28.20774362902941, 40.03465336462237], [28.20774362902941, 40.03411437545191], [28.20666565068848, 40.03411437545191], [28.20666565068848, 40.033575386281434], [28.20558767234752, 40.033575386281434], [28.20558767234752, 40.03303639711096], [28.20397070483611, 40.03303639711096], [28.20397070483611, 40.03249740794049], [28.206126661518, 40.03249740794049], [28.206126661518, 40.03195841877002]]]}, "id": "+386290+81574", "properties": {"area_ha": 7.975692436696456, "count": 29, "label": 1, "mean_dnbr": 0.3334704920312357}}, {"type": "Feature", "geometry": {"geodesic": false, "type": "Polygon", "coordinates": [[[28.206126661518, 40.17802448396785], [28.20774362902941, 40.17802448396785], [28.20774362902941, 40.178563473138325], [28.20828261819989, 40.178563473138325], [28.20828261819989, 40.1791024623088], [28.20936059654082, 40.1791024623088], [28.20936059654082, 40.17964145147926], [28.20828261819989, 40.17964145147926], [28.20828261819989, 40.180180440649735], [28.20774362902941, 40.180180440649735], [28.20774362902941, 40.17964145147926], [28.20720463985893, 40.17964145147926], [28.20720463985893, 40.1791024623088], [28.206126661518, 40.1791024623088], [28.206126661518, 40.17802448396785]]]}, "id": "+386292+81303", "properties": {"area_ha": 3.2932451812611316, "count": 12, "label": 1, "mean_dnbr": 0.3163433194203984}}, {"type": "Feature", "geometry": {"geodesic": false, "type": "Polygon", "coordinates": [[[28.20828261819989, 40.1543089604671], [28.20936059654082, 40.1543089604671], [28.20936059654082, 40.155386938808036], [28.209899585711298, 40.155386938808036], [28.209899585711298, 40.15592592797851], [28.210438574881778, 40.15592592797851], [28.210438574881778, 40.15700390631945], [28.211516553222708, 40.15700390631945], [28.211516553222708, 40.15646491714898], [28.212055542393188, 40.15646491714898], [28.212055542393188, 40.157542895489925], [28.212594531563667, 40.157542895489925], [28.212594531563667, 40.1580818846604], [28.213133520734118, 40.1580818846604], [28.213133520734118, 40.15862087383087], [28.212594531563667, 40.15862087383087], [28.212594531563667, 40.15915986300134], [28.211516553222708, 40.15915986300134], [28.211516553222708, 40.15862087383087], [28.21097756405223, 40.15862087383087], [28.21097756405223, 40.157542895489925], [28.210438574881778, 40.157542895489925], [28.210438574881778, 40.15700390631945], [28.209899585711298, 40.15700390631945], [28.209899585711298, 40.15646491714898], [28.20936059654082, 40.15646491714898], [28.20936059654082, 40.15592592797851], [28.20882160737034, 40.15592592797851], [28.20882160737034, 40.155386938808036], [28.20828261819989, 40.155386938808036], [28.20828261819989, 40.1543089604671]]]}, "id": "+386295+81347", "properties": {"area_ha": 6.039577361288389, "count": 22, "label": 1, "mean_dnbr": 0.2646692183515431}}, {"type": "Feature", "geometry": {"geodesic": false, "type": "Polygon", "coordinates": [[[28.20882160737034, 40.14784109042144], [28.211516553222708, 40.14784109042144], [28.211516553222708, 40.14838007959191], [28.212055542393188, 40.14838007959191], [28.212055542393188, 40.14891906876238], [28.210438574881778, 40.14891906876238], [28.210438574881778, 40.14945805793285], [28.209899585711298, 40.14945805793285], [28.209899585711298, 40.14891906876238], [28.20936059654082, 40.14891906876238], [28.20936059654082, 40.14838007959191], [28.20882160737034, 40.14838007959191], [28.20882160737034, 40.14784109042144]]]}, "id": "+386299+81359", "properties": {"area_ha": 3.020156850247979, "count": 11, "label": 1, "mean_dnbr": 0.24566418755345557}}, {"type": "Feature", "geometry": {"geodesic": false, "type": "Polygon", "coordinates": [[[28.211516553222708, 40.16508874387653], [28.212594531563667, 40.16508874387653], [28.212594531563667, 40.16724470055841], [28.210438574881778, 40.16724470055841], [28.210438574881778, 40.166166722217476], [28.209899585711298, 40.166166722217476], [28.209899585711298, 40.165627733047], [28.211516553222708, 40.165627733047], [28.211516553222708, 40.16508874387653]]]}, "id": "+386301+81327", "properties": {"area_ha": 4.1173331376412134, "count": 15, "label": 1, "mean_dnbr": 0.26688004418037176}}, {"type": "Feature", "geometry": {"geodesic": false, "type": "Polygon", "coordinates": [[[28.212594531563667, 40.16832267889936], [28.214211499075077, 40.16832267889936], [28.214211499075077, 40.1694006572403], [28.214750488245528, 40.1694006572403], [28.214750488245528, 40.169939646410775], [28.215289477416007, 40.169939646410775], [28.215289477416007, 40.17047863558125], [28.213672509904598, 40.17047863558125], [28.213672509904598, 40.169939646410775], [28.213133520734118, 40.169939646410775], [28.213133520734118, 40.16886166806983], [28.212594531563667, 40.16886166806983], [28.212594531563667, 40.16832267889936]]]}, "id": "+386304+81321", "properties": {"area_ha": 3.0192343564119954, "count": 11, "label": 1, "mean_dnbr": 0.2651211707987232}}, {"type": "Feature", "geometry": {"geodesic": false, "type": "Polygon", "coordinates": [[[28.214211499075077, 40.173712570604074], [28.215828466586487, 40.173712570604074], [28.215828466586487, 40.17479054894502], [28.216906444927417, 40.17479054894502], [28.216906444927417, 40.175868527285964], [28.214750488245528, 40.175868527285964], [28.214750488245528, 40.17532953811549], [28.214211499075077, 40.17532953811549], [28.214211499075077, 40.173712570604074]]]}, "id": "+386307+81311", "properties": {"area_ha": 4.116810014979639, "count": 15, "label": 1, "mean_dnbr": 0.2811921135437906}}, {"type": "Feature", "geometry": {"geodesic": false, "type": "Polygon", "coordinates": [[[28.216906444927417, 39.71772773238501], [28.217445434097897, 39.71772773238501], [28.217445434097897, 39.71826672155548], [28.218523412438856, 39.71826672155548], [28.218523412438856, 39.720961667407835], [28.216906444927417, 39.720961667407835], [28.216906444927417, 39.71880571072595], [28.216367455756966, 39.71880571072595], [28.216367455756966, 39.71826672155548], [28.216906444927417, 39.71826672155548], [28.216906444927417, 39.71772773238501]]]}, "id": "+386310+82157", "properties": {"area_ha": 4.696880997935606, "count": 17, "label": 1, "mean_dnbr": 0.37213665367028065}}, {"type": "Feature", "geometry": {"geodesic": false, "type": "Polygon", "coordinates": [[[28.217445434097897, 40.18395336484304], [28.217984423268376, 40.18395336484304], [28.217984423268376, 40.184492354013514], [28.219062401609307, 40.184492354013514], [28.219062401609307, 40.18557033235445], [28.220140379950266, 40.18557033235445], [28.220140379950266, 40.186648310695396], [28.219601390779786, 40.186648310695396], [28.219601390779786, 40.18772628903634], [28.219062401609307, 40.18772628903634], [28.219062401609307, 40.186648310695396], [28.218523412438856, 40.186648310695396], [28.218523412438856, 40.18557033235445], [28.217984423268376, 40.18557033235445], [28.217984423268376, 40.184492354013514], [28.217445434097897, 40.184492354013514], [28.217445434097897, 40.18395336484304]]]}, "id": "+386311+81292", "properties": {"area_ha": 3.56732388542777, "count": 13, "label": 1, "mean_dnbr": 0.214669227353194}}, {"type": "Feature", "geometry": {"geodesic": false, "type": "Polygon", "coordinates": [[[28.218523412438856, 40.17479054894502], [28.219062401609307, 40.17479054894502], [28.219062401609307, 40.17532953811549], [28.219601390779786, 40.17532953811549], [28.219601390779786, 40.175868527285964], [28.220140379950266, 40.175868527285964], [28.220140379950266, 40.17694650562691], [28.220679369120717, 40.17694650562691], [28.220679369120717, 40.17748549479738], [28.220140379950266, 40.17748549479738], [28.220140379950266, 40.17802448396785], [28.218523412438856, 40.17802448396785], [28.218523412438856, 40.17748549479738], [28.217984423268376, 40.17748549479738], [28.217984423268376, 40.176407516456436], [28.217445434097897, 40.176407516456436], [28.217445434097897, 40.175868527285964], [28.217984423268376, 40.175868527285964], [28.217984423268376, 40.17532953811549], [28.218523412438856, 40.17532953811549], [28.218523412438856, 40.17479054894502]]]}, "id": "+386313+81309", "properties": {"area_ha": 5.763386057861811, "count": 21, "label": 1, "mean_dnbr": 0.2703953494584606}}, {"type": "Feature", "geometry": {"geodesic": false, "type": "Polygon", "coordinates": [[[28.222296336632155, 40.17964145147926], [28.226069260825454, 40.17964145147926], [28.226069260825454, 40.180180440649735], [28.226608249995905, 40.180180440649735], [28.226608249995905, 40.18179740816115], [28.226069260825454, 40.18179740816115], [28.226069260825454, 40.182336397331625], [28.223913304143565, 40.182336397331625], [28.223913304143565, 40.1828753865021], [28.221757347461676, 40.1828753865021], [28.221757347461676, 40.182336397331625], [28.221218358291196, 40.182336397331625], [28.221218358291196, 40.18179740816115], [28.220679369120717, 40.18179740816115], [28.220679369120717, 40.18125841899068], [28.220140379950266, 40.18125841899068], [28.220140379950266, 40.18071942982021], [28.221218358291196, 40.18071942982021], [28.221218358291196, 40.180180440649735], [28.222296336632155, 40.180180440649735], [28.222296336632155, 40.17964145147926]]]}, "id": "+386326+81300", "properties": {"area_ha": 14.54468011030161, "count": 53, "label": 1, "mean_dnbr": 0.3549444173309476}}, {"type": "Feature", "geometry": {"geodesic": false, "type": "Polygon", "coordinates": [[[28.223913304143565, 40.19365516991153], [28.227686228336864, 40.19365516991153], [28.227686228336864, 40.194194159082], [28.228225217507344, 40.194194159082], [28.228225217507344, 40.194733148252475], [28.225530271654975, 40.194733148252475], [28.225530271654975, 40.194194159082], [28.223913304143565, 40.194194159082], [28.223913304143565, 40.19365516991153]]]}, "id": "+386329+81274", "properties": {"area_ha": 3.292489756981738, "count": 12, "label": 1, "mean_dnbr": 0.16195271057512084}}, {"type": "Feature", "geometry": {"geodesic": false, "type": "Polygon", "coordinates": [[[28.226608249995905, 40.169939646410775], [28.228225217507344, 40.169939646410775], [28.228225217507344, 40.17263459226314], [28.227686228336864, 40.17263459226314], [28.227686228336864, 40.1731735814336], [28.228225217507344, 40.1731735814336], [28.228225217507344, 40.17425155977455], [28.228764206677795, 40.17425155977455], [28.228764206677795, 40.17532953811549], [28.227686228336864, 40.17532953811549], [28.227686228336864, 40.17425155977455], [28.227147239166385, 40.17425155977455], [28.227147239166385, 40.1731735814336], [28.226608249995905, 40.1731735814336], [28.226608249995905, 40.17263459226314], [28.227686228336864, 40.17263459226314], [28.227686228336864, 40.172095603092664], [28.227147239166385, 40.172095603092664], [28.227147239166385, 40.17101762475172], [28.226608249995905, 40.17101762475172], [28.226608249995905, 40.169939646410775]]]}, "id": "+386330+81318", "properties": {"area_ha": 5.763734101926273, "count": 21, "label": 1, "mean_dnbr": 0.24118517049138768}}, {"type": "Feature", "geometry": {"geodesic": false, "type": "Polygon", "coordinates": [[[28.230381174189233, 40.18503134318399], [28.231459152530164, 40.18503134318399], [28.231459152530164, 40.18718729986587], [28.231998141700643, 40.18718729986587], [28.231998141700643, 40.18772628903634], [28.234154098382533, 40.18772628903634], [28.234154098382533, 40.18826527820681], [28.234693087552984, 40.18826527820681], [28.234693087552984, 40.18772628903634], [28.235232076723463, 40.18772628903634], [28.235232076723463, 40.18826527820681], [28.234693087552984, 40.18826527820681], [28.234693087552984, 40.188804267377286], [28.235232076723463, 40.188804267377286], [28.235232076723463, 40.18934325654776], [28.234693087552984, 40.18934325654776], [28.234693087552984, 40.1904212348887], [28.232537130871094, 40.1904212348887], [28.232537130871094, 40.190960224059175], [28.230920163359684, 40.190960224059175], [28.230920163359684, 40.1904212348887], [28.230381174189233, 40.1904212348887], [28.230381174189233, 40.18988224571823], [28.229842185018754, 40.18988224571823], [28.229842185018754, 40.18934325654776], [28.229303195848274, 40.18934325654776], [28.229303195848274, 40.188804267377286], [28.228764206677795, 40.188804267377286], [28.228764206677795, 40.186109321524924], [28.229303195848274, 40.186109321524924], [28.229303195848274, 40.186648310695396], [28.229842185018754, 40.186648310695396], [28.229842185018754, 40.18718729986587], [28.230381174189233, 40.18718729986587], [28.230381174189233, 40.18503134318399]]]}, "id": "+386336+81290", "properties": {"area_ha": 19.20790966605562, "count": 70, "label": 1, "mean_dnbr": 0.31301518390305255}}, {"type": "Feature", "geometry": {"geodesic": false, "type": "Polygon", "coordinates": [[[28.228764206677795, 39.98722231762086], [28.231459152530164, 39.98722231762086], [28.231459152530164, 39.987761306791334], [28.231998141700643, 39.987761306791334], [28.231998141700643, 39.98830029596181], [28.232537130871094, 39.98830029596181], [28.232537130871094, 39.98937827430275], [28.233076120041574, 39.98937827430275], [28.233076120041574, 39.990456252643696], [28.233615109212053, 39.990456252643696], [28.233615109212053, 39.99099524181417], [28.234154098382533, 39.99099524181417], [28.234154098382533, 39.99153423098464], [28.234693087552984, 39.99153423098464], [28.234693087552984, 39.99207322015511], [28.235232076723463, 39.99207322015511], [28.235232076723463, 39.99261220932558], [28.234154098382533, 39.99261220932558], [28.234154098382533, 39.99315119849605], [28.232537130871094, 39.99315119849605], [28.232537130871094, 39.99261220932558], [28.231459152530164, 39.99261220932558], [28.231459152530164, 39.99207322015511], [28.230920163359684, 39.99207322015511], [28.230920163359684, 39.99099524181417], [28.231459152530164, 39.99099524181417], [28.231459152530164, 39.990456252643696], [28.231998141700643, 39.990456252643696], [28.231998141700643, 39.98937827430275], [28.229842185018754, 39.98937827430275], [28.229842185018754, 39.98883928513228], [28.229303195848274, 39.98883928513228], [28.229303195848274, 39.98830029596181], [28.228764206677795, 39.98830029596181], [28.228764206677795, 39.98722231762086]], [[28.229842185018754, 39.987761306791334], [28.229842185018754, 39.98830029596181], [28.229303195848274, 39.98830029596181], [28.229303195848274, 39.987761306791334], [28.229842185018754, 39.987761306791334]]]}, "id": "+386336+81657", "properties": {"area_ha": 14.31035178673884, "count": 52, "label": 1, "mean_dnbr": 0.3566834759132077}}, {"type": "Feature", "geometry": {"geodesic": false, "type": "Polygon", "coordinates": [[[28.233615109212053, 40.10687791346558], [28.235232076723463, 40.10687791346558], [28.235232076723463, 40.107416902636054], [28.235771065893942, 40.107416902636054], [28.235771065893942, 40.107955891806526], [28.235232076723463, 40.107955891806526], [28.235232076723463, 40.10903387014747], [28.229842185018754, 40.10903387014747], [28.229842185018754, 40.107416902636054], [28.233615109212053, 40.107416902636054], [28.233615109212053, 40.10687791346558]], [[28.231998141700643, 40.107955891806526], [28.231998141700643, 40.108494880977], [28.230920163359684, 40.108494880977], [28.230920163359684, 40.107955891806526], [28.231998141700643, 40.107955891806526]]]}, "id": "+386343+81435", "properties": {"area_ha": 8.791223865397667, "count": 32, "label": 1, "mean_dnbr": 0.3456078624386831}}, {"type": "Feature", "geometry": {"geodesic": false, "type": "Polygon", "coordinates": [[[28.234693087552984, 39.93224542223275], [28.235232076723463, 39.93224542223275], [28.235232076723463, 39.93278441140322], [28.235771065893942, 39.93278441140322], [28.235771065893942, 39.93332340057369], [28.236310055064422, 39.93332340057369], [28.236310055064422, 39.933862389744164], [28.24008297925772, 39.933862389744164], [28.24008297925772, 39.934401378914636], [28.236849044234873, 39.934401378914636], [28.236849044234873, 39.93494036808511], [28.235771065893942, 39.93494036808511], [28.235771065893942, 39.934401378914636], [28.234693087552984, 39.934401378914636], [28.234693087552984, 39.933862389744164], [28.235232076723463, 39.933862389744164], [28.235232076723463, 39.93278441140322], [28.234693087552984, 39.93278441140322], [28.234693087552984, 39.93224542223275]]]}, "id": "+386343+81759", "properties": {"area_ha": 4.406799351971342, "count": 16, "label": 1, "mean_dnbr": 0.3922469360364698}}, {"type": "Feature", "geometry": {"geodesic": false, "type": "Polygon", "coordinates": [[[28.235771065893942, 40.231923401015024], [28.236310055064422, 40.231923401015024], [28.236310055064422, 40.232462390185496], [28.237927022575832, 40.232462390185496], [28.237927022575832, 40.23300137935597], [28.24008297925772, 40.23300137935597], [28.24008297925772, 40.233540368526434], [28.240621968428172, 40.233540368526434], [28.240621968428172, 40.234079357696906], [28.24008297925772, 40.234079357696906], [28.24008297925772, 40.233540368526434], [28.239005000916762, 40.233540368526434], [28.239005000916762, 40.234079357696906], [28.239543990087242, 40.234079357696906], [28.239543990087242, 40.23461834686738], [28.239005000916762, 40.23461834686738], [28.239005000916762, 40.23515733603785], [28.237927022575832, 40.23515733603785], [28.237927022575832, 40.23569632520832], [28.237388033405352, 40.23569632520832], [28.237388033405352, 40.23515733603785], [28.235232076723463, 40.23515733603785], [28.235232076723463, 40.23569632520832], [28.235771065893942, 40.23569632520832], [28.235771065893942, 40.236235314378796], [28.235232076723463, 40.236235314378796], [28.235232076723463, 40.23569632520832], [28.234693087552984, 40.23569632520832], [28.234693087552984, 40.23515733603785], [28.233615109212053, 40.23515733603785], [28.233615109212053, 40.234079357696906], [28.235232076723463, 40.234079357696906], [28.235232076723463, 40.233540368526434], [28.235771065893942, 40.233540368526434], [28.235771065893942, 40.23300137935597], [28.235232076723463, 40.23300137935597], [28.235232076723463, 40.232462390185496], [28.235771065893942, 40.232462390185496], [28.235771065893942, 40.231923401015024]]]}, "id": "+386345+81203", "properties": {"area_ha": 12.61385748478909, "count": 46, "label": 1, "mean_dnbr": 0.23552333728850489}}, {"type": "Feature", "geometry": {"geodesic": false, "type": "Polygon", "coordinates": [[[28.237927022575832, 40.22491654179889], [28.238466011746283, 40.22491654179889], [28.238466011746283, 40.225994520139835], [28.240621968428172, 40.225994520139835], [28.240621968428172, 40.22707249848078], [28.24008297925772, 40.22707249848078], [28.24008297925772, 40.22653350931031], [28.239005000916762, 40.22653350931031], [28.239005000916762, 40.22707249848078], [28.236849044234873, 40.22707249848078], [28.236849044234873, 40.225994520139835], [28.237927022575832, 40.225994520139835], [28.237927022575832, 40.22491654179889]]]}, "id": "+386349+81216", "properties": {"area_ha": 3.8394377343524293, "count": 14, "label": 1, "mean_dnbr": 0.16158253861360167}}, {"type": "Feature", "geometry": {"geodesic": false, "type": "Polygon", "coordinates": [[[28.238466011746283, 40.221682606776056], [28.24008297925772, 40.221682606776056], [28.24008297925772, 40.222760585117], [28.240621968428172, 40.222760585117], [28.240621968428172, 40.22437755262842], [28.239543990087242, 40.22437755262842], [28.239543990087242, 40.223838563457946], [28.239005000916762, 40.223838563457946], [28.239005000916762, 40.22222159594653], [28.238466011746283, 40.22222159594653], [28.238466011746283, 40.221682606776056]]]}, "id": "+386352+81222", "properties": {"area_ha": 3.5653667130865005, "count": 13, "label": 1, "mean_dnbr": 0.16640960909083283}}, {"type": "Feature", "geometry": {"geodesic": false, "type": "Polygon", "coordinates": [[[28.24331691428054, 40.138678274523414], [28.24439489262147, 40.138678274523414], [28.24439489262147, 40.140834231205304], [28.24385590345102, 40.140834231205304], [28.24385590345102, 40.141373220375776], [28.24169994676913, 40.141373220375776], [28.24169994676913, 40.140834231205304], [28.24116095759865, 40.140834231205304], [28.24116095759865, 40.14029524203483], [28.24169994676913, 40.14029524203483], [28.24169994676913, 40.13921726369389], [28.24331691428054, 40.13921726369389], [28.24331691428054, 40.138678274523414]]]}, "id": "+386360+81376", "properties": {"area_ha": 6.041075758835176, "count": 22, "label": 1, "mean_dnbr": 0.2893743328746499}}, {"type": "Feature", "geometry": {"geodesic": false, "type": "Polygon", "coordinates": [[[28.24493388179195, 40.254560946174834], [28.24547287096243, 40.254560946174834], [28.24547287096243, 40.25563892451578], [28.24601186013291, 40.25563892451578], [28.24601186013291, 40.25617791368625], [28.24655084930336, 40.25617791368625], [28.24655084930336, 40.25779488119766], [28.24493388179195, 40.25779488119766], [28.24493388179195, 40.257255892027196], [28.24439489262147, 40.257255892027196], [28.24439489262147, 40.25617791368625], [28.24385590345102, 40.25617791368625], [28.24385590345102, 40.25509993534531], [28.24493388179195, 40.25509993534531], [28.24493388179195, 40.254560946174834]]]}, "id": "+386362+81161", "properties": {"area_ha": 5.208357309458412, "count": 19, "label": 1, "mean_dnbr": 0.26208696311122687}}, {"type": "Feature", "geometry": {"geodesic": false, "type": "Polygon", "coordinates": [[[28.24493388179195, 40.18988224571823], [28.24547287096243, 40.18988224571823], [28.24547287096243, 40.190960224059175], [28.24601186013291, 40.190960224059175], [28.24601186013291, 40.19149921322964], [28.24655084930336, 40.19149921322964], [28.24655084930336, 40.19203820240011], [28.24762882764432, 40.19203820240011], [28.24762882764432, 40.19149921322964], [28.24870680598525, 40.19149921322964], [28.24870680598525, 40.190960224059175], [28.24924579515573, 40.190960224059175], [28.24924579515573, 40.19203820240011], [28.25032377349666, 40.19203820240011], [28.25032377349666, 40.19311618074106], [28.24978478432621, 40.19311618074106], [28.24978478432621, 40.19365516991153], [28.24870680598525, 40.19365516991153], [28.24870680598525, 40.194194159082], [28.24655084930336, 40.194194159082], [28.24655084930336, 40.194733148252475], [28.24601186013291, 40.194733148252475], [28.24601186013291, 40.194194159082], [28.24547287096243, 40.194194159082], [28.24547287096243, 40.194733148252475], [28.24493388179195, 40.194733148252475], [28.24493388179195, 40.194194159082], [28.24439489262147, 40.194194159082], [28.24439489262147, 40.19311618074106], [28.24277792511006, 40.19311618074106], [28.24277792511006, 40.19365516991153], [28.24223893593961, 40.19365516991153], [28.24223893593961, 40.194194159082], [28.24116095759865, 40.194194159082], [28.24116095759865, 40.194733148252475], [28.239543990087242, 40.194733148252475], [28.239543990087242, 40.19527213742295], [28.239005000916762, 40.19527213742295], [28.239005000916762, 40.19365516991153], [28.238466011746283, 40.19365516991153], [28.238466011746283, 40.192577191570585], [28.240621968428172, 40.192577191570585], [28.240621968428172, 40.19203820240011], [28.24169994676913, 40.19203820240011], [28.24169994676913, 40.19149921322964], [28.24223893593961, 40.19149921322964], [28.24223893593961, 40.190960224059175], [28.24385590345102, 40.190960224059175], [28.24385590345102, 40.1904212348887], [28.24493388179195, 40.1904212348887], [28.24493388179195, 40.18988224571823]], [[28.24547287096243, 40.19365516991153], [28.24547287096243, 40.194194159082], [28.24493388179195, 40.194194159082], [28.24493388179195, 40.19365516991153], [28.24547287096243, 40.19365516991153]]]}, "id": "+386362+81281", "properties": {"area_ha": 27.986911234977104, "count": 102, "label": 1, "mean_dnbr": 0.32547940802638275}}, {"type": "Feature", "geometry": {"geodesic": false, "type": "Polygon", "coordinates": [[[28.24655084930336, 40.20389596415049], [28.24708983847384, 40.20389596415049], [28.24708983847384, 40.20443495332096], [28.24762882764432, 40.20443495332096], [28.24762882764432, 40.204973942491435], [28.2481678168148, 40.204973942491435], [28.2481678168148, 40.20551293166191], [28.24762882764432, 40.20551293166191], [28.24762882764432, 40.20659091000285], [28.24655084930336, 40.20659091000285], [28.24655084930336, 40.204973942491435], [28.24547287096243, 40.204973942491435], [28.24547287096243, 40.20389596415049], [28.24601186013291, 40.20389596415049], [28.24601186013291, 40.20443495332096], [28.24655084930336, 40.20443495332096], [28.24655084930336, 40.20389596415049]]]}, "id": "+386365+81255", "properties": {"area_ha": 3.5663079973590897, "count": 13, "label": 1, "mean_dnbr": 0.27395994854341144}}, {"type": "Feature", "geometry": {"geodesic": false, "type": "Polygon", "coordinates": [[[28.24547287096243, 40.105799935124644], [28.24762882764432, 40.105799935124644], [28.24762882764432, 40.106338924295116], [28.24870680598525, 40.106338924295116], [28.24870680598525, 40.10687791346558], [28.2481678168148, 40.10687791346558], [28.2481678168148, 40.107416902636054], [28.24762882764432, 40.107416902636054], [28.24762882764432, 40.107955891806526], [28.24655084930336, 40.107955891806526], [28.24655084930336, 40.108494880977], [28.24547287096243, 40.108494880977], [28.24547287096243, 40.10903387014747], [28.24493388179195, 40.10903387014747], [28.24493388179195, 40.10957285931794], [28.24277792511006, 40.10957285931794], [28.24277792511006, 40.10903387014747], [28.24223893593961, 40.10903387014747], [28.24223893593961, 40.108494880977], [28.24116095759865, 40.108494880977], [28.24116095759865, 40.107955891806526], [28.24008297925772, 40.107955891806526], [28.24008297925772, 40.108494880977], [28.236310055064422, 40.108494880977], [28.236310055064422, 40.107416902636054], [28.236849044234873, 40.107416902636054], [28.236849044234873, 40.107955891806526], [28.237388033405352, 40.107955891806526], [28.237388033405352, 40.107416902636054], [28.239005000916762, 40.107416902636054], [28.239005000916762, 40.107955891806526], [28.24008297925772, 40.107955891806526], [28.24008297925772, 40.107416902636054], [28.24385590345102, 40.107416902636054], [28.24385590345102, 40.10687791346558], [28.24439489262147, 40.10687791346558], [28.24439489262147, 40.106338924295116], [28.24547287096243, 40.106338924295116], [28.24547287096243, 40.105799935124644]]]}, "id": "+386366+81437", "properties": {"area_ha": 17.857135431113768, "count": 65, "label": 1, "mean_dnbr": 0.20515330996507622}}, {"type": "Feature", "geometry": {"geodesic": false, "type": "Polygon", "coordinates": [[[28.2481678168148, 40.18341437567257], [28.25032377349666, 40.18341437567257], [28.25032377349666, 40.18395336484304], [28.25086276266714, 40.18395336484304], [28.25086276266714, 40.18503134318399], [28.24978478432621, 40.18503134318399], [28.24978478432621, 40.18557033235445], [28.24870680598525, 40.18557033235445], [28.24870680598525, 40.184492354013514], [28.2481678168148, 40.184492354013514], [28.2481678168148, 40.18341437567257]]]}, "id": "+386371+81293", "properties": {"area_ha": 4.116226200908322, "count": 15, "label": 1, "mean_dnbr": 0.23254687654383255}}, {"type": "Feature", "geometry": {"geodesic": false, "type": "Polygon", "coordinates": [[[28.24978478432621, 40.18772628903634], [28.25140175183762, 40.18772628903634], [28.25140175183762, 40.18826527820681], [28.2519407410081, 40.18826527820681], [28.2519407410081, 40.188804267377286], [28.25247973017855, 40.188804267377286], [28.25247973017855, 40.18988224571823], [28.25086276266714, 40.18988224571823], [28.25086276266714, 40.18934325654776], [28.25032377349666, 40.18934325654776], [28.25032377349666, 40.188804267377286], [28.24978478432621, 40.188804267377286], [28.24978478432621, 40.18772628903634]]]}, "id": "+386373+81285", "properties": {"area_ha": 3.8415645444192066, "count": 14, "label": 1, "mean_dnbr": 0.25235895938735936}}, {"type": "Feature", "geometry": {"geodesic": false, "type": "Polygon", "coordinates": [[[28.257330632712808, 40.18718729986587], [28.257869621883287, 40.18718729986587], [28.257869621883287, 40.18988224571823], [28.25679164354233, 40.18988224571823], [28.25679164354233, 40.190960224059175], [28.25463568686044, 40.190960224059175], [28.25463568686044, 40.19149921322964], [28.25301871934903, 40.19149921322964], [28.25301871934903, 40.18934325654776], [28.25355770851951, 40.18934325654776], [28.25355770851951, 40.188804267377286], [28.255713665201398, 40.188804267377286], [28.255713665201398, 40.18826527820681], [28.25625265437185, 40.18826527820681], [28.25625265437185, 40.18772628903634], [28.257330632712808, 40.18772628903634], [28.257330632712808, 40.18718729986587]]]}, "id": "+386385+81286", "properties": {"area_ha": 11.524556624129552, "count": 42, "label": 1, "mean_dnbr": 0.3328334855524966}}, {"type": "Feature", "geometry": {"geodesic": false, "type": "Polygon", "coordinates": [[[28.25679164354233, 40.24270318442446], [28.258947600224218, 40.24270318442446], [28.258947600224218, 40.24324217359493], [28.259486589394697, 40.24324217359493], [28.259486589394697, 40.2437811627654], [28.25840861105374, 40.2437811627654], [28.25840861105374, 40.244320151935874], [28.257330632712808, 40.244320151935874], [28.257330632712808, 40.2437811627654], [28.25679164354233, 40.2437811627654], [28.25679164354233, 40.24270318442446]]]}, "id": "+386387+81183", "properties": {"area_ha": 3.015935518697721, "count": 11, "label": 1, "mean_dnbr": 0.33420946565701204}}, {"type": "Feature", "geometry": {"geodesic": false, "type": "Polygon", "coordinates": [[[28.258947600224218, 40.26426275124332], [28.261103556906107, 40.26426275124332], [28.261103556906107, 40.26534072958427], [28.260025578565177, 40.26534072958427], [28.260025578565177, 40.26641870792521], [28.259486589394697, 40.26641870792521], [28.259486589394697, 40.26587971875474], [28.257869621883287, 40.26587971875474], [28.257869621883287, 40.26534072958427], [28.25840861105374, 40.26534072958427], [28.25840861105374, 40.264801740413795], [28.258947600224218, 40.264801740413795], [28.258947600224218, 40.26426275124332]]]}, "id": "+386391+81143", "properties": {"area_ha": 3.8372340283830044, "count": 14, "label": 1, "mean_dnbr": 0.20658235864182328}}, {"type": "Feature", "geometry": {"geodesic": false, "type": "Polygon", "coordinates": [[[28.261642546076587, 40.19527213742295], [28.262720524417517, 40.19527213742295], [28.262720524417517, 40.19581112659342], [28.263259513587997, 40.19581112659342], [28.263259513587997, 40.19635011576389], [28.263798502758476, 40.19635011576389], [28.263798502758476, 40.196889104934364], [28.264337491928927, 40.196889104934364], [28.264337491928927, 40.19742809410483], [28.263798502758476, 40.19742809410483], [28.263798502758476, 40.1979670832753], [28.262181535247038, 40.1979670832753], [28.262181535247038, 40.198506072445774], [28.261642546076587, 40.198506072445774], [28.261642546076587, 40.199045061616246], [28.260025578565177, 40.199045061616246], [28.260025578565177, 40.1979670832753], [28.259486589394697, 40.1979670832753], [28.259486589394697, 40.19742809410483], [28.258947600224218, 40.19742809410483], [28.258947600224218, 40.196889104934364], [28.259486589394697, 40.196889104934364], [28.259486589394697, 40.19635011576389], [28.260564567735628, 40.19635011576389], [28.260564567735628, 40.19581112659342], [28.261642546076587, 40.19581112659342], [28.261642546076587, 40.19527213742295]]]}, "id": "+386394+81271", "properties": {"area_ha": 10.974547672224547, "count": 40, "label": 1, "mean_dnbr": 0.3450029098292997}}, {"type": "Feature", "geometry": {"geodesic": false, "type": "Polygon", "coordinates": [[[28.264337491928927, 40.22006563926465], [28.264876481099407, 40.22006563926465], [28.264876481099407, 40.22060462843512], [28.266493448610817, 40.22060462843512], [28.266493448610817, 40.221682606776056], [28.267571426951775, 40.221682606776056], [28.267571426951775, 40.22222159594653], [28.267032437781296, 40.22222159594653], [28.267032437781296, 40.222760585117], [28.265415470269886, 40.222760585117], [28.265415470269886, 40.22222159594653], [28.264337491928927, 40.22222159594653], [28.264337491928927, 40.22114361760559], [28.264876481099407, 40.22114361760559], [28.264876481099407, 40.22060462843512], [28.264337491928927, 40.22060462843512], [28.264337491928927, 40.22006563926465]]]}, "id": "+386398+81225", "properties": {"area_ha": 4.662498275120267, "count": 17, "label": 1, "mean_dnbr": 0.2287516124077863}}, {"type": "Feature", "geometry": {"geodesic": false, "type": "Polygon", "coordinates": [[[28.264337491928927, 40.25833387036813], [28.265415470269886, 40.25833387036813], [28.265415470269886, 40.258872859538606], [28.265954459440366, 40.258872859538606], [28.265954459440366, 40.25941184870908], [28.266493448610817, 40.25941184870908], [28.266493448610817, 40.26048982705002], [28.265415470269886, 40.26048982705002], [28.265415470269886, 40.26156780539097], [28.264876481099407, 40.26156780539097], [28.264876481099407, 40.263184772902385], [28.265415470269886, 40.263184772902385], [28.265415470269886, 40.26372376207285], [28.264337491928927, 40.26372376207285], [28.264337491928927, 40.263184772902385], [28.263798502758476, 40.263184772902385], [28.263798502758476, 40.26048982705002], [28.263259513587997, 40.26048982705002], [28.263259513587997, 40.25995083787955], [28.263798502758476, 40.25995083787955], [28.263798502758476, 40.25941184870908], [28.264337491928927, 40.25941184870908], [28.264337491928927, 40.25833387036813]]]}, "id": "+386399+81154", "properties": {"area_ha": 8.223189510983438, "count": 30, "label": 1, "mean_dnbr": 0.201806920454503}}, {"type": "Feature", "geometry": {"geodesic": false, "type": "Polygon", "coordinates": [[[28.264876481099407, 40.22545553096936], [28.265415470269886, 40.22545553096936], [28.265415470269886, 40.22653350931031], [28.265954459440366, 40.22653350931031], [28.265954459440366, 40.22707249848078], [28.265415470269886, 40.22707249848078], [28.265415470269886, 40.227611487651245], [28.264337491928927, 40.227611487651245], [28.264337491928927, 40.22868946599219], [28.263798502758476, 40.22868946599219], [28.263798502758476, 40.22922845516266], [28.262720524417517, 40.22922845516266], [28.262720524417517, 40.22868946599219], [28.263259513587997, 40.22868946599219], [28.263259513587997, 40.227611487651245], [28.263798502758476, 40.227611487651245], [28.263798502758476, 40.22707249848078], [28.264337491928927, 40.22707249848078], [28.264337491928927, 40.22653350931031], [28.264876481099407, 40.22653350931031], [28.264876481099407, 40.22545553096936]]]}, "id": "+386399+81215", "properties": {"area_ha": 3.8393735396534283, "count": 14, "label": 1, "mean_dnbr": 0.17981077606541085}}, {"type": "Feature", "geometry": {"geodesic": false, "type": "Polygon", "coordinates": [[[28.267571426951775, 40.246476108617756], [28.268649405292706, 40.246476108617756], [28.268649405292706, 40.24809307612917], [28.265954459440366, 40.24809307612917], [28.265954459440366, 40.2475540869587], [28.266493448610817, 40.2475540869587], [28.266493448610817, 40.24701509778823], [28.267571426951775, 40.24701509778823], [28.267571426951775, 40.246476108617756]]]}, "id": "+386405+81176", "properties": {"area_ha": 3.015773042616893, "count": 11, "label": 1, "mean_dnbr": 0.2840542741921003}}, {"type": "Feature", "geometry": {"geodesic": false, "type": "Polygon", "coordinates": [[[28.265954459440366, 40.05082303973653], [28.268649405292706, 40.05082303973653], [28.268649405292706, 40.05190101807747], [28.270805361974595, 40.05190101807747], [28.270805361974595, 40.05297899641841], [28.270266372804116, 40.05297899641841], [28.270266372804116, 40.05351798558888], [28.268110416122227, 40.05351798558888], [28.268110416122227, 40.054056974759355], [28.267032437781296, 40.054056974759355], [28.267032437781296, 40.05297899641841], [28.268649405292706, 40.05297899641841], [28.268649405292706, 40.05190101807747], [28.265954459440366, 40.05190101807747], [28.265954459440366, 40.052440007247945], [28.263259513587997, 40.052440007247945], [28.263259513587997, 40.05190101807747], [28.265954459440366, 40.05190101807747], [28.265954459440366, 40.05082303973653]]]}, "id": "+386405+81539", "properties": {"area_ha": 8.523415601636179, "count": 31, "label": 1, "mean_dnbr": 0.2393670866542482}}, {"type": "Feature", "geometry": {"geodesic": false, "type": "Polygon", "coordinates": [[[28.270805361974595, 40.05351798558888], [28.271883340315554, 40.05351798558888], [28.271883340315554, 40.0551349531003], [28.272422329486005, 40.0551349531003], [28.272422329486005, 40.05567394227077], [28.273500307826964, 40.05567394227077], [28.273500307826964, 40.05675192061172], [28.272422329486005, 40.05675192061172], [28.272422329486005, 40.05567394227077], [28.271883340315554, 40.05567394227077], [28.271883340315554, 40.0551349531003], [28.270805361974595, 40.0551349531003], [28.270805361974595, 40.05351798558888]]]}, "id": "+386411+81534", "properties": {"area_ha": 3.024313408841216, "count": 11, "label": 1, "mean_dnbr": 0.1817165419444613}}, {"type": "Feature", "geometry": {"geodesic": false, "type": "Polygon", "coordinates": [[[28.272422329486005, 40.26534072958427], [28.274039296997415, 40.26534072958427], [28.274039296997415, 40.26587971875474], [28.274578286167895, 40.26587971875474], [28.274578286167895, 40.26641870792521], [28.274039296997415, 40.26641870792521], [28.274039296997415, 40.266957697095684], [28.273500307826964, 40.266957697095684], [28.273500307826964, 40.267496686266156], [28.272961318656485, 40.267496686266156], [28.272961318656485, 40.266957697095684], [28.271883340315554, 40.266957697095684], [28.271883340315554, 40.26641870792521], [28.272422329486005, 40.26641870792521], [28.272422329486005, 40.26534072958427]]]}, "id": "+386415+81141", "properties": {"area_ha": 3.2890033331005797, "count": 12, "label": 1, "mean_dnbr": 0.22697329502584548}}, {"type": "Feature", "geometry": {"geodesic": false, "type": "Polygon", "coordinates": [[[28.271883340315554, 40.04920607222511], [28.274039296997415, 40.04920607222511], [28.274039296997415, 40.050284050566056], [28.273500307826964, 40.050284050566056], [28.273500307826964, 40.05082303973653], [28.272961318656485, 40.05082303973653], [28.272961318656485, 40.051362028907], [28.272422329486005, 40.051362028907], [28.272422329486005, 40.05082303973653], [28.271883340315554, 40.05082303973653], [28.271883340315554, 40.04920607222511]]]}, "id": "+386415+81542", "properties": {"area_ha": 3.2994891376987665, "count": 12, "label": 1, "mean_dnbr": 0.27322043481876973}}, {"type": "Feature", "geometry": {"geodesic": false, "type": "Polygon", "coordinates": [[[28.276734242849784, 40.05297899641841], [28.278351210361194, 40.05297899641841], [28.278351210361194, 40.05351798558888], [28.277812221190743, 40.05351798558888], [28.277812221190743, 40.054056974759355], [28.279429188702153, 40.054056974759355], [28.279429188702153, 40.05459596392983], [28.278890199531673, 40.05459596392983], [28.278890199531673, 40.0551349531003], [28.277812221190743, 40.0551349531003], [28.277812221190743, 40.05567394227077], [28.277273232020264, 40.05567394227077], [28.277273232020264, 40.05459596392983], [28.276734242849784, 40.05459596392983], [28.276734242849784, 40.05297899641841]]]}, "id": "+386423+81535", "properties": {"area_ha": 3.8491725010345674, "count": 14, "label": 1, "mean_dnbr": 0.3622100371315738}}, {"type": "Feature", "geometry": {"geodesic": false, "type": "Polygon", "coordinates": [[[28.279429188702153, 40.14676311208049], [28.279968177872604, 40.14676311208049], [28.279968177872604, 40.14784109042144], [28.280507167043083, 40.14784109042144], [28.280507167043083, 40.14891906876238], [28.279968177872604, 40.14891906876238], [28.279968177872604, 40.14945805793285], [28.278890199531673, 40.14945805793285], [28.278890199531673, 40.14838007959191], [28.278351210361194, 40.14838007959191], [28.278351210361194, 40.14784109042144], [28.279429188702153, 40.14784109042144], [28.279429188702153, 40.14676311208049]]]}, "id": "+386426+81361", "properties": {"area_ha": 3.020173569701509, "count": 11, "label": 1, "mean_dnbr": 0.2021802127856841}}, {"type": "Feature", "geometry": {"geodesic": false, "type": "Polygon", "coordinates": [[[28.279968177872604, 40.20066202912766], [28.280507167043083, 40.20066202912766], [28.280507167043083, 40.201201018298136], [28.281046156213563, 40.201201018298136], [28.281046156213563, 40.20174000746861], [28.281585145384042, 40.20174000746861], [28.281585145384042, 40.20281798580955], [28.279968177872604, 40.20281798580955], [28.279968177872604, 40.20335697498002], [28.280507167043083, 40.20335697498002], [28.280507167043083, 40.20389596415049], [28.279429188702153, 40.20389596415049], [28.279429188702153, 40.20443495332096], [28.276734242849784, 40.20443495332096], [28.276734242849784, 40.20281798580955], [28.277812221190743, 40.20281798580955], [28.277812221190743, 40.20227899663908], [28.278890199531673, 40.20227899663908], [28.278890199531673, 40.20281798580955], [28.279429188702153, 40.20281798580955], [28.279429188702153, 40.20174000746861], [28.279968177872604, 40.20174000746861], [28.279968177872604, 40.20066202912766]]]}, "id": "+386427+81261", "properties": {"area_ha": 8.504559846707773, "count": 31, "label": 1, "mean_dnbr": 0.3042307695408803}}, {"type": "Feature", "geometry": {"geodesic": false, "type": "Polygon", "coordinates": [[[28.284280091236383, 40.201201018298136], [28.285897058747793, 40.201201018298136], [28.285897058747793, 40.20174000746861], [28.28697503708875, 40.20174000746861], [28.28697503708875, 40.20227899663908], [28.28751402625923, 40.20227899663908], [28.28751402625923, 40.20281798580955], [28.286436047918272, 40.20281798580955], [28.286436047918272, 40.20335697498002], [28.285897058747793, 40.20335697498002], [28.285897058747793, 40.20389596415049], [28.28535806957734, 40.20389596415049], [28.28535806957734, 40.20443495332096], [28.284819080406862, 40.20443495332096], [28.284819080406862, 40.20389596415049], [28.284280091236383, 40.20389596415049], [28.284280091236383, 40.20335697498002], [28.28374110206593, 40.20335697498002], [28.28374110206593, 40.20174000746861], [28.284280091236383, 40.20174000746861], [28.284280091236383, 40.201201018298136]]]}, "id": "+386437+81260", "properties": {"area_ha": 6.858539514393539, "count": 25, "label": 1, "mean_dnbr": 0.30599601048114683}}, {"type": "Feature", "geometry": {"geodesic": false, "type": "Polygon", "coordinates": [[[28.284819080406862, 40.190960224059175], [28.285897058747793, 40.190960224059175], [28.285897058747793, 40.19149921322964], [28.286436047918272, 40.19149921322964], [28.286436047918272, 40.19203820240011], [28.285897058747793, 40.19203820240011], [28.285897058747793, 40.192577191570585], [28.28535806957734, 40.192577191570585], [28.28535806957734, 40.19203820240011], [28.284819080406862, 40.19203820240011], [28.284819080406862, 40.19311618074106], [28.284280091236383, 40.19311618074106], [28.284280091236383, 40.192577191570585], [28.28374110206593, 40.192577191570585], [28.28374110206593, 40.19149921322964], [28.284819080406862, 40.19149921322964], [28.284819080406862, 40.190960224059175]]]}, "id": "+386437+81279", "properties": {"area_ha": 3.0182324035444594, "count": 11, "label": 1, "mean_dnbr": 0.3411385344820532}}, {"type": "Feature", "geometry": {"geodesic": false, "type": "Polygon", "coordinates": [[[28.285897058747793, 40.211441812537096], [28.28751402625923, 40.211441812537096], [28.28751402625923, 40.21198080170757], [28.28859200460016, 40.21198080170757], [28.28859200460016, 40.21251979087804], [28.288053015429682, 40.21251979087804], [28.288053015429682, 40.213597769218985], [28.28535806957734, 40.213597769218985], [28.28535806957734, 40.21251979087804], [28.285897058747793, 40.21251979087804], [28.285897058747793, 40.211441812537096]]]}, "id": "+386440+81241", "properties": {"area_ha": 4.937430033445879, "count": 18, "label": 1, "mean_dnbr": 0.25573779091019355}}, {"type": "Feature", "geometry": {"geodesic": false, "type": "Polygon", "coordinates": [[[28.28859200460016, 40.19365516991153], [28.28913099377064, 40.19365516991153], [28.28913099377064, 40.194194159082], [28.29020897211157, 40.194194159082], [28.29020897211157, 40.19635011576389], [28.28966998294112, 40.19635011576389], [28.28966998294112, 40.196889104934364], [28.28913099377064, 40.196889104934364], [28.28913099377064, 40.19742809410483], [28.288053015429682, 40.19742809410483], [28.288053015429682, 40.1979670832753], [28.28751402625923, 40.1979670832753], [28.28751402625923, 40.198506072445774], [28.28697503708875, 40.198506072445774], [28.28697503708875, 40.19958405078672], [28.285897058747793, 40.19958405078672], [28.285897058747793, 40.198506072445774], [28.28535806957734, 40.198506072445774], [28.28535806957734, 40.1979670832753], [28.284819080406862, 40.1979670832753], [28.284819080406862, 40.19742809410483], [28.284280091236383, 40.19742809410483], [28.284280091236383, 40.196889104934364], [28.284819080406862, 40.196889104934364], [28.284819080406862, 40.19635011576389], [28.285897058747793, 40.19635011576389], [28.285897058747793, 40.19581112659342], [28.286436047918272, 40.19581112659342], [28.286436047918272, 40.19527213742295], [28.28697503708875, 40.19527213742295], [28.28697503708875, 40.194733148252475], [28.28751402625923, 40.194733148252475], [28.28751402625923, 40.194194159082], [28.28859200460016, 40.194194159082], [28.28859200460016, 40.19365516991153]]]}, "id": "+386443+81274", "properties": {"area_ha": 16.187614905634433, "count": 59, "label": 1, "mean_dnbr": 0.3238665161925698}}, {"type": "Feature", "geometry": {"geodesic": false, "type": "Polygon", "coordinates": [[[28.28859200460016, 40.12520354526162], [28.28966998294112, 40.12520354526162], [28.28966998294112, 40.126281523602565], [28.29074796128205, 40.126281523602565], [28.29074796128205, 40.12682051277304], [28.29020897211157, 40.12682051277304], [28.29020897211157, 40.12735950194351], [28.28913099377064, 40.12735950194351], [28.28913099377064, 40.12789849111398], [28.288053015429682, 40.12789849111398], [28.288053015429682, 40.12574253443209], [28.28859200460016, 40.12574253443209], [28.28859200460016, 40.12520354526162]]]}, "id": "+386444+81401", "properties": {"area_ha": 4.39438427018195, "count": 16, "label": 1, "mean_dnbr": 0.22168618211272673}}, {"type": "Feature", "geometry": {"geodesic": false, "type": "Polygon", "coordinates": [[[28.28913099377064, 40.24917105447012], [28.29074796128205, 40.24917105447012], [28.29074796128205, 40.24971004364059], [28.29128695045253, 40.24971004364059], [28.29128695045253, 40.25024903281106], [28.29074796128205, 40.25024903281106], [28.29074796128205, 40.25132701115201], [28.29128695045253, 40.25132701115201], [28.29128695045253, 40.250788021981535], [28.29236492879346, 40.250788021981535], [28.29236492879346, 40.252404989492945], [28.28966998294112, 40.252404989492945], [28.28966998294112, 40.25186600032247], [28.29074796128205, 40.25186600032247], [28.29074796128205, 40.25132701115201], [28.28966998294112, 40.25132701115201], [28.28966998294112, 40.250788021981535], [28.28859200460016, 40.250788021981535], [28.28859200460016, 40.24971004364059], [28.28913099377064, 40.24971004364059], [28.28913099377064, 40.24917105447012]]]}, "id": "+386446+81171", "properties": {"area_ha": 6.579522998355637, "count": 24, "label": 1, "mean_dnbr": 0.2100645832943929}}, {"type": "Feature", "geometry": {"geodesic": false, "type": "Polygon", "coordinates": [[[28.29020897211157, 40.234079357696906], [28.29074796128205, 40.234079357696906], [28.29074796128205, 40.23461834686738], [28.29128695045253, 40.23461834686738], [28.29128695045253, 40.23515733603785], [28.29074796128205, 40.23515733603785], [28.29074796128205, 40.236235314378796], [28.29020897211157, 40.236235314378796], [28.29020897211157, 40.23677430354927], [28.28913099377064, 40.23677430354927], [28.28913099377064, 40.23515733603785], [28.29020897211157, 40.23515733603785], [28.29020897211157, 40.234079357696906]]]}, "id": "+386446+81199", "properties": {"area_ha": 3.0162898510679867, "count": 11, "label": 1, "mean_dnbr": 0.23610830827570245}}, {"type": "Feature", "geometry": {"geodesic": false, "type": "Polygon", "coordinates": [[[28.29344290713442, 40.21467574755993], [28.29613785298676, 40.21467574755993], [28.29613785298676, 40.2152147367304], [28.29559886381631, 40.2152147367304], [28.29559886381631, 40.21575372590087], [28.29613785298676, 40.21575372590087], [28.29613785298676, 40.21790968258276], [28.29505987464583, 40.21790968258276], [28.29505987464583, 40.21575372590087], [28.29344290713442, 40.21575372590087], [28.29344290713442, 40.21467574755993]]]}, "id": "+386456+81235", "properties": {"area_ha": 4.662879284269633, "count": 17, "label": 1, "mean_dnbr": 0.19092597971199687}}, {"type": "Feature", "geometry": {"geodesic": false, "type": "Polygon", "coordinates": [[[28.29505987464583, 40.041660223838505], [28.29667684215724, 40.041660223838505], [28.29667684215724, 40.04219921300898], [28.29721583132772, 40.04219921300898], [28.29721583132772, 40.04327719134992], [28.29613785298676, 40.04327719134992], [28.29613785298676, 40.043816180520395], [28.29452088547535, 40.043816180520395], [28.29452088547535, 40.04327719134992], [28.29290391796394, 40.04327719134992], [28.29290391796394, 40.043816180520395], [28.29236492879346, 40.043816180520395], [28.29236492879346, 40.04327719134992], [28.29290391796394, 40.04327719134992], [28.29290391796394, 40.04273820217945], [28.29398189630487, 40.04273820217945], [28.29398189630487, 40.04219921300898], [28.29505987464583, 40.04219921300898], [28.29505987464583, 40.041660223838505]]]}, "id": "+386457+81556", "properties": {"area_ha": 5.77473377027531, "count": 21, "label": 1, "mean_dnbr": 0.24112229377362632}}, {"type": "Feature", "geometry": {"geodesic": false, "type": "Polygon", "coordinates": [[[28.29667684215724, 40.03842628881568], [28.29775482049817, 40.03842628881568], [28.29775482049817, 40.03896527798615], [28.29667684215724, 40.03896527798615], [28.29667684215724, 40.03950426715662], [28.29613785298676, 40.03950426715662], [28.29613785298676, 40.04058224549756], [28.29344290713442, 40.04058224549756], [28.29344290713442, 40.04112123466803], [28.29290391796394, 40.04112123466803], [28.29290391796394, 40.041660223838505], [28.29182593962298, 40.041660223838505], [28.29182593962298, 40.04112123466803], [28.29074796128205, 40.04112123466803], [28.29074796128205, 40.04058224549756], [28.29182593962298, 40.04058224549756], [28.29182593962298, 40.040043256327095], [28.29290391796394, 40.040043256327095], [28.29290391796394, 40.03950426715662], [28.29559886381631, 40.03950426715662], [28.29559886381631, 40.03896527798615], [28.29667684215724, 40.03896527798615], [28.29667684215724, 40.03842628881568]]]}, "id": "+386459+81562", "properties": {"area_ha": 6.874946392566568, "count": 25, "label": 1, "mean_dnbr": 0.2186338664690949}}, {"type": "Feature", "geometry": {"geodesic": false, "type": "Polygon", "coordinates": [[[28.29613785298676, 40.09286419503332], [28.29559886381631, 40.09286419503332], [28.29559886381631, 40.09070823835143], [28.29505987464583, 40.09070823835143], [28.29505987464583, 40.08963026001049], [28.29452088547535, 40.08963026001049], [28.29452088547535, 40.08855228166955], [28.29505987464583, 40.08855228166955], [28.29505987464583, 40.08963026001049], [28.29559886381631, 40.08963026001049], [28.29559886381631, 40.08855228166955], [28.29613785298676, 40.08855228166955], [28.29613785298676, 40.08801329249908], [28.29721583132772, 40.08801329249908], [28.29721583132772, 40.087474303328605], [28.29829380966865, 40.087474303328605], [28.29829380966865, 40.08801329249908], [28.29721583132772, 40.08801329249908], [28.29721583132772, 40.089091270840015], [28.29667684215724, 40.089091270840015], [28.29667684215724, 40.09016924918096], [28.29613785298676, 40.09016924918096], [28.29613785298676, 40.09286419503332]]]}, "id": "+386460+81471", "properties": {"area_ha": 5.495962543650388, "count": 20, "label": 1, "mean_dnbr": 0.18303456419324912}}, {"type": "Feature", "geometry": {"geodesic": false, "type": "Polygon", "coordinates": [[[28.29775482049817, 40.20174000746861], [28.29883279883913, 40.20174000746861], [28.29883279883913, 40.20227899663908], [28.30098875552102, 40.20227899663908], [28.30098875552102, 40.20335697498002], [28.29991077718006, 40.20335697498002], [28.29991077718006, 40.20389596415049], [28.29883279883913, 40.20389596415049], [28.29883279883913, 40.204973942491435], [28.29829380966865, 40.204973942491435], [28.29829380966865, 40.20551293166191], [28.29775482049817, 40.20551293166191], [28.29775482049817, 40.20605192083238], [28.29721583132772, 40.20605192083238], [28.29721583132772, 40.20659091000285], [28.29613785298676, 40.20659091000285], [28.29613785298676, 40.20605192083238], [28.29559886381631, 40.20605192083238], [28.29559886381631, 40.20551293166191], [28.29505987464583, 40.20551293166191], [28.29505987464583, 40.204973942491435], [28.29452088547535, 40.204973942491435], [28.29452088547535, 40.20443495332096], [28.29505987464583, 40.20443495332096], [28.29505987464583, 40.20389596415049], [28.29559886381631, 40.20389596415049], [28.29559886381631, 40.20335697498002], [28.29613785298676, 40.20335697498002], [28.29613785298676, 40.20281798580955], [28.29667684215724, 40.20281798580955], [28.29667684215724, 40.20227899663908], [28.29775482049817, 40.20227899663908], [28.29775482049817, 40.20174000746861]]]}, "id": "+386461+81259", "properties": {"area_ha": 14.814140457181953, "count": 54, "label": 1, "mean_dnbr": 0.32131323853862803}}, {"type": "Feature", "geometry": {"geodesic": false, "type": "Polygon", "coordinates": [[[28.29721583132772, 40.18934325654776], [28.29883279883913, 40.18934325654776], [28.29883279883913, 40.18988224571823], [28.29937178800961, 40.18988224571823], [28.29937178800961, 40.1904212348887], [28.29883279883913, 40.1904212348887], [28.29883279883913, 40.190960224059175], [28.29775482049817, 40.190960224059175], [28.29775482049817, 40.19149921322964], [28.29667684215724, 40.19149921322964], [28.29667684215724, 40.18988224571823], [28.29721583132772, 40.18988224571823], [28.29721583132772, 40.18934325654776]]]}, "id": "+386461+81282", "properties": {"area_ha": 3.841476050662813, "count": 14, "label": 1, "mean_dnbr": 0.27468356628819374}}, {"type": "Feature", "geometry": {"geodesic": false, "type": "Polygon", "coordinates": [[[28.29775482049817, 40.23515733603785], [28.29937178800961, 40.23515733603785], [28.29937178800961, 40.236235314378796], [28.29775482049817, 40.236235314378796], [28.29775482049817, 40.23677430354927], [28.29721583132772, 40.23677430354927], [28.29721583132772, 40.23731329271974], [28.29613785298676, 40.23731329271974], [28.29613785298676, 40.236235314378796], [28.29667684215724, 40.236235314378796], [28.29667684215724, 40.23569632520832], [28.29775482049817, 40.23569632520832], [28.29775482049817, 40.23515733603785]]]}, "id": "+386462+81197", "properties": {"area_ha": 3.5646768215656337, "count": 13, "label": 1, "mean_dnbr": 0.3070834998228105}}, {"type": "Feature", "geometry": {"geodesic": false, "type": "Polygon", "coordinates": [[[28.29721583132772, 40.107416902636054], [28.29937178800961, 40.107416902636054], [28.29937178800961, 40.107955891806526], [28.30044976635054, 40.107955891806526], [28.30044976635054, 40.10903387014747], [28.29937178800961, 40.10903387014747], [28.29937178800961, 40.10957285931794], [28.30260572303243, 40.10957285931794], [28.30260572303243, 40.11118982682936], [28.30206673386195, 40.11118982682936], [28.30206673386195, 40.11065083765889], [28.301527744691498, 40.11065083765889], [28.301527744691498, 40.110111848488415], [28.30044976635054, 40.110111848488415], [28.30044976635054, 40.11065083765889], [28.29829380966865, 40.11065083765889], [28.29829380966865, 40.11118982682936], [28.29667684215724, 40.11118982682936], [28.29667684215724, 40.110111848488415], [28.29613785298676, 40.110111848488415], [28.29613785298676, 40.10903387014747], [28.29559886381631, 40.10903387014747], [28.29559886381631, 40.108494880977], [28.29613785298676, 40.108494880977], [28.29613785298676, 40.107955891806526], [28.29721583132772, 40.107955891806526], [28.29721583132772, 40.107416902636054]]]}, "id": "+386462+81434", "properties": {"area_ha": 14.285348365355032, "count": 52, "label": 1, "mean_dnbr": 0.2474667443735383}}, {"type": "Feature", "geometry": {"geodesic": false, "type": "Polygon", "coordinates": [[[28.303683701373387, 40.18718729986587], [28.304761679714318, 40.18718729986587], [28.304761679714318, 40.18772628903634], [28.30583965805525, 40.18772628903634], [28.30583965805525, 40.188804267377286], [28.304761679714318, 40.188804267377286], [28.304761679714318, 40.18934325654776], [28.30260572303243, 40.18934325654776], [28.30260572303243, 40.18826527820681], [28.303144712202908, 40.18826527820681], [28.303144712202908, 40.18772628903634], [28.303683701373387, 40.18772628903634], [28.303683701373387, 40.18718729986587]]]}, "id": "+386472+81286", "properties": {"area_ha": 4.664792109628058, "count": 17, "label": 1, "mean_dnbr": 0.24828694701560436}}, {"type": "Feature", "geometry": {"geodesic": false, "type": "Polygon", "coordinates": [[[28.303683701373387, 40.201201018298136], [28.305300668884797, 40.201201018298136], [28.305300668884797, 40.20227899663908], [28.306378647225728, 40.20227899663908], [28.306378647225728, 40.20335697498002], [28.306917636396207, 40.20335697498002], [28.306917636396207, 40.20389596415049], [28.306378647225728, 40.20389596415049], [28.306378647225728, 40.20443495332096], [28.30583965805525, 40.20443495332096], [28.30583965805525, 40.20389596415049], [28.304761679714318, 40.20389596415049], [28.304761679714318, 40.20335697498002], [28.30422269054384, 40.20335697498002], [28.30422269054384, 40.20281798580955], [28.303683701373387, 40.20281798580955], [28.303683701373387, 40.20227899663908], [28.303144712202908, 40.20227899663908], [28.303144712202908, 40.20174000746861], [28.303683701373387, 40.20174000746861], [28.303683701373387, 40.201201018298136]]]}, "id": "+386473+81260", "properties": {"area_ha": 5.761165543525381, "count": 21, "label": 1, "mean_dnbr": 0.26926352428946376}}, {"type": "Feature", "geometry": {"geodesic": false, "type": "Polygon", "coordinates": [[[28.304761679714318, 40.14245119871672], [28.306378647225728, 40.14245119871672], [28.306378647225728, 40.14352917705766], [28.306917636396207, 40.14352917705766], [28.306917636396207, 40.1446071553986], [28.307456625566687, 40.1446071553986], [28.307456625566687, 40.145146144569075], [28.307995614737138, 40.145146144569075], [28.307995614737138, 40.14568513373955], [28.306917636396207, 40.14568513373955], [28.306917636396207, 40.145146144569075], [28.306378647225728, 40.145146144569075], [28.306378647225728, 40.1446071553986], [28.30583965805525, 40.1446071553986], [28.30583965805525, 40.14352917705766], [28.304761679714318, 40.14352917705766], [28.304761679714318, 40.14245119871672]]]}, "id": "+386475+81369", "properties": {"area_ha": 3.844104552789102, "count": 14, "label": 1, "mean_dnbr": 0.26411453733020446}}, {"type": "Feature", "geometry": {"geodesic": false, "type": "Polygon", "coordinates": [[[28.309073593078097, 40.18341437567257], [28.309612582248576, 40.18341437567257], [28.309612582248576, 40.184492354013514], [28.310151571419027, 40.184492354013514], [28.310151571419027, 40.18557033235445], [28.308534603907617, 40.18557033235445], [28.308534603907617, 40.186109321524924], [28.307995614737138, 40.186109321524924], [28.307995614737138, 40.18557033235445], [28.306917636396207, 40.18557033235445], [28.306917636396207, 40.184492354013514], [28.307995614737138, 40.184492354013514], [28.307995614737138, 40.18395336484304], [28.309073593078097, 40.18395336484304], [28.309073593078097, 40.18341437567257]]]}, "id": "+386481+81293", "properties": {"area_ha": 4.665030316618712, "count": 17, "label": 1, "mean_dnbr": 0.2182644217205225}}, {"type": "Feature", "geometry": {"geodesic": false, "type": "Polygon", "coordinates": [[[28.311768538930437, 40.231923401015024], [28.313385506441875, 40.231923401015024], [28.313385506441875, 40.232462390185496], [28.314463484782806, 40.232462390185496], [28.314463484782806, 40.23515733603785], [28.311768538930437, 40.23515733603785], [28.311768538930437, 40.23569632520832], [28.307995614737138, 40.23569632520832], [28.307995614737138, 40.23515733603785], [28.307456625566687, 40.23515733603785], [28.307456625566687, 40.23461834686738], [28.306917636396207, 40.23461834686738], [28.306917636396207, 40.233540368526434], [28.308534603907617, 40.233540368526434], [28.308534603907617, 40.23300137935597], [28.309612582248576, 40.23300137935597], [28.309612582248576, 40.232462390185496], [28.311768538930437, 40.232462390185496], [28.311768538930437, 40.231923401015024]]]}, "id": "+386488+81203", "properties": {"area_ha": 19.469272511823696, "count": 71, "label": 1, "mean_dnbr": 0.200988392670268}}, {"type": "Feature", "geometry": {"geodesic": false, "type": "Polygon", "coordinates": [[[28.322009333169404, 40.040043256327095], [28.324165289851294, 40.040043256327095], [28.324165289851294, 40.04219921300898], [28.322548322339884, 40.04219921300898], [28.322548322339884, 40.04112123466803], [28.322009333169404, 40.04112123466803], [28.322009333169404, 40.040043256327095]]]}, "id": "+386508+81559", "properties": {"area_ha": 3.84991669049723, "count": 14, "label": 1, "mean_dnbr": 0.27436661359832754}}, {"type": "Feature", "geometry": {"geodesic": false, "type": "Polygon", "coordinates": [[[28.324165289851294, 40.24054722774257], [28.325243268192253, 40.24054722774257], [28.325243268192253, 40.24162520608351], [28.326321246533183, 40.24162520608351], [28.326321246533183, 40.24270318442446], [28.326860235703663, 40.24270318442446], [28.326860235703663, 40.24324217359493], [28.326321246533183, 40.24324217359493], [28.326321246533183, 40.24270318442446], [28.324704279021773, 40.24270318442446], [28.324704279021773, 40.24162520608351], [28.324165289851294, 40.24162520608351], [28.324165289851294, 40.24054722774257]]]}, "id": "+386510+81187", "properties": {"area_ha": 3.0160117314754515, "count": 11, "label": 1, "mean_dnbr": 0.21840736108672104}}, {"type": "Feature", "geometry": {"geodesic": false, "type": "Polygon", "coordinates": [[[28.324704279021773, 40.03195841877002], [28.325243268192253, 40.03195841877002], [28.325243268192253, 40.03249740794049], [28.325782257362704, 40.03249740794049], [28.325782257362704, 40.033575386281434], [28.328477203215073, 40.033575386281434], [28.328477203215073, 40.035192353792844], [28.325782257362704, 40.035192353792844], [28.325782257362704, 40.03680932130426], [28.325243268192253, 40.03680932130426], [28.325243268192253, 40.035192353792844], [28.324704279021773, 40.035192353792844], [28.324704279021773, 40.03195841877002]]]}, "id": "+386510+81574", "properties": {"area_ha": 7.975625170217655, "count": 29, "label": 1, "mean_dnbr": 0.22202510419052207}}, {"type": "Feature", "geometry": {"geodesic": false, "type": "Polygon", "coordinates": [[[28.324704279021773, 40.11065083765889], [28.325782257362704, 40.11065083765889], [28.325782257362704, 40.11118982682936], [28.326321246533183, 40.11118982682936], [28.326321246533183, 40.11172881599983], [28.327399224874142, 40.11172881599983], [28.327399224874142, 40.112267805170305], [28.326321246533183, 40.112267805170305], [28.326321246533183, 40.11172881599983], [28.325243268192253, 40.11172881599983], [28.325243268192253, 40.11280679434077], [28.326860235703663, 40.11280679434077], [28.326860235703663, 40.11334578351124], [28.327938214044593, 40.11334578351124], [28.327938214044593, 40.11280679434077], [28.329016192385552, 40.11280679434077], [28.329016192385552, 40.11334578351124], [28.327938214044593, 40.11334578351124], [28.327938214044593, 40.113884772681715], [28.326321246533183, 40.113884772681715], [28.326321246533183, 40.11334578351124], [28.325782257362704, 40.11334578351124], [28.325782257362704, 40.11496275102266], [28.326321246533183, 40.11496275102266], [28.326321246533183, 40.11550174019313], [28.325782257362704, 40.11550174019313], [28.325782257362704, 40.11657971853408], [28.325243268192253, 40.11657971853408], [28.325243268192253, 40.11711870770455], [28.324704279021773, 40.11711870770455], [28.324704279021773, 40.11657971853408], [28.325243268192253, 40.11657971853408], [28.325243268192253, 40.11550174019313], [28.324704279021773, 40.11550174019313], [28.324704279021773, 40.116040729363604], [28.324165289851294, 40.116040729363604], [28.324165289851294, 40.11657971853408], [28.322548322339884, 40.11657971853408], [28.322548322339884, 40.116040729363604], [28.322009333169404, 40.116040729363604], [28.322009333169404, 40.11496275102266], [28.322548322339884, 40.11496275102266], [28.322548322339884, 40.11442376185219], [28.323087311510363, 40.11442376185219], [28.323087311510363, 40.11334578351124], [28.324165289851294, 40.11334578351124], [28.324165289851294, 40.112267805170305], [28.322009333169404, 40.112267805170305], [28.322009333169404, 40.11172881599983], [28.322548322339884, 40.11172881599983], [28.322548322339884, 40.11118982682936], [28.323626300680814, 40.11118982682936], [28.323626300680814, 40.11172881599983], [28.324165289851294, 40.11172881599983], [28.324165289851294, 40.11118982682936], [28.324704279021773, 40.11118982682936], [28.324704279021773, 40.11065083765889]], [[28.324704279021773, 40.113884772681715], [28.324704279021773, 40.11442376185219], [28.324165289851294, 40.11442376185219], [28.324165289851294, 40.113884772681715], [28.324704279021773, 40.113884772681715]]]}, "id": "+386511+81428", "properties": {"area_ha": 17.03144873586259, "count": 62, "label": 1, "mean_dnbr": 0.19874304853116645}}, {"type": "Feature", "geometry": {"geodesic": false, "type": "Polygon", "coordinates": [[[28.322548322339884, 40.14676311208049], [28.327399224874142, 40.14676311208049], [28.327399224874142, 40.147302101250965], [28.326860235703663, 40.147302101250965], [28.326860235703663, 40.14784109042144], [28.327399224874142, 40.14784109042144], [28.327399224874142, 40.14838007959191], [28.325782257362704, 40.14838007959191], [28.325782257362704, 40.14891906876238], [28.325243268192253, 40.14891906876238], [28.325243268192253, 40.14945805793285], [28.320931354828474, 40.14945805793285], [28.320931354828474, 40.14891906876238], [28.320392365657995, 40.14891906876238], [28.320392365657995, 40.14945805793285], [28.319314387317064, 40.14945805793285], [28.319314387317064, 40.14891906876238], [28.318775398146585, 40.14891906876238], [28.318775398146585, 40.14838007959191], [28.318236408976105, 40.14838007959191], [28.318236408976105, 40.14891906876238], [28.316619441464695, 40.14891906876238], [28.316619441464695, 40.14838007959191], [28.315541463123765, 40.14838007959191], [28.315541463123765, 40.14784109042144], [28.316080452294216, 40.14784109042144], [28.316080452294216, 40.147302101250965], [28.322548322339884, 40.147302101250965], [28.322548322339884, 40.14676311208049]], [[28.325243268192253, 40.147302101250965], [28.325243268192253, 40.14784109042144], [28.324165289851294, 40.14784109042144], [28.324165289851294, 40.147302101250965], [28.325243268192253, 40.147302101250965]]]}, "id": "+386514+81361", "properties": {"area_ha": 20.591953357019545, "count": 75, "label": 1, "mean_dnbr": 0.25485375483188694}}, {"type": "Feature", "geometry": {"geodesic": false, "type": "Polygon", "coordinates": [[[28.327399224874142, 40.182336397331625], [28.327938214044593, 40.182336397331625], [28.327938214044593, 40.1828753865021], [28.329016192385552, 40.1828753865021], [28.329016192385552, 40.18395336484304], [28.330633159896962, 40.18395336484304], [28.330633159896962, 40.18503134318399], [28.329555181556003, 40.18503134318399], [28.329555181556003, 40.18557033235445], [28.329016192385552, 40.18557033235445], [28.329016192385552, 40.186109321524924], [28.328477203215073, 40.186109321524924], [28.328477203215073, 40.18557033235445], [28.329016192385552, 40.18557033235445], [28.329016192385552, 40.18503134318399], [28.328477203215073, 40.18503134318399], [28.328477203215073, 40.18395336484304], [28.327399224874142, 40.18395336484304], [28.327399224874142, 40.182336397331625]]]}, "id": "+386515+81295", "properties": {"area_ha": 4.665076645721764, "count": 17, "label": 1, "mean_dnbr": 0.3061629623197315}}, {"type": "Feature", "geometry": {"geodesic": false, "type": "Polygon", "coordinates": [[[28.33278911657885, 40.141373220375776], [28.33440608409026, 40.141373220375776], [28.33440608409026, 40.14245119871672], [28.33494507326074, 40.14245119871672], [28.33494507326074, 40.1446071553986], [28.335484062431192, 40.1446071553986], [28.335484062431192, 40.14676311208049], [28.33602305160167, 40.14676311208049], [28.33602305160167, 40.14838007959191], [28.33494507326074, 40.14838007959191], [28.33494507326074, 40.14891906876238], [28.33440608409026, 40.14891906876238], [28.33440608409026, 40.14838007959191], [28.33332810574933, 40.14838007959191], [28.33332810574933, 40.14999704710332], [28.33278911657885, 40.14999704710332], [28.33278911657885, 40.14838007959191], [28.331711138237893, 40.14838007959191], [28.331711138237893, 40.14676311208049], [28.33117214906744, 40.14676311208049], [28.33117214906744, 40.14622412291002], [28.331711138237893, 40.14622412291002], [28.331711138237893, 40.14676311208049], [28.332250127408372, 40.14676311208049], [28.332250127408372, 40.14784109042144], [28.33278911657885, 40.14784109042144], [28.33278911657885, 40.14622412291002], [28.332250127408372, 40.14622412291002], [28.332250127408372, 40.14568513373955], [28.331711138237893, 40.14568513373955], [28.331711138237893, 40.1446071553986], [28.33117214906744, 40.1446071553986], [28.33117214906744, 40.14191220954625], [28.33278911657885, 40.14191220954625], [28.33278911657885, 40.141373220375776]]]}, "id": "+386527+81371", "properties": {"area_ha": 24.43704758160022, "count": 89, "label": 1, "mean_dnbr": 0.34923011389994024}}, {"type": "Feature", "geometry": {"geodesic": false, "type": "Polygon", "coordinates": [[[28.33602305160167, 40.159698852171815], [28.33925698662452, 40.159698852171815], [28.33925698662452, 40.16077683051276], [28.33710102994263, 40.16077683051276], [28.33710102994263, 40.161315819683225], [28.33656204077215, 40.161315819683225], [28.33656204077215, 40.16077683051276], [28.33602305160167, 40.16077683051276], [28.33602305160167, 40.159698852171815]]]}, "id": "+386536+81337", "properties": {"area_ha": 3.5686498179658845, "count": 13, "label": 1, "mean_dnbr": 0.28292230770220694}}, {"type": "Feature", "geometry": {"geodesic": false, "type": "Polygon", "coordinates": [[[28.33656204077215, 40.1618548088537], [28.33979597579497, 40.1618548088537], [28.33979597579497, 40.16293278719464], [28.33871799745404, 40.16293278719464], [28.33871799745404, 40.16239379802417], [28.33764001911308, 40.16239379802417], [28.33764001911308, 40.16293278719464], [28.33656204077215, 40.16293278719464], [28.33656204077215, 40.163471776365114], [28.33602305160167, 40.163471776365114], [28.33602305160167, 40.16293278719464], [28.33656204077215, 40.16293278719464], [28.33656204077215, 40.1618548088537]]]}, "id": "+386537+81333", "properties": {"area_ha": 3.0195256557051913, "count": 11, "label": 1, "mean_dnbr": 0.30984463087084735}}, {"type": "Feature", "geometry": {"geodesic": false, "type": "Polygon", "coordinates": [[[28.34302991081782, 40.07777249826011], [28.34356889998827, 40.07777249826011], [28.34356889998827, 40.07831148743058], [28.34572485667016, 40.07831148743058], [28.34572485667016, 40.07938946577153], [28.34518586749971, 40.07938946577153], [28.34518586749971, 40.079928454942], [28.34356889998827, 40.079928454942], [28.34356889998827, 40.081006433282944], [28.34410788915875, 40.081006433282944], [28.34410788915875, 40.08154542245342], [28.34518586749971, 40.08154542245342], [28.34518586749971, 40.08262340079436], [28.34572485667016, 40.08262340079436], [28.34572485667016, 40.083162389964826], [28.34464687832923, 40.083162389964826], [28.34464687832923, 40.08262340079436], [28.34410788915875, 40.08262340079436], [28.34410788915875, 40.08154542245342], [28.34356889998827, 40.08154542245342], [28.34356889998827, 40.08208441162389], [28.34302991081782, 40.08208441162389], [28.34302991081782, 40.081006433282944], [28.34249092164734, 40.081006433282944], [28.34249092164734, 40.079928454942], [28.34141294330638, 40.079928454942], [28.34141294330638, 40.07938946577153], [28.34356889998827, 40.07938946577153], [28.34356889998827, 40.07831148743058], [28.34302991081782, 40.07831148743058], [28.34302991081782, 40.07777249826011]]]}, "id": "+386544+81489", "properties": {"area_ha": 7.970240176778547, "count": 29, "label": 1, "mean_dnbr": 0.2033404416404927}}, {"type": "Feature", "geometry": {"geodesic": false, "type": "Polygon", "coordinates": [[[28.34356889998827, 40.232462390185496], [28.34518586749971, 40.232462390185496], [28.34518586749971, 40.234079357696906], [28.34464687832923, 40.234079357696906], [28.34464687832923, 40.23461834686738], [28.34302991081782, 40.23461834686738], [28.34302991081782, 40.23515733603785], [28.34249092164734, 40.23515733603785], [28.34249092164734, 40.23569632520832], [28.34141294330638, 40.23569632520832], [28.34141294330638, 40.23515733603785], [28.34087395413593, 40.23515733603785], [28.34087395413593, 40.23461834686738], [28.34033496496545, 40.23461834686738], [28.34033496496545, 40.236235314378796], [28.33979597579497, 40.236235314378796], [28.33979597579497, 40.23569632520832], [28.33925698662452, 40.23569632520832], [28.33925698662452, 40.23515733603785], [28.33979597579497, 40.23515733603785], [28.33979597579497, 40.23461834686738], [28.34033496496545, 40.23461834686738], [28.34033496496545, 40.234079357696906], [28.34087395413593, 40.234079357696906], [28.34087395413593, 40.233540368526434], [28.34249092164734, 40.233540368526434], [28.34249092164734, 40.23300137935597], [28.34356889998827, 40.23300137935597], [28.34356889998827, 40.232462390185496]]]}, "id": "+386547+81202", "properties": {"area_ha": 9.32326783877388, "count": 34, "label": 1, "mean_dnbr": 0.2005624463135388}}, {"type": "Feature", "geometry": {"geodesic": false, "type": "Polygon", "coordinates": [[[28.34302991081782, 40.180180440649735], [28.34572485667016, 40.180180440649735], [28.34572485667016, 40.18071942982021], [28.34680283501112, 40.18071942982021], [28.34680283501112, 40.1828753865021], [28.34518586749971, 40.1828753865021], [28.34518586749971, 40.18341437567257], [28.34410788915875, 40.18341437567257], [28.34410788915875, 40.1828753865021], [28.34356889998827, 40.1828753865021], [28.34356889998827, 40.18179740816115], [28.34302991081782, 40.18179740816115], [28.34302991081782, 40.180180440649735]]]}, "id": "+386548+81299", "properties": {"area_ha": 9.056062322802372, "count": 33, "label": 1, "mean_dnbr": 0.25152706765754346}}, {"type": "Feature", "geometry": {"geodesic": false, "type": "Polygon", "coordinates": [[[28.34518586749971, 40.1580818846604], [28.34680283501112, 40.1580818846604], [28.34680283501112, 40.15862087383087], [28.34788081335205, 40.15862087383087], [28.34788081335205, 40.15915986300134], [28.34841980252253, 40.15915986300134], [28.34841980252253, 40.16023784134229], [28.34788081335205, 40.16023784134229], [28.34788081335205, 40.16454975470606], [28.34734182418157, 40.16454975470606], [28.34734182418157, 40.165627733047], [28.34680283501112, 40.165627733047], [28.34680283501112, 40.166166722217476], [28.34626384584064, 40.166166722217476], [28.34626384584064, 40.16724470055841], [28.34410788915875, 40.16724470055841], [28.34410788915875, 40.167783689728886], [28.34141294330638, 40.167783689728886], [28.34141294330638, 40.16724470055841], [28.34087395413593, 40.16724470055841], [28.34087395413593, 40.166166722217476], [28.33925698662452, 40.166166722217476], [28.33925698662452, 40.165627733047], [28.33979597579497, 40.165627733047], [28.33979597579497, 40.16508874387653], [28.33925698662452, 40.16508874387653], [28.33925698662452, 40.16454975470606], [28.33817900828356, 40.16454975470606], [28.33817900828356, 40.165627733047], [28.33871799745404, 40.165627733047], [28.33871799745404, 40.166166722217476], [28.33764001911308, 40.166166722217476], [28.33764001911308, 40.165627733047], [28.33710102994263, 40.165627733047], [28.33710102994263, 40.16508874387653], [28.33764001911308, 40.16508874387653], [28.33764001911308, 40.16454975470606], [28.33710102994263, 40.16454975470606], [28.33710102994263, 40.164010765535586], [28.33979597579497, 40.164010765535586], [28.33979597579497, 40.163471776365114], [28.34033496496545, 40.163471776365114], [28.34033496496545, 40.16508874387653], [28.34087395413593, 40.16508874387653], [28.34087395413593, 40.165627733047], [28.34141294330638, 40.165627733047], [28.34141294330638, 40.16508874387653], [28.34195193247686, 40.16508874387653], [28.34195193247686, 40.164010765535586], [28.34302991081782, 40.164010765535586], [28.34302991081782, 40.16239379802417], [28.34356889998827, 40.16239379802417], [28.34356889998827, 40.1618548088537], [28.34302991081782, 40.1618548088537], [28.34302991081782, 40.16077683051276], [28.34249092164734, 40.16077683051276], [28.34249092164734, 40.159698852171815], [28.34195193247686, 40.159698852171815], [28.34195193247686, 40.15862087383087], [28.34518586749971, 40.15862087383087], [28.34518586749971, 40.1580818846604]], [[28.34518586749971, 40.16508874387653], [28.34518586749971, 40.165627733047], [28.34464687832923, 40.165627733047], [28.34464687832923, 40.16508874387653], [28.34518586749971, 40.16508874387653]]]}, "id": "+386550+81340", "properties": {"area_ha": 51.057203102240244, "count": 186, "label": 1, "mean_dnbr": 0.3960348706102181}}, {"type": "Feature", "geometry": {"geodesic": false, "type": "Polygon", "coordinates": [[[28.34841980252253, 40.238391271060685], [28.350036770033938, 40.238391271060685], [28.350036770033938, 40.23946924940162], [28.350575759204418, 40.23946924940162], [28.350575759204418, 40.24054722774257], [28.351114748374897, 40.24054722774257], [28.351114748374897, 40.24162520608351], [28.350575759204418, 40.24162520608351], [28.350575759204418, 40.24054722774257], [28.348958791693008, 40.24054722774257], [28.348958791693008, 40.240008238572095], [28.34841980252253, 40.240008238572095], [28.34841980252253, 40.238391271060685]]]}, "id": "+386556+81191", "properties": {"area_ha": 4.112871712218958, "count": 15, "label": 1, "mean_dnbr": 0.1926258780111254}}, {"type": "Feature", "geometry": {"geodesic": false, "type": "Polygon", "coordinates": [[[28.34949778086346, 40.051362028907], [28.351114748374897, 40.051362028907], [28.351114748374897, 40.052440007247945], [28.352192726715828, 40.052440007247945], [28.352192726715828, 40.05297899641841], [28.351653737545348, 40.05297899641841], [28.351653737545348, 40.05351798558888], [28.351114748374897, 40.05351798558888], [28.351114748374897, 40.05459596392983], [28.351653737545348, 40.05459596392983], [28.351653737545348, 40.05567394227077], [28.352192726715828, 40.05567394227077], [28.352192726715828, 40.0551349531003], [28.352731715886307, 40.0551349531003], [28.352731715886307, 40.05567394227077], [28.353270705056758, 40.05567394227077], [28.353270705056758, 40.05675192061172], [28.353809694227238, 40.05675192061172], [28.353809694227238, 40.05729090978219], [28.354348683397717, 40.05729090978219], [28.354348683397717, 40.05782989895266], [28.354887672568196, 40.05782989895266], [28.354887672568196, 40.058368888123134], [28.355426661738647, 40.058368888123134], [28.355426661738647, 40.0589078772936], [28.354887672568196, 40.0589078772936], [28.354887672568196, 40.060524844805016], [28.355426661738647, 40.060524844805016], [28.355426661738647, 40.06106383397549], [28.356504640079606, 40.06106383397549], [28.356504640079606, 40.06214181231643], [28.355426661738647, 40.06214181231643], [28.355426661738647, 40.06160282314596], [28.354348683397717, 40.06160282314596], [28.354348683397717, 40.06106383397549], [28.353809694227238, 40.06106383397549], [28.353809694227238, 40.060524844805016], [28.352731715886307, 40.060524844805016], [28.352731715886307, 40.059985855634544], [28.351653737545348, 40.059985855634544], [28.351653737545348, 40.05944686646407], [28.351114748374897, 40.05944686646407], [28.351114748374897, 40.05782989895266], [28.350575759204418, 40.05782989895266], [28.350575759204418, 40.056212931441245], [28.350036770033938, 40.056212931441245], [28.350036770033938, 40.054056974759355], [28.348958791693008, 40.054056974759355], [28.348958791693008, 40.05459596392983], [28.34841980252253, 40.05459596392983], [28.34841980252253, 40.054056974759355], [28.348958791693008, 40.054056974759355], [28.348958791693008, 40.052440007247945], [28.350036770033938, 40.052440007247945], [28.350036770033938, 40.05190101807747], [28.34949778086346, 40.05190101807747], [28.34949778086346, 40.051362028907]]]}, "id": "+386558+81538", "properties": {"area_ha": 26.118364901873793, "count": 95, "label": 1, "mean_dnbr": 0.37415859919762173}}, {"type": "Feature", "geometry": {"geodesic": false, "type": "Polygon", "coordinates": [[[28.34949778086346, 40.15269199295568], [28.354348683397717, 40.15269199295568], [28.354348683397717, 40.1543089604671], [28.353809694227238, 40.1543089604671], [28.353809694227238, 40.15484794963757], [28.352192726715828, 40.15484794963757], [28.352192726715828, 40.1543089604671], [28.351114748374897, 40.1543089604671], [28.351114748374897, 40.153769971296626], [28.350036770033938, 40.153769971296626], [28.350036770033938, 40.15484794963757], [28.348958791693008, 40.15484794963757], [28.348958791693008, 40.1543089604671], [28.34841980252253, 40.1543089604671], [28.34841980252253, 40.153769971296626], [28.350036770033938, 40.153769971296626], [28.350036770033938, 40.15323098212615], [28.34949778086346, 40.15323098212615], [28.34949778086346, 40.15269199295568]], [[28.353270705056758, 40.15323098212615], [28.353270705056758, 40.153769971296626], [28.352731715886307, 40.153769971296626], [28.352731715886307, 40.15323098212615], [28.353270705056758, 40.15323098212615]]]}, "id": "+386564+81350", "properties": {"area_ha": 8.236110886627353, "count": 30, "label": 1, "mean_dnbr": 0.23048875538445573}}, {"type": "Feature", "geometry": {"geodesic": false, "type": "Polygon", "coordinates": [[[28.355965650909127, 40.231923401015024], [28.356504640079606, 40.231923401015024], [28.356504640079606, 40.232462390185496], [28.357043629250086, 40.232462390185496], [28.357043629250086, 40.23300137935597], [28.357582618420537, 40.23300137935597], [28.357582618420537, 40.232462390185496], [28.358121607591016, 40.232462390185496], [28.358121607591016, 40.23300137935597], [28.358660596761496, 40.23300137935597], [28.358660596761496, 40.234079357696906], [28.356504640079606, 40.234079357696906], [28.356504640079606, 40.23515733603785], [28.355426661738647, 40.23515733603785], [28.355426661738647, 40.23569632520832], [28.354348683397717, 40.23569632520832], [28.354348683397717, 40.23515733603785], [28.353270705056758, 40.23515733603785], [28.353270705056758, 40.23461834686738], [28.353809694227238, 40.23461834686738], [28.353809694227238, 40.234079357696906], [28.355426661738647, 40.234079357696906], [28.355426661738647, 40.23300137935597], [28.355965650909127, 40.23300137935597], [28.355965650909127, 40.231923401015024]], [[28.356504640079606, 40.233540368526434], [28.356504640079606, 40.234079357696906], [28.355965650909127, 40.234079357696906], [28.355965650909127, 40.233540368526434], [28.356504640079606, 40.233540368526434]]]}, "id": "+386568+81203", "properties": {"area_ha": 7.678016977449259, "count": 28, "label": 1, "mean_dnbr": 0.2792574278477002}}, {"type": "Feature", "geometry": {"geodesic": false, "type": "Polygon", "coordinates": [[[28.362972510125275, 40.14999704710332], [28.363511499295726, 40.14999704710332], [28.363511499295726, 40.15053603627379], [28.364050488466205, 40.15053603627379], [28.364050488466205, 40.151075025444264], [28.364589477636684, 40.151075025444264], [28.364589477636684, 40.15161401461474], [28.365128466807136, 40.15161401461474], [28.365128466807136, 40.15269199295568], [28.365667455977615, 40.15269199295568], [28.365667455977615, 40.153769971296626], [28.366206445148094, 40.153769971296626], [28.366206445148094, 40.1543089604671], [28.364589477636684, 40.1543089604671], [28.364589477636684, 40.15323098212615], [28.364050488466205, 40.15323098212615], [28.364050488466205, 40.15269199295568], [28.363511499295726, 40.15269199295568], [28.363511499295726, 40.15161401461474], [28.362972510125275, 40.15161401461474], [28.362972510125275, 40.14999704710332]]]}, "id": "+386581+81355", "properties": {"area_ha": 5.490900996850193, "count": 20, "label": 1, "mean_dnbr": 0.570799288504449}}, {"type": "Feature", "geometry": {"geodesic": false, "type": "Polygon", "coordinates": [[[28.363511499295726, 40.17694650562691], [28.365128466807136, 40.17694650562691], [28.365128466807136, 40.178563473138325], [28.364589477636684, 40.178563473138325], [28.364589477636684, 40.180180440649735], [28.362972510125275, 40.180180440649735], [28.362972510125275, 40.178563473138325], [28.362433520954795, 40.178563473138325], [28.362433520954795, 40.17748549479738], [28.363511499295726, 40.17748549479738], [28.363511499295726, 40.17694650562691]]]}, "id": "+386584+81305", "properties": {"area_ha": 6.037663719358338, "count": 22, "label": 1, "mean_dnbr": 0.36483828369980315}}, {"type": "Feature", "geometry": {"geodesic": false, "type": "Polygon", "coordinates": [[[28.364050488466205, 40.14568513373955], [28.365667455977615, 40.14568513373955], [28.365667455977615, 40.14676311208049], [28.366206445148094, 40.14676311208049], [28.366206445148094, 40.147302101250965], [28.366745434318574, 40.147302101250965], [28.366745434318574, 40.14784109042144], [28.364589477636684, 40.14784109042144], [28.364589477636684, 40.14838007959191], [28.364050488466205, 40.14838007959191], [28.364050488466205, 40.147302101250965], [28.365128466807136, 40.147302101250965], [28.365128466807136, 40.14676311208049], [28.364589477636684, 40.14676311208049], [28.364589477636684, 40.14622412291002], [28.364050488466205, 40.14622412291002], [28.364050488466205, 40.14568513373955]]]}, "id": "+386585+81363", "properties": {"area_ha": 3.5693683416629205, "count": 13, "label": 1, "mean_dnbr": 0.3449098513723168}}, {"type": "Feature", "geometry": {"geodesic": false, "type": "Polygon", "coordinates": [[[28.369440380170914, 40.23030643350361], [28.370518358511873, 40.23030643350361], [28.370518358511873, 40.23084542267408], [28.369979369341394, 40.23084542267408], [28.369979369341394, 40.23138441184455], [28.369440380170914, 40.23138441184455], [28.369440380170914, 40.232462390185496], [28.367823412659504, 40.232462390185496], [28.367823412659504, 40.231923401015024], [28.367284423489025, 40.231923401015024], [28.367284423489025, 40.23138441184455], [28.368362401829984, 40.23138441184455], [28.368362401829984, 40.23084542267408], [28.369440380170914, 40.23084542267408], [28.369440380170914, 40.23030643350361]]]}, "id": "+386594+81206", "properties": {"area_ha": 3.290697859231939, "count": 12, "label": 1, "mean_dnbr": 0.2120678502407967}}, {"type": "Feature", "geometry": {"geodesic": false, "type": "Polygon", "coordinates": [[[28.373752293534693, 40.03680932130426], [28.375369261046103, 40.03680932130426], [28.375369261046103, 40.03842628881568], [28.375908250216582, 40.03842628881568], [28.375908250216582, 40.03896527798615], [28.376447239387062, 40.03896527798615], [28.376447239387062, 40.03950426715662], [28.375908250216582, 40.03950426715662], [28.375908250216582, 40.040043256327095], [28.373752293534693, 40.040043256327095], [28.373752293534693, 40.04058224549756], [28.372674315193763, 40.04058224549756], [28.372674315193763, 40.03950426715662], [28.373752293534693, 40.03950426715662], [28.373752293534693, 40.03680932130426]]]}, "id": "+386603+81565", "properties": {"area_ha": 7.150091592537454, "count": 26, "label": 1, "mean_dnbr": 0.24777536485277435}}, {"type": "Feature", "geometry": {"geodesic": false, "type": "Polygon", "coordinates": [[[28.375369261046103, 40.211441812537096], [28.376986228557513, 40.211441812537096], [28.376986228557513, 40.21251979087804], [28.377525217727992, 40.21251979087804], [28.377525217727992, 40.213597769218985], [28.378064206898472, 40.213597769218985], [28.378064206898472, 40.21413675838946], [28.377525217727992, 40.21413675838946], [28.377525217727992, 40.21467574755993], [28.376447239387062, 40.21467574755993], [28.376447239387062, 40.21413675838946], [28.375908250216582, 40.21413675838946], [28.375908250216582, 40.213597769218985], [28.375369261046103, 40.213597769218985], [28.375369261046103, 40.21251979087804], [28.374830271875652, 40.21251979087804], [28.374830271875652, 40.21198080170757], [28.375369261046103, 40.21198080170757], [28.375369261046103, 40.211441812537096]]]}, "id": "+386606+81241", "properties": {"area_ha": 5.760289274851908, "count": 21, "label": 1, "mean_dnbr": 0.22181248271882076}}, {"type": "Feature", "geometry": {"geodesic": false, "type": "Polygon", "coordinates": [[[28.38075915275084, 40.14891906876238], [28.38129814192129, 40.14891906876238], [28.38129814192129, 40.14945805793285], [28.39153893616026, 40.14945805793285], [28.39153893616026, 40.14999704710332], [28.392616914501218, 40.14999704710332], [28.392616914501218, 40.151075025444264], [28.39207792533074, 40.151075025444264], [28.39207792533074, 40.15053603627379], [28.38884399030789, 40.15053603627379], [28.38884399030789, 40.15161401461474], [28.38830500113744, 40.15161401461474], [28.38830500113744, 40.15269199295568], [28.38776601196696, 40.15269199295568], [28.38776601196696, 40.15323098212615], [28.38722702279648, 40.15323098212615], [28.38722702279648, 40.153769971296626], [28.38614904445555, 40.153769971296626], [28.38614904445555, 40.15323098212615], [28.38507106611459, 40.15323098212615], [28.38507106611459, 40.15269199295568], [28.38237612026225, 40.15269199295568], [28.38237612026225, 40.15215300378521], [28.38183713109177, 40.15215300378521], [28.38183713109177, 40.15161401461474], [28.38075915275084, 40.15161401461474], [28.38075915275084, 40.151075025444264], [28.38129814192129, 40.151075025444264], [28.38129814192129, 40.15053603627379], [28.38075915275084, 40.15053603627379], [28.38075915275084, 40.14999704710332], [28.38022016358036, 40.14999704710332], [28.38022016358036, 40.14945805793285], [28.38075915275084, 40.14945805793285], [28.38075915275084, 40.14891906876238]]]}, "id": "+386614+81357", "properties": {"area_ha": 28.55255219966736, "count": 104, "label": 1, "mean_dnbr": 0.29702218670479275}}, {"type": "Feature", "geometry": {"geodesic": false, "type": "Polygon", "coordinates": [[[28.38129814192129, 40.13921726369389], [28.38183713109177, 40.13921726369389], [28.38183713109177, 40.13975625286436], [28.38399308777366, 40.13975625286436], [28.38399308777366, 40.14029524203483], [28.38453207694414, 40.14029524203483], [28.38453207694414, 40.140834231205304], [28.38399308777366, 40.140834231205304], [28.38399308777366, 40.14245119871672], [28.38345409860318, 40.14245119871672], [28.38345409860318, 40.14406816622813], [28.3829151094327, 40.14406816622813], [28.3829151094327, 40.145146144569075], [28.38237612026225, 40.145146144569075], [28.38237612026225, 40.14622412291002], [28.38129814192129, 40.14622412291002], [28.38129814192129, 40.145146144569075], [28.38022016358036, 40.145146144569075], [28.38022016358036, 40.14406816622813], [28.379681174409882, 40.14406816622813], [28.379681174409882, 40.14191220954625], [28.38075915275084, 40.14191220954625], [28.38075915275084, 40.13975625286436], [28.38129814192129, 40.13975625286436], [28.38129814192129, 40.13921726369389]]]}, "id": "+386615+81375", "properties": {"area_ha": 18.946329525099706, "count": 69, "label": 1, "mean_dnbr": 0.31357443543578756}}, {"type": "Feature", "geometry": {"geodesic": false, "type": "Polygon", "coordinates": [[[28.3829151094327, 40.21305878004851], [28.38507106611459, 40.21305878004851], [28.38507106611459, 40.21467574755993], [28.38399308777366, 40.21467574755993], [28.38399308777366, 40.2152147367304], [28.38345409860318, 40.2152147367304], [28.38345409860318, 40.21467574755993], [28.3829151094327, 40.21467574755993], [28.3829151094327, 40.21305878004851]]]}, "id": "+386621+81238", "properties": {"area_ha": 3.5658385363736413, "count": 13, "label": 1, "mean_dnbr": 0.19179810514715617}}, {"type": "Feature", "geometry": {"geodesic": false, "type": "Polygon", "coordinates": [[[28.38453207694414, 40.12520354526162], [28.38722702279648, 40.12520354526162], [28.38722702279648, 40.126281523602565], [28.38776601196696, 40.126281523602565], [28.38776601196696, 40.12735950194351], [28.38830500113744, 40.12735950194351], [28.38830500113744, 40.128976469454926], [28.38776601196696, 40.128976469454926], [28.38776601196696, 40.1295154586254], [28.38668803362603, 40.1295154586254], [28.38668803362603, 40.13005444779587], [28.38614904445555, 40.13005444779587], [28.38614904445555, 40.13113242613681], [28.38830500113744, 40.13113242613681], [28.38830500113744, 40.13059343696634], [28.38992196864885, 40.13059343696634], [28.38992196864885, 40.13113242613681], [28.38830500113744, 40.13113242613681], [28.38830500113744, 40.13167141530728], [28.38614904445555, 40.13167141530728], [28.38614904445555, 40.13113242613681], [28.38561005528507, 40.13113242613681], [28.38561005528507, 40.1332883828187], [28.38129814192129, 40.1332883828187], [28.38129814192129, 40.128976469454926], [28.38183713109177, 40.128976469454926], [28.38183713109177, 40.12789849111398], [28.38237612026225, 40.12789849111398], [28.38237612026225, 40.12682051277304], [28.38183713109177, 40.12682051277304], [28.38183713109177, 40.126281523602565], [28.38237612026225, 40.126281523602565], [28.38237612026225, 40.12574253443209], [28.38453207694414, 40.12574253443209], [28.38453207694414, 40.12520354526162]]]}, "id": "+386625+81401", "properties": {"area_ha": 40.9211298189368, "count": 149, "label": 1, "mean_dnbr": 0.2649685089329293}}, {"type": "Feature", "geometry": {"geodesic": false, "type": "Polygon", "coordinates": [[[28.38830500113744, 40.15915986300134], [28.38884399030789, 40.15915986300134], [28.38884399030789, 40.159698852171815], [28.38938297947837, 40.159698852171815], [28.38938297947837, 40.16023784134229], [28.39046095781933, 40.16023784134229], [28.39046095781933, 40.1618548088537], [28.38938297947837, 40.1618548088537], [28.38938297947837, 40.16239379802417], [28.38776601196696, 40.16239379802417], [28.38776601196696, 40.16293278719464], [28.38722702279648, 40.16293278719464], [28.38722702279648, 40.16239379802417], [28.38776601196696, 40.16239379802417], [28.38776601196696, 40.161315819683225], [28.38561005528507, 40.161315819683225], [28.38561005528507, 40.16077683051276], [28.38614904445555, 40.16077683051276], [28.38614904445555, 40.16023784134229], [28.38776601196696, 40.16023784134229], [28.38776601196696, 40.159698852171815], [28.38830500113744, 40.159698852171815], [28.38830500113744, 40.15915986300134]]]}, "id": "+386628+81338", "properties": {"area_ha": 8.235304828904058, "count": 30, "label": 1, "mean_dnbr": 0.2837188042564986}}, {"type": "Feature", "geometry": {"geodesic": false, "type": "Polygon", "coordinates": [[[28.38992196864885, 40.155386938808036], [28.39099994698978, 40.155386938808036], [28.39099994698978, 40.15646491714898], [28.39153893616026, 40.15646491714898], [28.39153893616026, 40.15700390631945], [28.39099994698978, 40.15700390631945], [28.39099994698978, 40.157542895489925], [28.39046095781933, 40.157542895489925], [28.39046095781933, 40.1580818846604], [28.38830500113744, 40.1580818846604], [28.38830500113744, 40.157542895489925], [28.38776601196696, 40.157542895489925], [28.38776601196696, 40.15592592797851], [28.38992196864885, 40.15592592797851], [28.38992196864885, 40.155386938808036]]]}, "id": "+386632+81345", "properties": {"area_ha": 6.863169750108034, "count": 25, "label": 1, "mean_dnbr": 0.2615246565996579}}, {"type": "Feature", "geometry": {"geodesic": false, "type": "Polygon", "coordinates": [[[28.38938297947837, 40.02602953789483], [28.39099994698978, 40.02602953789483], [28.39099994698978, 40.027646505406246], [28.39046095781933, 40.027646505406246], [28.39046095781933, 40.02818549457672], [28.38938297947837, 40.02818549457672], [28.38938297947837, 40.02602953789483]]]}, "id": "+386632+81585", "properties": {"area_ha": 3.0255571053202357, "count": 11, "label": 1, "mean_dnbr": 0.187741050593085}}, {"type": "Feature", "geometry": {"geodesic": false, "type": "Polygon", "coordinates": [[[28.39477287118308, 40.118735675215966], [28.39531186035356, 40.118735675215966], [28.39531186035356, 40.1198136535569], [28.396389838694517, 40.1198136535569], [28.396389838694517, 40.120352642727376], [28.397467817035448, 40.120352642727376], [28.397467817035448, 40.12143062106832], [28.395850849524038, 40.12143062106832], [28.395850849524038, 40.12089163189785], [28.39531186035356, 40.12089163189785], [28.39531186035356, 40.12143062106832], [28.39477287118308, 40.12143062106832], [28.39477287118308, 40.12196961023879], [28.394233882012628, 40.12196961023879], [28.394233882012628, 40.12304758857974], [28.39477287118308, 40.12304758857974], [28.39477287118308, 40.122508599409265], [28.396389838694517, 40.122508599409265], [28.396389838694517, 40.12412556692068], [28.39692882786497, 40.12412556692068], [28.39692882786497, 40.12520354526162], [28.397467817035448, 40.12520354526162], [28.397467817035448, 40.124664556091155], [28.399084784546858, 40.124664556091155], [28.399084784546858, 40.12520354526162], [28.397467817035448, 40.12520354526162], [28.397467817035448, 40.12574253443209], [28.395850849524038, 40.12574253443209], [28.395850849524038, 40.124664556091155], [28.39531186035356, 40.124664556091155], [28.39531186035356, 40.12358657775021], [28.39477287118308, 40.12358657775021], [28.39477287118308, 40.12412556692068], [28.39369489284215, 40.12412556692068], [28.39369489284215, 40.12358657775021], [28.39315590367167, 40.12358657775021], [28.39315590367167, 40.12304758857974], [28.39369489284215, 40.12304758857974], [28.39369489284215, 40.122508599409265], [28.38992196864885, 40.122508599409265], [28.38992196864885, 40.12143062106832], [28.38938297947837, 40.12143062106832], [28.38938297947837, 40.12089163189785], [28.39046095781933, 40.12089163189785], [28.39046095781933, 40.12143062106832], [28.39153893616026, 40.12143062106832], [28.39153893616026, 40.12089163189785], [28.39207792533074, 40.12089163189785], [28.39207792533074, 40.1198136535569], [28.39315590367167, 40.1198136535569], [28.39315590367167, 40.11927466438643], [28.39477287118308, 40.11927466438643], [28.39477287118308, 40.118735675215966]]]}, "id": "+386640+81413", "properties": {"area_ha": 21.149442019744857, "count": 77, "label": 1, "mean_dnbr": 0.2361722320403811}}, {"type": "Feature", "geometry": {"geodesic": false, "type": "Polygon", "coordinates": [[[28.39531186035356, 40.15269199295568], [28.39692882786497, 40.15269199295568], [28.39692882786497, 40.15323098212615], [28.398006806205927, 40.15323098212615], [28.398006806205927, 40.153769971296626], [28.398545795376407, 40.153769971296626], [28.398545795376407, 40.1543089604671], [28.399623773717337, 40.1543089604671], [28.399623773717337, 40.15484794963757], [28.39692882786497, 40.15484794963757], [28.39692882786497, 40.1543089604671], [28.39531186035356, 40.1543089604671], [28.39531186035356, 40.153769971296626], [28.39477287118308, 40.153769971296626], [28.39477287118308, 40.15323098212615], [28.39531186035356, 40.15323098212615], [28.39531186035356, 40.15269199295568]]]}, "id": "+386643+81350", "properties": {"area_ha": 5.490787889930872, "count": 20, "label": 1, "mean_dnbr": 0.2616427032363392}}, {"type": "Feature", "geometry": {"geodesic": false, "type": "Polygon", "coordinates": [[[28.400701752058268, 40.173712570604074], [28.401240741228747, 40.173712570604074], [28.401240741228747, 40.17425155977455], [28.401779730399227, 40.17425155977455], [28.401779730399227, 40.17479054894502], [28.402857708740157, 40.17479054894502], [28.402857708740157, 40.17532953811549], [28.403396697910637, 40.17532953811549], [28.403396697910637, 40.175868527285964], [28.404474676251596, 40.175868527285964], [28.404474676251596, 40.176407516456436], [28.405013665422047, 40.176407516456436], [28.405013665422047, 40.17694650562691], [28.405552654592526, 40.17694650562691], [28.405552654592526, 40.17748549479738], [28.403935687081116, 40.17748549479738], [28.403935687081116, 40.17802448396785], [28.402857708740157, 40.17802448396785], [28.402857708740157, 40.17748549479738], [28.402318719569706, 40.17748549479738], [28.402318719569706, 40.17694650562691], [28.401240741228747, 40.17694650562691], [28.401240741228747, 40.176407516456436], [28.400701752058268, 40.176407516456436], [28.400701752058268, 40.17479054894502], [28.400162762887817, 40.17479054894502], [28.400162762887817, 40.17425155977455], [28.400701752058268, 40.17425155977455], [28.400701752058268, 40.173712570604074]]]}, "id": "+386651+81311", "properties": {"area_ha": 9.605709310576984, "count": 35, "label": 1, "mean_dnbr": 0.3043991727391865}}, {"type": "Feature", "geometry": {"geodesic": false, "type": "Polygon", "coordinates": [[[28.401240741228747, 40.25024903281106], [28.401779730399227, 40.25024903281106], [28.401779730399227, 40.250788021981535], [28.402857708740157, 40.250788021981535], [28.402857708740157, 40.25132701115201], [28.402318719569706, 40.25132701115201], [28.402318719569706, 40.25294397866342], [28.402857708740157, 40.25294397866342], [28.402857708740157, 40.25348296783389], [28.403396697910637, 40.25348296783389], [28.403396697910637, 40.25402195700436], [28.402857708740157, 40.25402195700436], [28.402857708740157, 40.25348296783389], [28.401779730399227, 40.25348296783389], [28.401779730399227, 40.25294397866342], [28.401240741228747, 40.25294397866342], [28.401240741228747, 40.252404989492945], [28.400701752058268, 40.252404989492945], [28.400701752058268, 40.25186600032247], [28.400162762887817, 40.25186600032247], [28.400162762887817, 40.250788021981535], [28.401240741228747, 40.250788021981535], [28.401240741228747, 40.25024903281106]]]}, "id": "+386652+81169", "properties": {"area_ha": 4.93455647466357, "count": 18, "label": 1, "mean_dnbr": 0.19019960970645333}}, {"type": "Feature", "geometry": {"geodesic": false, "type": "Polygon", "coordinates": [[[28.405552654592526, 40.201201018298136], [28.407708611274415, 40.201201018298136], [28.407708611274415, 40.20174000746861], [28.408786589615346, 40.20174000746861], [28.408786589615346, 40.20227899663908], [28.406630632933457, 40.20227899663908], [28.406630632933457, 40.20281798580955], [28.405552654592526, 40.20281798580955], [28.405552654592526, 40.201201018298136]]]}, "id": "+386663+81260", "properties": {"area_ha": 3.29213281779637, "count": 12, "label": 1, "mean_dnbr": 0.2784490228556516}}, {"type": "Feature", "geometry": {"geodesic": false, "type": "Polygon", "coordinates": [[[28.412020524638194, 40.229767444333135], [28.412559513808645, 40.229767444333135], [28.412559513808645, 40.23030643350361], [28.413098502979125, 40.23030643350361], [28.413098502979125, 40.23084542267408], [28.413637492149604, 40.23084542267408], [28.413637492149604, 40.231923401015024], [28.413098502979125, 40.231923401015024], [28.413098502979125, 40.232462390185496], [28.413637492149604, 40.232462390185496], [28.413637492149604, 40.234079357696906], [28.414176481320084, 40.234079357696906], [28.414176481320084, 40.23461834686738], [28.413637492149604, 40.23461834686738], [28.413637492149604, 40.234079357696906], [28.412559513808645, 40.234079357696906], [28.412559513808645, 40.23300137935597], [28.413098502979125, 40.23300137935597], [28.413098502979125, 40.232462390185496], [28.411481535467715, 40.232462390185496], [28.411481535467715, 40.231923401015024], [28.410942546297235, 40.231923401015024], [28.410942546297235, 40.23138441184455], [28.410403557126784, 40.23138441184455], [28.410403557126784, 40.23084542267408], [28.411481535467715, 40.23084542267408], [28.411481535467715, 40.23030643350361], [28.412020524638194, 40.23030643350361], [28.412020524638194, 40.229767444333135]]]}, "id": "+386672+81207", "properties": {"area_ha": 6.581359888245199, "count": 24, "label": 1, "mean_dnbr": 0.2086894242212339}}, {"type": "Feature", "geometry": {"geodesic": false, "type": "Polygon", "coordinates": [[[28.414715470490535, 40.213597769218985], [28.417410416342904, 40.213597769218985], [28.417410416342904, 40.21413675838946], [28.416871427172424, 40.21413675838946], [28.416871427172424, 40.21467574755993], [28.416332438001973, 40.21467574755993], [28.416332438001973, 40.2152147367304], [28.415254459661014, 40.2152147367304], [28.415254459661014, 40.21467574755993], [28.414715470490535, 40.21467574755993], [28.414715470490535, 40.213597769218985]]]}, "id": "+386681+81237", "properties": {"area_ha": 3.017226989480816, "count": 11, "label": 1, "mean_dnbr": 0.23490614435809842}}, {"type": "Feature", "geometry": {"geodesic": false, "type": "Polygon", "coordinates": [[[28.416871427172424, 40.093942173374266], [28.417410416342904, 40.093942173374266], [28.417410416342904, 40.097715097567566], [28.414715470490535, 40.097715097567566], [28.414715470490535, 40.09717610839709], [28.415254459661014, 40.09717610839709], [28.415254459661014, 40.09609813005615], [28.414176481320084, 40.09609813005615], [28.414176481320084, 40.095559140885676], [28.414715470490535, 40.095559140885676], [28.414715470490535, 40.095020151715204], [28.415793448831494, 40.095020151715204], [28.415793448831494, 40.09609813005615], [28.416871427172424, 40.09609813005615], [28.416871427172424, 40.093942173374266]]]}, "id": "+386681+81459", "properties": {"area_ha": 6.044982071119079, "count": 22, "label": 1, "mean_dnbr": 0.21427800978983266}}, {"type": "Feature", "geometry": {"geodesic": false, "type": "Polygon", "coordinates": [[[28.42711222141139, 40.050284050566056], [28.42819019975235, 40.050284050566056], [28.42819019975235, 40.05082303973653], [28.4287291889228, 40.05082303973653], [28.4287291889228, 40.05190101807747], [28.42980716726376, 40.05190101807747], [28.42980716726376, 40.052440007247945], [28.42926817809328, 40.052440007247945], [28.42926817809328, 40.05351798558888], [28.4287291889228, 40.05351798558888], [28.4287291889228, 40.054056974759355], [28.42765121058187, 40.054056974759355], [28.42765121058187, 40.05351798558888], [28.42819019975235, 40.05351798558888], [28.42819019975235, 40.052440007247945], [28.42711222141139, 40.052440007247945], [28.42711222141139, 40.05190101807747], [28.42765121058187, 40.05190101807747], [28.42765121058187, 40.051362028907], [28.42819019975235, 40.051362028907], [28.42819019975235, 40.05082303973653], [28.42711222141139, 40.05082303973653], [28.42711222141139, 40.050284050566056]]]}, "id": "+386701+81540", "properties": {"area_ha": 4.3991873762467, "count": 16, "label": 1, "mean_dnbr": 0.19757822231440478}}, {"type": "Feature", "geometry": {"geodesic": false, "type": "Polygon", "coordinates": [[[28.42819019975235, 40.20982484502568], [28.43088514560469, 40.20982484502568], [28.43088514560469, 40.21036383419615], [28.43034615643424, 40.21036383419615], [28.43034615643424, 40.210902823366624], [28.42980716726376, 40.210902823366624], [28.42980716726376, 40.211441812537096], [28.42926817809328, 40.211441812537096], [28.42926817809328, 40.21198080170757], [28.4287291889228, 40.21198080170757], [28.4287291889228, 40.21251979087804], [28.42819019975235, 40.21251979087804], [28.42819019975235, 40.21198080170757], [28.42765121058187, 40.21198080170757], [28.42765121058187, 40.211441812537096], [28.42711222141139, 40.211441812537096], [28.42711222141139, 40.21036383419615], [28.42765121058187, 40.21036383419615], [28.42765121058187, 40.210902823366624], [28.42819019975235, 40.210902823366624], [28.42819019975235, 40.20982484502568]]]}, "id": "+386706+81244", "properties": {"area_ha": 5.211841254036383, "count": 19, "label": 1, "mean_dnbr": 0.22343802708219276}}, {"type": "Feature", "geometry": {"geodesic": false, "type": "Polygon", "coordinates": [[[28.43142413477517, 40.231923401015024], [28.43196312394565, 40.231923401015024], [28.43196312394565, 40.232462390185496], [28.4325021131161, 40.232462390185496], [28.4325021131161, 40.23300137935597], [28.43304110228658, 40.23300137935597], [28.43304110228658, 40.233540368526434], [28.43358009145706, 40.233540368526434], [28.43358009145706, 40.23461834686738], [28.43411908062754, 40.23461834686738], [28.43411908062754, 40.23569632520832], [28.43465806979799, 40.23569632520832], [28.43465806979799, 40.238391271060685], [28.43411908062754, 40.238391271060685], [28.43411908062754, 40.23893026023116], [28.43358009145706, 40.23893026023116], [28.43358009145706, 40.23785228189021], [28.43304110228658, 40.23785228189021], [28.43304110228658, 40.23677430354927], [28.4325021131161, 40.23677430354927], [28.4325021131161, 40.234079357696906], [28.43196312394565, 40.234079357696906], [28.43196312394565, 40.233540368526434], [28.43142413477517, 40.233540368526434], [28.43142413477517, 40.231923401015024]]]}, "id": "+386708+81203", "properties": {"area_ha": 9.323087043501092, "count": 34, "label": 1, "mean_dnbr": 0.2992400040207069}}, {"type": "Feature", "geometry": {"geodesic": false, "type": "Polygon", "coordinates": [[[28.43088514560469, 40.22491654179889], [28.43304110228658, 40.22491654179889], [28.43304110228658, 40.22545553096936], [28.43358009145706, 40.22545553096936], [28.43358009145706, 40.225994520139835], [28.43465806979799, 40.225994520139835], [28.43465806979799, 40.22707249848078], [28.43358009145706, 40.22707249848078], [28.43358009145706, 40.227611487651245], [28.4325021131161, 40.227611487651245], [28.4325021131161, 40.22707249848078], [28.43196312394565, 40.22707249848078], [28.43196312394565, 40.225994520139835], [28.43088514560469, 40.225994520139835], [28.43088514560469, 40.22491654179889]], [[28.43304110228658, 40.22545553096936], [28.43304110228658, 40.225994520139835], [28.43358009145706, 40.225994520139835], [28.43358009145706, 40.22707249848078], [28.43304110228658, 40.22707249848078], [28.43304110228658, 40.22653350931031], [28.4325021131161, 40.22653350931031], [28.4325021131161, 40.22545553096936], [28.43304110228658, 40.22545553096936]]]}, "id": "+386710+81216", "properties": {"area_ha": 4.662183331557523, "count": 17, "label": 1, "mean_dnbr": 0.22505522683107204}}, {"type": "Feature", "geometry": {"geodesic": false, "type": "Polygon", "coordinates": [[[28.4325021131161, 40.264801740413795], [28.43358009145706, 40.264801740413795], [28.43358009145706, 40.26534072958427], [28.43411908062754, 40.26534072958427], [28.43411908062754, 40.266957697095684], [28.43304110228658, 40.266957697095684], [28.43304110228658, 40.26641870792521], [28.4325021131161, 40.26641870792521], [28.4325021131161, 40.26587971875474], [28.43196312394565, 40.26587971875474], [28.43196312394565, 40.26534072958427], [28.4325021131161, 40.26534072958427], [28.4325021131161, 40.264801740413795]]]}, "id": "+386711+81142", "properties": {"area_ha": 3.014940580310722, "count": 11, "label": 1, "mean_dnbr": 0.3291614300054786}}, {"type": "Feature", "geometry": {"geodesic": false, "type": "Polygon", "coordinates": [[[28.43358009145706, 40.10526094595417], [28.43465806979799, 40.10526094595417], [28.43465806979799, 40.105799935124644], [28.43519705896847, 40.105799935124644], [28.43519705896847, 40.106338924295116], [28.43627503730943, 40.106338924295116], [28.43627503730943, 40.10687791346558], [28.43573604813895, 40.10687791346558], [28.43573604813895, 40.107416902636054], [28.43358009145706, 40.107416902636054], [28.43358009145706, 40.10526094595417]]]}, "id": "+386713+81438", "properties": {"area_ha": 3.8462275775566295, "count": 14, "label": 1, "mean_dnbr": 0.22140001114826885}}, {"type": "Feature", "geometry": {"geodesic": false, "type": "Polygon", "coordinates": [[[28.43411908062754, 40.2761205129937], [28.43519705896847, 40.2761205129937], [28.43519705896847, 40.27881545884606], [28.43465806979799, 40.27881545884606], [28.43465806979799, 40.28097141552795], [28.43411908062754, 40.28097141552795], [28.43411908062754, 40.28043242635748], [28.43304110228658, 40.28043242635748], [28.43304110228658, 40.279354448016534], [28.43358009145706, 40.279354448016534], [28.43358009145706, 40.27881545884606], [28.4325021131161, 40.27881545884606], [28.4325021131161, 40.27827646967559], [28.43196312394565, 40.27827646967559], [28.43196312394565, 40.27773748050512], [28.43142413477517, 40.27773748050512], [28.43142413477517, 40.277198491334644], [28.43304110228658, 40.277198491334644], [28.43304110228658, 40.27665950216417], [28.43411908062754, 40.27665950216417], [28.43411908062754, 40.2761205129937]]]}, "id": "+386714+81121", "properties": {"area_ha": 9.043163537849605, "count": 33, "label": 1, "mean_dnbr": 0.23858237597994844}}, {"type": "Feature", "geometry": {"geodesic": false, "type": "Polygon", "coordinates": [[[28.43465806979799, 40.17694650562691], [28.43519705896847, 40.17694650562691], [28.43519705896847, 40.17802448396785], [28.43573604813895, 40.17802448396785], [28.43573604813895, 40.1791024623088], [28.43627503730943, 40.1791024623088], [28.43627503730943, 40.17964145147926], [28.43411908062754, 40.17964145147926], [28.43411908062754, 40.17802448396785], [28.43465806979799, 40.17802448396785], [28.43465806979799, 40.17694650562691]]]}, "id": "+386714+81305", "properties": {"area_ha": 3.2932687133721794, "count": 12, "label": 1, "mean_dnbr": 0.23203915261769137}}, {"type": "Feature", "geometry": {"geodesic": false, "type": "Polygon", "coordinates": [[[28.43573604813895, 40.22437755262842], [28.43627503730943, 40.22437755262842], [28.43627503730943, 40.22653350931031], [28.43735301565036, 40.22653350931031], [28.43735301565036, 40.227611487651245], [28.43681402647988, 40.227611487651245], [28.43681402647988, 40.22815047682172], [28.43573604813895, 40.22815047682172], [28.43573604813895, 40.22707249848078], [28.43519705896847, 40.22707249848078], [28.43519705896847, 40.22653350931031], [28.43573604813895, 40.22653350931031], [28.43573604813895, 40.22545553096936], [28.43519705896847, 40.22545553096936], [28.43519705896847, 40.22491654179889], [28.43573604813895, 40.22491654179889], [28.43573604813895, 40.22437755262842]]]}, "id": "+386716+81217", "properties": {"area_ha": 3.8394246408383106, "count": 14, "label": 1, "mean_dnbr": 0.17958698860647565}}, {"type": "Feature", "geometry": {"geodesic": false, "type": "Polygon", "coordinates": [[[28.43519705896847, 40.145146144569075], [28.43627503730943, 40.145146144569075], [28.43627503730943, 40.14622412291002], [28.43681402647988, 40.14622412291002], [28.43681402647988, 40.14676311208049], [28.43735301565036, 40.14676311208049], [28.43735301565036, 40.147302101250965], [28.43789200482084, 40.147302101250965], [28.43789200482084, 40.14838007959191], [28.43681402647988, 40.14838007959191], [28.43681402647988, 40.147302101250965], [28.43627503730943, 40.147302101250965], [28.43627503730943, 40.14622412291002], [28.43519705896847, 40.14622412291002], [28.43519705896847, 40.145146144569075]]]}, "id": "+386716+81364", "properties": {"area_ha": 3.0202417437995615, "count": 11, "label": 1, "mean_dnbr": 0.317130539158084}}, {"type": "Feature", "geometry": {"geodesic": false, "type": "Polygon", "coordinates": [[[28.43573604813895, 40.372599574508136], [28.43843099399129, 40.372599574508136], [28.43843099399129, 40.374755531190026], [28.43735301565036, 40.374755531190026], [28.43735301565036, 40.37421654201955], [28.43789200482084, 40.37421654201955], [28.43789200482084, 40.37367755284908], [28.43681402647988, 40.37367755284908], [28.43681402647988, 40.37313856367861], [28.43627503730943, 40.37313856367861], [28.43627503730943, 40.37367755284908], [28.43519705896847, 40.37367755284908], [28.43519705896847, 40.37313856367861], [28.43573604813895, 40.37313856367861], [28.43573604813895, 40.372599574508136]]]}, "id": "+386720+80942", "properties": {"area_ha": 3.557429111674684, "count": 13, "label": 1, "mean_dnbr": 0.23530683210644301}}, {"type": "Feature", "geometry": {"geodesic": false, "type": "Polygon", "coordinates": [[[28.44058695067318, 40.1731735814336], [28.44112593984366, 40.1731735814336], [28.44112593984366, 40.17425155977455], [28.441664929014138, 40.17425155977455], [28.441664929014138, 40.175868527285964], [28.44112593984366, 40.175868527285964], [28.44112593984366, 40.176407516456436], [28.43950897233225, 40.176407516456436], [28.43950897233225, 40.17425155977455], [28.43896998316177, 40.17425155977455], [28.43896998316177, 40.173712570604074], [28.44058695067318, 40.173712570604074], [28.44058695067318, 40.1731735814336]]]}, "id": "+386725+81312", "properties": {"area_ha": 5.48907214452361, "count": 20, "label": 1, "mean_dnbr": 0.2842996639143693}}, {"type": "Feature", "geometry": {"geodesic": false, "type": "Polygon", "coordinates": [[[28.441664929014138, 40.21198080170757], [28.442203918184617, 40.21198080170757], [28.442203918184617, 40.21251979087804], [28.443281896525548, 40.21251979087804], [28.443281896525548, 40.21467574755993], [28.44274290735507, 40.21467574755993], [28.44274290735507, 40.2152147367304], [28.442203918184617, 40.2152147367304], [28.442203918184617, 40.21575372590087], [28.441664929014138, 40.21575372590087], [28.441664929014138, 40.21467574755993], [28.442203918184617, 40.21467574755993], [28.442203918184617, 40.21251979087804], [28.441664929014138, 40.21251979087804], [28.441664929014138, 40.21198080170757]]]}, "id": "+386727+81240", "properties": {"area_ha": 3.2915519400949225, "count": 12, "label": 1, "mean_dnbr": 0.1934333312090276}}, {"type": "Feature", "geometry": {"geodesic": false, "type": "Polygon", "coordinates": [[[28.441664929014138, 40.15269199295568], [28.443281896525548, 40.15269199295568], [28.443281896525548, 40.15323098212615], [28.44274290735507, 40.15323098212615], [28.44274290735507, 40.153769971296626], [28.44112593984366, 40.153769971296626], [28.44112593984366, 40.155386938808036], [28.440047961502728, 40.155386938808036], [28.440047961502728, 40.15269199295568], [28.44112593984366, 40.15269199295568], [28.44112593984366, 40.15323098212615], [28.441664929014138, 40.15323098212615], [28.441664929014138, 40.15269199295568]]]}, "id": "+386729+81350", "properties": {"area_ha": 4.392628555413005, "count": 16, "label": 1, "mean_dnbr": 0.202355161704961}}, {"type": "Feature", "geometry": {"geodesic": false, "type": "Polygon", "coordinates": [[[28.44435987486648, 40.18071942982021], [28.444898864036958, 40.18071942982021], [28.444898864036958, 40.1828753865021], [28.442203918184617, 40.1828753865021], [28.442203918184617, 40.18179740816115], [28.443281896525548, 40.18179740816115], [28.443281896525548, 40.18125841899068], [28.44435987486648, 40.18125841899068], [28.44435987486648, 40.18071942982021]]]}, "id": "+386732+81298", "properties": {"area_ha": 3.8419575581105216, "count": 14, "label": 1, "mean_dnbr": 0.24991546218917693}}, {"type": "Feature", "geometry": {"geodesic": false, "type": "Polygon", "coordinates": [[[28.443281896525548, 40.145146144569075], [28.445976842377917, 40.145146144569075], [28.445976842377917, 40.14568513373955], [28.444898864036958, 40.14568513373955], [28.444898864036958, 40.14622412291002], [28.44435987486648, 40.14622412291002], [28.44435987486648, 40.14676311208049], [28.443820885696027, 40.14676311208049], [28.443820885696027, 40.147302101250965], [28.44274290735507, 40.147302101250965], [28.44274290735507, 40.14622412291002], [28.443281896525548, 40.14622412291002], [28.443281896525548, 40.145146144569075]]]}, "id": "+386734+81364", "properties": {"area_ha": 3.5694038102409316, "count": 13, "label": 1, "mean_dnbr": 0.299508658262332}}, {"type": "Feature", "geometry": {"geodesic": false, "type": "Polygon", "coordinates": [[[28.445976842377917, 40.1904212348887], [28.447054820718847, 40.1904212348887], [28.447054820718847, 40.19149921322964], [28.447593809889327, 40.19149921322964], [28.447593809889327, 40.192577191570585], [28.445976842377917, 40.192577191570585], [28.445976842377917, 40.19203820240011], [28.445437853207437, 40.19203820240011], [28.445437853207437, 40.190960224059175], [28.445976842377917, 40.190960224059175], [28.445976842377917, 40.1904212348887]]]}, "id": "+386736+81280", "properties": {"area_ha": 3.2926363234033773, "count": 12, "label": 1, "mean_dnbr": 0.1943425922500967}}, {"type": "Feature", "geometry": {"geodesic": false, "type": "Polygon", "coordinates": [[[28.448671788230257, 40.36559271529201], [28.449210777400737, 40.36559271529201], [28.449210777400737, 40.36720968280342], [28.448132799059806, 40.36720968280342], [28.448132799059806, 40.36774867197389], [28.448671788230257, 40.36774867197389], [28.448671788230257, 40.36882665031484], [28.448132799059806, 40.36882665031484], [28.448132799059806, 40.368287661144365], [28.447054820718847, 40.368287661144365], [28.447054820718847, 40.36774867197389], [28.447593809889327, 40.36774867197389], [28.447593809889327, 40.366131704462475], [28.448132799059806, 40.366131704462475], [28.448132799059806, 40.36667069363295], [28.448671788230257, 40.36667069363295], [28.448671788230257, 40.36559271529201]]]}, "id": "+386740+80955", "properties": {"area_ha": 3.010418504409982, "count": 11, "label": 1, "mean_dnbr": 0.253790223154025}}, {"type": "Feature", "geometry": {"geodesic": false, "type": "Polygon", "coordinates": [[[28.454600669105446, 40.25833387036813], [28.455139658275925, 40.25833387036813], [28.455139658275925, 40.26048982705002], [28.454600669105446, 40.26048982705002], [28.454600669105446, 40.261028816220495], [28.452444712423556, 40.261028816220495], [28.452444712423556, 40.26048982705002], [28.452983701594036, 40.26048982705002], [28.452983701594036, 40.25995083787955], [28.454061679934995, 40.25995083787955], [28.454061679934995, 40.258872859538606], [28.454600669105446, 40.258872859538606], [28.454600669105446, 40.25833387036813]]]}, "id": "+386751+81154", "properties": {"area_ha": 3.563425039655231, "count": 13, "label": 1, "mean_dnbr": 0.22712413210179444}}, {"type": "Feature", "geometry": {"geodesic": false, "type": "Polygon", "coordinates": [[[28.459451571639704, 40.3715215961672], [28.459990560810184, 40.3715215961672], [28.459990560810184, 40.372060585337664], [28.460529549980635, 40.372060585337664], [28.460529549980635, 40.37313856367861], [28.461068539151114, 40.37313856367861], [28.461068539151114, 40.372599574508136], [28.461607528321593, 40.372599574508136], [28.461607528321593, 40.37367755284908], [28.459451571639704, 40.37367755284908], [28.459451571639704, 40.37313856367861], [28.458912582469225, 40.37313856367861], [28.458912582469225, 40.37367755284908], [28.458373593298745, 40.37367755284908], [28.458373593298745, 40.372599574508136], [28.457834604128294, 40.372599574508136], [28.457834604128294, 40.37367755284908], [28.456756625787335, 40.37367755284908], [28.456756625787335, 40.372599574508136], [28.457295614957815, 40.372599574508136], [28.457295614957815, 40.372060585337664], [28.456217636616856, 40.372060585337664], [28.456217636616856, 40.372599574508136], [28.455678647446405, 40.372599574508136], [28.455678647446405, 40.37313856367861], [28.456217636616856, 40.37313856367861], [28.456217636616856, 40.37367755284908], [28.455139658275925, 40.37367755284908], [28.455139658275925, 40.37421654201955], [28.451905723253105, 40.37421654201955], [28.451905723253105, 40.37313856367861], [28.454600669105446, 40.37313856367861], [28.454600669105446, 40.37367755284908], [28.455139658275925, 40.37367755284908], [28.455139658275925, 40.372599574508136], [28.455678647446405, 40.372599574508136], [28.455678647446405, 40.372060585337664], [28.456217636616856, 40.372060585337664], [28.456217636616856, 40.3715215961672], [28.457295614957815, 40.3715215961672], [28.457295614957815, 40.372060585337664], [28.457834604128294, 40.372060585337664], [28.457834604128294, 40.3715215961672], [28.458373593298745, 40.3715215961672], [28.458373593298745, 40.372599574508136], [28.459451571639704, 40.372599574508136], [28.459451571639704, 40.3715215961672]]]}, "id": "+386760+80944", "properties": {"area_ha": 10.12509032797333, "count": 37, "label": 1, "mean_dnbr": 0.2373968818270902}}, {"type": "Feature", "geometry": {"geodesic": false, "type": "Polygon", "coordinates": [[[28.468075398367233, 40.372599574508136], [28.468614387537713, 40.372599574508136], [28.468614387537713, 40.37313856367861], [28.46969236587867, 40.37313856367861], [28.46969236587867, 40.37367755284908], [28.462146517492044, 40.37367755284908], [28.462146517492044, 40.37313856367861], [28.464302474173934, 40.37313856367861], [28.464302474173934, 40.372599574508136], [28.464841463344413, 40.372599574508136], [28.464841463344413, 40.37313856367861], [28.468075398367233, 40.37313856367861], [28.468075398367233, 40.372599574508136]]]}, "id": "+386776+80942", "properties": {"area_ha": 4.378651751091774, "count": 16, "label": 1, "mean_dnbr": 0.25819170307159245}}, {"type": "Feature", "geometry": {"geodesic": false, "type": "Polygon", "coordinates": [[[28.47508225758338, 40.15915986300134], [28.47669922509479, 40.15915986300134], [28.47669922509479, 40.16023784134229], [28.47723821426527, 40.16023784134229], [28.47723821426527, 40.16077683051276], [28.47562124675386, 40.16077683051276], [28.47562124675386, 40.161315819683225], [28.47508225758338, 40.161315819683225], [28.47508225758338, 40.15915986300134]]]}, "id": "+386791+81338", "properties": {"area_ha": 3.0196484453864256, "count": 11, "label": 1, "mean_dnbr": 0.3589332306192805}}, {"type": "Feature", "geometry": {"geodesic": false, "type": "Polygon", "coordinates": [[[28.47669922509479, 40.22545553096936], [28.47885518177668, 40.22545553096936], [28.47885518177668, 40.225994520139835], [28.47939417094716, 40.225994520139835], [28.47939417094716, 40.22653350931031], [28.47885518177668, 40.22653350931031], [28.47885518177668, 40.22815047682172], [28.47777720343575, 40.22815047682172], [28.47777720343575, 40.22868946599219], [28.47669922509479, 40.22868946599219], [28.47669922509479, 40.22922845516266], [28.47562124675386, 40.22922845516266], [28.47562124675386, 40.225994520139835], [28.47669922509479, 40.225994520139835], [28.47669922509479, 40.22545553096936]]]}, "id": "+386795+81215", "properties": {"area_ha": 9.598473501448042, "count": 35, "label": 1, "mean_dnbr": 0.258080341427446}}, {"type": "Feature", "geometry": {"geodesic": false, "type": "Polygon", "coordinates": [[[28.47885518177668, 40.376911487871915], [28.47939417094716, 40.376911487871915], [28.47939417094716, 40.37745047704239], [28.47993316011761, 40.37745047704239], [28.47993316011761, 40.3790674445538], [28.48047214928809, 40.3790674445538], [28.48047214928809, 40.38014542289474], [28.48101113845857, 40.38014542289474], [28.48101113845857, 40.38122340123569], [28.4820891167995, 40.38122340123569], [28.4820891167995, 40.38176239040616], [28.48101113845857, 40.38176239040616], [28.48101113845857, 40.38122340123569], [28.48047214928809, 40.38122340123569], [28.48047214928809, 40.380684412065214], [28.47993316011761, 40.380684412065214], [28.47993316011761, 40.38122340123569], [28.47939417094716, 40.38122340123569], [28.47939417094716, 40.380684412065214], [28.47885518177668, 40.380684412065214], [28.47885518177668, 40.38014542289474], [28.4783161926062, 40.38014542289474], [28.4783161926062, 40.37960643372427], [28.47885518177668, 40.37960643372427], [28.47885518177668, 40.38014542289474], [28.47939417094716, 40.38014542289474], [28.47939417094716, 40.380684412065214], [28.47993316011761, 40.380684412065214], [28.47993316011761, 40.3790674445538], [28.47939417094716, 40.3790674445538], [28.47939417094716, 40.37745047704239], [28.47885518177668, 40.37745047704239], [28.47885518177668, 40.376911487871915]]]}, "id": "+386796+80934", "properties": {"area_ha": 3.830725767767214, "count": 14, "label": 1, "mean_dnbr": 0.40227020341612285}}, {"type": "Feature", "geometry": {"geodesic": false, "type": "Polygon", "coordinates": [[[28.47885518177668, 40.36505372612154], [28.47993316011761, 40.36505372612154], [28.47993316011761, 40.36559271529201], [28.48262810596998, 40.36559271529201], [28.48262810596998, 40.366131704462475], [28.4820891167995, 40.366131704462475], [28.4820891167995, 40.36667069363295], [28.48262810596998, 40.36667069363295], [28.48262810596998, 40.36774867197389], [28.4820891167995, 40.36774867197389], [28.4820891167995, 40.368287661144365], [28.48155012762905, 40.368287661144365], [28.48155012762905, 40.36882665031484], [28.48262810596998, 40.36882665031484], [28.48262810596998, 40.368287661144365], [28.48370608431094, 40.368287661144365], [28.48370608431094, 40.36774867197389], [28.48316709514046, 40.36774867197389], [28.48316709514046, 40.36720968280342], [28.48424507348139, 40.36720968280342], [28.48424507348139, 40.36774867197389], [28.48478406265187, 40.36774867197389], [28.48478406265187, 40.36936563948531], [28.48316709514046, 40.36936563948531], [28.48316709514046, 40.36990462865578], [28.4820891167995, 40.36990462865578], [28.4820891167995, 40.370443617826254], [28.48155012762905, 40.370443617826254], [28.48155012762905, 40.36990462865578], [28.48101113845857, 40.36990462865578], [28.48101113845857, 40.368287661144365], [28.47885518177668, 40.368287661144365], [28.47885518177668, 40.36720968280342], [28.4783161926062, 40.36720968280342], [28.4783161926062, 40.36559271529201], [28.47885518177668, 40.36559271529201], [28.47885518177668, 40.36505372612154]]]}, "id": "+386797+80956", "properties": {"area_ha": 16.146705802488356, "count": 59, "label": 1, "mean_dnbr": 0.2339988970936517}}, {"type": "Feature", "geometry": {"geodesic": false, "type": "Polygon", "coordinates": [[[28.47939417094716, 40.10256600010181], [28.47993316011761, 40.10256600010181], [28.47993316011761, 40.10310498927228], [28.48047214928809, 40.10310498927228], [28.48047214928809, 40.10418296761323], [28.47993316011761, 40.10418296761323], [28.47993316011761, 40.1047219567837], [28.4783161926062, 40.1047219567837], [28.4783161926062, 40.103643978442754], [28.47885518177668, 40.103643978442754], [28.47885518177668, 40.10310498927228], [28.47939417094716, 40.10310498927228], [28.47939417094716, 40.10256600010181]]]}, "id": "+386797+81443", "properties": {"area_ha": 3.0221534411855786, "count": 11, "label": 1, "mean_dnbr": 0.2957220886017212}}, {"type": "Feature", "geometry": {"geodesic": false, "type": "Polygon", "coordinates": [[[28.492329911038468, 40.273425567141345], [28.492868900208947, 40.273425567141345], [28.492868900208947, 40.27396455631182], [28.494485867720357, 40.27396455631182], [28.494485867720357, 40.27450354548229], [28.495563846061316, 40.27450354548229], [28.495563846061316, 40.27558152382323], [28.492868900208947, 40.27558152382323], [28.492868900208947, 40.27504253465276], [28.493407889379426, 40.27504253465276], [28.493407889379426, 40.27450354548229], [28.491251932697537, 40.27450354548229], [28.491251932697537, 40.27396455631182], [28.492329911038468, 40.27396455631182], [28.492329911038468, 40.273425567141345]]]}, "id": "+386821+81126", "properties": {"area_ha": 4.384811719070677, "count": 16, "label": 1, "mean_dnbr": 0.24039510330920583}}, {"type": "Feature", "geometry": {"geodesic": false, "type": "Polygon", "coordinates": [[[28.495024856890836, 40.277198491334644], [28.496641824402246, 40.277198491334644], [28.496641824402246, 40.27773748050512], [28.496102835231767, 40.27773748050512], [28.496102835231767, 40.27827646967559], [28.495563846061316, 40.27827646967559], [28.495563846061316, 40.27881545884606], [28.496641824402246, 40.27881545884606], [28.496641824402246, 40.279893437187006], [28.497719802743177, 40.279893437187006], [28.497719802743177, 40.28043242635748], [28.497180813572726, 40.28043242635748], [28.497180813572726, 40.28097141552795], [28.496641824402246, 40.28097141552795], [28.496641824402246, 40.28043242635748], [28.495563846061316, 40.28043242635748], [28.495563846061316, 40.28097141552795], [28.495024856890836, 40.28097141552795], [28.495024856890836, 40.28151040469842], [28.494485867720357, 40.28151040469842], [28.494485867720357, 40.28204939386889], [28.493407889379426, 40.28204939386889], [28.493407889379426, 40.28097141552795], [28.493946878549878, 40.28097141552795], [28.493946878549878, 40.28043242635748], [28.494485867720357, 40.28043242635748], [28.494485867720357, 40.279893437187006], [28.492329911038468, 40.279893437187006], [28.492329911038468, 40.28097141552795], [28.491790921867988, 40.28097141552795], [28.491790921867988, 40.28151040469842], [28.492329911038468, 40.28151040469842], [28.492329911038468, 40.28204939386889], [28.491790921867988, 40.28204939386889], [28.491790921867988, 40.28258838303936], [28.491251932697537, 40.28258838303936], [28.491251932697537, 40.28204939386889], [28.490712943527058, 40.28204939386889], [28.490712943527058, 40.28151040469842], [28.491251932697537, 40.28151040469842], [28.491251932697537, 40.28097141552795], [28.490173954356578, 40.28097141552795], [28.490173954356578, 40.279893437187006], [28.489634965186127, 40.279893437187006], [28.489634965186127, 40.279354448016534], [28.489095976015648, 40.279354448016534], [28.489095976015648, 40.27827646967559], [28.489634965186127, 40.27827646967559], [28.489634965186127, 40.277198491334644], [28.490173954356578, 40.277198491334644], [28.490173954356578, 40.27827646967559], [28.489634965186127, 40.27827646967559], [28.489634965186127, 40.279354448016534], [28.491790921867988, 40.279354448016534], [28.491790921867988, 40.27827646967559], [28.492868900208947, 40.27827646967559], [28.492868900208947, 40.27773748050512], [28.493407889379426, 40.27773748050512], [28.493407889379426, 40.27827646967559], [28.495024856890836, 40.27827646967559], [28.495024856890836, 40.277198491334644]]]}, "id": "+386828+81119", "properties": {"area_ha": 18.35996574856092, "count": 67, "label": 1, "mean_dnbr": 0.21959005371265944}}, {"type": "Feature", "geometry": {"geodesic": false, "type": "Polygon", "coordinates": [[[28.502031716106956, 40.137061307012], [28.502570705277435, 40.137061307012], [28.502570705277435, 40.13760029618247], [28.503648683618366, 40.13760029618247], [28.503648683618366, 40.13813928535294], [28.504187672788845, 40.13813928535294], [28.504187672788845, 40.13975625286436], [28.504726661959324, 40.13975625286436], [28.504726661959324, 40.14029524203483], [28.504187672788845, 40.14029524203483], [28.504187672788845, 40.13975625286436], [28.503648683618366, 40.13975625286436], [28.503648683618366, 40.13921726369389], [28.503109694447915, 40.13921726369389], [28.503109694447915, 40.138678274523414], [28.502570705277435, 40.138678274523414], [28.502570705277435, 40.13813928535294], [28.502031716106956, 40.13813928535294], [28.502031716106956, 40.137061307012]]]}, "id": "+386839+81379", "properties": {"area_ha": 3.0206086236042076, "count": 11, "label": 1, "mean_dnbr": 0.20226361728403006}}, {"type": "Feature", "geometry": {"geodesic": false, "type": "Polygon", "coordinates": [[[28.506882618641214, 39.99369018766652], [28.507421607811693, 39.99369018766652], [28.507421607811693, 39.994229176836996], [28.508499586152624, 39.994229176836996], [28.508499586152624, 39.99476816600747], [28.509577564493554, 39.99476816600747], [28.509577564493554, 39.99530715517794], [28.509038575323103, 39.99530715517794], [28.509038575323103, 39.99584614434841], [28.507421607811693, 39.99584614434841], [28.507421607811693, 39.99530715517794], [28.506882618641214, 39.99530715517794], [28.506882618641214, 39.99476816600747], [28.506343629470734, 39.99476816600747], [28.506343629470734, 39.994229176836996], [28.506882618641214, 39.994229176836996], [28.506882618641214, 39.99369018766652]]]}, "id": "+386848+81645", "properties": {"area_ha": 3.5773450073254534, "count": 13, "label": 1, "mean_dnbr": 0.19670663148043335}}, {"type": "Feature", "geometry": {"geodesic": false, "type": "Polygon", "coordinates": [[[28.510655542834513, 40.232462390185496], [28.513350488686882, 40.232462390185496], [28.513350488686882, 40.233540368526434], [28.513889477857333, 40.233540368526434], [28.513889477857333, 40.23461834686738], [28.513350488686882, 40.23461834686738], [28.513350488686882, 40.233540368526434], [28.512272510345923, 40.233540368526434], [28.512272510345923, 40.234079357696906], [28.511733521175444, 40.234079357696906], [28.511733521175444, 40.233540368526434], [28.511194532004993, 40.233540368526434], [28.511194532004993, 40.23300137935597], [28.510655542834513, 40.23300137935597], [28.510655542834513, 40.232462390185496]]]}, "id": "+386859+81202", "properties": {"area_ha": 3.2906000233846373, "count": 12, "label": 1, "mean_dnbr": 0.21762553616594268}}, {"type": "Feature", "geometry": {"geodesic": false, "type": "Polygon", "coordinates": [[[28.513889477857333, 40.22707249848078], [28.514967456198292, 40.22707249848078], [28.514967456198292, 40.227611487651245], [28.515506445368743, 40.227611487651245], [28.515506445368743, 40.22922845516266], [28.513350488686882, 40.22922845516266], [28.513350488686882, 40.22868946599219], [28.513889477857333, 40.22868946599219], [28.513889477857333, 40.22707249848078]]]}, "id": "+386862+81212", "properties": {"area_ha": 3.2908578940867863, "count": 12, "label": 1, "mean_dnbr": 0.31551211988628863}}, {"type": "Feature", "geometry": {"geodesic": false, "type": "Polygon", "coordinates": [[[28.513889477857333, 40.15161401461474], [28.514967456198292, 40.15161401461474], [28.514967456198292, 40.15215300378521], [28.516045434539222, 40.15215300378521], [28.516045434539222, 40.15269199295568], [28.516584423709702, 40.15269199295568], [28.516584423709702, 40.15323098212615], [28.517662402050632, 40.15323098212615], [28.517662402050632, 40.1543089604671], [28.51874038039159, 40.1543089604671], [28.51874038039159, 40.155386938808036], [28.51927936956207, 40.155386938808036], [28.51927936956207, 40.15592592797851], [28.51874038039159, 40.15592592797851], [28.51874038039159, 40.155386938808036], [28.518201391221112, 40.155386938808036], [28.518201391221112, 40.15484794963757], [28.517662402050632, 40.15484794963757], [28.517662402050632, 40.1543089604671], [28.51712341288018, 40.1543089604671], [28.51712341288018, 40.15484794963757], [28.516584423709702, 40.15484794963757], [28.516584423709702, 40.1543089604671], [28.51712341288018, 40.1543089604671], [28.51712341288018, 40.153769971296626], [28.516045434539222, 40.153769971296626], [28.516045434539222, 40.15323098212615], [28.514967456198292, 40.15323098212615], [28.514967456198292, 40.15269199295568], [28.514428467027813, 40.15269199295568], [28.514428467027813, 40.15215300378521], [28.513889477857333, 40.15215300378521], [28.513889477857333, 40.15161401461474]]]}, "id": "+386862+81352", "properties": {"area_ha": 4.667184951405437, "count": 17, "label": 1, "mean_dnbr": 0.3002635396753704}}, {"type": "Feature", "geometry": {"geodesic": false, "type": "Polygon", "coordinates": [[[28.52359128292582, 40.23731329271974], [28.52466926126678, 40.23731329271974], [28.52466926126678, 40.23785228189021], [28.52520825043726, 40.23785228189021], [28.52520825043726, 40.23946924940162], [28.52574723960771, 40.23946924940162], [28.52574723960771, 40.24162520608351], [28.52520825043726, 40.24162520608351], [28.52520825043726, 40.24270318442446], [28.52574723960771, 40.24270318442446], [28.52574723960771, 40.24324217359493], [28.52736420711912, 40.24324217359493], [28.52736420711912, 40.2437811627654], [28.52628622877819, 40.2437811627654], [28.52628622877819, 40.244859141106346], [28.52682521794867, 40.244859141106346], [28.52682521794867, 40.244320151935874], [28.52736420711912, 40.244320151935874], [28.52736420711912, 40.24539813027682], [28.52682521794867, 40.24539813027682], [28.52682521794867, 40.24701509778823], [28.52574723960771, 40.24701509778823], [28.52574723960771, 40.246476108617756], [28.52520825043726, 40.246476108617756], [28.52520825043726, 40.245937119447284], [28.52466926126678, 40.245937119447284], [28.52466926126678, 40.244859141106346], [28.5241302720963, 40.244859141106346], [28.5241302720963, 40.244320151935874], [28.52466926126678, 40.244320151935874], [28.52466926126678, 40.24324217359493], [28.5241302720963, 40.24324217359493], [28.5241302720963, 40.242164195253984], [28.52305229375537, 40.242164195253984], [28.52305229375537, 40.24054722774257], [28.52251330458489, 40.24054722774257], [28.52251330458489, 40.240008238572095], [28.52359128292582, 40.240008238572095], [28.52359128292582, 40.23946924940162], [28.5241302720963, 40.23946924940162], [28.5241302720963, 40.238391271060685], [28.52305229375537, 40.238391271060685], [28.52305229375537, 40.23785228189021], [28.52359128292582, 40.23785228189021], [28.52359128292582, 40.23731329271974]]]}, "id": "+386880+81193", "properties": {"area_ha": 18.095950140727865, "count": 66, "label": 1, "mean_dnbr": 0.42547633486225667}}, {"type": "Feature", "geometry": {"geodesic": false, "type": "Polygon", "coordinates": [[[28.5241302720963, 40.15323098212615], [28.52466926126678, 40.15323098212615], [28.52466926126678, 40.153769971296626], [28.52520825043726, 40.153769971296626], [28.52520825043726, 40.1543089604671], [28.52466926126678, 40.1543089604671], [28.52466926126678, 40.155386938808036], [28.52520825043726, 40.155386938808036], [28.52520825043726, 40.15592592797851], [28.52305229375537, 40.15592592797851], [28.52305229375537, 40.155386938808036], [28.52251330458489, 40.155386938808036], [28.52251330458489, 40.15484794963757], [28.5241302720963, 40.15484794963757], [28.5241302720963, 40.15323098212615]]]}, "id": "+386880+81349", "properties": {"area_ha": 3.294416948387358, "count": 12, "label": 1, "mean_dnbr": 0.22591750576474423}}, {"type": "Feature", "geometry": {"geodesic": false, "type": "Polygon", "coordinates": [[[28.532754098823858, 40.13544433950059], [28.53383207716479, 40.13544433950059], [28.53383207716479, 40.13598332867106], [28.535988033846678, 40.13598332867106], [28.535988033846678, 40.137061307012], [28.53383207716479, 40.137061307012], [28.53383207716479, 40.13598332867106], [28.53329308799431, 40.13598332867106], [28.53329308799431, 40.137061307012], [28.53221510965338, 40.137061307012], [28.53221510965338, 40.13598332867106], [28.532754098823858, 40.13598332867106], [28.532754098823858, 40.13544433950059]]]}, "id": "+386897+81382", "properties": {"area_ha": 3.8445305958125884, "count": 14, "label": 1, "mean_dnbr": 0.24956270224224386}}, {"type": "Feature", "geometry": {"geodesic": false, "type": "Polygon", "coordinates": [[[28.534910055505748, 40.304686939028706], [28.537066012187637, 40.304686939028706], [28.537066012187637, 40.306303906540116], [28.538143990528567, 40.306303906540116], [28.538143990528567, 40.30684289571059], [28.537066012187637, 40.30684289571059], [28.537066012187637, 40.306303906540116], [28.535988033846678, 40.306303906540116], [28.535988033846678, 40.30576491736964], [28.5354490446762, 40.30576491736964], [28.5354490446762, 40.30522592819918], [28.534910055505748, 40.30522592819918], [28.534910055505748, 40.304686939028706]]]}, "id": "+386903+81068", "properties": {"area_ha": 3.0131629372364097, "count": 11, "label": 1, "mean_dnbr": 0.19344579676198814}}, {"type": "Feature", "geometry": {"geodesic": false, "type": "Polygon", "coordinates": [[[28.535988033846678, 40.23300137935597], [28.537605001358088, 40.23300137935597], [28.537605001358088, 40.233540368526434], [28.538143990528567, 40.233540368526434], [28.538143990528567, 40.234079357696906], [28.538682979699047, 40.234079357696906], [28.538682979699047, 40.233540368526434], [28.539221968869498, 40.233540368526434], [28.539221968869498, 40.234079357696906], [28.538682979699047, 40.234079357696906], [28.538682979699047, 40.23461834686738], [28.536527023017157, 40.23461834686738], [28.536527023017157, 40.23515733603785], [28.535988033846678, 40.23515733603785], [28.535988033846678, 40.23461834686738], [28.536527023017157, 40.23461834686738], [28.536527023017157, 40.234079357696906], [28.535988033846678, 40.234079357696906], [28.535988033846678, 40.23300137935597]]]}, "id": "+386904+81201", "properties": {"area_ha": 3.564796314232974, "count": 13, "label": 1, "mean_dnbr": 0.2390542940929254}}, {"type": "Feature", "geometry": {"geodesic": false, "type": "Polygon", "coordinates": [[[28.535988033846678, 40.16508874387653], [28.537605001358088, 40.16508874387653], [28.537605001358088, 40.165627733047], [28.538143990528567, 40.165627733047], [28.538143990528567, 40.166166722217476], [28.537605001358088, 40.166166722217476], [28.537605001358088, 40.16724470055841], [28.535988033846678, 40.16724470055841], [28.535988033846678, 40.16670571138795], [28.5354490446762, 40.16670571138795], [28.5354490446762, 40.165627733047], [28.535988033846678, 40.165627733047], [28.535988033846678, 40.16508874387653]]]}, "id": "+386904+81327", "properties": {"area_ha": 4.11733649424259, "count": 15, "label": 1, "mean_dnbr": 0.2709189745066737}}, {"type": "Feature", "geometry": {"geodesic": false, "type": "Polygon", "coordinates": [[[28.538682979699047, 40.12789849111398], [28.539760958039977, 40.12789849111398], [28.539760958039977, 40.128437480284454], [28.540299947210457, 40.128437480284454], [28.540299947210457, 40.128976469454926], [28.540838936380936, 40.128976469454926], [28.540838936380936, 40.13005444779587], [28.541377925551387, 40.13005444779587], [28.541377925551387, 40.13059343696634], [28.541916914721867, 40.13059343696634], [28.541916914721867, 40.13221040447775], [28.541377925551387, 40.13221040447775], [28.541377925551387, 40.132749393648226], [28.540838936380936, 40.132749393648226], [28.540838936380936, 40.13167141530728], [28.540299947210457, 40.13167141530728], [28.540299947210457, 40.13059343696634], [28.539221968869498, 40.13059343696634], [28.539221968869498, 40.128437480284454], [28.538682979699047, 40.128437480284454], [28.538682979699047, 40.12789849111398]], [[28.540838936380936, 40.13005444779587], [28.540838936380936, 40.13059343696634], [28.540299947210457, 40.13059343696634], [28.540299947210457, 40.13005444779587], [28.540838936380936, 40.13005444779587]]]}, "id": "+386908+81396", "properties": {"area_ha": 6.041954698516455, "count": 22, "label": 1, "mean_dnbr": 0.2747836968430661}}, {"type": "Feature", "geometry": {"geodesic": false, "type": "Polygon", "coordinates": [[[28.548923773938014, 40.14891906876238], [28.549462763108465, 40.14891906876238], [28.549462763108465, 40.14945805793285], [28.551618719790355, 40.14945805793285], [28.551618719790355, 40.14999704710332], [28.550001752278945, 40.14999704710332], [28.550001752278945, 40.151075025444264], [28.548923773938014, 40.151075025444264], [28.548923773938014, 40.15053603627379], [28.547845795597055, 40.15053603627379], [28.547845795597055, 40.14999704710332], [28.547306806426576, 40.14999704710332], [28.547306806426576, 40.14945805793285], [28.548923773938014, 40.14945805793285], [28.548923773938014, 40.14891906876238]]]}, "id": "+386926+81357", "properties": {"area_ha": 4.11831200348651, "count": 15, "label": 1, "mean_dnbr": 0.19145409642392558}}, {"type": "Feature", "geometry": {"geodesic": false, "type": "Polygon", "coordinates": [[[28.549462763108465, 40.15161401461474], [28.550540741449424, 40.15161401461474], [28.550540741449424, 40.15323098212615], [28.549462763108465, 40.15323098212615], [28.549462763108465, 40.153769971296626], [28.546767817256125, 40.153769971296626], [28.546767817256125, 40.15323098212615], [28.547306806426576, 40.15323098212615], [28.547306806426576, 40.15269199295568], [28.548923773938014, 40.15269199295568], [28.548923773938014, 40.15215300378521], [28.549462763108465, 40.15215300378521], [28.549462763108465, 40.15161401461474]]]}, "id": "+386928+81352", "properties": {"area_ha": 4.392693211157291, "count": 16, "label": 1, "mean_dnbr": 0.26301950255126344}}, {"type": "Feature", "geometry": {"geodesic": false, "type": "Polygon", "coordinates": [[[28.586653015871036, 40.27773748050512], [28.587730994211967, 40.27773748050512], [28.587730994211967, 40.279354448016534], [28.588269983382446, 40.279354448016534], [28.588269983382446, 40.28097141552795], [28.587730994211967, 40.28097141552795], [28.587730994211967, 40.28151040469842], [28.583419080848188, 40.28151040469842], [28.583419080848188, 40.28097141552795], [28.58288009167771, 40.28097141552795], [28.58288009167771, 40.279893437187006], [28.583958070018667, 40.279893437187006], [28.583958070018667, 40.28043242635748], [28.584497059189147, 40.28043242635748], [28.584497059189147, 40.279893437187006], [28.585036048359598, 40.279893437187006], [28.585036048359598, 40.279354448016534], [28.585575037530077, 40.279354448016534], [28.585575037530077, 40.27881545884606], [28.585036048359598, 40.27881545884606], [28.585036048359598, 40.27827646967559], [28.586653015871036, 40.27827646967559], [28.586653015871036, 40.27773748050512]], [[28.585036048359598, 40.28043242635748], [28.585036048359598, 40.28097141552795], [28.584497059189147, 40.28097141552795], [28.584497059189147, 40.28043242635748], [28.585036048359598, 40.28043242635748]]]}, "id": "+386997+81118", "properties": {"area_ha": 11.783259346821096, "count": 43, "label": 1, "mean_dnbr": 0.260807973284463}}, {"type": "Feature", "geometry": {"geodesic": false, "type": "Polygon", "coordinates": [[[28.589886950893856, 40.27450354548229], [28.590425940064335, 40.27450354548229], [28.590425940064335, 40.27504253465276], [28.589886950893856, 40.27504253465276], [28.589886950893856, 40.27558152382323], [28.589347961723377, 40.27558152382323], [28.589347961723377, 40.27773748050512], [28.588269983382446, 40.27773748050512], [28.588269983382446, 40.277198491334644], [28.587730994211967, 40.277198491334644], [28.587730994211967, 40.2761205129937], [28.587192005041487, 40.2761205129937], [28.587192005041487, 40.27558152382323], [28.587730994211967, 40.27558152382323], [28.587730994211967, 40.27504253465276], [28.589886950893856, 40.27504253465276], [28.589886950893856, 40.27450354548229]]]}, "id": "+387002+81124", "properties": {"area_ha": 4.658739625874638, "count": 17, "label": 1, "mean_dnbr": 0.19689809567406427}}, {"type": "Feature", "geometry": {"geodesic": false, "type": "Polygon", "coordinates": [[[28.597432799280455, 40.25941184870908], [28.600666734303275, 40.25941184870908], [28.600666734303275, 40.25995083787955], [28.600127745132824, 40.25995083787955], [28.600127745132824, 40.26048982705002], [28.599588755962344, 40.26048982705002], [28.599588755962344, 40.25995083787955], [28.599049766791865, 40.25995083787955], [28.599049766791865, 40.261028816220495], [28.599588755962344, 40.261028816220495], [28.599588755962344, 40.26156780539097], [28.598510777621414, 40.26156780539097], [28.598510777621414, 40.261028816220495], [28.597971788450934, 40.261028816220495], [28.597971788450934, 40.26048982705002], [28.597432799280455, 40.26048982705002], [28.597432799280455, 40.25941184870908]]]}, "id": "+387021+81152", "properties": {"area_ha": 3.837495118269926, "count": 14, "label": 1, "mean_dnbr": 0.1698525762573481}}, {"type": "Feature", "geometry": {"geodesic": false, "type": "Polygon", "coordinates": [[[28.605517636837533, 40.26803567543663], [28.606595615178463, 40.26803567543663], [28.606595615178463, 40.26965264294804], [28.607134604348943, 40.26965264294804], [28.607134604348943, 40.271269610459456], [28.604439658496602, 40.271269610459456], [28.604439658496602, 40.26965264294804], [28.604978647667053, 40.26965264294804], [28.604978647667053, 40.26911365377757], [28.605517636837533, 40.26911365377757], [28.605517636837533, 40.26803567543663]]]}, "id": "+387032+81136", "properties": {"area_ha": 6.0295263177774086, "count": 22, "label": 1, "mean_dnbr": 0.24656218077127082}}, {"type": "Feature", "geometry": {"geodesic": false, "type": "Polygon", "coordinates": [[[28.62492124697451, 39.892899212788315], [28.625999225315468, 39.892899212788315], [28.625999225315468, 39.89343820195879], [28.62492124697451, 39.89343820195879], [28.62492124697451, 39.89397719112926], [28.62222630112217, 39.89397719112926], [28.62222630112217, 39.89451618029973], [28.62007034444028, 39.89451618029973], [28.62007034444028, 39.89397719112926], [28.62222630112217, 39.89397719112926], [28.62222630112217, 39.89343820195879], [28.62492124697451, 39.89343820195879], [28.62492124697451, 39.892899212788315]]]}, "id": "+387068+81832", "properties": {"area_ha": 3.0314597668955803, "count": 11, "label": 1, "mean_dnbr": 0.15075100145626488}}, {"type": "Feature", "geometry": {"geodesic": false, "type": "Polygon", "coordinates": [[[28.62653821448592, 40.22060462843512], [28.6270772036564, 40.22060462843512], [28.6270772036564, 40.22114361760559], [28.627616192826878, 40.22114361760559], [28.627616192826878, 40.221682606776056], [28.628155181997357, 40.221682606776056], [28.628155181997357, 40.222760585117], [28.627616192826878, 40.222760585117], [28.627616192826878, 40.22329957428747], [28.62653821448592, 40.22329957428747], [28.62653821448592, 40.223838563457946], [28.6270772036564, 40.223838563457946], [28.6270772036564, 40.22437755262842], [28.62653821448592, 40.22437755262842], [28.62653821448592, 40.22491654179889], [28.625999225315468, 40.22491654179889], [28.625999225315468, 40.22437755262842], [28.62653821448592, 40.22437755262842], [28.62653821448592, 40.223838563457946], [28.625999225315468, 40.223838563457946], [28.625999225315468, 40.222760585117], [28.62546023614499, 40.222760585117], [28.62546023614499, 40.221682606776056], [28.625999225315468, 40.221682606776056], [28.625999225315468, 40.22114361760559], [28.62653821448592, 40.22114361760559], [28.62653821448592, 40.22060462843512]]]}, "id": "+387070+81224", "properties": {"area_ha": 5.485227777651228, "count": 20, "label": 1, "mean_dnbr": 0.20635653016352837}}, {"type": "Feature", "geometry": {"geodesic": false, "type": "Polygon", "coordinates": [[[28.631928106190657, 40.298219068983045], [28.633545073702066, 40.298219068983045], [28.633545073702066, 40.29875805815352], [28.633006084531587, 40.29875805815352], [28.633006084531587, 40.299836036494455], [28.633545073702066, 40.299836036494455], [28.633545073702066, 40.29929704732399], [28.634084062872546, 40.29929704732399], [28.634084062872546, 40.299836036494455], [28.633545073702066, 40.299836036494455], [28.633545073702066, 40.30037502566493], [28.632467095361108, 40.30037502566493], [28.632467095361108, 40.3009140148354], [28.633006084531587, 40.3009140148354], [28.633006084531587, 40.30145300400587], [28.632467095361108, 40.30145300400587], [28.632467095361108, 40.3009140148354], [28.631928106190657, 40.3009140148354], [28.631928106190657, 40.30037502566493], [28.632467095361108, 40.30037502566493], [28.632467095361108, 40.29929704732399], [28.631389117020177, 40.29929704732399], [28.631389117020177, 40.29875805815352], [28.630850127849698, 40.29875805815352], [28.630850127849698, 40.298219068983045], [28.631389117020177, 40.298219068983045], [28.631389117020177, 40.29875805815352], [28.631928106190657, 40.29875805815352], [28.631928106190657, 40.298219068983045]]]}, "id": "+387082+81080", "properties": {"area_ha": 3.561342684450234, "count": 13, "label": 1, "mean_dnbr": 0.16779280996195045}}, {"type": "Feature", "geometry": {"geodesic": false, "type": "Polygon", "coordinates": [[[28.645402835452444, 39.79857610795577], [28.645941824622923, 39.79857610795577], [28.645941824622923, 39.80019307546718], [28.646480813793374, 39.80019307546718], [28.646480813793374, 39.799654086296705], [28.647019802963854, 39.799654086296705], [28.647019802963854, 39.80019307546718], [28.647558792134333, 39.80019307546718], [28.647558792134333, 39.80073206463765], [28.647019802963854, 39.80073206463765], [28.647019802963854, 39.801810042978595], [28.646480813793374, 39.801810042978595], [28.646480813793374, 39.80288802131954], [28.648097781304784, 39.80288802131954], [28.648097781304784, 39.80234903214907], [28.648636770475264, 39.80234903214907], [28.648636770475264, 39.80342701049001], [28.648097781304784, 39.80342701049001], [28.648097781304784, 39.803965999660484], [28.649714748816223, 39.803965999660484], [28.649714748816223, 39.80342701049001], [28.650253737986674, 39.80342701049001], [28.650253737986674, 39.803965999660484], [28.650792727157153, 39.803965999660484], [28.650792727157153, 39.804504988830956], [28.651331716327633, 39.804504988830956], [28.651331716327633, 39.805582967171894], [28.650792727157153, 39.805582967171894], [28.650792727157153, 39.806121956342366], [28.652409694668563, 39.806121956342366], [28.652409694668563, 39.80719993468331], [28.652948683839043, 39.80719993468331], [28.652948683839043, 39.808277913024256], [28.653487673009522, 39.808277913024256], [28.653487673009522, 39.810433869706145], [28.652409694668563, 39.810433869706145], [28.652409694668563, 39.80989488053567], [28.650792727157153, 39.80989488053567], [28.650792727157153, 39.8093558913652], [28.649714748816223, 39.8093558913652], [28.649714748816223, 39.80773892385378], [28.648636770475264, 39.80773892385378], [28.648636770475264, 39.80719993468331], [28.647019802963854, 39.80719993468331], [28.647019802963854, 39.806121956342366], [28.645941824622923, 39.806121956342366], [28.645941824622923, 39.80504397800143], [28.644863846281964, 39.80504397800143], [28.644863846281964, 39.804504988830956], [28.644324857111485, 39.804504988830956], [28.644324857111485, 39.803965999660484], [28.643246878770555, 39.803965999660484], [28.643246878770555, 39.80288802131954], [28.642707889600075, 39.80288802131954], [28.642707889600075, 39.80234903214907], [28.642168900429596, 39.80234903214907], [28.642168900429596, 39.801810042978595], [28.641629911259145, 39.801810042978595], [28.641629911259145, 39.799654086296705], [28.642707889600075, 39.799654086296705], [28.642707889600075, 39.79857610795577], [28.643246878770555, 39.79857610795577], [28.643246878770555, 39.79911509712624], [28.643785867941034, 39.79911509712624], [28.643785867941034, 39.79857610795577], [28.644863846281964, 39.79857610795577], [28.644863846281964, 39.79911509712624], [28.645402835452444, 39.79911509712624], [28.645402835452444, 39.79857610795577]], [[28.652409694668563, 39.80773892385378], [28.652409694668563, 39.808277913024256], [28.651331716327633, 39.808277913024256], [28.651331716327633, 39.80773892385378], [28.652409694668563, 39.80773892385378]], [[28.648636770475264, 39.806121956342366], [28.648636770475264, 39.80666094551284], [28.648097781304784, 39.80666094551284], [28.648097781304784, 39.806121956342366], [28.648636770475264, 39.806121956342366]]]}, "id": "+387105+82007", "properties": {"area_ha": 49.94647627097701, "count": 181, "label": 1, "mean_dnbr": 0.37342944531622774}}, {"type": "Feature", "geometry": {"geodesic": false, "type": "Polygon", "coordinates": [[[28.6577995863733, 40.1904212348887], [28.65941655388471, 40.1904212348887], [28.65941655388471, 40.190960224059175], [28.65887756471423, 40.190960224059175], [28.65887756471423, 40.19149921322964], [28.6577995863733, 40.19149921322964], [28.6577995863733, 40.19203820240011], [28.65726059720282, 40.19203820240011], [28.65726059720282, 40.192577191570585], [28.656721608032342, 40.192577191570585], [28.656721608032342, 40.19365516991153], [28.656182618861862, 40.19365516991153], [28.656182618861862, 40.19149921322964], [28.656721608032342, 40.19149921322964], [28.656721608032342, 40.190960224059175], [28.6577995863733, 40.190960224059175], [28.6577995863733, 40.1904212348887]]]}, "id": "+387130+81280", "properties": {"area_ha": 3.8414006377208105, "count": 14, "label": 1, "mean_dnbr": 0.20082286671968758}}, {"type": "Feature", "geometry": {"geodesic": false, "type": "Polygon", "coordinates": [[[28.676125218169318, 40.21036383419615], [28.677742185680728, 40.21036383419615], [28.677742185680728, 40.211441812537096], [28.677203196510277, 40.211441812537096], [28.677203196510277, 40.21251979087804], [28.676664207339797, 40.21251979087804], [28.676664207339797, 40.21305878004851], [28.675586228998867, 40.21305878004851], [28.675586228998867, 40.21251979087804], [28.676664207339797, 40.21251979087804], [28.676664207339797, 40.21198080170757], [28.676125218169318, 40.21198080170757], [28.676125218169318, 40.21036383419615]]]}, "id": "+387164+81243", "properties": {"area_ha": 3.017358699418898, "count": 11, "label": 1, "mean_dnbr": 0.18392642606115492}}, {"type": "Feature", "geometry": {"geodesic": false, "type": "Polygon", "coordinates": [[[28.682593088214986, 40.231923401015024], [28.683132077385466, 40.231923401015024], [28.683132077385466, 40.232462390185496], [28.683671066555917, 40.232462390185496], [28.683671066555917, 40.23300137935597], [28.682593088214986, 40.23300137935597], [28.682593088214986, 40.233540368526434], [28.683671066555917, 40.233540368526434], [28.683671066555917, 40.23461834686738], [28.683132077385466, 40.23461834686738], [28.683132077385466, 40.23515733603785], [28.681515109874056, 40.23515733603785], [28.681515109874056, 40.23569632520832], [28.680437131533097, 40.23569632520832], [28.680437131533097, 40.23515733603785], [28.679359153192166, 40.23515733603785], [28.679359153192166, 40.234079357696906], [28.678820164021687, 40.234079357696906], [28.678820164021687, 40.233540368526434], [28.679359153192166, 40.233540368526434], [28.679359153192166, 40.234079357696906], [28.679898142362617, 40.234079357696906], [28.679898142362617, 40.23461834686738], [28.680437131533097, 40.23461834686738], [28.680437131533097, 40.233540368526434], [28.679898142362617, 40.233540368526434], [28.679898142362617, 40.23300137935597], [28.680976120703576, 40.23300137935597], [28.680976120703576, 40.233540368526434], [28.682054099044507, 40.233540368526434], [28.682054099044507, 40.23300137935597], [28.682593088214986, 40.23300137935597], [28.682593088214986, 40.231923401015024]]]}, "id": "+387174+81203", "properties": {"area_ha": 7.952209465956691, "count": 29, "label": 1, "mean_dnbr": 0.2419554460064041}}, {"type": "Feature", "geometry": {"geodesic": false, "type": "Polygon", "coordinates": [[[28.71762738429564, 40.27827646967559], [28.71762738429564, 40.28097141552795], [28.71816637346612, 40.28097141552795], [28.71816637346612, 40.28151040469842], [28.71762738429564, 40.28151040469842], [28.71762738429564, 40.28204939386889], [28.717088395125188, 40.28204939386889], [28.717088395125188, 40.28097141552795], [28.71654940595471, 40.28097141552795], [28.71654940595471, 40.27827646967559], [28.71762738429564, 40.27827646967559]]]}, "id": "+387238+81117", "properties": {"area_ha": 3.56236373406191, "count": 13, "label": 1, "mean_dnbr": 0.1758217993089442}}, {"type": "Feature", "geometry": {"geodesic": false, "type": "Polygon", "coordinates": [[[28.787695976456973, 40.22707249848078], [28.789851933138863, 40.22707249848078], [28.789851933138863, 40.22815047682172], [28.790929911479793, 40.22815047682172], [28.790929911479793, 40.229767444333135], [28.791468900650273, 40.229767444333135], [28.791468900650273, 40.23030643350361], [28.789851933138863, 40.23030643350361], [28.789851933138863, 40.229767444333135], [28.789312943968383, 40.229767444333135], [28.789312943968383, 40.23030643350361], [28.788234965627453, 40.23030643350361], [28.788234965627453, 40.23084542267408], [28.787695976456973, 40.23084542267408], [28.787695976456973, 40.23030643350361], [28.788234965627453, 40.23030643350361], [28.788234965627453, 40.229767444333135], [28.788773954797904, 40.229767444333135], [28.788773954797904, 40.22922845516266], [28.789312943968383, 40.22922845516266], [28.789312943968383, 40.22868946599219], [28.789851933138863, 40.22868946599219], [28.789851933138863, 40.22815047682172], [28.787695976456973, 40.22815047682172], [28.787695976456973, 40.22707249848078]]]}, "id": "+387372+81212", "properties": {"area_ha": 6.3074173729720835, "count": 23, "label": 1, "mean_dnbr": 0.18884845066327222}}, {"type": "Feature", "geometry": {"geodesic": false, "type": "Polygon", "coordinates": [[[28.790390922309342, 40.21467574755993], [28.792546878991203, 40.21467574755993], [28.792546878991203, 40.2152147367304], [28.793085868161683, 40.2152147367304], [28.793085868161683, 40.21575372590087], [28.793624857332162, 40.21575372590087], [28.793624857332162, 40.21629271507134], [28.79416384650264, 40.21629271507134], [28.79416384650264, 40.21683170424181], [28.794702835673093, 40.21683170424181], [28.794702835673093, 40.217370693412285], [28.795241824843572, 40.217370693412285], [28.795241824843572, 40.21790968258276], [28.79578081401405, 40.21790968258276], [28.79578081401405, 40.21844867175323], [28.79631980318453, 40.21844867175323], [28.79631980318453, 40.22114361760559], [28.79578081401405, 40.22114361760559], [28.79578081401405, 40.221682606776056], [28.79416384650264, 40.221682606776056], [28.79416384650264, 40.22114361760559], [28.793085868161683, 40.22114361760559], [28.793085868161683, 40.22060462843512], [28.791468900650273, 40.22060462843512], [28.791468900650273, 40.22006563926465], [28.790390922309342, 40.22006563926465], [28.790390922309342, 40.2189876609237], [28.789851933138863, 40.2189876609237], [28.789851933138863, 40.21844867175323], [28.788773954797904, 40.21844867175323], [28.788773954797904, 40.217370693412285], [28.787695976456973, 40.217370693412285], [28.787695976456973, 40.21683170424181], [28.788234965627453, 40.21683170424181], [28.788234965627453, 40.21629271507134], [28.788773954797904, 40.21629271507134], [28.788773954797904, 40.21683170424181], [28.789851933138863, 40.21683170424181], [28.789851933138863, 40.21575372590087], [28.789312943968383, 40.21575372590087], [28.789312943968383, 40.2152147367304], [28.790390922309342, 40.2152147367304], [28.790390922309342, 40.21467574755993]], [[28.793624857332162, 40.21629271507134], [28.793624857332162, 40.217370693412285], [28.79416384650264, 40.217370693412285], [28.79416384650264, 40.21844867175323], [28.793624857332162, 40.21844867175323], [28.793624857332162, 40.21790968258276], [28.793085868161683, 40.21790968258276], [28.793085868161683, 40.217370693412285], [28.792546878991203, 40.217370693412285], [28.792546878991203, 40.21629271507134], [28.793624857332162, 40.21629271507134]]]}, "id": "+387377+81235", "properties": {"area_ha": 30.170622163518733, "count": 110, "label": 1, "mean_dnbr": 0.4093848260093681}}, {"type": "Feature", "geometry": {"geodesic": false, "type": "Polygon", "coordinates": [[[28.79739778152546, 40.23731329271974], [28.79793677069594, 40.23731329271974], [28.79793677069594, 40.23785228189021], [28.79955373820735, 40.23785228189021], [28.79955373820735, 40.238391271060685], [28.80009272737783, 40.238391271060685], [28.80009272737783, 40.24108621691304], [28.79955373820735, 40.24108621691304], [28.79955373820735, 40.24162520608351], [28.798475759866392, 40.24162520608351], [28.798475759866392, 40.24054722774257], [28.79901474903687, 40.24054722774257], [28.79901474903687, 40.23893026023116], [28.798475759866392, 40.23893026023116], [28.798475759866392, 40.238391271060685], [28.79793677069594, 40.238391271060685], [28.79793677069594, 40.23785228189021], [28.79739778152546, 40.23785228189021], [28.79739778152546, 40.23731329271974]]]}, "id": "+387387+81193", "properties": {"area_ha": 4.935456806422761, "count": 18, "label": 1, "mean_dnbr": 0.21524509900784505}}, {"type": "Feature", "geometry": {"geodesic": false, "type": "Polygon", "coordinates": [[[28.80117070571876, 40.23785228189021], [28.80170969488924, 40.23785228189021], [28.80170969488924, 40.238391271060685], [28.80117070571876, 40.238391271060685], [28.80117070571876, 40.23893026023116], [28.80278767323017, 40.23893026023116], [28.80278767323017, 40.23946924940162], [28.80332666240065, 40.23946924940162], [28.80332666240065, 40.24054722774257], [28.80440464074158, 40.24054722774257], [28.80440464074158, 40.24162520608351], [28.80602160825302, 40.24162520608351], [28.80602160825302, 40.242164195253984], [28.80548261908254, 40.242164195253984], [28.80548261908254, 40.24270318442446], [28.80494362991206, 40.24270318442446], [28.80494362991206, 40.242164195253984], [28.80386565157113, 40.242164195253984], [28.80386565157113, 40.24270318442446], [28.80332666240065, 40.24270318442446], [28.80332666240065, 40.24054722774257], [28.80170969488924, 40.24054722774257], [28.80170969488924, 40.240008238572095], [28.80117070571876, 40.240008238572095], [28.80117070571876, 40.23946924940162], [28.80063171654828, 40.23946924940162], [28.80063171654828, 40.238391271060685], [28.80117070571876, 40.238391271060685], [28.80117070571876, 40.23785228189021]]]}, "id": "+387394+81192", "properties": {"area_ha": 6.580514486875098, "count": 24, "label": 1, "mean_dnbr": 0.2336746806828604}}, {"type": "Feature", "geometry": {"geodesic": false, "type": "Polygon", "coordinates": [[[28.80925554327584, 40.23731329271974], [28.80979453244632, 40.23731329271974], [28.80979453244632, 40.23785228189021], [28.81087251078725, 40.23785228189021], [28.81087251078725, 40.238391271060685], [28.81248947829866, 40.238391271060685], [28.81248947829866, 40.23785228189021], [28.813567456639618, 40.23785228189021], [28.813567456639618, 40.238391271060685], [28.814106445810097, 40.238391271060685], [28.814106445810097, 40.23893026023116], [28.813567456639618, 40.23893026023116], [28.813567456639618, 40.24054722774257], [28.813028467469138, 40.24054722774257], [28.813028467469138, 40.240008238572095], [28.81248947829866, 40.240008238572095], [28.81248947829866, 40.24054722774257], [28.81033352161677, 40.24054722774257], [28.81033352161677, 40.240008238572095], [28.80925554327584, 40.240008238572095], [28.80925554327584, 40.23946924940162], [28.80871655410536, 40.23946924940162], [28.80871655410536, 40.23785228189021], [28.80925554327584, 40.23785228189021], [28.80925554327584, 40.23731329271974]], [[28.81248947829866, 40.23946924940162], [28.81248947829866, 40.240008238572095], [28.811950489128208, 40.240008238572095], [28.811950489128208, 40.23946924940162], [28.81248947829866, 40.23946924940162]], [[28.813028467469138, 40.23893026023116], [28.813028467469138, 40.23946924940162], [28.81248947829866, 40.23946924940162], [28.81248947829866, 40.23893026023116], [28.813028467469138, 40.23893026023116]]]}, "id": "+387409+81193", "properties": {"area_ha": 10.145179577498467, "count": 37, "label": 1, "mean_dnbr": 0.19799943540484538}}, {"type": "Feature", "geometry": {"geodesic": false, "type": "Polygon", "coordinates": [[[28.81087251078725, 40.22868946599219], [28.811411499957728, 40.22868946599219], [28.811411499957728, 40.22922845516266], [28.81087251078725, 40.22922845516266], [28.81087251078725, 40.229767444333135], [28.81033352161677, 40.229767444333135], [28.81033352161677, 40.232462390185496], [28.80979453244632, 40.232462390185496], [28.80979453244632, 40.23300137935597], [28.81033352161677, 40.23300137935597], [28.81033352161677, 40.234079357696906], [28.80871655410536, 40.234079357696906], [28.80871655410536, 40.232462390185496], [28.80817756493491, 40.232462390185496], [28.80817756493491, 40.23084542267408], [28.80871655410536, 40.23084542267408], [28.80871655410536, 40.229767444333135], [28.80925554327584, 40.229767444333135], [28.80925554327584, 40.22922845516266], [28.80979453244632, 40.22922845516266], [28.80979453244632, 40.229767444333135], [28.81033352161677, 40.229767444333135], [28.81033352161677, 40.22922845516266], [28.81087251078725, 40.22922845516266], [28.81087251078725, 40.22868946599219]]]}, "id": "+387412+81209", "properties": {"area_ha": 7.952506415687707, "count": 29, "label": 1, "mean_dnbr": 0.2045497484436856}}, {"type": "Feature", "geometry": {"geodesic": false, "type": "Polygon", "coordinates": [[[28.81248947829866, 40.21844867175323], [28.815723413321507, 40.21844867175323], [28.815723413321507, 40.2189876609237], [28.819496337514806, 40.2189876609237], [28.819496337514806, 40.219526650094174], [28.820035326685286, 40.219526650094174], [28.820035326685286, 40.22006563926465], [28.819496337514806, 40.22006563926465], [28.819496337514806, 40.22060462843512], [28.818418359173847, 40.22060462843512], [28.818418359173847, 40.22114361760559], [28.818957348344327, 40.22114361760559], [28.818957348344327, 40.221682606776056], [28.818418359173847, 40.221682606776056], [28.818418359173847, 40.22114361760559], [28.817879370003396, 40.22114361760559], [28.817879370003396, 40.221682606776056], [28.816801391662437, 40.221682606776056], [28.816801391662437, 40.22222159594653], [28.816262402491958, 40.22222159594653], [28.816262402491958, 40.222760585117], [28.813567456639618, 40.222760585117], [28.813567456639618, 40.22114361760559], [28.813028467469138, 40.22114361760559], [28.813028467469138, 40.22006563926465], [28.81248947829866, 40.22006563926465], [28.81248947829866, 40.21844867175323]]]}, "id": "+387420+81228", "properties": {"area_ha": 20.57017866003595, "count": 75, "label": 1, "mean_dnbr": 0.26762881030047553}}, {"type": "Feature", "geometry": {"geodesic": false, "type": "Polygon", "coordinates": [[[28.814645434980548, 40.25294397866342], [28.816262402491958, 40.25294397866342], [28.816262402491958, 40.25348296783389], [28.817879370003396, 40.25348296783389], [28.817879370003396, 40.25402195700436], [28.815723413321507, 40.25402195700436], [28.815723413321507, 40.254560946174834], [28.816262402491958, 40.254560946174834], [28.816262402491958, 40.25509993534531], [28.814645434980548, 40.25509993534531], [28.814645434980548, 40.254560946174834], [28.814106445810097, 40.254560946174834], [28.814106445810097, 40.25509993534531], [28.813028467469138, 40.25509993534531], [28.813028467469138, 40.254560946174834], [28.811950489128208, 40.254560946174834], [28.811950489128208, 40.25348296783389], [28.81248947829866, 40.25348296783389], [28.81248947829866, 40.25402195700436], [28.814645434980548, 40.25402195700436], [28.814645434980548, 40.25294397866342]]]}, "id": "+387421+81164", "properties": {"area_ha": 6.030928066214153, "count": 22, "label": 1, "mean_dnbr": 0.20041808835978583}}, {"type": "Feature", "geometry": {"geodesic": false, "type": "Polygon", "coordinates": [[[28.823808250878585, 40.244859141106346], [28.824886229219516, 40.244859141106346], [28.824886229219516, 40.24539813027682], [28.825425218389995, 40.24539813027682], [28.825425218389995, 40.24701509778823], [28.825964207560475, 40.24701509778823], [28.825964207560475, 40.2475540869587], [28.827581175071884, 40.2475540869587], [28.827581175071884, 40.24917105447012], [28.825964207560475, 40.24917105447012], [28.825964207560475, 40.248632065299645], [28.825425218389995, 40.248632065299645], [28.825425218389995, 40.24701509778823], [28.823808250878585, 40.24701509778823], [28.823808250878585, 40.2475540869587], [28.822730272537626, 40.2475540869587], [28.822730272537626, 40.248632065299645], [28.822191283367175, 40.248632065299645], [28.822191283367175, 40.25024903281106], [28.821113305026216, 40.25024903281106], [28.821113305026216, 40.24971004364059], [28.820035326685286, 40.24971004364059], [28.820035326685286, 40.24809307612917], [28.820574315855737, 40.24809307612917], [28.820574315855737, 40.2475540869587], [28.818957348344327, 40.2475540869587], [28.818957348344327, 40.24701509778823], [28.820035326685286, 40.24701509778823], [28.820035326685286, 40.245937119447284], [28.820574315855737, 40.245937119447284], [28.820574315855737, 40.246476108617756], [28.821113305026216, 40.246476108617756], [28.821113305026216, 40.245937119447284], [28.821652294196696, 40.245937119447284], [28.821652294196696, 40.246476108617756], [28.823808250878585, 40.246476108617756], [28.823808250878585, 40.244859141106346]], [[28.822191283367175, 40.24809307612917], [28.822191283367175, 40.248632065299645], [28.821652294196696, 40.248632065299645], [28.821652294196696, 40.24809307612917], [28.822191283367175, 40.24809307612917]], [[28.821652294196696, 40.24701509778823], [28.821652294196696, 40.2475540869587], [28.821113305026216, 40.2475540869587], [28.821113305026216, 40.24701509778823], [28.821652294196696, 40.24701509778823]]]}, "id": "+387437+81179", "properties": {"area_ha": 15.901248084136855, "count": 58, "label": 1, "mean_dnbr": 0.19486729522044238}}, {"type": "Feature", "geometry": {"geodesic": false, "type": "Polygon", "coordinates": [[[28.829198142583294, 40.24701509778823], [28.830276120924225, 40.24701509778823], [28.830276120924225, 40.24809307612917], [28.831354099265184, 40.24809307612917], [28.831354099265184, 40.2475540869587], [28.832432077606114, 40.2475540869587], [28.832432077606114, 40.24917105447012], [28.829737131753774, 40.24917105447012], [28.829737131753774, 40.248632065299645], [28.830276120924225, 40.248632065299645], [28.830276120924225, 40.24809307612917], [28.829198142583294, 40.24809307612917], [28.829198142583294, 40.24701509778823]]]}, "id": "+387447+81175", "properties": {"area_ha": 4.112363608716644, "count": 15, "label": 1, "mean_dnbr": 0.20762218426814516}}, {"type": "Feature", "geometry": {"geodesic": false, "type": "Polygon", "coordinates": [[[28.830276120924225, 40.250788021981535], [28.831893088435663, 40.250788021981535], [28.831893088435663, 40.25132701115201], [28.832432077606114, 40.25132701115201], [28.832432077606114, 40.252404989492945], [28.830276120924225, 40.252404989492945], [28.830276120924225, 40.250788021981535]]]}, "id": "+387450+81168", "properties": {"area_ha": 3.0155776534888354, "count": 11, "label": 1, "mean_dnbr": 0.1679901332165053}}, {"type": "Feature", "geometry": {"geodesic": false, "type": "Polygon", "coordinates": [[[28.831893088435663, 40.24162520608351], [28.833510055947073, 40.24162520608351], [28.833510055947073, 40.24270318442446], [28.834049045117553, 40.24270318442446], [28.834049045117553, 40.24324217359493], [28.833510055947073, 40.24324217359493], [28.833510055947073, 40.2437811627654], [28.831893088435663, 40.2437811627654], [28.831893088435663, 40.24324217359493], [28.831354099265184, 40.24324217359493], [28.831354099265184, 40.2437811627654], [28.830276120924225, 40.2437811627654], [28.830276120924225, 40.244320151935874], [28.830815110094704, 40.244320151935874], [28.830815110094704, 40.246476108617756], [28.829198142583294, 40.246476108617756], [28.829198142583294, 40.24539813027682], [28.828659153412815, 40.24539813027682], [28.828659153412815, 40.244320151935874], [28.829198142583294, 40.244320151935874], [28.829198142583294, 40.2437811627654], [28.830276120924225, 40.2437811627654], [28.830276120924225, 40.24324217359493], [28.831354099265184, 40.24324217359493], [28.831354099265184, 40.24270318442446], [28.831893088435663, 40.24270318442446], [28.831893088435663, 40.24162520608351]]]}, "id": "+387453+81185", "properties": {"area_ha": 8.773571298379151, "count": 32, "label": 1, "mean_dnbr": 0.1926886356741843}}, {"type": "Feature", "geometry": {"geodesic": false, "type": "Polygon", "coordinates": [[[28.835127023458483, 40.20227899663908], [28.837282980140373, 40.20227899663908], [28.837282980140373, 40.20281798580955], [28.837821969310852, 40.20281798580955], [28.837821969310852, 40.20335697498002], [28.836743990969893, 40.20335697498002], [28.836743990969893, 40.20443495332096], [28.836205001799414, 40.20443495332096], [28.836205001799414, 40.20335697498002], [28.835127023458483, 40.20335697498002], [28.835127023458483, 40.20227899663908]]]}, "id": "+387460+81258", "properties": {"area_ha": 3.01773352487833, "count": 11, "label": 1, "mean_dnbr": 0.19655062729662864}}, {"type": "Feature", "geometry": {"geodesic": false, "type": "Polygon", "coordinates": [[[28.836205001799414, 40.28043242635748], [28.838899947651782, 40.28043242635748], [28.838899947651782, 40.28151040469842], [28.838360958481303, 40.28151040469842], [28.838360958481303, 40.28204939386889], [28.837282980140373, 40.28204939386889], [28.837282980140373, 40.28151040469842], [28.836205001799414, 40.28151040469842], [28.836205001799414, 40.28043242635748]]]}, "id": "+387463+81113", "properties": {"area_ha": 3.288272971793195, "count": 12, "label": 1, "mean_dnbr": 0.23202988956840612}}, {"type": "Feature", "geometry": {"geodesic": false, "type": "Polygon", "coordinates": [[[28.83997792599274, 40.25402195700436], [28.841055904333672, 40.25402195700436], [28.841055904333672, 40.254560946174834], [28.84159489350415, 40.254560946174834], [28.84159489350415, 40.25617791368625], [28.841055904333672, 40.25617791368625], [28.841055904333672, 40.257255892027196], [28.840516915163192, 40.257255892027196], [28.840516915163192, 40.25779488119766], [28.839438936822262, 40.25779488119766], [28.839438936822262, 40.257255892027196], [28.840516915163192, 40.257255892027196], [28.840516915163192, 40.25671690285672], [28.83997792599274, 40.25671690285672], [28.83997792599274, 40.25617791368625], [28.839438936822262, 40.25617791368625], [28.839438936822262, 40.25563892451578], [28.83997792599274, 40.25563892451578], [28.83997792599274, 40.25402195700436]]]}, "id": "+387467+81162", "properties": {"area_ha": 4.660149005267158, "count": 17, "label": 1, "mean_dnbr": 0.20243415870519516}}, {"type": "Feature", "geometry": {"geodesic": false, "type": "Polygon", "coordinates": [[[28.84428983935649, 40.21251979087804], [28.84590680686793, 40.21251979087804], [28.84590680686793, 40.21305878004851], [28.84644579603838, 40.21305878004851], [28.84644579603838, 40.213597769218985], [28.84590680686793, 40.213597769218985], [28.84590680686793, 40.21575372590087], [28.84375085018604, 40.21575372590087], [28.84375085018604, 40.213597769218985], [28.84428983935649, 40.213597769218985], [28.84428983935649, 40.21251979087804]]]}, "id": "+387476+81239", "properties": {"area_ha": 6.308782378152881, "count": 23, "label": 1, "mean_dnbr": 0.41215589605089836}}, {"type": "Feature", "geometry": {"geodesic": false, "type": "Polygon", "coordinates": [[[28.89764976723319, 40.20443495332096], [28.89818875640367, 40.20443495332096], [28.89818875640367, 40.204973942491435], [28.89872774557415, 40.204973942491435], [28.89872774557415, 40.20659091000285], [28.89603279972178, 40.20659091000285], [28.89603279972178, 40.20605192083238], [28.89657178889226, 40.20605192083238], [28.89657178889226, 40.20551293166191], [28.89764976723319, 40.20551293166191], [28.89764976723319, 40.20443495332096]]]}, "id": "+387573+81254", "properties": {"area_ha": 3.291955142166499, "count": 12, "label": 1, "mean_dnbr": 0.17827745857430524}}, {"type": "Feature", "geometry": {"geodesic": false, "type": "Polygon", "coordinates": [[[28.905195615619817, 40.25294397866342], [28.90573460479027, 40.25294397866342], [28.90573460479027, 40.25348296783389], [28.906273593960748, 40.25348296783389], [28.906273593960748, 40.25402195700436], [28.90573460479027, 40.25402195700436], [28.90573460479027, 40.254560946174834], [28.906812583131227, 40.254560946174834], [28.906812583131227, 40.25563892451578], [28.90573460479027, 40.25563892451578], [28.90573460479027, 40.25509993534531], [28.905195615619817, 40.25509993534531], [28.905195615619817, 40.254560946174834], [28.904656626449338, 40.254560946174834], [28.904656626449338, 40.25348296783389], [28.90411763727886, 40.25348296783389], [28.90411763727886, 40.25294397866342], [28.904656626449338, 40.25294397866342], [28.904656626449338, 40.25348296783389], [28.905195615619817, 40.25348296783389], [28.905195615619817, 40.25294397866342]]]}, "id": "+387587+81164", "properties": {"area_ha": 3.2895882928480873, "count": 12, "label": 1, "mean_dnbr": 0.1862523671065668}}, {"type": "Feature", "geometry": {"geodesic": false, "type": "Polygon", "coordinates": [[[28.912202474835937, 40.248632065299645], [28.912741464006416, 40.248632065299645], [28.912741464006416, 40.25024903281106], [28.913280453176867, 40.25024903281106], [28.913280453176867, 40.24971004364059], [28.914897420688305, 40.24971004364059], [28.914897420688305, 40.250788021981535], [28.915436409858756, 40.250788021981535], [28.915436409858756, 40.252404989492945], [28.914358431517826, 40.252404989492945], [28.914358431517826, 40.25294397866342], [28.913819442347346, 40.25294397866342], [28.913819442347346, 40.25186600032247], [28.913280453176867, 40.25186600032247], [28.913280453176867, 40.25132701115201], [28.912741464006416, 40.25132701115201], [28.912741464006416, 40.250788021981535], [28.912202474835937, 40.250788021981535], [28.912202474835937, 40.25024903281106], [28.911663485665457, 40.25024903281106], [28.911663485665457, 40.24971004364059], [28.911124496495006, 40.24971004364059], [28.911124496495006, 40.24917105447012], [28.910585507324527, 40.24917105447012], [28.910585507324527, 40.248632065299645], [28.911124496495006, 40.248632065299645], [28.911124496495006, 40.24917105447012], [28.912202474835937, 40.24917105447012], [28.912202474835937, 40.248632065299645]]]}, "id": "+387600+81172", "properties": {"area_ha": 7.676111762000843, "count": 28, "label": 1, "mean_dnbr": 0.21212256638634056}}, {"type": "Feature", "geometry": {"geodesic": false, "type": "Polygon", "coordinates": [[[28.927294171609134, 40.245937119447284], [28.927833160779613, 40.245937119447284], [28.927833160779613, 40.246476108617756], [28.928372149950093, 40.246476108617756], [28.928372149950093, 40.24701509778823], [28.928911139120572, 40.24701509778823], [28.928911139120572, 40.2475540869587], [28.929450128291023, 40.2475540869587], [28.929450128291023, 40.24809307612917], [28.929989117461503, 40.24809307612917], [28.929989117461503, 40.248632065299645], [28.930528106631982, 40.248632065299645], [28.930528106631982, 40.24917105447012], [28.929989117461503, 40.24917105447012], [28.929989117461503, 40.24971004364059], [28.929450128291023, 40.24971004364059], [28.929450128291023, 40.25024903281106], [28.928911139120572, 40.25024903281106], [28.928911139120572, 40.250788021981535], [28.928372149950093, 40.250788021981535], [28.928372149950093, 40.24971004364059], [28.927833160779613, 40.24971004364059], [28.927833160779613, 40.24917105447012], [28.928372149950093, 40.24917105447012], [28.928372149950093, 40.24971004364059], [28.928911139120572, 40.24971004364059], [28.928911139120572, 40.248632065299645], [28.928372149950093, 40.248632065299645], [28.928372149950093, 40.24809307612917], [28.928911139120572, 40.24809307612917], [28.928911139120572, 40.2475540869587], [28.928372149950093, 40.2475540869587], [28.928372149950093, 40.24701509778823], [28.927833160779613, 40.24701509778823], [28.927833160779613, 40.246476108617756], [28.927294171609134, 40.246476108617756], [28.927294171609134, 40.245937119447284]]]}, "id": "+387628+81177", "properties": {"area_ha": 4.386482337796325, "count": 16, "label": 1, "mean_dnbr": 0.18688961984228217}}, {"type": "Feature", "geometry": {"geodesic": false, "type": "Polygon", "coordinates": [[[28.930528106631982, 40.246476108617756], [28.932145074143392, 40.246476108617756], [28.932145074143392, 40.24809307612917], [28.931606084972913, 40.24809307612917], [28.931606084972913, 40.248632065299645], [28.93268406331387, 40.248632065299645], [28.93268406331387, 40.24917105447012], [28.933223052484323, 40.24917105447012], [28.933223052484323, 40.25024903281106], [28.93268406331387, 40.25024903281106], [28.93268406331387, 40.24971004364059], [28.931067095802433, 40.24971004364059], [28.931067095802433, 40.24809307612917], [28.931606084972913, 40.24809307612917], [28.931606084972913, 40.2475540869587], [28.930528106631982, 40.2475540869587], [28.930528106631982, 40.246476108617756]]]}, "id": "+387636+81176", "properties": {"area_ha": 4.38650635286888, "count": 16, "label": 1, "mean_dnbr": 0.29765951421859765}}, {"type": "Feature", "geometry": {"geodesic": false, "type": "Polygon", "coordinates": [[[28.955860597644147, 40.14999704710332], [28.958555543496516, 40.14999704710332], [28.958555543496516, 40.15161401461474], [28.956399586814626, 40.15161401461474], [28.956399586814626, 40.15053603627379], [28.955860597644147, 40.15053603627379], [28.955860597644147, 40.14999704710332]]]}, "id": "+387685+81355", "properties": {"area_ha": 3.569160533197728, "count": 13, "label": 1, "mean_dnbr": 0.31063239659916964}}, {"type": "Feature", "geometry": {"geodesic": false, "type": "Polygon", "coordinates": [[[28.958555543496516, 40.54615408740003], [28.959094532666967, 40.54615408740003], [28.959094532666967, 40.54723206574097], [28.958555543496516, 40.54723206574097], [28.958555543496516, 40.54777105491144], [28.958016554326036, 40.54777105491144], [28.958016554326036, 40.54884903325239], [28.956938575985077, 40.54884903325239], [28.956938575985077, 40.54992701159333], [28.955860597644147, 40.54992701159333], [28.955860597644147, 40.550466000763805], [28.955321608473668, 40.550466000763805], [28.955321608473668, 40.55154397910475], [28.954782619303217, 40.55154397910475], [28.954782619303217, 40.552621957445695], [28.954243630132737, 40.552621957445695], [28.954243630132737, 40.55154397910475], [28.954782619303217, 40.55154397910475], [28.954782619303217, 40.550466000763805], [28.955321608473668, 40.550466000763805], [28.955321608473668, 40.54992701159333], [28.955860597644147, 40.54992701159333], [28.955860597644147, 40.54938802242286], [28.956399586814626, 40.54938802242286], [28.956399586814626, 40.548310044081916], [28.957477565155557, 40.548310044081916], [28.957477565155557, 40.54723206574097], [28.958555543496516, 40.54723206574097], [28.958555543496516, 40.54615408740003]]]}, "id": "+387686+80620", "properties": {"area_ha": 4.366945815181346, "count": 16, "label": 1, "mean_dnbr": 0.21293455215006082}}, {"type": "Feature", "geometry": {"geodesic": false, "type": "Polygon", "coordinates": [[[29.087373955239258, 40.25348296783389], [29.08845193358019, 40.25348296783389], [29.08845193358019, 40.25402195700436], [29.088990922750668, 40.25402195700436], [29.088990922750668, 40.254560946174834], [29.0900689010916, 40.254560946174834], [29.0900689010916, 40.25509993534531], [29.088990922750668, 40.25509993534531], [29.088990922750668, 40.25563892451578], [29.08791294440971, 40.25563892451578], [29.08791294440971, 40.25509993534531], [29.087373955239258, 40.25509993534531], [29.087373955239258, 40.254560946174834], [29.08683496606878, 40.254560946174834], [29.08683496606878, 40.25402195700436], [29.087373955239258, 40.25402195700436], [29.087373955239258, 40.25348296783389]]]}, "id": "+387926+81163", "properties": {"area_ha": 3.5637053498655367, "count": 13, "label": 1, "mean_dnbr": 0.21022833404034302}}, {"type": "Feature", "geometry": {"geodesic": false, "type": "Polygon", "coordinates": [[[29.112167457080943, 40.257255892027196], [29.115940381274243, 40.257255892027196], [29.115940381274243, 40.25941184870908], [29.115401392103763, 40.25941184870908], [29.115401392103763, 40.264801740413795], [29.113784424592353, 40.264801740413795], [29.113784424592353, 40.26534072958427], [29.112706446251423, 40.26534072958427], [29.112706446251423, 40.26426275124332], [29.113245435421874, 40.26426275124332], [29.113245435421874, 40.263184772902385], [29.113784424592353, 40.263184772902385], [29.113784424592353, 40.26210679456144], [29.112167457080943, 40.26210679456144], [29.112167457080943, 40.26156780539097], [29.111089478740013, 40.26156780539097], [29.111089478740013, 40.261028816220495], [29.111628467910464, 40.261028816220495], [29.111628467910464, 40.26048982705002], [29.112706446251423, 40.26048982705002], [29.112706446251423, 40.258872859538606], [29.112167457080943, 40.258872859538606], [29.112167457080943, 40.257255892027196]], [[29.114323413762833, 40.258872859538606], [29.114323413762833, 40.25941184870908], [29.114862402933312, 40.25941184870908], [29.114862402933312, 40.25995083787955], [29.113784424592353, 40.25995083787955], [29.113784424592353, 40.258872859538606], [29.114323413762833, 40.258872859538606]], [[29.115401392103763, 40.25833387036813], [29.115401392103763, 40.25941184870908], [29.114862402933312, 40.25941184870908], [29.114862402933312, 40.25833387036813], [29.115401392103763, 40.25833387036813]]]}, "id": "+387977+81156", "properties": {"area_ha": 20.283798701754126, "count": 74, "label": 1, "mean_dnbr": 0.42260602401907327}}, {"type": "Feature", "geometry": {"geodesic": false, "type": "Polygon", "coordinates": [[[29.1245642080018, 40.30792087405153], [29.12941511053603, 40.30792087405153], [29.12941511053603, 40.30953784156295], [29.1283371321951, 40.30953784156295], [29.1283371321951, 40.31007683073342], [29.12564218634273, 40.31007683073342], [29.12564218634273, 40.30953784156295], [29.1245642080018, 40.30953784156295], [29.1245642080018, 40.30792087405153]]]}, "id": "+388002+81062", "properties": {"area_ha": 8.765090443263967, "count": 32, "label": 1, "mean_dnbr": 0.1928763303058664}}, {"type": "Feature", "geometry": {"geodesic": false, "type": "Polygon", "coordinates": [[[29.139116915604518, 39.64334722685991], [29.140194893945477, 39.64334722685991], [29.140194893945477, 39.64388621603038], [29.139655904774997, 39.64388621603038], [29.139655904774997, 39.644964194371326], [29.138038937263588, 39.644964194371326], [29.138038937263588, 39.644425205200854], [29.137499948093108, 39.644425205200854], [29.137499948093108, 39.64388621603038], [29.13696095892263, 39.64388621603038], [29.13696095892263, 39.644425205200854], [29.136421969752178, 39.644425205200854], [29.136421969752178, 39.64388621603038], [29.13696095892263, 39.64388621603038], [29.13696095892263, 39.64334722685991], [29.138038937263588, 39.64334722685991], [29.138038937263588, 39.64388621603038], [29.139116915604518, 39.64388621603038], [29.139116915604518, 39.64334722685991]]]}, "id": "+388022+82295", "properties": {"area_ha": 3.3190639583840524, "count": 12, "label": 1, "mean_dnbr": 0.27026914333696256}}, {"type": "Feature", "geometry": {"geodesic": false, "type": "Polygon", "coordinates": [[[29.17145626583283, 39.661133869485475], [29.17253424417376, 39.661133869485475], [29.17253424417376, 39.66167285865595], [29.17361222251472, 39.66167285865595], [29.17361222251472, 39.66382881533784], [29.17307323334424, 39.66382881533784], [29.17307323334424, 39.66436780450831], [29.17253424417376, 39.66436780450831], [29.17253424417376, 39.66382881533784], [29.17199525500331, 39.66382881533784], [29.17199525500331, 39.66167285865595], [29.17145626583283, 39.66167285865595], [29.17145626583283, 39.661133869485475]]]}, "id": "+388082+82262", "properties": {"area_ha": 4.14771469025429, "count": 15, "label": 1, "mean_dnbr": 0.3226911723284584}}, {"type": "Feature", "geometry": {"geodesic": false, "type": "Polygon", "coordinates": [[[29.17307323334424, 39.698324122248025], [29.17361222251472, 39.698324122248025], [29.17361222251472, 39.6988631114185], [29.1741512116852, 39.6988631114185], [29.1741512116852, 39.69940210058897], [29.17469020085565, 39.69940210058897], [29.17469020085565, 39.700480078929914], [29.17522919002613, 39.700480078929914], [29.17522919002613, 39.701019068100386], [29.1741512116852, 39.701019068100386], [29.1741512116852, 39.700480078929914], [29.17361222251472, 39.700480078929914], [29.17361222251472, 39.701019068100386], [29.17307323334424, 39.701019068100386], [29.17307323334424, 39.70155805727086], [29.17145626583283, 39.70155805727086], [29.17145626583283, 39.701019068100386], [29.17199525500331, 39.701019068100386], [29.17199525500331, 39.69994108975944], [29.17253424417376, 39.69994108975944], [29.17253424417376, 39.6988631114185], [29.17307323334424, 39.6988631114185], [29.17307323334424, 39.698324122248025]]]}, "id": "+388084+82193", "properties": {"area_ha": 5.8036533638364025, "count": 21, "label": 1, "mean_dnbr": 0.3165086340222205}}, {"type": "Feature", "geometry": {"geodesic": false, "type": "Polygon", "coordinates": [[[29.17900211421943, 39.89236022361784], [29.180080092560388, 39.89236022361784], [29.180080092560388, 39.892899212788315], [29.18115807090132, 39.892899212788315], [29.18115807090132, 39.89343820195879], [29.180080092560388, 39.89343820195879], [29.180080092560388, 39.89397719112926], [29.1779241358785, 39.89397719112926], [29.1779241358785, 39.89343820195879], [29.17846312504895, 39.89343820195879], [29.17846312504895, 39.892899212788315], [29.17900211421943, 39.892899212788315], [29.17900211421943, 39.89236022361784]]]}, "id": "+388096+81833", "properties": {"area_ha": 3.0314893464911448, "count": 11, "label": 1, "mean_dnbr": 0.2898021153885703}}, {"type": "Feature", "geometry": {"geodesic": false, "type": "Polygon", "coordinates": [[[29.26847431651774, 40.34888405100738], [29.26847431651774, 40.34834506183691], [29.27224724071104, 40.34834506183691], [29.27224724071104, 40.349423040177854], [29.27009128402915, 40.349423040177854], [29.27009128402915, 40.34888405100738], [29.26847431651774, 40.34888405100738]]]}, "id": "+388267+80987", "properties": {"area_ha": 3.0112132803569964, "count": 11, "label": 1, "mean_dnbr": 0.2357759487200186}}, {"type": "Feature", "geometry": {"geodesic": false, "type": "Polygon", "coordinates": [[[29.297579731723204, 40.428115459066724], [29.298657710064163, 40.428115459066724], [29.298657710064163, 40.43188838326003], [29.297579731723204, 40.43188838326003], [29.297579731723204, 40.43134939408956], [29.297040742552753, 40.43134939408956], [29.297040742552753, 40.430810404919086], [29.295423775041314, 40.430810404919086], [29.295423775041314, 40.430271415748614], [29.295962764211794, 40.430271415748614], [29.295962764211794, 40.42973242657814], [29.297040742552753, 40.42973242657814], [29.297040742552753, 40.430271415748614], [29.298118720893683, 40.430271415748614], [29.298118720893683, 40.4286544482372], [29.297579731723204, 40.4286544482372], [29.297579731723204, 40.428115459066724]]]}, "id": "+388316+80839", "properties": {"area_ha": 4.921528246803817, "count": 18, "label": 1, "mean_dnbr": 0.27721696996677203}}, {"type": "Feature", "geometry": {"geodesic": false, "type": "Polygon", "coordinates": [[[29.31051547181454, 40.184492354013514], [29.31159345015547, 40.184492354013514], [29.31159345015547, 40.18503134318399], [29.31428839600784, 40.18503134318399], [29.31428839600784, 40.18557033235445], [29.31374940683736, 40.18557033235445], [29.31374940683736, 40.186109321524924], [29.31213243932595, 40.186109321524924], [29.31213243932595, 40.186648310695396], [29.31105446098499, 40.186648310695396], [29.31105446098499, 40.18503134318399], [29.31051547181454, 40.18503134318399], [29.31051547181454, 40.184492354013514]]]}, "id": "+388340+81291", "properties": {"area_ha": 4.116149160169852, "count": 15, "label": 1, "mean_dnbr": 0.2579559464192518}}, {"type": "Feature", "geometry": {"geodesic": false, "type": "Polygon", "coordinates": [[[29.324529190246807, 40.21036383419615], [29.326146157758217, 40.21036383419615], [29.326146157758217, 40.210902823366624], [29.327224136099147, 40.210902823366624], [29.327224136099147, 40.211441812537096], [29.328302114440106, 40.211441812537096], [29.328302114440106, 40.21198080170757], [29.328841103610557, 40.21198080170757], [29.328841103610557, 40.21251979087804], [29.327763125269627, 40.21251979087804], [29.327763125269627, 40.21305878004851], [29.327224136099147, 40.21305878004851], [29.327224136099147, 40.213597769218985], [29.325068179417258, 40.213597769218985], [29.325068179417258, 40.21305878004851], [29.324529190246807, 40.21305878004851], [29.324529190246807, 40.213597769218985], [29.323990201076327, 40.213597769218985], [29.323990201076327, 40.21305878004851], [29.324529190246807, 40.21305878004851], [29.324529190246807, 40.21251979087804], [29.325607168587737, 40.21251979087804], [29.325607168587737, 40.21305878004851], [29.326685146928696, 40.21305878004851], [29.326685146928696, 40.21198080170757], [29.325607168587737, 40.21198080170757], [29.325607168587737, 40.211441812537096], [29.325068179417258, 40.211441812537096], [29.325068179417258, 40.210902823366624], [29.324529190246807, 40.210902823366624], [29.324529190246807, 40.21036383419615]]]}, "id": "+388367+81243", "properties": {"area_ha": 6.857584816611964, "count": 25, "label": 1, "mean_dnbr": 0.18242910538537363}}, {"type": "Feature", "geometry": {"geodesic": false, "type": "Polygon", "coordinates": [[[29.329380092781037, 40.44159018832852], [29.329919081951516, 40.44159018832852], [29.329919081951516, 40.44266816666946], [29.330458071121996, 40.44266816666946], [29.330458071121996, 40.44374614501041], [29.329919081951516, 40.44374614501041], [29.329919081951516, 40.44428513418088], [29.330458071121996, 40.44428513418088], [29.330458071121996, 40.444824123351346], [29.328302114440106, 40.444824123351346], [29.328302114440106, 40.44374614501041], [29.328841103610557, 40.44374614501041], [29.328841103610557, 40.443207155839936], [29.328302114440106, 40.443207155839936], [29.328302114440106, 40.44266816666946], [29.329380092781037, 40.44266816666946], [29.329380092781037, 40.44159018832852]], [[29.329919081951516, 40.443207155839936], [29.329919081951516, 40.44374614501041], [29.329380092781037, 40.44374614501041], [29.329380092781037, 40.443207155839936], [29.329919081951516, 40.443207155839936]]]}, "id": "+388374+80814", "properties": {"area_ha": 4.100468450903899, "count": 15, "label": 1, "mean_dnbr": 0.26328149974583165}}, {"type": "Feature", "geometry": {"geodesic": false, "type": "Polygon", "coordinates": [[[29.334769984485746, 40.42272556736201], [29.335308973656225, 40.42272556736201], [29.335308973656225, 40.42380354570295], [29.336386951997184, 40.42380354570295], [29.336386951997184, 40.42542051321437], [29.335847962826705, 40.42542051321437], [29.335847962826705, 40.42595950238484], [29.334769984485746, 40.42595950238484], [29.334769984485746, 40.4248815240439], [29.334230995315295, 40.4248815240439], [29.334230995315295, 40.42380354570295], [29.334769984485746, 40.42380354570295], [29.334769984485746, 40.42272556736201]]]}, "id": "+388384+80849", "properties": {"area_ha": 4.101622055769261, "count": 15, "label": 1, "mean_dnbr": 0.18587169583404164}}, {"type": "Feature", "geometry": {"geodesic": false, "type": "Polygon", "coordinates": [[[29.35686854047509, 39.64226924851897], [29.35794651881605, 39.64226924851897], [29.35794651881605, 39.64334722685991], [29.35632955130464, 39.64334722685991], [29.35632955130464, 39.64388621603038], [29.35579056213416, 39.64388621603038], [29.35579056213416, 39.6455031835418], [29.35525157296368, 39.6455031835418], [29.35525157296368, 39.64658116188274], [29.3547125837932, 39.64658116188274], [29.3547125837932, 39.6455031835418], [29.35363460545227, 39.6455031835418], [29.35363460545227, 39.64388621603038], [29.35309561628179, 39.64388621603038], [29.35309561628179, 39.64334722685991], [29.35417359462275, 39.64334722685991], [29.35417359462275, 39.644425205200854], [29.3547125837932, 39.644425205200854], [29.3547125837932, 39.644964194371326], [29.35525157296368, 39.644964194371326], [29.35525157296368, 39.64334722685991], [29.35579056213416, 39.64334722685991], [29.35579056213416, 39.64280823768944], [29.35686854047509, 39.64280823768944], [29.35686854047509, 39.64226924851897]]]}, "id": "+388426+82297", "properties": {"area_ha": 5.808358313413353, "count": 21, "label": 1, "mean_dnbr": 0.3038793792072208}}, {"type": "Feature", "geometry": {"geodesic": false, "type": "Polygon", "coordinates": [[[29.36010247549794, 39.63795733515519], [29.36064146466839, 39.63795733515519], [29.36064146466839, 39.638496324325665], [29.36010247549794, 39.638496324325665], [29.36010247549794, 39.6417302593485], [29.35902449715698, 39.6417302593485], [29.35902449715698, 39.64119127017803], [29.35794651881605, 39.64119127017803], [29.35794651881605, 39.640652281007554], [29.35902449715698, 39.640652281007554], [29.35902449715698, 39.63957430266661], [29.35956348632746, 39.63957430266661], [29.35956348632746, 39.638496324325665], [29.36010247549794, 39.638496324325665], [29.36010247549794, 39.63795733515519]]]}, "id": "+388431+82305", "properties": {"area_ha": 3.5958528752113343, "count": 13, "label": 1, "mean_dnbr": 0.2528741905207463}}, {"type": "Feature", "geometry": {"geodesic": false, "type": "Polygon", "coordinates": [[[29.36333641052076, 39.874573580992276], [29.364414388861718, 39.874573580992276], [29.364414388861718, 39.87619054850369], [29.36495337803217, 39.87619054850369], [29.36495337803217, 39.87726852684464], [29.36279742135028, 39.87726852684464], [29.36279742135028, 39.87565155933322], [29.36333641052076, 39.87565155933322], [29.36333641052076, 39.874573580992276]]]}, "id": "+388438+81866", "properties": {"area_ha": 4.134879978898859, "count": 15, "label": 1, "mean_dnbr": 0.3195436744255894}}, {"type": "Feature", "geometry": {"geodesic": false, "type": "Polygon", "coordinates": [[[29.385973955680583, 40.137061307012], [29.386512944851034, 40.137061307012], [29.386512944851034, 40.13921726369389], [29.387051934021514, 40.13921726369389], [29.387051934021514, 40.13975625286436], [29.388129912362473, 40.13975625286436], [29.388129912362473, 40.14029524203483], [29.386512944851034, 40.14029524203483], [29.386512944851034, 40.141373220375776], [29.385434966510104, 40.141373220375776], [29.385434966510104, 40.13921726369389], [29.385973955680583, 40.13921726369389], [29.385973955680583, 40.138678274523414], [29.385434966510104, 40.138678274523414], [29.385434966510104, 40.13813928535294], [29.385973955680583, 40.13813928535294], [29.385973955680583, 40.137061307012]]]}, "id": "+388479+81379", "properties": {"area_ha": 4.668142994056213, "count": 17, "label": 1, "mean_dnbr": 0.27536371514056307}}, {"type": "Feature", "geometry": {"geodesic": false, "type": "Polygon", "coordinates": [[[29.390824858214813, 40.13921726369389], [29.391363847385293, 40.13921726369389], [29.391363847385293, 40.14029524203483], [29.389746879873883, 40.14029524203483], [29.389746879873883, 40.141373220375776], [29.390285869044334, 40.141373220375776], [29.390285869044334, 40.14191220954625], [29.389746879873883, 40.14191220954625], [29.389746879873883, 40.14245119871672], [29.390285869044334, 40.14245119871672], [29.390285869044334, 40.14352917705766], [29.389207890703403, 40.14352917705766], [29.389207890703403, 40.14406816622813], [29.386512944851034, 40.14406816622813], [29.386512944851034, 40.14352917705766], [29.387051934021514, 40.14352917705766], [29.387051934021514, 40.142990187887186], [29.386512944851034, 40.142990187887186], [29.386512944851034, 40.14191220954625], [29.387051934021514, 40.14191220954625], [29.387051934021514, 40.141373220375776], [29.388129912362473, 40.141373220375776], [29.388129912362473, 40.140834231205304], [29.388668901532924, 40.140834231205304], [29.388668901532924, 40.14029524203483], [29.389746879873883, 40.14029524203483], [29.389746879873883, 40.13975625286436], [29.390824858214813, 40.13975625286436], [29.390824858214813, 40.13921726369389]]]}, "id": "+388488+81375", "properties": {"area_ha": 10.708869777771847, "count": 39, "label": 1, "mean_dnbr": 0.3316036630230256}}, {"type": "Feature", "geometry": {"geodesic": false, "type": "Polygon", "coordinates": [[[29.394597782408113, 40.22329957428747], [29.39567576074907, 40.22329957428747], [29.39567576074907, 40.223838563457946], [29.396214749919523, 40.223838563457946], [29.396214749919523, 40.22653350931031], [29.395136771578592, 40.22653350931031], [29.395136771578592, 40.22545553096936], [29.39405879323766, 40.22545553096936], [29.39405879323766, 40.225994520139835], [29.393519804067182, 40.225994520139835], [29.393519804067182, 40.22545553096936], [29.392441825726223, 40.22545553096936], [29.392441825726223, 40.22491654179889], [29.391902836555772, 40.22491654179889], [29.391902836555772, 40.22545553096936], [29.390824858214813, 40.22545553096936], [29.390824858214813, 40.22491654179889], [29.391902836555772, 40.22491654179889], [29.391902836555772, 40.22437755262842], [29.392441825726223, 40.22437755262842], [29.392441825726223, 40.22491654179889], [29.392980814896703, 40.22491654179889], [29.392980814896703, 40.223838563457946], [29.393519804067182, 40.223838563457946], [29.393519804067182, 40.22329957428747], [29.39405879323766, 40.22329957428747], [29.39405879323766, 40.223838563457946], [29.394597782408113, 40.223838563457946], [29.394597782408113, 40.22329957428747]], [[29.394597782408113, 40.22437755262842], [29.394597782408113, 40.22491654179889], [29.39405879323766, 40.22491654179889], [29.39405879323766, 40.22437755262842], [29.394597782408113, 40.22437755262842]]]}, "id": "+388496+81219", "properties": {"area_ha": 7.953301541440388, "count": 29, "label": 1, "mean_dnbr": 0.3555908528785854}}, {"type": "Feature", "geometry": {"geodesic": false, "type": "Polygon", "coordinates": [[[29.39783171743096, 40.227611487651245], [29.39998767411285, 40.227611487651245], [29.39998767411285, 40.22868946599219], [29.40214363079471, 40.22868946599219], [29.40214363079471, 40.22922845516266], [29.40483857664708, 40.22922845516266], [29.40483857664708, 40.23030643350361], [29.40699453332897, 40.23030643350361], [29.40699453332897, 40.22922845516266], [29.40645554415849, 40.22922845516266], [29.40645554415849, 40.22868946599219], [29.40591655498804, 40.22868946599219], [29.40591655498804, 40.22815047682172], [29.40645554415849, 40.22815047682172], [29.40645554415849, 40.22868946599219], [29.4080725116699, 40.22868946599219], [29.4080725116699, 40.22815047682172], [29.40861150084038, 40.22815047682172], [29.40861150084038, 40.22868946599219], [29.40915049001086, 40.22868946599219], [29.40915049001086, 40.22922845516266], [29.40968947918134, 40.22922845516266], [29.40968947918134, 40.229767444333135], [29.41022846835179, 40.229767444333135], [29.41022846835179, 40.23084542267408], [29.41076745752227, 40.23084542267408], [29.41076745752227, 40.23138441184455], [29.41130644669275, 40.23138441184455], [29.41130644669275, 40.232462390185496], [29.41238442503368, 40.232462390185496], [29.41238442503368, 40.23300137935597], [29.41292341420416, 40.23300137935597], [29.41292341420416, 40.23461834686738], [29.413462403374638, 40.23461834686738], [29.413462403374638, 40.234079357696906], [29.415079370886048, 40.234079357696906], [29.415079370886048, 40.23515733603785], [29.416157349226978, 40.23515733603785], [29.416157349226978, 40.23569632520832], [29.417235327567937, 40.23569632520832], [29.417235327567937, 40.236235314378796], [29.418313305908868, 40.236235314378796], [29.418313305908868, 40.23731329271974], [29.416696338397458, 40.23731329271974], [29.416696338397458, 40.238391271060685], [29.415618360056527, 40.238391271060685], [29.415618360056527, 40.23893026023116], [29.415079370886048, 40.23893026023116], [29.415079370886048, 40.23946924940162], [29.41400139254509, 40.23946924940162], [29.41400139254509, 40.240008238572095], [29.413462403374638, 40.240008238572095], [29.413462403374638, 40.23946924940162], [29.41238442503368, 40.23946924940162], [29.41238442503368, 40.240008238572095], [29.411845435863228, 40.240008238572095], [29.411845435863228, 40.23946924940162], [29.41238442503368, 40.23946924940162], [29.41238442503368, 40.23785228189021], [29.41130644669275, 40.23785228189021], [29.41130644669275, 40.238391271060685], [29.41076745752227, 40.238391271060685], [29.41076745752227, 40.23893026023116], [29.40968947918134, 40.23893026023116], [29.40968947918134, 40.23946924940162], [29.40753352249945, 40.23946924940162], [29.40753352249945, 40.23893026023116], [29.40645554415849, 40.23893026023116], [29.40645554415849, 40.236235314378796], [29.40483857664708, 40.236235314378796], [29.40483857664708, 40.23515733603785], [29.40214363079471, 40.23515733603785], [29.40214363079471, 40.23461834686738], [29.40160464162426, 40.23461834686738], [29.40160464162426, 40.234079357696906], [29.40214363079471, 40.234079357696906], [29.40214363079471, 40.233540368526434], [29.40160464162426, 40.233540368526434], [29.40160464162426, 40.23300137935597], [29.39944868494237, 40.23300137935597], [29.39944868494237, 40.232462390185496], [29.39890969577189, 40.232462390185496], [29.39890969577189, 40.231923401015024], [29.398370706601412, 40.231923401015024], [29.398370706601412, 40.23084542267408], [29.39890969577189, 40.23084542267408], [29.39890969577189, 40.22922845516266], [29.398370706601412, 40.22922845516266], [29.398370706601412, 40.22868946599219], [29.39783171743096, 40.22868946599219], [29.39783171743096, 40.227611487651245]], [[29.41292341420416, 40.23515733603785], [29.41292341420416, 40.23569632520832], [29.41238442503368, 40.23569632520832], [29.41238442503368, 40.23515733603785], [29.41292341420416, 40.23515733603785]], [[29.40968947918134, 40.23138441184455], [29.40968947918134, 40.23300137935597], [29.40915049001086, 40.23300137935597], [29.40915049001086, 40.233540368526434], [29.4080725116699, 40.233540368526434], [29.4080725116699, 40.23138441184455], [29.40968947918134, 40.23138441184455]]]}, "id": "+388504+81211", "properties": {"area_ha": 108.58911150819412, "count": 396, "label": 1, "mean_dnbr": 0.6347909757527024}}, {"type": "Feature", "geometry": {"geodesic": false, "type": "Polygon", "coordinates": [[[29.40214363079471, 40.059985855634544], [29.40322160913567, 40.059985855634544], [29.40322160913567, 40.060524844805016], [29.40268261996519, 40.060524844805016], [29.40268261996519, 40.06106383397549], [29.40376059830615, 40.06106383397549], [29.40376059830615, 40.06214181231643], [29.40268261996519, 40.06214181231643], [29.40268261996519, 40.06160282314596], [29.40106565245378, 40.06160282314596], [29.40106565245378, 40.059985855634544], [29.40160464162426, 40.059985855634544], [29.40160464162426, 40.060524844805016], [29.40214363079471, 40.060524844805016], [29.40214363079471, 40.059985855634544]]]}, "id": "+388510+81522", "properties": {"area_ha": 3.5738793193218923, "count": 13, "label": 1, "mean_dnbr": 0.25101975997532233}}, {"type": "Feature", "geometry": {"geodesic": false, "type": "Polygon", "coordinates": [[[29.41130644669275, 40.22006563926465], [29.411845435863228, 40.22006563926465], [29.411845435863228, 40.22114361760559], [29.41292341420416, 40.22114361760559], [29.41292341420416, 40.221682606776056], [29.411845435863228, 40.221682606776056], [29.411845435863228, 40.22114361760559], [29.41130644669275, 40.22114361760559], [29.41130644669275, 40.22222159594653], [29.41076745752227, 40.22222159594653], [29.41076745752227, 40.222760585117], [29.41130644669275, 40.222760585117], [29.41130644669275, 40.223838563457946], [29.41076745752227, 40.223838563457946], [29.41076745752227, 40.222760585117], [29.41022846835179, 40.222760585117], [29.41022846835179, 40.22222159594653], [29.40968947918134, 40.22222159594653], [29.40968947918134, 40.221682606776056], [29.41076745752227, 40.221682606776056], [29.41076745752227, 40.22114361760559], [29.41130644669275, 40.22114361760559], [29.41130644669275, 40.22006563926465]]]}, "id": "+388526+81225", "properties": {"area_ha": 3.0169002576614212, "count": 11, "label": 1, "mean_dnbr": 0.24066492111867016}}, {"type": "Feature", "geometry": {"geodesic": false, "type": "Polygon", "coordinates": [[[29.41400139254509, 40.22114361760559], [29.415079370886048, 40.22114361760559], [29.415079370886048, 40.22329957428747], [29.41400139254509, 40.22329957428747], [29.41400139254509, 40.223838563457946], [29.414540381715568, 40.223838563457946], [29.414540381715568, 40.22491654179889], [29.415079370886048, 40.22491654179889], [29.415079370886048, 40.22545553096936], [29.413462403374638, 40.22545553096936], [29.413462403374638, 40.22491654179889], [29.41400139254509, 40.22491654179889], [29.41400139254509, 40.22437755262842], [29.413462403374638, 40.22437755262842], [29.413462403374638, 40.221682606776056], [29.41400139254509, 40.221682606776056], [29.41400139254509, 40.22114361760559]]]}, "id": "+388532+81223", "properties": {"area_ha": 4.93665276833805, "count": 18, "label": 1, "mean_dnbr": 0.3717117203920331}}, {"type": "Feature", "geometry": {"geodesic": false, "type": "Polygon", "coordinates": [[[29.419391284249826, 40.61837863624324], [29.421008251761236, 40.61837863624324], [29.421008251761236, 40.61945661458418], [29.419930273420277, 40.61945661458418], [29.419930273420277, 40.61999560375465], [29.420469262590757, 40.61999560375465], [29.420469262590757, 40.620534592925125], [29.419391284249826, 40.620534592925125], [29.419391284249826, 40.61999560375465], [29.418313305908868, 40.61999560375465], [29.418313305908868, 40.620534592925125], [29.418852295079347, 40.620534592925125], [29.418852295079347, 40.6210735820956], [29.417774316738416, 40.6210735820956], [29.417774316738416, 40.61999560375465], [29.418313305908868, 40.61999560375465], [29.418313305908868, 40.61945661458418], [29.418852295079347, 40.61945661458418], [29.418852295079347, 40.618917625413715], [29.419391284249826, 40.618917625413715], [29.419391284249826, 40.61837863624324]]]}, "id": "+388543+80486", "properties": {"area_ha": 4.089702822059689, "count": 15, "label": 1, "mean_dnbr": 0.24401352777721444}}, {"type": "Feature", "geometry": {"geodesic": false, "type": "Polygon", "coordinates": [[[29.424242186784056, 40.23084542267408], [29.425320165125015, 40.23084542267408], [29.425320165125015, 40.23138441184455], [29.424781175954536, 40.23138441184455], [29.424781175954536, 40.23300137935597], [29.423703197613605, 40.23300137935597], [29.423703197613605, 40.232462390185496], [29.422625219272646, 40.232462390185496], [29.422625219272646, 40.23300137935597], [29.422086230102167, 40.23300137935597], [29.422086230102167, 40.233540368526434], [29.421547240931716, 40.233540368526434], [29.421547240931716, 40.23300137935597], [29.422086230102167, 40.23300137935597], [29.422086230102167, 40.232462390185496], [29.421547240931716, 40.232462390185496], [29.421547240931716, 40.23138441184455], [29.423164208443126, 40.23138441184455], [29.423164208443126, 40.231923401015024], [29.423703197613605, 40.231923401015024], [29.423703197613605, 40.23138441184455], [29.424242186784056, 40.23138441184455], [29.424242186784056, 40.23084542267408]]]}, "id": "+388551+81205", "properties": {"area_ha": 4.661778419456411, "count": 17, "label": 1, "mean_dnbr": 0.3692598372500511}}, {"type": "Feature", "geometry": {"geodesic": false, "type": "Polygon", "coordinates": [[[29.430171067659245, 40.22329957428747], [29.432327024341134, 40.22329957428747], [29.432327024341134, 40.223838563457946], [29.432866013511614, 40.223838563457946], [29.432866013511614, 40.22491654179889], [29.433405002682093, 40.22491654179889], [29.433405002682093, 40.22545553096936], [29.432327024341134, 40.22545553096936], [29.432327024341134, 40.225994520139835], [29.431788035170655, 40.225994520139835], [29.431788035170655, 40.22545553096936], [29.431249046000204, 40.22545553096936], [29.431249046000204, 40.22491654179889], [29.430710056829724, 40.22491654179889], [29.430710056829724, 40.22437755262842], [29.431249046000204, 40.22437755262842], [29.431249046000204, 40.223838563457946], [29.430171067659245, 40.223838563457946], [29.430171067659245, 40.22329957428747]]]}, "id": "+388564+81219", "properties": {"area_ha": 4.3880443923678545, "count": 16, "label": 1, "mean_dnbr": 0.21498537602815704}}, {"type": "Feature", "geometry": {"geodesic": false, "type": "Polygon", "coordinates": [[[29.442567818580102, 40.124664556091155], [29.443645796921032, 40.124664556091155], [29.443645796921032, 40.12574253443209], [29.44472377526199, 40.12574253443209], [29.44472377526199, 40.12735950194351], [29.444184786091512, 40.12735950194351], [29.444184786091512, 40.12682051277304], [29.442567818580102, 40.12682051277304], [29.442567818580102, 40.126281523602565], [29.442028829409622, 40.126281523602565], [29.442028829409622, 40.12682051277304], [29.44148984023917, 40.12682051277304], [29.44148984023917, 40.12574253443209], [29.442567818580102, 40.12574253443209], [29.442567818580102, 40.124664556091155]], [[29.44310680775058, 40.12574253443209], [29.44310680775058, 40.126281523602565], [29.442567818580102, 40.126281523602565], [29.442567818580102, 40.12574253443209], [29.44310680775058, 40.12574253443209]]]}, "id": "+388585+81402", "properties": {"area_ha": 4.119768418964155, "count": 15, "label": 1, "mean_dnbr": 0.16279262963021043}}, {"type": "Feature", "geometry": {"geodesic": false, "type": "Polygon", "coordinates": [[[29.44580175360292, 40.227611487651245], [29.44687973194388, 40.227611487651245], [29.44687973194388, 40.22868946599219], [29.44741872111436, 40.22868946599219], [29.44741872111436, 40.23030643350361], [29.44687973194388, 40.23030643350361], [29.44687973194388, 40.23084542267408], [29.4463407427734, 40.23084542267408], [29.4463407427734, 40.231923401015024], [29.44580175360292, 40.231923401015024], [29.44580175360292, 40.232462390185496], [29.44526276443247, 40.232462390185496], [29.44526276443247, 40.233540368526434], [29.44472377526199, 40.233540368526434], [29.44472377526199, 40.234079357696906], [29.44526276443247, 40.234079357696906], [29.44526276443247, 40.23461834686738], [29.44472377526199, 40.23461834686738], [29.44472377526199, 40.23515733603785], [29.444184786091512, 40.23515733603785], [29.444184786091512, 40.23569632520832], [29.443645796921032, 40.23569632520832], [29.443645796921032, 40.236235314378796], [29.442567818580102, 40.236235314378796], [29.442567818580102, 40.23569632520832], [29.44148984023917, 40.23569632520832], [29.44148984023917, 40.234079357696906], [29.442028829409622, 40.234079357696906], [29.442028829409622, 40.233540368526434], [29.443645796921032, 40.233540368526434], [29.443645796921032, 40.232462390185496], [29.444184786091512, 40.232462390185496], [29.444184786091512, 40.23030643350361], [29.44472377526199, 40.23030643350361], [29.44472377526199, 40.229767444333135], [29.44526276443247, 40.229767444333135], [29.44526276443247, 40.22922845516266], [29.4463407427734, 40.22922845516266], [29.4463407427734, 40.22868946599219], [29.44526276443247, 40.22868946599219], [29.44526276443247, 40.22815047682172], [29.44580175360292, 40.22815047682172], [29.44580175360292, 40.227611487651245]]]}, "id": "+388591+81211", "properties": {"area_ha": 17.275953351287033, "count": 63, "label": 1, "mean_dnbr": 0.2958520639731827}}, {"type": "Feature", "geometry": {"geodesic": false, "type": "Polygon", "coordinates": [[[29.44957467779622, 40.09232520586285], [29.45065265613718, 40.09232520586285], [29.45065265613718, 40.09286419503332], [29.45226962364859, 40.09286419503332], [29.45226962364859, 40.093942173374266], [29.45280861281907, 40.093942173374266], [29.45280861281907, 40.093403184203794], [29.4576595153533, 40.093403184203794], [29.4576595153533, 40.093942173374266], [29.457120526182848, 40.093942173374266], [29.457120526182848, 40.09448116254474], [29.45658153701237, 40.09448116254474], [29.45658153701237, 40.095559140885676], [29.4576595153533, 40.095559140885676], [29.4576595153533, 40.095020151715204], [29.45819850452378, 40.095020151715204], [29.45819850452378, 40.09448116254474], [29.458737493694258, 40.09448116254474], [29.458737493694258, 40.095020151715204], [29.459276482864738, 40.095020151715204], [29.459276482864738, 40.095559140885676], [29.45819850452378, 40.095559140885676], [29.45819850452378, 40.09609813005615], [29.457120526182848, 40.09609813005615], [29.457120526182848, 40.09663711922662], [29.45658153701237, 40.09663711922662], [29.45658153701237, 40.09717610839709], [29.457120526182848, 40.09717610839709], [29.457120526182848, 40.097715097567566], [29.45550355867141, 40.097715097567566], [29.45550355867141, 40.09717610839709], [29.45496456950096, 40.09717610839709], [29.45496456950096, 40.095559140885676], [29.45388659116, 40.095559140885676], [29.45388659116, 40.09717610839709], [29.45334760198955, 40.09717610839709], [29.45334760198955, 40.097715097567566], [29.45280861281907, 40.097715097567566], [29.45280861281907, 40.09825408673804], [29.45173063447811, 40.09825408673804], [29.45173063447811, 40.097715097567566], [29.45119164530766, 40.097715097567566], [29.45119164530766, 40.09717610839709], [29.45173063447811, 40.09717610839709], [29.45173063447811, 40.09609813005615], [29.45119164530766, 40.09609813005615], [29.45119164530766, 40.09663711922662], [29.45065265613718, 40.09663711922662], [29.45065265613718, 40.09717610839709], [29.4501136669667, 40.09717610839709], [29.4501136669667, 40.097715097567566], [29.44957467779622, 40.097715097567566], [29.44957467779622, 40.09717610839709], [29.4501136669667, 40.09717610839709], [29.4501136669667, 40.09448116254474], [29.44957467779622, 40.09448116254474], [29.44957467779622, 40.093942173374266], [29.45065265613718, 40.093942173374266], [29.45065265613718, 40.093403184203794], [29.4501136669667, 40.093403184203794], [29.4501136669667, 40.09286419503332], [29.44957467779622, 40.09286419503332], [29.44957467779622, 40.09232520586285]], [[29.45334760198955, 40.09609813005615], [29.45334760198955, 40.09663711922662], [29.45280861281907, 40.09663711922662], [29.45280861281907, 40.09609813005615], [29.45334760198955, 40.09609813005615]], [[29.45388659116, 40.095020151715204], [29.45388659116, 40.095559140885676], [29.45334760198955, 40.095559140885676], [29.45334760198955, 40.095020151715204], [29.45388659116, 40.095020151715204]]]}, "id": "+388598+81462", "properties": {"area_ha": 27.202703683660335, "count": 99, "label": 1, "mean_dnbr": 0.354237237772905}}, {"type": "Feature", "geometry": {"geodesic": false, "type": "Polygon", "coordinates": [[[29.4501136669667, 40.22922845516266], [29.45119164530766, 40.22922845516266], [29.45119164530766, 40.229767444333135], [29.45388659116, 40.229767444333135], [29.45388659116, 40.23084542267408], [29.45334760198955, 40.23084542267408], [29.45334760198955, 40.232462390185496], [29.45280861281907, 40.232462390185496], [29.45280861281907, 40.234079357696906], [29.45226962364859, 40.234079357696906], [29.45226962364859, 40.23461834686738], [29.45280861281907, 40.23461834686738], [29.45280861281907, 40.23515733603785], [29.4501136669667, 40.23515733603785], [29.4501136669667, 40.23461834686738], [29.44903568862577, 40.23461834686738], [29.44903568862577, 40.234079357696906], [29.44795771028481, 40.234079357696906], [29.44795771028481, 40.23300137935597], [29.44849669945529, 40.23300137935597], [29.44849669945529, 40.231923401015024], [29.44903568862577, 40.231923401015024], [29.44903568862577, 40.23084542267408], [29.44957467779622, 40.23084542267408], [29.44957467779622, 40.229767444333135], [29.4501136669667, 40.229767444333135], [29.4501136669667, 40.22922845516266]], [[29.45065265613718, 40.23300137935597], [29.45065265613718, 40.234079357696906], [29.4501136669667, 40.234079357696906], [29.4501136669667, 40.23300137935597], [29.45065265613718, 40.23300137935597]], [[29.45119164530766, 40.231923401015024], [29.45119164530766, 40.23300137935597], [29.45065265613718, 40.23300137935597], [29.45065265613718, 40.231923401015024], [29.45119164530766, 40.231923401015024]], [[29.45173063447811, 40.23138441184455], [29.45173063447811, 40.231923401015024], [29.45119164530766, 40.231923401015024], [29.45119164530766, 40.23138441184455], [29.45173063447811, 40.23138441184455]]]}, "id": "+388599+81208", "properties": {"area_ha": 20.56662475341841, "count": 75, "label": 1, "mean_dnbr": 0.1760480301706235}}, {"type": "Feature", "geometry": {"geodesic": false, "type": "Polygon", "coordinates": [[[29.45334760198955, 40.107955891806526], [29.45604254784189, 40.107955891806526], [29.45604254784189, 40.108494880977], [29.45550355867141, 40.108494880977], [29.45550355867141, 40.10903387014747], [29.45388659116, 40.10903387014747], [29.45388659116, 40.11065083765889], [29.45334760198955, 40.11065083765889], [29.45334760198955, 40.11118982682936], [29.45280861281907, 40.11118982682936], [29.45280861281907, 40.11065083765889], [29.45226962364859, 40.11065083765889], [29.45226962364859, 40.10957285931794], [29.45334760198955, 40.10957285931794], [29.45334760198955, 40.10903387014747], [29.45280861281907, 40.10903387014747], [29.45280861281907, 40.108494880977], [29.45334760198955, 40.108494880977], [29.45334760198955, 40.107955891806526]]]}, "id": "+388608+81433", "properties": {"area_ha": 4.944934534419192, "count": 18, "label": 1, "mean_dnbr": 0.31964945455356847}}, {"type": "Feature", "geometry": {"geodesic": false, "type": "Polygon", "coordinates": [[[29.463588396228488, 40.61352773370899], [29.465744352910377, 40.61352773370899], [29.465744352910377, 40.614605712049936], [29.465205363739926, 40.614605712049936], [29.465205363739926, 40.61514470122041], [29.464666374569447, 40.61514470122041], [29.464666374569447, 40.61568369039088], [29.463049407058037, 40.61568369039088], [29.463049407058037, 40.61514470122041], [29.463588396228488, 40.61514470122041], [29.463588396228488, 40.614605712049936], [29.463049407058037, 40.614605712049936], [29.463049407058037, 40.614066722879464], [29.463588396228488, 40.614066722879464], [29.463588396228488, 40.61352773370899]]]}, "id": "+388626+80495", "properties": {"area_ha": 4.090011398172857, "count": 15, "label": 1, "mean_dnbr": 0.25367838872884424}}]}