{"type": "FeatureCollection", "columns": {"area_ha": "Number", "count": "Long<0, 4294967295>", "label": "Byte<0, 1>", "mean_dnbr": "Object", "system:index": "String"}, "features": [{"type": "Feature", "geometry": {"geodesic": false, "type": "Polygon", "coordinates": [[[34.29939923370071, 36.64117754733247], [34.30047721204164, 36.64117754733247], [34.30047721204164, 36.64225552567341], [34.30101620121212, 36.64225552567341], [34.30101620121212, 36.642794514843885], [34.30209417955308, 36.642794514843885], [34.30209417955308, 36.64333350401436], [34.30317215789401, 36.64333350401436], [34.30317215789401, 36.64387249318483], [34.30371114706449, 36.64387249318483], [34.30371114706449, 36.644950471525775], [34.30263316872353, 36.644950471525775], [34.30263316872353, 36.64387249318483], [34.30101620121212, 36.64387249318483], [34.30101620121212, 36.64333350401436], [34.30047721204164, 36.64333350401436], [34.30047721204164, 36.642794514843885], [34.29993822287119, 36.642794514843885], [34.29993822287119, 36.64225552567341], [34.29939923370071, 36.64225552567341], [34.29939923370071, 36.64117754733247]]]}, "id": "+397596+87865", "properties": {"area_ha": 4.89952398729524, "count": 17, "label": 1, "mean_dnbr": 0.23344257536115331}}, {"type": "Feature", "geometry": {"geodesic": false, "type": "Polygon", "coordinates": [[[34.38994941433995, 36.68806960516351], [34.39048840351043, 36.68806960516351], [34.39048840351043, 36.68968657267492], [34.38994941433995, 36.68968657267492], [34.38994941433995, 36.690225561845395], [34.39048840351043, 36.690225561845395], [34.39048840351043, 36.69076455101587], [34.38941042516947, 36.69076455101587], [34.38941042516947, 36.690225561845395], [34.38887143599902, 36.690225561845395], [34.38887143599902, 36.68860859433398], [34.38994941433995, 36.68860859433398], [34.38994941433995, 36.68806960516351]]]}, "id": "+397763+87778", "properties": {"area_ha": 3.1683711585907237, "count": 11, "label": 1, "mean_dnbr": 0.16296941557655414}}, {"type": "Feature", "geometry": {"geodesic": false, "type": "Polygon", "coordinates": [[[34.421749775397785, 36.830901735338514], [34.423366742909195, 36.830901735338514], [34.423366742909195, 36.83197971367946], [34.424444721250154, 36.83197971367946], [34.424444721250154, 36.833057692020404], [34.423905732079675, 36.833057692020404], [34.423905732079675, 36.83251870284993], [34.423366742909195, 36.83251870284993], [34.423366742909195, 36.83197971367946], [34.422827753738744, 36.83197971367946], [34.422827753738744, 36.83251870284993], [34.422288764568265, 36.83251870284993], [34.422288764568265, 36.833057692020404], [34.421749775397785, 36.833057692020404], [34.421749775397785, 36.830901735338514]]]}, "id": "+397824+87513", "properties": {"area_ha": 3.4499872791359647, "count": 12, "label": 1, "mean_dnbr": 0.23197839595053857}}, {"type": "Feature", "geometry": {"geodesic": false, "type": "Polygon", "coordinates": [[[34.66645085879193, 36.84868837796408], [34.66752883713289, 36.84868837796408], [34.66752883713289, 36.849766356305025], [34.66698984796241, 36.849766356305025], [34.66698984796241, 36.85084433464597], [34.66645085879193, 36.85084433464597], [34.66645085879193, 36.851383323816435], [34.66591186962148, 36.851383323816435], [34.66591186962148, 36.85192231298691], [34.665372880451, 36.85192231298691], [34.665372880451, 36.85084433464597], [34.66483389128052, 36.85084433464597], [34.66483389128052, 36.849766356305025], [34.665372880451, 36.849766356305025], [34.665372880451, 36.84922736713455], [34.66645085879193, 36.84922736713455], [34.66645085879193, 36.84868837796408]]]}, "id": "+398277+87480", "properties": {"area_ha": 4.886322499409094, "count": 17, "label": 1, "mean_dnbr": 0.22506071813519196}}, {"type": "Feature", "geometry": {"geodesic": false, "type": "Polygon", "coordinates": [[[34.66968479381478, 36.837369605384175], [34.67076277215571, 36.837369605384175], [34.67076277215571, 36.83898657289559], [34.67022378298526, 36.83898657289559], [34.67022378298526, 36.84006455123653], [34.66968479381478, 36.84006455123653], [34.66968479381478, 36.840603540407], [34.6691458046443, 36.840603540407], [34.6691458046443, 36.83790859455465], [34.66968479381478, 36.83790859455465], [34.66968479381478, 36.837369605384175]]]}, "id": "+398283+87501", "properties": {"area_ha": 3.737153650571409, "count": 13, "label": 1, "mean_dnbr": 0.3809759967172283}}, {"type": "Feature", "geometry": {"geodesic": false, "type": "Polygon", "coordinates": [[[34.67076277215571, 36.853539280498325], [34.67184075049667, 36.853539280498325], [34.67184075049667, 36.85461725883927], [34.6729187288376, 36.85461725883927], [34.6729187288376, 36.85515624800974], [34.67453569634901, 36.85515624800974], [34.67453569634901, 36.855695237180214], [34.6729187288376, 36.855695237180214], [34.6729187288376, 36.856234226350686], [34.67184075049667, 36.856234226350686], [34.67184075049667, 36.85677321552116], [34.67076277215571, 36.85677321552116], [34.67076277215571, 36.856234226350686], [34.67022378298526, 36.856234226350686], [34.67022378298526, 36.8540782696688], [34.67076277215571, 36.8540782696688], [34.67076277215571, 36.853539280498325]]]}, "id": "+398285+87471", "properties": {"area_ha": 7.185288795983835, "count": 25, "label": 1, "mean_dnbr": 0.3540920246254912}}, {"type": "Feature", "geometry": {"geodesic": false, "type": "Polygon", "coordinates": [[[34.67345771800808, 36.849766356305025], [34.67453569634901, 36.849766356305025], [34.67453569634901, 36.8503053454755], [34.67507468551949, 36.8503053454755], [34.67507468551949, 36.851383323816435], [34.67345771800808, 36.851383323816435], [34.67345771800808, 36.85192231298691], [34.67453569634901, 36.85192231298691], [34.67453569634901, 36.85246130215738], [34.67399670717856, 36.85246130215738], [34.67399670717856, 36.853539280498325], [34.6729187288376, 36.853539280498325], [34.6729187288376, 36.8503053454755], [34.67345771800808, 36.8503053454755], [34.67345771800808, 36.849766356305025]]]}, "id": "+398290+87478", "properties": {"area_ha": 5.173663693202317, "count": 18, "label": 1, "mean_dnbr": 0.31448720304704286}}, {"type": "Feature", "geometry": {"geodesic": false, "type": "Polygon", "coordinates": [[[34.68585446892894, 36.87186491229436], [34.68854941478128, 36.87186491229436], [34.68854941478128, 36.87294289063531], [34.68747143644035, 36.87294289063531], [34.68747143644035, 36.87348187980578], [34.68801042561083, 36.87348187980578], [34.68801042561083, 36.87402086897625], [34.68747143644035, 36.87402086897625], [34.68747143644035, 36.87348187980578], [34.68639345809939, 36.87348187980578], [34.68639345809939, 36.87402086897625], [34.68585446892894, 36.87402086897625], [34.68585446892894, 36.87348187980578], [34.68639345809939, 36.87348187980578], [34.68639345809939, 36.87294289063531], [34.68747143644035, 36.87294289063531], [34.68747143644035, 36.872403901464835], [34.68585446892894, 36.872403901464835], [34.68585446892894, 36.87186491229436]]]}, "id": "+398316+87437", "properties": {"area_ha": 3.1607946292149367, "count": 11, "label": 1, "mean_dnbr": 0.26688961543617934}}, {"type": "Feature", "geometry": {"geodesic": false, "type": "Polygon", "coordinates": [[[34.69124436063365, 36.843298486259364], [34.69447829565647, 36.843298486259364], [34.69447829565647, 36.84383747542984], [34.693939306486016, 36.84383747542984], [34.693939306486016, 36.84437646460031], [34.69232233897458, 36.84437646460031], [34.69232233897458, 36.84491545377078], [34.691783349804126, 36.84491545377078], [34.691783349804126, 36.84545444294125], [34.69124436063365, 36.84545444294125], [34.69124436063365, 36.84491545377078], [34.69070537146317, 36.84491545377078], [34.69070537146317, 36.84383747542984], [34.69124436063365, 36.84383747542984], [34.69124436063365, 36.843298486259364]]]}, "id": "+398327+87490", "properties": {"area_ha": 4.5992372532534995, "count": 16, "label": 1, "mean_dnbr": 0.39640907646663043}}, {"type": "Feature", "geometry": {"geodesic": false, "type": "Polygon", "coordinates": [[[34.695556273997425, 36.82335588695191], [34.69609526316788, 36.82335588695191], [34.69609526316788, 36.82658982197474], [34.695017284826946, 36.82658982197474], [34.695017284826946, 36.82605083280427], [34.69447829565647, 36.82605083280427], [34.69447829565647, 36.8255118436338], [34.695017284826946, 36.8255118436338], [34.695017284826946, 36.82443386529285], [34.695556273997425, 36.82443386529285], [34.695556273997425, 36.82335588695191]]]}, "id": "+398330+87527", "properties": {"area_ha": 3.1627686045718058, "count": 11, "label": 1, "mean_dnbr": 0.38452031484562915}}, {"type": "Feature", "geometry": {"geodesic": false, "type": "Polygon", "coordinates": [[[34.695556273997425, 36.87186491229436], [34.696634252338356, 36.87186491229436], [34.696634252338356, 36.87402086897625], [34.69609526316788, 36.87402086897625], [34.69609526316788, 36.874559858146725], [34.69447829565647, 36.874559858146725], [34.69447829565647, 36.87294289063531], [34.695017284826946, 36.87294289063531], [34.695017284826946, 36.872403901464835], [34.695556273997425, 36.872403901464835], [34.695556273997425, 36.87186491229436]]]}, "id": "+398331+87437", "properties": {"area_ha": 4.5974999875360485, "count": 16, "label": 1, "mean_dnbr": 0.3778399518149666}}, {"type": "Feature", "geometry": {"geodesic": false, "type": "Polygon", "coordinates": [[[34.71010898160014, 36.87186491229436], [34.7111869599411, 36.87186491229436], [34.7111869599411, 36.872403901464835], [34.71226493828203, 36.872403901464835], [34.71226493828203, 36.87294289063531], [34.71334291662299, 36.87294289063531], [34.71334291662299, 36.872403901464835], [34.71388190579344, 36.872403901464835], [34.71388190579344, 36.87294289063531], [34.71334291662299, 36.87294289063531], [34.71334291662299, 36.87402086897625], [34.71064797077062, 36.87402086897625], [34.71064797077062, 36.87348187980578], [34.71010898160014, 36.87348187980578], [34.71010898160014, 36.87186491229436]]]}, "id": "+398358+87437", "properties": {"area_ha": 5.172211278756537, "count": 18, "label": 1, "mean_dnbr": 0.38985033194480057}}, {"type": "Feature", "geometry": {"geodesic": false, "type": "Polygon", "coordinates": [[[34.71549887330488, 36.84868837796408], [34.71711584081629, 36.84868837796408], [34.71711584081629, 36.849766356305025], [34.71927179749818, 36.849766356305025], [34.71927179749818, 36.8503053454755], [34.72034977583911, 36.8503053454755], [34.72034977583911, 36.85084433464597], [34.72088876500959, 36.85084433464597], [34.72088876500959, 36.85192231298691], [34.72034977583911, 36.85192231298691], [34.72034977583911, 36.851383323816435], [34.71927179749818, 36.851383323816435], [34.71927179749818, 36.85084433464597], [34.71765482998677, 36.85084433464597], [34.71765482998677, 36.8503053454755], [34.71711584081629, 36.8503053454755], [34.71711584081629, 36.849766356305025], [34.71549887330488, 36.849766356305025], [34.71549887330488, 36.84868837796408]]]}, "id": "+398369+87480", "properties": {"area_ha": 5.461178189566791, "count": 19, "label": 1, "mean_dnbr": 0.23192686990718206}}, {"type": "Feature", "geometry": {"geodesic": false, "type": "Polygon", "coordinates": [[[34.71603786247533, 36.8540782696688], [34.71765482998677, 36.8540782696688], [34.71765482998677, 36.856234226350686], [34.71657685164581, 36.856234226350686], [34.71657685164581, 36.855695237180214], [34.71603786247533, 36.855695237180214], [34.71603786247533, 36.8540782696688]]]}, "id": "+398370+87470", "properties": {"area_ha": 3.1615321769191334, "count": 11, "label": 1, "mean_dnbr": 0.27970369360699715}}, {"type": "Feature", "geometry": {"geodesic": false, "type": "Polygon", "coordinates": [[[34.72412270003241, 36.84006455123653], [34.72466168920289, 36.84006455123653], [34.72466168920289, 36.84222050791842], [34.72520067837337, 36.84222050791842], [34.72520067837337, 36.843298486259364], [34.72466168920289, 36.843298486259364], [34.72466168920289, 36.84275949708889], [34.72358371086196, 36.84275949708889], [34.72358371086196, 36.84222050791842], [34.722505732521, 36.84222050791842], [34.722505732521, 36.84168151874795], [34.72412270003241, 36.84168151874795], [34.72412270003241, 36.84006455123653]]]}, "id": "+398383+87496", "properties": {"area_ha": 3.1620779247243074, "count": 11, "label": 1, "mean_dnbr": 0.25144829334340146}}, {"type": "Feature", "geometry": {"geodesic": false, "type": "Polygon", "coordinates": [[[34.7300515809076, 36.85246130215738], [34.73112955924856, 36.85246130215738], [34.73112955924856, 36.85300029132785], [34.73220753758949, 36.85300029132785], [34.73220753758949, 36.853539280498325], [34.73274652675997, 36.853539280498325], [34.73274652675997, 36.85461725883927], [34.73220753758949, 36.85461725883927], [34.73220753758949, 36.8540782696688], [34.73059057007808, 36.8540782696688], [34.73059057007808, 36.853539280498325], [34.7300515809076, 36.853539280498325], [34.7300515809076, 36.85246130215738]]]}, "id": "+398395+87473", "properties": {"area_ha": 3.161602300843573, "count": 11, "label": 1, "mean_dnbr": 0.30895021036675524}}, {"type": "Feature", "geometry": {"geodesic": false, "type": "Polygon", "coordinates": [[[34.73975338597609, 36.8292847678271], [34.740831364317046, 36.8292847678271], [34.740831364317046, 36.82982375699757], [34.741370353487525, 36.82982375699757], [34.741370353487525, 36.83036274616804], [34.741909342657976, 36.83036274616804], [34.741909342657976, 36.83144072450899], [34.73975338597609, 36.83144072450899], [34.73975338597609, 36.830901735338514], [34.739214396805636, 36.830901735338514], [34.739214396805636, 36.83036274616804], [34.73975338597609, 36.83036274616804], [34.73975338597609, 36.8292847678271]]]}, "id": "+398413+87516", "properties": {"area_ha": 4.025069392165921, "count": 14, "label": 1, "mean_dnbr": 0.4310289686644597}}, {"type": "Feature", "geometry": {"geodesic": false, "type": "Polygon", "coordinates": [[[34.739214396805636, 36.81904397358814], [34.742448331828456, 36.81904397358814], [34.742448331828456, 36.81958296275861], [34.743526310169386, 36.81958296275861], [34.743526310169386, 36.82012195192908], [34.742987320998935, 36.82012195192908], [34.742987320998935, 36.820660941099554], [34.741909342657976, 36.820660941099554], [34.741909342657976, 36.82119993027002], [34.740292375146566, 36.82119993027002], [34.740292375146566, 36.81958296275861], [34.739214396805636, 36.81958296275861], [34.739214396805636, 36.81904397358814]]]}, "id": "+398416+87535", "properties": {"area_ha": 5.750862634806161, "count": 20, "label": 1, "mean_dnbr": 0.34848364802599163}}, {"type": "Feature", "geometry": {"geodesic": false, "type": "Polygon", "coordinates": [[[34.745143277680825, 36.84383747542984], [34.748377212703645, 36.84383747542984], [34.748377212703645, 36.84545444294125], [34.747838223533165, 36.84545444294125], [34.747838223533165, 36.84599343211172], [34.750533169385534, 36.84599343211172], [34.750533169385534, 36.84707141045266], [34.748377212703645, 36.84707141045266], [34.748377212703645, 36.84653242128219], [34.747838223533165, 36.84653242128219], [34.747838223533165, 36.84599343211172], [34.745143277680825, 36.84599343211172], [34.745143277680825, 36.84383747542984]]]}, "id": "+398427+87489", "properties": {"area_ha": 9.198346546024137, "count": 32, "label": 1, "mean_dnbr": 0.5237928177244062}}, {"type": "Feature", "geometry": {"geodesic": false, "type": "Polygon", "coordinates": [[[34.75268912606742, 37.025476825878805], [34.75430609357883, 37.025476825878805], [34.75430609357883, 37.02601581504927], [34.75484508274931, 37.02601581504927], [34.75484508274931, 37.027093793390215], [34.75430609357883, 37.027093793390215], [34.75430609357883, 37.02871076090163], [34.753767104408354, 37.02871076090163], [34.753767104408354, 37.03086671758352], [34.75268912606742, 37.03086671758352], [34.75268912606742, 37.03032772841305], [34.752150136896944, 37.03032772841305], [34.752150136896944, 37.029249750072104], [34.75268912606742, 37.029249750072104], [34.75268912606742, 37.02871076090163], [34.751611147726464, 37.02871076090163], [34.751611147726464, 37.02763278256069], [34.75107215855601, 37.02763278256069], [34.75107215855601, 37.02655480421974], [34.751611147726464, 37.02655480421974], [34.751611147726464, 37.025476825878805], [34.752150136896944, 37.025476825878805], [34.752150136896944, 37.02655480421974], [34.751611147726464, 37.02655480421974], [34.751611147726464, 37.027093793390215], [34.752150136896944, 37.027093793390215], [34.752150136896944, 37.02763278256069], [34.7532281152379, 37.02763278256069], [34.7532281152379, 37.027093793390215], [34.75268912606742, 37.027093793390215], [34.75268912606742, 37.025476825878805]]]}, "id": "+398438+87152", "properties": {"area_ha": 10.89692825183298, "count": 38, "label": 1, "mean_dnbr": 0.23303245647676876}}, {"type": "Feature", "geometry": {"geodesic": false, "type": "Polygon", "coordinates": [[[34.75268912606742, 36.84707141045266], [34.755384071919764, 36.84707141045266], [34.755384071919764, 36.84868837796408], [34.75484508274931, 36.84868837796408], [34.75484508274931, 36.847610399623136], [34.75430609357883, 36.847610399623136], [34.75430609357883, 36.84814938879361], [34.752150136896944, 36.84814938879361], [34.752150136896944, 36.847610399623136], [34.75268912606742, 36.847610399623136], [34.75268912606742, 36.84707141045266]]]}, "id": "+398440+87483", "properties": {"area_ha": 3.161833640843649, "count": 11, "label": 1, "mean_dnbr": 0.17877868389583002}}, {"type": "Feature", "geometry": {"geodesic": false, "type": "Polygon", "coordinates": [[[34.77263172537488, 36.833057692020404], [34.77424869288629, 36.833057692020404], [34.77424869288629, 36.83359668119087], [34.77478768205677, 36.83359668119087], [34.77478768205677, 36.83413567036134], [34.7758656603977, 36.83413567036134], [34.7758656603977, 36.835213648702286], [34.77532667122722, 36.835213648702286], [34.77532667122722, 36.83575263787276], [34.77478768205677, 36.83575263787276], [34.77478768205677, 36.835213648702286], [34.77424869288629, 36.835213648702286], [34.77424869288629, 36.834674659531814], [34.77370970371581, 36.834674659531814], [34.77370970371581, 36.83413567036134], [34.77263172537488, 36.83413567036134], [34.77263172537488, 36.833057692020404]]]}, "id": "+398475+87509", "properties": {"area_ha": 4.312356422675727, "count": 15, "label": 1, "mean_dnbr": 0.3070308580420026}}, {"type": "Feature", "geometry": {"geodesic": false, "type": "Polygon", "coordinates": [[[34.77748262790911, 36.840603540407], [34.77856060625007, 36.840603540407], [34.77856060625007, 36.84222050791842], [34.77802161707959, 36.84222050791842], [34.77802161707959, 36.84275949708889], [34.77640464956818, 36.84275949708889], [34.77640464956818, 36.84222050791842], [34.77694363873866, 36.84222050791842], [34.77694363873866, 36.841142529577475], [34.77748262790911, 36.841142529577475], [34.77748262790911, 36.840603540407]]]}, "id": "+398483+87495", "properties": {"area_ha": 3.162087247140241, "count": 11, "label": 1, "mean_dnbr": 0.47242079566176076}}, {"type": "Feature", "geometry": {"geodesic": false, "type": "Polygon", "coordinates": [[[34.779638584591, 36.833057692020404], [34.78125555210241, 36.833057692020404], [34.78125555210241, 36.834674659531814], [34.779638584591, 36.834674659531814], [34.779638584591, 36.835213648702286], [34.77856060625007, 36.835213648702286], [34.77856060625007, 36.83413567036134], [34.77909959542052, 36.83413567036134], [34.77909959542052, 36.83359668119087], [34.779638584591, 36.83359668119087], [34.779638584591, 36.833057692020404]]]}, "id": "+398488+87509", "properties": {"area_ha": 4.024875818092266, "count": 14, "label": 1, "mean_dnbr": 0.43272488617065624}}, {"type": "Feature", "geometry": {"geodesic": false, "type": "Polygon", "coordinates": [[[34.794191292193744, 36.86054613971446], [34.794730281364224, 36.86054613971446], [34.794730281364224, 36.86108512888493], [34.795269270534675, 36.86108512888493], [34.795269270534675, 36.862163107225875], [34.794730281364224, 36.862163107225875], [34.794730281364224, 36.86270209639635], [34.793113313852785, 36.86270209639635], [34.793113313852785, 36.8616241180554], [34.793652303023265, 36.8616241180554], [34.793652303023265, 36.86108512888493], [34.794191292193744, 36.86108512888493], [34.794191292193744, 36.86054613971446]]]}, "id": "+398513+87458", "properties": {"area_ha": 3.1612590385883546, "count": 11, "label": 1, "mean_dnbr": 0.42281984048960136}}, {"type": "Feature", "geometry": {"geodesic": false, "type": "Polygon", "coordinates": [[[34.797964216387044, 36.849766356305025], [34.799042194727974, 36.849766356305025], [34.799042194727974, 36.8503053454755], [34.799581183898454, 36.8503053454755], [34.799581183898454, 36.851383323816435], [34.796886238046085, 36.851383323816435], [34.796886238046085, 36.85084433464597], [34.796347248875634, 36.85084433464597], [34.796347248875634, 36.8503053454755], [34.797964216387044, 36.8503053454755], [34.797964216387044, 36.849766356305025]]]}, "id": "+398521+87478", "properties": {"area_ha": 3.736582508193352, "count": 13, "label": 1, "mean_dnbr": 0.4063286176893068}}, {"type": "Feature", "geometry": {"geodesic": false, "type": "Polygon", "coordinates": [[[34.799042194727974, 36.82012195192908], [34.799581183898454, 36.82012195192908], [34.799581183898454, 36.820660941099554], [34.80012017306893, 36.820660941099554], [34.80012017306893, 36.82119993027002], [34.799581183898454, 36.82119993027002], [34.799581183898454, 36.82335588695191], [34.797425227216564, 36.82335588695191], [34.797425227216564, 36.82173891944049], [34.799042194727974, 36.82173891944049], [34.799042194727974, 36.82119993027002], [34.799581183898454, 36.82119993027002], [34.799581183898454, 36.820660941099554], [34.799042194727974, 36.820660941099554], [34.799042194727974, 36.82012195192908]]]}, "id": "+398522+87533", "properties": {"area_ha": 4.313039406120025, "count": 15, "label": 1, "mean_dnbr": 0.35303610196486024}}, {"type": "Feature", "geometry": {"geodesic": false, "type": "Polygon", "coordinates": [[[34.799042194727974, 36.85246130215738], [34.801198151409864, 36.85246130215738], [34.801198151409864, 36.85300029132785], [34.80227612975082, 36.85300029132785], [34.80227612975082, 36.853539280498325], [34.801198151409864, 36.853539280498325], [34.801198151409864, 36.8540782696688], [34.80012017306893, 36.8540782696688], [34.80012017306893, 36.853539280498325], [34.799042194727974, 36.853539280498325], [34.799042194727974, 36.85246130215738]]]}, "id": "+398525+87473", "properties": {"area_ha": 3.4490269825644813, "count": 12, "label": 1, "mean_dnbr": 0.2490812868015269}}, {"type": "Feature", "geometry": {"geodesic": false, "type": "Polygon", "coordinates": [[[34.80820501062601, 36.8616241180554], [34.8103609673079, 36.8616241180554], [34.8103609673079, 36.86270209639635], [34.80982197813742, 36.86270209639635], [34.80982197813742, 36.86324108556681], [34.80928298896694, 36.86324108556681], [34.80928298896694, 36.863780074737285], [34.80820501062601, 36.863780074737285], [34.80820501062601, 36.86324108556681], [34.80766602145553, 36.86324108556681], [34.80766602145553, 36.86270209639635], [34.80820501062601, 36.86270209639635], [34.80820501062601, 36.8616241180554]]]}, "id": "+398542+87456", "properties": {"area_ha": 4.023369806147529, "count": 14, "label": 1, "mean_dnbr": 0.3608356070758926}}, {"type": "Feature", "geometry": {"geodesic": false, "type": "Polygon", "coordinates": [[[34.81089995647835, 36.880488739021914], [34.81143894564883, 36.880488739021914], [34.81143894564883, 36.881027728192386], [34.81251692398979, 36.881027728192386], [34.81251692398979, 36.88156671736285], [34.81359490233072, 36.88156671736285], [34.81359490233072, 36.88210570653332], [34.81521186984213, 36.88210570653332], [34.81521186984213, 36.882644695703796], [34.81575085901261, 36.882644695703796], [34.81575085901261, 36.88318368487427], [34.81682883735354, 36.88318368487427], [34.81682883735354, 36.88372267404474], [34.8179068156945, 36.88372267404474], [34.8179068156945, 36.88426166321521], [34.81628984818309, 36.88426166321521], [34.81628984818309, 36.88372267404474], [34.81089995647835, 36.88372267404474], [34.81089995647835, 36.88318368487427], [34.8103609673079, 36.88318368487427], [34.8103609673079, 36.88210570653332], [34.81089995647835, 36.88210570653332], [34.81089995647835, 36.88156671736285], [34.8103609673079, 36.88156671736285], [34.8103609673079, 36.881027728192386], [34.81089995647835, 36.881027728192386], [34.81089995647835, 36.880488739021914]]]}, "id": "+398544+87421", "properties": {"area_ha": 12.354363777846176, "count": 43, "label": 1, "mean_dnbr": 0.5050392529060225}}, {"type": "Feature", "geometry": {"geodesic": false, "type": "Polygon", "coordinates": [[[34.81305591316024, 36.818504984417665], [34.81359490233072, 36.818504984417665], [34.81359490233072, 36.81904397358814], [34.8141338915012, 36.81904397358814], [34.8141338915012, 36.81958296275861], [34.81359490233072, 36.81958296275861], [34.81359490233072, 36.82012195192908], [34.81089995647835, 36.82012195192908], [34.81089995647835, 36.81958296275861], [34.81143894564883, 36.81958296275861], [34.81143894564883, 36.818504984417665], [34.81251692398979, 36.818504984417665], [34.81251692398979, 36.81904397358814], [34.81305591316024, 36.81904397358814], [34.81305591316024, 36.818504984417665]]]}, "id": "+398548+87536", "properties": {"area_ha": 3.7381145506513436, "count": 13, "label": 1, "mean_dnbr": 0.17201162916690685}}, {"type": "Feature", "geometry": {"geodesic": false, "type": "Polygon", "coordinates": [[[34.81467288067168, 36.83197971367946], [34.81575085901261, 36.83197971367946], [34.81575085901261, 36.833057692020404], [34.8141338915012, 36.833057692020404], [34.8141338915012, 36.83359668119087], [34.81197793481931, 36.83359668119087], [34.81197793481931, 36.83251870284993], [34.81467288067168, 36.83251870284993], [34.81467288067168, 36.83197971367946]]]}, "id": "+398552+87511", "properties": {"area_ha": 3.7374394462854506, "count": 13, "label": 1, "mean_dnbr": 0.3702592176778314}}, {"type": "Feature", "geometry": {"geodesic": false, "type": "Polygon", "coordinates": [[[34.81952378320591, 36.86270209639635], [34.82060176154687, 36.86270209639635], [34.82060176154687, 36.86324108556681], [34.82114075071732, 36.86324108556681], [34.82114075071732, 36.86485805307823], [34.8216797398878, 36.86485805307823], [34.8216797398878, 36.86701400976012], [34.82060176154687, 36.86701400976012], [34.82060176154687, 36.86647502058965], [34.81952378320591, 36.86647502058965], [34.81952378320591, 36.865936031419174], [34.81898479403543, 36.865936031419174], [34.81898479403543, 36.8653970422487], [34.81844580486498, 36.8653970422487], [34.81844580486498, 36.86431906390776], [34.81898479403543, 36.86431906390776], [34.81898479403543, 36.86324108556681], [34.81952378320591, 36.86324108556681], [34.81952378320591, 36.86270209639635]]]}, "id": "+398561+87454", "properties": {"area_ha": 9.19601032381643, "count": 32, "label": 1, "mean_dnbr": 0.5898835299356487}}, {"type": "Feature", "geometry": {"geodesic": false, "type": "Polygon", "coordinates": [[[34.8216797398878, 36.86108512888493], [34.82221872905828, 36.86108512888493], [34.82221872905828, 36.8616241180554], [34.82275771822873, 36.8616241180554], [34.82275771822873, 36.862163107225875], [34.82383569656969, 36.862163107225875], [34.82383569656969, 36.86324108556681], [34.8216797398878, 36.86324108556681], [34.8216797398878, 36.862163107225875], [34.82114075071732, 36.862163107225875], [34.82114075071732, 36.8616241180554], [34.8216797398878, 36.8616241180554], [34.8216797398878, 36.86108512888493]]]}, "id": "+398564+87457", "properties": {"area_ha": 3.4486225118787392, "count": 12, "label": 1, "mean_dnbr": 0.45551774848795995}}, {"type": "Feature", "geometry": {"geodesic": false, "type": "Polygon", "coordinates": [[[34.82329670739921, 36.86431906390776], [34.82383569656969, 36.86431906390776], [34.82383569656969, 36.86485805307823], [34.82437468574017, 36.86485805307823], [34.82437468574017, 36.865936031419174], [34.82329670739921, 36.865936031419174], [34.82329670739921, 36.86701400976012], [34.82275771822873, 36.86701400976012], [34.82275771822873, 36.86755299893059], [34.82221872905828, 36.86755299893059], [34.82221872905828, 36.86647502058965], [34.82275771822873, 36.86647502058965], [34.82275771822873, 36.86485805307823], [34.82329670739921, 36.86485805307823], [34.82329670739921, 36.86431906390776]]]}, "id": "+398567+87451", "properties": {"area_ha": 3.1610908687436603, "count": 11, "label": 1, "mean_dnbr": 0.30316205584004535}}, {"type": "Feature", "geometry": {"geodesic": false, "type": "Polygon", "coordinates": [[[34.82599165325158, 36.85246130215738], [34.82653064242206, 36.85246130215738], [34.82653064242206, 36.85300029132785], [34.82814760993347, 36.85300029132785], [34.82814760993347, 36.853539280498325], [34.82976457744488, 36.853539280498325], [34.82976457744488, 36.8540782696688], [34.8292255882744, 36.8540782696688], [34.8292255882744, 36.85461725883927], [34.82706963159251, 36.85461725883927], [34.82706963159251, 36.853539280498325], [34.82653064242206, 36.853539280498325], [34.82653064242206, 36.85300029132785], [34.82599165325158, 36.85300029132785], [34.82599165325158, 36.85246130215738]]]}, "id": "+398572+87473", "properties": {"area_ha": 3.736424107710578, "count": 13, "label": 1, "mean_dnbr": 0.299101586443912}}, {"type": "Feature", "geometry": {"geodesic": false, "type": "Polygon", "coordinates": [[[34.82814760993347, 36.83898657289559], [34.82868659910392, 36.83898657289559], [34.82868659910392, 36.84383747542984], [34.82760862076299, 36.84383747542984], [34.82760862076299, 36.84275949708889], [34.82814760993347, 36.84275949708889], [34.82814760993347, 36.83898657289559]]]}, "id": "+398576+87498", "properties": {"area_ha": 3.1620859485434982, "count": 11, "label": 1, "mean_dnbr": 0.21829860767321946}}, {"type": "Feature", "geometry": {"geodesic": false, "type": "Polygon", "coordinates": [[[34.82814760993347, 36.79209451506455], [34.8292255882744, 36.79209451506455], [34.8292255882744, 36.79263350423502], [34.82976457744488, 36.79263350423502], [34.82976457744488, 36.79317249340549], [34.82868659910392, 36.79317249340549], [34.82868659910392, 36.793711482575965], [34.82706963159251, 36.793711482575965], [34.82706963159251, 36.79425047174644], [34.82599165325158, 36.79425047174644], [34.82599165325158, 36.79478946091691], [34.82275771822873, 36.79478946091691], [34.82275771822873, 36.79425047174644], [34.82383569656969, 36.79425047174644], [34.82383569656969, 36.793711482575965], [34.8254526640811, 36.793711482575965], [34.8254526640811, 36.79317249340549], [34.82653064242206, 36.79317249340549], [34.82653064242206, 36.79263350423502], [34.82814760993347, 36.79263350423502], [34.82814760993347, 36.79209451506455]]]}, "id": "+398577+87585", "properties": {"area_ha": 7.478742275853262, "count": 26, "label": 1, "mean_dnbr": 0.3418820283093992}}, {"type": "Feature", "geometry": {"geodesic": false, "type": "Polygon", "coordinates": [[[34.83138154495629, 36.8788717715105], [34.831920534126766, 36.8788717715105], [34.831920534126766, 36.87941076068097], [34.832459523297246, 36.87941076068097], [34.832459523297246, 36.87994974985144], [34.831920534126766, 36.87994974985144], [34.831920534126766, 36.881027728192386], [34.83138154495629, 36.881027728192386], [34.83138154495629, 36.88156671736285], [34.830303566615356, 36.88156671736285], [34.830303566615356, 36.88210570653332], [34.82976457744488, 36.88210570653332], [34.82976457744488, 36.88156671736285], [34.8292255882744, 36.88156671736285], [34.8292255882744, 36.881027728192386], [34.82976457744488, 36.881027728192386], [34.82976457744488, 36.880488739021914], [34.830303566615356, 36.880488739021914], [34.830303566615356, 36.87994974985144], [34.83084255578581, 36.87994974985144], [34.83084255578581, 36.87941076068097], [34.83138154495629, 36.87941076068097], [34.83138154495629, 36.8788717715105]]]}, "id": "+398582+87424", "properties": {"area_ha": 4.5970626842706785, "count": 16, "label": 1, "mean_dnbr": 0.3579721381524989}}, {"type": "Feature", "geometry": {"geodesic": false, "type": "Polygon", "coordinates": [[[34.835693458320065, 36.87671581482861], [34.836232447490545, 36.87671581482861], [34.836232447490545, 36.87725480399908], [34.836771436660996, 36.87725480399908], [34.836771436660996, 36.87779379316955], [34.837310425831475, 36.87779379316955], [34.837310425831475, 36.8788717715105], [34.836771436660996, 36.8788717715105], [34.836771436660996, 36.87941076068097], [34.835693458320065, 36.87941076068097], [34.835693458320065, 36.8788717715105], [34.836232447490545, 36.8788717715105], [34.836232447490545, 36.878332782340024], [34.835154469149586, 36.878332782340024], [34.835154469149586, 36.87779379316955], [34.83461547997911, 36.87779379316955], [34.83461547997911, 36.87725480399908], [34.835693458320065, 36.87725480399908], [34.835693458320065, 36.87671581482861]]]}, "id": "+398590+87428", "properties": {"area_ha": 3.735235511879986, "count": 13, "label": 1, "mean_dnbr": 0.26524903353674956}}, {"type": "Feature", "geometry": {"geodesic": false, "type": "Polygon", "coordinates": [[[34.835154469149586, 36.84653242128219], [34.837310425831475, 36.84653242128219], [34.837310425831475, 36.847610399623136], [34.836771436660996, 36.847610399623136], [34.836771436660996, 36.84922736713455], [34.836232447490545, 36.84922736713455], [34.836232447490545, 36.849766356305025], [34.838388404172434, 36.849766356305025], [34.838388404172434, 36.8503053454755], [34.838927393342885, 36.8503053454755], [34.838927393342885, 36.85084433464597], [34.837310425831475, 36.85084433464597], [34.837310425831475, 36.85192231298691], [34.83461547997911, 36.85192231298691], [34.83461547997911, 36.85246130215738], [34.8329985124677, 36.85246130215738], [34.8329985124677, 36.85192231298691], [34.83138154495629, 36.85192231298691], [34.83138154495629, 36.85246130215738], [34.83084255578581, 36.85246130215738], [34.83084255578581, 36.853539280498325], [34.830303566615356, 36.853539280498325], [34.830303566615356, 36.85300029132785], [34.82976457744488, 36.85300029132785], [34.82976457744488, 36.85246130215738], [34.830303566615356, 36.85246130215738], [34.830303566615356, 36.85192231298691], [34.82976457744488, 36.85192231298691], [34.82976457744488, 36.851383323816435], [34.82868659910392, 36.851383323816435], [34.82868659910392, 36.85084433464597], [34.8292255882744, 36.85084433464597], [34.8292255882744, 36.8503053454755], [34.830303566615356, 36.8503053454755], [34.830303566615356, 36.85084433464597], [34.8329985124677, 36.85084433464597], [34.8329985124677, 36.849766356305025], [34.835154469149586, 36.849766356305025], [34.835154469149586, 36.84653242128219]], [[34.833537501638176, 36.85084433464597], [34.833537501638176, 36.851383323816435], [34.8329985124677, 36.851383323816435], [34.8329985124677, 36.85084433464597], [34.833537501638176, 36.85084433464597]]]}, "id": "+398592+87484", "properties": {"area_ha": 22.706953410928698, "count": 79, "label": 1, "mean_dnbr": 0.4020825750180152}}, {"type": "Feature", "geometry": {"geodesic": false, "type": "Polygon", "coordinates": [[[34.837310425831475, 36.88210570653332], [34.837849415001955, 36.88210570653332], [34.837849415001955, 36.882644695703796], [34.838388404172434, 36.882644695703796], [34.838388404172434, 36.88318368487427], [34.837849415001955, 36.88318368487427], [34.837849415001955, 36.88426166321521], [34.838388404172434, 36.88426166321521], [34.838388404172434, 36.88533964155616], [34.837849415001955, 36.88533964155616], [34.837849415001955, 36.884800652385685], [34.835693458320065, 36.884800652385685], [34.835693458320065, 36.88372267404474], [34.836771436660996, 36.88372267404474], [34.836771436660996, 36.882644695703796], [34.837310425831475, 36.882644695703796], [34.837310425831475, 36.88210570653332]]]}, "id": "+398593+87418", "properties": {"area_ha": 4.596869175120972, "count": 16, "label": 1, "mean_dnbr": 0.4166917333961399}}, {"type": "Feature", "geometry": {"geodesic": false, "type": "Polygon", "coordinates": [[[34.838927393342885, 36.816349027735775], [34.839466382513365, 36.816349027735775], [34.839466382513365, 36.81688801690625], [34.840005371683844, 36.81688801690625], [34.840005371683844, 36.818504984417665], [34.839466382513365, 36.818504984417665], [34.839466382513365, 36.81904397358814], [34.840005371683844, 36.81904397358814], [34.840005371683844, 36.820660941099554], [34.838388404172434, 36.820660941099554], [34.838388404172434, 36.82119993027002], [34.837310425831475, 36.82119993027002], [34.837310425831475, 36.82012195192908], [34.838927393342885, 36.82012195192908], [34.838927393342885, 36.81958296275861], [34.837849415001955, 36.81958296275861], [34.837849415001955, 36.81904397358814], [34.838388404172434, 36.81904397358814], [34.838388404172434, 36.81796599524719], [34.837849415001955, 36.81796599524719], [34.837849415001955, 36.81688801690625], [34.838927393342885, 36.81688801690625], [34.838927393342885, 36.816349027735775]]]}, "id": "+398596+87540", "properties": {"area_ha": 7.763806491380416, "count": 27, "label": 1, "mean_dnbr": 0.4028818072721172}}, {"type": "Feature", "geometry": {"geodesic": false, "type": "Polygon", "coordinates": [[[34.838927393342885, 36.83844758372512], [34.840005371683844, 36.83844758372512], [34.840005371683844, 36.83898657289559], [34.840544360854295, 36.83898657289559], [34.840544360854295, 36.83952556206606], [34.841083350024775, 36.83952556206606], [34.841083350024775, 36.840603540407], [34.841622339195254, 36.840603540407], [34.841622339195254, 36.84006455123653], [34.842161328365734, 36.84006455123653], [34.842161328365734, 36.83952556206606], [34.842700317536185, 36.83952556206606], [34.842700317536185, 36.84006455123653], [34.843239306706664, 36.84006455123653], [34.843239306706664, 36.840603540407], [34.841622339195254, 36.840603540407], [34.841622339195254, 36.841142529577475], [34.841083350024775, 36.841142529577475], [34.841083350024775, 36.84168151874795], [34.841622339195254, 36.84168151874795], [34.841622339195254, 36.84275949708889], [34.842700317536185, 36.84275949708889], [34.842700317536185, 36.84383747542984], [34.840544360854295, 36.84383747542984], [34.840544360854295, 36.84437646460031], [34.840005371683844, 36.84437646460031], [34.840005371683844, 36.84491545377078], [34.838927393342885, 36.84491545377078], [34.838927393342885, 36.84437646460031], [34.840005371683844, 36.84437646460031], [34.840005371683844, 36.843298486259364], [34.840544360854295, 36.843298486259364], [34.840544360854295, 36.84168151874795], [34.840005371683844, 36.84168151874795], [34.840005371683844, 36.841142529577475], [34.838927393342885, 36.841142529577475], [34.838927393342885, 36.840603540407], [34.838388404172434, 36.840603540407], [34.838388404172434, 36.83952556206606], [34.837849415001955, 36.83952556206606], [34.837849415001955, 36.83898657289559], [34.838388404172434, 36.83898657289559], [34.838388404172434, 36.83952556206606], [34.838927393342885, 36.83952556206606], [34.838927393342885, 36.840603540407], [34.839466382513365, 36.840603540407], [34.839466382513365, 36.83898657289559], [34.838927393342885, 36.83898657289559], [34.838927393342885, 36.83844758372512]]]}, "id": "+398597+87499", "properties": {"area_ha": 11.498554031185561, "count": 40, "label": 1, "mean_dnbr": 0.30770225714478194}}, {"type": "Feature", "geometry": {"geodesic": false, "type": "Polygon", "coordinates": [[[34.838388404172434, 36.85192231298691], [34.841622339195254, 36.85192231298691], [34.841622339195254, 36.8540782696688], [34.840005371683844, 36.8540782696688], [34.840005371683844, 36.85300029132785], [34.838927393342885, 36.85300029132785], [34.838927393342885, 36.853539280498325], [34.839466382513365, 36.853539280498325], [34.839466382513365, 36.85461725883927], [34.840005371683844, 36.85461725883927], [34.840005371683844, 36.85515624800974], [34.840544360854295, 36.85515624800974], [34.840544360854295, 36.856234226350686], [34.841083350024775, 36.856234226350686], [34.841083350024775, 36.85677321552116], [34.841622339195254, 36.85677321552116], [34.841622339195254, 36.857851193862096], [34.840544360854295, 36.857851193862096], [34.840544360854295, 36.85839018303257], [34.839466382513365, 36.85839018303257], [34.839466382513365, 36.85892917220304], [34.838927393342885, 36.85892917220304], [34.838927393342885, 36.85839018303257], [34.838388404172434, 36.85839018303257], [34.838388404172434, 36.857312204691624], [34.837849415001955, 36.857312204691624], [34.837849415001955, 36.856234226350686], [34.837310425831475, 36.856234226350686], [34.837310425831475, 36.85677321552116], [34.836771436660996, 36.85677321552116], [34.836771436660996, 36.857312204691624], [34.837310425831475, 36.857312204691624], [34.837310425831475, 36.857851193862096], [34.836771436660996, 36.857851193862096], [34.836771436660996, 36.85839018303257], [34.835154469149586, 36.85839018303257], [34.835154469149586, 36.857851193862096], [34.83461547997911, 36.857851193862096], [34.83461547997911, 36.857312204691624], [34.835154469149586, 36.857312204691624], [34.835154469149586, 36.85677321552116], [34.835693458320065, 36.85677321552116], [34.835693458320065, 36.856234226350686], [34.835154469149586, 36.856234226350686], [34.835154469149586, 36.85515624800974], [34.835693458320065, 36.85515624800974], [34.835693458320065, 36.85461725883927], [34.836232447490545, 36.85461725883927], [34.836232447490545, 36.85300029132785], [34.838927393342885, 36.85300029132785], [34.838927393342885, 36.85246130215738], [34.838388404172434, 36.85246130215738], [34.838388404172434, 36.85192231298691]]]}, "id": "+398600+87474", "properties": {"area_ha": 28.741055689908865, "count": 100, "label": 1, "mean_dnbr": 0.3371008409126724}}, {"type": "Feature", "geometry": {"geodesic": false, "type": "Polygon", "coordinates": [[[34.840544360854295, 36.8788717715105], [34.842700317536185, 36.8788717715105], [34.842700317536185, 36.880488739021914], [34.843239306706664, 36.880488739021914], [34.843239306706664, 36.88156671736285], [34.842700317536185, 36.88156671736285], [34.842700317536185, 36.88210570653332], [34.840544360854295, 36.88210570653332], [34.840544360854295, 36.88156671736285], [34.840005371683844, 36.88156671736285], [34.840005371683844, 36.881027728192386], [34.839466382513365, 36.881027728192386], [34.839466382513365, 36.880488739021914], [34.838927393342885, 36.880488739021914], [34.838927393342885, 36.87994974985144], [34.840005371683844, 36.87994974985144], [34.840005371683844, 36.87941076068097], [34.840544360854295, 36.87941076068097], [34.840544360854295, 36.8788717715105]]]}, "id": "+398602+87424", "properties": {"area_ha": 9.48144521134344, "count": 33, "label": 1, "mean_dnbr": 0.39856390370676215}}, {"type": "Feature", "geometry": {"geodesic": false, "type": "Polygon", "coordinates": [[[34.843239306706664, 36.82712881114521], [34.843778295877144, 36.82712881114521], [34.843778295877144, 36.82766780031568], [34.84431728504762, 36.82766780031568], [34.84431728504762, 36.828745778656625], [34.84593425255903, 36.828745778656625], [34.84593425255903, 36.8292847678271], [34.84539526338855, 36.8292847678271], [34.84539526338855, 36.830901735338514], [34.84593425255903, 36.830901735338514], [34.84593425255903, 36.833057692020404], [34.846473241729484, 36.833057692020404], [34.846473241729484, 36.83359668119087], [34.84539526338855, 36.83359668119087], [34.84539526338855, 36.83197971367946], [34.844856274218074, 36.83197971367946], [34.844856274218074, 36.8292847678271], [34.84431728504762, 36.8292847678271], [34.84431728504762, 36.828745778656625], [34.843778295877144, 36.828745778656625], [34.843778295877144, 36.82766780031568], [34.843239306706664, 36.82766780031568], [34.843239306706664, 36.82712881114521]]]}, "id": "+398604+87520", "properties": {"area_ha": 4.887575945695626, "count": 17, "label": 1, "mean_dnbr": 0.24349136832566878}}, {"type": "Feature", "geometry": {"geodesic": false, "type": "Polygon", "coordinates": [[[34.84431728504762, 36.80880317934918], [34.844856274218074, 36.80880317934918], [34.844856274218074, 36.80934216851964], [34.84539526338855, 36.80934216851964], [34.84539526338855, 36.809881157690114], [34.84809020924092, 36.809881157690114], [34.84809020924092, 36.80934216851964], [34.84862919841137, 36.80934216851964], [34.84862919841137, 36.81042014686059], [34.84701223089996, 36.81042014686059], [34.84701223089996, 36.81095913603106], [34.84539526338855, 36.81095913603106], [34.84539526338855, 36.812037114372], [34.84593425255903, 36.812037114372], [34.84593425255903, 36.81311509271295], [34.84539526338855, 36.81311509271295], [34.84539526338855, 36.81365408188342], [34.843239306706664, 36.81365408188342], [34.843239306706664, 36.81311509271295], [34.843778295877144, 36.81311509271295], [34.843778295877144, 36.812037114372], [34.84431728504762, 36.812037114372], [34.84431728504762, 36.81149812520153], [34.844856274218074, 36.81149812520153], [34.844856274218074, 36.80934216851964], [34.84431728504762, 36.80934216851964], [34.84431728504762, 36.80880317934918]]]}, "id": "+398606+87554", "properties": {"area_ha": 8.339711705129067, "count": 29, "label": 1, "mean_dnbr": 0.38103045349628073}}, {"type": "Feature", "geometry": {"geodesic": false, "type": "Polygon", "coordinates": [[[34.84539526338855, 36.9149840459321], [34.846473241729484, 36.9149840459321], [34.846473241729484, 36.91660101344352], [34.84593425255903, 36.91660101344352], [34.84593425255903, 36.917678991784456], [34.84539526338855, 36.917678991784456], [34.84539526338855, 36.91821798095493], [34.84431728504762, 36.91821798095493], [34.84431728504762, 36.9187569701254], [34.842700317536185, 36.9187569701254], [34.842700317536185, 36.91821798095493], [34.843239306706664, 36.91821798095493], [34.843239306706664, 36.917678991784456], [34.844856274218074, 36.917678991784456], [34.844856274218074, 36.91714000261399], [34.84539526338855, 36.91714000261399], [34.84539526338855, 36.91660101344352], [34.84593425255903, 36.91660101344352], [34.84593425255903, 36.915523035102574], [34.84539526338855, 36.915523035102574], [34.84539526338855, 36.9149840459321]]]}, "id": "+398609+87357", "properties": {"area_ha": 4.020495393982895, "count": 14, "label": 1, "mean_dnbr": 0.3243344389671233}}, {"type": "Feature", "geometry": {"geodesic": false, "type": "Polygon", "coordinates": [[[34.844856274218074, 36.81419307105389], [34.846473241729484, 36.81419307105389], [34.846473241729484, 36.81527104939483], [34.84701223089996, 36.81527104939483], [34.84701223089996, 36.816349027735775], [34.846473241729484, 36.816349027735775], [34.846473241729484, 36.81688801690625], [34.84593425255903, 36.81688801690625], [34.84593425255903, 36.818504984417665], [34.846473241729484, 36.818504984417665], [34.846473241729484, 36.81904397358814], [34.844856274218074, 36.81904397358814], [34.844856274218074, 36.818504984417665], [34.84431728504762, 36.818504984417665], [34.84431728504762, 36.81688801690625], [34.843778295877144, 36.81688801690625], [34.843778295877144, 36.816349027735775], [34.842700317536185, 36.816349027735775], [34.842700317536185, 36.8158100385653], [34.84431728504762, 36.8158100385653], [34.84431728504762, 36.81688801690625], [34.84539526338855, 36.81688801690625], [34.84539526338855, 36.8158100385653], [34.844856274218074, 36.8158100385653], [34.844856274218074, 36.81419307105389]]]}, "id": "+398609+87544", "properties": {"area_ha": 8.914267004550837, "count": 31, "label": 1, "mean_dnbr": 0.33707647802044405}}, {"type": "Feature", "geometry": {"geodesic": false, "type": "Polygon", "coordinates": [[[34.846473241729484, 36.8368306162137], [34.84755122007044, 36.8368306162137], [34.84755122007044, 36.837369605384175], [34.84809020924092, 36.837369605384175], [34.84809020924092, 36.83898657289559], [34.844856274218074, 36.83898657289559], [34.844856274218074, 36.83790859455465], [34.84593425255903, 36.83790859455465], [34.84593425255903, 36.837369605384175], [34.846473241729484, 36.837369605384175], [34.846473241729484, 36.8368306162137]]]}, "id": "+398611+87502", "properties": {"area_ha": 5.174588877796832, "count": 18, "label": 1, "mean_dnbr": 0.382553934338025}}, {"type": "Feature", "geometry": {"geodesic": false, "type": "Polygon", "coordinates": [[[34.84970717675233, 36.80503025515587], [34.85078515509326, 36.80503025515587], [34.85078515509326, 36.80556924432634], [34.85132414426374, 36.80556924432634], [34.85132414426374, 36.806108233496815], [34.85078515509326, 36.806108233496815], [34.85078515509326, 36.80772520100823], [34.85132414426374, 36.80772520100823], [34.85132414426374, 36.80664722266729], [34.85186313343422, 36.80664722266729], [34.85186313343422, 36.80718621183776], [34.85240212260467, 36.80718621183776], [34.85240212260467, 36.80772520100823], [34.85132414426374, 36.80772520100823], [34.85132414426374, 36.808264190178704], [34.85078515509326, 36.808264190178704], [34.85078515509326, 36.80880317934918], [34.84970717675233, 36.80880317934918], [34.84970717675233, 36.80772520100823], [34.84916818758185, 36.80772520100823], [34.84916818758185, 36.80664722266729], [34.85024616592281, 36.80664722266729], [34.85024616592281, 36.80556924432634], [34.84970717675233, 36.80556924432634], [34.84970717675233, 36.80503025515587]]]}, "id": "+398617+87561", "properties": {"area_ha": 5.464258860155433, "count": 19, "label": 1, "mean_dnbr": 0.362830334059784}}, {"type": "Feature", "geometry": {"geodesic": false, "type": "Polygon", "coordinates": [[[34.85078515509326, 36.90797718671597], [34.85132414426374, 36.90797718671597], [34.85132414426374, 36.909594154227385], [34.85186313343422, 36.909594154227385], [34.85186313343422, 36.90905516505691], [34.85240212260467, 36.90905516505691], [34.85240212260467, 36.91175011090927], [34.85294111177515, 36.91175011090927], [34.85294111177515, 36.91228910007974], [34.85132414426374, 36.91228910007974], [34.85132414426374, 36.91175011090927], [34.85078515509326, 36.91175011090927], [34.85078515509326, 36.91067213256833], [34.85024616592281, 36.91067213256833], [34.85024616592281, 36.90851617588644], [34.85078515509326, 36.90851617588644], [34.85078515509326, 36.90797718671597]]]}, "id": "+398618+87370", "properties": {"area_ha": 6.6056997051816175, "count": 23, "label": 1, "mean_dnbr": 0.30540287845305303}}, {"type": "Feature", "geometry": {"geodesic": false, "type": "Polygon", "coordinates": [[[34.85240212260467, 36.8901905440904], [34.85294111177515, 36.8901905440904], [34.85294111177515, 36.890729533260874], [34.85240212260467, 36.890729533260874], [34.85240212260467, 36.89234650077229], [34.85509706845704, 36.89234650077229], [34.85509706845704, 36.891268522431346], [34.85563605762752, 36.891268522431346], [34.85563605762752, 36.89180751160182], [34.856175046798, 36.89180751160182], [34.856175046798, 36.89234650077229], [34.85509706845704, 36.89234650077229], [34.85509706845704, 36.89342447911323], [34.85132414426374, 36.89342447911323], [34.85132414426374, 36.8939634682837], [34.84916818758185, 36.8939634682837], [34.84916818758185, 36.89342447911323], [34.84862919841137, 36.89342447911323], [34.84862919841137, 36.89288548994276], [34.84916818758185, 36.89288548994276], [34.84916818758185, 36.89234650077229], [34.84970717675233, 36.89234650077229], [34.84970717675233, 36.891268522431346], [34.85024616592281, 36.891268522431346], [34.85024616592281, 36.890729533260874], [34.85078515509326, 36.890729533260874], [34.85078515509326, 36.8901905440904], [34.85132414426374, 36.8901905440904], [34.85132414426374, 36.890729533260874], [34.85240212260467, 36.890729533260874], [34.85240212260467, 36.8901905440904]], [[34.85240212260467, 36.89234650077229], [34.85240212260467, 36.89288548994276], [34.85186313343422, 36.89288548994276], [34.85186313343422, 36.89234650077229], [34.85240212260467, 36.89234650077229]], [[34.85132414426374, 36.890729533260874], [34.85132414426374, 36.891268522431346], [34.85078515509326, 36.891268522431346], [34.85078515509326, 36.890729533260874], [34.85132414426374, 36.890729533260874]]]}, "id": "+398621+87403", "properties": {"area_ha": 12.639986261143527, "count": 44, "label": 1, "mean_dnbr": 0.2712410474065826}}, {"type": "Feature", "geometry": {"geodesic": false, "type": "Polygon", "coordinates": [[[34.85132414426374, 36.81149812520153], [34.85294111177515, 36.81149812520153], [34.85294111177515, 36.812576103542476], [34.85348010094563, 36.812576103542476], [34.85348010094563, 36.81311509271295], [34.85455807928656, 36.81311509271295], [34.85455807928656, 36.812576103542476], [34.856175046798, 36.812576103542476], [34.856175046798, 36.812037114372], [34.85725302513893, 36.812037114372], [34.85725302513893, 36.812576103542476], [34.85779201430941, 36.812576103542476], [34.85779201430941, 36.81365408188342], [34.85725302513893, 36.81365408188342], [34.85725302513893, 36.81419307105389], [34.85779201430941, 36.81419307105389], [34.85779201430941, 36.814732060224365], [34.85833100347986, 36.814732060224365], [34.85833100347986, 36.8158100385653], [34.85779201430941, 36.8158100385653], [34.85779201430941, 36.816349027735775], [34.85833100347986, 36.816349027735775], [34.85833100347986, 36.81742700607672], [34.85886999265034, 36.81742700607672], [34.85886999265034, 36.818504984417665], [34.85940898182082, 36.818504984417665], [34.85940898182082, 36.82012195192908], [34.86048696016175, 36.82012195192908], [34.86048696016175, 36.820660941099554], [34.8599479709913, 36.820660941099554], [34.8599479709913, 36.82119993027002], [34.86048696016175, 36.82119993027002], [34.86048696016175, 36.82173891944049], [34.86102594933223, 36.82173891944049], [34.86102594933223, 36.82389487612238], [34.86156493850271, 36.82389487612238], [34.86156493850271, 36.82443386529285], [34.86048696016175, 36.82443386529285], [34.86048696016175, 36.82335588695191], [34.8599479709913, 36.82335588695191], [34.8599479709913, 36.82173891944049], [34.85886999265034, 36.82173891944049], [34.85886999265034, 36.82119993027002], [34.85833100347986, 36.82119993027002], [34.85833100347986, 36.82012195192908], [34.85779201430941, 36.82012195192908], [34.85779201430941, 36.818504984417665], [34.85725302513893, 36.818504984417665], [34.85725302513893, 36.81742700607672], [34.85671403596845, 36.81742700607672], [34.85671403596845, 36.81688801690625], [34.856175046798, 36.81688801690625], [34.856175046798, 36.816349027735775], [34.85671403596845, 36.816349027735775], [34.85671403596845, 36.81527104939483], [34.856175046798, 36.81527104939483], [34.856175046798, 36.814732060224365], [34.85671403596845, 36.814732060224365], [34.85671403596845, 36.81419307105389], [34.85455807928656, 36.81419307105389], [34.85455807928656, 36.8158100385653], [34.85509706845704, 36.8158100385653], [34.85509706845704, 36.816349027735775], [34.85455807928656, 36.816349027735775], [34.85455807928656, 36.8158100385653], [34.85401909011611, 36.8158100385653], [34.85401909011611, 36.814732060224365], [34.85348010094563, 36.814732060224365], [34.85348010094563, 36.81419307105389], [34.85294111177515, 36.81419307105389], [34.85294111177515, 36.81311509271295], [34.85186313343422, 36.81311509271295], [34.85186313343422, 36.812576103542476], [34.85132414426374, 36.812576103542476], [34.85132414426374, 36.81149812520153]], [[34.85779201430941, 36.81527104939483], [34.85779201430941, 36.8158100385653], [34.85725302513893, 36.8158100385653], [34.85725302513893, 36.81527104939483], [34.85779201430941, 36.81527104939483]]]}, "id": "+398621+87549", "properties": {"area_ha": 25.8801401198502, "count": 90, "label": 1, "mean_dnbr": 0.43924776886958317}}, {"type": "Feature", "geometry": {"geodesic": false, "type": "Polygon", "coordinates": [[[34.85186313343422, 36.868630977271536], [34.85348010094563, 36.868630977271536], [34.85348010094563, 36.870247944782946], [34.85401909011611, 36.870247944782946], [34.85401909011611, 36.87186491229436], [34.85455807928656, 36.87186491229436], [34.85455807928656, 36.870247944782946], [34.85509706845704, 36.870247944782946], [34.85509706845704, 36.87078693395342], [34.85563605762752, 36.87078693395342], [34.85563605762752, 36.87132592312389], [34.85671403596845, 36.87132592312389], [34.85671403596845, 36.87348187980578], [34.85563605762752, 36.87348187980578], [34.85563605762752, 36.87402086897625], [34.85455807928656, 36.87402086897625], [34.85455807928656, 36.87294289063531], [34.85401909011611, 36.87294289063531], [34.85401909011611, 36.872403901464835], [34.85348010094563, 36.872403901464835], [34.85348010094563, 36.87186491229436], [34.85294111177515, 36.87186491229436], [34.85294111177515, 36.87132592312389], [34.85240212260467, 36.87132592312389], [34.85240212260467, 36.869708955612474], [34.85186313343422, 36.869708955612474], [34.85186313343422, 36.868630977271536]]]}, "id": "+398622+87443", "properties": {"area_ha": 11.494021938271121, "count": 40, "label": 1, "mean_dnbr": 0.3562124343757449}}, {"type": "Feature", "geometry": {"geodesic": false, "type": "Polygon", "coordinates": [[[34.85294111177515, 36.80179632013304], [34.85348010094563, 36.80179632013304], [34.85348010094563, 36.802335309303515], [34.85401909011611, 36.802335309303515], [34.85401909011611, 36.80341328764445], [34.85563605762752, 36.80341328764445], [34.85563605762752, 36.80287429847399], [34.85725302513893, 36.80287429847399], [34.85725302513893, 36.8044912659854], [34.856175046798, 36.8044912659854], [34.856175046798, 36.803952276814925], [34.85563605762752, 36.803952276814925], [34.85563605762752, 36.80503025515587], [34.85401909011611, 36.80503025515587], [34.85401909011611, 36.8044912659854], [34.85348010094563, 36.8044912659854], [34.85348010094563, 36.80341328764445], [34.85294111177515, 36.80341328764445], [34.85294111177515, 36.80179632013304]]]}, "id": "+398622+87567", "properties": {"area_ha": 6.902526477578803, "count": 24, "label": 1, "mean_dnbr": 0.40070302665317975}}, {"type": "Feature", "geometry": {"geodesic": false, "type": "Polygon", "coordinates": [[[34.85294111177515, 36.77861978580276], [34.85348010094563, 36.77861978580276], [34.85348010094563, 36.779158774973226], [34.85455807928656, 36.779158774973226], [34.85455807928656, 36.78077574248464], [34.85294111177515, 36.78077574248464], [34.85294111177515, 36.781314731655115], [34.85186313343422, 36.781314731655115], [34.85186313343422, 36.78185372082559], [34.85078515509326, 36.78185372082559], [34.85078515509326, 36.78239270999606], [34.84970717675233, 36.78239270999606], [34.84970717675233, 36.78077574248464], [34.85024616592281, 36.78077574248464], [34.85024616592281, 36.78023675331417], [34.85078515509326, 36.78023675331417], [34.85078515509326, 36.7796977641437], [34.85186313343422, 36.7796977641437], [34.85186313343422, 36.779158774973226], [34.85294111177515, 36.779158774973226], [34.85294111177515, 36.77861978580276]]]}, "id": "+398622+87610", "properties": {"area_ha": 9.49385089250701, "count": 33, "label": 1, "mean_dnbr": 0.2927513802858369}}, {"type": "Feature", "geometry": {"geodesic": false, "type": "Polygon", "coordinates": [[[34.85348010094563, 36.816349027735775], [34.85401909011611, 36.816349027735775], [34.85401909011611, 36.81688801690625], [34.85455807928656, 36.81688801690625], [34.85455807928656, 36.81742700607672], [34.85509706845704, 36.81742700607672], [34.85509706845704, 36.818504984417665], [34.85132414426374, 36.818504984417665], [34.85132414426374, 36.81904397358814], [34.85078515509326, 36.81904397358814], [34.85078515509326, 36.818504984417665], [34.85024616592281, 36.818504984417665], [34.85024616592281, 36.81796599524719], [34.85132414426374, 36.81796599524719], [34.85132414426374, 36.81742700607672], [34.85186313343422, 36.81742700607672], [34.85186313343422, 36.81688801690625], [34.85348010094563, 36.81688801690625], [34.85348010094563, 36.816349027735775]]]}, "id": "+398623+87540", "properties": {"area_ha": 6.6137373510595205, "count": 23, "label": 1, "mean_dnbr": 0.47725717483280644}}, {"type": "Feature", "geometry": {"geodesic": false, "type": "Polygon", "coordinates": [[[34.85401909011611, 36.87725480399908], [34.85455807928656, 36.87725480399908], [34.85455807928656, 36.87779379316955], [34.85509706845704, 36.87779379316955], [34.85509706845704, 36.8788717715105], [34.85563605762752, 36.8788717715105], [34.85563605762752, 36.87941076068097], [34.856175046798, 36.87941076068097], [34.856175046798, 36.878332782340024], [34.85725302513893, 36.878332782340024], [34.85725302513893, 36.87779379316955], [34.85779201430941, 36.87779379316955], [34.85779201430941, 36.878332782340024], [34.85833100347986, 36.878332782340024], [34.85833100347986, 36.8788717715105], [34.85779201430941, 36.8788717715105], [34.85779201430941, 36.878332782340024], [34.85725302513893, 36.878332782340024], [34.85725302513893, 36.87941076068097], [34.856175046798, 36.87941076068097], [34.856175046798, 36.87994974985144], [34.85563605762752, 36.87994974985144], [34.85563605762752, 36.880488739021914], [34.85455807928656, 36.880488739021914], [34.85455807928656, 36.87994974985144], [34.85401909011611, 36.87994974985144], [34.85401909011611, 36.87941076068097], [34.85348010094563, 36.87941076068097], [34.85348010094563, 36.87994974985144], [34.85240212260467, 36.87994974985144], [34.85240212260467, 36.880488739021914], [34.85186313343422, 36.880488739021914], [34.85186313343422, 36.87941076068097], [34.85294111177515, 36.87941076068097], [34.85294111177515, 36.878332782340024], [34.85348010094563, 36.878332782340024], [34.85348010094563, 36.87779379316955], [34.85401909011611, 36.87779379316955], [34.85401909011611, 36.87725480399908]]]}, "id": "+398624+87427", "properties": {"area_ha": 8.332340177101013, "count": 29, "label": 1, "mean_dnbr": 0.30174250955006815}}, {"type": "Feature", "geometry": {"geodesic": false, "type": "Polygon", "coordinates": [[[34.85509706845704, 36.8750988473172], [34.856175046798, 36.8750988473172], [34.856175046798, 36.876176825658135], [34.85671403596845, 36.876176825658135], [34.85671403596845, 36.87725480399908], [34.85563605762752, 36.87725480399908], [34.85563605762752, 36.876176825658135], [34.85455807928656, 36.876176825658135], [34.85455807928656, 36.87671581482861], [34.85401909011611, 36.87671581482861], [34.85401909011611, 36.876176825658135], [34.85348010094563, 36.876176825658135], [34.85348010094563, 36.87563783648766], [34.85294111177515, 36.87563783648766], [34.85294111177515, 36.8750988473172], [34.85401909011611, 36.8750988473172], [34.85401909011611, 36.876176825658135], [34.85455807928656, 36.876176825658135], [34.85455807928656, 36.87563783648766], [34.85509706845704, 36.87563783648766], [34.85509706845704, 36.8750988473172]]]}, "id": "+398627+87431", "properties": {"area_ha": 3.7353342223651946, "count": 13, "label": 1, "mean_dnbr": 0.2366627329497396}}, {"type": "Feature", "geometry": {"geodesic": false, "type": "Polygon", "coordinates": [[[34.85509706845704, 36.82173891944049], [34.85725302513893, 36.82173891944049], [34.85725302513893, 36.822816897781436], [34.85779201430941, 36.822816897781436], [34.85779201430941, 36.82335588695191], [34.856175046798, 36.82335588695191], [34.856175046798, 36.8255118436338], [34.85563605762752, 36.8255118436338], [34.85563605762752, 36.82605083280427], [34.85509706845704, 36.82605083280427], [34.85509706845704, 36.8255118436338], [34.85455807928656, 36.8255118436338], [34.85455807928656, 36.82389487612238], [34.85563605762752, 36.82389487612238], [34.85563605762752, 36.82335588695191], [34.856175046798, 36.82335588695191], [34.856175046798, 36.822816897781436], [34.85509706845704, 36.822816897781436], [34.85509706845704, 36.82173891944049]]]}, "id": "+398629+87530", "properties": {"area_ha": 6.325667709754703, "count": 22, "label": 1, "mean_dnbr": 0.3033925741005489}}, {"type": "Feature", "geometry": {"geodesic": false, "type": "Polygon", "coordinates": [[[34.85886999265034, 36.882644695703796], [34.86048696016175, 36.882644695703796], [34.86048696016175, 36.88318368487427], [34.86102594933223, 36.88318368487427], [34.86102594933223, 36.88372267404474], [34.86156493850271, 36.88372267404474], [34.86156493850271, 36.88426166321521], [34.86102594933223, 36.88426166321521], [34.86102594933223, 36.884800652385685], [34.86048696016175, 36.884800652385685], [34.86048696016175, 36.88533964155616], [34.8599479709913, 36.88533964155616], [34.8599479709913, 36.88587863072663], [34.86102594933223, 36.88587863072663], [34.86102594933223, 36.886956609067575], [34.8599479709913, 36.886956609067575], [34.8599479709913, 36.88803458740851], [34.85833100347986, 36.88803458740851], [34.85833100347986, 36.88749559823804], [34.85779201430941, 36.88749559823804], [34.85779201430941, 36.886956609067575], [34.85725302513893, 36.886956609067575], [34.85725302513893, 36.88372267404474], [34.85886999265034, 36.88372267404474], [34.85886999265034, 36.882644695703796]]]}, "id": "+398635+87417", "properties": {"area_ha": 15.514116074631447, "count": 54, "label": 1, "mean_dnbr": 0.4683147171991385}}, {"type": "Feature", "geometry": {"geodesic": false, "type": "Polygon", "coordinates": [[[34.85940898182082, 36.774846861609454], [34.86048696016175, 36.774846861609454], [34.86048696016175, 36.77538585077993], [34.86102594933223, 36.77538585077993], [34.86102594933223, 36.77700281829134], [34.86048696016175, 36.77700281829134], [34.86048696016175, 36.777541807461816], [34.8599479709913, 36.777541807461816], [34.8599479709913, 36.77700281829134], [34.85940898182082, 36.77700281829134], [34.85940898182082, 36.777541807461816], [34.85886999265034, 36.777541807461816], [34.85886999265034, 36.77808079663229], [34.85725302513893, 36.77808079663229], [34.85725302513893, 36.7759248399504], [34.85886999265034, 36.7759248399504], [34.85886999265034, 36.77538585077993], [34.85940898182082, 36.77538585077993], [34.85940898182082, 36.774846861609454]]]}, "id": "+398635+87617", "properties": {"area_ha": 8.055802504284793, "count": 28, "label": 1, "mean_dnbr": 0.1980852957756141}}, {"type": "Feature", "geometry": {"geodesic": false, "type": "Polygon", "coordinates": [[[34.85940898182082, 36.80718621183776], [34.86156493850271, 36.80718621183776], [34.86156493850271, 36.80772520100823], [34.86210392767319, 36.80772520100823], [34.86210392767319, 36.80880317934918], [34.86156493850271, 36.80880317934918], [34.86156493850271, 36.80934216851964], [34.8599479709913, 36.80934216851964], [34.8599479709913, 36.808264190178704], [34.85940898182082, 36.808264190178704], [34.85940898182082, 36.80934216851964], [34.85779201430941, 36.80934216851964], [34.85779201430941, 36.808264190178704], [34.85833100347986, 36.808264190178704], [34.85833100347986, 36.80772520100823], [34.85886999265034, 36.80772520100823], [34.85886999265034, 36.808264190178704], [34.85940898182082, 36.808264190178704], [34.85940898182082, 36.80718621183776]]]}, "id": "+398637+87557", "properties": {"area_ha": 6.614518922852576, "count": 23, "label": 1, "mean_dnbr": 0.49571278366774757}}, {"type": "Feature", "geometry": {"geodesic": false, "type": "Polygon", "coordinates": [[[34.86048696016175, 36.812576103542476], [34.86318190601412, 36.812576103542476], [34.86318190601412, 36.81419307105389], [34.86479887352553, 36.81419307105389], [34.86479887352553, 36.81365408188342], [34.86587685186649, 36.81365408188342], [34.86587685186649, 36.814732060224365], [34.86641584103694, 36.814732060224365], [34.86641584103694, 36.81527104939483], [34.86533786269601, 36.81527104939483], [34.86533786269601, 36.8158100385653], [34.86587685186649, 36.8158100385653], [34.86587685186649, 36.81958296275861], [34.86533786269601, 36.81958296275861], [34.86533786269601, 36.81904397358814], [34.86479887352553, 36.81904397358814], [34.86479887352553, 36.81796599524719], [34.86318190601412, 36.81796599524719], [34.86318190601412, 36.81688801690625], [34.86264291684364, 36.81688801690625], [34.86264291684364, 36.816349027735775], [34.86210392767319, 36.816349027735775], [34.86210392767319, 36.8158100385653], [34.86156493850271, 36.8158100385653], [34.86156493850271, 36.814732060224365], [34.86048696016175, 36.814732060224365], [34.86048696016175, 36.81365408188342], [34.8599479709913, 36.81365408188342], [34.8599479709913, 36.81311509271295], [34.86048696016175, 36.81311509271295], [34.86048696016175, 36.812576103542476]], [[34.86318190601412, 36.81419307105389], [34.86318190601412, 36.81527104939483], [34.8637208951846, 36.81527104939483], [34.8637208951846, 36.8158100385653], [34.86318190601412, 36.8158100385653], [34.86318190601412, 36.816349027735775], [34.86264291684364, 36.816349027735775], [34.86264291684364, 36.81419307105389], [34.86318190601412, 36.81419307105389]]]}, "id": "+398640+87547", "properties": {"area_ha": 19.26659033497326, "count": 67, "label": 1, "mean_dnbr": 0.4278567750637434}}, {"type": "Feature", "geometry": {"geodesic": false, "type": "Polygon", "coordinates": [[[34.86318190601412, 36.79694541759879], [34.8637208951846, 36.79694541759879], [34.8637208951846, 36.797484406769264], [34.86425988435505, 36.797484406769264], [34.86425988435505, 36.79802339593974], [34.86318190601412, 36.79802339593974], [34.86318190601412, 36.799640363451154], [34.86210392767319, 36.799640363451154], [34.86210392767319, 36.79910137428068], [34.86264291684364, 36.79910137428068], [34.86264291684364, 36.79856238511021], [34.86048696016175, 36.79856238511021], [34.86048696016175, 36.79802339593974], [34.86156493850271, 36.79802339593974], [34.86156493850271, 36.797484406769264], [34.86318190601412, 36.797484406769264], [34.86318190601412, 36.79694541759879]]]}, "id": "+398641+87576", "properties": {"area_ha": 4.026766885337867, "count": 14, "label": 1, "mean_dnbr": 0.2140713841947919}}, {"type": "Feature", "geometry": {"geodesic": false, "type": "Polygon", "coordinates": [[[34.86425988435505, 36.86485805307823], [34.86479887352553, 36.86485805307823], [34.86479887352553, 36.865936031419174], [34.86425988435505, 36.865936031419174], [34.86425988435505, 36.86647502058965], [34.86479887352553, 36.86647502058965], [34.86479887352553, 36.86755299893059], [34.86425988435505, 36.86755299893059], [34.86425988435505, 36.86701400976012], [34.8637208951846, 36.86701400976012], [34.8637208951846, 36.86755299893059], [34.86318190601412, 36.86755299893059], [34.86318190601412, 36.86647502058965], [34.86264291684364, 36.86647502058965], [34.86264291684364, 36.865936031419174], [34.86318190601412, 36.865936031419174], [34.86318190601412, 36.8653970422487], [34.8637208951846, 36.8653970422487], [34.8637208951846, 36.865936031419174], [34.86425988435505, 36.865936031419174], [34.86425988435505, 36.86485805307823]]]}, "id": "+398643+87450", "properties": {"area_ha": 3.1610679206416488, "count": 11, "label": 1, "mean_dnbr": 0.24279948108378652}}, {"type": "Feature", "geometry": {"geodesic": false, "type": "Polygon", "coordinates": [[[34.86479887352553, 36.85515624800974], [34.86533786269601, 36.85515624800974], [34.86533786269601, 36.856234226350686], [34.86587685186649, 36.856234226350686], [34.86587685186649, 36.855695237180214], [34.86964977605979, 36.855695237180214], [34.86964977605979, 36.86108512888493], [34.8674938193779, 36.86108512888493], [34.8674938193779, 36.8616241180554], [34.86641584103694, 36.8616241180554], [34.86641584103694, 36.86324108556681], [34.86533786269601, 36.86324108556681], [34.86533786269601, 36.86431906390776], [34.86425988435505, 36.86431906390776], [34.86425988435505, 36.86324108556681], [34.8637208951846, 36.86324108556681], [34.8637208951846, 36.86270209639635], [34.86318190601412, 36.86270209639635], [34.86318190601412, 36.862163107225875], [34.86264291684364, 36.862163107225875], [34.86264291684364, 36.86270209639635], [34.86048696016175, 36.86270209639635], [34.86048696016175, 36.862163107225875], [34.86102594933223, 36.862163107225875], [34.86102594933223, 36.8616241180554], [34.86264291684364, 36.8616241180554], [34.86264291684364, 36.86054613971446], [34.86318190601412, 36.86054613971446], [34.86318190601412, 36.860007150543986], [34.8637208951846, 36.860007150543986], [34.8637208951846, 36.85839018303257], [34.86318190601412, 36.85839018303257], [34.86318190601412, 36.85892917220304], [34.86210392767319, 36.85892917220304], [34.86210392767319, 36.85839018303257], [34.86102594933223, 36.85839018303257], [34.86102594933223, 36.857312204691624], [34.86479887352553, 36.857312204691624], [34.86479887352553, 36.856234226350686], [34.86425988435505, 36.856234226350686], [34.86425988435505, 36.855695237180214], [34.86479887352553, 36.855695237180214], [34.86479887352553, 36.85515624800974]], [[34.86479887352553, 36.86054613971446], [34.86479887352553, 36.8616241180554], [34.86425988435505, 36.8616241180554], [34.86425988435505, 36.86054613971446], [34.86479887352553, 36.86054613971446]], [[34.86641584103694, 36.85946816137351], [34.86641584103694, 36.860007150543986], [34.86695483020742, 36.860007150543986], [34.86695483020742, 36.86054613971446], [34.86641584103694, 36.86054613971446], [34.86641584103694, 36.8616241180554], [34.86587685186649, 36.8616241180554], [34.86587685186649, 36.85946816137351], [34.86641584103694, 36.85946816137351]], [[34.86587685186649, 36.857312204691624], [34.86587685186649, 36.85839018303257], [34.86533786269601, 36.85839018303257], [34.86533786269601, 36.857312204691624], [34.86587685186649, 36.857312204691624]]]}, "id": "+398644+87468", "properties": {"area_ha": 42.821970487916566, "count": 149, "label": 1, "mean_dnbr": 0.23826630830483123}}, {"type": "Feature", "geometry": {"geodesic": false, "type": "Polygon", "coordinates": [[[34.8637208951846, 36.803952276814925], [34.86533786269601, 36.803952276814925], [34.86533786269601, 36.80503025515587], [34.86587685186649, 36.80503025515587], [34.86587685186649, 36.80556924432634], [34.86641584103694, 36.80556924432634], [34.86641584103694, 36.806108233496815], [34.86695483020742, 36.806108233496815], [34.86695483020742, 36.80718621183776], [34.86641584103694, 36.80718621183776], [34.86641584103694, 36.80772520100823], [34.86587685186649, 36.80772520100823], [34.86587685186649, 36.808264190178704], [34.86641584103694, 36.808264190178704], [34.86641584103694, 36.80934216851964], [34.86587685186649, 36.80934216851964], [34.86587685186649, 36.809881157690114], [34.86425988435505, 36.809881157690114], [34.86425988435505, 36.80880317934918], [34.8637208951846, 36.80880317934918], [34.8637208951846, 36.80772520100823], [34.86318190601412, 36.80772520100823], [34.86318190601412, 36.806108233496815], [34.8637208951846, 36.806108233496815], [34.8637208951846, 36.80503025515587], [34.86318190601412, 36.80503025515587], [34.86318190601412, 36.8044912659854], [34.8637208951846, 36.8044912659854], [34.8637208951846, 36.803952276814925]]]}, "id": "+398644+87563", "properties": {"area_ha": 14.95484665061851, "count": 52, "label": 1, "mean_dnbr": 0.6064444437920444}}, {"type": "Feature", "geometry": {"geodesic": false, "type": "Polygon", "coordinates": [[[34.86425988435505, 36.83844758372512], [34.86587685186649, 36.83844758372512], [34.86587685186649, 36.83952556206606], [34.86641584103694, 36.83952556206606], [34.86641584103694, 36.84006455123653], [34.8674938193779, 36.84006455123653], [34.8674938193779, 36.84168151874795], [34.86695483020742, 36.84168151874795], [34.86695483020742, 36.84275949708889], [34.8674938193779, 36.84275949708889], [34.8674938193779, 36.84383747542984], [34.86803280854838, 36.84383747542984], [34.86803280854838, 36.84653242128219], [34.86857179771883, 36.84653242128219], [34.86857179771883, 36.847610399623136], [34.86803280854838, 36.847610399623136], [34.86803280854838, 36.84653242128219], [34.8674938193779, 36.84653242128219], [34.8674938193779, 36.84707141045266], [34.86533786269601, 36.84707141045266], [34.86533786269601, 36.84814938879361], [34.86210392767319, 36.84814938879361], [34.86210392767319, 36.84653242128219], [34.86425988435505, 36.84653242128219], [34.86425988435505, 36.84707141045266], [34.86533786269601, 36.84707141045266], [34.86533786269601, 36.84653242128219], [34.86587685186649, 36.84653242128219], [34.86587685186649, 36.84599343211172], [34.86533786269601, 36.84599343211172], [34.86533786269601, 36.84437646460031], [34.86587685186649, 36.84437646460031], [34.86587685186649, 36.84275949708889], [34.86533786269601, 36.84275949708889], [34.86533786269601, 36.84222050791842], [34.86587685186649, 36.84222050791842], [34.86587685186649, 36.84168151874795], [34.86533786269601, 36.84168151874795], [34.86533786269601, 36.84006455123653], [34.86425988435505, 36.84006455123653], [34.86425988435505, 36.840603540407], [34.86318190601412, 36.840603540407], [34.86318190601412, 36.84168151874795], [34.86102594933223, 36.84168151874795], [34.86102594933223, 36.841142529577475], [34.86048696016175, 36.841142529577475], [34.86048696016175, 36.840603540407], [34.86318190601412, 36.840603540407], [34.86318190601412, 36.84006455123653], [34.86264291684364, 36.84006455123653], [34.86264291684364, 36.83952556206606], [34.86425988435505, 36.83952556206606], [34.86425988435505, 36.83844758372512]], [[34.8674938193779, 36.84599343211172], [34.8674938193779, 36.84653242128219], [34.86695483020742, 36.84653242128219], [34.86695483020742, 36.84599343211172], [34.8674938193779, 36.84599343211172]], [[34.86641584103694, 36.84006455123653], [34.86641584103694, 36.840603540407], [34.86587685186649, 36.840603540407], [34.86587685186649, 36.84006455123653], [34.86641584103694, 36.84006455123653]]]}, "id": "+398645+87499", "properties": {"area_ha": 25.871018825612495, "count": 90, "label": 1, "mean_dnbr": 0.3812937952118433}}, {"type": "Feature", "geometry": {"geodesic": false, "type": "Polygon", "coordinates": [[[34.8637208951846, 36.83359668119087], [34.86587685186649, 36.83359668119087], [34.86587685186649, 36.835213648702286], [34.86425988435505, 36.835213648702286], [34.86425988435505, 36.83575263787276], [34.86318190601412, 36.83575263787276], [34.86318190601412, 36.835213648702286], [34.86425988435505, 36.835213648702286], [34.86425988435505, 36.834674659531814], [34.86264291684364, 36.834674659531814], [34.86264291684364, 36.83413567036134], [34.8637208951846, 36.83413567036134], [34.8637208951846, 36.83359668119087]]]}, "id": "+398645+87508", "properties": {"area_ha": 4.31234086581979, "count": 15, "label": 1, "mean_dnbr": 0.3095088755159212}}, {"type": "Feature", "geometry": {"geodesic": false, "type": "Polygon", "coordinates": [[[34.86533786269601, 36.830901735338514], [34.8674938193779, 36.830901735338514], [34.8674938193779, 36.83144072450899], [34.86857179771883, 36.83144072450899], [34.86857179771883, 36.83197971367946], [34.86587685186649, 36.83197971367946], [34.86587685186649, 36.83144072450899], [34.86533786269601, 36.83144072450899], [34.86533786269601, 36.83251870284993], [34.86479887352553, 36.83251870284993], [34.86479887352553, 36.833057692020404], [34.86264291684364, 36.833057692020404], [34.86264291684364, 36.83144072450899], [34.86425988435505, 36.83144072450899], [34.86425988435505, 36.830901735338514], [34.86479887352553, 36.830901735338514], [34.86479887352553, 36.83144072450899], [34.86533786269601, 36.83144072450899], [34.86533786269601, 36.830901735338514]]]}, "id": "+398648+87513", "properties": {"area_ha": 6.899994830476258, "count": 24, "label": 1, "mean_dnbr": 0.23400205744698457}}, {"type": "Feature", "geometry": {"geodesic": false, "type": "Polygon", "coordinates": [[[34.8674938193779, 36.80664722266729], [34.86911078688931, 36.80664722266729], [34.86911078688931, 36.80772520100823], [34.87018876523024, 36.80772520100823], [34.87018876523024, 36.80880317934918], [34.87072775440072, 36.80880317934918], [34.87072775440072, 36.809881157690114], [34.87180573274168, 36.809881157690114], [34.87180573274168, 36.81095913603106], [34.87234472191213, 36.81095913603106], [34.87234472191213, 36.81149812520153], [34.87288371108261, 36.81149812520153], [34.87288371108261, 36.812037114372], [34.87234472191213, 36.812037114372], [34.87234472191213, 36.812576103542476], [34.8712667435712, 36.812576103542476], [34.8712667435712, 36.81095913603106], [34.87072775440072, 36.81095913603106], [34.87072775440072, 36.812037114372], [34.87018876523024, 36.812037114372], [34.87018876523024, 36.812576103542476], [34.87072775440072, 36.812576103542476], [34.87072775440072, 36.81311509271295], [34.8712667435712, 36.81311509271295], [34.8712667435712, 36.81365408188342], [34.87180573274168, 36.81365408188342], [34.87180573274168, 36.81419307105389], [34.86964977605979, 36.81419307105389], [34.86964977605979, 36.81311509271295], [34.86911078688931, 36.81311509271295], [34.86911078688931, 36.812576103542476], [34.86857179771883, 36.812576103542476], [34.86857179771883, 36.81149812520153], [34.86803280854838, 36.81149812520153], [34.86803280854838, 36.81095913603106], [34.86857179771883, 36.81095913603106], [34.86857179771883, 36.81042014686059], [34.86911078688931, 36.81042014686059], [34.86911078688931, 36.81149812520153], [34.86964977605979, 36.81149812520153], [34.86964977605979, 36.812037114372], [34.87018876523024, 36.812037114372], [34.87018876523024, 36.81095913603106], [34.87072775440072, 36.81095913603106], [34.87072775440072, 36.809881157690114], [34.87018876523024, 36.809881157690114], [34.87018876523024, 36.81042014686059], [34.86964977605979, 36.81042014686059], [34.86964977605979, 36.809881157690114], [34.86911078688931, 36.809881157690114], [34.86911078688931, 36.80934216851964], [34.86857179771883, 36.80934216851964], [34.86857179771883, 36.808264190178704], [34.86803280854838, 36.808264190178704], [34.86803280854838, 36.80718621183776], [34.8674938193779, 36.80718621183776], [34.8674938193779, 36.80664722266729]]]}, "id": "+398651+87558", "properties": {"area_ha": 14.666540006653497, "count": 51, "label": 1, "mean_dnbr": 0.38571629239418687}}, {"type": "Feature", "geometry": {"geodesic": false, "type": "Polygon", "coordinates": [[[34.86857179771883, 36.802335309303515], [34.86911078688931, 36.802335309303515], [34.86911078688931, 36.80287429847399], [34.86964977605979, 36.80287429847399], [34.86964977605979, 36.80341328764445], [34.87180573274168, 36.80341328764445], [34.87180573274168, 36.806108233496815], [34.87234472191213, 36.806108233496815], [34.87234472191213, 36.80664722266729], [34.87018876523024, 36.80664722266729], [34.87018876523024, 36.806108233496815], [34.87072775440072, 36.806108233496815], [34.87072775440072, 36.80556924432634], [34.87018876523024, 36.80556924432634], [34.87018876523024, 36.8044912659854], [34.86964977605979, 36.8044912659854], [34.86964977605979, 36.803952276814925], [34.86911078688931, 36.803952276814925], [34.86911078688931, 36.8044912659854], [34.8674938193779, 36.8044912659854], [34.8674938193779, 36.80503025515587], [34.86641584103694, 36.80503025515587], [34.86641584103694, 36.8044912659854], [34.86587685186649, 36.8044912659854], [34.86587685186649, 36.80341328764445], [34.8674938193779, 36.80341328764445], [34.8674938193779, 36.80287429847399], [34.86857179771883, 36.80287429847399], [34.86857179771883, 36.802335309303515]]]}, "id": "+398651+87566", "properties": {"area_ha": 11.504110800699683, "count": 40, "label": 1, "mean_dnbr": 0.481573669466777}}, {"type": "Feature", "geometry": {"geodesic": false, "type": "Polygon", "coordinates": [[[34.86857179771883, 36.837369605384175], [34.87018876523024, 36.837369605384175], [34.87018876523024, 36.83844758372512], [34.87072775440072, 36.83844758372512], [34.87072775440072, 36.83898657289559], [34.8712667435712, 36.83898657289559], [34.8712667435712, 36.83952556206606], [34.87018876523024, 36.83952556206606], [34.87018876523024, 36.83898657289559], [34.86857179771883, 36.83898657289559], [34.86857179771883, 36.837369605384175]]]}, "id": "+398653+87501", "properties": {"area_ha": 3.4496994623785606, "count": 12, "label": 1, "mean_dnbr": 0.3359185538048053}}, {"type": "Feature", "geometry": {"geodesic": false, "type": "Polygon", "coordinates": [[[34.86911078688931, 36.81796599524719], [34.87018876523024, 36.81796599524719], [34.87018876523024, 36.818504984417665], [34.87072775440072, 36.818504984417665], [34.87072775440072, 36.81958296275861], [34.87018876523024, 36.81958296275861], [34.87018876523024, 36.82012195192908], [34.86911078688931, 36.82012195192908], [34.86911078688931, 36.81904397358814], [34.86857179771883, 36.81904397358814], [34.86857179771883, 36.818504984417665], [34.86911078688931, 36.818504984417665], [34.86911078688931, 36.81796599524719]]]}, "id": "+398653+87537", "properties": {"area_ha": 3.1630251495895907, "count": 11, "label": 1, "mean_dnbr": 0.42983790301668645}}, {"type": "Feature", "geometry": {"geodesic": false, "type": "Polygon", "coordinates": [[[34.87018876523024, 36.79802339593974], [34.87072775440072, 36.79802339593974], [34.87072775440072, 36.79856238511021], [34.8712667435712, 36.79856238511021], [34.8712667435712, 36.79910137428068], [34.87018876523024, 36.79910137428068], [34.87018876523024, 36.799640363451154], [34.86911078688931, 36.799640363451154], [34.86911078688931, 36.800179352621626], [34.86964977605979, 36.800179352621626], [34.86964977605979, 36.80179632013304], [34.86857179771883, 36.80179632013304], [34.86857179771883, 36.8007183417921], [34.8674938193779, 36.8007183417921], [34.8674938193779, 36.80125733096257], [34.86641584103694, 36.80125733096257], [34.86641584103694, 36.800179352621626], [34.86587685186649, 36.800179352621626], [34.86587685186649, 36.79910137428068], [34.86695483020742, 36.79910137428068], [34.86695483020742, 36.799640363451154], [34.8674938193779, 36.799640363451154], [34.8674938193779, 36.800179352621626], [34.86857179771883, 36.800179352621626], [34.86857179771883, 36.79802339593974], [34.86964977605979, 36.79802339593974], [34.86964977605979, 36.79910137428068], [34.87018876523024, 36.79910137428068], [34.87018876523024, 36.79802339593974]]]}, "id": "+398654+87574", "properties": {"area_ha": 8.05335191441717, "count": 28, "label": 1, "mean_dnbr": 0.39424866116094104}}, {"type": "Feature", "geometry": {"geodesic": false, "type": "Polygon", "coordinates": [[[34.87018876523024, 36.84222050791842], [34.87180573274168, 36.84222050791842], [34.87180573274168, 36.843298486259364], [34.87234472191213, 36.843298486259364], [34.87234472191213, 36.84383747542984], [34.87342270025309, 36.84383747542984], [34.87342270025309, 36.84491545377078], [34.87288371108261, 36.84491545377078], [34.87288371108261, 36.84545444294125], [34.87234472191213, 36.84545444294125], [34.87234472191213, 36.84383747542984], [34.8712667435712, 36.84383747542984], [34.8712667435712, 36.843298486259364], [34.87072775440072, 36.843298486259364], [34.87072775440072, 36.84275949708889], [34.87018876523024, 36.84275949708889], [34.87018876523024, 36.84222050791842]]]}, "id": "+398656+87492", "properties": {"area_ha": 3.449461197685711, "count": 12, "label": 1, "mean_dnbr": 0.274559638829148}}, {"type": "Feature", "geometry": {"geodesic": false, "type": "Polygon", "coordinates": [[[34.87180573274168, 36.82119993027002], [34.87234472191213, 36.82119993027002], [34.87234472191213, 36.822277908610964], [34.87288371108261, 36.822277908610964], [34.87288371108261, 36.822816897781436], [34.87342270025309, 36.822816897781436], [34.87342270025309, 36.82389487612238], [34.87396168942357, 36.82389487612238], [34.87396168942357, 36.82443386529285], [34.87342270025309, 36.82443386529285], [34.87342270025309, 36.82658982197474], [34.87450067859402, 36.82658982197474], [34.87450067859402, 36.82766780031568], [34.8750396677645, 36.82766780031568], [34.8750396677645, 36.82658982197474], [34.87611764610543, 36.82658982197474], [34.87611764610543, 36.82605083280427], [34.87719562444639, 36.82605083280427], [34.87719562444639, 36.82658982197474], [34.877734613616866, 36.82658982197474], [34.877734613616866, 36.828745778656625], [34.87827360278732, 36.828745778656625], [34.87827360278732, 36.8292847678271], [34.87719562444639, 36.8292847678271], [34.87719562444639, 36.82982375699757], [34.877734613616866, 36.82982375699757], [34.877734613616866, 36.83036274616804], [34.87827360278732, 36.83036274616804], [34.87827360278732, 36.830901735338514], [34.879351581128276, 36.830901735338514], [34.879351581128276, 36.83144072450899], [34.879890570298755, 36.83144072450899], [34.879890570298755, 36.83251870284993], [34.8788125919578, 36.83251870284993], [34.8788125919578, 36.833057692020404], [34.879351581128276, 36.833057692020404], [34.879351581128276, 36.834674659531814], [34.8788125919578, 36.834674659531814], [34.8788125919578, 36.833057692020404], [34.87827360278732, 36.833057692020404], [34.87827360278732, 36.83251870284993], [34.877734613616866, 36.83251870284993], [34.877734613616866, 36.83144072450899], [34.87719562444639, 36.83144072450899], [34.87719562444639, 36.83036274616804], [34.87665663527591, 36.83036274616804], [34.87665663527591, 36.82982375699757], [34.87557865693498, 36.82982375699757], [34.87557865693498, 36.82820678948615], [34.87396168942357, 36.82820678948615], [34.87396168942357, 36.830901735338514], [34.87450067859402, 36.830901735338514], [34.87450067859402, 36.83144072450899], [34.87557865693498, 36.83144072450899], [34.87557865693498, 36.83251870284993], [34.87611764610543, 36.83251870284993], [34.87611764610543, 36.83359668119087], [34.8750396677645, 36.83359668119087], [34.8750396677645, 36.83251870284993], [34.87450067859402, 36.83251870284993], [34.87450067859402, 36.83197971367946], [34.87396168942357, 36.83197971367946], [34.87396168942357, 36.83144072450899], [34.87342270025309, 36.83144072450899], [34.87342270025309, 36.83251870284993], [34.87288371108261, 36.83251870284993], [34.87288371108261, 36.833057692020404], [34.87072775440072, 36.833057692020404], [34.87072775440072, 36.83144072450899], [34.8712667435712, 36.83144072450899], [34.8712667435712, 36.830901735338514], [34.87018876523024, 36.830901735338514], [34.87018876523024, 36.82820678948615], [34.86964977605979, 36.82820678948615], [34.86964977605979, 36.82766780031568], [34.86911078688931, 36.82766780031568], [34.86911078688931, 36.82658982197474], [34.86964977605979, 36.82658982197474], [34.86964977605979, 36.82766780031568], [34.87072775440072, 36.82766780031568], [34.87072775440072, 36.8292847678271], [34.87180573274168, 36.8292847678271], [34.87180573274168, 36.828745778656625], [34.87288371108261, 36.828745778656625], [34.87288371108261, 36.82766780031568], [34.87234472191213, 36.82766780031568], [34.87234472191213, 36.82712881114521], [34.87288371108261, 36.82712881114521], [34.87288371108261, 36.82658982197474], [34.87234472191213, 36.82658982197474], [34.87234472191213, 36.82443386529285], [34.87180573274168, 36.82443386529285], [34.87180573274168, 36.822277908610964], [34.8712667435712, 36.822277908610964], [34.8712667435712, 36.82173891944049], [34.87180573274168, 36.82173891944049], [34.87180573274168, 36.82119993027002]], [[34.87342270025309, 36.82982375699757], [34.87342270025309, 36.83144072450899], [34.87288371108261, 36.83144072450899], [34.87288371108261, 36.82982375699757], [34.87342270025309, 36.82982375699757]]]}, "id": "+398657+87531", "properties": {"area_ha": 40.82648533137697, "count": 142, "label": 1, "mean_dnbr": 0.3756152721621529}}, {"type": "Feature", "geometry": {"geodesic": false, "type": "Polygon", "coordinates": [[[34.87234472191213, 36.802335309303515], [34.87288371108261, 36.802335309303515], [34.87288371108261, 36.80287429847399], [34.87342270025309, 36.80287429847399], [34.87342270025309, 36.80341328764445], [34.87396168942357, 36.80341328764445], [34.87396168942357, 36.803952276814925], [34.87450067859402, 36.803952276814925], [34.87450067859402, 36.8044912659854], [34.8750396677645, 36.8044912659854], [34.8750396677645, 36.80556924432634], [34.87611764610543, 36.80556924432634], [34.87611764610543, 36.806108233496815], [34.87665663527591, 36.806108233496815], [34.87665663527591, 36.80664722266729], [34.87719562444639, 36.80664722266729], [34.87719562444639, 36.80772520100823], [34.877734613616866, 36.80772520100823], [34.877734613616866, 36.808264190178704], [34.87719562444639, 36.808264190178704], [34.87719562444639, 36.80880317934918], [34.877734613616866, 36.80880317934918], [34.877734613616866, 36.809881157690114], [34.879890570298755, 36.809881157690114], [34.879890570298755, 36.81149812520153], [34.879351581128276, 36.81149812520153], [34.879351581128276, 36.812037114372], [34.877734613616866, 36.812037114372], [34.877734613616866, 36.81095913603106], [34.87719562444639, 36.81095913603106], [34.87719562444639, 36.80934216851964], [34.87611764610543, 36.80934216851964], [34.87611764610543, 36.808264190178704], [34.87665663527591, 36.808264190178704], [34.87665663527591, 36.80772520100823], [34.87611764610543, 36.80772520100823], [34.87611764610543, 36.80664722266729], [34.87557865693498, 36.80664722266729], [34.87557865693498, 36.806108233496815], [34.8750396677645, 36.806108233496815], [34.8750396677645, 36.80664722266729], [34.87396168942357, 36.80664722266729], [34.87396168942357, 36.806108233496815], [34.87342270025309, 36.806108233496815], [34.87342270025309, 36.80556924432634], [34.87288371108261, 36.80556924432634], [34.87288371108261, 36.8044912659854], [34.87234472191213, 36.8044912659854], [34.87234472191213, 36.80341328764445], [34.87288371108261, 36.80341328764445], [34.87288371108261, 36.80287429847399], [34.87234472191213, 36.80287429847399], [34.87234472191213, 36.802335309303515]], [[34.8750396677645, 36.80556924432634], [34.8750396677645, 36.806108233496815], [34.87450067859402, 36.806108233496815], [34.87450067859402, 36.80556924432634], [34.8750396677645, 36.80556924432634]]]}, "id": "+398658+87566", "properties": {"area_ha": 15.529908336958313, "count": 54, "label": 1, "mean_dnbr": 0.3704724137766888}}, {"type": "Feature", "geometry": {"geodesic": false, "type": "Polygon", "coordinates": [[[34.87342270025309, 36.81796599524719], [34.87396168942357, 36.81796599524719], [34.87396168942357, 36.818504984417665], [34.8750396677645, 36.818504984417665], [34.8750396677645, 36.81958296275861], [34.87557865693498, 36.81958296275861], [34.87557865693498, 36.818504984417665], [34.87665663527591, 36.818504984417665], [34.87665663527591, 36.82012195192908], [34.87611764610543, 36.82012195192908], [34.87611764610543, 36.81958296275861], [34.87557865693498, 36.81958296275861], [34.87557865693498, 36.820660941099554], [34.8750396677645, 36.820660941099554], [34.8750396677645, 36.822277908610964], [34.87557865693498, 36.822277908610964], [34.87557865693498, 36.822816897781436], [34.8750396677645, 36.822816897781436], [34.8750396677645, 36.822277908610964], [34.87450067859402, 36.822277908610964], [34.87450067859402, 36.822816897781436], [34.87396168942357, 36.822816897781436], [34.87396168942357, 36.822277908610964], [34.87342270025309, 36.822277908610964], [34.87342270025309, 36.82119993027002], [34.87288371108261, 36.82119993027002], [34.87288371108261, 36.820660941099554], [34.87450067859402, 36.820660941099554], [34.87450067859402, 36.81904397358814], [34.87342270025309, 36.81904397358814], [34.87342270025309, 36.81958296275861], [34.87234472191213, 36.81958296275861], [34.87234472191213, 36.81904397358814], [34.87180573274168, 36.81904397358814], [34.87180573274168, 36.818504984417665], [34.87342270025309, 36.818504984417665], [34.87342270025309, 36.81796599524719]]]}, "id": "+398660+87537", "properties": {"area_ha": 8.913843465245687, "count": 31, "label": 1, "mean_dnbr": 0.37824700876680056}}, {"type": "Feature", "geometry": {"geodesic": false, "type": "Polygon", "coordinates": [[[34.87234472191213, 36.76622303488191], [34.87396168942357, 36.76622303488191], [34.87396168942357, 36.766762024052376], [34.87450067859402, 36.766762024052376], [34.87450067859402, 36.76784000239332], [34.8750396677645, 36.76784000239332], [34.8750396677645, 36.76837899156379], [34.87611764610543, 36.76837899156379], [34.87611764610543, 36.768917980734265], [34.87665663527591, 36.768917980734265], [34.87665663527591, 36.76945696990474], [34.87611764610543, 36.76945696990474], [34.87611764610543, 36.76999595907521], [34.8750396677645, 36.76999595907521], [34.8750396677645, 36.76945696990474], [34.87450067859402, 36.76945696990474], [34.87450067859402, 36.76837899156379], [34.87342270025309, 36.76837899156379], [34.87342270025309, 36.76784000239332], [34.87288371108261, 36.76784000239332], [34.87288371108261, 36.76730101322285], [34.87234472191213, 36.76730101322285], [34.87234472191213, 36.76622303488191]]]}, "id": "+398660+87633", "properties": {"area_ha": 6.3302598710980345, "count": 22, "label": 1, "mean_dnbr": 0.2559879556197537}}, {"type": "Feature", "geometry": {"geodesic": false, "type": "Polygon", "coordinates": [[[34.87450067859402, 36.83413567036134], [34.87557865693498, 36.83413567036134], [34.87557865693498, 36.834674659531814], [34.87611764610543, 36.834674659531814], [34.87611764610543, 36.83575263787276], [34.87665663527591, 36.83575263787276], [34.87665663527591, 36.8368306162137], [34.87611764610543, 36.8368306162137], [34.87611764610543, 36.837369605384175], [34.8750396677645, 36.837369605384175], [34.8750396677645, 36.83844758372512], [34.87557865693498, 36.83844758372512], [34.87557865693498, 36.83898657289559], [34.87396168942357, 36.83898657289559], [34.87396168942357, 36.83952556206606], [34.87234472191213, 36.83952556206606], [34.87234472191213, 36.83844758372512], [34.87396168942357, 36.83844758372512], [34.87396168942357, 36.83790859455465], [34.87450067859402, 36.83790859455465], [34.87450067859402, 36.8368306162137], [34.87396168942357, 36.8368306162137], [34.87396168942357, 36.83575263787276], [34.8750396677645, 36.83575263787276], [34.8750396677645, 36.834674659531814], [34.87450067859402, 36.834674659531814], [34.87450067859402, 36.83413567036134]]]}, "id": "+398663+87507", "properties": {"area_ha": 8.911883754823315, "count": 31, "label": 1, "mean_dnbr": 0.29025334945657316}}, {"type": "Feature", "geometry": {"geodesic": false, "type": "Polygon", "coordinates": [[[34.8750396677645, 36.812037114372], [34.87557865693498, 36.812037114372], [34.87557865693498, 36.812576103542476], [34.8750396677645, 36.812576103542476], [34.8750396677645, 36.81311509271295], [34.87557865693498, 36.81311509271295], [34.87557865693498, 36.814732060224365], [34.87450067859402, 36.814732060224365], [34.87450067859402, 36.81419307105389], [34.87396168942357, 36.81419307105389], [34.87396168942357, 36.81311509271295], [34.87342270025309, 36.81311509271295], [34.87342270025309, 36.812576103542476], [34.8750396677645, 36.812576103542476], [34.8750396677645, 36.812037114372]]]}, "id": "+398663+87548", "properties": {"area_ha": 3.450820923055547, "count": 12, "label": 1, "mean_dnbr": 0.32858568522182735}}, {"type": "Feature", "geometry": {"geodesic": false, "type": "Polygon", "coordinates": [[[34.8750396677645, 36.853539280498325], [34.87611764610543, 36.853539280498325], [34.87611764610543, 36.8540782696688], [34.87719562444639, 36.8540782696688], [34.87719562444639, 36.855695237180214], [34.877734613616866, 36.855695237180214], [34.877734613616866, 36.85677321552116], [34.87719562444639, 36.85677321552116], [34.87719562444639, 36.85892917220304], [34.87557865693498, 36.85892917220304], [34.87557865693498, 36.860007150543986], [34.87611764610543, 36.860007150543986], [34.87611764610543, 36.86054613971446], [34.87719562444639, 36.86054613971446], [34.87719562444639, 36.8616241180554], [34.877734613616866, 36.8616241180554], [34.877734613616866, 36.862163107225875], [34.87719562444639, 36.862163107225875], [34.87719562444639, 36.86270209639635], [34.877734613616866, 36.86270209639635], [34.877734613616866, 36.865936031419174], [34.87557865693498, 36.865936031419174], [34.87557865693498, 36.8653970422487], [34.8750396677645, 36.8653970422487], [34.8750396677645, 36.86324108556681], [34.87450067859402, 36.86324108556681], [34.87450067859402, 36.86431906390776], [34.87342270025309, 36.86431906390776], [34.87342270025309, 36.8653970422487], [34.87396168942357, 36.8653970422487], [34.87396168942357, 36.86647502058965], [34.87342270025309, 36.86647502058965], [34.87342270025309, 36.86755299893059], [34.87288371108261, 36.86755299893059], [34.87288371108261, 36.868091988101064], [34.87234472191213, 36.868091988101064], [34.87234472191213, 36.86755299893059], [34.87288371108261, 36.86755299893059], [34.87288371108261, 36.86647502058965], [34.87180573274168, 36.86647502058965], [34.87180573274168, 36.868091988101064], [34.87072775440072, 36.868091988101064], [34.87072775440072, 36.868630977271536], [34.8712667435712, 36.868630977271536], [34.8712667435712, 36.86916996644201], [34.87072775440072, 36.86916996644201], [34.87072775440072, 36.869708955612474], [34.87288371108261, 36.869708955612474], [34.87288371108261, 36.870247944782946], [34.8712667435712, 36.870247944782946], [34.8712667435712, 36.87078693395342], [34.87072775440072, 36.87078693395342], [34.87072775440072, 36.870247944782946], [34.87018876523024, 36.870247944782946], [34.87018876523024, 36.87078693395342], [34.86911078688931, 36.87078693395342], [34.86911078688931, 36.869708955612474], [34.86964977605979, 36.869708955612474], [34.86964977605979, 36.868630977271536], [34.86911078688931, 36.868630977271536], [34.86911078688931, 36.868091988101064], [34.86857179771883, 36.868091988101064], [34.86857179771883, 36.86755299893059], [34.86803280854838, 36.86755299893059], [34.86803280854838, 36.8653970422487], [34.86857179771883, 36.8653970422487], [34.86857179771883, 36.86485805307823], [34.86911078688931, 36.86485805307823], [34.86911078688931, 36.86431906390776], [34.86964977605979, 36.86431906390776], [34.86964977605979, 36.86485805307823], [34.8712667435712, 36.86485805307823], [34.8712667435712, 36.86431906390776], [34.87234472191213, 36.86431906390776], [34.87234472191213, 36.86485805307823], [34.87288371108261, 36.86485805307823], [34.87288371108261, 36.862163107225875], [34.87342270025309, 36.862163107225875], [34.87342270025309, 36.8616241180554], [34.87234472191213, 36.8616241180554], [34.87234472191213, 36.86108512888493], [34.87342270025309, 36.86108512888493], [34.87342270025309, 36.85892917220304], [34.87234472191213, 36.85892917220304], [34.87234472191213, 36.85946816137351], [34.87180573274168, 36.85946816137351], [34.87180573274168, 36.86054613971446], [34.87072775440072, 36.86054613971446], [34.87072775440072, 36.86108512888493], [34.87018876523024, 36.86108512888493], [34.87018876523024, 36.860007150543986], [34.87072775440072, 36.860007150543986], [34.87072775440072, 36.857851193862096], [34.8712667435712, 36.857851193862096], [34.8712667435712, 36.85946816137351], [34.87180573274168, 36.85946816137351], [34.87180573274168, 36.856234226350686], [34.87342270025309, 36.856234226350686], [34.87342270025309, 36.85677321552116], [34.87450067859402, 36.85677321552116], [34.87450067859402, 36.855695237180214], [34.87557865693498, 36.855695237180214], [34.87557865693498, 36.8540782696688], [34.8750396677645, 36.8540782696688], [34.8750396677645, 36.853539280498325]], [[34.87018876523024, 36.86647502058965], [34.87018876523024, 36.86701400976012], [34.87072775440072, 36.86701400976012], [34.87072775440072, 36.868091988101064], [34.87018876523024, 36.868091988101064], [34.87018876523024, 36.86755299893059], [34.86911078688931, 36.86755299893059], [34.86911078688931, 36.86647502058965], [34.87018876523024, 36.86647502058965]], [[34.87072775440072, 36.8653970422487], [34.87072775440072, 36.865936031419174], [34.87018876523024, 36.865936031419174], [34.87018876523024, 36.8653970422487], [34.87072775440072, 36.8653970422487]], [[34.87288371108261, 36.8653970422487], [34.87288371108261, 36.865936031419174], [34.87234472191213, 36.865936031419174], [34.87234472191213, 36.8653970422487], [34.87288371108261, 36.8653970422487]], [[34.8750396677645, 36.8616241180554], [34.8750396677645, 36.862163107225875], [34.87450067859402, 36.862163107225875], [34.87450067859402, 36.8616241180554], [34.8750396677645, 36.8616241180554]], [[34.87450067859402, 36.86108512888493], [34.87450067859402, 36.8616241180554], [34.87396168942357, 36.8616241180554], [34.87396168942357, 36.86108512888493], [34.87450067859402, 36.86108512888493]], [[34.87396168942357, 36.857851193862096], [34.87396168942357, 36.85892917220304], [34.87342270025309, 36.85892917220304], [34.87342270025309, 36.857851193862096], [34.87396168942357, 36.857851193862096]], [[34.87557865693498, 36.856234226350686], [34.87557865693498, 36.857312204691624], [34.8750396677645, 36.857312204691624], [34.8750396677645, 36.856234226350686], [34.87557865693498, 36.856234226350686]]]}, "id": "+398664+87471", "properties": {"area_ha": 63.799557263944976, "count": 222, "label": 1, "mean_dnbr": 0.20651029660675896}}, {"type": "Feature", "geometry": {"geodesic": false, "type": "Polygon", "coordinates": [[[34.87665663527591, 36.793711482575965], [34.87719562444639, 36.793711482575965], [34.87719562444639, 36.79425047174644], [34.877734613616866, 36.79425047174644], [34.877734613616866, 36.79478946091691], [34.87665663527591, 36.79478946091691], [34.87665663527591, 36.79532845008738], [34.87611764610543, 36.79532845008738], [34.87611764610543, 36.795867439257854], [34.8750396677645, 36.795867439257854], [34.8750396677645, 36.79532845008738], [34.87450067859402, 36.79532845008738], [34.87450067859402, 36.79478946091691], [34.87342270025309, 36.79478946091691], [34.87342270025309, 36.79425047174644], [34.87288371108261, 36.79425047174644], [34.87288371108261, 36.793711482575965], [34.87557865693498, 36.793711482575965], [34.87557865693498, 36.79425047174644], [34.87665663527591, 36.79425047174644], [34.87665663527591, 36.793711482575965]]]}, "id": "+398666+87582", "properties": {"area_ha": 5.752779472523838, "count": 20, "label": 1, "mean_dnbr": 0.26998455989232756}}, {"type": "Feature", "geometry": {"geodesic": false, "type": "Polygon", "coordinates": [[[34.87719562444639, 36.843298486259364], [34.87827360278732, 36.843298486259364], [34.87827360278732, 36.84383747542984], [34.879890570298755, 36.84383747542984], [34.879890570298755, 36.84491545377078], [34.879351581128276, 36.84491545377078], [34.879351581128276, 36.84545444294125], [34.87719562444639, 36.84545444294125], [34.87719562444639, 36.84437646460031], [34.87827360278732, 36.84437646460031], [34.87827360278732, 36.84383747542984], [34.87719562444639, 36.84383747542984], [34.87719562444639, 36.843298486259364]]]}, "id": "+398668+87490", "properties": {"area_ha": 4.024329378767618, "count": 14, "label": 1, "mean_dnbr": 0.43638032021848744}}, {"type": "Feature", "geometry": {"geodesic": false, "type": "Polygon", "coordinates": [[[34.877734613616866, 36.834674659531814], [34.87827360278732, 36.834674659531814], [34.87827360278732, 36.835213648702286], [34.879351581128276, 36.835213648702286], [34.879351581128276, 36.83575263787276], [34.879890570298755, 36.83575263787276], [34.879890570298755, 36.8368306162137], [34.879351581128276, 36.8368306162137], [34.879351581128276, 36.83844758372512], [34.8788125919578, 36.83844758372512], [34.8788125919578, 36.83898657289559], [34.87827360278732, 36.83898657289559], [34.87827360278732, 36.83952556206606], [34.8788125919578, 36.83952556206606], [34.8788125919578, 36.840603540407], [34.877734613616866, 36.840603540407], [34.877734613616866, 36.83952556206606], [34.87719562444639, 36.83952556206606], [34.87719562444639, 36.83790859455465], [34.87665663527591, 36.83790859455465], [34.87665663527591, 36.837369605384175], [34.87719562444639, 36.837369605384175], [34.87719562444639, 36.8368306162137], [34.87827360278732, 36.8368306162137], [34.87827360278732, 36.83629162704323], [34.877734613616866, 36.83629162704323], [34.877734613616866, 36.834674659531814]]]}, "id": "+398668+87506", "properties": {"area_ha": 9.486775925912216, "count": 33, "label": 1, "mean_dnbr": 0.32621165187292267}}, {"type": "Feature", "geometry": {"geodesic": false, "type": "Polygon", "coordinates": [[[34.87665663527591, 36.84922736713455], [34.879890570298755, 36.84922736713455], [34.879890570298755, 36.849766356305025], [34.880968548639686, 36.849766356305025], [34.880968548639686, 36.8503053454755], [34.879351581128276, 36.8503053454755], [34.879351581128276, 36.85084433464597], [34.8788125919578, 36.85084433464597], [34.8788125919578, 36.8503053454755], [34.87827360278732, 36.8503053454755], [34.87827360278732, 36.849766356305025], [34.877734613616866, 36.849766356305025], [34.877734613616866, 36.8503053454755], [34.87665663527591, 36.8503053454755], [34.87665663527591, 36.84922736713455]]]}, "id": "+398671+87479", "properties": {"area_ha": 4.024026388392786, "count": 14, "label": 1, "mean_dnbr": 0.23995513683784944}}, {"type": "Feature", "geometry": {"geodesic": false, "type": "Polygon", "coordinates": [[[34.879351581128276, 36.824972854463326], [34.880429559469206, 36.824972854463326], [34.880429559469206, 36.82605083280427], [34.879890570298755, 36.82605083280427], [34.879890570298755, 36.8255118436338], [34.879351581128276, 36.8255118436338], [34.879351581128276, 36.82658982197474], [34.879890570298755, 36.82658982197474], [34.879890570298755, 36.82712881114521], [34.880429559469206, 36.82712881114521], [34.880429559469206, 36.828745778656625], [34.879890570298755, 36.828745778656625], [34.879890570298755, 36.82820678948615], [34.879351581128276, 36.82820678948615], [34.879351581128276, 36.82766780031568], [34.879890570298755, 36.82766780031568], [34.879890570298755, 36.82712881114521], [34.8788125919578, 36.82712881114521], [34.8788125919578, 36.82605083280427], [34.87827360278732, 36.82605083280427], [34.87827360278732, 36.8255118436338], [34.879351581128276, 36.8255118436338], [34.879351581128276, 36.824972854463326]]]}, "id": "+398672+87524", "properties": {"area_ha": 3.4502288811737394, "count": 12, "label": 1, "mean_dnbr": 0.25366438483317905}}, {"type": "Feature", "geometry": {"geodesic": false, "type": "Polygon", "coordinates": [[[34.879890570298755, 36.83790859455465], [34.881507537810165, 36.83790859455465], [34.881507537810165, 36.83898657289559], [34.882046526980616, 36.83898657289559], [34.882046526980616, 36.84006455123653], [34.880429559469206, 36.84006455123653], [34.880429559469206, 36.83898657289559], [34.879890570298755, 36.83898657289559], [34.879890570298755, 36.83790859455465]]]}, "id": "+398674+87500", "properties": {"area_ha": 3.4496724764304565, "count": 12, "label": 1, "mean_dnbr": 0.3269594066396254}}, {"type": "Feature", "geometry": {"geodesic": false, "type": "Polygon", "coordinates": [[[34.881507537810165, 36.85300029132785], [34.882585516151096, 36.85300029132785], [34.882585516151096, 36.8540782696688], [34.882046526980616, 36.8540782696688], [34.882046526980616, 36.85515624800974], [34.882585516151096, 36.85515624800974], [34.882585516151096, 36.85677321552116], [34.882046526980616, 36.85677321552116], [34.882046526980616, 36.856234226350686], [34.881507537810165, 36.856234226350686], [34.881507537810165, 36.85892917220304], [34.880429559469206, 36.85892917220304], [34.880429559469206, 36.85946816137351], [34.880968548639686, 36.85946816137351], [34.880968548639686, 36.8616241180554], [34.8788125919578, 36.8616241180554], [34.8788125919578, 36.85892917220304], [34.879890570298755, 36.85892917220304], [34.879890570298755, 36.85839018303257], [34.879351581128276, 36.85839018303257], [34.879351581128276, 36.855695237180214], [34.879890570298755, 36.855695237180214], [34.879890570298755, 36.857312204691624], [34.880429559469206, 36.857312204691624], [34.880429559469206, 36.85515624800974], [34.880968548639686, 36.85515624800974], [34.880968548639686, 36.8540782696688], [34.881507537810165, 36.8540782696688], [34.881507537810165, 36.85300029132785]]]}, "id": "+398676+87472", "properties": {"area_ha": 15.519730474278454, "count": 54, "label": 1, "mean_dnbr": 0.36018685294731045}}, {"type": "Feature", "geometry": {"geodesic": false, "type": "Polygon", "coordinates": [[[34.881507537810165, 36.79856238511021], [34.882585516151096, 36.79856238511021], [34.882585516151096, 36.799640363451154], [34.882046526980616, 36.799640363451154], [34.882046526980616, 36.800179352621626], [34.882585516151096, 36.800179352621626], [34.882585516151096, 36.8007183417921], [34.883124505321575, 36.8007183417921], [34.883124505321575, 36.80125733096257], [34.882046526980616, 36.80125733096257], [34.882046526980616, 36.80179632013304], [34.880429559469206, 36.80179632013304], [34.880429559469206, 36.80287429847399], [34.880968548639686, 36.80287429847399], [34.880968548639686, 36.80341328764445], [34.881507537810165, 36.80341328764445], [34.881507537810165, 36.803952276814925], [34.882585516151096, 36.803952276814925], [34.882585516151096, 36.80503025515587], [34.885280462003465, 36.80503025515587], [34.885280462003465, 36.806108233496815], [34.882585516151096, 36.806108233496815], [34.882585516151096, 36.80503025515587], [34.882046526980616, 36.80503025515587], [34.882046526980616, 36.8044912659854], [34.881507537810165, 36.8044912659854], [34.881507537810165, 36.803952276814925], [34.880968548639686, 36.803952276814925], [34.880968548639686, 36.80556924432634], [34.880429559469206, 36.80556924432634], [34.880429559469206, 36.80503025515587], [34.879890570298755, 36.80503025515587], [34.879890570298755, 36.8044912659854], [34.87827360278732, 36.8044912659854], [34.87827360278732, 36.80503025515587], [34.877734613616866, 36.80503025515587], [34.877734613616866, 36.8044912659854], [34.87719562444639, 36.8044912659854], [34.87719562444639, 36.80503025515587], [34.87557865693498, 36.80503025515587], [34.87557865693498, 36.80341328764445], [34.87611764610543, 36.80341328764445], [34.87611764610543, 36.803952276814925], [34.87665663527591, 36.803952276814925], [34.87665663527591, 36.8044912659854], [34.87719562444639, 36.8044912659854], [34.87719562444639, 36.803952276814925], [34.87827360278732, 36.803952276814925], [34.87827360278732, 36.80287429847399], [34.879351581128276, 36.80287429847399], [34.879351581128276, 36.803952276814925], [34.880429559469206, 36.803952276814925], [34.880429559469206, 36.80341328764445], [34.879890570298755, 36.80341328764445], [34.879890570298755, 36.80179632013304], [34.879351581128276, 36.80179632013304], [34.879351581128276, 36.80125733096257], [34.8788125919578, 36.80125733096257], [34.8788125919578, 36.8007183417921], [34.879351581128276, 36.8007183417921], [34.879351581128276, 36.800179352621626], [34.880968548639686, 36.800179352621626], [34.880968548639686, 36.799640363451154], [34.881507537810165, 36.799640363451154], [34.881507537810165, 36.79856238511021]]]}, "id": "+398676+87573", "properties": {"area_ha": 18.69453258370225, "count": 65, "label": 1, "mean_dnbr": 0.3839907199802389}}, {"type": "Feature", "geometry": {"geodesic": false, "type": "Polygon", "coordinates": [[[34.880429559469206, 36.86485805307823], [34.883663494492055, 36.86485805307823], [34.883663494492055, 36.86701400976012], [34.880968548639686, 36.86701400976012], [34.880968548639686, 36.8653970422487], [34.880429559469206, 36.8653970422487], [34.880429559469206, 36.86485805307823]]]}, "id": "+398678+87450", "properties": {"area_ha": 6.03479223575628, "count": 21, "label": 1, "mean_dnbr": 0.39191638351506164}}, {"type": "Feature", "geometry": {"geodesic": false, "type": "Polygon", "coordinates": [[[34.882046526980616, 36.79317249340549], [34.883663494492055, 36.79317249340549], [34.883663494492055, 36.79425047174644], [34.884202483662506, 36.79425047174644], [34.884202483662506, 36.79532845008738], [34.883124505321575, 36.79532845008738], [34.883124505321575, 36.79478946091691], [34.882585516151096, 36.79478946091691], [34.882585516151096, 36.79425047174644], [34.880968548639686, 36.79425047174644], [34.880968548639686, 36.793711482575965], [34.882046526980616, 36.793711482575965], [34.882046526980616, 36.79317249340549]]]}, "id": "+398678+87583", "properties": {"area_ha": 3.739335094887085, "count": 13, "label": 1, "mean_dnbr": 0.3167201921661062}}, {"type": "Feature", "geometry": {"geodesic": false, "type": "Polygon", "coordinates": [[[34.882585516151096, 36.81042014686059], [34.884202483662506, 36.81042014686059], [34.884202483662506, 36.81149812520153], [34.884741472832985, 36.81149812520153], [34.884741472832985, 36.812037114372], [34.883663494492055, 36.812037114372], [34.883663494492055, 36.812576103542476], [34.884202483662506, 36.812576103542476], [34.884202483662506, 36.81365408188342], [34.885280462003465, 36.81365408188342], [34.885280462003465, 36.812576103542476], [34.886897429514875, 36.812576103542476], [34.886897429514875, 36.81311509271295], [34.887436418685354, 36.81311509271295], [34.887436418685354, 36.81365408188342], [34.887975407855805, 36.81365408188342], [34.887975407855805, 36.814732060224365], [34.886358440344395, 36.814732060224365], [34.886358440344395, 36.81365408188342], [34.885819451173944, 36.81365408188342], [34.885819451173944, 36.81527104939483], [34.885280462003465, 36.81527104939483], [34.885280462003465, 36.8158100385653], [34.883124505321575, 36.8158100385653], [34.883124505321575, 36.816349027735775], [34.882046526980616, 36.816349027735775], [34.882046526980616, 36.81688801690625], [34.881507537810165, 36.81688801690625], [34.881507537810165, 36.81742700607672], [34.880968548639686, 36.81742700607672], [34.880968548639686, 36.8158100385653], [34.882046526980616, 36.8158100385653], [34.882046526980616, 36.81527104939483], [34.881507537810165, 36.81527104939483], [34.881507537810165, 36.814732060224365], [34.880968548639686, 36.814732060224365], [34.880968548639686, 36.81419307105389], [34.881507537810165, 36.81419307105389], [34.881507537810165, 36.814732060224365], [34.884202483662506, 36.814732060224365], [34.884202483662506, 36.81365408188342], [34.883663494492055, 36.81365408188342], [34.883663494492055, 36.812576103542476], [34.883124505321575, 36.812576103542476], [34.883124505321575, 36.81149812520153], [34.882585516151096, 36.81149812520153], [34.882585516151096, 36.81042014686059]]]}, "id": "+398679+87551", "properties": {"area_ha": 15.241011527890134, "count": 53, "label": 1, "mean_dnbr": 0.32149121836181466}}, {"type": "Feature", "geometry": {"geodesic": false, "type": "Polygon", "coordinates": [[[34.883124505321575, 36.84383747542984], [34.884741472832985, 36.84383747542984], [34.884741472832985, 36.84437646460031], [34.885819451173944, 36.84437646460031], [34.885819451173944, 36.84653242128219], [34.885280462003465, 36.84653242128219], [34.885280462003465, 36.84545444294125], [34.882585516151096, 36.84545444294125], [34.882585516151096, 36.84491545377078], [34.883124505321575, 36.84491545377078], [34.883124505321575, 36.84383747542984]]]}, "id": "+398680+87489", "properties": {"area_ha": 4.599216443694224, "count": 16, "label": 1, "mean_dnbr": 0.34842496525117195}}, {"type": "Feature", "geometry": {"geodesic": false, "type": "Polygon", "coordinates": [[[34.884741472832985, 36.83575263787276], [34.885819451173944, 36.83575263787276], [34.885819451173944, 36.8368306162137], [34.886358440344395, 36.8368306162137], [34.886358440344395, 36.83790859455465], [34.887436418685354, 36.83790859455465], [34.887436418685354, 36.83952556206606], [34.887975407855805, 36.83952556206606], [34.887975407855805, 36.84275949708889], [34.886358440344395, 36.84275949708889], [34.886358440344395, 36.841142529577475], [34.885819451173944, 36.841142529577475], [34.885819451173944, 36.84168151874795], [34.885280462003465, 36.84168151874795], [34.885280462003465, 36.841142529577475], [34.885819451173944, 36.841142529577475], [34.885819451173944, 36.840603540407], [34.886358440344395, 36.840603540407], [34.886358440344395, 36.84006455123653], [34.885819451173944, 36.84006455123653], [34.885819451173944, 36.83790859455465], [34.885280462003465, 36.83790859455465], [34.885280462003465, 36.837369605384175], [34.884741472832985, 36.837369605384175], [34.884741472832985, 36.83575263787276]]]}, "id": "+398682+87504", "properties": {"area_ha": 11.211352763320324, "count": 39, "label": 1, "mean_dnbr": 0.3795511814625725}}, {"type": "Feature", "geometry": {"geodesic": false, "type": "Polygon", "coordinates": [[[34.882585516151096, 36.82658982197474], [34.886358440344395, 36.82658982197474], [34.886358440344395, 36.82712881114521], [34.885819451173944, 36.82712881114521], [34.885819451173944, 36.82766780031568], [34.883124505321575, 36.82766780031568], [34.883124505321575, 36.82820678948615], [34.883663494492055, 36.82820678948615], [34.883663494492055, 36.828745778656625], [34.884202483662506, 36.828745778656625], [34.884202483662506, 36.82982375699757], [34.884741472832985, 36.82982375699757], [34.884741472832985, 36.83036274616804], [34.883663494492055, 36.83036274616804], [34.883663494492055, 36.8292847678271], [34.883124505321575, 36.8292847678271], [34.883124505321575, 36.82820678948615], [34.882585516151096, 36.82820678948615], [34.882585516151096, 36.82658982197474]]]}, "id": "+398683+87521", "properties": {"area_ha": 5.750270048053251, "count": 20, "label": 1, "mean_dnbr": 0.3860419484551496}}, {"type": "Feature", "geometry": {"geodesic": false, "type": "Polygon", "coordinates": [[[34.885819451173944, 36.785087655848415], [34.887436418685354, 36.785087655848415], [34.887436418685354, 36.78562664501889], [34.887975407855805, 36.78562664501889], [34.887975407855805, 36.78616563418936], [34.886897429514875, 36.78616563418936], [34.886897429514875, 36.787243612530304], [34.886358440344395, 36.787243612530304], [34.886358440344395, 36.78886058004172], [34.885819451173944, 36.78886058004172], [34.885819451173944, 36.78832159087125], [34.885280462003465, 36.78832159087125], [34.885280462003465, 36.78670462335983], [34.886358440344395, 36.78670462335983], [34.886358440344395, 36.78616563418936], [34.885280462003465, 36.78616563418936], [34.885280462003465, 36.78562664501889], [34.885819451173944, 36.78562664501889], [34.885819451173944, 36.785087655848415]]]}, "id": "+398685+87598", "properties": {"area_ha": 4.890377775268231, "count": 17, "label": 1, "mean_dnbr": 0.29890332801854086}}, {"type": "Feature", "geometry": {"geodesic": false, "type": "Polygon", "coordinates": [[[34.888514397026285, 36.83251870284993], [34.88959237536724, 36.83251870284993], [34.88959237536724, 36.83359668119087], [34.887436418685354, 36.83359668119087], [34.887436418685354, 36.83413567036134], [34.887975407855805, 36.83413567036134], [34.887975407855805, 36.83575263787276], [34.886897429514875, 36.83575263787276], [34.886897429514875, 36.835213648702286], [34.885819451173944, 36.835213648702286], [34.885819451173944, 36.83413567036134], [34.885280462003465, 36.83413567036134], [34.885280462003465, 36.83359668119087], [34.885819451173944, 36.83359668119087], [34.885819451173944, 36.833057692020404], [34.888514397026285, 36.833057692020404], [34.888514397026285, 36.83251870284993]]]}, "id": "+398689+87510", "properties": {"area_ha": 6.612294868767889, "count": 23, "label": 1, "mean_dnbr": 0.3453847037737528}}, {"type": "Feature", "geometry": {"geodesic": false, "type": "Polygon", "coordinates": [[[34.887975407855805, 36.828745778656625], [34.89120934287865, 36.828745778656625], [34.89120934287865, 36.82982375699757], [34.890670353708174, 36.82982375699757], [34.890670353708174, 36.83036274616804], [34.890131364537694, 36.83036274616804], [34.890131364537694, 36.830901735338514], [34.889053386196764, 36.830901735338514], [34.889053386196764, 36.82982375699757], [34.887975407855805, 36.82982375699757], [34.887975407855805, 36.828745778656625]]]}, "id": "+398692+87517", "properties": {"area_ha": 4.887615222633548, "count": 17, "label": 1, "mean_dnbr": 0.24743464629989534}}, {"type": "Feature", "geometry": {"geodesic": false, "type": "Polygon", "coordinates": [[[34.890670353708174, 36.81904397358814], [34.892287321219584, 36.81904397358814], [34.892287321219584, 36.82012195192908], [34.89174833204913, 36.82012195192908], [34.89174833204913, 36.820660941099554], [34.88959237536724, 36.820660941099554], [34.88959237536724, 36.81904397358814], [34.890131364537694, 36.81904397358814], [34.890131364537694, 36.82012195192908], [34.890670353708174, 36.82012195192908], [34.890670353708174, 36.81904397358814]]]}, "id": "+398694+87535", "properties": {"area_ha": 3.4505392287486014, "count": 12, "label": 1, "mean_dnbr": 0.39662307815723996}}, {"type": "Feature", "geometry": {"geodesic": false, "type": "Polygon", "coordinates": [[[34.890131364537694, 36.881027728192386], [34.89336529956054, 36.881027728192386], [34.89336529956054, 36.88156671736285], [34.89606024541288, 36.88156671736285], [34.89606024541288, 36.882644695703796], [34.89336529956054, 36.882644695703796], [34.89336529956054, 36.88210570653332], [34.89120934287865, 36.88210570653332], [34.89120934287865, 36.88156671736285], [34.890131364537694, 36.88156671736285], [34.890131364537694, 36.881027728192386]]]}, "id": "+398696+87420", "properties": {"area_ha": 5.746217729684666, "count": 20, "label": 1, "mean_dnbr": 0.34155855276355124}}, {"type": "Feature", "geometry": {"geodesic": false, "type": "Polygon", "coordinates": [[[34.89282631039006, 36.87725480399908], [34.89336529956054, 36.87725480399908], [34.89336529956054, 36.87779379316955], [34.89444327790147, 36.87779379316955], [34.89444327790147, 36.878332782340024], [34.89821620209477, 36.878332782340024], [34.89821620209477, 36.87941076068097], [34.89767721292432, 36.87941076068097], [34.89767721292432, 36.87994974985144], [34.89606024541288, 36.87994974985144], [34.89606024541288, 36.87941076068097], [34.893904288730994, 36.87941076068097], [34.893904288730994, 36.87994974985144], [34.89336529956054, 36.87994974985144], [34.89336529956054, 36.87941076068097], [34.89174833204913, 36.87941076068097], [34.89174833204913, 36.8788717715105], [34.890670353708174, 36.8788717715105], [34.890670353708174, 36.87779379316955], [34.89282631039006, 36.87779379316955], [34.89282631039006, 36.87725480399908]]]}, "id": "+398696+87427", "properties": {"area_ha": 10.91824832844009, "count": 38, "label": 1, "mean_dnbr": 0.5503219432799601}}, {"type": "Feature", "geometry": {"geodesic": false, "type": "Polygon", "coordinates": [[[34.89174833204913, 36.7511313381087], [34.89336529956054, 36.7511313381087], [34.89336529956054, 36.75167032727917], [34.89282631039006, 36.75167032727917], [34.89282631039006, 36.752209316449644], [34.89174833204913, 36.752209316449644], [34.89174833204913, 36.75328729479059], [34.89120934287865, 36.75328729479059], [34.89120934287865, 36.75382628396106], [34.890670353708174, 36.75382628396106], [34.890670353708174, 36.75167032727917], [34.89174833204913, 36.75167032727917], [34.89174833204913, 36.7511313381087]]]}, "id": "+398696+87661", "properties": {"area_ha": 3.4535800430877788, "count": 12, "label": 1, "mean_dnbr": 0.27927843266886276}}, {"type": "Feature", "geometry": {"geodesic": false, "type": "Polygon", "coordinates": [[[34.89336529956054, 36.89180751160182], [34.89444327790147, 36.89180751160182], [34.89444327790147, 36.89288548994276], [34.89498226707195, 36.89288548994276], [34.89498226707195, 36.8939634682837], [34.89444327790147, 36.8939634682837], [34.89444327790147, 36.89450245745417], [34.89282631039006, 36.89450245745417], [34.89282631039006, 36.8939634682837], [34.89336529956054, 36.8939634682837], [34.89336529956054, 36.89180751160182]]]}, "id": "+398698+87400", "properties": {"area_ha": 3.7344924799144885, "count": 13, "label": 1, "mean_dnbr": 0.23162244596300846}}, {"type": "Feature", "geometry": {"geodesic": false, "type": "Polygon", "coordinates": [[[34.89498226707195, 36.8292847678271], [34.89552125624243, 36.8292847678271], [34.89552125624243, 36.82982375699757], [34.89606024541288, 36.82982375699757], [34.89606024541288, 36.83197971367946], [34.89713822375384, 36.83197971367946], [34.89713822375384, 36.83359668119087], [34.89767721292432, 36.83359668119087], [34.89767721292432, 36.83413567036134], [34.89606024541288, 36.83413567036134], [34.89606024541288, 36.83251870284993], [34.89552125624243, 36.83251870284993], [34.89552125624243, 36.830901735338514], [34.89498226707195, 36.830901735338514], [34.89498226707195, 36.8292847678271]]]}, "id": "+398700+87516", "properties": {"area_ha": 4.887482611941341, "count": 17, "label": 1, "mean_dnbr": 0.32996107149250387}}, {"type": "Feature", "geometry": {"geodesic": false, "type": "Polygon", "coordinates": [[[34.89336529956054, 36.8255118436338], [34.89606024541288, 36.8255118436338], [34.89606024541288, 36.82605083280427], [34.89713822375384, 36.82605083280427], [34.89713822375384, 36.82766780031568], [34.89767721292432, 36.82766780031568], [34.89767721292432, 36.82820678948615], [34.89929418043573, 36.82820678948615], [34.89929418043573, 36.828745778656625], [34.89713822375384, 36.828745778656625], [34.89713822375384, 36.8292847678271], [34.89659923458336, 36.8292847678271], [34.89659923458336, 36.82820678948615], [34.89606024541288, 36.82820678948615], [34.89606024541288, 36.82712881114521], [34.89498226707195, 36.82712881114521], [34.89498226707195, 36.82766780031568], [34.89444327790147, 36.82766780031568], [34.89444327790147, 36.82712881114521], [34.89498226707195, 36.82712881114521], [34.89498226707195, 36.82605083280427], [34.89444327790147, 36.82605083280427], [34.89444327790147, 36.82658982197474], [34.893904288730994, 36.82658982197474], [34.893904288730994, 36.82605083280427], [34.89336529956054, 36.82605083280427], [34.89336529956054, 36.8255118436338]]]}, "id": "+398701+87523", "properties": {"area_ha": 7.475439959924842, "count": 26, "label": 1, "mean_dnbr": 0.31424549991838185}}, {"type": "Feature", "geometry": {"geodesic": false, "type": "Polygon", "coordinates": [[[34.89552125624243, 36.81742700607672], [34.89659923458336, 36.81742700607672], [34.89659923458336, 36.81796599524719], [34.89713822375384, 36.81796599524719], [34.89713822375384, 36.81958296275861], [34.89659923458336, 36.81958296275861], [34.89659923458336, 36.82012195192908], [34.89606024541288, 36.82012195192908], [34.89606024541288, 36.820660941099554], [34.89659923458336, 36.820660941099554], [34.89659923458336, 36.82119993027002], [34.89821620209477, 36.82119993027002], [34.89821620209477, 36.81958296275861], [34.90037215877666, 36.81958296275861], [34.90037215877666, 36.82012195192908], [34.90091114794714, 36.82012195192908], [34.90091114794714, 36.81958296275861], [34.90145013711762, 36.81958296275861], [34.90145013711762, 36.82012195192908], [34.90198912628807, 36.82012195192908], [34.90198912628807, 36.820660941099554], [34.90145013711762, 36.820660941099554], [34.90145013711762, 36.82335588695191], [34.90091114794714, 36.82335588695191], [34.90091114794714, 36.822816897781436], [34.90037215877666, 36.822816897781436], [34.90037215877666, 36.82335588695191], [34.89875519126525, 36.82335588695191], [34.89875519126525, 36.822816897781436], [34.89929418043573, 36.822816897781436], [34.89929418043573, 36.822277908610964], [34.89983316960618, 36.822277908610964], [34.89983316960618, 36.82173891944049], [34.89875519126525, 36.82173891944049], [34.89875519126525, 36.822277908610964], [34.89659923458336, 36.822277908610964], [34.89659923458336, 36.82335588695191], [34.89713822375384, 36.82335588695191], [34.89713822375384, 36.82389487612238], [34.89659923458336, 36.82389487612238], [34.89659923458336, 36.824972854463326], [34.89444327790147, 36.824972854463326], [34.89444327790147, 36.82443386529285], [34.893904288730994, 36.82443386529285], [34.893904288730994, 36.82335588695191], [34.89336529956054, 36.82335588695191], [34.89336529956054, 36.822816897781436], [34.893904288730994, 36.822816897781436], [34.893904288730994, 36.82335588695191], [34.89444327790147, 36.82335588695191], [34.89444327790147, 36.822816897781436], [34.89606024541288, 36.822816897781436], [34.89606024541288, 36.822277908610964], [34.89552125624243, 36.822277908610964], [34.89552125624243, 36.820660941099554], [34.893904288730994, 36.820660941099554], [34.893904288730994, 36.82119993027002], [34.89336529956054, 36.82119993027002], [34.89336529956054, 36.822277908610964], [34.89282631039006, 36.822277908610964], [34.89282631039006, 36.81958296275861], [34.89444327790147, 36.81958296275861], [34.89444327790147, 36.81904397358814], [34.89552125624243, 36.81904397358814], [34.89552125624243, 36.818504984417665], [34.89606024541288, 36.818504984417665], [34.89606024541288, 36.81796599524719], [34.89552125624243, 36.81796599524719], [34.89552125624243, 36.81742700607672]]]}, "id": "+398702+87538", "properties": {"area_ha": 28.178806093986875, "count": 98, "label": 1, "mean_dnbr": 0.37537149982146756}}, {"type": "Feature", "geometry": {"geodesic": false, "type": "Polygon", "coordinates": [[[34.89552125624243, 36.80880317934918], [34.89659923458336, 36.80880317934918], [34.89659923458336, 36.81095913603106], [34.89606024541288, 36.81095913603106], [34.89606024541288, 36.81149812520153], [34.89659923458336, 36.81149812520153], [34.89659923458336, 36.812576103542476], [34.89606024541288, 36.812576103542476], [34.89606024541288, 36.81149812520153], [34.89552125624243, 36.81149812520153], [34.89552125624243, 36.81311509271295], [34.89498226707195, 36.81311509271295], [34.89498226707195, 36.81419307105389], [34.89552125624243, 36.81419307105389], [34.89552125624243, 36.81527104939483], [34.89444327790147, 36.81527104939483], [34.89444327790147, 36.81419307105389], [34.893904288730994, 36.81419307105389], [34.893904288730994, 36.81527104939483], [34.89282631039006, 36.81527104939483], [34.89282631039006, 36.81365408188342], [34.89174833204913, 36.81365408188342], [34.89174833204913, 36.812576103542476], [34.89120934287865, 36.812576103542476], [34.89120934287865, 36.812037114372], [34.892287321219584, 36.812037114372], [34.892287321219584, 36.812576103542476], [34.89282631039006, 36.812576103542476], [34.89282631039006, 36.81365408188342], [34.89336529956054, 36.81365408188342], [34.89336529956054, 36.81419307105389], [34.893904288730994, 36.81419307105389], [34.893904288730994, 36.81311509271295], [34.89498226707195, 36.81311509271295], [34.89498226707195, 36.812037114372], [34.89444327790147, 36.812037114372], [34.89444327790147, 36.81095913603106], [34.89498226707195, 36.81095913603106], [34.89498226707195, 36.81149812520153], [34.89552125624243, 36.81149812520153], [34.89552125624243, 36.81042014686059], [34.89498226707195, 36.81042014686059], [34.89498226707195, 36.80934216851964], [34.89552125624243, 36.80934216851964], [34.89552125624243, 36.80880317934918]]]}, "id": "+398702+87554", "properties": {"area_ha": 10.640191392181094, "count": 37, "label": 1, "mean_dnbr": 0.32835774038432936}}, {"type": "Feature", "geometry": {"geodesic": false, "type": "Polygon", "coordinates": [[[34.893904288730994, 36.8368306162137], [34.89767721292432, 36.8368306162137], [34.89767721292432, 36.83790859455465], [34.89552125624243, 36.83790859455465], [34.89552125624243, 36.83844758372512], [34.89444327790147, 36.83844758372512], [34.89444327790147, 36.837369605384175], [34.893904288730994, 36.837369605384175], [34.893904288730994, 36.8368306162137]]]}, "id": "+398704+87502", "properties": {"area_ha": 4.312147499405533, "count": 15, "label": 1, "mean_dnbr": 0.36106146305588815}}, {"type": "Feature", "geometry": {"geodesic": false, "type": "Polygon", "coordinates": [[[34.89713822375384, 36.88156671736285], [34.89821620209477, 36.88156671736285], [34.89821620209477, 36.88318368487427], [34.89767721292432, 36.88318368487427], [34.89767721292432, 36.88372267404474], [34.89713822375384, 36.88372267404474], [34.89713822375384, 36.884800652385685], [34.89606024541288, 36.884800652385685], [34.89606024541288, 36.88533964155616], [34.89552125624243, 36.88533964155616], [34.89552125624243, 36.88587863072663], [34.89444327790147, 36.88587863072663], [34.89444327790147, 36.88533964155616], [34.89498226707195, 36.88533964155616], [34.89498226707195, 36.884800652385685], [34.89552125624243, 36.884800652385685], [34.89552125624243, 36.88426166321521], [34.89606024541288, 36.88426166321521], [34.89606024541288, 36.88372267404474], [34.89659923458336, 36.88372267404474], [34.89659923458336, 36.88210570653332], [34.89713822375384, 36.88210570653332], [34.89713822375384, 36.88156671736285]]]}, "id": "+398705+87419", "properties": {"area_ha": 5.458790563400712, "count": 19, "label": 1, "mean_dnbr": 0.34550381919146594}}, {"type": "Feature", "geometry": {"geodesic": false, "type": "Polygon", "coordinates": [[[34.89713822375384, 36.81419307105389], [34.89875519126525, 36.81419307105389], [34.89875519126525, 36.816349027735775], [34.89929418043573, 36.816349027735775], [34.89929418043573, 36.81796599524719], [34.89875519126525, 36.81796599524719], [34.89875519126525, 36.81742700607672], [34.89821620209477, 36.81742700607672], [34.89821620209477, 36.816349027735775], [34.89767721292432, 36.816349027735775], [34.89767721292432, 36.81527104939483], [34.89713822375384, 36.81527104939483], [34.89713822375384, 36.81419307105389]]]}, "id": "+398706+87544", "properties": {"area_ha": 4.313395392040953, "count": 15, "label": 1, "mean_dnbr": 0.3134279719284965}}, {"type": "Feature", "geometry": {"geodesic": false, "type": "Polygon", "coordinates": [[[34.89875519126525, 36.93708260192144], [34.90037215877666, 36.93708260192144], [34.90037215877666, 36.93762159109191], [34.90252811545855, 36.93762159109191], [34.90252811545855, 36.938160580262384], [34.90198912628807, 36.938160580262384], [34.90198912628807, 36.938699569432856], [34.90145013711762, 36.938699569432856], [34.90145013711762, 36.93923855860333], [34.89983316960618, 36.93923855860333], [34.89983316960618, 36.938699569432856], [34.89929418043573, 36.938699569432856], [34.89929418043573, 36.938160580262384], [34.89983316960618, 36.938160580262384], [34.89983316960618, 36.93762159109191], [34.89875519126525, 36.93762159109191], [34.89875519126525, 36.93708260192144]]]}, "id": "+398709+87316", "properties": {"area_ha": 4.593586202693166, "count": 16, "label": 1, "mean_dnbr": 0.3526697896312041}}, {"type": "Feature", "geometry": {"geodesic": false, "type": "Polygon", "coordinates": [[[34.89875519126525, 36.876176825658135], [34.90091114794714, 36.876176825658135], [34.90091114794714, 36.87671581482861], [34.90145013711762, 36.87671581482861], [34.90145013711762, 36.87725480399908], [34.90360609379951, 36.87725480399908], [34.90360609379951, 36.87779379316955], [34.90145013711762, 36.87779379316955], [34.90145013711762, 36.87725480399908], [34.90091114794714, 36.87725480399908], [34.90091114794714, 36.87779379316955], [34.89983316960618, 36.87779379316955], [34.89983316960618, 36.87725480399908], [34.89875519126525, 36.87725480399908], [34.89875519126525, 36.876176825658135]]]}, "id": "+398710+87429", "properties": {"area_ha": 4.309937968011348, "count": 15, "label": 1, "mean_dnbr": 0.27745404639183363}}, {"type": "Feature", "geometry": {"geodesic": false, "type": "Polygon", "coordinates": [[[34.90037215877666, 36.87186491229436], [34.90252811545855, 36.87186491229436], [34.90252811545855, 36.872403901464835], [34.90306710462903, 36.872403901464835], [34.90306710462903, 36.87402086897625], [34.90198912628807, 36.87402086897625], [34.90198912628807, 36.87348187980578], [34.90145013711762, 36.87348187980578], [34.90145013711762, 36.87294289063531], [34.90037215877666, 36.87294289063531], [34.90037215877666, 36.87186491229436]]]}, "id": "+398713+87437", "properties": {"area_ha": 4.0228332214878675, "count": 14, "label": 1, "mean_dnbr": 0.20129202440953817}}, {"type": "Feature", "geometry": {"geodesic": false, "type": "Polygon", "coordinates": [[[34.90198912628807, 36.835213648702286], [34.90360609379951, 36.835213648702286], [34.90360609379951, 36.83575263787276], [34.90468407214044, 36.83575263787276], [34.90468407214044, 36.8368306162137], [34.90306710462903, 36.8368306162137], [34.90306710462903, 36.837369605384175], [34.90252811545855, 36.837369605384175], [34.90252811545855, 36.8368306162137], [34.90145013711762, 36.8368306162137], [34.90145013711762, 36.83575263787276], [34.90198912628807, 36.83575263787276], [34.90198912628807, 36.835213648702286]]]}, "id": "+398715+87505", "properties": {"area_ha": 4.599731449799608, "count": 16, "label": 1, "mean_dnbr": 0.35457569917353476}}, {"type": "Feature", "geometry": {"geodesic": false, "type": "Polygon", "coordinates": [[[34.90091114794714, 36.83898657289559], [34.90468407214044, 36.83898657289559], [34.90468407214044, 36.84006455123653], [34.90145013711762, 36.84006455123653], [34.90145013711762, 36.840603540407], [34.90091114794714, 36.840603540407], [34.90091114794714, 36.84006455123653], [34.90145013711762, 36.84006455123653], [34.90145013711762, 36.83952556206606], [34.90091114794714, 36.83952556206606], [34.90091114794714, 36.83898657289559]]]}, "id": "+398717+87498", "properties": {"area_ha": 4.024573874568725, "count": 14, "label": 1, "mean_dnbr": 0.2576797402452571}}, {"type": "Feature", "geometry": {"geodesic": false, "type": "Polygon", "coordinates": [[[34.90306710462903, 36.82766780031568], [34.90468407214044, 36.82766780031568], [34.90468407214044, 36.8292847678271], [34.90306710462903, 36.8292847678271], [34.90306710462903, 36.830901735338514], [34.90252811545855, 36.830901735338514], [34.90252811545855, 36.83144072450899], [34.90306710462903, 36.83144072450899], [34.90306710462903, 36.83251870284993], [34.90360609379951, 36.83251870284993], [34.90360609379951, 36.83359668119087], [34.90468407214044, 36.83359668119087], [34.90468407214044, 36.834674659531814], [34.90252811545855, 36.834674659531814], [34.90252811545855, 36.83413567036134], [34.89875519126525, 36.83413567036134], [34.89875519126525, 36.833057692020404], [34.89983316960618, 36.833057692020404], [34.89983316960618, 36.83251870284993], [34.90037215877666, 36.83251870284993], [34.90037215877666, 36.833057692020404], [34.90091114794714, 36.833057692020404], [34.90091114794714, 36.83251870284993], [34.90198912628807, 36.83251870284993], [34.90198912628807, 36.83197971367946], [34.90145013711762, 36.83197971367946], [34.90145013711762, 36.82982375699757], [34.90252811545855, 36.82982375699757], [34.90252811545855, 36.82820678948615], [34.90306710462903, 36.82820678948615], [34.90306710462903, 36.82766780031568]]]}, "id": "+398717+87519", "properties": {"area_ha": 15.812504716843632, "count": 55, "label": 1, "mean_dnbr": 0.4097434414656694}}, {"type": "Feature", "geometry": {"geodesic": false, "type": "Polygon", "coordinates": [[[34.90414508296996, 36.814732060224365], [34.90468407214044, 36.814732060224365], [34.90468407214044, 36.8158100385653], [34.90630103965185, 36.8158100385653], [34.90630103965185, 36.81688801690625], [34.90576205048137, 36.81688801690625], [34.90576205048137, 36.81742700607672], [34.90737901799281, 36.81742700607672], [34.90737901799281, 36.81688801690625], [34.91007396384515, 36.81688801690625], [34.91007396384515, 36.816349027735775], [34.91115194218611, 36.816349027735775], [34.91115194218611, 36.81688801690625], [34.91007396384515, 36.81688801690625], [34.91007396384515, 36.81742700607672], [34.9095349746747, 36.81742700607672], [34.9095349746747, 36.81796599524719], [34.91007396384515, 36.81796599524719], [34.91007396384515, 36.81904397358814], [34.90899598550422, 36.81904397358814], [34.90899598550422, 36.81796599524719], [34.90576205048137, 36.81796599524719], [34.90576205048137, 36.818504984417665], [34.90414508296996, 36.818504984417665], [34.90414508296996, 36.81796599524719], [34.90522306131092, 36.81796599524719], [34.90522306131092, 36.816349027735775], [34.90414508296996, 36.816349027735775], [34.90414508296996, 36.8158100385653], [34.90360609379951, 36.8158100385653], [34.90360609379951, 36.81527104939483], [34.90414508296996, 36.81527104939483], [34.90414508296996, 36.814732060224365]]]}, "id": "+398717+87543", "properties": {"area_ha": 9.201755364874789, "count": 32, "label": 1, "mean_dnbr": 0.3557228895110109}}, {"type": "Feature", "geometry": {"geodesic": false, "type": "Polygon", "coordinates": [[[34.90576205048137, 36.81904397358814], [34.90630103965185, 36.81904397358814], [34.90630103965185, 36.81958296275861], [34.90737901799281, 36.81958296275861], [34.90737901799281, 36.82012195192908], [34.90630103965185, 36.82012195192908], [34.90630103965185, 36.820660941099554], [34.90684002882233, 36.820660941099554], [34.90684002882233, 36.822277908610964], [34.90737901799281, 36.822277908610964], [34.90737901799281, 36.822816897781436], [34.90791800716326, 36.822816897781436], [34.90791800716326, 36.82335588695191], [34.90899598550422, 36.82335588695191], [34.90899598550422, 36.822816897781436], [34.9095349746747, 36.822816897781436], [34.9095349746747, 36.82173891944049], [34.90899598550422, 36.82173891944049], [34.90899598550422, 36.82119993027002], [34.91115194218611, 36.82119993027002], [34.91115194218611, 36.822277908610964], [34.913307898868, 36.822277908610964], [34.913307898868, 36.822816897781436], [34.91384688803845, 36.822816897781436], [34.91384688803845, 36.82335588695191], [34.91438587720893, 36.82335588695191], [34.91438587720893, 36.824972854463326], [34.91384688803845, 36.824972854463326], [34.91384688803845, 36.8255118436338], [34.91115194218611, 36.8255118436338], [34.91115194218611, 36.82605083280427], [34.91007396384515, 36.82605083280427], [34.91007396384515, 36.82443386529285], [34.90576205048137, 36.82443386529285], [34.90576205048137, 36.82389487612238], [34.90630103965185, 36.82389487612238], [34.90630103965185, 36.82173891944049], [34.90576205048137, 36.82173891944049], [34.90576205048137, 36.822816897781436], [34.90468407214044, 36.822816897781436], [34.90468407214044, 36.82119993027002], [34.90522306131092, 36.82119993027002], [34.90522306131092, 36.82012195192908], [34.90576205048137, 36.82012195192908], [34.90576205048137, 36.81904397358814]], [[34.91007396384515, 36.822816897781436], [34.91007396384515, 36.82389487612238], [34.9095349746747, 36.82389487612238], [34.9095349746747, 36.822816897781436], [34.91007396384515, 36.822816897781436]]]}, "id": "+398720+87535", "properties": {"area_ha": 26.453013038614124, "count": 92, "label": 1, "mean_dnbr": 0.34991785349148224}}, {"type": "Feature", "geometry": {"geodesic": false, "type": "Polygon", "coordinates": [[[34.90737901799281, 36.78185372082559], [34.90791800716326, 36.78185372082559], [34.90791800716326, 36.78293169916653], [34.90845699633374, 36.78293169916653], [34.90845699633374, 36.783470688337005], [34.90899598550422, 36.783470688337005], [34.90899598550422, 36.78293169916653], [34.91061295301563, 36.78293169916653], [34.91061295301563, 36.78454866667795], [34.91007396384515, 36.78454866667795], [34.91007396384515, 36.785087655848415], [34.9095349746747, 36.785087655848415], [34.9095349746747, 36.78562664501889], [34.91007396384515, 36.78562664501889], [34.91007396384515, 36.78670462335983], [34.90899598550422, 36.78670462335983], [34.90899598550422, 36.787243612530304], [34.90845699633374, 36.787243612530304], [34.90845699633374, 36.787782601700776], [34.90791800716326, 36.787782601700776], [34.90791800716326, 36.78832159087125], [34.90845699633374, 36.78832159087125], [34.90845699633374, 36.78939956921219], [34.90791800716326, 36.78939956921219], [34.90791800716326, 36.789938558382666], [34.90684002882233, 36.789938558382666], [34.90684002882233, 36.78832159087125], [34.90576205048137, 36.78832159087125], [34.90576205048137, 36.78886058004172], [34.90630103965185, 36.78886058004172], [34.90630103965185, 36.79047754755314], [34.90522306131092, 36.79047754755314], [34.90522306131092, 36.789938558382666], [34.90414508296996, 36.789938558382666], [34.90414508296996, 36.78939956921219], [34.90360609379951, 36.78939956921219], [34.90360609379951, 36.78886058004172], [34.90306710462903, 36.78886058004172], [34.90306710462903, 36.789938558382666], [34.90360609379951, 36.789938558382666], [34.90360609379951, 36.79047754755314], [34.90414508296996, 36.79047754755314], [34.90414508296996, 36.7910165367236], [34.90360609379951, 36.7910165367236], [34.90360609379951, 36.791555525894076], [34.90414508296996, 36.791555525894076], [34.90414508296996, 36.79209451506455], [34.90468407214044, 36.79209451506455], [34.90468407214044, 36.79317249340549], [34.90576205048137, 36.79317249340549], [34.90576205048137, 36.79263350423502], [34.90684002882233, 36.79263350423502], [34.90684002882233, 36.79317249340549], [34.90737901799281, 36.79317249340549], [34.90737901799281, 36.79209451506455], [34.90845699633374, 36.79209451506455], [34.90845699633374, 36.79263350423502], [34.90899598550422, 36.79263350423502], [34.90899598550422, 36.79425047174644], [34.90630103965185, 36.79425047174644], [34.90630103965185, 36.79478946091691], [34.90684002882233, 36.79478946091691], [34.90684002882233, 36.795867439257854], [34.90737901799281, 36.795867439257854], [34.90737901799281, 36.79640642842833], [34.90791800716326, 36.79640642842833], [34.90791800716326, 36.795867439257854], [34.90899598550422, 36.795867439257854], [34.90899598550422, 36.79532845008738], [34.91222992052704, 36.79532845008738], [34.91222992052704, 36.795867439257854], [34.91276890969752, 36.795867439257854], [34.91276890969752, 36.79694541759879], [34.91061295301563, 36.79694541759879], [34.91061295301563, 36.797484406769264], [34.90899598550422, 36.797484406769264], [34.90899598550422, 36.79856238511021], [34.9095349746747, 36.79856238511021], [34.9095349746747, 36.799640363451154], [34.91007396384515, 36.799640363451154], [34.91007396384515, 36.8007183417921], [34.9095349746747, 36.8007183417921], [34.9095349746747, 36.800179352621626], [34.90899598550422, 36.800179352621626], [34.90899598550422, 36.8007183417921], [34.90845699633374, 36.8007183417921], [34.90845699633374, 36.80179632013304], [34.9095349746747, 36.80179632013304], [34.9095349746747, 36.802335309303515], [34.91007396384515, 36.802335309303515], [34.91007396384515, 36.80341328764445], [34.90845699633374, 36.80341328764445], [34.90845699633374, 36.80287429847399], [34.90791800716326, 36.80287429847399], [34.90791800716326, 36.8044912659854], [34.90845699633374, 36.8044912659854], [34.90845699633374, 36.80556924432634], [34.90899598550422, 36.80556924432634], [34.90899598550422, 36.80503025515587], [34.9095349746747, 36.80503025515587], [34.9095349746747, 36.80556924432634], [34.91007396384515, 36.80556924432634], [34.91007396384515, 36.80718621183776], [34.90845699633374, 36.80718621183776], [34.90845699633374, 36.80772520100823], [34.90737901799281, 36.80772520100823], [34.90737901799281, 36.80718621183776], [34.90684002882233, 36.80718621183776], [34.90684002882233, 36.806108233496815], [34.90630103965185, 36.806108233496815], [34.90630103965185, 36.80503025515587], [34.90576205048137, 36.80503025515587], [34.90576205048137, 36.8044912659854], [34.90414508296996, 36.8044912659854], [34.90414508296996, 36.803952276814925], [34.90360609379951, 36.803952276814925], [34.90360609379951, 36.80503025515587], [34.90306710462903, 36.80503025515587], [34.90306710462903, 36.8044912659854], [34.90252811545855, 36.8044912659854], [34.90252811545855, 36.80287429847399], [34.90468407214044, 36.80287429847399], [34.90468407214044, 36.80341328764445], [34.90522306131092, 36.80341328764445], [34.90522306131092, 36.803952276814925], [34.90630103965185, 36.803952276814925], [34.90630103965185, 36.802335309303515], [34.90576205048137, 36.802335309303515], [34.90576205048137, 36.80179632013304], [34.90522306131092, 36.80179632013304], [34.90522306131092, 36.8007183417921], [34.90576205048137, 36.8007183417921], [34.90576205048137, 36.79856238511021], [34.90522306131092, 36.79856238511021], [34.90522306131092, 36.79910137428068], [34.90360609379951, 36.79910137428068], [34.90360609379951, 36.799640363451154], [34.90037215877666, 36.799640363451154], [34.90037215877666, 36.79910137428068], [34.89983316960618, 36.79910137428068], [34.89983316960618, 36.79856238511021], [34.89821620209477, 36.79856238511021], [34.89821620209477, 36.79910137428068], [34.89767721292432, 36.79910137428068], [34.89767721292432, 36.8007183417921], [34.89821620209477, 36.8007183417921], [34.89821620209477, 36.80287429847399], [34.89713822375384, 36.80287429847399], [34.89713822375384, 36.802335309303515], [34.89659923458336, 36.802335309303515], [34.89659923458336, 36.80125733096257], [34.89552125624243, 36.80125733096257], [34.89552125624243, 36.802335309303515], [34.89606024541288, 36.802335309303515], [34.89606024541288, 36.80341328764445], [34.89552125624243, 36.80341328764445], [34.89552125624243, 36.8044912659854], [34.89606024541288, 36.8044912659854], [34.89606024541288, 36.80503025515587], [34.89552125624243, 36.80503025515587], [34.89552125624243, 36.8044912659854], [34.89498226707195, 36.8044912659854], [34.89498226707195, 36.80341328764445], [34.893904288730994, 36.80341328764445], [34.893904288730994, 36.803952276814925], [34.89282631039006, 36.803952276814925], [34.89282631039006, 36.80503025515587], [34.89336529956054, 36.80503025515587], [34.89336529956054, 36.80556924432634], [34.89552125624243, 36.80556924432634], [34.89552125624243, 36.806108233496815], [34.89498226707195, 36.806108233496815], [34.89498226707195, 36.80664722266729], [34.89552125624243, 36.80664722266729], [34.89552125624243, 36.80718621183776], [34.89498226707195, 36.80718621183776], [34.89498226707195, 36.80772520100823], [34.89444327790147, 36.80772520100823], [34.89444327790147, 36.80934216851964], [34.893904288730994, 36.80934216851964], [34.893904288730994, 36.808264190178704], [34.89336529956054, 36.808264190178704], [34.89336529956054, 36.80772520100823], [34.892287321219584, 36.80772520100823], [34.892287321219584, 36.806108233496815], [34.89120934287865, 36.806108233496815], [34.89120934287865, 36.80556924432634], [34.890670353708174, 36.80556924432634], [34.890670353708174, 36.8044912659854], [34.88959237536724, 36.8044912659854], [34.88959237536724, 36.80503025515587], [34.888514397026285, 36.80503025515587], [34.888514397026285, 36.80556924432634], [34.889053386196764, 36.80556924432634], [34.889053386196764, 36.806108233496815], [34.88959237536724, 36.806108233496815], [34.88959237536724, 36.80718621183776], [34.888514397026285, 36.80718621183776], [34.888514397026285, 36.80934216851964], [34.887975407855805, 36.80934216851964], [34.887975407855805, 36.80718621183776], [34.888514397026285, 36.80718621183776], [34.888514397026285, 36.80664722266729], [34.887975407855805, 36.80664722266729], [34.887975407855805, 36.8044912659854], [34.887436418685354, 36.8044912659854], [34.887436418685354, 36.803952276814925], [34.885280462003465, 36.803952276814925], [34.885280462003465, 36.8044912659854], [34.884741472832985, 36.8044912659854], [34.884741472832985, 36.803952276814925], [34.884202483662506, 36.803952276814925], [34.884202483662506, 36.80341328764445], [34.883663494492055, 36.80341328764445], [34.883663494492055, 36.80287429847399], [34.885819451173944, 36.80287429847399], [34.885819451173944, 36.802335309303515], [34.885280462003465, 36.802335309303515], [34.885280462003465, 36.80179632013304], [34.884741472832985, 36.80179632013304], [34.884741472832985, 36.8007183417921], [34.886358440344395, 36.8007183417921], [34.886358440344395, 36.800179352621626], [34.886897429514875, 36.800179352621626], [34.886897429514875, 36.8007183417921], [34.887436418685354, 36.8007183417921], [34.887436418685354, 36.80179632013304], [34.888514397026285, 36.80179632013304], [34.888514397026285, 36.80125733096257], [34.890131364537694, 36.80125733096257], [34.890131364537694, 36.8007183417921], [34.88959237536724, 36.8007183417921], [34.88959237536724, 36.800179352621626], [34.889053386196764, 36.800179352621626], [34.889053386196764, 36.79910137428068], [34.88959237536724, 36.79910137428068], [34.88959237536724, 36.79802339593974], [34.888514397026285, 36.79802339593974], [34.888514397026285, 36.797484406769264], [34.88959237536724, 36.797484406769264], [34.88959237536724, 36.79694541759879], [34.889053386196764, 36.79694541759879], [34.889053386196764, 36.795867439257854], [34.88959237536724, 36.795867439257854], [34.88959237536724, 36.79478946091691], [34.889053386196764, 36.79478946091691], [34.889053386196764, 36.793711482575965], [34.887975407855805, 36.793711482575965], [34.887975407855805, 36.79478946091691], [34.888514397026285, 36.79478946091691], [34.888514397026285, 36.795867439257854], [34.887975407855805, 36.795867439257854], [34.887975407855805, 36.79640642842833], [34.886358440344395, 36.79640642842833], [34.886358440344395, 36.79694541759879], [34.886897429514875, 36.79694541759879], [34.886897429514875, 36.79856238511021], [34.885280462003465, 36.79856238511021], [34.885280462003465, 36.79802339593974], [34.884741472832985, 36.79802339593974], [34.884741472832985, 36.797484406769264], [34.885280462003465, 36.797484406769264], [34.885280462003465, 36.79640642842833], [34.884741472832985, 36.79640642842833], [34.884741472832985, 36.79317249340549], [34.884202483662506, 36.79317249340549], [34.884202483662506, 36.79263350423502], [34.885280462003465, 36.79263350423502], [34.885280462003465, 36.79209451506455], [34.886358440344395, 36.79209451506455], [34.886358440344395, 36.79263350423502], [34.885819451173944, 36.79263350423502], [34.885819451173944, 36.79425047174644], [34.887436418685354, 36.79425047174644], [34.887436418685354, 36.793711482575965], [34.887975407855805, 36.793711482575965], [34.887975407855805, 36.79317249340549], [34.888514397026285, 36.79317249340549], [34.888514397026285, 36.79263350423502], [34.887975407855805, 36.79263350423502], [34.887975407855805, 36.79209451506455], [34.888514397026285, 36.79209451506455], [34.888514397026285, 36.79263350423502], [34.88959237536724, 36.79263350423502], [34.88959237536724, 36.793711482575965], [34.890670353708174, 36.793711482575965], [34.890670353708174, 36.79317249340549], [34.89120934287865, 36.79317249340549], [34.89120934287865, 36.79263350423502], [34.890670353708174, 36.79263350423502], [34.890670353708174, 36.791555525894076], [34.89120934287865, 36.791555525894076], [34.89120934287865, 36.7910165367236], [34.892287321219584, 36.7910165367236], [34.892287321219584, 36.79209451506455], [34.89174833204913, 36.79209451506455], [34.89174833204913, 36.79263350423502], [34.89282631039006, 36.79263350423502], [34.89282631039006, 36.793711482575965], [34.89336529956054, 36.793711482575965], [34.89336529956054, 36.79425047174644], [34.89444327790147, 36.79425047174644], [34.89444327790147, 36.793711482575965], [34.89498226707195, 36.793711482575965], [34.89498226707195, 36.79263350423502], [34.89444327790147, 36.79263350423502], [34.89444327790147, 36.79209451506455], [34.89498226707195, 36.79209451506455], [34.89498226707195, 36.791555525894076], [34.89606024541288, 36.791555525894076], [34.89606024541288, 36.79209451506455], [34.89659923458336, 36.79209451506455], [34.89659923458336, 36.791555525894076], [34.89821620209477, 36.791555525894076], [34.89821620209477, 36.79317249340549], [34.89767721292432, 36.79317249340549], [34.89767721292432, 36.79263350423502], [34.89659923458336, 36.79263350423502], [34.89659923458336, 36.793711482575965], [34.89713822375384, 36.793711482575965], [34.89713822375384, 36.79640642842833], [34.89767721292432, 36.79640642842833], [34.89767721292432, 36.79694541759879], [34.89821620209477, 36.79694541759879], [34.89821620209477, 36.79640642842833], [34.90037215877666, 36.79640642842833], [34.90037215877666, 36.797484406769264], [34.90252811545855, 36.797484406769264], [34.90252811545855, 36.79640642842833], [34.90198912628807, 36.79640642842833], [34.90198912628807, 36.79532845008738], [34.90145013711762, 36.79532845008738], [34.90145013711762, 36.795867439257854], [34.89929418043573, 36.795867439257854], [34.89929418043573, 36.79532845008738], [34.89875519126525, 36.79532845008738], [34.89875519126525, 36.79425047174644], [34.89983316960618, 36.79425047174644], [34.89983316960618, 36.793711482575965], [34.89929418043573, 36.793711482575965], [34.89929418043573, 36.789938558382666], [34.89983316960618, 36.789938558382666], [34.89983316960618, 36.78939956921219], [34.89929418043573, 36.78939956921219], [34.89929418043573, 36.78832159087125], [34.89821620209477, 36.78832159087125], [34.89821620209477, 36.78886058004172], [34.89713822375384, 36.78886058004172], [34.89713822375384, 36.79047754755314], [34.89606024541288, 36.79047754755314], [34.89606024541288, 36.78939956921219], [34.89444327790147, 36.78939956921219], [34.89444327790147, 36.79047754755314], [34.893904288730994, 36.79047754755314], [34.893904288730994, 36.78939956921219], [34.89336529956054, 36.78939956921219], [34.89336529956054, 36.78886058004172], [34.89444327790147, 36.78886058004172], [34.89444327790147, 36.78832159087125], [34.89552125624243, 36.78832159087125], [34.89552125624243, 36.787782601700776], [34.893904288730994, 36.787782601700776], [34.893904288730994, 36.78832159087125], [34.89282631039006, 36.78832159087125], [34.89282631039006, 36.787243612530304], [34.892287321219584, 36.787243612530304], [34.892287321219584, 36.78670462335983], [34.89336529956054, 36.78670462335983], [34.89336529956054, 36.78616563418936], [34.89282631039006, 36.78616563418936], [34.89282631039006, 36.785087655848415], [34.89552125624243, 36.785087655848415], [34.89552125624243, 36.787782601700776], [34.89606024541288, 36.787782601700776], [34.89606024541288, 36.787243612530304], [34.89767721292432, 36.787243612530304], [34.89767721292432, 36.78670462335983], [34.89929418043573, 36.78670462335983], [34.89929418043573, 36.787243612530304], [34.90037215877666, 36.787243612530304], [34.90037215877666, 36.787782601700776], [34.90198912628807, 36.787782601700776], [34.90198912628807, 36.787243612530304], [34.90414508296996, 36.787243612530304], [34.90414508296996, 36.78670462335983], [34.90306710462903, 36.78670462335983], [34.90306710462903, 36.78562664501889], [34.90252811545855, 36.78562664501889], [34.90252811545855, 36.78454866667795], [34.90360609379951, 36.78454866667795], [34.90360609379951, 36.78400967750748], [34.90414508296996, 36.78400967750748], [34.90414508296996, 36.78454866667795], [34.90468407214044, 36.78454866667795], [34.90468407214044, 36.78562664501889], [34.90522306131092, 36.78562664501889], [34.90522306131092, 36.78670462335983], [34.90576205048137, 36.78670462335983], [34.90576205048137, 36.78616563418936], [34.90630103965185, 36.78616563418936], [34.90630103965185, 36.78562664501889], [34.90684002882233, 36.78562664501889], [34.90684002882233, 36.785087655848415], [34.90630103965185, 36.785087655848415], [34.90630103965185, 36.78400967750748], [34.90684002882233, 36.78400967750748], [34.90684002882233, 36.78239270999606], [34.90737901799281, 36.78239270999606], [34.90737901799281, 36.78185372082559]], [[34.889053386196764, 36.80341328764445], [34.889053386196764, 36.803952276814925], [34.888514397026285, 36.803952276814925], [34.888514397026285, 36.80341328764445], [34.889053386196764, 36.80341328764445]], [[34.886897429514875, 36.80125733096257], [34.886897429514875, 36.80179632013304], [34.886358440344395, 36.80179632013304], [34.886358440344395, 36.802335309303515], [34.885819451173944, 36.802335309303515], [34.885819451173944, 36.80125733096257], [34.886897429514875, 36.80125733096257]], [[34.90791800716326, 36.80179632013304], [34.90791800716326, 36.80287429847399], [34.90737901799281, 36.80287429847399], [34.90737901799281, 36.802335309303515], [34.90684002882233, 36.802335309303515], [34.90684002882233, 36.80179632013304], [34.90791800716326, 36.80179632013304]], [[34.90845699633374, 36.800179352621626], [34.90845699633374, 36.8007183417921], [34.90791800716326, 36.8007183417921], [34.90791800716326, 36.800179352621626], [34.90845699633374, 36.800179352621626]], [[34.89174833204913, 36.79856238511021], [34.89174833204913, 36.79910137428068], [34.892287321219584, 36.79910137428068], [34.892287321219584, 36.800179352621626], [34.89174833204913, 36.800179352621626], [34.89174833204913, 36.8007183417921], [34.89120934287865, 36.8007183417921], [34.89120934287865, 36.800179352621626], [34.890670353708174, 36.800179352621626], [34.890670353708174, 36.79910137428068], [34.89120934287865, 36.79910137428068], [34.89120934287865, 36.79856238511021], [34.89174833204913, 36.79856238511021]], [[34.90468407214044, 36.79640642842833], [34.90468407214044, 36.79694541759879], [34.90414508296996, 36.79694541759879], [34.90414508296996, 36.79640642842833], [34.90468407214044, 36.79640642842833]], [[34.893904288730994, 36.79478946091691], [34.893904288730994, 36.79532845008738], [34.89444327790147, 36.79532845008738], [34.89444327790147, 36.795867439257854], [34.89498226707195, 36.795867439257854], [34.89498226707195, 36.79640642842833], [34.89552125624243, 36.79640642842833], [34.89552125624243, 36.79694541759879], [34.89713822375384, 36.79694541759879], [34.89713822375384, 36.797484406769264], [34.89659923458336, 36.797484406769264], [34.89659923458336, 36.79802339593974], [34.89713822375384, 36.79802339593974], [34.89713822375384, 36.79910137428068], [34.89552125624243, 36.79910137428068], [34.89552125624243, 36.79802339593974], [34.89336529956054, 36.79802339593974], [34.89336529956054, 36.79694541759879], [34.89282631039006, 36.79694541759879], [34.89282631039006, 36.795867439257854], [34.892287321219584, 36.795867439257854], [34.892287321219584, 36.79478946091691], [34.893904288730994, 36.79478946091691]], [[34.89606024541288, 36.79478946091691], [34.89606024541288, 36.79532845008738], [34.89552125624243, 36.79532845008738], [34.89552125624243, 36.795867439257854], [34.89498226707195, 36.795867439257854], [34.89498226707195, 36.79532845008738], [34.89444327790147, 36.79532845008738], [34.89444327790147, 36.79478946091691], [34.89606024541288, 36.79478946091691]], [[34.90630103965185, 36.793711482575965], [34.90630103965185, 36.79425047174644], [34.90576205048137, 36.79425047174644], [34.90576205048137, 36.793711482575965], [34.90630103965185, 36.793711482575965]], [[34.90468407214044, 36.79317249340549], [34.90468407214044, 36.793711482575965], [34.90522306131092, 36.793711482575965], [34.90522306131092, 36.79425047174644], [34.90576205048137, 36.79425047174644], [34.90576205048137, 36.79478946091691], [34.90414508296996, 36.79478946091691], [34.90414508296996, 36.795867439257854], [34.90360609379951, 36.795867439257854], [34.90360609379951, 36.793711482575965], [34.90414508296996, 36.793711482575965], [34.90414508296996, 36.79317249340549], [34.90468407214044, 36.79317249340549]], [[34.90198912628807, 36.78939956921219], [34.90198912628807, 36.789938558382666], [34.90252811545855, 36.789938558382666], [34.90252811545855, 36.79047754755314], [34.90306710462903, 36.79047754755314], [34.90306710462903, 36.7910165367236], [34.90252811545855, 36.7910165367236], [34.90252811545855, 36.791555525894076], [34.90145013711762, 36.791555525894076], [34.90145013711762, 36.79209451506455], [34.90091114794714, 36.79209451506455], [34.90091114794714, 36.7910165367236], [34.90037215877666, 36.7910165367236], [34.90037215877666, 36.789938558382666], [34.90145013711762, 36.789938558382666], [34.90145013711762, 36.78939956921219], [34.90198912628807, 36.78939956921219]], [[34.90414508296996, 36.787782601700776], [34.90414508296996, 36.78832159087125], [34.90468407214044, 36.78832159087125], [34.90468407214044, 36.78886058004172], [34.90360609379951, 36.78886058004172], [34.90360609379951, 36.787782601700776], [34.90414508296996, 36.787782601700776]], [[34.90899598550422, 36.785087655848415], [34.90899598550422, 36.78562664501889], [34.90845699633374, 36.78562664501889], [34.90845699633374, 36.785087655848415], [34.90899598550422, 36.785087655848415]]]}, "id": "+398723+87604", "properties": {"area_ha": 282.74351281808424, "count": 983, "label": 1, "mean_dnbr": 0.44280938254457947}}, {"type": "Feature", "geometry": {"geodesic": false, "type": "Polygon", "coordinates": [[[34.90576205048137, 36.888573576578985], [34.90845699633374, 36.888573576578985], [34.90845699633374, 36.88965155491993], [34.90791800716326, 36.88965155491993], [34.90791800716326, 36.8901905440904], [34.90576205048137, 36.8901905440904], [34.90576205048137, 36.888573576578985]]]}, "id": "+398724+87406", "properties": {"area_ha": 4.021959915310666, "count": 14, "label": 1, "mean_dnbr": 0.44117385957105093}}, {"type": "Feature", "geometry": {"geodesic": false, "type": "Polygon", "coordinates": [[[34.90845699633374, 36.863780074737285], [34.91007396384515, 36.863780074737285], [34.91007396384515, 36.865936031419174], [34.90899598550422, 36.865936031419174], [34.90899598550422, 36.8653970422487], [34.90845699633374, 36.8653970422487], [34.90845699633374, 36.863780074737285]]]}, "id": "+398727+87452", "properties": {"area_ha": 3.1611308446145636, "count": 11, "label": 1, "mean_dnbr": 0.3048670323264208}}, {"type": "Feature", "geometry": {"geodesic": false, "type": "Polygon", "coordinates": [[[34.9095349746747, 36.985591627263894], [34.91115194218611, 36.985591627263894], [34.91115194218611, 36.986130616434366], [34.91061295301563, 36.986130616434366], [34.91061295301563, 36.98774758394578], [34.91007396384515, 36.98774758394578], [34.91007396384515, 36.988286573116255], [34.9095349746747, 36.988286573116255], [34.9095349746747, 36.98774758394578], [34.90899598550422, 36.98774758394578], [34.90899598550422, 36.98666960560484], [34.9095349746747, 36.98666960560484], [34.9095349746747, 36.985591627263894]]]}, "id": "+398729+87226", "properties": {"area_ha": 3.4429910329920195, "count": 12, "label": 1, "mean_dnbr": 0.46686129327565684}}, {"type": "Feature", "geometry": {"geodesic": false, "type": "Polygon", "coordinates": [[[34.91115194218611, 36.787782601700776], [34.91169093135656, 36.787782601700776], [34.91169093135656, 36.78832159087125], [34.91222992052704, 36.78832159087125], [34.91222992052704, 36.789938558382666], [34.91276890969752, 36.789938558382666], [34.91276890969752, 36.79047754755314], [34.91222992052704, 36.79047754755314], [34.91222992052704, 36.7910165367236], [34.91169093135656, 36.7910165367236], [34.91169093135656, 36.79047754755314], [34.91115194218611, 36.79047754755314], [34.91115194218611, 36.78939956921219], [34.91061295301563, 36.78939956921219], [34.91061295301563, 36.789938558382666], [34.9095349746747, 36.789938558382666], [34.9095349746747, 36.78832159087125], [34.91061295301563, 36.78832159087125], [34.91061295301563, 36.78886058004172], [34.91115194218611, 36.78886058004172], [34.91115194218611, 36.78939956921219], [34.91169093135656, 36.78939956921219], [34.91169093135656, 36.78832159087125], [34.91115194218611, 36.78832159087125], [34.91115194218611, 36.787782601700776]]]}, "id": "+398730+87593", "properties": {"area_ha": 4.60254376601727, "count": 16, "label": 1, "mean_dnbr": 0.37375896211467124}}, {"type": "Feature", "geometry": {"geodesic": false, "type": "Polygon", "coordinates": [[[34.91061295301563, 36.8044912659854], [34.91276890969752, 36.8044912659854], [34.91276890969752, 36.806108233496815], [34.91222992052704, 36.806108233496815], [34.91222992052704, 36.80664722266729], [34.91384688803845, 36.80664722266729], [34.91384688803845, 36.806108233496815], [34.91438587720893, 36.806108233496815], [34.91438587720893, 36.80664722266729], [34.91384688803845, 36.80664722266729], [34.91384688803845, 36.80718621183776], [34.913307898868, 36.80718621183776], [34.913307898868, 36.80772520100823], [34.91276890969752, 36.80772520100823], [34.91276890969752, 36.808264190178704], [34.91384688803845, 36.808264190178704], [34.91384688803845, 36.80772520100823], [34.91546385554989, 36.80772520100823], [34.91546385554989, 36.808264190178704], [34.91492486637941, 36.808264190178704], [34.91492486637941, 36.80934216851964], [34.91546385554989, 36.80934216851964], [34.91546385554989, 36.809881157690114], [34.913307898868, 36.809881157690114], [34.913307898868, 36.81042014686059], [34.91276890969752, 36.81042014686059], [34.91276890969752, 36.80880317934918], [34.91222992052704, 36.80880317934918], [34.91222992052704, 36.808264190178704], [34.91061295301563, 36.808264190178704], [34.91061295301563, 36.80718621183776], [34.91115194218611, 36.80718621183776], [34.91115194218611, 36.80664722266729], [34.91169093135656, 36.80664722266729], [34.91169093135656, 36.806108233496815], [34.91115194218611, 36.806108233496815], [34.91115194218611, 36.80503025515587], [34.91061295301563, 36.80503025515587], [34.91061295301563, 36.8044912659854]], [[34.91222992052704, 36.80556924432634], [34.91222992052704, 36.806108233496815], [34.91169093135656, 36.806108233496815], [34.91169093135656, 36.80556924432634], [34.91222992052704, 36.80556924432634]]]}, "id": "+398732+87562", "properties": {"area_ha": 12.366403340516422, "count": 43, "label": 1, "mean_dnbr": 0.28354618138589693}}, {"type": "Feature", "geometry": {"geodesic": false, "type": "Polygon", "coordinates": [[[34.91115194218611, 36.781314731655115], [34.91276890969752, 36.781314731655115], [34.91276890969752, 36.78239270999606], [34.913307898868, 36.78239270999606], [34.913307898868, 36.78293169916653], [34.91222992052704, 36.78293169916653], [34.91222992052704, 36.78400967750748], [34.91276890969752, 36.78400967750748], [34.91276890969752, 36.78616563418936], [34.913307898868, 36.78616563418936], [34.913307898868, 36.78670462335983], [34.91276890969752, 36.78670462335983], [34.91276890969752, 36.78616563418936], [34.91222992052704, 36.78616563418936], [34.91222992052704, 36.785087655848415], [34.91169093135656, 36.785087655848415], [34.91169093135656, 36.783470688337005], [34.91115194218611, 36.783470688337005], [34.91115194218611, 36.781314731655115]]]}, "id": "+398732+87605", "properties": {"area_ha": 5.7536289907947245, "count": 20, "label": 1, "mean_dnbr": 0.38682384014050436}}, {"type": "Feature", "geometry": {"geodesic": false, "type": "Polygon", "coordinates": [[[34.91222992052704, 36.94570642864899], [34.913307898868, 36.94570642864899], [34.913307898868, 36.94624541781946], [34.91384688803845, 36.94624541781946], [34.91384688803845, 36.94732339616041], [34.91115194218611, 36.94732339616041], [34.91115194218611, 36.94786238533087], [34.91061295301563, 36.94786238533087], [34.91061295301563, 36.948401374501344], [34.9095349746747, 36.948401374501344], [34.9095349746747, 36.94894036367182], [34.90899598550422, 36.94894036367182], [34.90899598550422, 36.94786238533087], [34.9095349746747, 36.94786238533087], [34.9095349746747, 36.94732339616041], [34.90899598550422, 36.94732339616041], [34.90899598550422, 36.946784406989934], [34.91007396384515, 36.946784406989934], [34.91007396384515, 36.94732339616041], [34.91061295301563, 36.94732339616041], [34.91061295301563, 36.946784406989934], [34.91115194218611, 36.946784406989934], [34.91115194218611, 36.94624541781946], [34.9095349746747, 36.94624541781946], [34.9095349746747, 36.94570642864899], [34.91169093135656, 36.94570642864899], [34.91169093135656, 36.94624541781946], [34.91222992052704, 36.94624541781946], [34.91222992052704, 36.94570642864899]]]}, "id": "+398733+87300", "properties": {"area_ha": 7.463734426578592, "count": 26, "label": 1, "mean_dnbr": 0.3067568944867364}}, {"type": "Feature", "geometry": {"geodesic": false, "type": "Polygon", "coordinates": [[[34.913307898868, 36.78939956921219], [34.91438587720893, 36.78939956921219], [34.91438587720893, 36.79047754755314], [34.91492486637941, 36.79047754755314], [34.91492486637941, 36.7910165367236], [34.91546385554989, 36.7910165367236], [34.91546385554989, 36.793711482575965], [34.91492486637941, 36.793711482575965], [34.91492486637941, 36.79263350423502], [34.91438587720893, 36.79263350423502], [34.91438587720893, 36.79209451506455], [34.91384688803845, 36.79209451506455], [34.91384688803845, 36.789938558382666], [34.913307898868, 36.789938558382666], [34.913307898868, 36.78939956921219]]]}, "id": "+398735+87590", "properties": {"area_ha": 4.314769795214744, "count": 15, "label": 1, "mean_dnbr": 0.3019473981669699}}, {"type": "Feature", "geometry": {"geodesic": false, "type": "Polygon", "coordinates": [[[34.91384688803845, 36.83629162704323], [34.91492486637941, 36.83629162704323], [34.91492486637941, 36.837369605384175], [34.91438587720893, 36.837369605384175], [34.91438587720893, 36.83790859455465], [34.9170808230613, 36.83790859455465], [34.9170808230613, 36.84006455123653], [34.91654183389082, 36.84006455123653], [34.91654183389082, 36.840603540407], [34.91600284472034, 36.840603540407], [34.91600284472034, 36.841142529577475], [34.91546385554989, 36.841142529577475], [34.91546385554989, 36.84006455123653], [34.91492486637941, 36.84006455123653], [34.91492486637941, 36.83952556206606], [34.91222992052704, 36.83952556206606], [34.91222992052704, 36.83898657289559], [34.91438587720893, 36.83898657289559], [34.91438587720893, 36.83844758372512], [34.91222992052704, 36.83844758372512], [34.91222992052704, 36.83790859455465], [34.913307898868, 36.83790859455465], [34.913307898868, 36.837369605384175], [34.91384688803845, 36.837369605384175], [34.91384688803845, 36.83629162704323]]]}, "id": "+398736+87503", "properties": {"area_ha": 10.349052597492324, "count": 36, "label": 1, "mean_dnbr": 0.43889814994685067}}, {"type": "Feature", "geometry": {"geodesic": false, "type": "Polygon", "coordinates": [[[34.91600284472034, 36.78832159087125], [34.91654183389082, 36.78832159087125], [34.91654183389082, 36.78886058004172], [34.9170808230613, 36.78886058004172], [34.9170808230613, 36.79047754755314], [34.91815880140223, 36.79047754755314], [34.91815880140223, 36.789938558382666], [34.91977576891364, 36.789938558382666], [34.91977576891364, 36.78939956921219], [34.92031475808412, 36.78939956921219], [34.92031475808412, 36.789938558382666], [34.92193172559553, 36.789938558382666], [34.92193172559553, 36.7910165367236], [34.92031475808412, 36.7910165367236], [34.92031475808412, 36.791555525894076], [34.9208537472546, 36.791555525894076], [34.9208537472546, 36.79209451506455], [34.92031475808412, 36.79209451506455], [34.92031475808412, 36.791555525894076], [34.91654183389082, 36.791555525894076], [34.91654183389082, 36.79047754755314], [34.91546385554989, 36.79047754755314], [34.91546385554989, 36.789938558382666], [34.91492486637941, 36.789938558382666], [34.91492486637941, 36.78886058004172], [34.91600284472034, 36.78886058004172], [34.91600284472034, 36.78832159087125]]]}, "id": "+398739+87592", "properties": {"area_ha": 10.93093693232038, "count": 38, "label": 1, "mean_dnbr": 0.3107271781421664}}, {"type": "Feature", "geometry": {"geodesic": false, "type": "Polygon", "coordinates": [[[34.91654183389082, 36.88533964155616], [34.9170808230613, 36.88533964155616], [34.9170808230613, 36.88587863072663], [34.91869779057271, 36.88587863072663], [34.91869779057271, 36.886956609067575], [34.91977576891364, 36.886956609067575], [34.91977576891364, 36.88749559823804], [34.92031475808412, 36.88749559823804], [34.92031475808412, 36.88803458740851], [34.91869779057271, 36.88803458740851], [34.91869779057271, 36.88749559823804], [34.91815880140223, 36.88749559823804], [34.91815880140223, 36.886956609067575], [34.91761981223175, 36.886956609067575], [34.91761981223175, 36.88749559823804], [34.9170808230613, 36.88749559823804], [34.9170808230613, 36.886956609067575], [34.91600284472034, 36.886956609067575], [34.91600284472034, 36.88587863072663], [34.91654183389082, 36.88587863072663], [34.91654183389082, 36.88533964155616]]]}, "id": "+398740+87412", "properties": {"area_ha": 5.171273511040076, "count": 18, "label": 1, "mean_dnbr": 0.2863763554858596}}, {"type": "Feature", "geometry": {"geodesic": false, "type": "Polygon", "coordinates": [[[34.91546385554989, 36.82982375699757], [34.91815880140223, 36.82982375699757], [34.91815880140223, 36.83036274616804], [34.91761981223175, 36.83036274616804], [34.91761981223175, 36.83197971367946], [34.91492486637941, 36.83197971367946], [34.91492486637941, 36.83359668119087], [34.91546385554989, 36.83359668119087], [34.91546385554989, 36.83413567036134], [34.91438587720893, 36.83413567036134], [34.91438587720893, 36.834674659531814], [34.913307898868, 36.834674659531814], [34.913307898868, 36.83413567036134], [34.91115194218611, 36.83413567036134], [34.91115194218611, 36.834674659531814], [34.91061295301563, 36.834674659531814], [34.91061295301563, 36.83413567036134], [34.90791800716326, 36.83413567036134], [34.90791800716326, 36.833057692020404], [34.91061295301563, 36.833057692020404], [34.91061295301563, 36.83359668119087], [34.91276890969752, 36.83359668119087], [34.91276890969752, 36.83251870284993], [34.913307898868, 36.83251870284993], [34.913307898868, 36.830901735338514], [34.91546385554989, 36.830901735338514], [34.91546385554989, 36.82982375699757]]]}, "id": "+398742+87515", "properties": {"area_ha": 16.674839955375774, "count": 58, "label": 1, "mean_dnbr": 0.41206262090914086}}, {"type": "Feature", "geometry": {"geodesic": false, "type": "Polygon", "coordinates": [[[34.91654183389082, 36.81311509271295], [34.91815880140223, 36.81311509271295], [34.91815880140223, 36.8158100385653], [34.91761981223175, 36.8158100385653], [34.91761981223175, 36.816349027735775], [34.91654183389082, 36.816349027735775], [34.91654183389082, 36.814732060224365], [34.9170808230613, 36.814732060224365], [34.9170808230613, 36.81419307105389], [34.91654183389082, 36.81419307105389], [34.91654183389082, 36.81311509271295]]]}, "id": "+398742+87546", "properties": {"area_ha": 4.601023670902907, "count": 16, "label": 1, "mean_dnbr": 0.2761734650240286}}, {"type": "Feature", "geometry": {"geodesic": false, "type": "Polygon", "coordinates": [[[34.9170808230613, 36.80125733096257], [34.91815880140223, 36.80125733096257], [34.91815880140223, 36.80341328764445], [34.91869779057271, 36.80341328764445], [34.91869779057271, 36.8044912659854], [34.91923677974319, 36.8044912659854], [34.91923677974319, 36.80503025515587], [34.91977576891364, 36.80503025515587], [34.91977576891364, 36.80664722266729], [34.91923677974319, 36.80664722266729], [34.91923677974319, 36.80556924432634], [34.91869779057271, 36.80556924432634], [34.91869779057271, 36.8044912659854], [34.91761981223175, 36.8044912659854], [34.91761981223175, 36.80287429847399], [34.9170808230613, 36.80287429847399], [34.9170808230613, 36.80125733096257]]]}, "id": "+398742+87568", "properties": {"area_ha": 4.601685614914783, "count": 16, "label": 1, "mean_dnbr": 0.22744982127269087}}, {"type": "Feature", "geometry": {"geodesic": false, "type": "Polygon", "coordinates": [[[34.91546385554989, 36.77861978580276], [34.91815880140223, 36.77861978580276], [34.91815880140223, 36.779158774973226], [34.91761981223175, 36.779158774973226], [34.91761981223175, 36.7796977641437], [34.91815880140223, 36.7796977641437], [34.91815880140223, 36.78077574248464], [34.91654183389082, 36.78077574248464], [34.91654183389082, 36.78023675331417], [34.91600284472034, 36.78023675331417], [34.91600284472034, 36.779158774973226], [34.91546385554989, 36.779158774973226], [34.91546385554989, 36.77861978580276]]]}, "id": "+398742+87610", "properties": {"area_ha": 4.315425766047141, "count": 15, "label": 1, "mean_dnbr": 0.33881151732293946}}, {"type": "Feature", "geometry": {"geodesic": false, "type": "Polygon", "coordinates": [[[34.91815880140223, 36.77430787243898], [34.91923677974319, 36.77430787243898], [34.91923677974319, 36.774846861609454], [34.92031475808412, 36.774846861609454], [34.92031475808412, 36.77646382912087], [34.9208537472546, 36.77646382912087], [34.9208537472546, 36.777541807461816], [34.92139273642508, 36.777541807461816], [34.92139273642508, 36.77808079663229], [34.92193172559553, 36.77808079663229], [34.92193172559553, 36.77861978580276], [34.92247071476601, 36.77861978580276], [34.92247071476601, 36.77808079663229], [34.92354869310694, 36.77808079663229], [34.92354869310694, 36.779158774973226], [34.92139273642508, 36.779158774973226], [34.92139273642508, 36.77808079663229], [34.9208537472546, 36.77808079663229], [34.9208537472546, 36.77861978580276], [34.92031475808412, 36.77861978580276], [34.92031475808412, 36.779158774973226], [34.91977576891364, 36.779158774973226], [34.91977576891364, 36.77861978580276], [34.91923677974319, 36.77861978580276], [34.91923677974319, 36.77808079663229], [34.9208537472546, 36.77808079663229], [34.9208537472546, 36.777541807461816], [34.92031475808412, 36.777541807461816], [34.92031475808412, 36.77700281829134], [34.91977576891364, 36.77700281829134], [34.91977576891364, 36.7759248399504], [34.91923677974319, 36.7759248399504], [34.91923677974319, 36.77538585077993], [34.91815880140223, 36.77538585077993], [34.91815880140223, 36.77430787243898]]]}, "id": "+398744+87618", "properties": {"area_ha": 6.904927016894161, "count": 24, "label": 1, "mean_dnbr": 0.21475633227817853}}, {"type": "Feature", "geometry": {"geodesic": false, "type": "Polygon", "coordinates": [[[34.91977576891364, 36.82119993027002], [34.92031475808412, 36.82119993027002], [34.92031475808412, 36.82335588695191], [34.91977576891364, 36.82335588695191], [34.91977576891364, 36.822277908610964], [34.91869779057271, 36.822277908610964], [34.91869779057271, 36.822816897781436], [34.91815880140223, 36.822816897781436], [34.91815880140223, 36.82389487612238], [34.91761981223175, 36.82389487612238], [34.91761981223175, 36.82712881114521], [34.91600284472034, 36.82712881114521], [34.91600284472034, 36.8255118436338], [34.91654183389082, 36.8255118436338], [34.91654183389082, 36.822277908610964], [34.91869779057271, 36.822277908610964], [34.91869779057271, 36.82173891944049], [34.91977576891364, 36.82173891944049], [34.91977576891364, 36.82119993027002]]]}, "id": "+398746+87531", "properties": {"area_ha": 8.913378843941967, "count": 31, "label": 1, "mean_dnbr": 0.44783064202295014}}, {"type": "Feature", "geometry": {"geodesic": false, "type": "Polygon", "coordinates": [[[34.91977576891364, 36.90474325169314], [34.9208537472546, 36.90474325169314], [34.9208537472546, 36.90528224086361], [34.92139273642508, 36.90528224086361], [34.92139273642508, 36.90636021920455], [34.92193172559553, 36.90636021920455], [34.92193172559553, 36.907438197545495], [34.91923677974319, 36.907438197545495], [34.91923677974319, 36.90689920837502], [34.91815880140223, 36.90689920837502], [34.91815880140223, 36.90636021920455], [34.91869779057271, 36.90636021920455], [34.91869779057271, 36.90582123003408], [34.91923677974319, 36.90582123003408], [34.91923677974319, 36.90528224086361], [34.91977576891364, 36.90528224086361], [34.91977576891364, 36.90474325169314]]]}, "id": "+398747+87376", "properties": {"area_ha": 6.60606113910351, "count": 23, "label": 1, "mean_dnbr": 0.3728839277678565}}, {"type": "Feature", "geometry": {"geodesic": false, "type": "Polygon", "coordinates": [[[34.91977576891364, 36.79694541759879], [34.9208537472546, 36.79694541759879], [34.9208537472546, 36.797484406769264], [34.92139273642508, 36.797484406769264], [34.92139273642508, 36.79910137428068], [34.92031475808412, 36.79910137428068], [34.92031475808412, 36.800179352621626], [34.92193172559553, 36.800179352621626], [34.92193172559553, 36.80125733096257], [34.92247071476601, 36.80125733096257], [34.92247071476601, 36.80179632013304], [34.92193172559553, 36.80179632013304], [34.92193172559553, 36.802335309303515], [34.91977576891364, 36.802335309303515], [34.91977576891364, 36.80287429847399], [34.9208537472546, 36.80287429847399], [34.9208537472546, 36.8044912659854], [34.91977576891364, 36.8044912659854], [34.91977576891364, 36.80287429847399], [34.91869779057271, 36.80287429847399], [34.91869779057271, 36.80125733096257], [34.91923677974319, 36.80125733096257], [34.91923677974319, 36.8007183417921], [34.91977576891364, 36.8007183417921], [34.91977576891364, 36.800179352621626], [34.91923677974319, 36.800179352621626], [34.91923677974319, 36.79910137428068], [34.92031475808412, 36.79910137428068], [34.92031475808412, 36.797484406769264], [34.91977576891364, 36.797484406769264], [34.91977576891364, 36.79694541759879]], [[34.91977576891364, 36.80179632013304], [34.91977576891364, 36.802335309303515], [34.91923677974319, 36.802335309303515], [34.91923677974319, 36.80179632013304], [34.91977576891364, 36.80179632013304]]]}, "id": "+398747+87576", "properties": {"area_ha": 11.792248363770872, "count": 41, "label": 1, "mean_dnbr": 0.3018659133506605}}, {"type": "Feature", "geometry": {"geodesic": false, "type": "Polygon", "coordinates": [[[34.91600284472034, 36.99044252979814], [34.92139273642508, 36.99044252979814], [34.92139273642508, 36.99152050813908], [34.91977576891364, 36.99152050813908], [34.91977576891364, 36.992059497309555], [34.91869779057271, 36.992059497309555], [34.91869779057271, 36.99152050813908], [34.91761981223175, 36.99152050813908], [34.91761981223175, 36.992059497309555], [34.9170808230613, 36.992059497309555], [34.9170808230613, 36.99259848648003], [34.91654183389082, 36.99259848648003], [34.91654183389082, 36.9931374756505], [34.91600284472034, 36.9931374756505], [34.91600284472034, 36.99367646482097], [34.91546385554989, 36.99367646482097], [34.91546385554989, 36.994215453991444], [34.91492486637941, 36.994215453991444], [34.91492486637941, 36.99529343233239], [34.91438587720893, 36.99529343233239], [34.91438587720893, 36.994215453991444], [34.91276890969752, 36.994215453991444], [34.91276890969752, 36.99529343233239], [34.91169093135656, 36.99529343233239], [34.91169093135656, 36.994754443161916], [34.91061295301563, 36.994754443161916], [34.91061295301563, 36.99367646482097], [34.91115194218611, 36.99367646482097], [34.91115194218611, 36.9931374756505], [34.91276890969752, 36.9931374756505], [34.91276890969752, 36.992059497309555], [34.91438587720893, 36.992059497309555], [34.91438587720893, 36.99259848648003], [34.91492486637941, 36.99259848648003], [34.91492486637941, 36.992059497309555], [34.91546385554989, 36.992059497309555], [34.91546385554989, 36.99098151896861], [34.91600284472034, 36.99098151896861], [34.91600284472034, 36.99044252979814]]]}, "id": "+398748+87217", "properties": {"area_ha": 19.2218215134765, "count": 67, "label": 1, "mean_dnbr": 0.40210945995995323}}, {"type": "Feature", "geometry": {"geodesic": false, "type": "Polygon", "coordinates": [[[34.9208537472546, 36.985591627263894], [34.92193172559553, 36.985591627263894], [34.92193172559553, 36.98666960560484], [34.92247071476601, 36.98666960560484], [34.92247071476601, 36.98882556228673], [34.92193172559553, 36.98882556228673], [34.92193172559553, 36.9893645514572], [34.9208537472546, 36.9893645514572], [34.9208537472546, 36.98882556228673], [34.92031475808412, 36.98882556228673], [34.92031475808412, 36.986130616434366], [34.9208537472546, 36.986130616434366], [34.9208537472546, 36.985591627263894]]]}, "id": "+398749+87226", "properties": {"area_ha": 6.599008605754908, "count": 23, "label": 1, "mean_dnbr": 0.4562984450990292}}, {"type": "Feature", "geometry": {"geodesic": false, "type": "Polygon", "coordinates": [[[34.92193172559553, 36.79263350423502], [34.923009703936486, 36.79263350423502], [34.923009703936486, 36.79317249340549], [34.92354869310694, 36.79317249340549], [34.92354869310694, 36.795867439257854], [34.923009703936486, 36.795867439257854], [34.923009703936486, 36.79532845008738], [34.92247071476601, 36.79532845008738], [34.92247071476601, 36.795867439257854], [34.92193172559553, 36.795867439257854], [34.92193172559553, 36.79640642842833], [34.92139273642508, 36.79640642842833], [34.92139273642508, 36.795867439257854], [34.9208537472546, 36.795867439257854], [34.9208537472546, 36.79425047174644], [34.91977576891364, 36.79425047174644], [34.91977576891364, 36.79478946091691], [34.91923677974319, 36.79478946091691], [34.91923677974319, 36.79532845008738], [34.91869779057271, 36.79532845008738], [34.91869779057271, 36.79694541759879], [34.91815880140223, 36.79694541759879], [34.91815880140223, 36.797484406769264], [34.91761981223175, 36.797484406769264], [34.91761981223175, 36.79694541759879], [34.91600284472034, 36.79694541759879], [34.91600284472034, 36.795867439257854], [34.91815880140223, 36.795867439257854], [34.91815880140223, 36.79532845008738], [34.91761981223175, 36.79532845008738], [34.91761981223175, 36.793711482575965], [34.92031475808412, 36.793711482575965], [34.92031475808412, 36.79317249340549], [34.9208537472546, 36.79317249340549], [34.9208537472546, 36.793711482575965], [34.92139273642508, 36.793711482575965], [34.92139273642508, 36.79425047174644], [34.92193172559553, 36.79425047174644], [34.92193172559553, 36.79478946091691], [34.92247071476601, 36.79478946091691], [34.92247071476601, 36.79317249340549], [34.92193172559553, 36.79317249340549], [34.92193172559553, 36.79263350423502]]]}, "id": "+398751+87584", "properties": {"area_ha": 13.51897089371775, "count": 47, "label": 1, "mean_dnbr": 0.28176662246728823}}, {"type": "Feature", "geometry": {"geodesic": false, "type": "Polygon", "coordinates": [[[34.92247071476601, 36.78400967750748], [34.923009703936486, 36.78400967750748], [34.923009703936486, 36.78454866667795], [34.92408768227742, 36.78454866667795], [34.92408768227742, 36.785087655848415], [34.924626671447896, 36.785087655848415], [34.924626671447896, 36.78562664501889], [34.925165660618376, 36.78562664501889], [34.925165660618376, 36.78616563418936], [34.924626671447896, 36.78616563418936], [34.924626671447896, 36.78670462335983], [34.923009703936486, 36.78670462335983], [34.923009703936486, 36.787243612530304], [34.92247071476601, 36.787243612530304], [34.92247071476601, 36.787782601700776], [34.923009703936486, 36.787782601700776], [34.923009703936486, 36.78886058004172], [34.92247071476601, 36.78886058004172], [34.92247071476601, 36.78939956921219], [34.92193172559553, 36.78939956921219], [34.92193172559553, 36.78886058004172], [34.9208537472546, 36.78886058004172], [34.9208537472546, 36.787243612530304], [34.92031475808412, 36.787243612530304], [34.92031475808412, 36.78670462335983], [34.92139273642508, 36.78670462335983], [34.92139273642508, 36.78616563418936], [34.9208537472546, 36.78616563418936], [34.9208537472546, 36.78454866667795], [34.92247071476601, 36.78454866667795], [34.92247071476601, 36.78400967750748]]]}, "id": "+398751+87600", "properties": {"area_ha": 12.945154385535941, "count": 45, "label": 1, "mean_dnbr": 0.45290492594830073}}, {"type": "Feature", "geometry": {"geodesic": false, "type": "Polygon", "coordinates": [[[34.92193172559553, 36.959181157910784], [34.92354869310694, 36.959181157910784], [34.92354869310694, 36.95972014708125], [34.92408768227742, 36.95972014708125], [34.92408768227742, 36.960798125422194], [34.924626671447896, 36.960798125422194], [34.924626671447896, 36.961337114592666], [34.92408768227742, 36.961337114592666], [34.92408768227742, 36.96187610376314], [34.924626671447896, 36.96187610376314], [34.924626671447896, 36.96403206044503], [34.925165660618376, 36.96403206044503], [34.925165660618376, 36.9645710496155], [34.92408768227742, 36.9645710496155], [34.92408768227742, 36.96403206044503], [34.92354869310694, 36.96403206044503], [34.92354869310694, 36.963493071274556], [34.923009703936486, 36.963493071274556], [34.923009703936486, 36.96295408210408], [34.92193172559553, 36.96295408210408], [34.92193172559553, 36.96241509293361], [34.92247071476601, 36.96241509293361], [34.92247071476601, 36.961337114592666], [34.92193172559553, 36.961337114592666], [34.92193172559553, 36.96025913625172], [34.92139273642508, 36.96025913625172], [34.92139273642508, 36.95972014708125], [34.92193172559553, 36.95972014708125], [34.92193172559553, 36.959181157910784]]]}, "id": "+398752+87275", "properties": {"area_ha": 10.332398031225148, "count": 36, "label": 1, "mean_dnbr": 0.3683802120335011}}, {"type": "Feature", "geometry": {"geodesic": false, "type": "Polygon", "coordinates": [[[34.92193172559553, 36.857851193862096], [34.92354869310694, 36.857851193862096], [34.92354869310694, 36.860007150543986], [34.92247071476601, 36.860007150543986], [34.92247071476601, 36.85946816137351], [34.92193172559553, 36.85946816137351], [34.92193172559553, 36.857851193862096]]]}, "id": "+398752+87463", "properties": {"area_ha": 3.1613761139936303, "count": 11, "label": 1, "mean_dnbr": 0.53327744182494}}, {"type": "Feature", "geometry": {"geodesic": false, "type": "Polygon", "coordinates": [[[34.92139273642508, 36.820660941099554], [34.92408768227742, 36.820660941099554], [34.92408768227742, 36.82173891944049], [34.92354869310694, 36.82173891944049], [34.92354869310694, 36.822277908610964], [34.92247071476601, 36.822277908610964], [34.92247071476601, 36.822816897781436], [34.92139273642508, 36.822816897781436], [34.92139273642508, 36.820660941099554]]]}, "id": "+398753+87532", "properties": {"area_ha": 4.600598822154541, "count": 16, "label": 1, "mean_dnbr": 0.3183629681760621}}, {"type": "Feature", "geometry": {"geodesic": false, "type": "Polygon", "coordinates": [[[34.92193172559553, 36.849766356305025], [34.924626671447896, 36.849766356305025], [34.924626671447896, 36.85192231298691], [34.92193172559553, 36.85192231298691], [34.92193172559553, 36.85084433464597], [34.92408768227742, 36.85084433464597], [34.92408768227742, 36.8503053454755], [34.92193172559553, 36.8503053454755], [34.92193172559553, 36.849766356305025]]]}, "id": "+398754+87478", "properties": {"area_ha": 4.598846018618407, "count": 16, "label": 1, "mean_dnbr": 0.3235367882880824}}, {"type": "Feature", "geometry": {"geodesic": false, "type": "Polygon", "coordinates": [[[34.92408768227742, 36.9893645514572], [34.925165660618376, 36.9893645514572], [34.925165660618376, 36.989903540627665], [34.924626671447896, 36.989903540627665], [34.924626671447896, 36.99044252979814], [34.92408768227742, 36.99044252979814], [34.92408768227742, 36.99152050813908], [34.924626671447896, 36.99152050813908], [34.924626671447896, 36.992059497309555], [34.925165660618376, 36.992059497309555], [34.925165660618376, 36.99259848648003], [34.924626671447896, 36.99259848648003], [34.924626671447896, 36.9931374756505], [34.92408768227742, 36.9931374756505], [34.92408768227742, 36.994215453991444], [34.92354869310694, 36.994215453991444], [34.92354869310694, 36.9931374756505], [34.92408768227742, 36.9931374756505], [34.92408768227742, 36.992059497309555], [34.92354869310694, 36.992059497309555], [34.92354869310694, 36.99152050813908], [34.923009703936486, 36.99152050813908], [34.923009703936486, 36.99044252979814], [34.92408768227742, 36.99044252979814], [34.92408768227742, 36.9893645514572]]]}, "id": "+398755+87219", "properties": {"area_ha": 4.016573522085024, "count": 14, "label": 1, "mean_dnbr": 0.2833627220165585}}, {"type": "Feature", "geometry": {"geodesic": false, "type": "Polygon", "coordinates": [[[34.924626671447896, 36.79532845008738], [34.92570464978883, 36.79532845008738], [34.92570464978883, 36.79640642842833], [34.926243638959306, 36.79640642842833], [34.926243638959306, 36.797484406769264], [34.924626671447896, 36.797484406769264], [34.924626671447896, 36.79694541759879], [34.92408768227742, 36.79694541759879], [34.92408768227742, 36.795867439257854], [34.924626671447896, 36.795867439257854], [34.924626671447896, 36.79532845008738]]]}, "id": "+398756+87579", "properties": {"area_ha": 3.4515900158652677, "count": 12, "label": 1, "mean_dnbr": 0.19811878397668475}}, {"type": "Feature", "geometry": {"geodesic": false, "type": "Polygon", "coordinates": [[[34.924626671447896, 36.83251870284993], [34.928938584811675, 36.83251870284993], [34.928938584811675, 36.83359668119087], [34.925165660618376, 36.83359668119087], [34.925165660618376, 36.833057692020404], [34.924626671447896, 36.833057692020404], [34.924626671447896, 36.83251870284993]]]}, "id": "+398762+87510", "properties": {"area_ha": 4.31240769841759, "count": 15, "label": 1, "mean_dnbr": 0.3958537579245966}}, {"type": "Feature", "geometry": {"geodesic": false, "type": "Polygon", "coordinates": [[[34.928938584811675, 36.78400967750748], [34.929477573982155, 36.78400967750748], [34.929477573982155, 36.78454866667795], [34.930016563152606, 36.78454866667795], [34.930016563152606, 36.785087655848415], [34.930555552323085, 36.785087655848415], [34.930555552323085, 36.78562664501889], [34.931094541493565, 36.78562664501889], [34.931094541493565, 36.78670462335983], [34.930555552323085, 36.78670462335983], [34.930555552323085, 36.787243612530304], [34.931633530664016, 36.787243612530304], [34.931633530664016, 36.787782601700776], [34.931094541493565, 36.787782601700776], [34.931094541493565, 36.78832159087125], [34.930555552323085, 36.78832159087125], [34.930555552323085, 36.78886058004172], [34.930016563152606, 36.78886058004172], [34.930016563152606, 36.78832159087125], [34.929477573982155, 36.78832159087125], [34.929477573982155, 36.78670462335983], [34.928399595641196, 36.78670462335983], [34.928399595641196, 36.78562664501889], [34.927860606470716, 36.78562664501889], [34.927860606470716, 36.78454866667795], [34.928938584811675, 36.78454866667795], [34.928938584811675, 36.78400967750748]], [[34.929477573982155, 36.785087655848415], [34.929477573982155, 36.78562664501889], [34.928938584811675, 36.78562664501889], [34.928938584811675, 36.785087655848415], [34.929477573982155, 36.785087655848415]]]}, "id": "+398763+87600", "properties": {"area_ha": 8.342444819962498, "count": 29, "label": 1, "mean_dnbr": 0.2879782487172634}}, {"type": "Feature", "geometry": {"geodesic": false, "type": "Polygon", "coordinates": [[[34.929477573982155, 36.82173891944049], [34.930016563152606, 36.82173891944049], [34.930016563152606, 36.822277908610964], [34.931094541493565, 36.822277908610964], [34.931094541493565, 36.822816897781436], [34.931633530664016, 36.822816897781436], [34.931633530664016, 36.82335588695191], [34.930555552323085, 36.82335588695191], [34.930555552323085, 36.82443386529285], [34.930016563152606, 36.82443386529285], [34.930016563152606, 36.82389487612238], [34.929477573982155, 36.82389487612238], [34.929477573982155, 36.82335588695191], [34.928399595641196, 36.82335588695191], [34.928399595641196, 36.82389487612238], [34.928938584811675, 36.82389487612238], [34.928938584811675, 36.824972854463326], [34.927860606470716, 36.824972854463326], [34.927860606470716, 36.82443386529285], [34.927321617300265, 36.82443386529285], [34.927321617300265, 36.82389487612238], [34.927860606470716, 36.82389487612238], [34.927860606470716, 36.82335588695191], [34.928399595641196, 36.82335588695191], [34.928399595641196, 36.822816897781436], [34.928938584811675, 36.822816897781436], [34.928938584811675, 36.822277908610964], [34.929477573982155, 36.822277908610964], [34.929477573982155, 36.82173891944049]], [[34.930016563152606, 36.822277908610964], [34.930016563152606, 36.822816897781436], [34.929477573982155, 36.822816897781436], [34.929477573982155, 36.822277908610964], [34.930016563152606, 36.822277908610964]]]}, "id": "+398764+87530", "properties": {"area_ha": 5.4630937799657975, "count": 19, "label": 1, "mean_dnbr": 0.3274725496982916}}, {"type": "Feature", "geometry": {"geodesic": false, "type": "Polygon", "coordinates": [[[34.927860606470716, 36.800179352621626], [34.930016563152606, 36.800179352621626], [34.930016563152606, 36.80179632013304], [34.931094541493565, 36.80179632013304], [34.931094541493565, 36.80287429847399], [34.930016563152606, 36.80287429847399], [34.930016563152606, 36.80341328764445], [34.930555552323085, 36.80341328764445], [34.930555552323085, 36.80556924432634], [34.930016563152606, 36.80556924432634], [34.930016563152606, 36.80503025515587], [34.928938584811675, 36.80503025515587], [34.928938584811675, 36.803952276814925], [34.927860606470716, 36.803952276814925], [34.927860606470716, 36.80287429847399], [34.927321617300265, 36.80287429847399], [34.927321617300265, 36.8007183417921], [34.926782628129786, 36.8007183417921], [34.926782628129786, 36.800179352621626], [34.927321617300265, 36.800179352621626], [34.927321617300265, 36.8007183417921], [34.927860606470716, 36.8007183417921], [34.927860606470716, 36.800179352621626]]]}, "id": "+398764+87570", "properties": {"area_ha": 12.942442074973252, "count": 45, "label": 1, "mean_dnbr": 0.43903472519286346}}, {"type": "Feature", "geometry": {"geodesic": false, "type": "Polygon", "coordinates": [[[34.928938584811675, 36.76298909985908], [34.930016563152606, 36.76298909985908], [34.930016563152606, 36.76352808902955], [34.930555552323085, 36.76352808902955], [34.930555552323085, 36.76406707820002], [34.931094541493565, 36.76406707820002], [34.931094541493565, 36.76568404571144], [34.933250498175454, 36.76568404571144], [34.933250498175454, 36.76622303488191], [34.932711509004974, 36.76622303488191], [34.932711509004974, 36.76730101322285], [34.932172519834495, 36.76730101322285], [34.932172519834495, 36.76784000239332], [34.932711509004974, 36.76784000239332], [34.932711509004974, 36.76837899156379], [34.933250498175454, 36.76837899156379], [34.933250498175454, 36.76945696990474], [34.931633530664016, 36.76945696990474], [34.931633530664016, 36.768917980734265], [34.929477573982155, 36.768917980734265], [34.929477573982155, 36.76837899156379], [34.928938584811675, 36.76837899156379], [34.928938584811675, 36.768917980734265], [34.928399595641196, 36.768917980734265], [34.928399595641196, 36.76945696990474], [34.927860606470716, 36.76945696990474], [34.927860606470716, 36.768917980734265], [34.928399595641196, 36.768917980734265], [34.928399595641196, 36.76837899156379], [34.928938584811675, 36.76837899156379], [34.928938584811675, 36.76730101322285], [34.929477573982155, 36.76730101322285], [34.929477573982155, 36.766762024052376], [34.927321617300265, 36.766762024052376], [34.927321617300265, 36.76568404571144], [34.927860606470716, 36.76568404571144], [34.927860606470716, 36.765145056540966], [34.928399595641196, 36.765145056540966], [34.928399595641196, 36.76568404571144], [34.930016563152606, 36.76568404571144], [34.930016563152606, 36.764606067370494], [34.929477573982155, 36.764606067370494], [34.929477573982155, 36.76406707820002], [34.928938584811675, 36.76406707820002], [34.928938584811675, 36.76298909985908]], [[34.930016563152606, 36.76352808902955], [34.930016563152606, 36.76406707820002], [34.929477573982155, 36.76406707820002], [34.929477573982155, 36.76352808902955], [34.930016563152606, 36.76352808902955]]]}, "id": "+398764+87639", "properties": {"area_ha": 18.415614857332535, "count": 64, "label": 1, "mean_dnbr": 0.27216496742212426}}, {"type": "Feature", "geometry": {"geodesic": false, "type": "Polygon", "coordinates": [[[34.931094541493565, 36.89881437081795], [34.933250498175454, 36.89881437081795], [34.933250498175454, 36.899353359988424], [34.936484433198274, 36.899353359988424], [34.936484433198274, 36.89989234915889], [34.93917937905064, 36.89989234915889], [34.93917937905064, 36.90043133832936], [34.939718368221094, 36.90043133832936], [34.939718368221094, 36.903126284181724], [34.94025735739157, 36.903126284181724], [34.94025735739157, 36.903665273352196], [34.93864038988016, 36.903665273352196], [34.93864038988016, 36.903126284181724], [34.938101400709684, 36.903126284181724], [34.938101400709684, 36.90258729501125], [34.93540645485734, 36.90258729501125], [34.93540645485734, 36.90150931667031], [34.932172519834495, 36.90150931667031], [34.932172519834495, 36.90204830584078], [34.931633530664016, 36.90204830584078], [34.931633530664016, 36.90150931667031], [34.931094541493565, 36.90150931667031], [34.931094541493565, 36.900970327499834], [34.930555552323085, 36.900970327499834], [34.930555552323085, 36.89989234915889], [34.931094541493565, 36.89989234915889], [34.931094541493565, 36.89881437081795]]]}, "id": "+398770+87387", "properties": {"area_ha": 24.702609993083176, "count": 86, "label": 1, "mean_dnbr": 0.3928703841024056}}, {"type": "Feature", "geometry": {"geodesic": false, "type": "Polygon", "coordinates": [[[34.932172519834495, 36.76137213234766], [34.933250498175454, 36.76137213234766], [34.933250498175454, 36.76191112151813], [34.933789487345905, 36.76191112151813], [34.933789487345905, 36.76298909985908], [34.934328476516384, 36.76298909985908], [34.934328476516384, 36.76352808902955], [34.934867465686864, 36.76352808902955], [34.934867465686864, 36.764606067370494], [34.933250498175454, 36.764606067370494], [34.933250498175454, 36.76352808902955], [34.932711509004974, 36.76352808902955], [34.932711509004974, 36.76298909985908], [34.932172519834495, 36.76298909985908], [34.932172519834495, 36.76137213234766]]]}, "id": "+398770+87642", "properties": {"area_ha": 4.891884782368279, "count": 17, "label": 1, "mean_dnbr": 0.33115549811315903}}, {"type": "Feature", "geometry": {"geodesic": false, "type": "Polygon", "coordinates": [[[34.935945444027794, 36.7796977641437], [34.93702342236875, 36.7796977641437], [34.93702342236875, 36.78077574248464], [34.937562411539204, 36.78077574248464], [34.937562411539204, 36.78185372082559], [34.938101400709684, 36.78185372082559], [34.938101400709684, 36.78239270999606], [34.93864038988016, 36.78239270999606], [34.93864038988016, 36.783470688337005], [34.938101400709684, 36.783470688337005], [34.938101400709684, 36.78293169916653], [34.937562411539204, 36.78293169916653], [34.937562411539204, 36.78239270999606], [34.935945444027794, 36.78239270999606], [34.935945444027794, 36.78293169916653], [34.93540645485734, 36.78293169916653], [34.93540645485734, 36.78239270999606], [34.935945444027794, 36.78239270999606], [34.935945444027794, 36.78185372082559], [34.93702342236875, 36.78185372082559], [34.93702342236875, 36.781314731655115], [34.936484433198274, 36.781314731655115], [34.936484433198274, 36.78077574248464], [34.935945444027794, 36.78077574248464], [34.935945444027794, 36.7796977641437]]]}, "id": "+398777+87608", "properties": {"area_ha": 4.315324148051822, "count": 15, "label": 1, "mean_dnbr": 0.3283104958927528}}, {"type": "Feature", "geometry": {"geodesic": false, "type": "Polygon", "coordinates": [[[34.933789487345905, 36.851383323816435], [34.937562411539204, 36.851383323816435], [34.937562411539204, 36.853539280498325], [34.93702342236875, 36.853539280498325], [34.93702342236875, 36.85300029132785], [34.934867465686864, 36.85300029132785], [34.934867465686864, 36.85246130215738], [34.933250498175454, 36.85246130215738], [34.933250498175454, 36.85192231298691], [34.933789487345905, 36.85192231298691], [34.933789487345905, 36.851383323816435]]]}, "id": "+398778+87475", "properties": {"area_ha": 6.035857076484744, "count": 21, "label": 1, "mean_dnbr": 0.4367230342857723}}, {"type": "Feature", "geometry": {"geodesic": false, "type": "Polygon", "coordinates": [[[34.938101400709684, 36.824972854463326], [34.93917937905064, 36.824972854463326], [34.93917937905064, 36.828745778656625], [34.938101400709684, 36.828745778656625], [34.938101400709684, 36.82605083280427], [34.93864038988016, 36.82605083280427], [34.93864038988016, 36.8255118436338], [34.938101400709684, 36.8255118436338], [34.938101400709684, 36.824972854463326]]]}, "id": "+398781+87524", "properties": {"area_ha": 3.7377336360977162, "count": 13, "label": 1, "mean_dnbr": 0.2600686509449762}}, {"type": "Feature", "geometry": {"geodesic": false, "type": "Polygon", "coordinates": [[[34.94079634656205, 36.85892917220304], [34.94133533573253, 36.85892917220304], [34.94133533573253, 36.86054613971446], [34.94187432490298, 36.86054613971446], [34.94187432490298, 36.862163107225875], [34.939718368221094, 36.862163107225875], [34.939718368221094, 36.86108512888493], [34.94025735739157, 36.86108512888493], [34.94025735739157, 36.86054613971446], [34.94079634656205, 36.86054613971446], [34.94079634656205, 36.860007150543986], [34.94025735739157, 36.860007150543986], [34.94025735739157, 36.85946816137351], [34.94079634656205, 36.85946816137351], [34.94079634656205, 36.85892917220304]]]}, "id": "+398785+87461", "properties": {"area_ha": 4.310857902401657, "count": 15, "label": 1, "mean_dnbr": 0.4401868122784092}}, {"type": "Feature", "geometry": {"geodesic": false, "type": "Polygon", "coordinates": [[[34.939718368221094, 36.82173891944049], [34.94241331407346, 36.82173891944049], [34.94241331407346, 36.82335588695191], [34.94187432490298, 36.82335588695191], [34.94187432490298, 36.82389487612238], [34.94133533573253, 36.82389487612238], [34.94133533573253, 36.82335588695191], [34.939718368221094, 36.82335588695191], [34.939718368221094, 36.82173891944049]]]}, "id": "+398787+87530", "properties": {"area_ha": 4.600537340524409, "count": 16, "label": 1, "mean_dnbr": 0.3815446502203294}}, {"type": "Feature", "geometry": {"geodesic": false, "type": "Polygon", "coordinates": [[[34.94187432490298, 36.87186491229436], [34.94349129241439, 36.87186491229436], [34.94349129241439, 36.87402086897625], [34.94510825992583, 36.87402086897625], [34.94510825992583, 36.876176825658135], [34.94672522743724, 36.876176825658135], [34.94672522743724, 36.87671581482861], [34.94564724909628, 36.87671581482861], [34.94564724909628, 36.87725480399908], [34.94403028158487, 36.87725480399908], [34.94403028158487, 36.8750988473172], [34.94349129241439, 36.8750988473172], [34.94349129241439, 36.874559858146725], [34.94187432490298, 36.874559858146725], [34.94187432490298, 36.87186491229436]]]}, "id": "+398789+87437", "properties": {"area_ha": 9.482179989177629, "count": 33, "label": 1, "mean_dnbr": 0.43462887807344924}}, {"type": "Feature", "geometry": {"geodesic": false, "type": "Polygon", "coordinates": [[[34.94241331407346, 36.83144072450899], [34.94349129241439, 36.83144072450899], [34.94349129241439, 36.83251870284993], [34.94403028158487, 36.83251870284993], [34.94403028158487, 36.833057692020404], [34.94079634656205, 36.833057692020404], [34.94079634656205, 36.83144072450899], [34.94133533573253, 36.83144072450899], [34.94133533573253, 36.83197971367946], [34.94241331407346, 36.83197971367946], [34.94241331407346, 36.83144072450899]]]}, "id": "+398789+87512", "properties": {"area_ha": 4.024987736121615, "count": 14, "label": 1, "mean_dnbr": 0.36512407233814687}}, {"type": "Feature", "geometry": {"geodesic": false, "type": "Polygon", "coordinates": [[[34.94403028158487, 36.78239270999606], [34.94510825992583, 36.78239270999606], [34.94510825992583, 36.783470688337005], [34.94564724909628, 36.783470688337005], [34.94564724909628, 36.78400967750748], [34.94510825992583, 36.78400967750748], [34.94510825992583, 36.78454866667795], [34.94403028158487, 36.78454866667795], [34.94403028158487, 36.785087655848415], [34.94456927075535, 36.785087655848415], [34.94456927075535, 36.78562664501889], [34.94510825992583, 36.78562664501889], [34.94510825992583, 36.787243612530304], [34.94564724909628, 36.787243612530304], [34.94564724909628, 36.787782601700776], [34.94618623826676, 36.787782601700776], [34.94618623826676, 36.78832159087125], [34.94510825992583, 36.78832159087125], [34.94510825992583, 36.787782601700776], [34.94456927075535, 36.787782601700776], [34.94456927075535, 36.787243612530304], [34.94403028158487, 36.787243612530304], [34.94403028158487, 36.78670462335983], [34.94349129241439, 36.78670462335983], [34.94349129241439, 36.78616563418936], [34.94295230324394, 36.78616563418936], [34.94295230324394, 36.785087655848415], [34.94241331407346, 36.785087655848415], [34.94241331407346, 36.78454866667795], [34.94187432490298, 36.78454866667795], [34.94187432490298, 36.78400967750748], [34.94295230324394, 36.78400967750748], [34.94295230324394, 36.78454866667795], [34.94403028158487, 36.78454866667795], [34.94403028158487, 36.783470688337005], [34.94349129241439, 36.783470688337005], [34.94349129241439, 36.78293169916653], [34.94403028158487, 36.78293169916653], [34.94403028158487, 36.78239270999606]]]}, "id": "+398792+87603", "properties": {"area_ha": 8.917914547577812, "count": 31, "label": 1, "mean_dnbr": 0.3231534507835705}}, {"type": "Feature", "geometry": {"geodesic": false, "type": "Polygon", "coordinates": [[[34.94403028158487, 36.75813819732483], [34.94510825992583, 36.75813819732483], [34.94510825992583, 36.75975516483625], [34.94456927075535, 36.75975516483625], [34.94456927075535, 36.76029415400672], [34.94510825992583, 36.76029415400672], [34.94510825992583, 36.76191112151813], [34.94403028158487, 36.76191112151813], [34.94403028158487, 36.76137213234766], [34.94349129241439, 36.76137213234766], [34.94349129241439, 36.76029415400672], [34.94403028158487, 36.76029415400672], [34.94403028158487, 36.75975516483625], [34.94349129241439, 36.75975516483625], [34.94349129241439, 36.75921617566578], [34.94241331407346, 36.75921617566578], [34.94241331407346, 36.75975516483625], [34.94187432490298, 36.75975516483625], [34.94187432490298, 36.75921617566578], [34.94241331407346, 36.75921617566578], [34.94241331407346, 36.758677186495305], [34.94403028158487, 36.758677186495305], [34.94403028158487, 36.75813819732483]], [[34.94456927075535, 36.758677186495305], [34.94456927075535, 36.75975516483625], [34.94403028158487, 36.75975516483625], [34.94403028158487, 36.758677186495305], [34.94456927075535, 36.758677186495305]]]}, "id": "+398792+87648", "properties": {"area_ha": 5.179848306012208, "count": 18, "label": 1, "mean_dnbr": 0.33655694701209543}}, {"type": "Feature", "geometry": {"geodesic": false, "type": "Polygon", "coordinates": [[[34.94510825992583, 36.8007183417921], [34.94564724909628, 36.8007183417921], [34.94564724909628, 36.80125733096257], [34.94618623826676, 36.80125733096257], [34.94618623826676, 36.80179632013304], [34.94672522743724, 36.80179632013304], [34.94672522743724, 36.80287429847399], [34.94726421660772, 36.80287429847399], [34.94726421660772, 36.8044912659854], [34.94618623826676, 36.8044912659854], [34.94618623826676, 36.80287429847399], [34.94510825992583, 36.80287429847399], [34.94510825992583, 36.80341328764445], [34.94456927075535, 36.80341328764445], [34.94456927075535, 36.803952276814925], [34.94403028158487, 36.803952276814925], [34.94403028158487, 36.80341328764445], [34.94456927075535, 36.80341328764445], [34.94456927075535, 36.80179632013304], [34.94510825992583, 36.80179632013304], [34.94510825992583, 36.8007183417921]]]}, "id": "+398793+87569", "properties": {"area_ha": 5.464571791326682, "count": 19, "label": 1, "mean_dnbr": 0.20597632581667233}}, {"type": "Feature", "geometry": {"geodesic": false, "type": "Polygon", "coordinates": [[[34.94510825992583, 36.79263350423502], [34.94672522743724, 36.79263350423502], [34.94672522743724, 36.79317249340549], [34.94726421660772, 36.79317249340549], [34.94726421660772, 36.79425047174644], [34.94510825992583, 36.79425047174644], [34.94510825992583, 36.79532845008738], [34.94403028158487, 36.79532845008738], [34.94403028158487, 36.79425047174644], [34.94510825992583, 36.79425047174644], [34.94510825992583, 36.793711482575965], [34.94456927075535, 36.793711482575965], [34.94456927075535, 36.79317249340549], [34.94403028158487, 36.79317249340549], [34.94403028158487, 36.793711482575965], [34.94295230324394, 36.793711482575965], [34.94295230324394, 36.79317249340549], [34.94349129241439, 36.79317249340549], [34.94349129241439, 36.79263350423502], [34.94456927075535, 36.79263350423502], [34.94456927075535, 36.79317249340549], [34.94510825992583, 36.79317249340549], [34.94510825992583, 36.79263350423502]]]}, "id": "+398795+87584", "properties": {"area_ha": 5.752861832405731, "count": 20, "label": 1, "mean_dnbr": 0.34855765023259944}}, {"type": "Feature", "geometry": {"geodesic": false, "type": "Polygon", "coordinates": [[[34.94672522743724, 36.779158774973226], [34.94726421660772, 36.779158774973226], [34.94726421660772, 36.78023675331417], [34.94780320577817, 36.78023675331417], [34.94780320577817, 36.78077574248464], [34.94726421660772, 36.78077574248464], [34.94726421660772, 36.781314731655115], [34.94618623826676, 36.781314731655115], [34.94618623826676, 36.78077574248464], [34.94564724909628, 36.78077574248464], [34.94564724909628, 36.78023675331417], [34.94510825992583, 36.78023675331417], [34.94510825992583, 36.7796977641437], [34.94672522743724, 36.7796977641437], [34.94672522743724, 36.779158774973226]]]}, "id": "+398796+87609", "properties": {"area_ha": 3.164622230708079, "count": 11, "label": 1, "mean_dnbr": 0.20876667194223134}}, {"type": "Feature", "geometry": {"geodesic": false, "type": "Polygon", "coordinates": [[[34.94834219494865, 36.76083314317719], [34.94942017328958, 36.76083314317719], [34.94942017328958, 36.762450110688604], [34.94834219494865, 36.762450110688604], [34.94834219494865, 36.76298909985908], [34.94672522743724, 36.76298909985908], [34.94672522743724, 36.762450110688604], [34.94618623826676, 36.762450110688604], [34.94618623826676, 36.76191112151813], [34.94726421660772, 36.76191112151813], [34.94726421660772, 36.76137213234766], [34.94834219494865, 36.76137213234766], [34.94834219494865, 36.76083314317719]]]}, "id": "+398800+87643", "properties": {"area_ha": 4.316428581209615, "count": 15, "label": 1, "mean_dnbr": 0.37173109230810225}}, {"type": "Feature", "geometry": {"geodesic": false, "type": "Polygon", "coordinates": [[[34.94726421660772, 37.02278188002644], [34.94995916246006, 37.02278188002644], [34.94995916246006, 37.02385985836739], [34.95103714080102, 37.02385985836739], [34.95103714080102, 37.02601581504927], [34.95049815163054, 37.02601581504927], [34.95049815163054, 37.025476825878805], [34.94888118411913, 37.025476825878805], [34.94888118411913, 37.02493783670833], [34.94780320577817, 37.02493783670833], [34.94780320577817, 37.02385985836739], [34.94726421660772, 37.02385985836739], [34.94726421660772, 37.02278188002644]]]}, "id": "+398801+87157", "properties": {"area_ha": 7.742918534676125, "count": 27, "label": 1, "mean_dnbr": 0.40705358267376457}}, {"type": "Feature", "geometry": {"geodesic": false, "type": "Polygon", "coordinates": [[[34.94780320577817, 36.932231699387195], [34.94995916246006, 36.932231699387195], [34.94995916246006, 36.93492664523956], [34.94780320577817, 36.93492664523956], [34.94780320577817, 36.93384866689861], [34.94834219494865, 36.93384866689861], [34.94834219494865, 36.93277068855767], [34.94780320577817, 36.93277068855767], [34.94780320577817, 36.932231699387195]]]}, "id": "+398801+87325", "properties": {"area_ha": 5.168099683151491, "count": 18, "label": 1, "mean_dnbr": 0.3713019199789567}}, {"type": "Feature", "geometry": {"geodesic": false, "type": "Polygon", "coordinates": [[[34.94995916246006, 36.79317249340549], [34.95049815163054, 36.79317249340549], [34.95049815163054, 36.793711482575965], [34.95103714080102, 36.793711482575965], [34.95103714080102, 36.79425047174644], [34.95157612997147, 36.79425047174644], [34.95157612997147, 36.79532845008738], [34.95211511914195, 36.79532845008738], [34.95211511914195, 36.79640642842833], [34.95049815163054, 36.79640642842833], [34.95049815163054, 36.79425047174644], [34.94942017328958, 36.79425047174644], [34.94942017328958, 36.793711482575965], [34.94888118411913, 36.793711482575965], [34.94888118411913, 36.79317249340549], [34.94942017328958, 36.79317249340549], [34.94942017328958, 36.793711482575965], [34.94995916246006, 36.793711482575965], [34.94995916246006, 36.79317249340549]]]}, "id": "+398802+87583", "properties": {"area_ha": 4.314579406040201, "count": 15, "label": 1, "mean_dnbr": 0.22499307382168324}}, {"type": "Feature", "geometry": {"geodesic": false, "type": "Polygon", "coordinates": [[[34.94995916246006, 36.83790859455465], [34.95103714080102, 36.83790859455465], [34.95103714080102, 36.83844758372512], [34.95157612997147, 36.83844758372512], [34.95157612997147, 36.83898657289559], [34.95103714080102, 36.83898657289559], [34.95103714080102, 36.841142529577475], [34.95211511914195, 36.841142529577475], [34.95211511914195, 36.84168151874795], [34.94995916246006, 36.84168151874795], [34.94995916246006, 36.84275949708889], [34.94942017328958, 36.84275949708889], [34.94942017328958, 36.843298486259364], [34.94834219494865, 36.843298486259364], [34.94834219494865, 36.84275949708889], [34.94672522743724, 36.84275949708889], [34.94672522743724, 36.84222050791842], [34.94618623826676, 36.84222050791842], [34.94618623826676, 36.84168151874795], [34.94780320577817, 36.84168151874795], [34.94780320577817, 36.84222050791842], [34.94888118411913, 36.84222050791842], [34.94888118411913, 36.841142529577475], [34.94942017328958, 36.841142529577475], [34.94942017328958, 36.84006455123653], [34.94888118411913, 36.84006455123653], [34.94888118411913, 36.83952556206606], [34.94942017328958, 36.83952556206606], [34.94942017328958, 36.83844758372512], [34.94995916246006, 36.83844758372512], [34.94995916246006, 36.83790859455465]]]}, "id": "+398803+87500", "properties": {"area_ha": 10.923706677754936, "count": 38, "label": 1, "mean_dnbr": 0.4058531528731381}}, {"type": "Feature", "geometry": {"geodesic": false, "type": "Polygon", "coordinates": [[[34.95157612997147, 36.847610399623136], [34.95265410831243, 36.847610399623136], [34.95265410831243, 36.84814938879361], [34.95211511914195, 36.84814938879361], [34.95211511914195, 36.84868837796408], [34.95319309748291, 36.84868837796408], [34.95319309748291, 36.84814938879361], [34.95427107582384, 36.84814938879361], [34.95427107582384, 36.84868837796408], [34.95373208665336, 36.84868837796408], [34.95373208665336, 36.849766356305025], [34.95481006499432, 36.849766356305025], [34.95481006499432, 36.8503053454755], [34.95588804333525, 36.8503053454755], [34.95588804333525, 36.85084433464597], [34.95642703250573, 36.85084433464597], [34.95642703250573, 36.853539280498325], [34.95750501084666, 36.853539280498325], [34.95750501084666, 36.8540782696688], [34.95804400001714, 36.8540782696688], [34.95804400001714, 36.85461725883927], [34.95858298918762, 36.85461725883927], [34.95858298918762, 36.85515624800974], [34.9591219783581, 36.85515624800974], [34.9591219783581, 36.85677321552116], [34.95804400001714, 36.85677321552116], [34.95804400001714, 36.857312204691624], [34.95750501084666, 36.857312204691624], [34.95750501084666, 36.857851193862096], [34.95696602167621, 36.857851193862096], [34.95696602167621, 36.856234226350686], [34.95642703250573, 36.856234226350686], [34.95642703250573, 36.855695237180214], [34.95588804333525, 36.855695237180214], [34.95588804333525, 36.856234226350686], [34.95427107582384, 36.856234226350686], [34.95427107582384, 36.85677321552116], [34.95319309748291, 36.85677321552116], [34.95319309748291, 36.856234226350686], [34.95157612997147, 36.856234226350686], [34.95157612997147, 36.85515624800974], [34.95211511914195, 36.85515624800974], [34.95211511914195, 36.8540782696688], [34.95319309748291, 36.8540782696688], [34.95319309748291, 36.85246130215738], [34.95373208665336, 36.85246130215738], [34.95373208665336, 36.85084433464597], [34.95427107582384, 36.85084433464597], [34.95427107582384, 36.8503053454755], [34.95373208665336, 36.8503053454755], [34.95373208665336, 36.849766356305025], [34.95319309748291, 36.849766356305025], [34.95319309748291, 36.84922736713455], [34.95049815163054, 36.84922736713455], [34.95049815163054, 36.84868837796408], [34.95157612997147, 36.84868837796408], [34.95157612997147, 36.847610399623136]]]}, "id": "+398806+87482", "properties": {"area_ha": 31.903392623060014, "count": 111, "label": 1, "mean_dnbr": 0.18630976877278074}}, {"type": "Feature", "geometry": {"geodesic": false, "type": "Polygon", "coordinates": [[[34.95319309748291, 36.79425047174644], [34.95373208665336, 36.79425047174644], [34.95373208665336, 36.79532845008738], [34.95427107582384, 36.79532845008738], [34.95427107582384, 36.795867439257854], [34.95481006499432, 36.795867439257854], [34.95481006499432, 36.79694541759879], [34.95373208665336, 36.79694541759879], [34.95373208665336, 36.797484406769264], [34.95319309748291, 36.797484406769264], [34.95319309748291, 36.795867439257854], [34.95265410831243, 36.795867439257854], [34.95265410831243, 36.79478946091691], [34.95319309748291, 36.79478946091691], [34.95319309748291, 36.79425047174644]]]}, "id": "+398808+87581", "properties": {"area_ha": 3.7392487172858053, "count": 13, "label": 1, "mean_dnbr": 0.3955737565929551}}, {"type": "Feature", "geometry": {"geodesic": false, "type": "Polygon", "coordinates": [[[34.95373208665336, 37.025476825878805], [34.95427107582384, 37.025476825878805], [34.95427107582384, 37.02601581504927], [34.95642703250573, 37.02601581504927], [34.95642703250573, 37.027093793390215], [34.95373208665336, 37.027093793390215], [34.95373208665336, 37.02655480421974], [34.95319309748291, 37.02655480421974], [34.95319309748291, 37.02601581504927], [34.95373208665336, 37.02601581504927], [34.95373208665336, 37.025476825878805]]]}, "id": "+398809+87152", "properties": {"area_ha": 3.4412042255353983, "count": 12, "label": 1, "mean_dnbr": 0.49280994382889554}}, {"type": "Feature", "geometry": {"geodesic": false, "type": "Polygon", "coordinates": [[[34.95319309748291, 36.7910165367236], [34.95427107582384, 36.7910165367236], [34.95427107582384, 36.791555525894076], [34.95481006499432, 36.791555525894076], [34.95481006499432, 36.79209451506455], [34.95588804333525, 36.79209451506455], [34.95588804333525, 36.79263350423502], [34.95642703250573, 36.79263350423502], [34.95642703250573, 36.79317249340549], [34.95696602167621, 36.79317249340549], [34.95696602167621, 36.793711482575965], [34.95534905416477, 36.793711482575965], [34.95534905416477, 36.79425047174644], [34.95427107582384, 36.79425047174644], [34.95427107582384, 36.793711482575965], [34.95319309748291, 36.793711482575965], [34.95319309748291, 36.79317249340549], [34.95373208665336, 36.79317249340549], [34.95373208665336, 36.79263350423502], [34.95319309748291, 36.79263350423502], [34.95319309748291, 36.79209451506455], [34.95265410831243, 36.79209451506455], [34.95265410831243, 36.791555525894076], [34.95319309748291, 36.791555525894076], [34.95319309748291, 36.7910165367236]]]}, "id": "+398809+87587", "properties": {"area_ha": 7.1911645714327115, "count": 25, "label": 1, "mean_dnbr": 0.2491971133920176}}, {"type": "Feature", "geometry": {"geodesic": false, "type": "Polygon", "coordinates": [[[34.95481006499432, 36.78562664501889], [34.95588804333525, 36.78562664501889], [34.95588804333525, 36.78616563418936], [34.95642703250573, 36.78616563418936], [34.95642703250573, 36.78670462335983], [34.95696602167621, 36.78670462335983], [34.95696602167621, 36.787243612530304], [34.95588804333525, 36.787243612530304], [34.95588804333525, 36.787782601700776], [34.95534905416477, 36.787782601700776], [34.95534905416477, 36.787243612530304], [34.95427107582384, 36.787243612530304], [34.95427107582384, 36.78616563418936], [34.95481006499432, 36.78616563418936], [34.95481006499432, 36.78562664501889]]]}, "id": "+398812+87597", "properties": {"area_ha": 3.4520319093440337, "count": 12, "label": 1, "mean_dnbr": 0.4581514937140726}}, {"type": "Feature", "geometry": {"geodesic": false, "type": "Polygon", "coordinates": [[[34.95373208665336, 36.90528224086361], [34.95642703250573, 36.90528224086361], [34.95642703250573, 36.90582123003408], [34.95750501084666, 36.90582123003408], [34.95750501084666, 36.90636021920455], [34.95804400001714, 36.90636021920455], [34.95804400001714, 36.907438197545495], [34.95750501084666, 36.907438197545495], [34.95750501084666, 36.90797718671597], [34.95858298918762, 36.90797718671597], [34.95858298918762, 36.90851617588644], [34.95481006499432, 36.90851617588644], [34.95481006499432, 36.90797718671597], [34.95373208665336, 36.90797718671597], [34.95373208665336, 36.90851617588644], [34.95319309748291, 36.90851617588644], [34.95319309748291, 36.90797718671597], [34.95265410831243, 36.90797718671597], [34.95265410831243, 36.90636021920455], [34.95373208665336, 36.90636021920455], [34.95373208665336, 36.90528224086361]]]}, "id": "+398813+87375", "properties": {"area_ha": 14.073645300739098, "count": 49, "label": 1, "mean_dnbr": 0.4727784183422453}}, {"type": "Feature", "geometry": {"geodesic": false, "type": "Polygon", "coordinates": [[[34.95750501084666, 36.93330967772814], [34.9591219783581, 36.93330967772814], [34.9591219783581, 36.93384866689861], [34.95966096752855, 36.93384866689861], [34.95966096752855, 36.934387656069084], [34.96073894586951, 36.934387656069084], [34.96073894586951, 36.93492664523956], [34.96127793503996, 36.93492664523956], [34.96127793503996, 36.93546563441003], [34.96181692421044, 36.93546563441003], [34.96181692421044, 36.936004623580494], [34.96343389172185, 36.936004623580494], [34.96343389172185, 36.93654361275097], [34.96397288089233, 36.93654361275097], [34.96397288089233, 36.938699569432856], [34.96343389172185, 36.938699569432856], [34.96343389172185, 36.93923855860333], [34.9628949025514, 36.93923855860333], [34.9628949025514, 36.9397775477738], [34.96235591338092, 36.9397775477738], [34.96235591338092, 36.94031653694427], [34.96181692421044, 36.94031653694427], [34.96181692421044, 36.940855526114746], [34.96127793503996, 36.940855526114746], [34.96127793503996, 36.94031653694427], [34.96073894586951, 36.94031653694427], [34.96073894586951, 36.93546563441003], [34.96019995669903, 36.93546563441003], [34.96019995669903, 36.93492664523956], [34.95858298918762, 36.93492664523956], [34.95858298918762, 36.93384866689861], [34.95804400001714, 36.93384866689861], [34.95804400001714, 36.934387656069084], [34.95750501084666, 36.934387656069084], [34.95750501084666, 36.93330967772814]]]}, "id": "+398818+87323", "properties": {"area_ha": 16.077778041909948, "count": 56, "label": 1, "mean_dnbr": 0.5538232640305503}}, {"type": "Feature", "geometry": {"geodesic": false, "type": "Polygon", "coordinates": [[[34.95481006499432, 36.87186491229436], [34.96019995669903, 36.87186491229436], [34.96019995669903, 36.872403901464835], [34.95966096752855, 36.872403901464835], [34.95966096752855, 36.87294289063531], [34.95804400001714, 36.87294289063531], [34.95804400001714, 36.87348187980578], [34.95858298918762, 36.87348187980578], [34.95858298918762, 36.87402086897625], [34.95804400001714, 36.87402086897625], [34.95804400001714, 36.87348187980578], [34.95696602167621, 36.87348187980578], [34.95696602167621, 36.87294289063531], [34.95642703250573, 36.87294289063531], [34.95642703250573, 36.87348187980578], [34.95534905416477, 36.87348187980578], [34.95534905416477, 36.87294289063531], [34.95481006499432, 36.87294289063531], [34.95481006499432, 36.87186491229436]]]}, "id": "+398820+87437", "properties": {"area_ha": 6.8962098038008905, "count": 24, "label": 1, "mean_dnbr": 0.2434715428300151}}, {"type": "Feature", "geometry": {"geodesic": false, "type": "Polygon", "coordinates": [[[34.96019995669903, 36.802335309303515], [34.96127793503996, 36.802335309303515], [34.96127793503996, 36.803952276814925], [34.95966096752855, 36.803952276814925], [34.95966096752855, 36.8044912659854], [34.95804400001714, 36.8044912659854], [34.95804400001714, 36.80287429847399], [34.96019995669903, 36.80287429847399], [34.96019995669903, 36.802335309303515]]]}, "id": "+398822+87566", "properties": {"area_ha": 4.889303190531292, "count": 17, "label": 1, "mean_dnbr": 0.3349196156007991}}, {"type": "Feature", "geometry": {"geodesic": false, "type": "Polygon", "coordinates": [[[34.95804400001714, 36.791555525894076], [34.96181692421044, 36.791555525894076], [34.96181692421044, 36.79263350423502], [34.96505085923329, 36.79263350423502], [34.96505085923329, 36.79209451506455], [34.96612883757422, 36.79209451506455], [34.96612883757422, 36.795867439257854], [34.96397288089233, 36.795867439257854], [34.96397288089233, 36.79532845008738], [34.96343389172185, 36.79532845008738], [34.96343389172185, 36.79478946091691], [34.96073894586951, 36.79478946091691], [34.96073894586951, 36.793711482575965], [34.9591219783581, 36.793711482575965], [34.9591219783581, 36.79317249340549], [34.95804400001714, 36.79317249340549], [34.95804400001714, 36.791555525894076]]]}, "id": "+398823+87586", "properties": {"area_ha": 20.997946802160463, "count": 73, "label": 1, "mean_dnbr": 0.4630099360308184}}, {"type": "Feature", "geometry": {"geodesic": false, "type": "Polygon", "coordinates": [[[34.96127793503996, 36.82820678948615], [34.96235591338092, 36.82820678948615], [34.96235591338092, 36.83413567036134], [34.96181692421044, 36.83413567036134], [34.96181692421044, 36.83359668119087], [34.96127793503996, 36.83359668119087], [34.96127793503996, 36.82982375699757], [34.96073894586951, 36.82982375699757], [34.96073894586951, 36.828745778656625], [34.96127793503996, 36.828745778656625], [34.96127793503996, 36.82820678948615]]]}, "id": "+398824+87518", "properties": {"area_ha": 6.6125714924845935, "count": 23, "label": 1, "mean_dnbr": 0.39539651159918277}}, {"type": "Feature", "geometry": {"geodesic": false, "type": "Polygon", "coordinates": [[[34.96181692421044, 36.8368306162137], [34.9628949025514, 36.8368306162137], [34.9628949025514, 36.837369605384175], [34.96343389172185, 36.837369605384175], [34.96343389172185, 36.83790859455465], [34.96505085923329, 36.83790859455465], [34.96505085923329, 36.83898657289559], [34.96343389172185, 36.83898657289559], [34.96343389172185, 36.83952556206606], [34.9628949025514, 36.83952556206606], [34.9628949025514, 36.840603540407], [34.96019995669903, 36.840603540407], [34.96019995669903, 36.84006455123653], [34.95966096752855, 36.84006455123653], [34.95966096752855, 36.83952556206606], [34.95804400001714, 36.83952556206606], [34.95804400001714, 36.84006455123653], [34.95750501084666, 36.84006455123653], [34.95750501084666, 36.840603540407], [34.95696602167621, 36.840603540407], [34.95696602167621, 36.84006455123653], [34.95750501084666, 36.84006455123653], [34.95750501084666, 36.83952556206606], [34.95804400001714, 36.83952556206606], [34.95804400001714, 36.83898657289559], [34.9591219783581, 36.83898657289559], [34.9591219783581, 36.83844758372512], [34.96019995669903, 36.83844758372512], [34.96019995669903, 36.83898657289559], [34.96073894586951, 36.83898657289559], [34.96073894586951, 36.83844758372512], [34.96181692421044, 36.83844758372512], [34.96181692421044, 36.83790859455465], [34.96235591338092, 36.83790859455465], [34.96235591338092, 36.837369605384175], [34.96181692421044, 36.837369605384175], [34.96181692421044, 36.8368306162137]], [[34.9628949025514, 36.83844758372512], [34.9628949025514, 36.83952556206606], [34.96235591338092, 36.83952556206606], [34.96235591338092, 36.83844758372512], [34.9628949025514, 36.83844758372512]]]}, "id": "+398825+87502", "properties": {"area_ha": 11.786384820220535, "count": 41, "label": 1, "mean_dnbr": 0.19770002859002994}}, {"type": "Feature", "geometry": {"geodesic": false, "type": "Polygon", "coordinates": [[[34.9591219783581, 36.79910137428068], [34.9628949025514, 36.79910137428068], [34.9628949025514, 36.799640363451154], [34.96235591338092, 36.799640363451154], [34.96235591338092, 36.8007183417921], [34.9628949025514, 36.8007183417921], [34.9628949025514, 36.80125733096257], [34.96019995669903, 36.80125733096257], [34.96019995669903, 36.800179352621626], [34.9591219783581, 36.800179352621626], [34.9591219783581, 36.79910137428068]]]}, "id": "+398825+87572", "properties": {"area_ha": 6.327592566838742, "count": 22, "label": 1, "mean_dnbr": 0.41105870745035056}}, {"type": "Feature", "geometry": {"geodesic": false, "type": "Polygon", "coordinates": [[[34.96235591338092, 36.986130616434366], [34.96343389172185, 36.986130616434366], [34.96343389172185, 36.988286573116255], [34.96397288089233, 36.988286573116255], [34.96397288089233, 36.99152050813908], [34.96343389172185, 36.99152050813908], [34.96343389172185, 36.98882556228673], [34.9628949025514, 36.98882556228673], [34.9628949025514, 36.988286573116255], [34.96235591338092, 36.988286573116255], [34.96235591338092, 36.986130616434366]]]}, "id": "+398826+87225", "properties": {"area_ha": 4.303652442742686, "count": 15, "label": 1, "mean_dnbr": 0.20156864506238967}}, {"type": "Feature", "geometry": {"geodesic": false, "type": "Polygon", "coordinates": [[[34.96073894586951, 36.87779379316955], [34.96343389172185, 36.87779379316955], [34.96343389172185, 36.87941076068097], [34.96397288089233, 36.87941076068097], [34.96397288089233, 36.880488739021914], [34.96127793503996, 36.880488739021914], [34.96127793503996, 36.87994974985144], [34.96073894586951, 36.87994974985144], [34.96073894586951, 36.87779379316955]]]}, "id": "+398826+87426", "properties": {"area_ha": 7.470362251936023, "count": 26, "label": 1, "mean_dnbr": 0.18140748242557783}}, {"type": "Feature", "geometry": {"geodesic": false, "type": "Polygon", "coordinates": [[[34.9628949025514, 36.8503053454755], [34.96343389172185, 36.8503053454755], [34.96343389172185, 36.85084433464597], [34.96397288089233, 36.85084433464597], [34.96397288089233, 36.851383323816435], [34.96505085923329, 36.851383323816435], [34.96505085923329, 36.85192231298691], [34.96558984840374, 36.85192231298691], [34.96558984840374, 36.85300029132785], [34.96505085923329, 36.85300029132785], [34.96505085923329, 36.853539280498325], [34.96235591338092, 36.853539280498325], [34.96235591338092, 36.8540782696688], [34.96181692421044, 36.8540782696688], [34.96181692421044, 36.853539280498325], [34.96127793503996, 36.853539280498325], [34.96127793503996, 36.85246130215738], [34.96235591338092, 36.85246130215738], [34.96235591338092, 36.85192231298691], [34.9628949025514, 36.85192231298691], [34.9628949025514, 36.8503053454755]]]}, "id": "+398826+87477", "properties": {"area_ha": 8.335252137445138, "count": 29, "label": 1, "mean_dnbr": 0.36693804354524096}}, {"type": "Feature", "geometry": {"geodesic": false, "type": "Polygon", "coordinates": [[[34.9628949025514, 36.737656608846905], [34.96343389172185, 36.737656608846905], [34.96343389172185, 36.73819559801738], [34.96397288089233, 36.73819559801738], [34.96397288089233, 36.73927357635832], [34.96505085923329, 36.73927357635832], [34.96505085923329, 36.73873458718785], [34.96558984840374, 36.73873458718785], [34.96558984840374, 36.739812565528794], [34.96451187006281, 36.739812565528794], [34.96451187006281, 36.74035155469927], [34.96343389172185, 36.74035155469927], [34.96343389172185, 36.73873458718785], [34.9628949025514, 36.73873458718785], [34.9628949025514, 36.737656608846905]]]}, "id": "+398826+87686", "properties": {"area_ha": 3.1663214528038752, "count": 11, "label": 1, "mean_dnbr": 0.22433891949615814}}, {"type": "Feature", "geometry": {"geodesic": false, "type": "Polygon", "coordinates": [[[34.96397288089233, 36.890729533260874], [34.96505085923329, 36.890729533260874], [34.96505085923329, 36.89234650077229], [34.96397288089233, 36.89234650077229], [34.96397288089233, 36.89288548994276], [34.96343389172185, 36.89288548994276], [34.96343389172185, 36.89342447911323], [34.9628949025514, 36.89342447911323], [34.9628949025514, 36.89180751160182], [34.96343389172185, 36.89180751160182], [34.96343389172185, 36.891268522431346], [34.96397288089233, 36.891268522431346], [34.96397288089233, 36.890729533260874]]]}, "id": "+398829+87402", "properties": {"area_ha": 3.4472824173364183, "count": 12, "label": 1, "mean_dnbr": 0.2032069905076792}}, {"type": "Feature", "geometry": {"geodesic": false, "type": "Polygon", "coordinates": [[[34.96343389172185, 36.89827538164748], [34.96558984840374, 36.89827538164748], [34.96558984840374, 36.89881437081795], [34.9666678267447, 36.89881437081795], [34.9666678267447, 36.89989234915889], [34.96612883757422, 36.89989234915889], [34.96612883757422, 36.90043133832936], [34.96397288089233, 36.90043133832936], [34.96397288089233, 36.900970327499834], [34.96343389172185, 36.900970327499834], [34.96343389172185, 36.90150931667031], [34.9628949025514, 36.90150931667031], [34.9628949025514, 36.900970327499834], [34.96181692421044, 36.900970327499834], [34.96181692421044, 36.90150931667031], [34.96127793503996, 36.90150931667031], [34.96127793503996, 36.900970327499834], [34.95858298918762, 36.900970327499834], [34.95858298918762, 36.90043133832936], [34.9591219783581, 36.90043133832936], [34.9591219783581, 36.89989234915889], [34.95858298918762, 36.89989234915889], [34.95858298918762, 36.899353359988424], [34.95966096752855, 36.899353359988424], [34.95966096752855, 36.89989234915889], [34.96019995669903, 36.89989234915889], [34.96019995669903, 36.899353359988424], [34.96127793503996, 36.899353359988424], [34.96127793503996, 36.89989234915889], [34.96343389172185, 36.89989234915889], [34.96343389172185, 36.89827538164748]], [[34.96127793503996, 36.89989234915889], [34.96127793503996, 36.90043133832936], [34.96019995669903, 36.90043133832936], [34.96019995669903, 36.89989234915889], [34.96127793503996, 36.89989234915889]]]}, "id": "+398830+87388", "properties": {"area_ha": 12.35147748402636, "count": 43, "label": 1, "mean_dnbr": 0.3060582076235127}}, {"type": "Feature", "geometry": {"geodesic": false, "type": "Polygon", "coordinates": [[[34.96505085923329, 36.8292847678271], [34.9666678267447, 36.8292847678271], [34.9666678267447, 36.830901735338514], [34.96612883757422, 36.830901735338514], [34.96612883757422, 36.83144072450899], [34.96505085923329, 36.83144072450899], [34.96505085923329, 36.83036274616804], [34.9628949025514, 36.83036274616804], [34.9628949025514, 36.82982375699757], [34.96343389172185, 36.82982375699757], [34.96343389172185, 36.8292847678271], [34.96451187006281, 36.8292847678271], [34.96451187006281, 36.82982375699757], [34.96505085923329, 36.82982375699757], [34.96505085923329, 36.8292847678271]]]}, "id": "+398832+87516", "properties": {"area_ha": 4.887604068321887, "count": 17, "label": 1, "mean_dnbr": 0.2650472703886093}}, {"type": "Feature", "geometry": {"geodesic": false, "type": "Polygon", "coordinates": [[[34.96558984840374, 36.81042014686059], [34.9666678267447, 36.81042014686059], [34.9666678267447, 36.81095913603106], [34.96720681591515, 36.81095913603106], [34.96720681591515, 36.81149812520153], [34.9666678267447, 36.81149812520153], [34.9666678267447, 36.812037114372], [34.96612883757422, 36.812037114372], [34.96612883757422, 36.812576103542476], [34.96558984840374, 36.812576103542476], [34.96558984840374, 36.81311509271295], [34.96451187006281, 36.81311509271295], [34.96451187006281, 36.812037114372], [34.96397288089233, 36.812037114372], [34.96397288089233, 36.81095913603106], [34.96558984840374, 36.81095913603106], [34.96558984840374, 36.81042014686059]]]}, "id": "+398832+87551", "properties": {"area_ha": 5.176353190761567, "count": 18, "label": 1, "mean_dnbr": 0.338061867628193}}, {"type": "Feature", "geometry": {"geodesic": false, "type": "Polygon", "coordinates": [[[34.96774580508563, 36.84222050791842], [34.96828479425611, 36.84222050791842], [34.96828479425611, 36.84437646460031], [34.968823783426586, 36.84437646460031], [34.968823783426586, 36.84545444294125], [34.96828479425611, 36.84545444294125], [34.96828479425611, 36.84491545377078], [34.96720681591515, 36.84491545377078], [34.96720681591515, 36.84437646460031], [34.96612883757422, 36.84437646460031], [34.96612883757422, 36.843298486259364], [34.9666678267447, 36.843298486259364], [34.9666678267447, 36.84275949708889], [34.96774580508563, 36.84275949708889], [34.96774580508563, 36.84222050791842]]]}, "id": "+398835+87492", "properties": {"area_ha": 4.5992721984926765, "count": 16, "label": 1, "mean_dnbr": 0.4773423120342536}}, {"type": "Feature", "geometry": {"geodesic": false, "type": "Polygon", "coordinates": [[[34.96774580508563, 36.731188738801244], [34.96828479425611, 36.731188738801244], [34.96828479425611, 36.731727727971716], [34.96774580508563, 36.731727727971716], [34.96774580508563, 36.73442267382408], [34.96828479425611, 36.73442267382408], [34.96828479425611, 36.73657863050597], [34.96774580508563, 36.73657863050597], [34.96774580508563, 36.73550065216502], [34.96720681591515, 36.73550065216502], [34.96720681591515, 36.73334469548313], [34.9666678267447, 36.73334469548313], [34.9666678267447, 36.731188738801244], [34.96720681591515, 36.731188738801244], [34.96720681591515, 36.731727727971716], [34.96774580508563, 36.731727727971716], [34.96774580508563, 36.731188738801244]]]}, "id": "+398835+87698", "properties": {"area_ha": 4.605892666198578, "count": 16, "label": 1, "mean_dnbr": 0.35417804201866954}}, {"type": "Feature", "geometry": {"geodesic": false, "type": "Polygon", "coordinates": [[[34.96558984840374, 36.87186491229436], [34.96936277259704, 36.87186491229436], [34.96936277259704, 36.87402086897625], [34.970440750937996, 36.87402086897625], [34.970440750937996, 36.87563783648766], [34.96990176176752, 36.87563783648766], [34.96990176176752, 36.876176825658135], [34.9666678267447, 36.876176825658135], [34.9666678267447, 36.87671581482861], [34.96612883757422, 36.87671581482861], [34.96612883757422, 36.87725480399908], [34.9666678267447, 36.87725480399908], [34.9666678267447, 36.87779379316955], [34.96505085923329, 36.87779379316955], [34.96505085923329, 36.87725480399908], [34.96558984840374, 36.87725480399908], [34.96558984840374, 36.87671581482861], [34.96505085923329, 36.87671581482861], [34.96505085923329, 36.876176825658135], [34.96558984840374, 36.876176825658135], [34.96558984840374, 36.87563783648766], [34.96505085923329, 36.87563783648766], [34.96505085923329, 36.872403901464835], [34.96558984840374, 36.872403901464835], [34.96558984840374, 36.87186491229436]]]}, "id": "+398837+87437", "properties": {"area_ha": 21.837798353990117, "count": 76, "label": 1, "mean_dnbr": 0.449046729190873}}, {"type": "Feature", "geometry": {"geodesic": false, "type": "Polygon", "coordinates": [[[34.968823783426586, 36.80341328764445], [34.96990176176752, 36.80341328764445], [34.96990176176752, 36.803952276814925], [34.970440750937996, 36.803952276814925], [34.970440750937996, 36.80503025515587], [34.970979740108476, 36.80503025515587], [34.970979740108476, 36.80556924432634], [34.96990176176752, 36.80556924432634], [34.96990176176752, 36.80503025515587], [34.968823783426586, 36.80503025515587], [34.968823783426586, 36.8044912659854], [34.96828479425611, 36.8044912659854], [34.96828479425611, 36.803952276814925], [34.968823783426586, 36.803952276814925], [34.968823783426586, 36.80341328764445]]]}, "id": "+398838+87564", "properties": {"area_ha": 3.163627121412124, "count": 11, "label": 1, "mean_dnbr": 0.40577837089419555}}, {"type": "Feature", "geometry": {"geodesic": false, "type": "Polygon", "coordinates": [[[34.968823783426586, 36.800179352621626], [34.96990176176752, 36.800179352621626], [34.96990176176752, 36.8007183417921], [34.970440750937996, 36.8007183417921], [34.970440750937996, 36.80125733096257], [34.96990176176752, 36.80125733096257], [34.96990176176752, 36.80179632013304], [34.96828479425611, 36.80179632013304], [34.96828479425611, 36.802335309303515], [34.96774580508563, 36.802335309303515], [34.96774580508563, 36.80287429847399], [34.9666678267447, 36.80287429847399], [34.9666678267447, 36.80341328764445], [34.96505085923329, 36.80341328764445], [34.96505085923329, 36.803952276814925], [34.96397288089233, 36.803952276814925], [34.96397288089233, 36.80287429847399], [34.96505085923329, 36.80287429847399], [34.96505085923329, 36.802335309303515], [34.96558984840374, 36.802335309303515], [34.96558984840374, 36.80179632013304], [34.96612883757422, 36.80179632013304], [34.96612883757422, 36.80125733096257], [34.96720681591515, 36.80125733096257], [34.96720681591515, 36.8007183417921], [34.968823783426586, 36.8007183417921], [34.968823783426586, 36.800179352621626]]]}, "id": "+398838+87570", "properties": {"area_ha": 9.20357560211999, "count": 32, "label": 1, "mean_dnbr": 0.4440698937752546}}, {"type": "Feature", "geometry": {"geodesic": false, "type": "Polygon", "coordinates": [[[34.96720681591515, 36.7473584139154], [34.96990176176752, 36.7473584139154], [34.96990176176752, 36.748436392256345], [34.970440750937996, 36.748436392256345], [34.970440750937996, 36.74897538142681], [34.96936277259704, 36.74897538142681], [34.96936277259704, 36.748436392256345], [34.96828479425611, 36.748436392256345], [34.96828479425611, 36.74897538142681], [34.96774580508563, 36.74897538142681], [34.96774580508563, 36.74951437059728], [34.9666678267447, 36.74951437059728], [34.9666678267447, 36.750053359767755], [34.96612883757422, 36.750053359767755], [34.96612883757422, 36.74951437059728], [34.96558984840374, 36.74951437059728], [34.96558984840374, 36.74897538142681], [34.9666678267447, 36.74897538142681], [34.9666678267447, 36.748436392256345], [34.96720681591515, 36.748436392256345], [34.96720681591515, 36.7473584139154]]]}, "id": "+398838+87668", "properties": {"area_ha": 5.75624040726603, "count": 20, "label": 1, "mean_dnbr": 0.32429874520945345}}, {"type": "Feature", "geometry": {"geodesic": false, "type": "Polygon", "coordinates": [[[34.96936277259704, 36.83144072450899], [34.970979740108476, 36.83144072450899], [34.970979740108476, 36.83197971367946], [34.96990176176752, 36.83197971367946], [34.96990176176752, 36.83251870284993], [34.96936277259704, 36.83251870284993], [34.96936277259704, 36.83359668119087], [34.968823783426586, 36.83359668119087], [34.968823783426586, 36.833057692020404], [34.96828479425611, 36.833057692020404], [34.96828479425611, 36.83251870284993], [34.96720681591515, 36.83251870284993], [34.96720681591515, 36.83197971367946], [34.96936277259704, 36.83197971367946], [34.96936277259704, 36.83144072450899]]]}, "id": "+398840+87512", "properties": {"area_ha": 3.1624685036635407, "count": 11, "label": 1, "mean_dnbr": 0.35146316312502723}}, {"type": "Feature", "geometry": {"geodesic": false, "type": "Polygon", "coordinates": [[[34.972596707619886, 36.851383323816435], [34.973674685960816, 36.851383323816435], [34.973674685960816, 36.85300029132785], [34.974213675131296, 36.85300029132785], [34.974213675131296, 36.8540782696688], [34.972596707619886, 36.8540782696688], [34.972596707619886, 36.85461725883927], [34.972057718449406, 36.85461725883927], [34.972057718449406, 36.8540782696688], [34.97151872927893, 36.8540782696688], [34.97151872927893, 36.853539280498325], [34.968823783426586, 36.853539280498325], [34.968823783426586, 36.85300029132785], [34.96936277259704, 36.85300029132785], [34.96936277259704, 36.85246130215738], [34.96990176176752, 36.85246130215738], [34.96990176176752, 36.85192231298691], [34.970440750937996, 36.85192231298691], [34.970440750937996, 36.85300029132785], [34.97151872927893, 36.85300029132785], [34.97151872927893, 36.85246130215738], [34.972596707619886, 36.85246130215738], [34.972596707619886, 36.851383323816435]]]}, "id": "+398845+87475", "properties": {"area_ha": 7.760349186575729, "count": 27, "label": 1, "mean_dnbr": 0.2371530651461206}}, {"type": "Feature", "geometry": {"geodesic": false, "type": "Polygon", "coordinates": [[[34.97313569679034, 36.791555525894076], [34.974752664301775, 36.791555525894076], [34.974752664301775, 36.79209451506455], [34.975291653472226, 36.79209451506455], [34.975291653472226, 36.79263350423502], [34.975830642642705, 36.79263350423502], [34.975830642642705, 36.79317249340549], [34.972596707619886, 36.79317249340549], [34.972596707619886, 36.79209451506455], [34.97313569679034, 36.79209451506455], [34.97313569679034, 36.791555525894076]]]}, "id": "+398847+87586", "properties": {"area_ha": 4.0270840177743015, "count": 14, "label": 1, "mean_dnbr": 0.37112059852423773}}, {"type": "Feature", "geometry": {"geodesic": false, "type": "Polygon", "coordinates": [[[34.97313569679034, 36.727415814607944], [34.974752664301775, 36.727415814607944], [34.974752664301775, 36.729571771289834], [34.974213675131296, 36.729571771289834], [34.974213675131296, 36.730110760460306], [34.972057718449406, 36.730110760460306], [34.972057718449406, 36.729571771289834], [34.97151872927893, 36.729571771289834], [34.97151872927893, 36.72795480377842], [34.97313569679034, 36.72795480377842], [34.97313569679034, 36.727415814607944]]]}, "id": "+398847+87705", "properties": {"area_ha": 7.197159240989327, "count": 25, "label": 1, "mean_dnbr": 0.28247792823745155}}, {"type": "Feature", "geometry": {"geodesic": false, "type": "Polygon", "coordinates": [[[34.975291653472226, 36.83197971367946], [34.976369631813185, 36.83197971367946], [34.976369631813185, 36.833057692020404], [34.976908620983664, 36.833057692020404], [34.976908620983664, 36.83359668119087], [34.976369631813185, 36.83359668119087], [34.976369631813185, 36.83413567036134], [34.974752664301775, 36.83413567036134], [34.974752664301775, 36.83251870284993], [34.975291653472226, 36.83251870284993], [34.975291653472226, 36.83197971367946]]]}, "id": "+398850+87511", "properties": {"area_ha": 3.449937777581553, "count": 12, "label": 1, "mean_dnbr": 0.27058025230861066}}, {"type": "Feature", "geometry": {"geodesic": false, "type": "Polygon", "coordinates": [[[34.974752664301775, 36.75921617566578], [34.976908620983664, 36.75921617566578], [34.976908620983664, 36.76029415400672], [34.977986599324595, 36.76029415400672], [34.977986599324595, 36.76083314317719], [34.979064577665525, 36.76083314317719], [34.979064577665525, 36.76137213234766], [34.980142556006484, 36.76137213234766], [34.980142556006484, 36.76352808902955], [34.979603566836005, 36.76352808902955], [34.979603566836005, 36.764606067370494], [34.979064577665525, 36.764606067370494], [34.979064577665525, 36.76406707820002], [34.977986599324595, 36.76406707820002], [34.977986599324595, 36.76352808902955], [34.976369631813185, 36.76352808902955], [34.976369631813185, 36.76298909985908], [34.975291653472226, 36.76298909985908], [34.975291653472226, 36.762450110688604], [34.974752664301775, 36.762450110688604], [34.974752664301775, 36.76083314317719], [34.974213675131296, 36.76083314317719], [34.974213675131296, 36.75975516483625], [34.974752664301775, 36.75975516483625], [34.974752664301775, 36.75921617566578]]]}, "id": "+398851+87646", "properties": {"area_ha": 18.416811857439924, "count": 64, "label": 1, "mean_dnbr": 0.4466381416158088}}, {"type": "Feature", "geometry": {"geodesic": false, "type": "Polygon", "coordinates": [[[34.975830642642705, 36.92414686183012], [34.978525588495074, 36.92414686183012], [34.978525588495074, 36.92522484017106], [34.979064577665525, 36.92522484017106], [34.979064577665525, 36.925763829341534], [34.978525588495074, 36.925763829341534], [34.978525588495074, 36.92684180768248], [34.976369631813185, 36.92684180768248], [34.976369631813185, 36.926302818512006], [34.975830642642705, 36.926302818512006], [34.975830642642705, 36.92414686183012]]]}, "id": "+398854+87340", "properties": {"area_ha": 7.178677950276575, "count": 25, "label": 1, "mean_dnbr": 0.2541134863190494}}, {"type": "Feature", "geometry": {"geodesic": false, "type": "Polygon", "coordinates": [[[34.978525588495074, 36.8007183417921], [34.979064577665525, 36.8007183417921], [34.979064577665525, 36.80125733096257], [34.981220534347415, 36.80125733096257], [34.981220534347415, 36.80179632013304], [34.982298512688374, 36.80179632013304], [34.982298512688374, 36.802335309303515], [34.98283750185885, 36.802335309303515], [34.98283750185885, 36.80287429847399], [34.983376491029304, 36.80287429847399], [34.983376491029304, 36.80341328764445], [34.983915480199784, 36.80341328764445], [34.983915480199784, 36.80556924432634], [34.98445446937026, 36.80556924432634], [34.98445446937026, 36.80664722266729], [34.98553244771119, 36.80664722266729], [34.98553244771119, 36.80718621183776], [34.984993458540714, 36.80718621183776], [34.984993458540714, 36.80772520100823], [34.98445446937026, 36.80772520100823], [34.98445446937026, 36.808264190178704], [34.98283750185885, 36.808264190178704], [34.98283750185885, 36.80772520100823], [34.982298512688374, 36.80772520100823], [34.982298512688374, 36.80664722266729], [34.980142556006484, 36.80664722266729], [34.980142556006484, 36.80556924432634], [34.979603566836005, 36.80556924432634], [34.979603566836005, 36.8044912659854], [34.979064577665525, 36.8044912659854], [34.979064577665525, 36.803952276814925], [34.978525588495074, 36.803952276814925], [34.978525588495074, 36.80287429847399], [34.977986599324595, 36.80287429847399], [34.977986599324595, 36.80125733096257], [34.978525588495074, 36.80125733096257], [34.978525588495074, 36.8007183417921]], [[34.98283750185885, 36.80287429847399], [34.98283750185885, 36.80341328764445], [34.982298512688374, 36.80341328764445], [34.982298512688374, 36.80287429847399], [34.98283750185885, 36.80287429847399]]]}, "id": "+398855+87569", "properties": {"area_ha": 27.897443005088093, "count": 97, "label": 1, "mean_dnbr": 0.44920379959525475}}, {"type": "Feature", "geometry": {"geodesic": false, "type": "Polygon", "coordinates": [[[34.977447610154115, 36.853539280498325], [34.980142556006484, 36.853539280498325], [34.980142556006484, 36.8540782696688], [34.980681545176964, 36.8540782696688], [34.980681545176964, 36.85461725883927], [34.976908620983664, 36.85461725883927], [34.976908620983664, 36.8540782696688], [34.977447610154115, 36.8540782696688], [34.977447610154115, 36.853539280498325]]]}, "id": "+398857+87471", "properties": {"area_ha": 3.449012970351363, "count": 12, "label": 1, "mean_dnbr": 0.18334802624150784}}, {"type": "Feature", "geometry": {"geodesic": false, "type": "Polygon", "coordinates": [[[34.981220534347415, 36.92522484017106], [34.98283750185885, 36.92522484017106], [34.98283750185885, 36.925763829341534], [34.983376491029304, 36.925763829341534], [34.983376491029304, 36.926302818512006], [34.98283750185885, 36.926302818512006], [34.98283750185885, 36.92738079685295], [34.980681545176964, 36.92738079685295], [34.980681545176964, 36.925763829341534], [34.981220534347415, 36.925763829341534], [34.981220534347415, 36.92522484017106]]]}, "id": "+398862+87338", "properties": {"area_ha": 4.594308582251527, "count": 16, "label": 1, "mean_dnbr": 0.4540768390206792}}, {"type": "Feature", "geometry": {"geodesic": false, "type": "Polygon", "coordinates": [[[34.980681545176964, 36.731727727971716], [34.98283750185885, 36.731727727971716], [34.98283750185885, 36.73226671714219], [34.983376491029304, 36.73226671714219], [34.983376491029304, 36.73280570631266], [34.982298512688374, 36.73280570631266], [34.982298512688374, 36.73334469548313], [34.981759523517894, 36.73334469548313], [34.981759523517894, 36.733883684653605], [34.98283750185885, 36.733883684653605], [34.98283750185885, 36.73442267382408], [34.983376491029304, 36.73442267382408], [34.983376491029304, 36.73496166299455], [34.982298512688374, 36.73496166299455], [34.982298512688374, 36.73550065216502], [34.98283750185885, 36.73550065216502], [34.98283750185885, 36.736039641335495], [34.982298512688374, 36.736039641335495], [34.982298512688374, 36.73550065216502], [34.981759523517894, 36.73550065216502], [34.981759523517894, 36.73496166299455], [34.981220534347415, 36.73496166299455], [34.981220534347415, 36.73550065216502], [34.980142556006484, 36.73550065216502], [34.980142556006484, 36.736039641335495], [34.978525588495074, 36.736039641335495], [34.978525588495074, 36.73550065216502], [34.977986599324595, 36.73550065216502], [34.977986599324595, 36.73496166299455], [34.977447610154115, 36.73496166299455], [34.977447610154115, 36.73442267382408], [34.976908620983664, 36.73442267382408], [34.976908620983664, 36.733883684653605], [34.978525588495074, 36.733883684653605], [34.978525588495074, 36.73334469548313], [34.979064577665525, 36.73334469548313], [34.979064577665525, 36.73280570631266], [34.980142556006484, 36.73280570631266], [34.980142556006484, 36.73226671714219], [34.980681545176964, 36.73226671714219], [34.980681545176964, 36.731727727971716]]]}, "id": "+398862+87697", "properties": {"area_ha": 15.832669362716318, "count": 55, "label": 1, "mean_dnbr": 0.5773724182426972}}, {"type": "Feature", "geometry": {"geodesic": false, "type": "Polygon", "coordinates": [[[34.98283750185885, 36.860007150543986], [34.983915480199784, 36.860007150543986], [34.983915480199784, 36.86054613971446], [34.983376491029304, 36.86054613971446], [34.983376491029304, 36.862163107225875], [34.983915480199784, 36.862163107225875], [34.983915480199784, 36.86324108556681], [34.982298512688374, 36.86324108556681], [34.982298512688374, 36.86270209639635], [34.981759523517894, 36.86270209639635], [34.981759523517894, 36.862163107225875], [34.980142556006484, 36.862163107225875], [34.980142556006484, 36.86108512888493], [34.981759523517894, 36.86108512888493], [34.981759523517894, 36.86054613971446], [34.98283750185885, 36.86054613971446], [34.98283750185885, 36.860007150543986]]]}, "id": "+398864+87459", "properties": {"area_ha": 6.897295453820512, "count": 24, "label": 1, "mean_dnbr": 0.17275561813539617}}, {"type": "Feature", "geometry": {"geodesic": false, "type": "Polygon", "coordinates": [[[34.983915480199784, 36.895041446624646], [34.98445446937026, 36.895041446624646], [34.98445446937026, 36.897197403306535], [34.984993458540714, 36.897197403306535], [34.984993458540714, 36.89773639247701], [34.98553244771119, 36.89773639247701], [34.98553244771119, 36.89827538164748], [34.98445446937026, 36.89827538164748], [34.98445446937026, 36.89881437081795], [34.983376491029304, 36.89881437081795], [34.983376491029304, 36.89611942496559], [34.98283750185885, 36.89611942496559], [34.98283750185885, 36.89558043579512], [34.983915480199784, 36.89558043579512], [34.983915480199784, 36.895041446624646]]]}, "id": "+398865+87394", "properties": {"area_ha": 4.883319576630331, "count": 17, "label": 1, "mean_dnbr": 0.36190472301429844}}, {"type": "Feature", "geometry": {"geodesic": false, "type": "Polygon", "coordinates": [[[34.98445446937026, 36.95648621205842], [34.98553244771119, 36.95648621205842], [34.98553244771119, 36.957025201228895], [34.98768840439308, 36.957025201228895], [34.98768840439308, 36.95810317956984], [34.9871494152226, 36.95810317956984], [34.9871494152226, 36.95864216874031], [34.98607143688167, 36.95864216874031], [34.98607143688167, 36.95810317956984], [34.984993458540714, 36.95810317956984], [34.984993458540714, 36.95756419039937], [34.98445446937026, 36.95756419039937], [34.98445446937026, 36.95648621205842]]]}, "id": "+398867+87280", "properties": {"area_ha": 4.305390934466841, "count": 15, "label": 1, "mean_dnbr": 0.2809953767404104}}, {"type": "Feature", "geometry": {"geodesic": false, "type": "Polygon", "coordinates": [[[34.983915480199784, 36.851383323816435], [34.98553244771119, 36.851383323816435], [34.98553244771119, 36.85246130215738], [34.98607143688167, 36.85246130215738], [34.98607143688167, 36.853539280498325], [34.9871494152226, 36.853539280498325], [34.9871494152226, 36.8540782696688], [34.98768840439308, 36.8540782696688], [34.98768840439308, 36.85515624800974], [34.98822739356356, 36.85515624800974], [34.98822739356356, 36.855695237180214], [34.98607143688167, 36.855695237180214], [34.98607143688167, 36.853539280498325], [34.984993458540714, 36.853539280498325], [34.984993458540714, 36.85300029132785], [34.98445446937026, 36.85300029132785], [34.98445446937026, 36.85192231298691], [34.983915480199784, 36.85192231298691], [34.983915480199784, 36.851383323816435]]]}, "id": "+398867+87475", "properties": {"area_ha": 6.32318765807786, "count": 22, "label": 1, "mean_dnbr": 0.19571307392084888}}, {"type": "Feature", "geometry": {"geodesic": false, "type": "Polygon", "coordinates": [[[34.984993458540714, 36.7473584139154], [34.98553244771119, 36.7473584139154], [34.98553244771119, 36.74789740308587], [34.98607143688167, 36.74789740308587], [34.98607143688167, 36.74897538142681], [34.98553244771119, 36.74897538142681], [34.98553244771119, 36.74951437059728], [34.98607143688167, 36.74951437059728], [34.98607143688167, 36.75167032727917], [34.98553244771119, 36.75167032727917], [34.98553244771119, 36.752209316449644], [34.984993458540714, 36.752209316449644], [34.984993458540714, 36.75167032727917], [34.983915480199784, 36.75167032727917], [34.983915480199784, 36.7511313381087], [34.98445446937026, 36.7511313381087], [34.98445446937026, 36.75059234893823], [34.98553244771119, 36.75059234893823], [34.98553244771119, 36.750053359767755], [34.984993458540714, 36.750053359767755], [34.984993458540714, 36.74951437059728], [34.98445446937026, 36.74951437059728], [34.98445446937026, 36.74897538142681], [34.983376491029304, 36.74897538142681], [34.983376491029304, 36.748436392256345], [34.984993458540714, 36.748436392256345], [34.984993458540714, 36.7473584139154]]]}, "id": "+398867+87668", "properties": {"area_ha": 6.0439567073354326, "count": 21, "label": 1, "mean_dnbr": 0.3069139169561226}}, {"type": "Feature", "geometry": {"geodesic": false, "type": "Polygon", "coordinates": [[[34.98553244771119, 36.92414686183012], [34.98607143688167, 36.92414686183012], [34.98607143688167, 36.92522484017106], [34.98661042605215, 36.92522484017106], [34.98661042605215, 36.925763829341534], [34.98607143688167, 36.925763829341534], [34.98607143688167, 36.926302818512006], [34.9871494152226, 36.926302818512006], [34.9871494152226, 36.92684180768248], [34.98607143688167, 36.92684180768248], [34.98607143688167, 36.926302818512006], [34.98553244771119, 36.926302818512006], [34.98553244771119, 36.92684180768248], [34.984993458540714, 36.92684180768248], [34.984993458540714, 36.926302818512006], [34.983915480199784, 36.926302818512006], [34.983915480199784, 36.92522484017106], [34.983376491029304, 36.92522484017106], [34.983376491029304, 36.92414686183012], [34.984993458540714, 36.92414686183012], [34.984993458540714, 36.92468585100059], [34.98553244771119, 36.92468585100059], [34.98553244771119, 36.92414686183012]]]}, "id": "+398868+87340", "properties": {"area_ha": 6.030095660688341, "count": 21, "label": 1, "mean_dnbr": 0.18287522140817666}}, {"type": "Feature", "geometry": {"geodesic": false, "type": "Polygon", "coordinates": [[[34.981759523517894, 36.81742700607672], [34.98607143688167, 36.81742700607672], [34.98607143688167, 36.81904397358814], [34.98553244771119, 36.81904397358814], [34.98553244771119, 36.81958296275861], [34.984993458540714, 36.81958296275861], [34.984993458540714, 36.82012195192908], [34.98445446937026, 36.82012195192908], [34.98445446937026, 36.820660941099554], [34.981759523517894, 36.820660941099554], [34.981759523517894, 36.81742700607672]]]}, "id": "+398868+87538", "properties": {"area_ha": 12.076981997331128, "count": 42, "label": 1, "mean_dnbr": 0.23525100137381819}}, {"type": "Feature", "geometry": {"geodesic": false, "type": "Polygon", "coordinates": [[[34.98607143688167, 36.988286573116255], [34.98661042605215, 36.988286573116255], [34.98661042605215, 36.98882556228673], [34.9871494152226, 36.98882556228673], [34.9871494152226, 36.9893645514572], [34.98768840439308, 36.9893645514572], [34.98768840439308, 36.989903540627665], [34.9871494152226, 36.989903540627665], [34.9871494152226, 36.99044252979814], [34.98553244771119, 36.99044252979814], [34.98553244771119, 36.989903540627665], [34.984993458540714, 36.989903540627665], [34.984993458540714, 36.9893645514572], [34.98553244771119, 36.9893645514572], [34.98553244771119, 36.98882556228673], [34.98607143688167, 36.98882556228673], [34.98607143688167, 36.988286573116255]]]}, "id": "+398869+87221", "properties": {"area_ha": 3.442872209811719, "count": 12, "label": 1, "mean_dnbr": 0.27640069839122344}}, {"type": "Feature", "geometry": {"geodesic": false, "type": "Polygon", "coordinates": [[[34.98553244771119, 36.938699569432856], [34.98661042605215, 36.938699569432856], [34.98661042605215, 36.93923855860333], [34.98930537190449, 36.93923855860333], [34.98930537190449, 36.94139451528522], [34.9871494152226, 36.94139451528522], [34.9871494152226, 36.94193350445568], [34.98661042605215, 36.94193350445568], [34.98661042605215, 36.9435504719671], [34.98553244771119, 36.9435504719671], [34.98553244771119, 36.94408946113757], [34.984993458540714, 36.94408946113757], [34.984993458540714, 36.944628450308045], [34.983915480199784, 36.944628450308045], [34.983915480199784, 36.94408946113757], [34.98283750185885, 36.94408946113757], [34.98283750185885, 36.94516743947852], [34.981759523517894, 36.94516743947852], [34.981759523517894, 36.944628450308045], [34.981220534347415, 36.944628450308045], [34.981220534347415, 36.94408946113757], [34.980142556006484, 36.94408946113757], [34.980142556006484, 36.9435504719671], [34.979603566836005, 36.9435504719671], [34.979603566836005, 36.94301148279663], [34.981220534347415, 36.94301148279663], [34.981220534347415, 36.9435504719671], [34.982298512688374, 36.9435504719671], [34.982298512688374, 36.94301148279663], [34.983915480199784, 36.94301148279663], [34.983915480199784, 36.94193350445568], [34.98283750185885, 36.94193350445568], [34.98283750185885, 36.94139451528522], [34.983376491029304, 36.94139451528522], [34.983376491029304, 36.940855526114746], [34.983915480199784, 36.940855526114746], [34.983915480199784, 36.9397775477738], [34.98445446937026, 36.9397775477738], [34.98445446937026, 36.93923855860333], [34.98553244771119, 36.93923855860333], [34.98553244771119, 36.938699569432856]]]}, "id": "+398869+87313", "properties": {"area_ha": 25.26354823812173, "count": 88, "label": 1, "mean_dnbr": 0.5015173997230483}}, {"type": "Feature", "geometry": {"geodesic": false, "type": "Polygon", "coordinates": [[[34.983915480199784, 36.913367078420684], [34.98661042605215, 36.913367078420684], [34.98661042605215, 36.91390606759116], [34.98607143688167, 36.91390606759116], [34.98607143688167, 36.9149840459321], [34.984993458540714, 36.9149840459321], [34.984993458540714, 36.91444505676163], [34.983376491029304, 36.91444505676163], [34.983376491029304, 36.91390606759116], [34.983915480199784, 36.91390606759116], [34.983915480199784, 36.913367078420684]]]}, "id": "+398869+87360", "properties": {"area_ha": 3.446274437898893, "count": 12, "label": 1, "mean_dnbr": 0.28870633917538885}}, {"type": "Feature", "geometry": {"geodesic": false, "type": "Polygon", "coordinates": [[[34.98607143688167, 36.882644695703796], [34.98661042605215, 36.882644695703796], [34.98661042605215, 36.88318368487427], [34.9871494152226, 36.88318368487427], [34.9871494152226, 36.88587863072663], [34.98607143688167, 36.88587863072663], [34.98607143688167, 36.882644695703796]]]}, "id": "+398869+87417", "properties": {"area_ha": 3.1603223906099434, "count": 11, "label": 1, "mean_dnbr": 0.3430785713609354}}, {"type": "Feature", "geometry": {"geodesic": false, "type": "Polygon", "coordinates": [[[34.98768840439308, 36.787243612530304], [34.98822739356356, 36.787243612530304], [34.98822739356356, 36.787782601700776], [34.98930537190449, 36.787782601700776], [34.98930537190449, 36.78886058004172], [34.98822739356356, 36.78886058004172], [34.98822739356356, 36.789938558382666], [34.98768840439308, 36.789938558382666], [34.98768840439308, 36.78939956921219], [34.98661042605215, 36.78939956921219], [34.98661042605215, 36.78832159087125], [34.9871494152226, 36.78832159087125], [34.9871494152226, 36.787782601700776], [34.98768840439308, 36.787782601700776], [34.98768840439308, 36.787243612530304]]]}, "id": "+398872+87594", "properties": {"area_ha": 4.027270963120314, "count": 14, "label": 1, "mean_dnbr": 0.2727537716984455}}, {"type": "Feature", "geometry": {"geodesic": false, "type": "Polygon", "coordinates": [[[34.9871494152226, 36.72579884709653], [34.98876638273404, 36.72579884709653], [34.98876638273404, 36.72687682543747], [34.98822739356356, 36.72687682543747], [34.98822739356356, 36.727415814607944], [34.98768840439308, 36.727415814607944], [34.98768840439308, 36.72795480377842], [34.9871494152226, 36.72795480377842], [34.9871494152226, 36.727415814607944], [34.98661042605215, 36.727415814607944], [34.98661042605215, 36.726337836267], [34.9871494152226, 36.726337836267], [34.9871494152226, 36.72579884709653]]]}, "id": "+398873+87708", "properties": {"area_ha": 3.1668335460316106, "count": 11, "label": 1, "mean_dnbr": 0.5054234487543412}}, {"type": "Feature", "geometry": {"geodesic": false, "type": "Polygon", "coordinates": [[[34.98822739356356, 36.869708955612474], [34.98930537190449, 36.869708955612474], [34.98930537190449, 36.87078693395342], [34.98984436107497, 36.87078693395342], [34.98984436107497, 36.87186491229436], [34.99038335024545, 36.87186491229436], [34.99038335024545, 36.872403901464835], [34.98876638273404, 36.872403901464835], [34.98876638273404, 36.87132592312389], [34.98822739356356, 36.87132592312389], [34.98822739356356, 36.87078693395342], [34.98876638273404, 36.87078693395342], [34.98876638273404, 36.870247944782946], [34.98822739356356, 36.870247944782946], [34.98822739356356, 36.869708955612474]]]}, "id": "+398874+87441", "properties": {"area_ha": 3.160869159328321, "count": 11, "label": 1, "mean_dnbr": 0.1727398400047411}}, {"type": "Feature", "geometry": {"geodesic": false, "type": "Polygon", "coordinates": [[[34.98930537190449, 36.94570642864899], [34.98984436107497, 36.94570642864899], [34.98984436107497, 36.94624541781946], [34.99146132858638, 36.94624541781946], [34.99146132858638, 36.94732339616041], [34.9909223394159, 36.94732339616041], [34.9909223394159, 36.94786238533087], [34.98876638273404, 36.94786238533087], [34.98876638273404, 36.94732339616041], [34.98768840439308, 36.94732339616041], [34.98768840439308, 36.946784406989934], [34.98661042605215, 36.946784406989934], [34.98661042605215, 36.94570642864899], [34.98876638273404, 36.94570642864899], [34.98876638273404, 36.94624541781946], [34.98930537190449, 36.94624541781946], [34.98930537190449, 36.94570642864899]]]}, "id": "+398875+87300", "properties": {"area_ha": 7.176679014093098, "count": 25, "label": 1, "mean_dnbr": 0.40555024661719186}}, {"type": "Feature", "geometry": {"geodesic": false, "type": "Polygon", "coordinates": [[[34.98930537190449, 36.96025913625172], [34.99038335024545, 36.96025913625172], [34.99038335024545, 36.96187610376314], [34.98984436107497, 36.96187610376314], [34.98984436107497, 36.96295408210408], [34.98822739356356, 36.96295408210408], [34.98822739356356, 36.96187610376314], [34.98876638273404, 36.96187610376314], [34.98876638273404, 36.961337114592666], [34.98930537190449, 36.961337114592666], [34.98930537190449, 36.96025913625172]]]}, "id": "+398876+87273", "properties": {"area_ha": 3.731140755120075, "count": 13, "label": 1, "mean_dnbr": 0.3096304427160264}}, {"type": "Feature", "geometry": {"geodesic": false, "type": "Polygon", "coordinates": [[[34.98930537190449, 36.85515624800974], [34.99038335024545, 36.85515624800974], [34.99038335024545, 36.856234226350686], [34.9909223394159, 36.856234226350686], [34.9909223394159, 36.857851193862096], [34.99146132858638, 36.857851193862096], [34.99146132858638, 36.85892917220304], [34.99200031775686, 36.85892917220304], [34.99200031775686, 36.860007150543986], [34.99146132858638, 36.860007150543986], [34.99146132858638, 36.85946816137351], [34.98930537190449, 36.85946816137351], [34.98930537190449, 36.856234226350686], [34.98876638273404, 36.856234226350686], [34.98876638273404, 36.855695237180214], [34.98930537190449, 36.855695237180214], [34.98930537190449, 36.85515624800974]]]}, "id": "+398876+87468", "properties": {"area_ha": 8.047274131295502, "count": 28, "label": 1, "mean_dnbr": 0.17720076307777308}}, {"type": "Feature", "geometry": {"geodesic": false, "type": "Polygon", "coordinates": [[[34.9909223394159, 36.833057692020404], [34.99146132858638, 36.833057692020404], [34.99146132858638, 36.83359668119087], [34.99253930692734, 36.83359668119087], [34.99253930692734, 36.83413567036134], [34.99307829609779, 36.83413567036134], [34.99307829609779, 36.834674659531814], [34.99361728526827, 36.834674659531814], [34.99361728526827, 36.835213648702286], [34.99415627443875, 36.835213648702286], [34.99415627443875, 36.83575263787276], [34.99146132858638, 36.83575263787276], [34.99146132858638, 36.83413567036134], [34.9909223394159, 36.83413567036134], [34.9909223394159, 36.833057692020404]]]}, "id": "+398878+87509", "properties": {"area_ha": 4.5998329115739125, "count": 16, "label": 1, "mean_dnbr": 0.341369048051721}}, {"type": "Feature", "geometry": {"geodesic": false, "type": "Polygon", "coordinates": [[[34.99253930692734, 36.82982375699757], [34.99307829609779, 36.82982375699757], [34.99307829609779, 36.83036274616804], [34.99361728526827, 36.83036274616804], [34.99361728526827, 36.830901735338514], [34.99415627443875, 36.830901735338514], [34.99415627443875, 36.83144072450899], [34.99307829609779, 36.83144072450899], [34.99307829609779, 36.83197971367946], [34.99253930692734, 36.83197971367946], [34.99253930692734, 36.83251870284993], [34.9909223394159, 36.83251870284993], [34.9909223394159, 36.83197971367946], [34.99038335024545, 36.83197971367946], [34.99038335024545, 36.830901735338514], [34.9909223394159, 36.830901735338514], [34.9909223394159, 36.83036274616804], [34.99253930692734, 36.83036274616804], [34.99253930692734, 36.82982375699757]]]}, "id": "+398881+87515", "properties": {"area_ha": 6.037536223649093, "count": 21, "label": 1, "mean_dnbr": 0.2934358096469278}}, {"type": "Feature", "geometry": {"geodesic": false, "type": "Polygon", "coordinates": [[[34.9909223394159, 36.779158774973226], [34.99307829609779, 36.779158774973226], [34.99307829609779, 36.78023675331417], [34.99361728526827, 36.78023675331417], [34.99361728526827, 36.78077574248464], [34.99307829609779, 36.78077574248464], [34.99307829609779, 36.781314731655115], [34.99253930692734, 36.781314731655115], [34.99253930692734, 36.78185372082559], [34.9909223394159, 36.78185372082559], [34.9909223394159, 36.781314731655115], [34.99038335024545, 36.781314731655115], [34.99038335024545, 36.78023675331417], [34.9909223394159, 36.78023675331417], [34.9909223394159, 36.779158774973226]]]}, "id": "+398881+87609", "properties": {"area_ha": 6.329230298881954, "count": 22, "label": 1, "mean_dnbr": 0.45176324019069763}}, {"type": "Feature", "geometry": {"geodesic": false, "type": "Polygon", "coordinates": [[[34.99307829609779, 36.93330967772814], [34.99361728526827, 36.93330967772814], [34.99361728526827, 36.93384866689861], [34.99415627443875, 36.93384866689861], [34.99415627443875, 36.934387656069084], [34.99685122029109, 36.934387656069084], [34.99685122029109, 36.93546563441003], [34.99469526360923, 36.93546563441003], [34.99469526360923, 36.93492664523956], [34.99415627443875, 36.93492664523956], [34.99415627443875, 36.93546563441003], [34.99361728526827, 36.93546563441003], [34.99361728526827, 36.93492664523956], [34.99307829609779, 36.93492664523956], [34.99307829609779, 36.934387656069084], [34.99253930692734, 36.934387656069084], [34.99253930692734, 36.93384866689861], [34.99307829609779, 36.93384866689861], [34.99307829609779, 36.93330967772814]], [[34.99415627443875, 36.934387656069084], [34.99415627443875, 36.93492664523956], [34.99361728526827, 36.93492664523956], [34.99361728526827, 36.934387656069084], [34.99415627443875, 36.934387656069084]]]}, "id": "+398882+87323", "properties": {"area_ha": 4.3066840288924, "count": 15, "label": 1, "mean_dnbr": 0.3078698760577837}}, {"type": "Feature", "geometry": {"geodesic": false, "type": "Polygon", "coordinates": [[[34.99200031775686, 36.822277908610964], [34.99361728526827, 36.822277908610964], [34.99361728526827, 36.824972854463326], [34.99307829609779, 36.824972854463326], [34.99307829609779, 36.8255118436338], [34.99253930692734, 36.8255118436338], [34.99253930692734, 36.824972854463326], [34.99200031775686, 36.824972854463326], [34.99200031775686, 36.82389487612238], [34.99146132858638, 36.82389487612238], [34.99146132858638, 36.82605083280427], [34.99200031775686, 36.82605083280427], [34.99200031775686, 36.82658982197474], [34.99146132858638, 36.82658982197474], [34.99146132858638, 36.82712881114521], [34.98984436107497, 36.82712881114521], [34.98984436107497, 36.82443386529285], [34.99038335024545, 36.82443386529285], [34.99038335024545, 36.82389487612238], [34.98930537190449, 36.82389487612238], [34.98930537190449, 36.822816897781436], [34.9909223394159, 36.822816897781436], [34.9909223394159, 36.82389487612238], [34.99146132858638, 36.82389487612238], [34.99146132858638, 36.822816897781436], [34.99200031775686, 36.822816897781436], [34.99200031775686, 36.822277908610964]]]}, "id": "+398882+87529", "properties": {"area_ha": 12.076142672030098, "count": 42, "label": 1, "mean_dnbr": 0.28687120532796484}}, {"type": "Feature", "geometry": {"geodesic": false, "type": "Polygon", "coordinates": [[[34.99415627443875, 36.71555805285757], [34.99469526360923, 36.71555805285757], [34.99469526360923, 36.71609704202804], [34.99523425277968, 36.71609704202804], [34.99523425277968, 36.71663603119851], [34.99577324195016, 36.71663603119851], [34.99577324195016, 36.717714009539456], [34.99523425277968, 36.717714009539456], [34.99523425277968, 36.718791987880394], [34.99577324195016, 36.718791987880394], [34.99577324195016, 36.72094794456228], [34.99631223112064, 36.72094794456228], [34.99631223112064, 36.72202592290323], [34.99577324195016, 36.72202592290323], [34.99577324195016, 36.721486933732756], [34.99523425277968, 36.721486933732756], [34.99523425277968, 36.72094794456228], [34.99469526360923, 36.72094794456228], [34.99469526360923, 36.71986996622134], [34.99415627443875, 36.71986996622134], [34.99415627443875, 36.719330977050866], [34.99361728526827, 36.719330977050866], [34.99361728526827, 36.718791987880394], [34.99415627443875, 36.718791987880394], [34.99415627443875, 36.71825299870993], [34.99469526360923, 36.71825299870993], [34.99469526360923, 36.71663603119851], [34.99415627443875, 36.71663603119851], [34.99415627443875, 36.71555805285757]]]}, "id": "+398884+87727", "properties": {"area_ha": 6.91016452374869, "count": 24, "label": 1, "mean_dnbr": 0.41051051884193157}}, {"type": "Feature", "geometry": {"geodesic": false, "type": "Polygon", "coordinates": [[[34.99631223112064, 36.975889822195406], [34.99685122029109, 36.975889822195406], [34.99685122029109, 36.97696780053635], [34.99900717697298, 36.97696780053635], [34.99900717697298, 36.97804577887729], [34.99792919863205, 36.97804577887729], [34.99792919863205, 36.97858476804776], [34.99739020946157, 36.97858476804776], [34.99739020946157, 36.97804577887729], [34.99523425277968, 36.97804577887729], [34.99523425277968, 36.97696780053635], [34.99577324195016, 36.97696780053635], [34.99577324195016, 36.97642881136588], [34.99631223112064, 36.97642881136588], [34.99631223112064, 36.975889822195406]]]}, "id": "+398888+87244", "properties": {"area_ha": 5.165130370625943, "count": 18, "label": 1, "mean_dnbr": 0.3116027858724945}}, {"type": "Feature", "geometry": {"geodesic": false, "type": "Polygon", "coordinates": [[[34.99577324195016, 36.85515624800974], [34.99685122029109, 36.85515624800974], [34.99685122029109, 36.856234226350686], [34.99739020946157, 36.856234226350686], [34.99739020946157, 36.857851193862096], [34.99685122029109, 36.857851193862096], [34.99685122029109, 36.85839018303257], [34.99200031775686, 36.85839018303257], [34.99200031775686, 36.857851193862096], [34.99253930692734, 36.857851193862096], [34.99253930692734, 36.857312204691624], [34.99577324195016, 36.857312204691624], [34.99577324195016, 36.85515624800974]]]}, "id": "+398888+87468", "properties": {"area_ha": 8.047361167466276, "count": 28, "label": 1, "mean_dnbr": 0.2247160711221345}}, {"type": "Feature", "geometry": {"geodesic": false, "type": "Polygon", "coordinates": [[[34.99685122029109, 36.82119993027002], [34.99739020946157, 36.82119993027002], [34.99739020946157, 36.822277908610964], [34.99631223112064, 36.822277908610964], [34.99631223112064, 36.822816897781436], [34.99577324195016, 36.822816897781436], [34.99577324195016, 36.82335588695191], [34.99469526360923, 36.82335588695191], [34.99469526360923, 36.82443386529285], [34.99415627443875, 36.82443386529285], [34.99415627443875, 36.82173891944049], [34.99685122029109, 36.82173891944049], [34.99685122029109, 36.82119993027002]]]}, "id": "+398889+87531", "properties": {"area_ha": 4.600540092985364, "count": 16, "label": 1, "mean_dnbr": 0.5745291015457098}}, {"type": "Feature", "geometry": {"geodesic": false, "type": "Polygon", "coordinates": [[[34.99631223112064, 36.754904262302], [34.99792919863205, 36.754904262302], [34.99792919863205, 36.75544325147247], [34.99846818780253, 36.75544325147247], [34.99846818780253, 36.75598224064294], [34.99900717697298, 36.75598224064294], [34.99900717697298, 36.75706021898389], [34.99954616614346, 36.75706021898389], [34.99954616614346, 36.75813819732483], [34.99846818780253, 36.75813819732483], [34.99846818780253, 36.758677186495305], [34.99792919863205, 36.758677186495305], [34.99792919863205, 36.75706021898389], [34.99739020946157, 36.75706021898389], [34.99739020946157, 36.756521229813416], [34.99685122029109, 36.756521229813416], [34.99685122029109, 36.75598224064294], [34.99631223112064, 36.75598224064294], [34.99631223112064, 36.754904262302]]]}, "id": "+398890+87654", "properties": {"area_ha": 6.043424950877903, "count": 21, "label": 1, "mean_dnbr": 0.5122865359348657}}, {"type": "Feature", "geometry": {"geodesic": false, "type": "Polygon", "coordinates": [[[34.99631223112064, 36.81688801690625], [34.99846818780253, 36.81688801690625], [34.99846818780253, 36.81742700607672], [34.99900717697298, 36.81742700607672], [34.99900717697298, 36.81796599524719], [34.99685122029109, 36.81796599524719], [34.99685122029109, 36.81904397358814], [34.99631223112064, 36.81904397358814], [34.99631223112064, 36.81958296275861], [34.99685122029109, 36.81958296275861], [34.99685122029109, 36.82012195192908], [34.99577324195016, 36.82012195192908], [34.99577324195016, 36.820660941099554], [34.99523425277968, 36.820660941099554], [34.99523425277968, 36.82012195192908], [34.99469526360923, 36.82012195192908], [34.99469526360923, 36.81796599524719], [34.99577324195016, 36.81796599524719], [34.99577324195016, 36.81742700607672], [34.99631223112064, 36.81742700607672], [34.99631223112064, 36.81688801690625]]]}, "id": "+398891+87539", "properties": {"area_ha": 7.476293543397667, "count": 26, "label": 1, "mean_dnbr": 0.2466066940206869}}, {"type": "Feature", "geometry": {"geodesic": false, "type": "Polygon", "coordinates": [[[34.99685122029109, 36.75167032727917], [34.99846818780253, 36.75167032727917], [34.99846818780253, 36.752209316449644], [34.99900717697298, 36.752209316449644], [34.99900717697298, 36.752748305620116], [34.99954616614346, 36.752748305620116], [34.99954616614346, 36.752209316449644], [35.00008515531394, 36.752209316449644], [35.00008515531394, 36.752748305620116], [34.99954616614346, 36.752748305620116], [34.99954616614346, 36.75328729479059], [34.99792919863205, 36.75328729479059], [34.99792919863205, 36.752748305620116], [34.99685122029109, 36.752748305620116], [34.99685122029109, 36.75167032727917]]]}, "id": "+398891+87660", "properties": {"area_ha": 3.1657736147301536, "count": 11, "label": 1, "mean_dnbr": 0.17545443321231988}}, {"type": "Feature", "geometry": {"geodesic": false, "type": "Polygon", "coordinates": [[[34.99792919863205, 36.93762159109191], [35.00008515531394, 36.93762159109191], [35.00008515531394, 36.940855526114746], [34.99954616614346, 36.940855526114746], [34.99954616614346, 36.94193350445568], [34.99900717697298, 36.94193350445568], [34.99900717697298, 36.94301148279663], [34.99846818780253, 36.94301148279663], [34.99846818780253, 36.942472493626155], [34.99792919863205, 36.942472493626155], [34.99792919863205, 36.94301148279663], [34.99685122029109, 36.94301148279663], [34.99685122029109, 36.94193350445568], [34.99739020946157, 36.94193350445568], [34.99739020946157, 36.94139451528522], [34.99792919863205, 36.94139451528522], [34.99792919863205, 36.940855526114746], [34.99954616614346, 36.940855526114746], [34.99954616614346, 36.94031653694427], [34.99900717697298, 36.94031653694427], [34.99900717697298, 36.93923855860333], [34.99846818780253, 36.93923855860333], [34.99846818780253, 36.938699569432856], [34.99792919863205, 36.938699569432856], [34.99792919863205, 36.93762159109191]]]}, "id": "+398894+87315", "properties": {"area_ha": 8.612734990374383, "count": 30, "label": 1, "mean_dnbr": 0.4338361823403134}}, {"type": "Feature", "geometry": {"geodesic": false, "type": "Polygon", "coordinates": [[[34.99846818780253, 36.75382628396106], [35.00008515531394, 36.75382628396106], [35.00008515531394, 36.754904262302], [35.00062414448442, 36.754904262302], [35.00062414448442, 36.75598224064294], [34.99954616614346, 36.75598224064294], [34.99954616614346, 36.75544325147247], [34.99900717697298, 36.75544325147247], [34.99900717697298, 36.754904262302], [34.99846818780253, 36.754904262302], [34.99846818780253, 36.75382628396106]]]}, "id": "+398894+87656", "properties": {"area_ha": 3.1656739669045093, "count": 11, "label": 1, "mean_dnbr": 0.44970114697116215}}, {"type": "Feature", "geometry": {"geodesic": false, "type": "Polygon", "coordinates": [[[35.00116313365487, 36.737656608846905], [35.00170212282535, 36.737656608846905], [35.00170212282535, 36.73819559801738], [35.00224111199583, 36.73819559801738], [35.00224111199583, 36.73873458718785], [35.00278010116628, 36.73873458718785], [35.00278010116628, 36.73927357635832], [35.00331909033676, 36.73927357635832], [35.00331909033676, 36.739812565528794], [35.00224111199583, 36.739812565528794], [35.00224111199583, 36.74035155469927], [35.00116313365487, 36.74035155469927], [35.00116313365487, 36.739812565528794], [35.00062414448442, 36.739812565528794], [35.00062414448442, 36.73927357635832], [35.00008515531394, 36.73927357635832], [35.00008515531394, 36.73819559801738], [35.00116313365487, 36.73819559801738], [35.00116313365487, 36.737656608846905]]]}, "id": "+398897+87686", "properties": {"area_ha": 4.8934119588509, "count": 17, "label": 1, "mean_dnbr": 0.2592541720763176}}, {"type": "Feature", "geometry": {"geodesic": false, "type": "Polygon", "coordinates": [[[35.00008515531394, 36.83197971367946], [35.00224111199583, 36.83197971367946], [35.00224111199583, 36.83251870284993], [35.00278010116628, 36.83251870284993], [35.00278010116628, 36.833057692020404], [35.00224111199583, 36.833057692020404], [35.00224111199583, 36.83359668119087], [35.00170212282535, 36.83359668119087], [35.00170212282535, 36.834674659531814], [35.00116313365487, 36.834674659531814], [35.00116313365487, 36.835213648702286], [34.99954616614346, 36.835213648702286], [34.99954616614346, 36.834674659531814], [34.99900717697298, 36.834674659531814], [34.99900717697298, 36.833057692020404], [35.00008515531394, 36.833057692020404], [35.00008515531394, 36.83197971367946]]]}, "id": "+398898+87511", "properties": {"area_ha": 8.049804541415218, "count": 28, "label": 1, "mean_dnbr": 0.22889233762394862}}, {"type": "Feature", "geometry": {"geodesic": false, "type": "Polygon", "coordinates": [[[35.00170212282535, 36.857851193862096], [35.00278010116628, 36.857851193862096], [35.00278010116628, 36.85892917220304], [35.00331909033676, 36.85892917220304], [35.00331909033676, 36.85946816137351], [35.00385807950724, 36.85946816137351], [35.00385807950724, 36.860007150543986], [35.00331909033676, 36.860007150543986], [35.00331909033676, 36.86108512888493], [35.00278010116628, 36.86108512888493], [35.00278010116628, 36.8616241180554], [35.00224111199583, 36.8616241180554], [35.00224111199583, 36.862163107225875], [35.00062414448442, 36.862163107225875], [35.00062414448442, 36.86270209639635], [34.99900717697298, 36.86270209639635], [34.99900717697298, 36.8616241180554], [35.00062414448442, 36.8616241180554], [35.00062414448442, 36.86054613971446], [35.00008515531394, 36.86054613971446], [35.00008515531394, 36.85892917220304], [35.00116313365487, 36.85892917220304], [35.00116313365487, 36.85839018303257], [35.00170212282535, 36.85839018303257], [35.00170212282535, 36.857851193862096]]]}, "id": "+398899+87463", "properties": {"area_ha": 12.070478902692564, "count": 42, "label": 1, "mean_dnbr": 0.16994245347975387}}, {"type": "Feature", "geometry": {"geodesic": false, "type": "Polygon", "coordinates": [[[35.00116313365487, 36.7796977641437], [35.00278010116628, 36.7796977641437], [35.00278010116628, 36.78023675331417], [35.00385807950724, 36.78023675331417], [35.00385807950724, 36.78077574248464], [35.00439706867772, 36.78077574248464], [35.00439706867772, 36.781314731655115], [35.00385807950724, 36.781314731655115], [35.00385807950724, 36.78185372082559], [35.00331909033676, 36.78185372082559], [35.00331909033676, 36.78293169916653], [35.00170212282535, 36.78293169916653], [35.00170212282535, 36.78239270999606], [35.00116313365487, 36.78239270999606], [35.00116313365487, 36.78185372082559], [35.00062414448442, 36.78185372082559], [35.00062414448442, 36.78077574248464], [35.00116313365487, 36.78077574248464], [35.00116313365487, 36.7796977641437]]]}, "id": "+398899+87608", "properties": {"area_ha": 8.05530482019901, "count": 28, "label": 1, "mean_dnbr": 0.47775722869703524}}, {"type": "Feature", "geometry": {"geodesic": false, "type": "Polygon", "coordinates": [[[35.00170212282535, 36.88533964155616], [35.00439706867772, 36.88533964155616], [35.00439706867772, 36.88587863072663], [35.00493605784817, 36.88587863072663], [35.00493605784817, 36.8864176198971], [35.00439706867772, 36.8864176198971], [35.00439706867772, 36.886956609067575], [35.00170212282535, 36.886956609067575], [35.00170212282535, 36.88749559823804], [34.99954616614346, 36.88749559823804], [34.99954616614346, 36.886956609067575], [34.99900717697298, 36.886956609067575], [34.99900717697298, 36.8864176198971], [34.99954616614346, 36.8864176198971], [34.99954616614346, 36.886956609067575], [35.00008515531394, 36.886956609067575], [35.00008515531394, 36.8864176198971], [35.00062414448442, 36.8864176198971], [35.00062414448442, 36.88587863072663], [35.00170212282535, 36.88587863072663], [35.00170212282535, 36.88533964155616]]]}, "id": "+398902+87412", "properties": {"area_ha": 7.4696603492820115, "count": 26, "label": 1, "mean_dnbr": 0.21468664351936825}}, {"type": "Feature", "geometry": {"geodesic": false, "type": "Polygon", "coordinates": [[[35.00331909033676, 36.865936031419174], [35.00439706867772, 36.865936031419174], [35.00439706867772, 36.86755299893059], [35.00170212282535, 36.86755299893059], [35.00170212282535, 36.86701400976012], [35.00062414448442, 36.86701400976012], [35.00062414448442, 36.868091988101064], [35.00008515531394, 36.868091988101064], [35.00008515531394, 36.86701400976012], [34.99900717697298, 36.86701400976012], [34.99900717697298, 36.865936031419174], [35.00116313365487, 36.865936031419174], [35.00116313365487, 36.86647502058965], [35.00331909033676, 36.86647502058965], [35.00331909033676, 36.865936031419174]]]}, "id": "+398902+87448", "properties": {"area_ha": 6.609468336492895, "count": 23, "label": 1, "mean_dnbr": 0.2982035089588892}}, {"type": "Feature", "geometry": {"geodesic": false, "type": "Polygon", "coordinates": [[[35.00439706867772, 36.81527104939483], [35.00547504701865, 36.81527104939483], [35.00547504701865, 36.816349027735775], [35.00655302535961, 36.816349027735775], [35.00655302535961, 36.81742700607672], [35.00601403618913, 36.81742700607672], [35.00601403618913, 36.81796599524719], [35.00547504701865, 36.81796599524719], [35.00547504701865, 36.818504984417665], [35.00385807950724, 36.818504984417665], [35.00385807950724, 36.81796599524719], [35.00331909033676, 36.81796599524719], [35.00331909033676, 36.81742700607672], [35.00224111199583, 36.81742700607672], [35.00224111199583, 36.81688801690625], [35.00278010116628, 36.81688801690625], [35.00278010116628, 36.816349027735775], [35.00439706867772, 36.816349027735775], [35.00439706867772, 36.81527104939483]]]}, "id": "+398904+87542", "properties": {"area_ha": 7.763989377026247, "count": 27, "label": 1, "mean_dnbr": 0.5726633070100219}}, {"type": "Feature", "geometry": {"geodesic": false, "type": "Polygon", "coordinates": [[[35.00709201453006, 36.72472086875558], [35.00763100370054, 36.72472086875558], [35.00763100370054, 36.725259857926055], [35.00816999287102, 36.725259857926055], [35.00816999287102, 36.72579884709653], [35.00978696038243, 36.72579884709653], [35.00978696038243, 36.726337836267], [35.00924797121195, 36.726337836267], [35.00924797121195, 36.72687682543747], [35.00870898204147, 36.72687682543747], [35.00870898204147, 36.726337836267], [35.00816999287102, 36.726337836267], [35.00816999287102, 36.72687682543747], [35.00763100370054, 36.72687682543747], [35.00763100370054, 36.727415814607944], [35.00655302535961, 36.727415814607944], [35.00655302535961, 36.72687682543747], [35.00601403618913, 36.72687682543747], [35.00601403618913, 36.727415814607944], [35.00439706867772, 36.727415814607944], [35.00439706867772, 36.72687682543747], [35.00493605784817, 36.72687682543747], [35.00493605784817, 36.726337836267], [35.00547504701865, 36.726337836267], [35.00547504701865, 36.72579884709653], [35.00655302535961, 36.72579884709653], [35.00655302535961, 36.725259857926055], [35.00709201453006, 36.725259857926055], [35.00709201453006, 36.72472086875558]]]}, "id": "+398908+87710", "properties": {"area_ha": 6.909493738479147, "count": 24, "label": 1, "mean_dnbr": 0.2614417508496749}}, {"type": "Feature", "geometry": {"geodesic": false, "type": "Polygon", "coordinates": [[[35.00709201453006, 36.88156671736285], [35.00816999287102, 36.88156671736285], [35.00816999287102, 36.88318368487427], [35.00870898204147, 36.88318368487427], [35.00870898204147, 36.88426166321521], [35.00709201453006, 36.88426166321521], [35.00709201453006, 36.88318368487427], [35.00655302535961, 36.88318368487427], [35.00655302535961, 36.88210570653332], [35.00709201453006, 36.88210570653332], [35.00709201453006, 36.88156671736285]]]}, "id": "+398909+87419", "properties": {"area_ha": 4.022302996490483, "count": 14, "label": 1, "mean_dnbr": 0.34133416814752193}}, {"type": "Feature", "geometry": {"geodesic": false, "type": "Polygon", "coordinates": [[[35.00763100370054, 36.973194876343044], [35.00978696038243, 36.973194876343044], [35.00978696038243, 36.97427285468399], [35.01032594955291, 36.97427285468399], [35.01032594955291, 36.97535083302493], [35.00978696038243, 36.97535083302493], [35.00978696038243, 36.975889822195406], [35.00870898204147, 36.975889822195406], [35.00870898204147, 36.97535083302493], [35.00816999287102, 36.97535083302493], [35.00816999287102, 36.97427285468399], [35.00763100370054, 36.97427285468399], [35.00763100370054, 36.973194876343044]]]}, "id": "+398912+87249", "properties": {"area_ha": 5.165325092341981, "count": 18, "label": 1, "mean_dnbr": 0.5176773303612928}}, {"type": "Feature", "geometry": {"geodesic": false, "type": "Polygon", "coordinates": [[[35.00870898204147, 36.93546563441003], [35.00978696038243, 36.93546563441003], [35.00978696038243, 36.936004623580494], [35.01032594955291, 36.936004623580494], [35.01032594955291, 36.93708260192144], [35.01086493872336, 36.93708260192144], [35.01086493872336, 36.93762159109191], [35.00924797121195, 36.93762159109191], [35.00924797121195, 36.93708260192144], [35.00870898204147, 36.93708260192144], [35.00870898204147, 36.93546563441003]]]}, "id": "+398912+87319", "properties": {"area_ha": 3.158160437101093, "count": 11, "label": 1, "mean_dnbr": 0.47852290915397083}}, {"type": "Feature", "geometry": {"geodesic": false, "type": "Polygon", "coordinates": [[[35.00493605784817, 36.857851193862096], [35.01032594955291, 36.857851193862096], [35.01032594955291, 36.85892917220304], [35.00763100370054, 36.85892917220304], [35.00763100370054, 36.85839018303257], [35.00547504701865, 36.85839018303257], [35.00547504701865, 36.85892917220304], [35.00493605784817, 36.85892917220304], [35.00493605784817, 36.857851193862096]]]}, "id": "+398913+87463", "properties": {"area_ha": 4.598312562531435, "count": 16, "label": 1, "mean_dnbr": 0.15725345775433577}}, {"type": "Feature", "geometry": {"geodesic": false, "type": "Polygon", "coordinates": [[[35.00870898204147, 36.878332782340024], [35.01140392789384, 36.878332782340024], [35.01140392789384, 36.8788717715105], [35.0124819062348, 36.8788717715105], [35.0124819062348, 36.87941076068097], [35.01302089540525, 36.87941076068097], [35.01302089540525, 36.881027728192386], [35.01409887374621, 36.881027728192386], [35.01409887374621, 36.88156671736285], [35.00870898204147, 36.88156671736285], [35.00870898204147, 36.878332782340024]]]}, "id": "+398915+87425", "properties": {"area_ha": 13.216722799086408, "count": 46, "label": 1, "mean_dnbr": 0.34428927669783116}}, {"type": "Feature", "geometry": {"geodesic": false, "type": "Polygon", "coordinates": [[[35.01086493872336, 36.84006455123653], [35.01140392789384, 36.84006455123653], [35.01140392789384, 36.84222050791842], [35.00870898204147, 36.84222050791842], [35.00870898204147, 36.84168151874795], [35.00924797121195, 36.84168151874795], [35.00924797121195, 36.840603540407], [35.01086493872336, 36.840603540407], [35.01086493872336, 36.84006455123653]]]}, "id": "+398915+87496", "properties": {"area_ha": 4.024502658473434, "count": 14, "label": 1, "mean_dnbr": 0.30047831195451563}}, {"type": "Feature", "geometry": {"geodesic": false, "type": "Polygon", "coordinates": [[[35.01194291706432, 36.96403206044503], [35.01355988457573, 36.96403206044503], [35.01355988457573, 36.96511003878597], [35.01302089540525, 36.96511003878597], [35.01302089540525, 36.967265995467855], [35.01194291706432, 36.967265995467855], [35.01194291706432, 36.965649027956445], [35.01140392789384, 36.965649027956445], [35.01140392789384, 36.96511003878597], [35.01194291706432, 36.96511003878597], [35.01194291706432, 36.96403206044503]]]}, "id": "+398919+87266", "properties": {"area_ha": 4.304945815361242, "count": 15, "label": 1, "mean_dnbr": 0.4841367809642239}}, {"type": "Feature", "geometry": {"geodesic": false, "type": "Polygon", "coordinates": [[[35.01194291706432, 36.76137213234766], [35.01355988457573, 36.76137213234766], [35.01355988457573, 36.762450110688604], [35.01302089540525, 36.762450110688604], [35.01302089540525, 36.76298909985908], [35.0124819062348, 36.76298909985908], [35.0124819062348, 36.76352808902955], [35.01194291706432, 36.76352808902955], [35.01194291706432, 36.76406707820002], [35.01140392789384, 36.76406707820002], [35.01140392789384, 36.765145056540966], [35.01086493872336, 36.765145056540966], [35.01086493872336, 36.76568404571144], [35.01032594955291, 36.76568404571144], [35.01032594955291, 36.765145056540966], [35.00978696038243, 36.765145056540966], [35.00978696038243, 36.76622303488191], [35.00870898204147, 36.76622303488191], [35.00870898204147, 36.766762024052376], [35.00763100370054, 36.766762024052376], [35.00763100370054, 36.76730101322285], [35.00709201453006, 36.76730101322285], [35.00709201453006, 36.766762024052376], [35.00655302535961, 36.766762024052376], [35.00655302535961, 36.76730101322285], [35.00439706867772, 36.76730101322285], [35.00439706867772, 36.766762024052376], [35.00547504701865, 36.766762024052376], [35.00547504701865, 36.76622303488191], [35.00655302535961, 36.76622303488191], [35.00655302535961, 36.76568404571144], [35.00709201453006, 36.76568404571144], [35.00709201453006, 36.765145056540966], [35.00763100370054, 36.765145056540966], [35.00763100370054, 36.764606067370494], [35.00924797121195, 36.764606067370494], [35.00924797121195, 36.76298909985908], [35.00978696038243, 36.76298909985908], [35.00978696038243, 36.762450110688604], [35.01086493872336, 36.762450110688604], [35.01086493872336, 36.76191112151813], [35.01194291706432, 36.76191112151813], [35.01194291706432, 36.76137213234766]]]}, "id": "+398919+87642", "properties": {"area_ha": 16.977397898740893, "count": 59, "label": 1, "mean_dnbr": 0.34761326486420296}}, {"type": "Feature", "geometry": {"geodesic": false, "type": "Polygon", "coordinates": [[[35.01140392789384, 36.88426166321521], [35.01409887374621, 36.88426166321521], [35.01409887374621, 36.8864176198971], [35.01355988457573, 36.8864176198971], [35.01355988457573, 36.88587863072663], [35.0124819062348, 36.88587863072663], [35.0124819062348, 36.88533964155616], [35.01194291706432, 36.88533964155616], [35.01194291706432, 36.88587863072663], [35.01140392789384, 36.88587863072663], [35.01140392789384, 36.88426166321521]]]}, "id": "+398920+87414", "properties": {"area_ha": 4.30947657592578, "count": 15, "label": 1, "mean_dnbr": 0.3596494557694032}}, {"type": "Feature", "geometry": {"geodesic": false, "type": "Polygon", "coordinates": [[[35.01355988457573, 36.75598224064294], [35.01409887374621, 36.75598224064294], [35.01409887374621, 36.756521229813416], [35.01517685208714, 36.756521229813416], [35.01517685208714, 36.75706021898389], [35.01679381959855, 36.75706021898389], [35.01679381959855, 36.75759920815436], [35.01733280876903, 36.75759920815436], [35.01733280876903, 36.75813819732483], [35.017871797939506, 36.75813819732483], [35.017871797939506, 36.75921617566578], [35.01679381959855, 36.75921617566578], [35.01679381959855, 36.75813819732483], [35.01517685208714, 36.75813819732483], [35.01517685208714, 36.75759920815436], [35.01463786291666, 36.75759920815436], [35.01463786291666, 36.75706021898389], [35.01355988457573, 36.75706021898389], [35.01355988457573, 36.75598224064294]]]}, "id": "+398920+87652", "properties": {"area_ha": 4.604451963353603, "count": 16, "label": 1, "mean_dnbr": 0.4419876356687969}}, {"type": "Feature", "geometry": {"geodesic": false, "type": "Polygon", "coordinates": [[[35.01463786291666, 36.92953675353484], [35.016254830428096, 36.92953675353484], [35.016254830428096, 36.93115372104625], [35.01679381959855, 36.93115372104625], [35.01679381959855, 36.932231699387195], [35.016254830428096, 36.932231699387195], [35.016254830428096, 36.93546563441003], [35.01571584125762, 36.93546563441003], [35.01571584125762, 36.93277068855767], [35.01463786291666, 36.93277068855767], [35.01463786291666, 36.932231699387195], [35.01517685208714, 36.932231699387195], [35.01517685208714, 36.93169271021672], [35.01463786291666, 36.93169271021672], [35.01463786291666, 36.93061473187578], [35.01409887374621, 36.93061473187578], [35.01409887374621, 36.93115372104625], [35.01355988457573, 36.93115372104625], [35.01355988457573, 36.93061473187578], [35.01302089540525, 36.93061473187578], [35.01302089540525, 36.92953675353484], [35.01355988457573, 36.92953675353484], [35.01355988457573, 36.930075742705306], [35.01463786291666, 36.930075742705306], [35.01463786291666, 36.92953675353484]]]}, "id": "+398924+87330", "properties": {"area_ha": 8.326606889629643, "count": 29, "label": 1, "mean_dnbr": 0.3866009112923508}}, {"type": "Feature", "geometry": {"geodesic": false, "type": "Polygon", "coordinates": [[[35.01733280876903, 36.785087655848415], [35.018410787109985, 36.785087655848415], [35.018410787109985, 36.78832159087125], [35.017871797939506, 36.78832159087125], [35.017871797939506, 36.78886058004172], [35.01679381959855, 36.78886058004172], [35.01679381959855, 36.78832159087125], [35.016254830428096, 36.78832159087125], [35.016254830428096, 36.78886058004172], [35.01571584125762, 36.78886058004172], [35.01571584125762, 36.78832159087125], [35.01409887374621, 36.78832159087125], [35.01409887374621, 36.78670462335983], [35.01517685208714, 36.78670462335983], [35.01517685208714, 36.78562664501889], [35.01571584125762, 36.78562664501889], [35.01571584125762, 36.785087655848415], [35.016254830428096, 36.785087655848415], [35.016254830428096, 36.78562664501889], [35.01733280876903, 36.78562664501889], [35.01733280876903, 36.785087655848415]], [[35.016254830428096, 36.78616563418936], [35.016254830428096, 36.78670462335983], [35.01571584125762, 36.78670462335983], [35.01571584125762, 36.78616563418936], [35.016254830428096, 36.78616563418936]]]}, "id": "+398928+87598", "properties": {"area_ha": 11.794378877177817, "count": 41, "label": 1, "mean_dnbr": 0.28435028440963717}}, {"type": "Feature", "geometry": {"geodesic": false, "type": "Polygon", "coordinates": [[[35.018410787109985, 36.74789740308587], [35.01894977628044, 36.74789740308587], [35.01894977628044, 36.748436392256345], [35.019488765450916, 36.748436392256345], [35.019488765450916, 36.74951437059728], [35.01894977628044, 36.74951437059728], [35.01894977628044, 36.752209316449644], [35.019488765450916, 36.752209316449644], [35.019488765450916, 36.752748305620116], [35.018410787109985, 36.752748305620116], [35.018410787109985, 36.75328729479059], [35.017871797939506, 36.75328729479059], [35.017871797939506, 36.75382628396106], [35.01571584125762, 36.75382628396106], [35.01571584125762, 36.75328729479059], [35.01517685208714, 36.75328729479059], [35.01517685208714, 36.752748305620116], [35.01571584125762, 36.752748305620116], [35.01571584125762, 36.752209316449644], [35.01679381959855, 36.752209316449644], [35.01679381959855, 36.75167032727917], [35.01733280876903, 36.75167032727917], [35.01733280876903, 36.7511313381087], [35.017871797939506, 36.7511313381087], [35.017871797939506, 36.750053359767755], [35.018410787109985, 36.750053359767755], [35.018410787109985, 36.74789740308587]]]}, "id": "+398929+87667", "properties": {"area_ha": 9.785221996086142, "count": 34, "label": 1, "mean_dnbr": 0.37978212016511836}}, {"type": "Feature", "geometry": {"geodesic": false, "type": "Polygon", "coordinates": [[[35.01894977628044, 36.97535083302493], [35.021105732962326, 36.97535083302493], [35.021105732962326, 36.97642881136588], [35.020566743791846, 36.97642881136588], [35.020566743791846, 36.97696780053635], [35.020027754621395, 36.97696780053635], [35.020027754621395, 36.97750678970682], [35.020566743791846, 36.97750678970682], [35.020566743791846, 36.97804577887729], [35.01733280876903, 36.97804577887729], [35.01733280876903, 36.97696780053635], [35.01894977628044, 36.97696780053635], [35.01894977628044, 36.97535083302493]]]}, "id": "+398933+87245", "properties": {"area_ha": 6.312996918628211, "count": 22, "label": 1, "mean_dnbr": 0.3485122197285179}}, {"type": "Feature", "geometry": {"geodesic": false, "type": "Polygon", "coordinates": [[[35.017871797939506, 36.942472493626155], [35.021105732962326, 36.942472493626155], [35.021105732962326, 36.94408946113757], [35.019488765450916, 36.94408946113757], [35.019488765450916, 36.944628450308045], [35.018410787109985, 36.944628450308045], [35.018410787109985, 36.9435504719671], [35.017871797939506, 36.9435504719671], [35.017871797939506, 36.942472493626155]]]}, "id": "+398933+87306", "properties": {"area_ha": 5.454498447838159, "count": 19, "label": 1, "mean_dnbr": 0.2566605840713804}}, {"type": "Feature", "geometry": {"geodesic": false, "type": "Polygon", "coordinates": [[[35.021105732962326, 36.793711482575965], [35.022183711303285, 36.793711482575965], [35.022183711303285, 36.79425047174644], [35.022722700473736, 36.79425047174644], [35.022722700473736, 36.79478946091691], [35.023800678814695, 36.79478946091691], [35.023800678814695, 36.79532845008738], [35.023261689644215, 36.79532845008738], [35.023261689644215, 36.795867439257854], [35.022722700473736, 36.795867439257854], [35.022722700473736, 36.79640642842833], [35.022183711303285, 36.79640642842833], [35.022183711303285, 36.795867439257854], [35.020027754621395, 36.795867439257854], [35.020027754621395, 36.79532845008738], [35.020566743791846, 36.79532845008738], [35.020566743791846, 36.79425047174644], [35.021105732962326, 36.79425047174644], [35.021105732962326, 36.793711482575965]]]}, "id": "+398935+87582", "properties": {"area_ha": 5.465122178478605, "count": 19, "label": 1, "mean_dnbr": 0.3867256275152309}}, {"type": "Feature", "geometry": {"geodesic": false, "type": "Polygon", "coordinates": [[[35.020566743791846, 36.870247944782946], [35.023261689644215, 36.870247944782946], [35.023261689644215, 36.87078693395342], [35.022183711303285, 36.87078693395342], [35.022183711303285, 36.87132592312389], [35.020566743791846, 36.87132592312389], [35.020566743791846, 36.87186491229436], [35.019488765450916, 36.87186491229436], [35.019488765450916, 36.872403901464835], [35.018410787109985, 36.872403901464835], [35.018410787109985, 36.87132592312389], [35.01894977628044, 36.87132592312389], [35.01894977628044, 36.87078693395342], [35.020566743791846, 36.87078693395342], [35.020566743791846, 36.870247944782946]]]}, "id": "+398937+87440", "properties": {"area_ha": 4.8849688908661015, "count": 17, "label": 1, "mean_dnbr": 0.17450259299806745}}, {"type": "Feature", "geometry": {"geodesic": false, "type": "Polygon", "coordinates": [[[35.023261689644215, 36.81419307105389], [35.023800678814695, 36.81419307105389], [35.023800678814695, 36.814732060224365], [35.023261689644215, 36.814732060224365], [35.023261689644215, 36.8158100385653], [35.022183711303285, 36.8158100385653], [35.022183711303285, 36.816349027735775], [35.021644722132805, 36.816349027735775], [35.021644722132805, 36.81688801690625], [35.020566743791846, 36.81688801690625], [35.020566743791846, 36.814732060224365], [35.021644722132805, 36.814732060224365], [35.021644722132805, 36.81419307105389], [35.022722700473736, 36.81419307105389], [35.022722700473736, 36.814732060224365], [35.023261689644215, 36.814732060224365], [35.023261689644215, 36.81419307105389]]]}, "id": "+398938+87544", "properties": {"area_ha": 5.176102693509365, "count": 18, "label": 1, "mean_dnbr": 0.5480965439425616}}, {"type": "Feature", "geometry": {"geodesic": false, "type": "Polygon", "coordinates": [[[35.024339667985174, 36.989903540627665], [35.025417646326105, 36.989903540627665], [35.025417646326105, 36.99044252979814], [35.024878657155625, 36.99044252979814], [35.024878657155625, 36.99098151896861], [35.027034613837515, 36.99098151896861], [35.027034613837515, 36.99152050813908], [35.025956635496584, 36.99152050813908], [35.025956635496584, 36.992059497309555], [35.024878657155625, 36.992059497309555], [35.024878657155625, 36.99152050813908], [35.024339667985174, 36.99152050813908], [35.024339667985174, 36.994215453991444], [35.024878657155625, 36.994215453991444], [35.024878657155625, 36.994754443161916], [35.024339667985174, 36.994754443161916], [35.024339667985174, 36.99529343233239], [35.023800678814695, 36.99529343233239], [35.023800678814695, 36.994754443161916], [35.023261689644215, 36.994754443161916], [35.023261689644215, 36.994215453991444], [35.022183711303285, 36.994215453991444], [35.022183711303285, 36.9931374756505], [35.022722700473736, 36.9931374756505], [35.022722700473736, 36.99259848648003], [35.023261689644215, 36.99259848648003], [35.023261689644215, 36.99152050813908], [35.023800678814695, 36.99152050813908], [35.023800678814695, 36.99044252979814], [35.024339667985174, 36.99044252979814], [35.024339667985174, 36.989903540627665]]]}, "id": "+398941+87218", "properties": {"area_ha": 8.893728682357754, "count": 31, "label": 1, "mean_dnbr": 0.23589806865424987}}, {"type": "Feature", "geometry": {"geodesic": false, "type": "Polygon", "coordinates": [[[35.024878657155625, 36.83413567036134], [35.025956635496584, 36.83413567036134], [35.025956635496584, 36.835213648702286], [35.026495624667035, 36.835213648702286], [35.026495624667035, 36.8368306162137], [35.027034613837515, 36.8368306162137], [35.027034613837515, 36.83844758372512], [35.027573603007994, 36.83844758372512], [35.027573603007994, 36.840603540407], [35.026495624667035, 36.840603540407], [35.026495624667035, 36.83844758372512], [35.025956635496584, 36.83844758372512], [35.025956635496584, 36.8368306162137], [35.025417646326105, 36.8368306162137], [35.025417646326105, 36.834674659531814], [35.024878657155625, 36.834674659531814], [35.024878657155625, 36.83413567036134]]]}, "id": "+398942+87507", "properties": {"area_ha": 6.6120029145307315, "count": 23, "label": 1, "mean_dnbr": 0.406240408298104}}, {"type": "Feature", "geometry": {"geodesic": false, "type": "Polygon", "coordinates": [[[35.025956635496584, 36.973194876343044], [35.026495624667035, 36.973194876343044], [35.026495624667035, 36.973733865513516], [35.028651581348925, 36.973733865513516], [35.028651581348925, 36.97427285468399], [35.029190570519404, 36.97427285468399], [35.029190570519404, 36.97481184385446], [35.02972955968988, 36.97481184385446], [35.02972955968988, 36.97535083302493], [35.03026854886036, 36.97535083302493], [35.03026854886036, 36.97642881136588], [35.028651581348925, 36.97642881136588], [35.028651581348925, 36.97427285468399], [35.025956635496584, 36.97427285468399], [35.025956635496584, 36.973194876343044]]]}, "id": "+398943+87249", "properties": {"area_ha": 4.304424423009408, "count": 15, "label": 1, "mean_dnbr": 0.3142696624526049}}, {"type": "Feature", "geometry": {"geodesic": false, "type": "Polygon", "coordinates": [[[35.029190570519404, 36.78454866667795], [35.030807538030814, 36.78454866667795], [35.030807538030814, 36.78670462335983], [35.03134652720129, 36.78670462335983], [35.03134652720129, 36.78886058004172], [35.027573603007994, 36.78886058004172], [35.027573603007994, 36.787243612530304], [35.02811259217847, 36.787243612530304], [35.02811259217847, 36.78670462335983], [35.028651581348925, 36.78670462335983], [35.028651581348925, 36.78562664501889], [35.029190570519404, 36.78562664501889], [35.029190570519404, 36.78454866667795]]]}, "id": "+398951+87599", "properties": {"area_ha": 11.794407275086554, "count": 41, "label": 1, "mean_dnbr": 0.46662739944062326}}, {"type": "Feature", "geometry": {"geodesic": false, "type": "Polygon", "coordinates": [[[35.02972955968988, 36.77430787243898], [35.030807538030814, 36.77430787243898], [35.030807538030814, 36.774846861609454], [35.032424505542224, 36.774846861609454], [35.032424505542224, 36.7759248399504], [35.03404147305366, 36.7759248399504], [35.03404147305366, 36.77646382912087], [35.03458046222411, 36.77646382912087], [35.03458046222411, 36.77700281829134], [35.03511945139459, 36.77700281829134], [35.03511945139459, 36.777541807461816], [35.03458046222411, 36.777541807461816], [35.03458046222411, 36.77808079663229], [35.03350248388318, 36.77808079663229], [35.03350248388318, 36.777541807461816], [35.0329634947127, 36.777541807461816], [35.0329634947127, 36.77700281829134], [35.03188551637177, 36.77700281829134], [35.03188551637177, 36.777541807461816], [35.03134652720129, 36.777541807461816], [35.03134652720129, 36.77808079663229], [35.030807538030814, 36.77808079663229], [35.030807538030814, 36.779158774973226], [35.029190570519404, 36.779158774973226], [35.029190570519404, 36.77808079663229], [35.02972955968988, 36.77808079663229], [35.02972955968988, 36.77700281829134], [35.03026854886036, 36.77700281829134], [35.03026854886036, 36.7759248399504], [35.02972955968988, 36.7759248399504], [35.02972955968988, 36.77430787243898]]]}, "id": "+398951+87618", "properties": {"area_ha": 13.23450070541641, "count": 46, "label": 1, "mean_dnbr": 0.47184744983617005}}, {"type": "Feature", "geometry": {"geodesic": false, "type": "Polygon", "coordinates": [[[35.03350248388318, 37.00337826988946], [35.03458046222411, 37.00337826988946], [35.03458046222411, 37.004456248230404], [35.036736418906, 37.004456248230404], [35.036736418906, 37.006612204912294], [35.03619742973555, 37.006612204912294], [35.03619742973555, 37.00607321574182], [35.03511945139459, 37.00607321574182], [35.03511945139459, 37.00553422657135], [35.03350248388318, 37.00553422657135], [35.03350248388318, 37.00499523740088], [35.0329634947127, 37.00499523740088], [35.0329634947127, 37.00391725905993], [35.03350248388318, 37.00391725905993], [35.03350248388318, 37.00337826988946]]]}, "id": "+398958+87193", "properties": {"area_ha": 6.310647437810937, "count": 22, "label": 1, "mean_dnbr": 0.4487372971672478}}, {"type": "Feature", "geometry": {"geodesic": false, "type": "Polygon", "coordinates": [[[35.03458046222411, 36.789938558382666], [35.03565844056507, 36.789938558382666], [35.03565844056507, 36.79047754755314], [35.03619742973555, 36.79047754755314], [35.03619742973555, 36.79209451506455], [35.03565844056507, 36.79209451506455], [35.03565844056507, 36.79263350423502], [35.03511945139459, 36.79263350423502], [35.03511945139459, 36.79209451506455], [35.03458046222411, 36.79209451506455], [35.03458046222411, 36.789938558382666]]]}, "id": "+398960+87589", "properties": {"area_ha": 3.451826229958635, "count": 12, "label": 1, "mean_dnbr": 0.3585421059896427}}, {"type": "Feature", "geometry": {"geodesic": false, "type": "Polygon", "coordinates": [[[35.03458046222411, 36.76406707820002], [35.03619742973555, 36.76406707820002], [35.03619742973555, 36.764606067370494], [35.036736418906, 36.764606067370494], [35.036736418906, 36.76568404571144], [35.03619742973555, 36.76568404571144], [35.03619742973555, 36.766762024052376], [35.03565844056507, 36.766762024052376], [35.03565844056507, 36.76622303488191], [35.03404147305366, 36.76622303488191], [35.03404147305366, 36.76568404571144], [35.03350248388318, 36.76568404571144], [35.03350248388318, 36.765145056540966], [35.03404147305366, 36.765145056540966], [35.03404147305366, 36.764606067370494], [35.03458046222411, 36.764606067370494], [35.03458046222411, 36.76406707820002]]]}, "id": "+398961+87637", "properties": {"area_ha": 5.467241310446099, "count": 19, "label": 1, "mean_dnbr": 0.43040718565178976}}, {"type": "Feature", "geometry": {"geodesic": false, "type": "Polygon", "coordinates": [[[35.03511945139459, 36.960798125422194], [35.036736418906, 36.960798125422194], [35.036736418906, 36.961337114592666], [35.03619742973555, 36.961337114592666], [35.03619742973555, 36.96187610376314], [35.03565844056507, 36.96187610376314], [35.03565844056507, 36.96295408210408], [35.03511945139459, 36.96295408210408], [35.03511945139459, 36.963493071274556], [35.03458046222411, 36.963493071274556], [35.03458046222411, 36.96403206044503], [35.0329634947127, 36.96403206044503], [35.0329634947127, 36.9645710496155], [35.032424505542224, 36.9645710496155], [35.032424505542224, 36.96403206044503], [35.03134652720129, 36.96403206044503], [35.03134652720129, 36.963493071274556], [35.03188551637177, 36.963493071274556], [35.03188551637177, 36.96295408210408], [35.03404147305366, 36.96295408210408], [35.03404147305366, 36.96241509293361], [35.03511945139459, 36.96241509293361], [35.03511945139459, 36.960798125422194]]]}, "id": "+398962+87272", "properties": {"area_ha": 6.314135117246456, "count": 22, "label": 1, "mean_dnbr": 0.41905211144970217}}, {"type": "Feature", "geometry": {"geodesic": false, "type": "Polygon", "coordinates": [[[35.036736418906, 36.777541807461816], [35.03997035392885, 36.777541807461816], [35.03997035392885, 36.77808079663229], [35.03943136475837, 36.77808079663229], [35.03943136475837, 36.77861978580276], [35.03565844056507, 36.77861978580276], [35.03565844056507, 36.77808079663229], [35.036736418906, 36.77808079663229], [35.036736418906, 36.777541807461816]]]}, "id": "+398968+87612", "properties": {"area_ha": 3.740131147426297, "count": 13, "label": 1, "mean_dnbr": 0.3715125943281084}}, {"type": "Feature", "geometry": {"geodesic": false, "type": "Polygon", "coordinates": [[[35.03997035392885, 36.81149812520153], [35.0405093430993, 36.81149812520153], [35.0405093430993, 36.812576103542476], [35.04104833226978, 36.812576103542476], [35.04104833226978, 36.814732060224365], [35.03997035392885, 36.814732060224365], [35.03997035392885, 36.81311509271295], [35.03943136475837, 36.81311509271295], [35.03943136475837, 36.812037114372], [35.03997035392885, 36.812037114372], [35.03997035392885, 36.81149812520153]], [[35.0405093430993, 36.812576103542476], [35.0405093430993, 36.81311509271295], [35.03997035392885, 36.81311509271295], [35.03997035392885, 36.812576103542476], [35.0405093430993, 36.812576103542476]]]}, "id": "+398969+87549", "properties": {"area_ha": 3.163264748787231, "count": 11, "label": 1, "mean_dnbr": 0.1463821185760936}}, {"type": "Feature", "geometry": {"geodesic": false, "type": "Polygon", "coordinates": [[[35.0405093430993, 36.98505263809342], [35.04158732144026, 36.98505263809342], [35.04158732144026, 36.985591627263894], [35.0405093430993, 36.985591627263894], [35.0405093430993, 36.986130616434366], [35.03997035392885, 36.986130616434366], [35.03997035392885, 36.98720859477531], [35.0405093430993, 36.98720859477531], [35.0405093430993, 36.98774758394578], [35.04212631061074, 36.98774758394578], [35.04212631061074, 36.98882556228673], [35.04104833226978, 36.98882556228673], [35.04104833226978, 36.988286573116255], [35.0405093430993, 36.988286573116255], [35.0405093430993, 36.98774758394578], [35.03943136475837, 36.98774758394578], [35.03943136475837, 36.985591627263894], [35.0405093430993, 36.985591627263894], [35.0405093430993, 36.98505263809342]]]}, "id": "+398971+87227", "properties": {"area_ha": 3.7298951109806846, "count": 13, "label": 1, "mean_dnbr": 0.24910559664834542}}, {"type": "Feature", "geometry": {"geodesic": false, "type": "Polygon", "coordinates": [[[35.0405093430993, 36.97804577887729], [35.04158732144026, 36.97804577887729], [35.04158732144026, 36.97912375721823], [35.04104833226978, 36.97912375721823], [35.04104833226978, 36.979662746388705], [35.0405093430993, 36.979662746388705], [35.0405093430993, 36.98020173555918], [35.03943136475837, 36.98020173555918], [35.03943136475837, 36.98074072472965], [35.03889237558789, 36.98074072472965], [35.03889237558789, 36.97912375721823], [35.03997035392885, 36.97912375721823], [35.03997035392885, 36.97858476804776], [35.0405093430993, 36.97858476804776], [35.0405093430993, 36.97804577887729]]]}, "id": "+398971+87240", "properties": {"area_ha": 3.7302765313026516, "count": 13, "label": 1, "mean_dnbr": 0.34100456463522744}}, {"type": "Feature", "geometry": {"geodesic": false, "type": "Polygon", "coordinates": [[[35.03943136475837, 36.79478946091691], [35.04158732144026, 36.79478946091691], [35.04158732144026, 36.79640642842833], [35.04212631061074, 36.79640642842833], [35.04212631061074, 36.797484406769264], [35.03997035392885, 36.797484406769264], [35.03997035392885, 36.79694541759879], [35.03943136475837, 36.79694541759879], [35.03943136475837, 36.79478946091691]]]}, "id": "+398971+87580", "properties": {"area_ha": 6.040305431859329, "count": 21, "label": 1, "mean_dnbr": 0.5883245047057026}}, {"type": "Feature", "geometry": {"geodesic": false, "type": "Polygon", "coordinates": [[[35.03943136475837, 36.78400967750748], [35.04158732144026, 36.78400967750748], [35.04158732144026, 36.78562664501889], [35.04212631061074, 36.78562664501889], [35.04212631061074, 36.78616563418936], [35.04158732144026, 36.78616563418936], [35.04158732144026, 36.78670462335983], [35.03997035392885, 36.78670462335983], [35.03997035392885, 36.78562664501889], [35.03943136475837, 36.78562664501889], [35.03943136475837, 36.78400967750748]]]}, "id": "+398971+87600", "properties": {"area_ha": 5.4658092249499015, "count": 19, "label": 1, "mean_dnbr": 0.3309252976936375}}, {"type": "Feature", "geometry": {"geodesic": false, "type": "Polygon", "coordinates": [[[35.04104833226978, 36.74466346806304], [35.04320428895167, 36.74466346806304], [35.04320428895167, 36.74520245723351], [35.04374327812215, 36.74520245723351], [35.04374327812215, 36.746280435574455], [35.0442822672926, 36.746280435574455], [35.0442822672926, 36.74681942474493], [35.04482125646308, 36.74681942474493], [35.04482125646308, 36.7473584139154], [35.04536024563356, 36.7473584139154], [35.04536024563356, 36.74789740308587], [35.04482125646308, 36.74789740308587], [35.04482125646308, 36.748436392256345], [35.0442822672926, 36.748436392256345], [35.0442822672926, 36.74789740308587], [35.04374327812215, 36.74789740308587], [35.04374327812215, 36.748436392256345], [35.04320428895167, 36.748436392256345], [35.04320428895167, 36.74789740308587], [35.04266529978119, 36.74789740308587], [35.04266529978119, 36.74951437059728], [35.0405093430993, 36.74951437059728], [35.0405093430993, 36.750053359767755], [35.03943136475837, 36.750053359767755], [35.03943136475837, 36.75059234893823], [35.03889237558789, 36.75059234893823], [35.03889237558789, 36.7511313381087], [35.03835338641741, 36.7511313381087], [35.03835338641741, 36.75167032727917], [35.03727540807648, 36.75167032727917], [35.03727540807648, 36.752748305620116], [35.03619742973555, 36.752748305620116], [35.03619742973555, 36.75328729479059], [35.036736418906, 36.75328729479059], [35.036736418906, 36.75382628396106], [35.03727540807648, 36.75382628396106], [35.03727540807648, 36.754904262302], [35.03835338641741, 36.754904262302], [35.03835338641741, 36.75598224064294], [35.03727540807648, 36.75598224064294], [35.03727540807648, 36.75544325147247], [35.036736418906, 36.75544325147247], [35.036736418906, 36.754904262302], [35.03619742973555, 36.754904262302], [35.03619742973555, 36.75436527313153], [35.03565844056507, 36.75436527313153], [35.03565844056507, 36.75382628396106], [35.03511945139459, 36.75382628396106], [35.03511945139459, 36.75328729479059], [35.03458046222411, 36.75328729479059], [35.03458046222411, 36.752748305620116], [35.03404147305366, 36.752748305620116], [35.03404147305366, 36.75167032727917], [35.03350248388318, 36.75167032727917], [35.03350248388318, 36.7511313381087], [35.03404147305366, 36.7511313381087], [35.03404147305366, 36.75059234893823], [35.03458046222411, 36.75059234893823], [35.03458046222411, 36.750053359767755], [35.03565844056507, 36.750053359767755], [35.03565844056507, 36.74951437059728], [35.036736418906, 36.74951437059728], [35.036736418906, 36.74897538142681], [35.03619742973555, 36.74897538142681], [35.03619742973555, 36.748436392256345], [35.03565844056507, 36.748436392256345], [35.03565844056507, 36.74789740308587], [35.03511945139459, 36.74789740308587], [35.03511945139459, 36.7473584139154], [35.036736418906, 36.7473584139154], [35.036736418906, 36.746280435574455], [35.03727540807648, 36.746280435574455], [35.03727540807648, 36.74681942474493], [35.03781439724696, 36.74681942474493], [35.03781439724696, 36.7473584139154], [35.03835338641741, 36.7473584139154], [35.03835338641741, 36.74789740308587], [35.03889237558789, 36.74789740308587], [35.03889237558789, 36.74681942474493], [35.03835338641741, 36.74681942474493], [35.03835338641741, 36.746280435574455], [35.03781439724696, 36.746280435574455], [35.03781439724696, 36.74574144640398], [35.03835338641741, 36.74574144640398], [35.03835338641741, 36.74520245723351], [35.03943136475837, 36.74520245723351], [35.03943136475837, 36.74574144640398], [35.03997035392885, 36.74574144640398], [35.03997035392885, 36.746280435574455], [35.0405093430993, 36.746280435574455], [35.0405093430993, 36.74520245723351], [35.04104833226978, 36.74520245723351], [35.04104833226978, 36.74466346806304]], [[35.03565844056507, 36.75167032727917], [35.03565844056507, 36.752209316449644], [35.03619742973555, 36.752209316449644], [35.03619742973555, 36.752748305620116], [35.03511945139459, 36.752748305620116], [35.03511945139459, 36.75167032727917], [35.03565844056507, 36.75167032727917]], [[35.03458046222411, 36.7511313381087], [35.03458046222411, 36.75167032727917], [35.03404147305366, 36.75167032727917], [35.03404147305366, 36.7511313381087], [35.03458046222411, 36.7511313381087]], [[35.03835338641741, 36.75059234893823], [35.03835338641741, 36.7511313381087], [35.03781439724696, 36.7511313381087], [35.03781439724696, 36.75059234893823], [35.03835338641741, 36.75059234893823]], [[35.03727540807648, 36.74951437059728], [35.03727540807648, 36.750053359767755], [35.03781439724696, 36.750053359767755], [35.03781439724696, 36.75059234893823], [35.036736418906, 36.75059234893823], [35.036736418906, 36.74951437059728], [35.03727540807648, 36.74951437059728]], [[35.03889237558789, 36.74897538142681], [35.03889237558789, 36.74951437059728], [35.03835338641741, 36.74951437059728], [35.03835338641741, 36.74897538142681], [35.03889237558789, 36.74897538142681]], [[35.03997035392885, 36.748436392256345], [35.03997035392885, 36.74897538142681], [35.0405093430993, 36.74897538142681], [35.0405093430993, 36.74951437059728], [35.03943136475837, 36.74951437059728], [35.03943136475837, 36.748436392256345], [35.03997035392885, 36.748436392256345]], [[35.03781439724696, 36.74789740308587], [35.03781439724696, 36.748436392256345], [35.03727540807648, 36.748436392256345], [35.03727540807648, 36.74789740308587], [35.03781439724696, 36.74789740308587]], [[35.03943136475837, 36.74789740308587], [35.03943136475837, 36.748436392256345], [35.03889237558789, 36.748436392256345], [35.03889237558789, 36.74789740308587], [35.03943136475837, 36.74789740308587]], [[35.03727540807648, 36.7473584139154], [35.03727540807648, 36.74789740308587], [35.036736418906, 36.74789740308587], [35.036736418906, 36.7473584139154], [35.03727540807648, 36.7473584139154]], [[35.04212631061074, 36.7473584139154], [35.04212631061074, 36.74789740308587], [35.04158732144026, 36.74789740308587], [35.04158732144026, 36.7473584139154], [35.04212631061074, 36.7473584139154]]]}, "id": "+398974+87673", "properties": {"area_ha": 43.45939553541526, "count": 151, "label": 1, "mean_dnbr": 0.27254029586674694}}, {"type": "Feature", "geometry": {"geodesic": false, "type": "Polygon", "coordinates": [[[35.04266529978119, 36.78616563418936], [35.0442822672926, 36.78616563418936], [35.0442822672926, 36.78832159087125], [35.04482125646308, 36.78832159087125], [35.04482125646308, 36.78939956921219], [35.04266529978119, 36.78939956921219], [35.04266529978119, 36.787243612530304], [35.04212631061074, 36.787243612530304], [35.04212631061074, 36.78670462335983], [35.04266529978119, 36.78670462335983], [35.04266529978119, 36.78616563418936]]]}, "id": "+398976+87596", "properties": {"area_ha": 6.040965011725394, "count": 21, "label": 1, "mean_dnbr": 0.27547877542007504}}, {"type": "Feature", "geometry": {"geodesic": false, "type": "Polygon", "coordinates": [[[35.04374327812215, 36.79425047174644], [35.04589923480404, 36.79425047174644], [35.04589923480404, 36.79478946091691], [35.04643822397449, 36.79478946091691], [35.04643822397449, 36.79694541759879], [35.04589923480404, 36.79694541759879], [35.04589923480404, 36.797484406769264], [35.04482125646308, 36.797484406769264], [35.04482125646308, 36.79802339593974], [35.0442822672926, 36.79802339593974], [35.0442822672926, 36.799640363451154], [35.04212631061074, 36.799640363451154], [35.04212631061074, 36.79910137428068], [35.04266529978119, 36.79910137428068], [35.04266529978119, 36.79856238511021], [35.04374327812215, 36.79856238511021], [35.04374327812215, 36.79802339593974], [35.0442822672926, 36.79802339593974], [35.0442822672926, 36.79694541759879], [35.04374327812215, 36.79694541759879], [35.04374327812215, 36.79425047174644]]]}, "id": "+398979+87581", "properties": {"area_ha": 10.354752060453114, "count": 36, "label": 1, "mean_dnbr": 0.49264398430662115}}, {"type": "Feature", "geometry": {"geodesic": false, "type": "Polygon", "coordinates": [[[35.04643822397449, 36.96025913625172], [35.04859418065638, 36.96025913625172], [35.04859418065638, 36.96241509293361], [35.04589923480404, 36.96241509293361], [35.04589923480404, 36.960798125422194], [35.04643822397449, 36.960798125422194], [35.04643822397449, 36.96025913625172]]]}, "id": "+398984+87273", "properties": {"area_ha": 5.453234523286004, "count": 19, "label": 1, "mean_dnbr": 0.5209602698323563}}, {"type": "Feature", "geometry": {"geodesic": false, "type": "Polygon", "coordinates": [[[35.04913316982686, 36.71663603119851], [35.04967215899734, 36.71663603119851], [35.04967215899734, 36.717175020368984], [35.05021114816779, 36.717175020368984], [35.05021114816779, 36.717714009539456], [35.04967215899734, 36.717714009539456], [35.04967215899734, 36.71825299870993], [35.04913316982686, 36.71825299870993], [35.04913316982686, 36.718791987880394], [35.04967215899734, 36.718791987880394], [35.04967215899734, 36.719330977050866], [35.04805519148593, 36.719330977050866], [35.04805519148593, 36.72040895539181], [35.04751620231545, 36.72040895539181], [35.04751620231545, 36.72094794456228], [35.04482125646308, 36.72094794456228], [35.04482125646308, 36.72040895539181], [35.0442822672926, 36.72040895539181], [35.0442822672926, 36.718791987880394], [35.04374327812215, 36.718791987880394], [35.04374327812215, 36.71825299870993], [35.04320428895167, 36.71825299870993], [35.04320428895167, 36.717714009539456], [35.04266529978119, 36.717714009539456], [35.04266529978119, 36.71663603119851], [35.04320428895167, 36.71663603119851], [35.04320428895167, 36.717175020368984], [35.04374327812215, 36.717175020368984], [35.04374327812215, 36.71825299870993], [35.0442822672926, 36.71825299870993], [35.0442822672926, 36.718791987880394], [35.04482125646308, 36.718791987880394], [35.04482125646308, 36.71986996622134], [35.04589923480404, 36.71986996622134], [35.04589923480404, 36.719330977050866], [35.04643822397449, 36.719330977050866], [35.04643822397449, 36.718791987880394], [35.04589923480404, 36.718791987880394], [35.04589923480404, 36.71825299870993], [35.04536024563356, 36.71825299870993], [35.04536024563356, 36.717714009539456], [35.04589923480404, 36.717714009539456], [35.04589923480404, 36.71825299870993], [35.04751620231545, 36.71825299870993], [35.04751620231545, 36.717714009539456], [35.04805519148593, 36.717714009539456], [35.04805519148593, 36.717175020368984], [35.04913316982686, 36.717175020368984], [35.04913316982686, 36.71663603119851]]]}, "id": "+398986+87725", "properties": {"area_ha": 12.956562086665526, "count": 45, "label": 1, "mean_dnbr": 0.28331270057499713}}, {"type": "Feature", "geometry": {"geodesic": false, "type": "Polygon", "coordinates": [[[35.04913316982686, 36.87186491229436], [35.05021114816779, 36.87186491229436], [35.05021114816779, 36.87402086897625], [35.05075013733827, 36.87402086897625], [35.05075013733827, 36.8750988473172], [35.04913316982686, 36.8750988473172], [35.04913316982686, 36.87348187980578], [35.04859418065638, 36.87348187980578], [35.04859418065638, 36.87402086897625], [35.04805519148593, 36.87402086897625], [35.04805519148593, 36.87294289063531], [35.04913316982686, 36.87294289063531], [35.04913316982686, 36.87186491229436]]]}, "id": "+398987+87437", "properties": {"area_ha": 4.884825098162631, "count": 17, "label": 1, "mean_dnbr": 0.30360064129110326}}, {"type": "Feature", "geometry": {"geodesic": false, "type": "Polygon", "coordinates": [[[35.05021114816779, 36.71178512866427], [35.05182811567923, 36.71178512866427], [35.05182811567923, 36.712863107005205], [35.05236710484968, 36.712863107005205], [35.05236710484968, 36.71340209617568], [35.05290609402016, 36.71340209617568], [35.05290609402016, 36.71394108534615], [35.05344508319064, 36.71394108534615], [35.05344508319064, 36.715019063687095], [35.05290609402016, 36.715019063687095], [35.05290609402016, 36.71555805285757], [35.05236710484968, 36.71555805285757], [35.05236710484968, 36.71609704202804], [35.05182811567923, 36.71609704202804], [35.05182811567923, 36.71555805285757], [35.05128912650875, 36.71555805285757], [35.05128912650875, 36.715019063687095], [35.05075013733827, 36.715019063687095], [35.05075013733827, 36.71394108534615], [35.05021114816779, 36.71394108534615], [35.05021114816779, 36.712863107005205], [35.04967215899734, 36.712863107005205], [35.04967215899734, 36.71232411783474], [35.05021114816779, 36.71232411783474], [35.05021114816779, 36.71178512866427]]]}, "id": "+398990+87734", "properties": {"area_ha": 8.638274762835739, "count": 30, "label": 1, "mean_dnbr": 0.47277972133080404}}, {"type": "Feature", "geometry": {"geodesic": false, "type": "Polygon", "coordinates": [[[35.05075013733827, 36.98289668141154], [35.05236710484968, 36.98289668141154], [35.05236710484968, 36.98343567058201], [35.05290609402016, 36.98343567058201], [35.05290609402016, 36.98397465975248], [35.05344508319064, 36.98397465975248], [35.05344508319064, 36.98505263809342], [35.05290609402016, 36.98505263809342], [35.05290609402016, 36.98451364892295], [35.05236710484968, 36.98451364892295], [35.05236710484968, 36.98397465975248], [35.04967215899734, 36.98397465975248], [35.04967215899734, 36.98343567058201], [35.05075013733827, 36.98343567058201], [35.05075013733827, 36.98289668141154]]]}, "id": "+398991+87231", "properties": {"area_ha": 3.443141588632184, "count": 12, "label": 1, "mean_dnbr": 0.2762777315181377}}, {"type": "Feature", "geometry": {"geodesic": false, "type": "Polygon", "coordinates": [[[35.05182811567923, 36.78562664501889], [35.05290609402016, 36.78562664501889], [35.05290609402016, 36.78616563418936], [35.05398407236112, 36.78616563418936], [35.05398407236112, 36.78670462335983], [35.05560103987253, 36.78670462335983], [35.05560103987253, 36.787243612530304], [35.05614002904298, 36.787243612530304], [35.05614002904298, 36.787782601700776], [35.05398407236112, 36.787782601700776], [35.05398407236112, 36.787243612530304], [35.05344508319064, 36.787243612530304], [35.05344508319064, 36.78670462335983], [35.05290609402016, 36.78670462335983], [35.05290609402016, 36.78616563418936], [35.05182811567923, 36.78616563418936], [35.05182811567923, 36.78562664501889]]]}, "id": "+398992+87597", "properties": {"area_ha": 3.452024387539173, "count": 12, "label": 1, "mean_dnbr": 0.439346453956656}}, {"type": "Feature", "geometry": {"geodesic": false, "type": "Polygon", "coordinates": [[[35.05398407236112, 36.74897538142681], [35.05506205070205, 36.74897538142681], [35.05506205070205, 36.74951437059728], [35.05560103987253, 36.74951437059728], [35.05560103987253, 36.75059234893823], [35.05667901821346, 36.75059234893823], [35.05667901821346, 36.75167032727917], [35.05560103987253, 36.75167032727917], [35.05560103987253, 36.752209316449644], [35.05452306153157, 36.752209316449644], [35.05452306153157, 36.75167032727917], [35.05398407236112, 36.75167032727917], [35.05398407236112, 36.7511313381087], [35.05344508319064, 36.7511313381087], [35.05344508319064, 36.75059234893823], [35.05236710484968, 36.75059234893823], [35.05236710484968, 36.750053359767755], [35.05290609402016, 36.750053359767755], [35.05290609402016, 36.74951437059728], [35.05398407236112, 36.74951437059728], [35.05398407236112, 36.74897538142681]]]}, "id": "+398996+87665", "properties": {"area_ha": 7.482920085253728, "count": 26, "label": 1, "mean_dnbr": 0.37836205697122455}}, {"type": "Feature", "geometry": {"geodesic": false, "type": "Polygon", "coordinates": [[[35.05506205070205, 36.82712881114521], [35.05667901821346, 36.82712881114521], [35.05667901821346, 36.82766780031568], [35.05829598572487, 36.82766780031568], [35.05829598572487, 36.828745778656625], [35.05721800738394, 36.828745778656625], [35.05721800738394, 36.8292847678271], [35.05614002904298, 36.8292847678271], [35.05614002904298, 36.82820678948615], [35.05560103987253, 36.82820678948615], [35.05560103987253, 36.82766780031568], [35.05506205070205, 36.82766780031568], [35.05506205070205, 36.82712881114521]]]}, "id": "+398999+87520", "properties": {"area_ha": 4.025185239663087, "count": 14, "label": 1, "mean_dnbr": 0.15919010057151864}}, {"type": "Feature", "geometry": {"geodesic": false, "type": "Polygon", "coordinates": [[[35.05560103987253, 36.711246139493795], [35.05667901821346, 36.711246139493795], [35.05667901821346, 36.71178512866427], [35.05721800738394, 36.71178512866427], [35.05721800738394, 36.71340209617568], [35.05560103987253, 36.71340209617568], [35.05560103987253, 36.712863107005205], [35.05506205070205, 36.712863107005205], [35.05506205070205, 36.71178512866427], [35.05560103987253, 36.71178512866427], [35.05560103987253, 36.711246139493795]]]}, "id": "+398999+87735", "properties": {"area_ha": 3.7433242170114682, "count": 13, "label": 1, "mean_dnbr": 0.22899892682811218}}, {"type": "Feature", "geometry": {"geodesic": false, "type": "Polygon", "coordinates": [[[35.05667901821346, 36.909594154227385], [35.05775699655442, 36.909594154227385], [35.05775699655442, 36.91013314339786], [35.05721800738394, 36.91013314339786], [35.05721800738394, 36.91175011090927], [35.05667901821346, 36.91175011090927], [35.05667901821346, 36.91228910007974], [35.05721800738394, 36.91228910007974], [35.05721800738394, 36.91282808925021], [35.05614002904298, 36.91282808925021], [35.05614002904298, 36.91228910007974], [35.05560103987253, 36.91228910007974], [35.05560103987253, 36.91175011090927], [35.05506205070205, 36.91175011090927], [35.05506205070205, 36.91067213256833], [35.05667901821346, 36.91067213256833], [35.05667901821346, 36.909594154227385]]]}, "id": "+399001+87367", "properties": {"area_ha": 4.308009387622772, "count": 15, "label": 1, "mean_dnbr": 0.46923706101096646}}, {"type": "Feature", "geometry": {"geodesic": false, "type": "Polygon", "coordinates": [[[35.05883497489535, 36.74089054386974], [35.05937396406583, 36.74089054386974], [35.05937396406583, 36.74142953304021], [35.06045194240676, 36.74142953304021], [35.06045194240676, 36.74196852221068], [35.06099093157724, 36.74196852221068], [35.06099093157724, 36.74304650055162], [35.05937396406583, 36.74304650055162], [35.05937396406583, 36.742507511381156], [35.05775699655442, 36.742507511381156], [35.05775699655442, 36.74196852221068], [35.05829598572487, 36.74196852221068], [35.05829598572487, 36.74142953304021], [35.05883497489535, 36.74142953304021], [35.05883497489535, 36.74089054386974]]]}, "id": "+399004+87680", "properties": {"area_ha": 4.02971394937786, "count": 14, "label": 1, "mean_dnbr": 0.3911151036838704}}, {"type": "Feature", "geometry": {"geodesic": false, "type": "Polygon", "coordinates": [[[35.05937396406583, 36.946784406989934], [35.05991295323631, 36.946784406989934], [35.05991295323631, 36.94732339616041], [35.06045194240676, 36.94732339616041], [35.06045194240676, 36.94786238533087], [35.06099093157724, 36.94786238533087], [35.06099093157724, 36.94947935284229], [35.06045194240676, 36.94947935284229], [35.06045194240676, 36.95001834201276], [35.05937396406583, 36.95001834201276], [35.05937396406583, 36.946784406989934]], [[35.06045194240676, 36.94786238533087], [35.06045194240676, 36.948401374501344], [35.05991295323631, 36.948401374501344], [35.05991295323631, 36.94786238533087], [35.06045194240676, 36.94786238533087]]]}, "id": "+399005+87298", "properties": {"area_ha": 3.7317834184783534, "count": 13, "label": 1, "mean_dnbr": 0.15983794162760367}}, {"type": "Feature", "geometry": {"geodesic": false, "type": "Polygon", "coordinates": [[[35.05937396406583, 36.71178512866427], [35.05991295323631, 36.71178512866427], [35.05991295323631, 36.71232411783474], [35.06045194240676, 36.71232411783474], [35.06045194240676, 36.712863107005205], [35.06099093157724, 36.712863107005205], [35.06099093157724, 36.71340209617568], [35.06152992074772, 36.71340209617568], [35.06152992074772, 36.71448007451662], [35.063146888259126, 36.71448007451662], [35.063146888259126, 36.71555805285757], [35.062068909918196, 36.71555805285757], [35.062068909918196, 36.715019063687095], [35.06152992074772, 36.715019063687095], [35.06152992074772, 36.71448007451662], [35.05991295323631, 36.71448007451662], [35.05991295323631, 36.71232411783474], [35.05937396406583, 36.71232411783474], [35.05937396406583, 36.71178512866427]]]}, "id": "+399005+87734", "properties": {"area_ha": 4.319130238561584, "count": 15, "label": 1, "mean_dnbr": 0.3109492836093679}}, {"type": "Feature", "geometry": {"geodesic": false, "type": "Polygon", "coordinates": [[[35.05991295323631, 36.82012195192908], [35.06045194240676, 36.82012195192908], [35.06045194240676, 36.82335588695191], [35.05883497489535, 36.82335588695191], [35.05883497489535, 36.82389487612238], [35.05829598572487, 36.82389487612238], [35.05829598572487, 36.82443386529285], [35.05775699655442, 36.82443386529285], [35.05775699655442, 36.82389487612238], [35.05667901821346, 36.82389487612238], [35.05667901821346, 36.82443386529285], [35.05614002904298, 36.82443386529285], [35.05614002904298, 36.82389487612238], [35.05560103987253, 36.82389487612238], [35.05560103987253, 36.822816897781436], [35.05614002904298, 36.822816897781436], [35.05614002904298, 36.822277908610964], [35.05775699655442, 36.822277908610964], [35.05775699655442, 36.82173891944049], [35.05721800738394, 36.82173891944049], [35.05721800738394, 36.82119993027002], [35.05829598572487, 36.82119993027002], [35.05829598572487, 36.820660941099554], [35.05991295323631, 36.820660941099554], [35.05991295323631, 36.82012195192908]]]}, "id": "+399006+87533", "properties": {"area_ha": 11.788923471453865, "count": 41, "label": 1, "mean_dnbr": 0.20149634165256278}}, {"type": "Feature", "geometry": {"geodesic": false, "type": "Polygon", "coordinates": [[[35.062068909918196, 36.79910137428068], [35.06260789908865, 36.79910137428068], [35.06260789908865, 36.799640363451154], [35.063146888259126, 36.799640363451154], [35.063146888259126, 36.80179632013304], [35.063685877429606, 36.80179632013304], [35.063685877429606, 36.80287429847399], [35.06422486660006, 36.80287429847399], [35.06422486660006, 36.803952276814925], [35.064763855770536, 36.803952276814925], [35.064763855770536, 36.8044912659854], [35.065841834111495, 36.8044912659854], [35.065841834111495, 36.803952276814925], [35.066380823281946, 36.803952276814925], [35.066380823281946, 36.80341328764445], [35.066919812452426, 36.80341328764445], [35.066919812452426, 36.80287429847399], [35.067458801622905, 36.80287429847399], [35.067458801622905, 36.802335309303515], [35.068536779963836, 36.802335309303515], [35.068536779963836, 36.80125733096257], [35.069614758304795, 36.80125733096257], [35.069614758304795, 36.8007183417921], [35.070692736645725, 36.8007183417921], [35.070692736645725, 36.800179352621626], [35.071231725816205, 36.800179352621626], [35.071231725816205, 36.80125733096257], [35.070153747475246, 36.80125733096257], [35.070153747475246, 36.802335309303515], [35.068536779963836, 36.802335309303515], [35.068536779963836, 36.80341328764445], [35.067458801622905, 36.80341328764445], [35.067458801622905, 36.803952276814925], [35.066919812452426, 36.803952276814925], [35.066919812452426, 36.8044912659854], [35.065841834111495, 36.8044912659854], [35.065841834111495, 36.80503025515587], [35.065302844941016, 36.80503025515587], [35.065302844941016, 36.80556924432634], [35.063685877429606, 36.80556924432634], [35.063685877429606, 36.803952276814925], [35.06099093157724, 36.803952276814925], [35.06099093157724, 36.80179632013304], [35.062068909918196, 36.80179632013304], [35.062068909918196, 36.79910137428068]]]}, "id": "+399010+87572", "properties": {"area_ha": 16.968957268561617, "count": 59, "label": 1, "mean_dnbr": 0.35177388294637124}}, {"type": "Feature", "geometry": {"geodesic": false, "type": "Polygon", "coordinates": [[[35.06152992074772, 36.721486933732756], [35.06260789908865, 36.721486933732756], [35.06260789908865, 36.7225649120737], [35.06152992074772, 36.7225649120737], [35.06152992074772, 36.72310390124417], [35.063146888259126, 36.72310390124417], [35.063146888259126, 36.7225649120737], [35.063685877429606, 36.7225649120737], [35.063685877429606, 36.723642890414645], [35.06422486660006, 36.723642890414645], [35.06422486660006, 36.72418187958512], [35.063146888259126, 36.72418187958512], [35.063146888259126, 36.72472086875558], [35.06260789908865, 36.72472086875558], [35.06260789908865, 36.72418187958512], [35.06152992074772, 36.72418187958512], [35.06152992074772, 36.72310390124417], [35.06045194240676, 36.72310390124417], [35.06045194240676, 36.72202592290323], [35.06152992074772, 36.72202592290323], [35.06152992074772, 36.721486933732756]]]}, "id": "+399010+87716", "properties": {"area_ha": 5.470245930369096, "count": 19, "label": 1, "mean_dnbr": 0.17946236170796911}}, {"type": "Feature", "geometry": {"geodesic": false, "type": "Polygon", "coordinates": [[[35.062068909918196, 36.81365408188342], [35.063685877429606, 36.81365408188342], [35.063685877429606, 36.814732060224365], [35.06422486660006, 36.814732060224365], [35.06422486660006, 36.8158100385653], [35.063146888259126, 36.8158100385653], [35.063146888259126, 36.816349027735775], [35.063685877429606, 36.816349027735775], [35.063685877429606, 36.81688801690625], [35.06422486660006, 36.81688801690625], [35.06422486660006, 36.81796599524719], [35.063685877429606, 36.81796599524719], [35.063685877429606, 36.81742700607672], [35.063146888259126, 36.81742700607672], [35.063146888259126, 36.816349027735775], [35.06260789908865, 36.816349027735775], [35.06260789908865, 36.814732060224365], [35.062068909918196, 36.814732060224365], [35.062068909918196, 36.81365408188342]]]}, "id": "+399012+87545", "properties": {"area_ha": 4.8885419602481734, "count": 17, "label": 1, "mean_dnbr": 0.2735810309430013}}, {"type": "Feature", "geometry": {"geodesic": false, "type": "Polygon", "coordinates": [[[35.063146888259126, 36.750053359767755], [35.063685877429606, 36.750053359767755], [35.063685877429606, 36.75059234893823], [35.06422486660006, 36.75059234893823], [35.06422486660006, 36.7511313381087], [35.063685877429606, 36.7511313381087], [35.063685877429606, 36.752748305620116], [35.06045194240676, 36.752748305620116], [35.06045194240676, 36.75059234893823], [35.06099093157724, 36.75059234893823], [35.06099093157724, 36.750053359767755], [35.06260789908865, 36.750053359767755], [35.06260789908865, 36.75059234893823], [35.063146888259126, 36.75059234893823], [35.063146888259126, 36.750053359767755]], [[35.06260789908865, 36.75167032727917], [35.06260789908865, 36.752209316449644], [35.06152992074772, 36.752209316449644], [35.06152992074772, 36.75167032727917], [35.06260789908865, 36.75167032727917]]]}, "id": "+399012+87663", "properties": {"area_ha": 7.770660918230916, "count": 27, "label": 1, "mean_dnbr": 0.24454223846011924}}, {"type": "Feature", "geometry": {"geodesic": false, "type": "Polygon", "coordinates": [[[35.06422486660006, 36.856234226350686], [35.065302844941016, 36.856234226350686], [35.065302844941016, 36.85677321552116], [35.066919812452426, 36.85677321552116], [35.066919812452426, 36.857312204691624], [35.067997790793385, 36.857312204691624], [35.067997790793385, 36.857851193862096], [35.065302844941016, 36.857851193862096], [35.065302844941016, 36.857312204691624], [35.064763855770536, 36.857312204691624], [35.064763855770536, 36.85677321552116], [35.06422486660006, 36.85677321552116], [35.06422486660006, 36.856234226350686]]]}, "id": "+399015+87466", "properties": {"area_ha": 3.1614560561070775, "count": 11, "label": 1, "mean_dnbr": 0.31328476469323463}}, {"type": "Feature", "geometry": {"geodesic": false, "type": "Polygon", "coordinates": [[[35.062068909918196, 36.954869244547005], [35.066380823281946, 36.954869244547005], [35.066380823281946, 36.95594722288795], [35.06260789908865, 36.95594722288795], [35.06260789908865, 36.95540823371748], [35.062068909918196, 36.95540823371748], [35.062068909918196, 36.954869244547005]]]}, "id": "+399017+87283", "properties": {"area_ha": 4.305500499917961, "count": 15, "label": 1, "mean_dnbr": 0.5288962142243496}}, {"type": "Feature", "geometry": {"geodesic": false, "type": "Polygon", "coordinates": [[[35.065302844941016, 36.930075742705306], [35.066380823281946, 36.930075742705306], [35.066380823281946, 36.93330967772814], [35.066919812452426, 36.93330967772814], [35.066919812452426, 36.93384866689861], [35.065841834111495, 36.93384866689861], [35.065841834111495, 36.936004623580494], [35.066380823281946, 36.936004623580494], [35.066380823281946, 36.93708260192144], [35.064763855770536, 36.93708260192144], [35.064763855770536, 36.934387656069084], [35.06422486660006, 36.934387656069084], [35.06422486660006, 36.93384866689861], [35.065841834111495, 36.93384866689861], [35.065841834111495, 36.93277068855767], [35.065302844941016, 36.93277068855767], [35.065302844941016, 36.930075742705306]]]}, "id": "+399017+87329", "properties": {"area_ha": 8.039242932341915, "count": 28, "label": 1, "mean_dnbr": 0.33563394191988244}}, {"type": "Feature", "geometry": {"geodesic": false, "type": "Polygon", "coordinates": [[[35.065302844941016, 36.73496166299455], [35.066380823281946, 36.73496166299455], [35.066380823281946, 36.737656608846905], [35.066919812452426, 36.737656608846905], [35.066919812452426, 36.73819559801738], [35.067458801622905, 36.73819559801738], [35.067458801622905, 36.73927357635832], [35.066380823281946, 36.73927357635832], [35.066380823281946, 36.739812565528794], [35.065302844941016, 36.739812565528794], [35.065302844941016, 36.74035155469927], [35.06422486660006, 36.74035155469927], [35.06422486660006, 36.73927357635832], [35.063685877429606, 36.73927357635832], [35.063685877429606, 36.73819559801738], [35.06260789908865, 36.73819559801738], [35.06260789908865, 36.73657863050597], [35.065841834111495, 36.73657863050597], [35.065841834111495, 36.736039641335495], [35.064763855770536, 36.736039641335495], [35.064763855770536, 36.73550065216502], [35.065302844941016, 36.73550065216502], [35.065302844941016, 36.73496166299455]]]}, "id": "+399017+87691", "properties": {"area_ha": 13.816891896978998, "count": 48, "label": 1, "mean_dnbr": 0.27195333496442875}}, {"type": "Feature", "geometry": {"geodesic": false, "type": "Polygon", "coordinates": [[[35.065302844941016, 36.70855119364143], [35.067458801622905, 36.70855119364143], [35.067458801622905, 36.70962917198238], [35.068536779963836, 36.70962917198238], [35.068536779963836, 36.71016816115285], [35.067997790793385, 36.71016816115285], [35.067997790793385, 36.71070715032332], [35.069614758304795, 36.71070715032332], [35.069614758304795, 36.71178512866427], [35.067997790793385, 36.71178512866427], [35.067997790793385, 36.71070715032332], [35.066919812452426, 36.71070715032332], [35.066919812452426, 36.711246139493795], [35.065841834111495, 36.711246139493795], [35.065841834111495, 36.71178512866427], [35.067458801622905, 36.71178512866427], [35.067458801622905, 36.712863107005205], [35.067997790793385, 36.712863107005205], [35.067997790793385, 36.71340209617568], [35.067458801622905, 36.71340209617568], [35.067458801622905, 36.71394108534615], [35.065841834111495, 36.71394108534615], [35.065841834111495, 36.71340209617568], [35.065302844941016, 36.71340209617568], [35.065302844941016, 36.71178512866427], [35.064763855770536, 36.71178512866427], [35.064763855770536, 36.71232411783474], [35.06422486660006, 36.71232411783474], [35.06422486660006, 36.71178512866427], [35.063685877429606, 36.71178512866427], [35.063685877429606, 36.711246139493795], [35.06422486660006, 36.711246139493795], [35.06422486660006, 36.71070715032332], [35.064763855770536, 36.71070715032332], [35.064763855770536, 36.709090182811906], [35.065302844941016, 36.709090182811906], [35.065302844941016, 36.70855119364143]]]}, "id": "+399019+87740", "properties": {"area_ha": 15.549437985398011, "count": 54, "label": 1, "mean_dnbr": 0.23772417783366398}}, {"type": "Feature", "geometry": {"geodesic": false, "type": "Polygon", "coordinates": [[[35.067458801622905, 36.92468585100059], [35.067997790793385, 36.92468585100059], [35.067997790793385, 36.92522484017106], [35.069075769134315, 36.92522484017106], [35.069075769134315, 36.92738079685295], [35.069614758304795, 36.92738079685295], [35.069614758304795, 36.92791978602342], [35.070153747475246, 36.92791978602342], [35.070153747475246, 36.92953675353484], [35.069614758304795, 36.92953675353484], [35.069614758304795, 36.930075742705306], [35.068536779963836, 36.930075742705306], [35.068536779963836, 36.92953675353484], [35.067997790793385, 36.92953675353484], [35.067997790793385, 36.92899776436437], [35.067458801622905, 36.92899776436437], [35.067458801622905, 36.928458775193896], [35.067997790793385, 36.928458775193896], [35.067997790793385, 36.926302818512006], [35.067458801622905, 36.926302818512006], [35.067458801622905, 36.92468585100059]]]}, "id": "+399020+87339", "properties": {"area_ha": 8.327029686447252, "count": 29, "label": 1, "mean_dnbr": 0.47139940686230986}}, {"type": "Feature", "geometry": {"geodesic": false, "type": "Polygon", "coordinates": [[[35.066919812452426, 36.756521229813416], [35.068536779963836, 36.756521229813416], [35.068536779963836, 36.75706021898389], [35.069075769134315, 36.75706021898389], [35.069075769134315, 36.75759920815436], [35.068536779963836, 36.75759920815436], [35.068536779963836, 36.75813819732483], [35.066919812452426, 36.75813819732483], [35.066919812452426, 36.758677186495305], [35.065841834111495, 36.758677186495305], [35.065841834111495, 36.75706021898389], [35.066919812452426, 36.75706021898389], [35.066919812452426, 36.756521229813416]]]}, "id": "+399021+87651", "properties": {"area_ha": 4.604457380871917, "count": 16, "label": 1, "mean_dnbr": 0.27544193215743085}}, {"type": "Feature", "geometry": {"geodesic": false, "type": "Polygon", "coordinates": [[[35.067997790793385, 36.99044252979814], [35.069075769134315, 36.99044252979814], [35.069075769134315, 36.99367646482097], [35.067997790793385, 36.99367646482097], [35.067997790793385, 36.994215453991444], [35.068536779963836, 36.994215453991444], [35.068536779963836, 36.996371410673326], [35.067997790793385, 36.996371410673326], [35.067997790793385, 36.99744938901427], [35.065302844941016, 36.99744938901427], [35.065302844941016, 36.998527367355216], [35.065841834111495, 36.998527367355216], [35.065841834111495, 36.99960534569616], [35.063146888259126, 36.99960534569616], [35.063146888259126, 37.00014433486663], [35.06152992074772, 37.00014433486663], [35.06152992074772, 36.99906635652569], [35.06099093157724, 36.99906635652569], [35.06099093157724, 36.99798837818474], [35.064763855770536, 36.99798837818474], [35.064763855770536, 36.99744938901427], [35.065302844941016, 36.99744938901427], [35.065302844941016, 36.99583242150286], [35.064763855770536, 36.99583242150286], [35.064763855770536, 36.99529343233239], [35.06422486660006, 36.99529343233239], [35.06422486660006, 36.994215453991444], [35.063685877429606, 36.994215453991444], [35.063685877429606, 36.99367646482097], [35.064763855770536, 36.99367646482097], [35.064763855770536, 36.99152050813908], [35.066380823281946, 36.99152050813908], [35.066380823281946, 36.99098151896861], [35.067997790793385, 36.99098151896861], [35.067997790793385, 36.99044252979814]], [[35.066380823281946, 36.99367646482097], [35.066380823281946, 36.994215453991444], [35.064763855770536, 36.994215453991444], [35.064763855770536, 36.99367646482097], [35.066380823281946, 36.99367646482097]]]}, "id": "+399022+87217", "properties": {"area_ha": 32.13102371802026, "count": 112, "label": 1, "mean_dnbr": 0.31680788799613485}}, {"type": "Feature", "geometry": {"geodesic": false, "type": "Polygon", "coordinates": [[[35.067997790793385, 36.72579884709653], [35.069614758304795, 36.72579884709653], [35.069614758304795, 36.726337836267], [35.070153747475246, 36.726337836267], [35.070153747475246, 36.72795480377842], [35.067997790793385, 36.72795480377842], [35.067997790793385, 36.72579884709653]]]}, "id": "+399023+87708", "properties": {"area_ha": 4.318404140157804, "count": 15, "label": 1, "mean_dnbr": 0.2130380704934917}}, {"type": "Feature", "geometry": {"geodesic": false, "type": "Polygon", "coordinates": [[[35.069614758304795, 36.80934216851964], [35.070153747475246, 36.80934216851964], [35.070153747475246, 36.81095913603106], [35.070692736645725, 36.81095913603106], [35.070692736645725, 36.81149812520153], [35.071231725816205, 36.81149812520153], [35.071231725816205, 36.812037114372], [35.071770714986684, 36.812037114372], [35.071770714986684, 36.81365408188342], [35.071231725816205, 36.81365408188342], [35.071231725816205, 36.81419307105389], [35.070692736645725, 36.81419307105389], [35.070692736645725, 36.81365408188342], [35.070153747475246, 36.81365408188342], [35.070153747475246, 36.81311509271295], [35.069614758304795, 36.81311509271295], [35.069614758304795, 36.812576103542476], [35.069075769134315, 36.812576103542476], [35.069075769134315, 36.812037114372], [35.068536779963836, 36.812037114372], [35.068536779963836, 36.81149812520153], [35.067997790793385, 36.81149812520153], [35.067997790793385, 36.81095913603106], [35.067458801622905, 36.81095913603106], [35.067458801622905, 36.81042014686059], [35.067997790793385, 36.81042014686059], [35.067997790793385, 36.809881157690114], [35.069614758304795, 36.809881157690114], [35.069614758304795, 36.80934216851964]]]}, "id": "+399024+87553", "properties": {"area_ha": 9.489981910750208, "count": 33, "label": 1, "mean_dnbr": 0.4572294295682135}}, {"type": "Feature", "geometry": {"geodesic": false, "type": "Polygon", "coordinates": [[[35.070153747475246, 36.706934226130016], [35.071231725816205, 36.706934226130016], [35.071231725816205, 36.70747321530049], [35.071770714986684, 36.70747321530049], [35.071770714986684, 36.70855119364143], [35.071231725816205, 36.70855119364143], [35.071231725816205, 36.709090182811906], [35.070153747475246, 36.709090182811906], [35.070153747475246, 36.70855119364143], [35.069614758304795, 36.70855119364143], [35.069614758304795, 36.70747321530049], [35.070153747475246, 36.70747321530049], [35.070153747475246, 36.706934226130016]]]}, "id": "+399026+87743", "properties": {"area_ha": 3.455571106156174, "count": 12, "label": 1, "mean_dnbr": 0.21460900723200807}}, {"type": "Feature", "geometry": {"geodesic": false, "type": "Polygon", "coordinates": [[[35.071231725816205, 36.994754443161916], [35.072309704157135, 36.994754443161916], [35.072309704157135, 36.99583242150286], [35.072848693327614, 36.99583242150286], [35.072848693327614, 36.99744938901427], [35.071231725816205, 36.99744938901427], [35.071231725816205, 36.99583242150286], [35.071770714986684, 36.99583242150286], [35.071770714986684, 36.99529343233239], [35.071231725816205, 36.99529343233239], [35.071231725816205, 36.994754443161916]]]}, "id": "+399028+87209", "properties": {"area_ha": 3.442566581040517, "count": 12, "label": 1, "mean_dnbr": 0.30752924607738863}}, {"type": "Feature", "geometry": {"geodesic": false, "type": "Polygon", "coordinates": [[[35.069075769134315, 36.99960534569616], [35.072848693327614, 36.99960534569616], [35.072848693327614, 37.00122231320758], [35.069614758304795, 37.00122231320758], [35.069614758304795, 37.00176130237805], [35.069075769134315, 37.00176130237805], [35.069075769134315, 37.00122231320758], [35.068536779963836, 37.00122231320758], [35.068536779963836, 37.000683324037105], [35.069075769134315, 37.000683324037105], [35.069075769134315, 36.99960534569616]]]}, "id": "+399029+87200", "properties": {"area_ha": 6.597870599405013, "count": 23, "label": 1, "mean_dnbr": 0.2674567681190729}}, {"type": "Feature", "geometry": {"geodesic": false, "type": "Polygon", "coordinates": [[[35.072848693327614, 36.727415814607944], [35.073387682498094, 36.727415814607944], [35.073387682498094, 36.72795480377842], [35.07392667166857, 36.72795480377842], [35.07392667166857, 36.730110760460306], [35.073387682498094, 36.730110760460306], [35.073387682498094, 36.731188738801244], [35.07392667166857, 36.731188738801244], [35.07392667166857, 36.731727727971716], [35.073387682498094, 36.731727727971716], [35.073387682498094, 36.73226671714219], [35.072309704157135, 36.73226671714219], [35.072309704157135, 36.731727727971716], [35.072848693327614, 36.731727727971716], [35.072848693327614, 36.731188738801244], [35.071770714986684, 36.731188738801244], [35.071770714986684, 36.730110760460306], [35.072309704157135, 36.730110760460306], [35.072309704157135, 36.72795480377842], [35.072848693327614, 36.72795480377842], [35.072848693327614, 36.727415814607944]]]}, "id": "+399030+87705", "properties": {"area_ha": 6.621295346823813, "count": 23, "label": 1, "mean_dnbr": 0.2801184460657522}}, {"type": "Feature", "geometry": {"geodesic": false, "type": "Polygon", "coordinates": [[[35.072848693327614, 36.70585624778908], [35.07392667166857, 36.70585624778908], [35.07392667166857, 36.70639523695955], [35.074465660839024, 36.70639523695955], [35.074465660839024, 36.70747321530049], [35.07554363917998, 36.70747321530049], [35.07554363917998, 36.70855119364143], [35.075004650009504, 36.70855119364143], [35.075004650009504, 36.709090182811906], [35.074465660839024, 36.709090182811906], [35.074465660839024, 36.70962917198238], [35.072848693327614, 36.70962917198238], [35.072848693327614, 36.70801220447096], [35.073387682498094, 36.70801220447096], [35.073387682498094, 36.70747321530049], [35.072848693327614, 36.70747321530049], [35.072848693327614, 36.70585624778908]]]}, "id": "+399031+87745", "properties": {"area_ha": 6.911153608405488, "count": 24, "label": 1, "mean_dnbr": 0.2847220891761711}}, {"type": "Feature", "geometry": {"geodesic": false, "type": "Polygon", "coordinates": [[[35.073387682498094, 36.80179632013304], [35.074465660839024, 36.80179632013304], [35.074465660839024, 36.80287429847399], [35.075004650009504, 36.80287429847399], [35.075004650009504, 36.80341328764445], [35.074465660839024, 36.80341328764445], [35.074465660839024, 36.803952276814925], [35.07554363917998, 36.803952276814925], [35.07554363917998, 36.8044912659854], [35.076621617520914, 36.8044912659854], [35.076621617520914, 36.80503025515587], [35.07716060669139, 36.80503025515587], [35.07716060669139, 36.806108233496815], [35.07554363917998, 36.806108233496815], [35.07554363917998, 36.80664722266729], [35.073387682498094, 36.80664722266729], [35.073387682498094, 36.806108233496815], [35.072848693327614, 36.806108233496815], [35.072848693327614, 36.80556924432634], [35.073387682498094, 36.80556924432634], [35.073387682498094, 36.8044912659854], [35.072848693327614, 36.8044912659854], [35.072848693327614, 36.803952276814925], [35.073387682498094, 36.803952276814925], [35.073387682498094, 36.80341328764445], [35.072309704157135, 36.80341328764445], [35.072309704157135, 36.803952276814925], [35.071770714986684, 36.803952276814925], [35.071770714986684, 36.8044912659854], [35.071231725816205, 36.8044912659854], [35.071231725816205, 36.80341328764445], [35.071770714986684, 36.80341328764445], [35.071770714986684, 36.80287429847399], [35.072309704157135, 36.80287429847399], [35.072309704157135, 36.802335309303515], [35.073387682498094, 36.802335309303515], [35.073387682498094, 36.80179632013304]], [[35.07392667166857, 36.80287429847399], [35.07392667166857, 36.80341328764445], [35.073387682498094, 36.80341328764445], [35.073387682498094, 36.80287429847399], [35.07392667166857, 36.80287429847399]]]}, "id": "+399032+87567", "properties": {"area_ha": 13.229707418698984, "count": 46, "label": 1, "mean_dnbr": 0.2060196089772334}}, {"type": "Feature", "geometry": {"geodesic": false, "type": "Polygon", "coordinates": [[[35.073387682498094, 36.98882556228673], [35.075004650009504, 36.98882556228673], [35.075004650009504, 36.99098151896861], [35.073387682498094, 36.99098151896861], [35.073387682498094, 36.99152050813908], [35.072848693327614, 36.99152050813908], [35.072848693327614, 36.9893645514572], [35.073387682498094, 36.9893645514572], [35.073387682498094, 36.98882556228673]]]}, "id": "+399033+87220", "properties": {"area_ha": 4.590463002666283, "count": 16, "label": 1, "mean_dnbr": 0.3281586374534618}}, {"type": "Feature", "geometry": {"geodesic": false, "type": "Polygon", "coordinates": [[[35.07392667166857, 37.004456248230404], [35.07716060669139, 37.004456248230404], [35.07716060669139, 37.00499523740088], [35.076621617520914, 37.00499523740088], [35.076621617520914, 37.00607321574182], [35.076082628350434, 37.00607321574182], [35.076082628350434, 37.006612204912294], [35.07554363917998, 37.006612204912294], [35.07554363917998, 37.008229172423704], [35.075004650009504, 37.008229172423704], [35.075004650009504, 37.007151194082766], [35.072848693327614, 37.007151194082766], [35.072848693327614, 37.006612204912294], [35.07392667166857, 37.006612204912294], [35.07392667166857, 37.004456248230404]]]}, "id": "+399037+87191", "properties": {"area_ha": 7.744775414050004, "count": 27, "label": 1, "mean_dnbr": 0.1860132778305527}}, {"type": "Feature", "geometry": {"geodesic": false, "type": "Polygon", "coordinates": [[[35.076082628350434, 36.771073937416155], [35.07716060669139, 36.771073937416155], [35.07716060669139, 36.77161292658663], [35.076082628350434, 36.77161292658663], [35.076082628350434, 36.7721519157571], [35.07554363917998, 36.7721519157571], [35.07554363917998, 36.77269090492757], [35.075004650009504, 36.77269090492757], [35.075004650009504, 36.77376888326851], [35.07392667166857, 36.77376888326851], [35.07392667166857, 36.77430787243898], [35.073387682498094, 36.77430787243898], [35.073387682498094, 36.774846861609454], [35.072848693327614, 36.774846861609454], [35.072848693327614, 36.77376888326851], [35.072309704157135, 36.77376888326851], [35.072309704157135, 36.77269090492757], [35.072848693327614, 36.77269090492757], [35.072848693327614, 36.7721519157571], [35.07392667166857, 36.7721519157571], [35.07392667166857, 36.77161292658663], [35.076082628350434, 36.77161292658663], [35.076082628350434, 36.771073937416155]]]}, "id": "+399037+87624", "properties": {"area_ha": 6.905304310985284, "count": 24, "label": 1, "mean_dnbr": 0.39599812052534367}}, {"type": "Feature", "geometry": {"geodesic": false, "type": "Polygon", "coordinates": [[[35.075004650009504, 36.891268522431346], [35.07769959586187, 36.891268522431346], [35.07769959586187, 36.89288548994276], [35.078238585032324, 36.89288548994276], [35.078238585032324, 36.8939634682837], [35.07716060669139, 36.8939634682837], [35.07716060669139, 36.89342447911323], [35.076082628350434, 36.89342447911323], [35.076082628350434, 36.89234650077229], [35.07554363917998, 36.89234650077229], [35.07554363917998, 36.89180751160182], [35.075004650009504, 36.89180751160182], [35.075004650009504, 36.891268522431346]]]}, "id": "+399038+87401", "properties": {"area_ha": 5.170878479304002, "count": 18, "label": 1, "mean_dnbr": 0.26222881449364993}}, {"type": "Feature", "geometry": {"geodesic": false, "type": "Polygon", "coordinates": [[[35.07769959586187, 36.87348187980578], [35.07931656337328, 36.87348187980578], [35.07931656337328, 36.87402086897625], [35.07985555254376, 36.87402086897625], [35.07985555254376, 36.8750988473172], [35.07931656337328, 36.8750988473172], [35.07931656337328, 36.87563783648766], [35.07769959586187, 36.87563783648766], [35.07769959586187, 36.87348187980578]]]}, "id": "+399041+87434", "properties": {"area_ha": 4.022745142901947, "count": 14, "label": 1, "mean_dnbr": 0.35924016994996544}}, {"type": "Feature", "geometry": {"geodesic": false, "type": "Polygon", "coordinates": [[[35.07716060669139, 36.76784000239332], [35.07985555254376, 36.76784000239332], [35.07985555254376, 36.76837899156379], [35.07931656337328, 36.76837899156379], [35.07931656337328, 36.768917980734265], [35.0787775742028, 36.768917980734265], [35.0787775742028, 36.76945696990474], [35.078238585032324, 36.76945696990474], [35.078238585032324, 36.76999595907521], [35.07716060669139, 36.76999595907521], [35.07716060669139, 36.77053494824568], [35.076621617520914, 36.77053494824568], [35.076621617520914, 36.76945696990474], [35.076082628350434, 36.76945696990474], [35.076082628350434, 36.768917980734265], [35.076621617520914, 36.768917980734265], [35.076621617520914, 36.76837899156379], [35.07716060669139, 36.76837899156379], [35.07716060669139, 36.76784000239332]]]}, "id": "+399042+87630", "properties": {"area_ha": 5.466970094252832, "count": 19, "label": 1, "mean_dnbr": 0.22774103567000797}}, {"type": "Feature", "geometry": {"geodesic": false, "type": "Polygon", "coordinates": [[[35.07931656337328, 36.76029415400672], [35.08039454171421, 36.76029415400672], [35.08039454171421, 36.76083314317719], [35.08093353088469, 36.76083314317719], [35.08093353088469, 36.762450110688604], [35.08147252005517, 36.762450110688604], [35.08147252005517, 36.76298909985908], [35.08093353088469, 36.76298909985908], [35.08093353088469, 36.76352808902955], [35.078238585032324, 36.76352808902955], [35.078238585032324, 36.76298909985908], [35.07769959586187, 36.76298909985908], [35.07769959586187, 36.76191112151813], [35.07716060669139, 36.76191112151813], [35.07716060669139, 36.76137213234766], [35.078238585032324, 36.76137213234766], [35.078238585032324, 36.76083314317719], [35.07931656337328, 36.76083314317719], [35.07931656337328, 36.76029415400672]]]}, "id": "+399043+87644", "properties": {"area_ha": 9.208379798754757, "count": 32, "label": 1, "mean_dnbr": 0.29971361493887666}}, {"type": "Feature", "geometry": {"geodesic": false, "type": "Polygon", "coordinates": [[[35.08039454171421, 36.940855526114746], [35.08147252005517, 36.940855526114746], [35.08147252005517, 36.94301148279663], [35.07985555254376, 36.94301148279663], [35.07985555254376, 36.94408946113757], [35.0787775742028, 36.94408946113757], [35.0787775742028, 36.942472493626155], [35.08039454171421, 36.942472493626155], [35.08039454171421, 36.940855526114746]]]}, "id": "+399045+87309", "properties": {"area_ha": 4.306245804816098, "count": 15, "label": 1, "mean_dnbr": 0.39755860255301895}}, {"type": "Feature", "geometry": {"geodesic": false, "type": "Polygon", "coordinates": [[[35.07985555254376, 36.92791978602342], [35.08147252005517, 36.92791978602342], [35.08147252005517, 36.92899776436437], [35.08093353088469, 36.92899776436437], [35.08093353088469, 36.92953675353484], [35.08147252005517, 36.92953675353484], [35.08147252005517, 36.930075742705306], [35.07931656337328, 36.930075742705306], [35.07931656337328, 36.92953675353484], [35.07985555254376, 36.92953675353484], [35.07985555254376, 36.92899776436437], [35.07931656337328, 36.92899776436437], [35.07931656337328, 36.928458775193896], [35.07985555254376, 36.928458775193896], [35.07985555254376, 36.92791978602342]]]}, "id": "+399045+87333", "properties": {"area_ha": 3.7327451289351252, "count": 13, "label": 1, "mean_dnbr": 0.21188740902829745}}, {"type": "Feature", "geometry": {"geodesic": false, "type": "Polygon", "coordinates": [[[35.07985555254376, 36.837369605384175], [35.08147252005517, 36.837369605384175], [35.08147252005517, 36.83790859455465], [35.08201150922562, 36.83790859455465], [35.08201150922562, 36.84006455123653], [35.0825504983961, 36.84006455123653], [35.0825504983961, 36.84275949708889], [35.08308948756658, 36.84275949708889], [35.08308948756658, 36.84491545377078], [35.08039454171421, 36.84491545377078], [35.08039454171421, 36.84437646460031], [35.07985555254376, 36.84437646460031], [35.07985555254376, 36.843298486259364], [35.07931656337328, 36.843298486259364], [35.07931656337328, 36.84222050791842], [35.0787775742028, 36.84222050791842], [35.0787775742028, 36.84168151874795], [35.07931656337328, 36.84168151874795], [35.07931656337328, 36.840603540407], [35.0787775742028, 36.840603540407], [35.0787775742028, 36.83898657289559], [35.078238585032324, 36.83898657289559], [35.078238585032324, 36.83790859455465], [35.07985555254376, 36.83790859455465], [35.07985555254376, 36.837369605384175]]]}, "id": "+399045+87501", "properties": {"area_ha": 24.434486131669352, "count": 85, "label": 1, "mean_dnbr": 0.5529117429222012}}, {"type": "Feature", "geometry": {"geodesic": false, "type": "Polygon", "coordinates": [[[35.07985555254376, 36.73819559801738], [35.08147252005517, 36.73819559801738], [35.08147252005517, 36.739812565528794], [35.08201150922562, 36.739812565528794], [35.08201150922562, 36.74035155469927], [35.08039454171421, 36.74035155469927], [35.08039454171421, 36.739812565528794], [35.07985555254376, 36.739812565528794], [35.07985555254376, 36.73819559801738]]]}, "id": "+399045+87685", "properties": {"area_ha": 3.4541648421444506, "count": 12, "label": 1, "mean_dnbr": 0.22770091536095785}}, {"type": "Feature", "geometry": {"geodesic": false, "type": "Polygon", "coordinates": [[[35.08093353088469, 36.822277908610964], [35.0825504983961, 36.822277908610964], [35.0825504983961, 36.82335588695191], [35.08308948756658, 36.82335588695191], [35.08308948756658, 36.82443386529285], [35.08093353088469, 36.82443386529285], [35.08093353088469, 36.822277908610964]]]}, "id": "+399047+87529", "properties": {"area_ha": 4.02544011471963, "count": 14, "label": 1, "mean_dnbr": 0.37148632926731}}, {"type": "Feature", "geometry": {"geodesic": false, "type": "Polygon", "coordinates": [[[35.08147252005517, 36.8007183417921], [35.0825504983961, 36.8007183417921], [35.0825504983961, 36.80125733096257], [35.08201150922562, 36.80125733096257], [35.08201150922562, 36.80179632013304], [35.08308948756658, 36.80179632013304], [35.08308948756658, 36.80125733096257], [35.08524544424847, 36.80125733096257], [35.08524544424847, 36.802335309303515], [35.08362847673706, 36.802335309303515], [35.08362847673706, 36.803952276814925], [35.08308948756658, 36.803952276814925], [35.08308948756658, 36.8044912659854], [35.0825504983961, 36.8044912659854], [35.0825504983961, 36.80503025515587], [35.08093353088469, 36.80503025515587], [35.08093353088469, 36.8044912659854], [35.07985555254376, 36.8044912659854], [35.07985555254376, 36.803952276814925], [35.08039454171421, 36.803952276814925], [35.08039454171421, 36.80341328764445], [35.08093353088469, 36.80341328764445], [35.08093353088469, 36.80287429847399], [35.08201150922562, 36.80287429847399], [35.08201150922562, 36.80179632013304], [35.08093353088469, 36.80179632013304], [35.08093353088469, 36.802335309303515], [35.08039454171421, 36.802335309303515], [35.08039454171421, 36.80287429847399], [35.07931656337328, 36.80287429847399], [35.07931656337328, 36.803952276814925], [35.078238585032324, 36.803952276814925], [35.078238585032324, 36.8044912659854], [35.07716060669139, 36.8044912659854], [35.07716060669139, 36.803952276814925], [35.076621617520914, 36.803952276814925], [35.076621617520914, 36.80341328764445], [35.07716060669139, 36.80341328764445], [35.07716060669139, 36.803952276814925], [35.07769959586187, 36.803952276814925], [35.07769959586187, 36.80341328764445], [35.078238585032324, 36.80341328764445], [35.078238585032324, 36.80287429847399], [35.07931656337328, 36.80287429847399], [35.07931656337328, 36.80179632013304], [35.08093353088469, 36.80179632013304], [35.08093353088469, 36.80125733096257], [35.08147252005517, 36.80125733096257], [35.08147252005517, 36.8007183417921]]]}, "id": "+399047+87569", "properties": {"area_ha": 14.380393857255862, "count": 50, "label": 1, "mean_dnbr": 0.21974615142552306}}, {"type": "Feature", "geometry": {"geodesic": false, "type": "Polygon", "coordinates": [[[35.08201150922562, 36.69292050769776], [35.0825504983961, 36.69292050769776], [35.0825504983961, 36.6939984860387], [35.08308948756658, 36.6939984860387], [35.08308948756658, 36.69507646437964], [35.08362847673706, 36.69507646437964], [35.08362847673706, 36.696154442720584], [35.0825504983961, 36.696154442720584], [35.0825504983961, 36.696693431891056], [35.08308948756658, 36.696693431891056], [35.08308948756658, 36.69723242106153], [35.08362847673706, 36.69723242106153], [35.08362847673706, 36.696693431891056], [35.08416746590751, 36.696693431891056], [35.08416746590751, 36.69723242106153], [35.08470645507799, 36.69723242106153], [35.08470645507799, 36.697771410232], [35.08416746590751, 36.697771410232], [35.08416746590751, 36.69831039940247], [35.08362847673706, 36.69831039940247], [35.08362847673706, 36.69992736691389], [35.08416746590751, 36.69992736691389], [35.08416746590751, 36.70100534525483], [35.08470645507799, 36.70100534525483], [35.08470645507799, 36.7015443344253], [35.08416746590751, 36.7015443344253], [35.08416746590751, 36.702622312766245], [35.08308948756658, 36.702622312766245], [35.08308948756658, 36.70316130193672], [35.08201150922562, 36.70316130193672], [35.08201150922562, 36.704778269448134], [35.08147252005517, 36.704778269448134], [35.08147252005517, 36.70531725861861], [35.08093353088469, 36.70531725861861], [35.08093353088469, 36.70585624778908], [35.08039454171421, 36.70585624778908], [35.08039454171421, 36.70531725861861], [35.07985555254376, 36.70531725861861], [35.07985555254376, 36.704778269448134], [35.07931656337328, 36.704778269448134], [35.07931656337328, 36.702622312766245], [35.08093353088469, 36.702622312766245], [35.08093353088469, 36.7015443344253], [35.08201150922562, 36.7015443344253], [35.08201150922562, 36.70100534525483], [35.0825504983961, 36.70100534525483], [35.0825504983961, 36.69938837774342], [35.08201150922562, 36.69938837774342], [35.08201150922562, 36.698849388572945], [35.08147252005517, 36.698849388572945], [35.08147252005517, 36.697771410232], [35.08093353088469, 36.697771410232], [35.08093353088469, 36.69561545355011], [35.08039454171421, 36.69561545355011], [35.08039454171421, 36.6939984860387], [35.08201150922562, 36.6939984860387], [35.08201150922562, 36.69292050769776]], [[35.08201150922562, 36.702622312766245], [35.08201150922562, 36.70316130193672], [35.08147252005517, 36.70316130193672], [35.08147252005517, 36.702622312766245], [35.08201150922562, 36.702622312766245]], [[35.08416746590751, 36.69723242106153], [35.08416746590751, 36.697771410232], [35.08362847673706, 36.697771410232], [35.08362847673706, 36.69723242106153], [35.08416746590751, 36.69723242106153]]]}, "id": "+399047+87769", "properties": {"area_ha": 28.511595059153567, "count": 99, "label": 1, "mean_dnbr": 0.4193073815239856}}, {"type": "Feature", "geometry": {"geodesic": false, "type": "Polygon", "coordinates": [[[35.08201150922562, 36.80934216851964], [35.08308948756658, 36.80934216851964], [35.08308948756658, 36.81042014686059], [35.08362847673706, 36.81042014686059], [35.08362847673706, 36.81149812520153], [35.08416746590751, 36.81149812520153], [35.08416746590751, 36.812576103542476], [35.08362847673706, 36.812576103542476], [35.08362847673706, 36.81311509271295], [35.0825504983961, 36.81311509271295], [35.0825504983961, 36.812576103542476], [35.08147252005517, 36.812576103542476], [35.08147252005517, 36.81149812520153], [35.08093353088469, 36.81149812520153], [35.08093353088469, 36.81042014686059], [35.08201150922562, 36.81042014686059], [35.08201150922562, 36.80934216851964]]]}, "id": "+399048+87553", "properties": {"area_ha": 7.47699007695373, "count": 26, "label": 1, "mean_dnbr": 0.44846450162798845}}, {"type": "Feature", "geometry": {"geodesic": false, "type": "Polygon", "coordinates": [[[35.08416746590751, 36.76999595907521], [35.08470645507799, 36.76999595907521], [35.08470645507799, 36.771073937416155], [35.08524544424847, 36.771073937416155], [35.08524544424847, 36.7721519157571], [35.08416746590751, 36.7721519157571], [35.08416746590751, 36.77269090492757], [35.08308948756658, 36.77269090492757], [35.08308948756658, 36.77322989409804], [35.0825504983961, 36.77322989409804], [35.0825504983961, 36.7721519157571], [35.08201150922562, 36.7721519157571], [35.08201150922562, 36.77161292658663], [35.0825504983961, 36.77161292658663], [35.0825504983961, 36.771073937416155], [35.08308948756658, 36.771073937416155], [35.08308948756658, 36.77053494824568], [35.08416746590751, 36.77053494824568], [35.08416746590751, 36.76999595907521]]]}, "id": "+399051+87626", "properties": {"area_ha": 5.466788894365916, "count": 19, "label": 1, "mean_dnbr": 0.3004308872010179}}, {"type": "Feature", "geometry": {"geodesic": false, "type": "Polygon", "coordinates": [[[35.08093353088469, 36.744124478892566], [35.08524544424847, 36.744124478892566], [35.08524544424847, 36.74574144640398], [35.07985555254376, 36.74574144640398], [35.07985555254376, 36.74520245723351], [35.07931656337328, 36.74520245723351], [35.07931656337328, 36.74466346806304], [35.08093353088469, 36.74466346806304], [35.08093353088469, 36.744124478892566]]]}, "id": "+399052+87674", "properties": {"area_ha": 8.346995458619768, "count": 29, "label": 1, "mean_dnbr": 0.48453527448488126}}, {"type": "Feature", "geometry": {"geodesic": false, "type": "Polygon", "coordinates": [[[35.08362847673706, 36.731188738801244], [35.08524544424847, 36.731188738801244], [35.08524544424847, 36.73711761967643], [35.08416746590751, 36.73711761967643], [35.08416746590751, 36.73657863050597], [35.08470645507799, 36.73657863050597], [35.08470645507799, 36.73442267382408], [35.08416746590751, 36.73442267382408], [35.08416746590751, 36.73334469548313], [35.08470645507799, 36.73334469548313], [35.08470645507799, 36.73280570631266], [35.08416746590751, 36.73280570631266], [35.08416746590751, 36.731727727971716], [35.08362847673706, 36.731727727971716], [35.08362847673706, 36.731188738801244]]]}, "id": "+399052+87698", "properties": {"area_ha": 5.181617196901197, "count": 18, "label": 1, "mean_dnbr": 0.40902860545520414}}, {"type": "Feature", "geometry": {"geodesic": false, "type": "Polygon", "coordinates": [[[35.08362847673706, 37.01146310744654], [35.0863234225894, 37.01146310744654], [35.0863234225894, 37.01200209661701], [35.08578443341895, 37.01200209661701], [35.08578443341895, 37.013080074957955], [35.0863234225894, 37.013080074957955], [35.0863234225894, 37.01361906412843], [35.08578443341895, 37.01361906412843], [35.08578443341895, 37.01415805329889], [35.08524544424847, 37.01415805329889], [35.08524544424847, 37.014697042469365], [35.08470645507799, 37.014697042469365], [35.08470645507799, 37.01361906412843], [35.08416746590751, 37.01361906412843], [35.08416746590751, 37.01200209661701], [35.08362847673706, 37.01200209661701], [35.08362847673706, 37.01146310744654]]]}, "id": "+399054+87178", "properties": {"area_ha": 5.162715422733568, "count": 18, "label": 1, "mean_dnbr": 0.47575995303930846}}, {"type": "Feature", "geometry": {"geodesic": false, "type": "Polygon", "coordinates": [[[35.08362847673706, 36.925763829341534], [35.0863234225894, 36.925763829341534], [35.0863234225894, 36.926302818512006], [35.08686241175988, 36.926302818512006], [35.08686241175988, 36.92738079685295], [35.0863234225894, 36.92738079685295], [35.0863234225894, 36.92791978602342], [35.08416746590751, 36.92791978602342], [35.08416746590751, 36.928458775193896], [35.08362847673706, 36.928458775193896], [35.08362847673706, 36.925763829341534]]]}, "id": "+399054+87337", "properties": {"area_ha": 6.604257656832428, "count": 23, "label": 1, "mean_dnbr": 0.6025210608266868}}, {"type": "Feature", "geometry": {"geodesic": false, "type": "Polygon", "coordinates": [[[35.0863234225894, 36.71986996622134], [35.08686241175988, 36.71986996622134], [35.08686241175988, 36.721486933732756], [35.08740140093036, 36.721486933732756], [35.08740140093036, 36.72472086875558], [35.08794039010081, 36.72472086875558], [35.08794039010081, 36.725259857926055], [35.08847937927129, 36.725259857926055], [35.08847937927129, 36.726337836267], [35.08794039010081, 36.726337836267], [35.08794039010081, 36.72903278211936], [35.08847937927129, 36.72903278211936], [35.08847937927129, 36.729571771289834], [35.08901836844177, 36.729571771289834], [35.08901836844177, 36.73064974963077], [35.08955735761225, 36.73064974963077], [35.08955735761225, 36.73226671714219], [35.08686241175988, 36.73226671714219], [35.08686241175988, 36.73064974963077], [35.0863234225894, 36.73064974963077], [35.0863234225894, 36.730110760460306], [35.08578443341895, 36.730110760460306], [35.08578443341895, 36.73064974963077], [35.08470645507799, 36.73064974963077], [35.08470645507799, 36.72903278211936], [35.08524544424847, 36.72903278211936], [35.08524544424847, 36.729571771289834], [35.0863234225894, 36.729571771289834], [35.0863234225894, 36.72903278211936], [35.08686241175988, 36.72903278211936], [35.08686241175988, 36.72849379294889], [35.08740140093036, 36.72849379294889], [35.08740140093036, 36.72795480377842], [35.0863234225894, 36.72795480377842], [35.0863234225894, 36.72849379294889], [35.08578443341895, 36.72849379294889], [35.08578443341895, 36.72795480377842], [35.08524544424847, 36.72795480377842], [35.08524544424847, 36.72687682543747], [35.08470645507799, 36.72687682543747], [35.08470645507799, 36.726337836267], [35.08416746590751, 36.726337836267], [35.08416746590751, 36.725259857926055], [35.08524544424847, 36.725259857926055], [35.08524544424847, 36.72418187958512], [35.08578443341895, 36.72418187958512], [35.08578443341895, 36.72310390124417], [35.08524544424847, 36.72310390124417], [35.08524544424847, 36.723642890414645], [35.08470645507799, 36.723642890414645], [35.08470645507799, 36.72418187958512], [35.08362847673706, 36.72418187958512], [35.08362847673706, 36.725259857926055], [35.08201150922562, 36.725259857926055], [35.08201150922562, 36.72579884709653], [35.0825504983961, 36.72579884709653], [35.0825504983961, 36.726337836267], [35.08147252005517, 36.726337836267], [35.08147252005517, 36.72687682543747], [35.08093353088469, 36.72687682543747], [35.08093353088469, 36.727415814607944], [35.08039454171421, 36.727415814607944], [35.08039454171421, 36.72795480377842], [35.07985555254376, 36.72795480377842], [35.07985555254376, 36.727415814607944], [35.08039454171421, 36.727415814607944], [35.08039454171421, 36.725259857926055], [35.08201150922562, 36.725259857926055], [35.08201150922562, 36.72472086875558], [35.08093353088469, 36.72472086875558], [35.08093353088469, 36.723642890414645], [35.08039454171421, 36.723642890414645], [35.08039454171421, 36.72310390124417], [35.07985555254376, 36.72310390124417], [35.07985555254376, 36.7225649120737], [35.08147252005517, 36.7225649120737], [35.08147252005517, 36.72310390124417], [35.0825504983961, 36.72310390124417], [35.0825504983961, 36.7225649120737], [35.08308948756658, 36.7225649120737], [35.08308948756658, 36.72202592290323], [35.08416746590751, 36.72202592290323], [35.08416746590751, 36.7225649120737], [35.08470645507799, 36.7225649120737], [35.08470645507799, 36.72202592290323], [35.08524544424847, 36.72202592290323], [35.08524544424847, 36.72094794456228], [35.08578443341895, 36.72094794456228], [35.08578443341895, 36.72040895539181], [35.0863234225894, 36.72040895539181], [35.0863234225894, 36.71986996622134]]]}, "id": "+399055+87719", "properties": {"area_ha": 43.18453273523717, "count": 150, "label": 1, "mean_dnbr": 0.31185458909074704}}, {"type": "Feature", "geometry": {"geodesic": false, "type": "Polygon", "coordinates": [[[35.08686241175988, 36.68806960516351], [35.08794039010081, 36.68806960516351], [35.08794039010081, 36.68860859433398], [35.08847937927129, 36.68860859433398], [35.08847937927129, 36.68914758350445], [35.08901836844177, 36.68914758350445], [35.08901836844177, 36.69076455101587], [35.08955735761225, 36.69076455101587], [35.08955735761225, 36.69184252935681], [35.08901836844177, 36.69184252935681], [35.08901836844177, 36.69076455101587], [35.08847937927129, 36.69076455101587], [35.08847937927129, 36.68968657267492], [35.08794039010081, 36.68968657267492], [35.08794039010081, 36.68914758350445], [35.08686241175988, 36.68914758350445], [35.08686241175988, 36.68806960516351]]]}, "id": "+399057+87778", "properties": {"area_ha": 3.1683671205471, "count": 11, "label": 1, "mean_dnbr": 0.23653316799466897}}, {"type": "Feature", "geometry": {"geodesic": false, "type": "Polygon", "coordinates": [[[35.08794039010081, 36.71609704202804], [35.08955735761225, 36.71609704202804], [35.08955735761225, 36.717175020368984], [35.0900963467827, 36.717175020368984], [35.0900963467827, 36.71663603119851], [35.09117432512366, 36.71663603119851], [35.09117432512366, 36.719330977050866], [35.0900963467827, 36.719330977050866], [35.0900963467827, 36.718791987880394], [35.08901836844177, 36.718791987880394], [35.08901836844177, 36.71825299870993], [35.08794039010081, 36.71825299870993], [35.08794039010081, 36.71609704202804]]]}, "id": "+399060+87726", "properties": {"area_ha": 7.486132159635371, "count": 26, "label": 1, "mean_dnbr": 0.4294823295833489}}, {"type": "Feature", "geometry": {"geodesic": false, "type": "Polygon", "coordinates": [[[35.08740140093036, 36.959181157910784], [35.0900963467827, 36.959181157910784], [35.0900963467827, 36.96025913625172], [35.08955735761225, 36.96025913625172], [35.08955735761225, 36.963493071274556], [35.08847937927129, 36.963493071274556], [35.08847937927129, 36.96295408210408], [35.08794039010081, 36.96295408210408], [35.08794039010081, 36.96241509293361], [35.08686241175988, 36.96241509293361], [35.08686241175988, 36.961337114592666], [35.08740140093036, 36.961337114592666], [35.08740140093036, 36.959181157910784]]]}, "id": "+399061+87275", "properties": {"area_ha": 9.471417110109183, "count": 33, "label": 1, "mean_dnbr": 0.43283774855886686}}, {"type": "Feature", "geometry": {"geodesic": false, "type": "Polygon", "coordinates": [[[35.0900963467827, 36.73657863050597], [35.09063533595318, 36.73657863050597], [35.09063533595318, 36.73711761967643], [35.09117432512366, 36.73711761967643], [35.09117432512366, 36.737656608846905], [35.09171331429414, 36.737656608846905], [35.09171331429414, 36.73927357635832], [35.09063533595318, 36.73927357635832], [35.09063533595318, 36.73873458718785], [35.08847937927129, 36.73873458718785], [35.08847937927129, 36.73819559801738], [35.08794039010081, 36.73819559801738], [35.08794039010081, 36.73873458718785], [35.08578443341895, 36.73873458718785], [35.08578443341895, 36.73657863050597], [35.08740140093036, 36.73657863050597], [35.08740140093036, 36.73711761967643], [35.08794039010081, 36.73711761967643], [35.08794039010081, 36.73657863050597], [35.08955735761225, 36.73657863050597], [35.08955735761225, 36.73711761967643], [35.0900963467827, 36.73711761967643], [35.0900963467827, 36.73657863050597]], [[35.09063533595318, 36.73711761967643], [35.09063533595318, 36.737656608846905], [35.09117432512366, 36.737656608846905], [35.09117432512366, 36.73819559801738], [35.0900963467827, 36.73819559801738], [35.0900963467827, 36.73711761967643], [35.09063533595318, 36.73711761967643]]]}, "id": "+399062+87688", "properties": {"area_ha": 10.650554536250018, "count": 37, "label": 1, "mean_dnbr": 0.3322379510579157}}, {"type": "Feature", "geometry": {"geodesic": false, "type": "Polygon", "coordinates": [[[35.0900963467827, 36.70962917198238], [35.09063533595318, 36.70962917198238], [35.09063533595318, 36.711246139493795], [35.09440826014648, 36.711246139493795], [35.09440826014648, 36.71178512866427], [35.09494724931696, 36.71178512866427], [35.09494724931696, 36.71232411783474], [35.09548623848744, 36.71232411783474], [35.09548623848744, 36.712863107005205], [35.09602522765789, 36.712863107005205], [35.09602522765789, 36.71394108534615], [35.09710320599885, 36.71394108534615], [35.09710320599885, 36.71448007451662], [35.09602522765789, 36.71448007451662], [35.09602522765789, 36.715019063687095], [35.09440826014648, 36.715019063687095], [35.09440826014648, 36.71394108534615], [35.093869270976, 36.71394108534615], [35.093869270976, 36.712863107005205], [35.09333028180555, 36.712863107005205], [35.09333028180555, 36.71178512866427], [35.0900963467827, 36.71178512866427], [35.0900963467827, 36.715019063687095], [35.08847937927129, 36.715019063687095], [35.08847937927129, 36.71340209617568], [35.08901836844177, 36.71340209617568], [35.08901836844177, 36.71178512866427], [35.08955735761225, 36.71178512866427], [35.08955735761225, 36.711246139493795], [35.0900963467827, 36.711246139493795], [35.0900963467827, 36.70962917198238]]]}, "id": "+399062+87738", "properties": {"area_ha": 14.397279611432738, "count": 50, "label": 1, "mean_dnbr": 0.34932125876221104}}, {"type": "Feature", "geometry": {"geodesic": false, "type": "Polygon", "coordinates": [[[35.09063533595318, 36.690225561845395], [35.09117432512366, 36.690225561845395], [35.09117432512366, 36.69076455101587], [35.09171331429414, 36.69076455101587], [35.09171331429414, 36.69130354018634], [35.09225230346459, 36.69130354018634], [35.09225230346459, 36.69076455101587], [35.09333028180555, 36.69076455101587], [35.09333028180555, 36.692381518527284], [35.093869270976, 36.692381518527284], [35.093869270976, 36.69292050769776], [35.09333028180555, 36.69292050769776], [35.09333028180555, 36.69345949686823], [35.09225230346459, 36.69345949686823], [35.09225230346459, 36.69453747520917], [35.09117432512366, 36.69453747520917], [35.09117432512366, 36.69345949686823], [35.0900963467827, 36.69345949686823], [35.0900963467827, 36.69184252935681], [35.09063533595318, 36.69184252935681], [35.09063533595318, 36.690225561845395]]]}, "id": "+399063+87774", "properties": {"area_ha": 9.504753381775359, "count": 33, "label": 1, "mean_dnbr": 0.3460432871586227}}, {"type": "Feature", "geometry": {"geodesic": false, "type": "Polygon", "coordinates": [[[35.09063533595318, 36.812037114372], [35.09171331429414, 36.812037114372], [35.09171331429414, 36.81311509271295], [35.09225230346459, 36.81311509271295], [35.09225230346459, 36.81365408188342], [35.09279129263507, 36.81365408188342], [35.09279129263507, 36.81419307105389], [35.093869270976, 36.81419307105389], [35.093869270976, 36.814732060224365], [35.09440826014648, 36.814732060224365], [35.09440826014648, 36.81527104939483], [35.09494724931696, 36.81527104939483], [35.09494724931696, 36.816349027735775], [35.09548623848744, 36.816349027735775], [35.09548623848744, 36.81688801690625], [35.09494724931696, 36.81688801690625], [35.09494724931696, 36.816349027735775], [35.09440826014648, 36.816349027735775], [35.09440826014648, 36.81527104939483], [35.09333028180555, 36.81527104939483], [35.09333028180555, 36.814732060224365], [35.09279129263507, 36.814732060224365], [35.09279129263507, 36.81419307105389], [35.09171331429414, 36.81419307105389], [35.09171331429414, 36.81527104939483], [35.09063533595318, 36.81527104939483], [35.09063533595318, 36.8158100385653], [35.0900963467827, 36.8158100385653], [35.0900963467827, 36.81527104939483], [35.08955735761225, 36.81527104939483], [35.08955735761225, 36.81419307105389], [35.08901836844177, 36.81419307105389], [35.08901836844177, 36.812037114372], [35.0900963467827, 36.812037114372], [35.0900963467827, 36.812576103542476], [35.09063533595318, 36.812576103542476], [35.09063533595318, 36.812037114372]], [[35.09171331429414, 36.81311509271295], [35.09171331429414, 36.81419307105389], [35.09117432512366, 36.81419307105389], [35.09117432512366, 36.81311509271295], [35.09171331429414, 36.81311509271295]], [[35.09117432512366, 36.812576103542476], [35.09117432512366, 36.81311509271295], [35.09063533595318, 36.81311509271295], [35.09063533595318, 36.812576103542476], [35.09117432512366, 36.812576103542476]]]}, "id": "+399064+87548", "properties": {"area_ha": 10.064824782090925, "count": 35, "label": 1, "mean_dnbr": 0.3193109714823828}}, {"type": "Feature", "geometry": {"geodesic": false, "type": "Polygon", "coordinates": [[[35.0900963467827, 36.752748305620116], [35.09171331429414, 36.752748305620116], [35.09171331429414, 36.754904262302], [35.09225230346459, 36.754904262302], [35.09225230346459, 36.75598224064294], [35.09063533595318, 36.75598224064294], [35.09063533595318, 36.756521229813416], [35.08955735761225, 36.756521229813416], [35.08955735761225, 36.754904262302], [35.08901836844177, 36.754904262302], [35.08901836844177, 36.75328729479059], [35.0900963467827, 36.75328729479059], [35.0900963467827, 36.752748305620116]]]}, "id": "+399064+87658", "properties": {"area_ha": 8.63368970603991, "count": 30, "label": 1, "mean_dnbr": 0.452858368167586}}, {"type": "Feature", "geometry": {"geodesic": false, "type": "Polygon", "coordinates": [[[35.0900963467827, 36.72040895539181], [35.09171331429414, 36.72040895539181], [35.09171331429414, 36.72094794456228], [35.09225230346459, 36.72094794456228], [35.09225230346459, 36.721486933732756], [35.09279129263507, 36.721486933732756], [35.09279129263507, 36.7225649120737], [35.09171331429414, 36.7225649120737], [35.09171331429414, 36.72310390124417], [35.09117432512366, 36.72310390124417], [35.09117432512366, 36.723642890414645], [35.09063533595318, 36.723642890414645], [35.09063533595318, 36.72418187958512], [35.0900963467827, 36.72418187958512], [35.0900963467827, 36.723642890414645], [35.09063533595318, 36.723642890414645], [35.09063533595318, 36.721486933732756], [35.0900963467827, 36.721486933732756], [35.0900963467827, 36.72040895539181]]]}, "id": "+399064+87718", "properties": {"area_ha": 5.470330139700402, "count": 19, "label": 1, "mean_dnbr": 0.46882842250541945}}, {"type": "Feature", "geometry": {"geodesic": false, "type": "Polygon", "coordinates": [[[35.09279129263507, 36.74089054386974], [35.09333028180555, 36.74089054386974], [35.09333028180555, 36.74142953304021], [35.093869270976, 36.74142953304021], [35.093869270976, 36.74196852221068], [35.09494724931696, 36.74196852221068], [35.09494724931696, 36.74304650055162], [35.093869270976, 36.74304650055162], [35.093869270976, 36.74358548972209], [35.09279129263507, 36.74358548972209], [35.09279129263507, 36.744124478892566], [35.09117432512366, 36.744124478892566], [35.09117432512366, 36.74466346806304], [35.08901836844177, 36.74466346806304], [35.08901836844177, 36.74681942474493], [35.08847937927129, 36.74681942474493], [35.08847937927129, 36.742507511381156], [35.08901836844177, 36.742507511381156], [35.08901836844177, 36.74358548972209], [35.08955735761225, 36.74358548972209], [35.08955735761225, 36.74304650055162], [35.0900963467827, 36.74304650055162], [35.0900963467827, 36.742507511381156], [35.09117432512366, 36.742507511381156], [35.09117432512366, 36.74196852221068], [35.09225230346459, 36.74196852221068], [35.09225230346459, 36.74142953304021], [35.09279129263507, 36.74142953304021], [35.09279129263507, 36.74089054386974]]]}, "id": "+399067+87680", "properties": {"area_ha": 13.528110236819371, "count": 47, "label": 1, "mean_dnbr": 0.2915990739998374}}, {"type": "Feature", "geometry": {"geodesic": false, "type": "Polygon", "coordinates": [[[35.09333028180555, 36.809881157690114], [35.093869270976, 36.809881157690114], [35.093869270976, 36.81095913603106], [35.09494724931696, 36.81095913603106], [35.09494724931696, 36.81149812520153], [35.09656421682837, 36.81149812520153], [35.09656421682837, 36.812037114372], [35.09710320599885, 36.812037114372], [35.09710320599885, 36.81365408188342], [35.09818118433978, 36.81365408188342], [35.09818118433978, 36.81311509271295], [35.09872017351026, 36.81311509271295], [35.09872017351026, 36.812576103542476], [35.09979815185119, 36.812576103542476], [35.09979815185119, 36.812037114372], [35.10087613019215, 36.812037114372], [35.10087613019215, 36.812576103542476], [35.10141511936263, 36.812576103542476], [35.10141511936263, 36.81311509271295], [35.10195410853308, 36.81311509271295], [35.10195410853308, 36.81365408188342], [35.10141511936263, 36.81365408188342], [35.10141511936263, 36.81419307105389], [35.10087613019215, 36.81419307105389], [35.10087613019215, 36.814732060224365], [35.09710320599885, 36.814732060224365], [35.09710320599885, 36.81365408188342], [35.09656421682837, 36.81365408188342], [35.09656421682837, 36.81311509271295], [35.09602522765789, 36.81311509271295], [35.09602522765789, 36.812576103542476], [35.09440826014648, 36.812576103542476], [35.09440826014648, 36.812037114372], [35.093869270976, 36.812037114372], [35.093869270976, 36.81149812520153], [35.09333028180555, 36.81149812520153], [35.09333028180555, 36.81095913603106], [35.09279129263507, 36.81095913603106], [35.09279129263507, 36.81042014686059], [35.09333028180555, 36.81042014686059], [35.09333028180555, 36.809881157690114]]]}, "id": "+399068+87552", "properties": {"area_ha": 13.803426454408562, "count": 48, "label": 1, "mean_dnbr": 0.45808047675583785}}, {"type": "Feature", "geometry": {"geodesic": false, "type": "Polygon", "coordinates": [[[35.09279129263507, 36.76298909985908], [35.093869270976, 36.76298909985908], [35.093869270976, 36.76352808902955], [35.09440826014648, 36.76352808902955], [35.09440826014648, 36.765145056540966], [35.09333028180555, 36.765145056540966], [35.09333028180555, 36.76568404571144], [35.09279129263507, 36.76568404571144], [35.09279129263507, 36.76622303488191], [35.09171331429414, 36.76622303488191], [35.09171331429414, 36.76568404571144], [35.09117432512366, 36.76568404571144], [35.09117432512366, 36.765145056540966], [35.09063533595318, 36.765145056540966], [35.09063533595318, 36.76406707820002], [35.09171331429414, 36.76406707820002], [35.09171331429414, 36.76352808902955], [35.09279129263507, 36.76352808902955], [35.09279129263507, 36.76298909985908]]]}, "id": "+399068+87639", "properties": {"area_ha": 7.76930757520029, "count": 27, "label": 1, "mean_dnbr": 0.22996746227911347}}, {"type": "Feature", "geometry": {"geodesic": false, "type": "Polygon", "coordinates": [[[35.093869270976, 36.80772520100823], [35.09494724931696, 36.80772520100823], [35.09494724931696, 36.808264190178704], [35.09602522765789, 36.808264190178704], [35.09602522765789, 36.80880317934918], [35.09656421682837, 36.80880317934918], [35.09656421682837, 36.80934216851964], [35.09710320599885, 36.80934216851964], [35.09710320599885, 36.809881157690114], [35.09818118433978, 36.809881157690114], [35.09818118433978, 36.81042014686059], [35.09872017351026, 36.81042014686059], [35.09872017351026, 36.81095913603106], [35.09764219516933, 36.81095913603106], [35.09764219516933, 36.81042014686059], [35.09656421682837, 36.81042014686059], [35.09656421682837, 36.80934216851964], [35.09494724931696, 36.80934216851964], [35.09494724931696, 36.80880317934918], [35.093869270976, 36.80880317934918], [35.093869270976, 36.80772520100823]]]}, "id": "+399070+87556", "properties": {"area_ha": 4.313769077359878, "count": 15, "label": 1, "mean_dnbr": 0.4206563742850746}}, {"type": "Feature", "geometry": {"geodesic": false, "type": "Polygon", "coordinates": [[[35.09333028180555, 36.719330977050866], [35.09494724931696, 36.719330977050866], [35.09494724931696, 36.71986996622134], [35.09548623848744, 36.71986996622134], [35.09548623848744, 36.72040895539181], [35.09494724931696, 36.72040895539181], [35.09494724931696, 36.72094794456228], [35.09440826014648, 36.72094794456228], [35.09440826014648, 36.721486933732756], [35.09333028180555, 36.721486933732756], [35.09333028180555, 36.72094794456228], [35.09279129263507, 36.72094794456228], [35.09279129263507, 36.71986996622134], [35.09333028180555, 36.71986996622134], [35.09333028180555, 36.719330977050866]]]}, "id": "+399070+87720", "properties": {"area_ha": 4.030851261843613, "count": 14, "label": 1, "mean_dnbr": 0.3507412382894691}}, {"type": "Feature", "geometry": {"geodesic": false, "type": "Polygon", "coordinates": [[[35.09548623848744, 36.758677186495305], [35.09710320599885, 36.758677186495305], [35.09710320599885, 36.75921617566578], [35.09764219516933, 36.75921617566578], [35.09764219516933, 36.76029415400672], [35.09818118433978, 36.76029415400672], [35.09818118433978, 36.76137213234766], [35.09764219516933, 36.76137213234766], [35.09764219516933, 36.76083314317719], [35.09710320599885, 36.76083314317719], [35.09710320599885, 36.76137213234766], [35.09656421682837, 36.76137213234766], [35.09656421682837, 36.76083314317719], [35.09602522765789, 36.76083314317719], [35.09602522765789, 36.76191112151813], [35.09548623848744, 36.76191112151813], [35.09548623848744, 36.762450110688604], [35.09440826014648, 36.762450110688604], [35.09440826014648, 36.76191112151813], [35.093869270976, 36.76191112151813], [35.093869270976, 36.75921617566578], [35.09440826014648, 36.75921617566578], [35.09440826014648, 36.75975516483625], [35.09548623848744, 36.75975516483625], [35.09548623848744, 36.758677186495305]]]}, "id": "+399074+87647", "properties": {"area_ha": 10.071862031615654, "count": 35, "label": 1, "mean_dnbr": 0.3226325446311985}}, {"type": "Feature", "geometry": {"geodesic": false, "type": "Polygon", "coordinates": [[[35.09602522765789, 36.880488739021914], [35.09764219516933, 36.880488739021914], [35.09764219516933, 36.88156671736285], [35.09818118433978, 36.88156671736285], [35.09818118433978, 36.88210570653332], [35.09872017351026, 36.88210570653332], [35.09872017351026, 36.88318368487427], [35.09818118433978, 36.88318368487427], [35.09818118433978, 36.882644695703796], [35.09764219516933, 36.882644695703796], [35.09764219516933, 36.88210570653332], [35.09710320599885, 36.88210570653332], [35.09710320599885, 36.88156671736285], [35.09602522765789, 36.88156671736285], [35.09602522765789, 36.880488739021914]]]}, "id": "+399075+87421", "properties": {"area_ha": 3.1604353928497178, "count": 11, "label": 1, "mean_dnbr": 0.1783983186993532}}, {"type": "Feature", "geometry": {"geodesic": false, "type": "Polygon", "coordinates": [[[35.09602522765789, 36.70639523695955], [35.09764219516933, 36.70639523695955], [35.09764219516933, 36.706934226130016], [35.09872017351026, 36.706934226130016], [35.09872017351026, 36.70801220447096], [35.09710320599885, 36.70801220447096], [35.09710320599885, 36.70747321530049], [35.09602522765789, 36.70747321530049], [35.09602522765789, 36.70639523695955]]]}, "id": "+399075+87744", "properties": {"area_ha": 3.167640172995592, "count": 11, "label": 1, "mean_dnbr": 0.23400597112677363}}, {"type": "Feature", "geometry": {"geodesic": false, "type": "Polygon", "coordinates": [[[35.09872017351026, 36.739812565528794], [35.09979815185119, 36.739812565528794], [35.09979815185119, 36.74142953304021], [35.09925916268074, 36.74142953304021], [35.09925916268074, 36.74196852221068], [35.09710320599885, 36.74196852221068], [35.09710320599885, 36.742507511381156], [35.09656421682837, 36.742507511381156], [35.09656421682837, 36.74196852221068], [35.09602522765789, 36.74196852221068], [35.09602522765789, 36.74089054386974], [35.09764219516933, 36.74089054386974], [35.09764219516933, 36.74035155469927], [35.09872017351026, 36.74035155469927], [35.09872017351026, 36.739812565528794]]]}, "id": "+399079+87682", "properties": {"area_ha": 5.756802510202694, "count": 20, "label": 1, "mean_dnbr": 0.49668292646350387}}, {"type": "Feature", "geometry": {"geodesic": false, "type": "Polygon", "coordinates": [[[35.09872017351026, 36.723642890414645], [35.09979815185119, 36.723642890414645], [35.09979815185119, 36.72472086875558], [35.10033714102167, 36.72472086875558], [35.10033714102167, 36.72579884709653], [35.10087613019215, 36.72579884709653], [35.10087613019215, 36.727415814607944], [35.10141511936263, 36.727415814607944], [35.10141511936263, 36.72903278211936], [35.10033714102167, 36.72903278211936], [35.10033714102167, 36.72795480377842], [35.09979815185119, 36.72795480377842], [35.09979815185119, 36.72687682543747], [35.09925916268074, 36.72687682543747], [35.09925916268074, 36.72579884709653], [35.09872017351026, 36.72579884709653], [35.09872017351026, 36.723642890414645]]]}, "id": "+399079+87712", "properties": {"area_ha": 7.19739233991012, "count": 25, "label": 1, "mean_dnbr": 0.4038117909971108}}, {"type": "Feature", "geometry": {"geodesic": false, "type": "Polygon", "coordinates": [[[35.09925916268074, 36.70801220447096], [35.09979815185119, 36.70801220447096], [35.09979815185119, 36.709090182811906], [35.10033714102167, 36.709090182811906], [35.10033714102167, 36.70855119364143], [35.10087613019215, 36.70855119364143], [35.10087613019215, 36.709090182811906], [35.10141511936263, 36.709090182811906], [35.10141511936263, 36.70855119364143], [35.10195410853308, 36.70855119364143], [35.10195410853308, 36.709090182811906], [35.10411006521497, 36.709090182811906], [35.10411006521497, 36.70962917198238], [35.10518804355593, 36.70962917198238], [35.10518804355593, 36.71016816115285], [35.10572703272638, 36.71016816115285], [35.10572703272638, 36.71070715032332], [35.10518804355593, 36.71070715032332], [35.10518804355593, 36.71016816115285], [35.10357107604452, 36.71016816115285], [35.10357107604452, 36.71070715032332], [35.10195410853308, 36.71070715032332], [35.10195410853308, 36.71016816115285], [35.10141511936263, 36.71016816115285], [35.10141511936263, 36.71070715032332], [35.09979815185119, 36.71070715032332], [35.09979815185119, 36.711246139493795], [35.09925916268074, 36.711246139493795], [35.09925916268074, 36.71016816115285], [35.10033714102167, 36.71016816115285], [35.10033714102167, 36.70962917198238], [35.09979815185119, 36.70962917198238], [35.09979815185119, 36.709090182811906], [35.09925916268074, 36.709090182811906], [35.09925916268074, 36.70801220447096]], [[35.10141511936263, 36.70962917198238], [35.10141511936263, 36.71016816115285], [35.10087613019215, 36.71016816115285], [35.10087613019215, 36.70962917198238], [35.10141511936263, 36.70962917198238]]]}, "id": "+399079+87741", "properties": {"area_ha": 8.350772635477917, "count": 29, "label": 1, "mean_dnbr": 0.2794462898261864}}, {"type": "Feature", "geometry": {"geodesic": false, "type": "Polygon", "coordinates": [[[35.09764219516933, 36.684296680970206], [35.09979815185119, 36.684296680970206], [35.09979815185119, 36.68483567014068], [35.10033714102167, 36.68483567014068], [35.10033714102167, 36.686452637652096], [35.10087613019215, 36.686452637652096], [35.10087613019215, 36.68699162682257], [35.09872017351026, 36.68699162682257], [35.09872017351026, 36.686452637652096], [35.09818118433978, 36.686452637652096], [35.09818118433978, 36.68483567014068], [35.09764219516933, 36.68483567014068], [35.09764219516933, 36.684296680970206]]]}, "id": "+399079+87785", "properties": {"area_ha": 5.760961134463053, "count": 20, "label": 1, "mean_dnbr": 0.2944376045789375}}, {"type": "Feature", "geometry": {"geodesic": false, "type": "Polygon", "coordinates": [[[35.09818118433978, 36.79910137428068], [35.10033714102167, 36.79910137428068], [35.10033714102167, 36.799640363451154], [35.10087613019215, 36.799640363451154], [35.10087613019215, 36.800179352621626], [35.10141511936263, 36.800179352621626], [35.10141511936263, 36.8007183417921], [35.10195410853308, 36.8007183417921], [35.10195410853308, 36.80287429847399], [35.10249309770356, 36.80287429847399], [35.10249309770356, 36.80341328764445], [35.10303208687404, 36.80341328764445], [35.10303208687404, 36.803952276814925], [35.10249309770356, 36.803952276814925], [35.10249309770356, 36.8044912659854], [35.10087613019215, 36.8044912659854], [35.10087613019215, 36.80341328764445], [35.10033714102167, 36.80341328764445], [35.10033714102167, 36.80287429847399], [35.09979815185119, 36.80287429847399], [35.09979815185119, 36.802335309303515], [35.10033714102167, 36.802335309303515], [35.10033714102167, 36.80179632013304], [35.09979815185119, 36.80179632013304], [35.09979815185119, 36.80125733096257], [35.09925916268074, 36.80125733096257], [35.09925916268074, 36.8007183417921], [35.09872017351026, 36.8007183417921], [35.09872017351026, 36.800179352621626], [35.09818118433978, 36.800179352621626], [35.09818118433978, 36.79910137428068]]]}, "id": "+399080+87572", "properties": {"area_ha": 11.792131274184351, "count": 41, "label": 1, "mean_dnbr": 0.504044005963172}}, {"type": "Feature", "geometry": {"geodesic": false, "type": "Polygon", "coordinates": [[[35.09818118433978, 36.87779379316955], [35.10087613019215, 36.87779379316955], [35.10087613019215, 36.8788717715105], [35.09818118433978, 36.8788717715105], [35.09818118433978, 36.87941076068097], [35.09710320599885, 36.87941076068097], [35.09710320599885, 36.878332782340024], [35.09818118433978, 36.878332782340024], [35.09818118433978, 36.87779379316955]]]}, "id": "+399081+87426", "properties": {"area_ha": 4.022538316213637, "count": 14, "label": 1, "mean_dnbr": 0.45515894589286404}}, {"type": "Feature", "geometry": {"geodesic": false, "type": "Polygon", "coordinates": [[[35.09979815185119, 36.80503025515587], [35.10087613019215, 36.80503025515587], [35.10087613019215, 36.80556924432634], [35.10141511936263, 36.80556924432634], [35.10141511936263, 36.806108233496815], [35.10195410853308, 36.806108233496815], [35.10195410853308, 36.80664722266729], [35.10249309770356, 36.80664722266729], [35.10249309770356, 36.80718621183776], [35.10141511936263, 36.80718621183776], [35.10141511936263, 36.808264190178704], [35.09979815185119, 36.808264190178704], [35.09979815185119, 36.80772520100823], [35.09925916268074, 36.80772520100823], [35.09925916268074, 36.80718621183776], [35.09872017351026, 36.80718621183776], [35.09872017351026, 36.806108233496815], [35.09925916268074, 36.806108233496815], [35.09925916268074, 36.80556924432634], [35.09979815185119, 36.80556924432634], [35.09979815185119, 36.80503025515587]]]}, "id": "+399081+87561", "properties": {"area_ha": 7.477446167055439, "count": 26, "label": 1, "mean_dnbr": 0.5789871131039495}}, {"type": "Feature", "geometry": {"geodesic": false, "type": "Polygon", "coordinates": [[[35.10033714102167, 36.75059234893823], [35.10087613019215, 36.75059234893823], [35.10087613019215, 36.7511313381087], [35.10141511936263, 36.7511313381087], [35.10141511936263, 36.75167032727917], [35.10195410853308, 36.75167032727917], [35.10195410853308, 36.752209316449644], [35.10249309770356, 36.752209316449644], [35.10249309770356, 36.752748305620116], [35.10087613019215, 36.752748305620116], [35.10087613019215, 36.75328729479059], [35.09925916268074, 36.75328729479059], [35.09925916268074, 36.752209316449644], [35.09979815185119, 36.752209316449644], [35.09979815185119, 36.75167032727917], [35.10033714102167, 36.75167032727917], [35.10033714102167, 36.75059234893823]]]}, "id": "+399081+87662", "properties": {"area_ha": 4.604782043942584, "count": 16, "label": 1, "mean_dnbr": 0.32169196097495184}}, {"type": "Feature", "geometry": {"geodesic": false, "type": "Polygon", "coordinates": [[[35.10141511936263, 36.73819559801738], [35.10195410853308, 36.73819559801738], [35.10195410853308, 36.73873458718785], [35.10249309770356, 36.73873458718785], [35.10249309770356, 36.73927357635832], [35.10303208687404, 36.73927357635832], [35.10303208687404, 36.74035155469927], [35.10357107604452, 36.74035155469927], [35.10357107604452, 36.74089054386974], [35.10411006521497, 36.74089054386974], [35.10411006521497, 36.74304650055162], [35.10303208687404, 36.74304650055162], [35.10303208687404, 36.74196852221068], [35.10249309770356, 36.74196852221068], [35.10249309770356, 36.74142953304021], [35.10195410853308, 36.74142953304021], [35.10195410853308, 36.74089054386974], [35.10141511936263, 36.74089054386974], [35.10141511936263, 36.73927357635832], [35.10087613019215, 36.73927357635832], [35.10087613019215, 36.73873458718785], [35.10141511936263, 36.73873458718785], [35.10141511936263, 36.73819559801738]]]}, "id": "+399083+87685", "properties": {"area_ha": 7.196047030682095, "count": 25, "label": 1, "mean_dnbr": 0.501828189148154}}, {"type": "Feature", "geometry": {"geodesic": false, "type": "Polygon", "coordinates": [[[35.10141511936263, 36.66651003834464], [35.10249309770356, 36.66651003834464], [35.10249309770356, 36.66812700585606], [35.10303208687404, 36.66812700585606], [35.10303208687404, 36.66866599502653], [35.10357107604452, 36.66866599502653], [35.10357107604452, 36.669204984197], [35.10518804355593, 36.669204984197], [35.10518804355593, 36.669743973367474], [35.10572703272638, 36.669743973367474], [35.10572703272638, 36.67082195170841], [35.10518804355593, 36.67082195170841], [35.10518804355593, 36.671360940878884], [35.10464905438545, 36.671360940878884], [35.10464905438545, 36.671899930049356], [35.10357107604452, 36.671899930049356], [35.10357107604452, 36.67243891921983], [35.10195410853308, 36.67243891921983], [35.10195410853308, 36.6729779083903], [35.10141511936263, 36.6729779083903], [35.10141511936263, 36.67728982175407], [35.10087613019215, 36.67728982175407], [35.10087613019215, 36.677828810924545], [35.10033714102167, 36.677828810924545], [35.10033714102167, 36.676211843413135], [35.09979815185119, 36.676211843413135], [35.09979815185119, 36.67567285424266], [35.09872017351026, 36.67567285424266], [35.09872017351026, 36.67459487590172], [35.09818118433978, 36.67459487590172], [35.09818118433978, 36.67351689756077], [35.09872017351026, 36.67351689756077], [35.09872017351026, 36.67243891921983], [35.10087613019215, 36.67243891921983], [35.10087613019215, 36.671360940878884], [35.10141511936263, 36.671360940878884], [35.10141511936263, 36.669743973367474], [35.10087613019215, 36.669743973367474], [35.10087613019215, 36.66812700585606], [35.10141511936263, 36.66812700585606], [35.10141511936263, 36.667588016685585], [35.10087613019215, 36.667588016685585], [35.10087613019215, 36.66704902751511], [35.10141511936263, 36.66704902751511], [35.10141511936263, 36.66651003834464]]]}, "id": "+399084+87818", "properties": {"area_ha": 28.80996683327913, "count": 100, "label": 1, "mean_dnbr": 0.3848569936386158}}, {"type": "Feature", "geometry": {"geodesic": false, "type": "Polygon", "coordinates": [[[35.10087613019215, 36.700466356084355], [35.10303208687404, 36.700466356084355], [35.10303208687404, 36.7015443344253], [35.10249309770356, 36.7015443344253], [35.10249309770356, 36.70208332359577], [35.10195410853308, 36.70208332359577], [35.10195410853308, 36.702622312766245], [35.10141511936263, 36.702622312766245], [35.10141511936263, 36.70316130193672], [35.10303208687404, 36.70316130193672], [35.10303208687404, 36.70370029110719], [35.10357107604452, 36.70370029110719], [35.10357107604452, 36.704778269448134], [35.10249309770356, 36.704778269448134], [35.10249309770356, 36.70423928027766], [35.10195410853308, 36.70423928027766], [35.10195410853308, 36.704778269448134], [35.10141511936263, 36.704778269448134], [35.10141511936263, 36.70423928027766], [35.10087613019215, 36.70423928027766], [35.10087613019215, 36.70370029110719], [35.10033714102167, 36.70370029110719], [35.10033714102167, 36.70423928027766], [35.09979815185119, 36.70423928027766], [35.09979815185119, 36.704778269448134], [35.09764219516933, 36.704778269448134], [35.09764219516933, 36.70423928027766], [35.09818118433978, 36.70423928027766], [35.09818118433978, 36.70370029110719], [35.09656421682837, 36.70370029110719], [35.09656421682837, 36.70316130193672], [35.09602522765789, 36.70316130193672], [35.09602522765789, 36.70208332359577], [35.09710320599885, 36.70208332359577], [35.09710320599885, 36.7015443344253], [35.09979815185119, 36.7015443344253], [35.09979815185119, 36.70100534525483], [35.10087613019215, 36.70100534525483], [35.10087613019215, 36.700466356084355]], [[35.10033714102167, 36.70316130193672], [35.10033714102167, 36.70370029110719], [35.09872017351026, 36.70370029110719], [35.09872017351026, 36.70316130193672], [35.10033714102167, 36.70316130193672]], [[35.10141511936263, 36.70316130193672], [35.10141511936263, 36.70370029110719], [35.10087613019215, 36.70370029110719], [35.10087613019215, 36.70316130193672], [35.10141511936263, 36.70316130193672]]]}, "id": "+399085+87755", "properties": {"area_ha": 18.718946666989172, "count": 65, "label": 1, "mean_dnbr": 0.43488422158481566}}, {"type": "Feature", "geometry": {"geodesic": false, "type": "Polygon", "coordinates": [[[35.10195410853308, 36.68537465931115], [35.10303208687404, 36.68537465931115], [35.10303208687404, 36.68591364848162], [35.10357107604452, 36.68591364848162], [35.10357107604452, 36.68699162682257], [35.10411006521497, 36.68699162682257], [35.10411006521497, 36.68806960516351], [35.10249309770356, 36.68806960516351], [35.10249309770356, 36.68753061599304], [35.10195410853308, 36.68753061599304], [35.10195410853308, 36.68699162682257], [35.10141511936263, 36.68699162682257], [35.10141511936263, 36.686452637652096], [35.10195410853308, 36.686452637652096], [35.10195410853308, 36.68537465931115]]]}, "id": "+399085+87783", "properties": {"area_ha": 4.608700199620094, "count": 16, "label": 1, "mean_dnbr": 0.3983368805693926}}, {"type": "Feature", "geometry": {"geodesic": false, "type": "Polygon", "coordinates": [[[35.10303208687404, 36.961337114592666], [35.10411006521497, 36.961337114592666], [35.10411006521497, 36.96241509293361], [35.10464905438545, 36.96241509293361], [35.10464905438545, 36.963493071274556], [35.10518804355593, 36.963493071274556], [35.10518804355593, 36.96403206044503], [35.10464905438545, 36.96403206044503], [35.10464905438545, 36.9645710496155], [35.10357107604452, 36.9645710496155], [35.10357107604452, 36.96511003878597], [35.10303208687404, 36.96511003878597], [35.10303208687404, 36.963493071274556], [35.10357107604452, 36.963493071274556], [35.10357107604452, 36.96241509293361], [35.10249309770356, 36.96241509293361], [35.10249309770356, 36.96295408210408], [35.10087613019215, 36.96295408210408], [35.10087613019215, 36.96187610376314], [35.10303208687404, 36.96187610376314], [35.10303208687404, 36.961337114592666]]]}, "id": "+399087+87271", "properties": {"area_ha": 6.601133252541892, "count": 23, "label": 1, "mean_dnbr": 0.3558494449428538}}, {"type": "Feature", "geometry": {"geodesic": false, "type": "Polygon", "coordinates": [[[35.10195410853308, 36.72094794456228], [35.10411006521497, 36.72094794456228], [35.10411006521497, 36.72202592290323], [35.10357107604452, 36.72202592290323], [35.10357107604452, 36.7225649120737], [35.10195410853308, 36.7225649120737], [35.10195410853308, 36.72202592290323], [35.10141511936263, 36.72202592290323], [35.10141511936263, 36.721486933732756], [35.10195410853308, 36.721486933732756], [35.10195410853308, 36.72094794456228]]]}, "id": "+399087+87717", "properties": {"area_ha": 3.4549510878675616, "count": 12, "label": 1, "mean_dnbr": 0.18895957969309868}}, {"type": "Feature", "geometry": {"geodesic": false, "type": "Polygon", "coordinates": [[[35.10357107604452, 36.88533964155616], [35.10464905438545, 36.88533964155616], [35.10464905438545, 36.8864176198971], [35.10518804355593, 36.8864176198971], [35.10518804355593, 36.88749559823804], [35.10572703272638, 36.88749559823804], [35.10572703272638, 36.888573576578985], [35.10626602189686, 36.888573576578985], [35.10626602189686, 36.88965155491993], [35.10680501106734, 36.88965155491993], [35.10680501106734, 36.8901905440904], [35.10626602189686, 36.8901905440904], [35.10626602189686, 36.88965155491993], [35.10572703272638, 36.88965155491993], [35.10572703272638, 36.888573576578985], [35.10518804355593, 36.888573576578985], [35.10518804355593, 36.88749559823804], [35.10464905438545, 36.88749559823804], [35.10464905438545, 36.886956609067575], [35.10411006521497, 36.886956609067575], [35.10411006521497, 36.88587863072663], [35.10357107604452, 36.88587863072663], [35.10357107604452, 36.88533964155616]]]}, "id": "+399088+87412", "properties": {"area_ha": 3.160193318649015, "count": 11, "label": 1, "mean_dnbr": 0.14223035193013625}}, {"type": "Feature", "geometry": {"geodesic": false, "type": "Polygon", "coordinates": [[[35.10518804355593, 36.717175020368984], [35.10572703272638, 36.717175020368984], [35.10572703272638, 36.717714009539456], [35.10626602189686, 36.717714009539456], [35.10626602189686, 36.71825299870993], [35.10680501106734, 36.71825299870993], [35.10680501106734, 36.718791987880394], [35.10572703272638, 36.718791987880394], [35.10572703272638, 36.71986996622134], [35.10464905438545, 36.71986996622134], [35.10464905438545, 36.72040895539181], [35.10357107604452, 36.72040895539181], [35.10357107604452, 36.71986996622134], [35.10303208687404, 36.71986996622134], [35.10303208687404, 36.71825299870993], [35.10357107604452, 36.71825299870993], [35.10357107604452, 36.717714009539456], [35.10518804355593, 36.717714009539456], [35.10518804355593, 36.717175020368984]]]}, "id": "+399090+87724", "properties": {"area_ha": 7.198092786315904, "count": 25, "label": 1, "mean_dnbr": 0.23308046068364535}}, {"type": "Feature", "geometry": {"geodesic": false, "type": "Polygon", "coordinates": [[[35.10464905438545, 36.69831039940247], [35.10572703272638, 36.69831039940247], [35.10572703272638, 36.698849388572945], [35.10626602189686, 36.698849388572945], [35.10626602189686, 36.69992736691389], [35.10518804355593, 36.69992736691389], [35.10518804355593, 36.700466356084355], [35.10464905438545, 36.700466356084355], [35.10464905438545, 36.69992736691389], [35.10411006521497, 36.69992736691389], [35.10411006521497, 36.69938837774342], [35.10357107604452, 36.69938837774342], [35.10357107604452, 36.698849388572945], [35.10464905438545, 36.698849388572945], [35.10464905438545, 36.69831039940247]]]}, "id": "+399090+87759", "properties": {"area_ha": 3.455962249641463, "count": 12, "label": 1, "mean_dnbr": 0.25437372792037843}}, {"type": "Feature", "geometry": {"geodesic": false, "type": "Polygon", "coordinates": [[[35.10572703272638, 36.96187610376314], [35.10626602189686, 36.96187610376314], [35.10626602189686, 36.96241509293361], [35.10788298940827, 36.96241509293361], [35.10788298940827, 36.96295408210408], [35.10842197857875, 36.96295408210408], [35.10842197857875, 36.9645710496155], [35.10788298940827, 36.9645710496155], [35.10788298940827, 36.96403206044503], [35.107344000237816, 36.96403206044503], [35.107344000237816, 36.9645710496155], [35.10680501106734, 36.9645710496155], [35.10680501106734, 36.963493071274556], [35.10626602189686, 36.963493071274556], [35.10626602189686, 36.96241509293361], [35.10572703272638, 36.96241509293361], [35.10572703272638, 36.96187610376314]]]}, "id": "+399091+87270", "properties": {"area_ha": 3.731059007893101, "count": 13, "label": 1, "mean_dnbr": 0.24554964476186295}}, {"type": "Feature", "geometry": {"geodesic": false, "type": "Polygon", "coordinates": [[[35.10518804355593, 36.67459487590172], [35.10680501106734, 36.67459487590172], [35.10680501106734, 36.676211843413135], [35.107344000237816, 36.676211843413135], [35.107344000237816, 36.6767508325836], [35.10680501106734, 36.6767508325836], [35.10680501106734, 36.67728982175407], [35.10464905438545, 36.67728982175407], [35.10464905438545, 36.677828810924545], [35.10518804355593, 36.677828810924545], [35.10518804355593, 36.67890678926549], [35.10626602189686, 36.67890678926549], [35.10626602189686, 36.67836780009502], [35.10842197857875, 36.67836780009502], [35.10842197857875, 36.679984767606435], [35.10788298940827, 36.679984767606435], [35.10788298940827, 36.68052375677691], [35.10626602189686, 36.68052375677691], [35.10626602189686, 36.68106274594738], [35.10572703272638, 36.68106274594738], [35.10572703272638, 36.68160173511785], [35.10518804355593, 36.68160173511785], [35.10518804355593, 36.682140724288324], [35.10411006521497, 36.682140724288324], [35.10411006521497, 36.68160173511785], [35.10303208687404, 36.68160173511785], [35.10303208687404, 36.682140724288324], [35.10357107604452, 36.682140724288324], [35.10357107604452, 36.683757691799734], [35.10303208687404, 36.683757691799734], [35.10303208687404, 36.684296680970206], [35.10357107604452, 36.684296680970206], [35.10357107604452, 36.68483567014068], [35.10303208687404, 36.68483567014068], [35.10303208687404, 36.684296680970206], [35.10249309770356, 36.684296680970206], [35.10249309770356, 36.683757691799734], [35.10195410853308, 36.683757691799734], [35.10195410853308, 36.68321870262926], [35.10087613019215, 36.68321870262926], [35.10087613019215, 36.68106274594738], [35.10141511936263, 36.68106274594738], [35.10141511936263, 36.68052375677691], [35.10195410853308, 36.68052375677691], [35.10195410853308, 36.68106274594738], [35.10141511936263, 36.68106274594738], [35.10141511936263, 36.68160173511785], [35.10303208687404, 36.68160173511785], [35.10303208687404, 36.68106274594738], [35.10249309770356, 36.68106274594738], [35.10249309770356, 36.68052375677691], [35.10411006521497, 36.68052375677691], [35.10411006521497, 36.679984767606435], [35.10464905438545, 36.679984767606435], [35.10464905438545, 36.67944577843596], [35.10411006521497, 36.67944577843596], [35.10411006521497, 36.67890678926549], [35.10303208687404, 36.67890678926549], [35.10303208687404, 36.67836780009502], [35.10249309770356, 36.67836780009502], [35.10249309770356, 36.676211843413135], [35.10195410853308, 36.676211843413135], [35.10195410853308, 36.67567285424266], [35.10249309770356, 36.67567285424266], [35.10249309770356, 36.67513386507219], [35.10518804355593, 36.67513386507219], [35.10518804355593, 36.67459487590172]], [[35.10249309770356, 36.682140724288324], [35.10249309770356, 36.68267971345879], [35.10195410853308, 36.68267971345879], [35.10195410853308, 36.682140724288324], [35.10249309770356, 36.682140724288324]]]}, "id": "+399092+87803", "properties": {"area_ha": 31.68801533190356, "count": 110, "label": 1, "mean_dnbr": 0.3376975922605676}}, {"type": "Feature", "geometry": {"geodesic": false, "type": "Polygon", "coordinates": [[[35.10572703272638, 36.930075742705306], [35.10842197857875, 36.930075742705306], [35.10842197857875, 36.93061473187578], [35.107344000237816, 36.93061473187578], [35.107344000237816, 36.93115372104625], [35.10680501106734, 36.93115372104625], [35.10680501106734, 36.93169271021672], [35.10572703272638, 36.93169271021672], [35.10572703272638, 36.93115372104625], [35.10518804355593, 36.93115372104625], [35.10518804355593, 36.93061473187578], [35.10572703272638, 36.93061473187578], [35.10572703272638, 36.930075742705306]]]}, "id": "+399095+87329", "properties": {"area_ha": 3.158390464583555, "count": 11, "label": 1, "mean_dnbr": 0.1613264727709638}}, {"type": "Feature", "geometry": {"geodesic": false, "type": "Polygon", "coordinates": [[[35.10680501106734, 36.822277908610964], [35.10842197857875, 36.822277908610964], [35.10842197857875, 36.822816897781436], [35.109499956919706, 36.822816897781436], [35.109499956919706, 36.82389487612238], [35.111116924431116, 36.82389487612238], [35.111116924431116, 36.82443386529285], [35.11165591360157, 36.82443386529285], [35.11165591360157, 36.824972854463326], [35.10842197857875, 36.824972854463326], [35.10842197857875, 36.82443386529285], [35.10788298940827, 36.82443386529285], [35.10788298940827, 36.82335588695191], [35.10680501106734, 36.82335588695191], [35.10680501106734, 36.822277908610964]]]}, "id": "+399095+87529", "properties": {"area_ha": 6.613203356368089, "count": 23, "label": 1, "mean_dnbr": 0.3644622523867785}}, {"type": "Feature", "geometry": {"geodesic": false, "type": "Polygon", "coordinates": [[[35.10680501106734, 36.802335309303515], [35.10842197857875, 36.802335309303515], [35.10842197857875, 36.803952276814925], [35.108960967749226, 36.803952276814925], [35.108960967749226, 36.80556924432634], [35.107344000237816, 36.80556924432634], [35.107344000237816, 36.8044912659854], [35.10680501106734, 36.8044912659854], [35.10680501106734, 36.802335309303515]]]}, "id": "+399095+87566", "properties": {"area_ha": 5.464481426086113, "count": 19, "label": 1, "mean_dnbr": 0.46235069770561943}}, {"type": "Feature", "geometry": {"geodesic": false, "type": "Polygon", "coordinates": [[[35.10842197857875, 36.89234650077229], [35.11003894609016, 36.89234650077229], [35.11003894609016, 36.8939634682837], [35.110577935260636, 36.8939634682837], [35.110577935260636, 36.89450245745417], [35.11003894609016, 36.89450245745417], [35.11003894609016, 36.895041446624646], [35.10680501106734, 36.895041446624646], [35.10680501106734, 36.89558043579512], [35.10357107604452, 36.89558043579512], [35.10357107604452, 36.8939634682837], [35.10680501106734, 36.8939634682837], [35.10680501106734, 36.89288548994276], [35.10842197857875, 36.89288548994276], [35.10842197857875, 36.89234650077229]], [[35.107344000237816, 36.8939634682837], [35.107344000237816, 36.89450245745417], [35.10680501106734, 36.89450245745417], [35.10680501106734, 36.8939634682837], [35.107344000237816, 36.8939634682837]]]}, "id": "+399098+87399", "properties": {"area_ha": 12.926944715861273, "count": 45, "label": 1, "mean_dnbr": 0.44004149217139116}}, {"type": "Feature", "geometry": {"geodesic": false, "type": "Polygon", "coordinates": [[[35.109499956919706, 36.81149812520153], [35.11003894609016, 36.81149812520153], [35.11003894609016, 36.812037114372], [35.11165591360157, 36.812037114372], [35.11165591360157, 36.812576103542476], [35.112194902772046, 36.812576103542476], [35.112194902772046, 36.812037114372], [35.113272881113005, 36.812037114372], [35.113272881113005, 36.81365408188342], [35.112733891942526, 36.81365408188342], [35.112733891942526, 36.81419307105389], [35.112194902772046, 36.81419307105389], [35.112194902772046, 36.814732060224365], [35.11165591360157, 36.814732060224365], [35.11165591360157, 36.81527104939483], [35.111116924431116, 36.81527104939483], [35.111116924431116, 36.816349027735775], [35.110577935260636, 36.816349027735775], [35.110577935260636, 36.81688801690625], [35.109499956919706, 36.81688801690625], [35.109499956919706, 36.816349027735775], [35.10842197857875, 36.816349027735775], [35.10842197857875, 36.8158100385653], [35.10788298940827, 36.8158100385653], [35.10788298940827, 36.81527104939483], [35.107344000237816, 36.81527104939483], [35.107344000237816, 36.814732060224365], [35.10788298940827, 36.814732060224365], [35.10788298940827, 36.81311509271295], [35.10842197857875, 36.81311509271295], [35.10842197857875, 36.812037114372], [35.109499956919706, 36.812037114372], [35.109499956919706, 36.81149812520153]], [[35.11003894609016, 36.8158100385653], [35.11003894609016, 36.816349027735775], [35.109499956919706, 36.816349027735775], [35.109499956919706, 36.8158100385653], [35.11003894609016, 36.8158100385653]]]}, "id": "+399098+87549", "properties": {"area_ha": 18.691820511767933, "count": 65, "label": 1, "mean_dnbr": 0.44172109955014033}}, {"type": "Feature", "geometry": {"geodesic": false, "type": "Polygon", "coordinates": [[[35.108960967749226, 36.98720859477531], [35.110577935260636, 36.98720859477531], [35.110577935260636, 36.988286573116255], [35.11003894609016, 36.988286573116255], [35.11003894609016, 36.989903540627665], [35.108960967749226, 36.989903540627665], [35.108960967749226, 36.9893645514572], [35.10842197857875, 36.9893645514572], [35.10842197857875, 36.989903540627665], [35.10788298940827, 36.989903540627665], [35.10788298940827, 36.9893645514572], [35.10842197857875, 36.9893645514572], [35.10842197857875, 36.988286573116255], [35.108960967749226, 36.988286573116255], [35.108960967749226, 36.98720859477531]]]}, "id": "+399099+87223", "properties": {"area_ha": 4.303640981765667, "count": 15, "label": 1, "mean_dnbr": 0.28766737476972604}}, {"type": "Feature", "geometry": {"geodesic": false, "type": "Polygon", "coordinates": [[[35.109499956919706, 36.68968657267492], [35.110577935260636, 36.68968657267492], [35.110577935260636, 36.690225561845395], [35.111116924431116, 36.690225561845395], [35.111116924431116, 36.69130354018634], [35.110577935260636, 36.69130354018634], [35.110577935260636, 36.69184252935681], [35.11003894609016, 36.69184252935681], [35.11003894609016, 36.692381518527284], [35.10842197857875, 36.692381518527284], [35.10842197857875, 36.690225561845395], [35.109499956919706, 36.690225561845395], [35.109499956919706, 36.68968657267492]]]}, "id": "+399099+87775", "properties": {"area_ha": 5.472528780381082, "count": 19, "label": 1, "mean_dnbr": 0.2265643101097446}}, {"type": "Feature", "geometry": {"geodesic": false, "type": "Polygon", "coordinates": [[[35.110577935260636, 36.71394108534615], [35.111116924431116, 36.71394108534615], [35.111116924431116, 36.71555805285757], [35.112194902772046, 36.71555805285757], [35.112194902772046, 36.71609704202804], [35.112733891942526, 36.71609704202804], [35.112733891942526, 36.71663603119851], [35.113272881113005, 36.71663603119851], [35.113272881113005, 36.717175020368984], [35.113811870283456, 36.717175020368984], [35.113811870283456, 36.717714009539456], [35.114889848624415, 36.717714009539456], [35.114889848624415, 36.71825299870993], [35.116506816135825, 36.71825299870993], [35.116506816135825, 36.718791987880394], [35.117045805306304, 36.718791987880394], [35.117045805306304, 36.719330977050866], [35.116506816135825, 36.719330977050866], [35.116506816135825, 36.71986996622134], [35.115967826965345, 36.71986996622134], [35.115967826965345, 36.719330977050866], [35.114350859453936, 36.719330977050866], [35.114350859453936, 36.71986996622134], [35.113811870283456, 36.71986996622134], [35.113811870283456, 36.72040895539181], [35.112733891942526, 36.72040895539181], [35.112733891942526, 36.72094794456228], [35.112194902772046, 36.72094794456228], [35.112194902772046, 36.721486933732756], [35.111116924431116, 36.721486933732756], [35.111116924431116, 36.72202592290323], [35.110577935260636, 36.72202592290323], [35.110577935260636, 36.7225649120737], [35.112194902772046, 36.7225649120737], [35.112194902772046, 36.723642890414645], [35.11165591360157, 36.723642890414645], [35.11165591360157, 36.72472086875558], [35.110577935260636, 36.72472086875558], [35.110577935260636, 36.72418187958512], [35.11003894609016, 36.72418187958512], [35.11003894609016, 36.723642890414645], [35.109499956919706, 36.723642890414645], [35.109499956919706, 36.7225649120737], [35.11003894609016, 36.7225649120737], [35.11003894609016, 36.721486933732756], [35.108960967749226, 36.721486933732756], [35.108960967749226, 36.72094794456228], [35.109499956919706, 36.72094794456228], [35.109499956919706, 36.72040895539181], [35.108960967749226, 36.72040895539181], [35.108960967749226, 36.71986996622134], [35.109499956919706, 36.71986996622134], [35.109499956919706, 36.719330977050866], [35.110577935260636, 36.719330977050866], [35.110577935260636, 36.718791987880394], [35.111116924431116, 36.718791987880394], [35.111116924431116, 36.71825299870993], [35.11165591360157, 36.71825299870993], [35.11165591360157, 36.717714009539456], [35.111116924431116, 36.717714009539456], [35.111116924431116, 36.717175020368984], [35.110577935260636, 36.717175020368984], [35.110577935260636, 36.715019063687095], [35.109499956919706, 36.715019063687095], [35.109499956919706, 36.71448007451662], [35.110577935260636, 36.71448007451662], [35.110577935260636, 36.71394108534615]]]}, "id": "+399100+87730", "properties": {"area_ha": 28.504212381541375, "count": 99, "label": 1, "mean_dnbr": 0.39923343034524444}}, {"type": "Feature", "geometry": {"geodesic": false, "type": "Polygon", "coordinates": [[[35.109499956919706, 36.67028296253795], [35.111116924431116, 36.67028296253795], [35.111116924431116, 36.671360940878884], [35.11003894609016, 36.671360940878884], [35.11003894609016, 36.671899930049356], [35.108960967749226, 36.671899930049356], [35.108960967749226, 36.67351689756077], [35.10842197857875, 36.67351689756077], [35.10842197857875, 36.674055886731246], [35.10626602189686, 36.674055886731246], [35.10626602189686, 36.671899930049356], [35.10680501106734, 36.671899930049356], [35.10680501106734, 36.671360940878884], [35.107344000237816, 36.671360940878884], [35.107344000237816, 36.67082195170841], [35.10788298940827, 36.67082195170841], [35.10788298940827, 36.671360940878884], [35.10842197857875, 36.671360940878884], [35.10842197857875, 36.67082195170841], [35.109499956919706, 36.67082195170841], [35.109499956919706, 36.67028296253795]]]}, "id": "+399100+87811", "properties": {"area_ha": 9.79535409389262, "count": 34, "label": 1, "mean_dnbr": 0.3950209357305751}}, {"type": "Feature", "geometry": {"geodesic": false, "type": "Polygon", "coordinates": [[[35.110577935260636, 36.67567285424266], [35.112733891942526, 36.67567285424266], [35.112733891942526, 36.676211843413135], [35.113272881113005, 36.676211843413135], [35.113272881113005, 36.6767508325836], [35.11165591360157, 36.6767508325836], [35.11165591360157, 36.67728982175407], [35.110577935260636, 36.67728982175407], [35.110577935260636, 36.677828810924545], [35.111116924431116, 36.677828810924545], [35.111116924431116, 36.67890678926549], [35.11165591360157, 36.67890678926549], [35.11165591360157, 36.679984767606435], [35.11003894609016, 36.679984767606435], [35.11003894609016, 36.67890678926549], [35.109499956919706, 36.67890678926549], [35.109499956919706, 36.67836780009502], [35.108960967749226, 36.67836780009502], [35.108960967749226, 36.67728982175407], [35.11003894609016, 36.67728982175407], [35.11003894609016, 36.676211843413135], [35.110577935260636, 36.676211843413135], [35.110577935260636, 36.67567285424266]]]}, "id": "+399103+87801", "properties": {"area_ha": 8.354262322564152, "count": 29, "label": 1, "mean_dnbr": 0.3480691301638955}}, {"type": "Feature", "geometry": {"geodesic": false, "type": "Polygon", "coordinates": [[[35.112194902772046, 36.80341328764445], [35.114350859453936, 36.80341328764445], [35.114350859453936, 36.80556924432634], [35.11165591360157, 36.80556924432634], [35.11165591360157, 36.803952276814925], [35.112194902772046, 36.803952276814925], [35.112194902772046, 36.80341328764445]]]}, "id": "+399106+87564", "properties": {"area_ha": 5.464447429315008, "count": 19, "label": 1, "mean_dnbr": 0.4945562967045533}}, {"type": "Feature", "geometry": {"geodesic": false, "type": "Polygon", "coordinates": [[[35.113811870283456, 36.70370029110719], [35.114350859453936, 36.70370029110719], [35.114350859453936, 36.70423928027766], [35.114889848624415, 36.70423928027766], [35.114889848624415, 36.70531725861861], [35.115428837794894, 36.70531725861861], [35.115428837794894, 36.70585624778908], [35.115967826965345, 36.70585624778908], [35.115967826965345, 36.70747321530049], [35.114350859453936, 36.70747321530049], [35.114350859453936, 36.70639523695955], [35.113811870283456, 36.70639523695955], [35.113811870283456, 36.70585624778908], [35.113272881113005, 36.70585624778908], [35.113272881113005, 36.70531725861861], [35.112733891942526, 36.70531725861861], [35.112733891942526, 36.70423928027766], [35.113811870283456, 36.70423928027766], [35.113811870283456, 36.70370029110719]]]}, "id": "+399106+87749", "properties": {"area_ha": 6.623380860130025, "count": 23, "label": 1, "mean_dnbr": 0.31875429533029614}}, {"type": "Feature", "geometry": {"geodesic": false, "type": "Polygon", "coordinates": [[[35.11165591360157, 36.86755299893059], [35.114889848624415, 36.86755299893059], [35.114889848624415, 36.868630977271536], [35.11165591360157, 36.868630977271536], [35.11165591360157, 36.86755299893059]]]}, "id": "+399107+87445", "properties": {"area_ha": 3.448359220924946, "count": 12, "label": 1, "mean_dnbr": 0.5813074602432952}}, {"type": "Feature", "geometry": {"geodesic": false, "type": "Polygon", "coordinates": [[[35.113811870283456, 36.69076455101587], [35.114889848624415, 36.69076455101587], [35.114889848624415, 36.69130354018634], [35.115428837794894, 36.69130354018634], [35.115428837794894, 36.69184252935681], [35.115967826965345, 36.69184252935681], [35.115967826965345, 36.692381518527284], [35.116506816135825, 36.692381518527284], [35.116506816135825, 36.69292050769776], [35.114350859453936, 36.69292050769776], [35.114350859453936, 36.69184252935681], [35.113811870283456, 36.69184252935681], [35.113811870283456, 36.69076455101587]]]}, "id": "+399107+87773", "properties": {"area_ha": 3.4562978651589984, "count": 12, "label": 1, "mean_dnbr": 0.36330103672546854}}, {"type": "Feature", "geometry": {"geodesic": false, "type": "Polygon", "coordinates": [[[35.113811870283456, 36.824972854463326], [35.115428837794894, 36.824972854463326], [35.115428837794894, 36.8255118436338], [35.115967826965345, 36.8255118436338], [35.115967826965345, 36.82605083280427], [35.117584794476755, 36.82605083280427], [35.117584794476755, 36.82658982197474], [35.117045805306304, 36.82658982197474], [35.117045805306304, 36.82712881114521], [35.115967826965345, 36.82712881114521], [35.115967826965345, 36.82658982197474], [35.115428837794894, 36.82658982197474], [35.115428837794894, 36.82605083280427], [35.114350859453936, 36.82605083280427], [35.114350859453936, 36.8255118436338], [35.113811870283456, 36.8255118436338], [35.113811870283456, 36.824972854463326]]]}, "id": "+399108+87524", "properties": {"area_ha": 3.4502539921879, "count": 12, "label": 1, "mean_dnbr": 0.3748335570697038}}, {"type": "Feature", "geometry": {"geodesic": false, "type": "Polygon", "coordinates": [[[35.114350859453936, 36.87186491229436], [35.115967826965345, 36.87186491229436], [35.115967826965345, 36.872403901464835], [35.116506816135825, 36.872403901464835], [35.116506816135825, 36.87348187980578], [35.117045805306304, 36.87348187980578], [35.117045805306304, 36.874559858146725], [35.116506816135825, 36.874559858146725], [35.116506816135825, 36.8750988473172], [35.115428837794894, 36.8750988473172], [35.115428837794894, 36.874559858146725], [35.114889848624415, 36.874559858146725], [35.114889848624415, 36.87348187980578], [35.114350859453936, 36.87348187980578], [35.114350859453936, 36.87186491229436]]]}, "id": "+399109+87437", "properties": {"area_ha": 6.034205995685442, "count": 21, "label": 1, "mean_dnbr": 0.36674002834605823}}, {"type": "Feature", "geometry": {"geodesic": false, "type": "Polygon", "coordinates": [[[35.115428837794894, 36.81527104939483], [35.116506816135825, 36.81527104939483], [35.116506816135825, 36.81796599524719], [35.114889848624415, 36.81796599524719], [35.114889848624415, 36.816349027735775], [35.115428837794894, 36.816349027735775], [35.115428837794894, 36.81527104939483]]]}, "id": "+399110+87542", "properties": {"area_ha": 3.738233765741047, "count": 13, "label": 1, "mean_dnbr": 0.39701756610535016}}, {"type": "Feature", "geometry": {"geodesic": false, "type": "Polygon", "coordinates": [[[35.115967826965345, 36.68860859433398], [35.117045805306304, 36.68860859433398], [35.117045805306304, 36.68968657267492], [35.117584794476755, 36.68968657267492], [35.117584794476755, 36.690225561845395], [35.118123783647235, 36.690225561845395], [35.118123783647235, 36.69076455101587], [35.118662772817714, 36.69076455101587], [35.118662772817714, 36.69184252935681], [35.117045805306304, 36.69184252935681], [35.117045805306304, 36.69076455101587], [35.116506816135825, 36.69076455101587], [35.116506816135825, 36.690225561845395], [35.115967826965345, 36.690225561845395], [35.115967826965345, 36.68968657267492], [35.115428837794894, 36.68968657267492], [35.115428837794894, 36.68914758350445], [35.115967826965345, 36.68914758350445], [35.115967826965345, 36.68860859433398]]]}, "id": "+399111+87777", "properties": {"area_ha": 4.896522146717227, "count": 17, "label": 1, "mean_dnbr": 0.38293803969473605}}, {"type": "Feature", "geometry": {"geodesic": false, "type": "Polygon", "coordinates": [[[35.11165591360157, 36.92953675353484], [35.118123783647235, 36.92953675353484], [35.118123783647235, 36.930075742705306], [35.117584794476755, 36.930075742705306], [35.117584794476755, 36.93061473187578], [35.11165591360157, 36.93061473187578], [35.11165591360157, 36.92953675353484]]]}, "id": "+399113+87330", "properties": {"area_ha": 6.6039472600652225, "count": 23, "label": 1, "mean_dnbr": 0.43224741586431636}}, {"type": "Feature", "geometry": {"geodesic": false, "type": "Polygon", "coordinates": [[[35.117045805306304, 36.76945696990474], [35.118123783647235, 36.76945696990474], [35.118123783647235, 36.77053494824568], [35.117584794476755, 36.77053494824568], [35.117584794476755, 36.771073937416155], [35.116506816135825, 36.771073937416155], [35.116506816135825, 36.77161292658663], [35.114889848624415, 36.77161292658663], [35.114889848624415, 36.7721519157571], [35.114350859453936, 36.7721519157571], [35.114350859453936, 36.77161292658663], [35.113811870283456, 36.77161292658663], [35.113811870283456, 36.77053494824568], [35.112733891942526, 36.77053494824568], [35.112733891942526, 36.76999595907521], [35.113272881113005, 36.76999595907521], [35.113272881113005, 36.76945696990474], [35.114350859453936, 36.76945696990474], [35.114350859453936, 36.76999595907521], [35.114889848624415, 36.76999595907521], [35.114889848624415, 36.77053494824568], [35.117045805306304, 36.77053494824568], [35.117045805306304, 36.76945696990474]]]}, "id": "+399113+87627", "properties": {"area_ha": 6.617772308152012, "count": 23, "label": 1, "mean_dnbr": 0.2725042181474956}}, {"type": "Feature", "geometry": {"geodesic": false, "type": "Polygon", "coordinates": [[[35.115428837794894, 36.69561545355011], [35.118123783647235, 36.69561545355011], [35.118123783647235, 36.696693431891056], [35.117584794476755, 36.696693431891056], [35.117584794476755, 36.69723242106153], [35.115428837794894, 36.69723242106153], [35.115428837794894, 36.69561545355011]]]}, "id": "+399113+87764", "properties": {"area_ha": 4.032103016085648, "count": 14, "label": 1, "mean_dnbr": 0.17882181207431738}}, {"type": "Feature", "geometry": {"geodesic": false, "type": "Polygon", "coordinates": [[[35.117584794476755, 36.67243891921983], [35.118123783647235, 36.67243891921983], [35.118123783647235, 36.674055886731246], [35.118662772817714, 36.674055886731246], [35.118662772817714, 36.67513386507219], [35.118123783647235, 36.67513386507219], [35.118123783647235, 36.67567285424266], [35.117045805306304, 36.67567285424266], [35.117045805306304, 36.676211843413135], [35.115428837794894, 36.676211843413135], [35.115428837794894, 36.67459487590172], [35.114889848624415, 36.67459487590172], [35.114889848624415, 36.674055886731246], [35.115428837794894, 36.674055886731246], [35.115428837794894, 36.67351689756077], [35.117045805306304, 36.67351689756077], [35.117045805306304, 36.6729779083903], [35.117584794476755, 36.6729779083903], [35.117584794476755, 36.67243891921983]]]}, "id": "+399113+87807", "properties": {"area_ha": 8.354597281606212, "count": 29, "label": 1, "mean_dnbr": 0.4298443618750126}}, {"type": "Feature", "geometry": {"geodesic": false, "type": "Polygon", "coordinates": [[[35.117584794476755, 36.84653242128219], [35.118662772817714, 36.84653242128219], [35.118662772817714, 36.84707141045266], [35.118123783647235, 36.84707141045266], [35.118123783647235, 36.847610399623136], [35.117584794476755, 36.847610399623136], [35.117584794476755, 36.84814938879361], [35.117045805306304, 36.84814938879361], [35.117045805306304, 36.84868837796408], [35.116506816135825, 36.84868837796408], [35.116506816135825, 36.849766356305025], [35.114889848624415, 36.849766356305025], [35.114889848624415, 36.84922736713455], [35.115428837794894, 36.84922736713455], [35.115428837794894, 36.84868837796408], [35.116506816135825, 36.84868837796408], [35.116506816135825, 36.84814938879361], [35.115967826965345, 36.84814938879361], [35.115967826965345, 36.847610399623136], [35.117045805306304, 36.847610399623136], [35.117045805306304, 36.84707141045266], [35.117584794476755, 36.84707141045266], [35.117584794476755, 36.84653242128219]]]}, "id": "+399114+87484", "properties": {"area_ha": 3.73669501071392, "count": 13, "label": 1, "mean_dnbr": 0.2570505556736353}}, {"type": "Feature", "geometry": {"geodesic": false, "type": "Polygon", "coordinates": [[[35.118662772817714, 36.750053359767755], [35.119740751158645, 36.750053359767755], [35.119740751158645, 36.7511313381087], [35.120279740329124, 36.7511313381087], [35.120279740329124, 36.752748305620116], [35.117045805306304, 36.752748305620116], [35.117045805306304, 36.75059234893823], [35.118662772817714, 36.75059234893823], [35.118662772817714, 36.750053359767755]]]}, "id": "+399116+87663", "properties": {"area_ha": 7.195040922821111, "count": 25, "label": 1, "mean_dnbr": 0.5014561542361547}}, {"type": "Feature", "geometry": {"geodesic": false, "type": "Polygon", "coordinates": [[[35.119201761988194, 36.89881437081795], [35.120279740329124, 36.89881437081795], [35.120279740329124, 36.89989234915889], [35.119740751158645, 36.89989234915889], [35.119740751158645, 36.90204830584078], [35.119201761988194, 36.90204830584078], [35.119201761988194, 36.90258729501125], [35.119740751158645, 36.90258729501125], [35.119740751158645, 36.903126284181724], [35.12135771867008, 36.903126284181724], [35.12135771867008, 36.90420426252267], [35.120818729499604, 36.90420426252267], [35.120818729499604, 36.90474325169314], [35.120279740329124, 36.90474325169314], [35.120279740329124, 36.90528224086361], [35.119740751158645, 36.90528224086361], [35.119740751158645, 36.90636021920455], [35.118662772817714, 36.90636021920455], [35.118662772817714, 36.907438197545495], [35.118123783647235, 36.907438197545495], [35.118123783647235, 36.90689920837502], [35.117584794476755, 36.90689920837502], [35.117584794476755, 36.903665273352196], [35.117045805306304, 36.903665273352196], [35.117045805306304, 36.90150931667031], [35.117584794476755, 36.90150931667031], [35.117584794476755, 36.90204830584078], [35.118662772817714, 36.90204830584078], [35.118662772817714, 36.899353359988424], [35.119201761988194, 36.899353359988424], [35.119201761988194, 36.89881437081795]]]}, "id": "+399117+87387", "properties": {"area_ha": 17.233822226996622, "count": 60, "label": 1, "mean_dnbr": 0.5340859513153282}}, {"type": "Feature", "geometry": {"geodesic": false, "type": "Polygon", "coordinates": [[[35.117584794476755, 36.79209451506455], [35.120279740329124, 36.79209451506455], [35.120279740329124, 36.79263350423502], [35.12297468618149, 36.79263350423502], [35.12297468618149, 36.793711482575965], [35.119201761988194, 36.793711482575965], [35.119201761988194, 36.79317249340549], [35.117584794476755, 36.79317249340549], [35.117584794476755, 36.79209451506455]]]}, "id": "+399117+87585", "properties": {"area_ha": 6.328217222413234, "count": 22, "label": 1, "mean_dnbr": 0.3825080538355791}}, {"type": "Feature", "geometry": {"geodesic": false, "type": "Polygon", "coordinates": [[[35.119740751158645, 36.73873458718785], [35.120818729499604, 36.73873458718785], [35.120818729499604, 36.739812565528794], [35.12135771867008, 36.739812565528794], [35.12135771867008, 36.74196852221068], [35.119201761988194, 36.74196852221068], [35.119201761988194, 36.74142953304021], [35.118662772817714, 36.74142953304021], [35.118662772817714, 36.74089054386974], [35.118123783647235, 36.74089054386974], [35.118123783647235, 36.739812565528794], [35.119201761988194, 36.739812565528794], [35.119201761988194, 36.74089054386974], [35.119740751158645, 36.74089054386974], [35.119740751158645, 36.73873458718785]]]}, "id": "+399118+87684", "properties": {"area_ha": 6.620375625794996, "count": 23, "label": 1, "mean_dnbr": 0.3425232758942374}}, {"type": "Feature", "geometry": {"geodesic": false, "type": "Polygon", "coordinates": [[[35.119740751158645, 36.69292050769776], [35.120818729499604, 36.69292050769776], [35.120818729499604, 36.69345949686823], [35.121896707840534, 36.69345949686823], [35.121896707840534, 36.69507646437964], [35.12135771867008, 36.69507646437964], [35.12135771867008, 36.69723242106153], [35.120818729499604, 36.69723242106153], [35.120818729499604, 36.69831039940247], [35.12135771867008, 36.69831039940247], [35.12135771867008, 36.700466356084355], [35.119201761988194, 36.700466356084355], [35.119201761988194, 36.69938837774342], [35.119740751158645, 36.69938837774342], [35.119740751158645, 36.6939984860387], [35.119201761988194, 36.6939984860387], [35.119201761988194, 36.69345949686823], [35.119740751158645, 36.69345949686823], [35.119740751158645, 36.69292050769776]]]}, "id": "+399118+87769", "properties": {"area_ha": 12.960314333293995, "count": 45, "label": 1, "mean_dnbr": 0.4036016291041422}}, {"type": "Feature", "geometry": {"geodesic": false, "type": "Polygon", "coordinates": [[[35.120279740329124, 36.85192231298691], [35.121896707840534, 36.85192231298691], [35.121896707840534, 36.85246130215738], [35.122435697011014, 36.85246130215738], [35.122435697011014, 36.85300029132785], [35.12135771867008, 36.85300029132785], [35.12135771867008, 36.853539280498325], [35.119740751158645, 36.853539280498325], [35.119740751158645, 36.85246130215738], [35.120279740329124, 36.85246130215738], [35.120279740329124, 36.85192231298691]]]}, "id": "+399120+87474", "properties": {"area_ha": 3.161632051200176, "count": 11, "label": 1, "mean_dnbr": 0.46817623396403035}}, {"type": "Feature", "geometry": {"geodesic": false, "type": "Polygon", "coordinates": [[[35.121896707840534, 36.93277068855767], [35.122435697011014, 36.93277068855767], [35.122435697011014, 36.934387656069084], [35.121896707840534, 36.934387656069084], [35.121896707840534, 36.93546563441003], [35.119740751158645, 36.93546563441003], [35.119740751158645, 36.934387656069084], [35.120818729499604, 36.934387656069084], [35.120818729499604, 36.93384866689861], [35.12135771867008, 36.93384866689861], [35.12135771867008, 36.93330967772814], [35.121896707840534, 36.93330967772814], [35.121896707840534, 36.93277068855767]]]}, "id": "+399121+87324", "properties": {"area_ha": 4.019595834696213, "count": 14, "label": 1, "mean_dnbr": 0.24296130693737145}}, {"type": "Feature", "geometry": {"geodesic": false, "type": "Polygon", "coordinates": [[[35.12135771867008, 36.82335588695191], [35.122435697011014, 36.82335588695191], [35.122435697011014, 36.82389487612238], [35.12297468618149, 36.82389487612238], [35.12297468618149, 36.82443386529285], [35.124052664522424, 36.82443386529285], [35.124052664522424, 36.824972854463326], [35.1245916536929, 36.824972854463326], [35.1245916536929, 36.8255118436338], [35.12297468618149, 36.8255118436338], [35.12297468618149, 36.824972854463326], [35.122435697011014, 36.824972854463326], [35.122435697011014, 36.82443386529285], [35.12135771867008, 36.82443386529285], [35.12135771867008, 36.82335588695191]]]}, "id": "+399121+87527", "properties": {"area_ha": 3.1628002816368115, "count": 11, "label": 1, "mean_dnbr": 0.4971089392320929}}, {"type": "Feature", "geometry": {"geodesic": false, "type": "Polygon", "coordinates": [[[35.121896707840534, 36.70316130193672], [35.122435697011014, 36.70316130193672], [35.122435697011014, 36.70370029110719], [35.12297468618149, 36.70370029110719], [35.12297468618149, 36.70423928027766], [35.123513675351944, 36.70423928027766], [35.123513675351944, 36.704778269448134], [35.12297468618149, 36.704778269448134], [35.12297468618149, 36.70585624778908], [35.122435697011014, 36.70585624778908], [35.122435697011014, 36.706934226130016], [35.121896707840534, 36.706934226130016], [35.121896707840534, 36.70639523695955], [35.12135771867008, 36.70639523695955], [35.12135771867008, 36.704778269448134], [35.121896707840534, 36.704778269448134], [35.121896707840534, 36.70316130193672]]]}, "id": "+399121+87750", "properties": {"area_ha": 4.319630506370046, "count": 15, "label": 1, "mean_dnbr": 0.18175685737912473}}, {"type": "Feature", "geometry": {"geodesic": false, "type": "Polygon", "coordinates": [[[35.12135771867008, 36.68537465931115], [35.122435697011014, 36.68537465931115], [35.122435697011014, 36.68591364848162], [35.12297468618149, 36.68591364848162], [35.12297468618149, 36.686452637652096], [35.123513675351944, 36.686452637652096], [35.123513675351944, 36.68699162682257], [35.1245916536929, 36.68699162682257], [35.1245916536929, 36.68806960516351], [35.12297468618149, 36.68806960516351], [35.12297468618149, 36.68753061599304], [35.122435697011014, 36.68753061599304], [35.122435697011014, 36.68699162682257], [35.121896707840534, 36.68699162682257], [35.121896707840534, 36.68753061599304], [35.12135771867008, 36.68753061599304], [35.12135771867008, 36.68699162682257], [35.121896707840534, 36.68699162682257], [35.121896707840534, 36.68591364848162], [35.12135771867008, 36.68591364848162], [35.12135771867008, 36.68537465931115]]]}, "id": "+399121+87783", "properties": {"area_ha": 4.320651493681261, "count": 15, "label": 1, "mean_dnbr": 0.23815329807813576}}, {"type": "Feature", "geometry": {"geodesic": false, "type": "Polygon", "coordinates": [[[35.121896707840534, 36.93762159109191], [35.12297468618149, 36.93762159109191], [35.12297468618149, 36.9397775477738], [35.123513675351944, 36.9397775477738], [35.123513675351944, 36.940855526114746], [35.121896707840534, 36.940855526114746], [35.121896707840534, 36.93762159109191]]]}, "id": "+399122+87315", "properties": {"area_ha": 4.019330000156671, "count": 14, "label": 1, "mean_dnbr": 0.18663990002538855}}, {"type": "Feature", "geometry": {"geodesic": false, "type": "Polygon", "coordinates": [[[35.120818729499604, 36.80934216851964], [35.12297468618149, 36.80934216851964], [35.12297468618149, 36.809881157690114], [35.122435697011014, 36.809881157690114], [35.122435697011014, 36.812037114372], [35.121896707840534, 36.812037114372], [35.121896707840534, 36.81311509271295], [35.120279740329124, 36.81311509271295], [35.120279740329124, 36.812037114372], [35.120818729499604, 36.812037114372], [35.120818729499604, 36.80934216851964]]]}, "id": "+399122+87553", "properties": {"area_ha": 6.326696370335608, "count": 22, "label": 1, "mean_dnbr": 0.4675902380568595}}, {"type": "Feature", "geometry": {"geodesic": false, "type": "Polygon", "coordinates": [[[35.12297468618149, 36.81311509271295], [35.124052664522424, 36.81311509271295], [35.124052664522424, 36.8158100385653], [35.121896707840534, 36.8158100385653], [35.121896707840534, 36.81742700607672], [35.12135771867008, 36.81742700607672], [35.12135771867008, 36.81796599524719], [35.120818729499604, 36.81796599524719], [35.120818729499604, 36.81688801690625], [35.120279740329124, 36.81688801690625], [35.120279740329124, 36.81796599524719], [35.119201761988194, 36.81796599524719], [35.119201761988194, 36.81742700607672], [35.119740751158645, 36.81742700607672], [35.119740751158645, 36.814732060224365], [35.120279740329124, 36.814732060224365], [35.120279740329124, 36.81365408188342], [35.120818729499604, 36.81365408188342], [35.120818729499604, 36.81688801690625], [35.12135771867008, 36.81688801690625], [35.12135771867008, 36.81365408188342], [35.12297468618149, 36.81365408188342], [35.12297468618149, 36.81311509271295]], [[35.122435697011014, 36.81419307105389], [35.122435697011014, 36.814732060224365], [35.121896707840534, 36.814732060224365], [35.121896707840534, 36.81419307105389], [35.122435697011014, 36.81419307105389]]]}, "id": "+399124+87546", "properties": {"area_ha": 11.214901834963584, "count": 39, "label": 1, "mean_dnbr": 0.31114451384558595}}, {"type": "Feature", "geometry": {"geodesic": false, "type": "Polygon", "coordinates": [[[35.12297468618149, 36.89827538164748], [35.1245916536929, 36.89827538164748], [35.1245916536929, 36.900970327499834], [35.124052664522424, 36.900970327499834], [35.124052664522424, 36.90204830584078], [35.123513675351944, 36.90204830584078], [35.123513675351944, 36.90258729501125], [35.121896707840534, 36.90258729501125], [35.121896707840534, 36.90204830584078], [35.122435697011014, 36.90204830584078], [35.122435697011014, 36.90043133832936], [35.121896707840534, 36.90043133832936], [35.121896707840534, 36.899353359988424], [35.122435697011014, 36.899353359988424], [35.122435697011014, 36.89881437081795], [35.12297468618149, 36.89881437081795], [35.12297468618149, 36.89827538164748]]]}, "id": "+399125+87388", "properties": {"area_ha": 8.617259682213206, "count": 30, "label": 1, "mean_dnbr": 0.2594777179298558}}, {"type": "Feature", "geometry": {"geodesic": false, "type": "Polygon", "coordinates": [[[35.1245916536929, 36.80287429847399], [35.12513064286338, 36.80287429847399], [35.12513064286338, 36.80341328764445], [35.12620862120431, 36.80341328764445], [35.12620862120431, 36.8044912659854], [35.12566963203383, 36.8044912659854], [35.12566963203383, 36.80556924432634], [35.12674761037479, 36.80556924432634], [35.12674761037479, 36.80664722266729], [35.12566963203383, 36.80664722266729], [35.12566963203383, 36.80772520100823], [35.12513064286338, 36.80772520100823], [35.12513064286338, 36.808264190178704], [35.1245916536929, 36.808264190178704], [35.1245916536929, 36.80772520100823], [35.12297468618149, 36.80772520100823], [35.12297468618149, 36.80718621183776], [35.121896707840534, 36.80718621183776], [35.121896707840534, 36.80664722266729], [35.122435697011014, 36.80664722266729], [35.122435697011014, 36.80556924432634], [35.121896707840534, 36.80556924432634], [35.121896707840534, 36.8044912659854], [35.120818729499604, 36.8044912659854], [35.120818729499604, 36.80503025515587], [35.120279740329124, 36.80503025515587], [35.120279740329124, 36.8044912659854], [35.120818729499604, 36.8044912659854], [35.120818729499604, 36.80341328764445], [35.122435697011014, 36.80341328764445], [35.122435697011014, 36.80287429847399], [35.12297468618149, 36.80287429847399], [35.12297468618149, 36.80341328764445], [35.123513675351944, 36.80341328764445], [35.123513675351944, 36.803952276814925], [35.1245916536929, 36.803952276814925], [35.1245916536929, 36.80287429847399]], [[35.12297468618149, 36.80341328764445], [35.12297468618149, 36.80503025515587], [35.122435697011014, 36.80503025515587], [35.122435697011014, 36.80341328764445], [35.12297468618149, 36.80341328764445]]]}, "id": "+399126+87565", "properties": {"area_ha": 17.543523569451988, "count": 61, "label": 1, "mean_dnbr": 0.44518128644386923}}, {"type": "Feature", "geometry": {"geodesic": false, "type": "Polygon", "coordinates": [[[35.124052664522424, 36.97804577887729], [35.12566963203383, 36.97804577887729], [35.12566963203383, 36.98074072472965], [35.12513064286338, 36.98074072472965], [35.12513064286338, 36.98020173555918], [35.1245916536929, 36.98020173555918], [35.1245916536929, 36.97912375721823], [35.124052664522424, 36.97912375721823], [35.124052664522424, 36.97804577887729]]]}, "id": "+399127+87240", "properties": {"area_ha": 3.1563925117270535, "count": 11, "label": 1, "mean_dnbr": 0.44396822980087447}}, {"type": "Feature", "geometry": {"geodesic": false, "type": "Polygon", "coordinates": [[[35.124052664522424, 36.74681942474493], [35.12620862120431, 36.74681942474493], [35.12620862120431, 36.74789740308587], [35.12566963203383, 36.74789740308587], [35.12566963203383, 36.748436392256345], [35.1245916536929, 36.748436392256345], [35.1245916536929, 36.74897538142681], [35.124052664522424, 36.74897538142681], [35.124052664522424, 36.748436392256345], [35.122435697011014, 36.748436392256345], [35.122435697011014, 36.74789740308587], [35.12297468618149, 36.74789740308587], [35.12297468618149, 36.7473584139154], [35.124052664522424, 36.7473584139154], [35.124052664522424, 36.74681942474493]]]}, "id": "+399128+87669", "properties": {"area_ha": 4.892855565816378, "count": 17, "label": 1, "mean_dnbr": 0.2530004616206991}}, {"type": "Feature", "geometry": {"geodesic": false, "type": "Polygon", "coordinates": [[[35.12620862120431, 36.938699569432856], [35.12674761037479, 36.938699569432856], [35.12674761037479, 36.9397775477738], [35.12728659954527, 36.9397775477738], [35.12728659954527, 36.94031653694427], [35.12782558871572, 36.94031653694427], [35.12782558871572, 36.94301148279663], [35.1283645778862, 36.94301148279663], [35.1283645778862, 36.94408946113757], [35.12620862120431, 36.94408946113757], [35.12620862120431, 36.944628450308045], [35.1245916536929, 36.944628450308045], [35.1245916536929, 36.94516743947852], [35.124052664522424, 36.94516743947852], [35.124052664522424, 36.942472493626155], [35.1245916536929, 36.942472493626155], [35.1245916536929, 36.94193350445568], [35.12513064286338, 36.94193350445568], [35.12513064286338, 36.940855526114746], [35.12566963203383, 36.940855526114746], [35.12566963203383, 36.94031653694427], [35.12620862120431, 36.94031653694427], [35.12620862120431, 36.938699569432856]]]}, "id": "+399129+87313", "properties": {"area_ha": 14.928346551471428, "count": 52, "label": 1, "mean_dnbr": 0.1915227319374222}}, {"type": "Feature", "geometry": {"geodesic": false, "type": "Polygon", "coordinates": [[[35.12513064286338, 36.752209316449644], [35.12674761037479, 36.752209316449644], [35.12674761037479, 36.75328729479059], [35.12728659954527, 36.75328729479059], [35.12728659954527, 36.754904262302], [35.12782558871572, 36.754904262302], [35.12782558871572, 36.75706021898389], [35.12674761037479, 36.75706021898389], [35.12674761037479, 36.756521229813416], [35.12620862120431, 36.756521229813416], [35.12620862120431, 36.754904262302], [35.12674761037479, 36.754904262302], [35.12674761037479, 36.75436527313153], [35.12566963203383, 36.75436527313153], [35.12566963203383, 36.752748305620116], [35.12513064286338, 36.752748305620116], [35.12513064286338, 36.752209316449644]]]}, "id": "+399129+87659", "properties": {"area_ha": 6.619158180446179, "count": 23, "label": 1, "mean_dnbr": 0.19348810354206525}}, {"type": "Feature", "geometry": {"geodesic": false, "type": "Polygon", "coordinates": [[[35.122435697011014, 36.8007183417921], [35.12728659954527, 36.8007183417921], [35.12728659954527, 36.802335309303515], [35.1283645778862, 36.802335309303515], [35.1283645778862, 36.80287429847399], [35.12890356705668, 36.80287429847399], [35.12890356705668, 36.803952276814925], [35.12782558871572, 36.803952276814925], [35.12782558871572, 36.80341328764445], [35.1283645778862, 36.80341328764445], [35.1283645778862, 36.80287429847399], [35.12728659954527, 36.80287429847399], [35.12728659954527, 36.802335309303515], [35.12674761037479, 36.802335309303515], [35.12674761037479, 36.80287429847399], [35.12566963203383, 36.80287429847399], [35.12566963203383, 36.802335309303515], [35.12297468618149, 36.802335309303515], [35.12297468618149, 36.80179632013304], [35.122435697011014, 36.80179632013304], [35.122435697011014, 36.8007183417921]]]}, "id": "+399130+87569", "properties": {"area_ha": 9.49114375382156, "count": 33, "label": 1, "mean_dnbr": 0.4590355606478915}}, {"type": "Feature", "geometry": {"geodesic": false, "type": "Polygon", "coordinates": [[[35.12728659954527, 36.81958296275861], [35.12782558871572, 36.81958296275861], [35.12782558871572, 36.82012195192908], [35.12998154539761, 36.82012195192908], [35.12998154539761, 36.820660941099554], [35.13267649124998, 36.820660941099554], [35.13267649124998, 36.82119993027002], [35.13429345876139, 36.82119993027002], [35.13429345876139, 36.82173891944049], [35.1359104262728, 36.82173891944049], [35.1359104262728, 36.822277908610964], [35.13806638295469, 36.822277908610964], [35.13806638295469, 36.822816897781436], [35.13752739378421, 36.822816897781436], [35.13752739378421, 36.82389487612238], [35.13644941544328, 36.82389487612238], [35.13644941544328, 36.82443386529285], [35.1359104262728, 36.82443386529285], [35.1359104262728, 36.82389487612238], [35.13429345876139, 36.82389487612238], [35.13429345876139, 36.82335588695191], [35.13375446959091, 36.82335588695191], [35.13375446959091, 36.822816897781436], [35.13267649124998, 36.822816897781436], [35.13267649124998, 36.822277908610964], [35.13159851290902, 36.822277908610964], [35.13159851290902, 36.822816897781436], [35.12998154539761, 36.822816897781436], [35.12998154539761, 36.82335588695191], [35.13052053456809, 36.82335588695191], [35.13052053456809, 36.82389487612238], [35.13159851290902, 36.82389487612238], [35.13159851290902, 36.82443386529285], [35.1321375020795, 36.82443386529285], [35.1321375020795, 36.824972854463326], [35.13375446959091, 36.824972854463326], [35.13375446959091, 36.82605083280427], [35.13537143710232, 36.82605083280427], [35.13537143710232, 36.8255118436338], [35.1359104262728, 36.8255118436338], [35.1359104262728, 36.824972854463326], [35.13752739378421, 36.824972854463326], [35.13752739378421, 36.8255118436338], [35.13806638295469, 36.8255118436338], [35.13806638295469, 36.82605083280427], [35.13860537212517, 36.82605083280427], [35.13860537212517, 36.8255118436338], [35.13914436129565, 36.8255118436338], [35.13914436129565, 36.82658982197474], [35.14022233963658, 36.82658982197474], [35.14022233963658, 36.82766780031568], [35.1396833504661, 36.82766780031568], [35.1396833504661, 36.828745778656625], [35.13914436129565, 36.828745778656625], [35.13914436129565, 36.8292847678271], [35.13698840461376, 36.8292847678271], [35.13698840461376, 36.828745778656625], [35.13644941544328, 36.828745778656625], [35.13644941544328, 36.82820678948615], [35.13537143710232, 36.82820678948615], [35.13537143710232, 36.82766780031568], [35.13429345876139, 36.82766780031568], [35.13429345876139, 36.82712881114521], [35.13321548042046, 36.82712881114521], [35.13321548042046, 36.82658982197474], [35.12998154539761, 36.82658982197474], [35.12998154539761, 36.82605083280427], [35.12890356705668, 36.82605083280427], [35.12890356705668, 36.8255118436338], [35.12782558871572, 36.8255118436338], [35.12782558871572, 36.824972854463326], [35.1283645778862, 36.824972854463326], [35.1283645778862, 36.82443386529285], [35.12728659954527, 36.82443386529285], [35.12728659954527, 36.82389487612238], [35.12674761037479, 36.82389487612238], [35.12674761037479, 36.82335588695191], [35.12566963203383, 36.82335588695191], [35.12566963203383, 36.822816897781436], [35.12513064286338, 36.822816897781436], [35.12513064286338, 36.822277908610964], [35.1245916536929, 36.822277908610964], [35.1245916536929, 36.820660941099554], [35.12513064286338, 36.820660941099554], [35.12513064286338, 36.81958296275861], [35.12566963203383, 36.81958296275861], [35.12566963203383, 36.82012195192908], [35.12728659954527, 36.82012195192908], [35.12728659954527, 36.81958296275861]]]}, "id": "+399131+87534", "properties": {"area_ha": 62.96878665919545, "count": 219, "label": 1, "mean_dnbr": 0.5081428463827827}}, {"type": "Feature", "geometry": {"geodesic": false, "type": "Polygon", "coordinates": [[[35.12674761037479, 36.79532845008738], [35.1283645778862, 36.79532845008738], [35.1283645778862, 36.795867439257854], [35.12782558871572, 36.795867439257854], [35.12782558871572, 36.79640642842833], [35.12728659954527, 36.79640642842833], [35.12728659954527, 36.79694541759879], [35.12782558871572, 36.79694541759879], [35.12782558871572, 36.797484406769264], [35.12728659954527, 36.797484406769264], [35.12728659954527, 36.79802339593974], [35.12782558871572, 36.79802339593974], [35.12782558871572, 36.79910137428068], [35.12513064286338, 36.79910137428068], [35.12513064286338, 36.79856238511021], [35.1245916536929, 36.79856238511021], [35.1245916536929, 36.79802339593974], [35.124052664522424, 36.79802339593974], [35.124052664522424, 36.79856238511021], [35.12135771867008, 36.79856238511021], [35.12135771867008, 36.797484406769264], [35.12297468618149, 36.797484406769264], [35.12297468618149, 36.79694541759879], [35.123513675351944, 36.79694541759879], [35.123513675351944, 36.797484406769264], [35.1245916536929, 36.797484406769264], [35.1245916536929, 36.79802339593974], [35.12513064286338, 36.79802339593974], [35.12513064286338, 36.797484406769264], [35.12566963203383, 36.797484406769264], [35.12566963203383, 36.79694541759879], [35.12620862120431, 36.79694541759879], [35.12620862120431, 36.795867439257854], [35.12674761037479, 36.795867439257854], [35.12674761037479, 36.79532845008738]]]}, "id": "+399132+87579", "properties": {"area_ha": 11.217515374739254, "count": 39, "label": 1, "mean_dnbr": 0.371102114023675}}, {"type": "Feature", "geometry": {"geodesic": false, "type": "Polygon", "coordinates": [[[35.12782558871572, 36.806108233496815], [35.12890356705668, 36.806108233496815], [35.12890356705668, 36.80664722266729], [35.1283645778862, 36.80664722266729], [35.1283645778862, 36.81095913603106], [35.12728659954527, 36.81095913603106], [35.12728659954527, 36.80934216851964], [35.12782558871572, 36.80934216851964], [35.12782558871572, 36.80880317934918], [35.12728659954527, 36.80880317934918], [35.12728659954527, 36.80772520100823], [35.12782558871572, 36.80772520100823], [35.12782558871572, 36.806108233496815]]]}, "id": "+399133+87559", "properties": {"area_ha": 4.313798873440976, "count": 15, "label": 1, "mean_dnbr": 0.28085213840590995}}, {"type": "Feature", "geometry": {"geodesic": false, "type": "Polygon", "coordinates": [[[35.12674761037479, 36.697771410232], [35.12890356705668, 36.697771410232], [35.12890356705668, 36.698849388572945], [35.12728659954527, 36.698849388572945], [35.12728659954527, 36.69938837774342], [35.12674761037479, 36.69938837774342], [35.12674761037479, 36.69992736691389], [35.12566963203383, 36.69992736691389], [35.12566963203383, 36.69938837774342], [35.12620862120431, 36.69938837774342], [35.12620862120431, 36.69831039940247], [35.12674761037479, 36.69831039940247], [35.12674761037479, 36.697771410232]]]}, "id": "+399133+87760", "properties": {"area_ha": 3.7439875245580465, "count": 13, "label": 1, "mean_dnbr": 0.1951140996306655}}, {"type": "Feature", "geometry": {"geodesic": false, "type": "Polygon", "coordinates": [[[35.12782558871572, 36.750053359767755], [35.12944255622713, 36.750053359767755], [35.12944255622713, 36.75059234893823], [35.12890356705668, 36.75059234893823], [35.12890356705668, 36.7511313381087], [35.12944255622713, 36.7511313381087], [35.12944255622713, 36.75167032727917], [35.12998154539761, 36.75167032727917], [35.12998154539761, 36.75328729479059], [35.1283645778862, 36.75328729479059], [35.1283645778862, 36.75167032727917], [35.12782558871572, 36.75167032727917], [35.12782558871572, 36.750053359767755]]]}, "id": "+399134+87663", "properties": {"area_ha": 4.892606743355312, "count": 17, "label": 1, "mean_dnbr": 0.2580381499515978}}, {"type": "Feature", "geometry": {"geodesic": false, "type": "Polygon", "coordinates": [[[35.12998154539761, 36.729571771289834], [35.13052053456809, 36.729571771289834], [35.13052053456809, 36.730110760460306], [35.13105952373857, 36.730110760460306], [35.13105952373857, 36.731188738801244], [35.13159851290902, 36.731188738801244], [35.13159851290902, 36.73226671714219], [35.1321375020795, 36.73226671714219], [35.1321375020795, 36.73334469548313], [35.13267649124998, 36.73334469548313], [35.13267649124998, 36.733883684653605], [35.1321375020795, 36.733883684653605], [35.1321375020795, 36.73442267382408], [35.13267649124998, 36.73442267382408], [35.13267649124998, 36.73496166299455], [35.1321375020795, 36.73496166299455], [35.1321375020795, 36.73442267382408], [35.13159851290902, 36.73442267382408], [35.13159851290902, 36.733883684653605], [35.12944255622713, 36.733883684653605], [35.12944255622713, 36.73226671714219], [35.12890356705668, 36.73226671714219], [35.12890356705668, 36.731188738801244], [35.1283645778862, 36.731188738801244], [35.1283645778862, 36.73064974963077], [35.12782558871572, 36.73064974963077], [35.12782558871572, 36.729571771289834], [35.12890356705668, 36.729571771289834], [35.12890356705668, 36.73064974963077], [35.12944255622713, 36.73064974963077], [35.12944255622713, 36.730110760460306], [35.12998154539761, 36.730110760460306], [35.12998154539761, 36.729571771289834]]]}, "id": "+399136+87701", "properties": {"area_ha": 11.802854373465397, "count": 41, "label": 1, "mean_dnbr": 0.21258070505474233}}, {"type": "Feature", "geometry": {"geodesic": false, "type": "Polygon", "coordinates": [[[35.12620862120431, 36.81527104939483], [35.13105952373857, 36.81527104939483], [35.13105952373857, 36.81688801690625], [35.12513064286338, 36.81688801690625], [35.12513064286338, 36.8158100385653], [35.12620862120431, 36.8158100385653], [35.12620862120431, 36.81527104939483]]]}, "id": "+399137+87542", "properties": {"area_ha": 8.914382552263293, "count": 31, "label": 1, "mean_dnbr": 0.2617368161318604}}, {"type": "Feature", "geometry": {"geodesic": false, "type": "Polygon", "coordinates": [[[35.13105952373857, 36.71609704202804], [35.13159851290902, 36.71609704202804], [35.13159851290902, 36.71663603119851], [35.1321375020795, 36.71663603119851], [35.1321375020795, 36.717175020368984], [35.13159851290902, 36.717175020368984], [35.13159851290902, 36.717714009539456], [35.1321375020795, 36.717714009539456], [35.1321375020795, 36.71986996622134], [35.13159851290902, 36.71986996622134], [35.13159851290902, 36.72040895539181], [35.13321548042046, 36.72040895539181], [35.13321548042046, 36.719330977050866], [35.13752739378421, 36.719330977050866], [35.13752739378421, 36.71986996622134], [35.13860537212517, 36.71986996622134], [35.13860537212517, 36.72040895539181], [35.13806638295469, 36.72040895539181], [35.13806638295469, 36.72094794456228], [35.13644941544328, 36.72094794456228], [35.13644941544328, 36.72040895539181], [35.13537143710232, 36.72040895539181], [35.13537143710232, 36.71986996622134], [35.13483244793187, 36.71986996622134], [35.13483244793187, 36.72040895539181], [35.13429345876139, 36.72040895539181], [35.13429345876139, 36.72094794456228], [35.13483244793187, 36.72094794456228], [35.13483244793187, 36.7225649120737], [35.13105952373857, 36.7225649120737], [35.13105952373857, 36.72202592290323], [35.13159851290902, 36.72202592290323], [35.13159851290902, 36.721486933732756], [35.13105952373857, 36.721486933732756], [35.13105952373857, 36.72040895539181], [35.12998154539761, 36.72040895539181], [35.12998154539761, 36.71986996622134], [35.12944255622713, 36.71986996622134], [35.12944255622713, 36.71825299870993], [35.13105952373857, 36.71825299870993], [35.13105952373857, 36.71609704202804]]]}, "id": "+399138+87726", "properties": {"area_ha": 20.15429862036077, "count": 70, "label": 1, "mean_dnbr": 0.25533882130171015}}, {"type": "Feature", "geometry": {"geodesic": false, "type": "Polygon", "coordinates": [[[35.1283645778862, 36.66651003834464], [35.13159851290902, 36.66651003834464], [35.13159851290902, 36.667588016685585], [35.1321375020795, 36.667588016685585], [35.1321375020795, 36.66704902751511], [35.13375446959091, 36.66704902751511], [35.13375446959091, 36.66812700585606], [35.13105952373857, 36.66812700585606], [35.13105952373857, 36.66866599502653], [35.12944255622713, 36.66866599502653], [35.12944255622713, 36.669743973367474], [35.12890356705668, 36.669743973367474], [35.12890356705668, 36.67028296253795], [35.1283645778862, 36.67028296253795], [35.1283645778862, 36.669743973367474], [35.12728659954527, 36.669743973367474], [35.12728659954527, 36.669204984197], [35.12674761037479, 36.669204984197], [35.12674761037479, 36.66704902751511], [35.1283645778862, 36.66704902751511], [35.1283645778862, 36.66651003834464]]]}, "id": "+399138+87818", "properties": {"area_ha": 14.117586470161482, "count": 49, "label": 1, "mean_dnbr": 0.4279806842673171}}, {"type": "Feature", "geometry": {"geodesic": false, "type": "Polygon", "coordinates": [[[35.13105952373857, 36.80341328764445], [35.13267649124998, 36.80341328764445], [35.13267649124998, 36.803952276814925], [35.13537143710232, 36.803952276814925], [35.13537143710232, 36.80503025515587], [35.13483244793187, 36.80503025515587], [35.13483244793187, 36.80556924432634], [35.13375446959091, 36.80556924432634], [35.13375446959091, 36.806108233496815], [35.13321548042046, 36.806108233496815], [35.13321548042046, 36.80556924432634], [35.13267649124998, 36.80556924432634], [35.13267649124998, 36.80503025515587], [35.13321548042046, 36.80503025515587], [35.13321548042046, 36.8044912659854], [35.13105952373857, 36.8044912659854], [35.13105952373857, 36.80341328764445]]]}, "id": "+399140+87564", "properties": {"area_ha": 5.752033807234726, "count": 20, "label": 1, "mean_dnbr": 0.3793839095868672}}, {"type": "Feature", "geometry": {"geodesic": false, "type": "Polygon", "coordinates": [[[35.1321375020795, 36.74520245723351], [35.13321548042046, 36.74520245723351], [35.13321548042046, 36.74681942474493], [35.12998154539761, 36.74681942474493], [35.12998154539761, 36.7473584139154], [35.1283645778862, 36.7473584139154], [35.1283645778862, 36.74789740308587], [35.12728659954527, 36.74789740308587], [35.12728659954527, 36.74681942474493], [35.1283645778862, 36.74681942474493], [35.1283645778862, 36.746280435574455], [35.12944255622713, 36.746280435574455], [35.12944255622713, 36.74574144640398], [35.1321375020795, 36.74574144640398], [35.1321375020795, 36.74520245723351]]]}, "id": "+399141+87672", "properties": {"area_ha": 7.195509606414835, "count": 25, "label": 1, "mean_dnbr": 0.34233660919388714}}, {"type": "Feature", "geometry": {"geodesic": false, "type": "Polygon", "coordinates": [[[35.13375446959091, 36.79209451506455], [35.13429345876139, 36.79209451506455], [35.13429345876139, 36.79425047174644], [35.1359104262728, 36.79425047174644], [35.1359104262728, 36.79478946091691], [35.13698840461376, 36.79478946091691], [35.13698840461376, 36.79532845008738], [35.13806638295469, 36.79532845008738], [35.13806638295469, 36.79640642842833], [35.13375446959091, 36.79640642842833], [35.13375446959091, 36.79532845008738], [35.13429345876139, 36.79532845008738], [35.13429345876139, 36.79425047174644], [35.13375446959091, 36.79425047174644], [35.13375446959091, 36.79209451506455]]]}, "id": "+399143+87585", "properties": {"area_ha": 8.053893059364786, "count": 28, "label": 1, "mean_dnbr": 0.4018379773802208}}, {"type": "Feature", "geometry": {"geodesic": false, "type": "Polygon", "coordinates": [[[35.13375446959091, 37.01739198832173], [35.13483244793187, 37.01739198832173], [35.13483244793187, 37.0179309774922], [35.13537143710232, 37.0179309774922], [35.13537143710232, 37.019008955833144], [35.1359104262728, 37.019008955833144], [35.1359104262728, 37.019547945003616], [35.13375446959091, 37.019547945003616], [35.13375446959091, 37.01739198832173]]]}, "id": "+399144+87167", "properties": {"area_ha": 3.4415596312808177, "count": 12, "label": 1, "mean_dnbr": 0.38805666399534433}}, {"type": "Feature", "geometry": {"geodesic": false, "type": "Polygon", "coordinates": [[[35.13429345876139, 36.742507511381156], [35.13483244793187, 36.742507511381156], [35.13483244793187, 36.74304650055162], [35.1359104262728, 36.74304650055162], [35.1359104262728, 36.744124478892566], [35.13644941544328, 36.744124478892566], [35.13644941544328, 36.74520245723351], [35.13698840461376, 36.74520245723351], [35.13698840461376, 36.746280435574455], [35.13752739378421, 36.746280435574455], [35.13752739378421, 36.7473584139154], [35.1359104262728, 36.7473584139154], [35.1359104262728, 36.74789740308587], [35.13483244793187, 36.74789740308587], [35.13483244793187, 36.748436392256345], [35.13375446959091, 36.748436392256345], [35.13375446959091, 36.74304650055162], [35.13429345876139, 36.74304650055162], [35.13429345876139, 36.742507511381156]]]}, "id": "+399144+87677", "properties": {"area_ha": 14.678979872424673, "count": 51, "label": 1, "mean_dnbr": 0.7048461426113551}}, {"type": "Feature", "geometry": {"geodesic": false, "type": "Polygon", "coordinates": [[[35.13375446959091, 36.709090182811906], [35.13483244793187, 36.709090182811906], [35.13483244793187, 36.70962917198238], [35.13537143710232, 36.70962917198238], [35.13537143710232, 36.711246139493795], [35.13483244793187, 36.711246139493795], [35.13483244793187, 36.71178512866427], [35.13375446959091, 36.71178512866427], [35.13375446959091, 36.711246139493795], [35.13267649124998, 36.711246139493795], [35.13267649124998, 36.709090182811906], [35.13321548042046, 36.709090182811906], [35.13321548042046, 36.70962917198238], [35.13375446959091, 36.70962917198238], [35.13375446959091, 36.709090182811906]]]}, "id": "+399144+87739", "properties": {"area_ha": 5.759108082399652, "count": 20, "label": 1, "mean_dnbr": 0.31587669475915703}}, {"type": "Feature", "geometry": {"geodesic": false, "type": "Polygon", "coordinates": [[[35.13375446959091, 36.68537465931115], [35.13483244793187, 36.68537465931115], [35.13483244793187, 36.686452637652096], [35.13537143710232, 36.686452637652096], [35.13537143710232, 36.68699162682257], [35.1359104262728, 36.68699162682257], [35.1359104262728, 36.68806960516351], [35.13644941544328, 36.68806960516351], [35.13644941544328, 36.68860859433398], [35.13698840461376, 36.68860859433398], [35.13698840461376, 36.68968657267492], [35.13644941544328, 36.68968657267492], [35.13644941544328, 36.68914758350445], [35.1359104262728, 36.68914758350445], [35.1359104262728, 36.68860859433398], [35.13537143710232, 36.68860859433398], [35.13537143710232, 36.68806960516351], [35.13483244793187, 36.68806960516351], [35.13483244793187, 36.68753061599304], [35.13429345876139, 36.68753061599304], [35.13429345876139, 36.68699162682257], [35.13375446959091, 36.68699162682257], [35.13375446959091, 36.686452637652096], [35.13321548042046, 36.686452637652096], [35.13321548042046, 36.68591364848162], [35.13375446959091, 36.68591364848162], [35.13375446959091, 36.68537465931115]]]}, "id": "+399144+87783", "properties": {"area_ha": 5.184753340967825, "count": 18, "label": 1, "mean_dnbr": 0.32655281995263596}}, {"type": "Feature", "geometry": {"geodesic": false, "type": "Polygon", "coordinates": [[[35.13267649124998, 36.65680823327615], [35.13483244793187, 36.65680823327615], [35.13483244793187, 36.6578862116171], [35.13429345876139, 36.6578862116171], [35.13429345876139, 36.65842520078756], [35.13267649124998, 36.65842520078756], [35.13267649124998, 36.65680823327615]]]}, "id": "+399144+87836", "properties": {"area_ha": 3.169681062509988, "count": 11, "label": 1, "mean_dnbr": 0.48856579360157465}}, {"type": "Feature", "geometry": {"geodesic": false, "type": "Polygon", "coordinates": [[[35.13537143710232, 36.808264190178704], [35.1359104262728, 36.808264190178704], [35.1359104262728, 36.80880317934918], [35.13644941544328, 36.80880317934918], [35.13644941544328, 36.81042014686059], [35.1359104262728, 36.81042014686059], [35.1359104262728, 36.81095913603106], [35.13429345876139, 36.81095913603106], [35.13429345876139, 36.809881157690114], [35.13483244793187, 36.809881157690114], [35.13483244793187, 36.80880317934918], [35.13537143710232, 36.80880317934918], [35.13537143710232, 36.808264190178704]]]}, "id": "+399146+87555", "properties": {"area_ha": 4.026155626887098, "count": 14, "label": 1, "mean_dnbr": 0.35039290612646984}}, {"type": "Feature", "geometry": {"geodesic": false, "type": "Polygon", "coordinates": [[[35.1359104262728, 36.66058115746945], [35.13644941544328, 36.66058115746945], [35.13644941544328, 36.661120146639924], [35.13698840461376, 36.661120146639924], [35.13698840461376, 36.66219812498087], [35.13752739378421, 36.66219812498087], [35.13752739378421, 36.66327610332181], [35.13698840461376, 36.66327610332181], [35.13698840461376, 36.663815092492285], [35.13644941544328, 36.663815092492285], [35.13644941544328, 36.66489307083322], [35.13483244793187, 36.66489307083322], [35.13483244793187, 36.663815092492285], [35.13375446959091, 36.663815092492285], [35.13375446959091, 36.661659135810396], [35.13483244793187, 36.661659135810396], [35.13483244793187, 36.661120146639924], [35.1359104262728, 36.661120146639924], [35.1359104262728, 36.66058115746945]]]}, "id": "+399147+87829", "properties": {"area_ha": 10.66094451635885, "count": 37, "label": 1, "mean_dnbr": 0.5165571598330577}}, {"type": "Feature", "geometry": {"geodesic": false, "type": "Polygon", "coordinates": [[[35.13483244793187, 36.8939634682837], [35.13698840461376, 36.8939634682837], [35.13698840461376, 36.89450245745417], [35.13752739378421, 36.89450245745417], [35.13752739378421, 36.897197403306535], [35.13644941544328, 36.897197403306535], [35.13644941544328, 36.89773639247701], [35.13429345876139, 36.89773639247701], [35.13429345876139, 36.89558043579512], [35.13483244793187, 36.89558043579512], [35.13483244793187, 36.8939634682837]]]}, "id": "+399148+87396", "properties": {"area_ha": 10.341312366641711, "count": 36, "label": 1, "mean_dnbr": 0.488957529847067}}, {"type": "Feature", "geometry": {"geodesic": false, "type": "Polygon", "coordinates": [[[35.1359104262728, 36.69831039940247], [35.13698840461376, 36.69831039940247], [35.13698840461376, 36.700466356084355], [35.13752739378421, 36.700466356084355], [35.13752739378421, 36.7015443344253], [35.13806638295469, 36.7015443344253], [35.13806638295469, 36.702622312766245], [35.13860537212517, 36.702622312766245], [35.13860537212517, 36.70370029110719], [35.13914436129565, 36.70370029110719], [35.13914436129565, 36.704778269448134], [35.13644941544328, 36.704778269448134], [35.13644941544328, 36.702622312766245], [35.13483244793187, 36.702622312766245], [35.13483244793187, 36.700466356084355], [35.1359104262728, 36.700466356084355], [35.1359104262728, 36.69831039940247]]]}, "id": "+399148+87759", "properties": {"area_ha": 13.823373133443642, "count": 48, "label": 1, "mean_dnbr": 0.5629672589445003}}, {"type": "Feature", "geometry": {"geodesic": false, "type": "Polygon", "coordinates": [[[35.13644941544328, 36.91660101344352], [35.13806638295469, 36.91660101344352], [35.13806638295469, 36.91714000261399], [35.1396833504661, 36.91714000261399], [35.1396833504661, 36.92145191597776], [35.13537143710232, 36.92145191597776], [35.13537143710232, 36.92037393763682], [35.13483244793187, 36.92037393763682], [35.13483244793187, 36.917678991784456], [35.13429345876139, 36.917678991784456], [35.13429345876139, 36.91714000261399], [35.13644941544328, 36.91714000261399], [35.13644941544328, 36.91660101344352]]]}, "id": "+399150+87354", "properties": {"area_ha": 21.250710832937234, "count": 74, "label": 1, "mean_dnbr": 0.49489556336397905}}, {"type": "Feature", "geometry": {"geodesic": false, "type": "Polygon", "coordinates": [[[35.13752739378421, 36.83036274616804], [35.13860537212517, 36.83036274616804], [35.13860537212517, 36.830901735338514], [35.14022233963658, 36.830901735338514], [35.14022233963658, 36.83197971367946], [35.14237829631847, 36.83197971367946], [35.14237829631847, 36.83251870284993], [35.14291728548895, 36.83251870284993], [35.14291728548895, 36.833057692020404], [35.1434562746594, 36.833057692020404], [35.1434562746594, 36.83413567036134], [35.14076132880706, 36.83413567036134], [35.14076132880706, 36.834674659531814], [35.13914436129565, 36.834674659531814], [35.13914436129565, 36.835213648702286], [35.13806638295469, 36.835213648702286], [35.13806638295469, 36.83413567036134], [35.13860537212517, 36.83413567036134], [35.13860537212517, 36.83359668119087], [35.13806638295469, 36.83359668119087], [35.13806638295469, 36.833057692020404], [35.13752739378421, 36.833057692020404], [35.13752739378421, 36.83251870284993], [35.13698840461376, 36.83251870284993], [35.13698840461376, 36.83197971367946], [35.1359104262728, 36.83197971367946], [35.1359104262728, 36.83144072450899], [35.13483244793187, 36.83144072450899], [35.13483244793187, 36.83036274616804], [35.13698840461376, 36.83036274616804], [35.13698840461376, 36.830901735338514], [35.13752739378421, 36.830901735338514], [35.13752739378421, 36.83036274616804]], [[35.13752739378421, 36.83144072450899], [35.13752739378421, 36.83197971367946], [35.13698840461376, 36.83197971367946], [35.13698840461376, 36.83144072450899], [35.13752739378421, 36.83144072450899]]]}, "id": "+399151+87514", "properties": {"area_ha": 19.837280195670203, "count": 69, "label": 1, "mean_dnbr": 0.41369650792678264}}, {"type": "Feature", "geometry": {"geodesic": false, "type": "Polygon", "coordinates": [[[35.13914436129565, 36.936004623580494], [35.1396833504661, 36.936004623580494], [35.1396833504661, 36.93762159109191], [35.14022233963658, 36.93762159109191], [35.14022233963658, 36.9397775477738], [35.1396833504661, 36.9397775477738], [35.1396833504661, 36.94031653694427], [35.13644941544328, 36.94031653694427], [35.13644941544328, 36.93923855860333], [35.1359104262728, 36.93923855860333], [35.1359104262728, 36.938699569432856], [35.13644941544328, 36.938699569432856], [35.13644941544328, 36.938160580262384], [35.13698840461376, 36.938160580262384], [35.13698840461376, 36.93762159109191], [35.13752739378421, 36.93762159109191], [35.13752739378421, 36.93708260192144], [35.13860537212517, 36.93708260192144], [35.13860537212517, 36.93654361275097], [35.13914436129565, 36.93654361275097], [35.13914436129565, 36.936004623580494]]]}, "id": "+399153+87318", "properties": {"area_ha": 11.77102753778325, "count": 41, "label": 1, "mean_dnbr": 0.5926508568749052}}, {"type": "Feature", "geometry": {"geodesic": false, "type": "Polygon", "coordinates": [[[35.13914436129565, 36.81042014686059], [35.1396833504661, 36.81042014686059], [35.1396833504661, 36.81095913603106], [35.14076132880706, 36.81095913603106], [35.14076132880706, 36.81149812520153], [35.14183930714799, 36.81149812520153], [35.14183930714799, 36.812037114372], [35.14291728548895, 36.812037114372], [35.14291728548895, 36.81149812520153], [35.14507324217084, 36.81149812520153], [35.14507324217084, 36.812037114372], [35.14561223134129, 36.812037114372], [35.14561223134129, 36.81149812520153], [35.14615122051177, 36.81149812520153], [35.14615122051177, 36.81095913603106], [35.1472291988527, 36.81095913603106], [35.1472291988527, 36.812037114372], [35.14615122051177, 36.812037114372], [35.14615122051177, 36.812576103542476], [35.14507324217084, 36.812576103542476], [35.14507324217084, 36.81311509271295], [35.14453425300036, 36.81311509271295], [35.14453425300036, 36.81365408188342], [35.14291728548895, 36.81365408188342], [35.14291728548895, 36.81419307105389], [35.14237829631847, 36.81419307105389], [35.14237829631847, 36.814732060224365], [35.14076132880706, 36.814732060224365], [35.14076132880706, 36.8158100385653], [35.14291728548895, 36.8158100385653], [35.14291728548895, 36.81527104939483], [35.14453425300036, 36.81527104939483], [35.14453425300036, 36.814732060224365], [35.14561223134129, 36.814732060224365], [35.14561223134129, 36.81419307105389], [35.14615122051177, 36.81419307105389], [35.14615122051177, 36.814732060224365], [35.14669020968225, 36.814732060224365], [35.14669020968225, 36.8158100385653], [35.14507324217084, 36.8158100385653], [35.14507324217084, 36.816349027735775], [35.14561223134129, 36.816349027735775], [35.14561223134129, 36.81688801690625], [35.14237829631847, 36.81688801690625], [35.14237829631847, 36.81742700607672], [35.14183930714799, 36.81742700607672], [35.14183930714799, 36.816349027735775], [35.14130031797751, 36.816349027735775], [35.14130031797751, 36.81688801690625], [35.14076132880706, 36.81688801690625], [35.14076132880706, 36.816349027735775], [35.14022233963658, 36.816349027735775], [35.14022233963658, 36.8158100385653], [35.1396833504661, 36.8158100385653], [35.1396833504661, 36.81527104939483], [35.13914436129565, 36.81527104939483], [35.13914436129565, 36.814732060224365], [35.13860537212517, 36.814732060224365], [35.13860537212517, 36.8158100385653], [35.13806638295469, 36.8158100385653], [35.13806638295469, 36.814732060224365], [35.13860537212517, 36.814732060224365], [35.13860537212517, 36.81365408188342], [35.13806638295469, 36.81365408188342], [35.13806638295469, 36.81311509271295], [35.1396833504661, 36.81311509271295], [35.1396833504661, 36.812576103542476], [35.14022233963658, 36.812576103542476], [35.14022233963658, 36.812037114372], [35.1396833504661, 36.812037114372], [35.1396833504661, 36.81095913603106], [35.13914436129565, 36.81095913603106], [35.13914436129565, 36.81042014686059]]]}, "id": "+399153+87551", "properties": {"area_ha": 29.04426374992804, "count": 101, "label": 1, "mean_dnbr": 0.43227669268068164}}, {"type": "Feature", "geometry": {"geodesic": false, "type": "Polygon", "coordinates": [[[35.1396833504661, 36.797484406769264], [35.14076132880706, 36.797484406769264], [35.14076132880706, 36.79802339593974], [35.14453425300036, 36.79802339593974], [35.14453425300036, 36.79910137428068], [35.14399526382988, 36.79910137428068], [35.14399526382988, 36.799640363451154], [35.14507324217084, 36.799640363451154], [35.14507324217084, 36.800179352621626], [35.1472291988527, 36.800179352621626], [35.1472291988527, 36.80125733096257], [35.14669020968225, 36.80125733096257], [35.14669020968225, 36.80179632013304], [35.14615122051177, 36.80179632013304], [35.14615122051177, 36.80125733096257], [35.14399526382988, 36.80125733096257], [35.14399526382988, 36.80179632013304], [35.14291728548895, 36.80179632013304], [35.14291728548895, 36.80125733096257], [35.14183930714799, 36.80125733096257], [35.14183930714799, 36.800179352621626], [35.14291728548895, 36.800179352621626], [35.14291728548895, 36.8007183417921], [35.14507324217084, 36.8007183417921], [35.14507324217084, 36.800179352621626], [35.14399526382988, 36.800179352621626], [35.14399526382988, 36.799640363451154], [35.1434562746594, 36.799640363451154], [35.1434562746594, 36.79910137428068], [35.14291728548895, 36.79910137428068], [35.14291728548895, 36.799640363451154], [35.13806638295469, 36.799640363451154], [35.13806638295469, 36.79910137428068], [35.13752739378421, 36.79910137428068], [35.13752739378421, 36.79856238511021], [35.13806638295469, 36.79856238511021], [35.13806638295469, 36.79802339593974], [35.13860537212517, 36.79802339593974], [35.13860537212517, 36.79856238511021], [35.14022233963658, 36.79856238511021], [35.14022233963658, 36.79802339593974], [35.1396833504661, 36.79802339593974], [35.1396833504661, 36.797484406769264]], [[35.14183930714799, 36.79856238511021], [35.14183930714799, 36.79910137428068], [35.14130031797751, 36.79910137428068], [35.14130031797751, 36.79856238511021], [35.14183930714799, 36.79856238511021]]]}, "id": "+399155+87575", "properties": {"area_ha": 15.531555359283777, "count": 54, "label": 1, "mean_dnbr": 0.3842861068001234}}, {"type": "Feature", "geometry": {"geodesic": false, "type": "Polygon", "coordinates": [[[35.13914436129565, 36.69723242106153], [35.14076132880706, 36.69723242106153], [35.14076132880706, 36.697771410232], [35.14022233963658, 36.697771410232], [35.14022233963658, 36.69831039940247], [35.14183930714799, 36.69831039940247], [35.14183930714799, 36.698849388572945], [35.14130031797751, 36.698849388572945], [35.14130031797751, 36.69938837774342], [35.14076132880706, 36.69938837774342], [35.14076132880706, 36.700466356084355], [35.14130031797751, 36.700466356084355], [35.14130031797751, 36.69992736691389], [35.14237829631847, 36.69992736691389], [35.14237829631847, 36.700466356084355], [35.14291728548895, 36.700466356084355], [35.14291728548895, 36.70208332359577], [35.14237829631847, 36.70208332359577], [35.14237829631847, 36.702622312766245], [35.14183930714799, 36.702622312766245], [35.14183930714799, 36.70208332359577], [35.14022233963658, 36.70208332359577], [35.14022233963658, 36.700466356084355], [35.1396833504661, 36.700466356084355], [35.1396833504661, 36.69938837774342], [35.14022233963658, 36.69938837774342], [35.14022233963658, 36.698849388572945], [35.1396833504661, 36.698849388572945], [35.1396833504661, 36.69831039940247], [35.13914436129565, 36.69831039940247], [35.13914436129565, 36.69723242106153]]]}, "id": "+399155+87761", "properties": {"area_ha": 9.503797794038068, "count": 33, "label": 1, "mean_dnbr": 0.33415625597893894}}, {"type": "Feature", "geometry": {"geodesic": false, "type": "Polygon", "coordinates": [[[35.14076132880706, 36.92791978602342], [35.14291728548895, 36.92791978602342], [35.14291728548895, 36.928458775193896], [35.14399526382988, 36.928458775193896], [35.14399526382988, 36.93115372104625], [35.14183930714799, 36.93115372104625], [35.14183930714799, 36.93061473187578], [35.14130031797751, 36.93061473187578], [35.14130031797751, 36.92899776436437], [35.14076132880706, 36.92899776436437], [35.14076132880706, 36.92791978602342]]]}, "id": "+399159+87333", "properties": {"area_ha": 8.32683008276296, "count": 29, "label": 1, "mean_dnbr": 0.6646749253026827}}, {"type": "Feature", "geometry": {"geodesic": false, "type": "Polygon", "coordinates": [[[35.14237829631847, 36.71340209617568], [35.14291728548895, 36.71340209617568], [35.14291728548895, 36.71448007451662], [35.1434562746594, 36.71448007451662], [35.1434562746594, 36.715019063687095], [35.14237829631847, 36.715019063687095], [35.14237829631847, 36.71555805285757], [35.14022233963658, 36.71555805285757], [35.14022233963658, 36.715019063687095], [35.1396833504661, 36.715019063687095], [35.1396833504661, 36.71394108534615], [35.14237829631847, 36.71394108534615], [35.14237829631847, 36.71340209617568]]]}, "id": "+399159+87731", "properties": {"area_ha": 5.182904417324415, "count": 18, "label": 1, "mean_dnbr": 0.27724180204840404}}, {"type": "Feature", "geometry": {"geodesic": false, "type": "Polygon", "coordinates": [[[35.14291728548895, 36.80287429847399], [35.14453425300036, 36.80287429847399], [35.14453425300036, 36.80341328764445], [35.14561223134129, 36.80341328764445], [35.14561223134129, 36.803952276814925], [35.14615122051177, 36.803952276814925], [35.14615122051177, 36.80556924432634], [35.14561223134129, 36.80556924432634], [35.14561223134129, 36.80718621183776], [35.14615122051177, 36.80718621183776], [35.14615122051177, 36.80772520100823], [35.14561223134129, 36.80772520100823], [35.14561223134129, 36.808264190178704], [35.1434562746594, 36.808264190178704], [35.1434562746594, 36.80772520100823], [35.14453425300036, 36.80772520100823], [35.14453425300036, 36.80718621183776], [35.14399526382988, 36.80718621183776], [35.14399526382988, 36.80664722266729], [35.14291728548895, 36.80664722266729], [35.14291728548895, 36.806108233496815], [35.14130031797751, 36.806108233496815], [35.14130031797751, 36.8044912659854], [35.14076132880706, 36.8044912659854], [35.14076132880706, 36.80503025515587], [35.1396833504661, 36.80503025515587], [35.1396833504661, 36.8044912659854], [35.13914436129565, 36.8044912659854], [35.13914436129565, 36.803952276814925], [35.13806638295469, 36.803952276814925], [35.13806638295469, 36.80287429847399], [35.13914436129565, 36.80287429847399], [35.13914436129565, 36.80341328764445], [35.14022233963658, 36.80341328764445], [35.14022233963658, 36.803952276814925], [35.14130031797751, 36.803952276814925], [35.14130031797751, 36.80287429847399], [35.14183930714799, 36.80287429847399], [35.14183930714799, 36.80341328764445], [35.14291728548895, 36.80341328764445], [35.14291728548895, 36.80287429847399]]]}, "id": "+399162+87565", "properties": {"area_ha": 21.282428040205346, "count": 74, "label": 1, "mean_dnbr": 0.3206319988610962}}, {"type": "Feature", "geometry": {"geodesic": false, "type": "Polygon", "coordinates": [[[35.1434562746594, 36.75167032727917], [35.14453425300036, 36.75167032727917], [35.14453425300036, 36.752209316449644], [35.14507324217084, 36.752209316449644], [35.14507324217084, 36.752748305620116], [35.14291728548895, 36.752748305620116], [35.14291728548895, 36.75382628396106], [35.14076132880706, 36.75382628396106], [35.14076132880706, 36.75328729479059], [35.14183930714799, 36.75328729479059], [35.14183930714799, 36.752748305620116], [35.14291728548895, 36.752748305620116], [35.14291728548895, 36.752209316449644], [35.1434562746594, 36.752209316449644], [35.1434562746594, 36.75167032727917]]]}, "id": "+399162+87660", "properties": {"area_ha": 3.453565365719322, "count": 12, "label": 1, "mean_dnbr": 0.2630793379531722}}, {"type": "Feature", "geometry": {"geodesic": false, "type": "Polygon", "coordinates": [[[35.14453425300036, 36.72202592290323], [35.14507324217084, 36.72202592290323], [35.14507324217084, 36.72310390124417], [35.14561223134129, 36.72310390124417], [35.14561223134129, 36.72418187958512], [35.14507324217084, 36.72418187958512], [35.14507324217084, 36.72472086875558], [35.14453425300036, 36.72472086875558], [35.14453425300036, 36.725259857926055], [35.1434562746594, 36.725259857926055], [35.1434562746594, 36.72579884709653], [35.14399526382988, 36.72579884709653], [35.14399526382988, 36.726337836267], [35.14237829631847, 36.726337836267], [35.14237829631847, 36.72687682543747], [35.14183930714799, 36.72687682543747], [35.14183930714799, 36.727415814607944], [35.14130031797751, 36.727415814607944], [35.14130031797751, 36.726337836267], [35.14183930714799, 36.726337836267], [35.14183930714799, 36.725259857926055], [35.14291728548895, 36.725259857926055], [35.14291728548895, 36.72418187958512], [35.1434562746594, 36.72418187958512], [35.1434562746594, 36.72310390124417], [35.14399526382988, 36.72310390124417], [35.14399526382988, 36.7225649120737], [35.14453425300036, 36.7225649120737], [35.14453425300036, 36.72202592290323]], [[35.14507324217084, 36.72310390124417], [35.14507324217084, 36.72418187958512], [35.14399526382988, 36.72418187958512], [35.14399526382988, 36.723642890414645], [35.14453425300036, 36.723642890414645], [35.14453425300036, 36.72310390124417], [35.14507324217084, 36.72310390124417]]]}, "id": "+399163+87715", "properties": {"area_ha": 7.197535728315613, "count": 25, "label": 1, "mean_dnbr": 0.23938869067802243}}, {"type": "Feature", "geometry": {"geodesic": false, "type": "Polygon", "coordinates": [[[35.14453425300036, 36.79317249340549], [35.14615122051177, 36.79317249340549], [35.14615122051177, 36.793711482575965], [35.14669020968225, 36.793711482575965], [35.14669020968225, 36.79478946091691], [35.14399526382988, 36.79478946091691], [35.14399526382988, 36.79532845008738], [35.14237829631847, 36.79532845008738], [35.14237829631847, 36.793711482575965], [35.14453425300036, 36.793711482575965], [35.14453425300036, 36.79317249340549]]]}, "id": "+399165+87583", "properties": {"area_ha": 6.328103471924401, "count": 22, "label": 1, "mean_dnbr": 0.31935105653030654}}, {"type": "Feature", "geometry": {"geodesic": false, "type": "Polygon", "coordinates": [[[35.1472291988527, 36.68968657267492], [35.14776818802318, 36.68968657267492], [35.14776818802318, 36.690225561845395], [35.14830717719366, 36.690225561845395], [35.14830717719366, 36.69076455101587], [35.14938515553459, 36.69076455101587], [35.14938515553459, 36.69292050769776], [35.1472291988527, 36.69292050769776], [35.1472291988527, 36.692381518527284], [35.14615122051177, 36.692381518527284], [35.14615122051177, 36.69184252935681], [35.14561223134129, 36.69184252935681], [35.14561223134129, 36.69076455101587], [35.14507324217084, 36.69076455101587], [35.14507324217084, 36.690225561845395], [35.14669020968225, 36.690225561845395], [35.14669020968225, 36.69076455101587], [35.1472291988527, 36.69076455101587], [35.1472291988527, 36.68968657267492]]]}, "id": "+399168+87775", "properties": {"area_ha": 8.640791493729298, "count": 30, "label": 1, "mean_dnbr": 0.47488732058090366}}, {"type": "Feature", "geometry": {"geodesic": false, "type": "Polygon", "coordinates": [[[35.14453425300036, 36.81796599524719], [35.14830717719366, 36.81796599524719], [35.14830717719366, 36.818504984417665], [35.14776818802318, 36.818504984417665], [35.14776818802318, 36.81904397358814], [35.1472291988527, 36.81904397358814], [35.1472291988527, 36.81958296275861], [35.14669020968225, 36.81958296275861], [35.14669020968225, 36.82012195192908], [35.14507324217084, 36.82012195192908], [35.14507324217084, 36.820660941099554], [35.14453425300036, 36.820660941099554], [35.14453425300036, 36.82012195192908], [35.1434562746594, 36.82012195192908], [35.1434562746594, 36.81958296275861], [35.14399526382988, 36.81958296275861], [35.14399526382988, 36.818504984417665], [35.14453425300036, 36.818504984417665], [35.14453425300036, 36.81796599524719]]]}, "id": "+399169+87537", "properties": {"area_ha": 7.763752413584897, "count": 27, "label": 1, "mean_dnbr": 0.45494909647682286}}, {"type": "Feature", "geometry": {"geodesic": false, "type": "Polygon", "coordinates": [[[35.1434562746594, 37.01200209661701], [35.14884616636414, 37.01200209661701], [35.14884616636414, 37.01361906412843], [35.14399526382988, 37.01361906412843], [35.14399526382988, 37.013080074957955], [35.1434562746594, 37.013080074957955], [35.1434562746594, 37.01200209661701]]]}, "id": "+399170+87177", "properties": {"area_ha": 8.317695374809455, "count": 29, "label": 1, "mean_dnbr": 0.2601151988588156}}, {"type": "Feature", "geometry": {"geodesic": false, "type": "Polygon", "coordinates": [[[35.14830717719366, 36.83629162704323], [35.14884616636414, 36.83629162704323], [35.14884616636414, 36.8368306162137], [35.14938515553459, 36.8368306162137], [35.14938515553459, 36.837369605384175], [35.14992414470507, 36.837369605384175], [35.14992414470507, 36.83790859455465], [35.15046313387555, 36.83790859455465], [35.15046313387555, 36.83898657289559], [35.14884616636414, 36.83898657289559], [35.14884616636414, 36.83844758372512], [35.14830717719366, 36.83844758372512], [35.14830717719366, 36.83629162704323]]]}, "id": "+399170+87503", "properties": {"area_ha": 3.737201464890395, "count": 13, "label": 1, "mean_dnbr": 0.5596136124724499}}, {"type": "Feature", "geometry": {"geodesic": false, "type": "Polygon", "coordinates": [[[35.1472291988527, 37.007151194082766], [35.14938515553459, 37.007151194082766], [35.14938515553459, 37.008229172423704], [35.14992414470507, 37.008229172423704], [35.14992414470507, 37.00930715076465], [35.14830717719366, 37.00930715076465], [35.14830717719366, 37.008768161594176], [35.14776818802318, 37.008768161594176], [35.14776818802318, 37.00769018325324], [35.1472291988527, 37.00769018325324], [35.1472291988527, 37.007151194082766]]]}, "id": "+399171+87186", "properties": {"area_ha": 4.015692444783992, "count": 14, "label": 1, "mean_dnbr": 0.5907274418629009}}, {"type": "Feature", "geometry": {"geodesic": false, "type": "Polygon", "coordinates": [[[35.1472291988527, 36.84707141045266], [35.14938515553459, 36.84707141045266], [35.14938515553459, 36.847610399623136], [35.14884616636414, 36.847610399623136], [35.14884616636414, 36.84814938879361], [35.14992414470507, 36.84814938879361], [35.14992414470507, 36.847610399623136], [35.15046313387555, 36.847610399623136], [35.15046313387555, 36.84814938879361], [35.15154111221648, 36.84814938879361], [35.15154111221648, 36.847610399623136], [35.15208010138696, 36.847610399623136], [35.15208010138696, 36.84814938879361], [35.15261909055744, 36.84814938879361], [35.15261909055744, 36.84868837796408], [35.15208010138696, 36.84868837796408], [35.15208010138696, 36.84922736713455], [35.15154111221648, 36.84922736713455], [35.15154111221648, 36.84868837796408], [35.15100212304603, 36.84868837796408], [35.15100212304603, 36.849766356305025], [35.15154111221648, 36.849766356305025], [35.15154111221648, 36.8503053454755], [35.14938515553459, 36.8503053454755], [35.14938515553459, 36.85084433464597], [35.14992414470507, 36.85084433464597], [35.14992414470507, 36.85192231298691], [35.14938515553459, 36.85192231298691], [35.14938515553459, 36.85246130215738], [35.14884616636414, 36.85246130215738], [35.14884616636414, 36.851383323816435], [35.14938515553459, 36.851383323816435], [35.14938515553459, 36.85084433464597], [35.14884616636414, 36.85084433464597], [35.14884616636414, 36.8503053454755], [35.14830717719366, 36.8503053454755], [35.14830717719366, 36.849766356305025], [35.14776818802318, 36.849766356305025], [35.14776818802318, 36.84922736713455], [35.14615122051177, 36.84922736713455], [35.14615122051177, 36.84814938879361], [35.14561223134129, 36.84814938879361], [35.14561223134129, 36.847610399623136], [35.14669020968225, 36.847610399623136], [35.14669020968225, 36.84814938879361], [35.14776818802318, 36.84814938879361], [35.14776818802318, 36.847610399623136], [35.1472291988527, 36.847610399623136], [35.1472291988527, 36.84707141045266]], [[35.14884616636414, 36.84814938879361], [35.14884616636414, 36.84868837796408], [35.14938515553459, 36.84868837796408], [35.14938515553459, 36.8503053454755], [35.14884616636414, 36.8503053454755], [35.14884616636414, 36.849766356305025], [35.14830717719366, 36.849766356305025], [35.14830717719366, 36.84922736713455], [35.14776818802318, 36.84922736713455], [35.14776818802318, 36.84814938879361], [35.14884616636414, 36.84814938879361]]]}, "id": "+399171+87483", "properties": {"area_ha": 11.7848386730925, "count": 41, "label": 1, "mean_dnbr": 0.19707400624127014}}, {"type": "Feature", "geometry": {"geodesic": false, "type": "Polygon", "coordinates": [[[35.14776818802318, 36.73711761967643], [35.14938515553459, 36.73711761967643], [35.14938515553459, 36.73819559801738], [35.14992414470507, 36.73819559801738], [35.14992414470507, 36.73927357635832], [35.14776818802318, 36.73927357635832], [35.14776818802318, 36.739812565528794], [35.1472291988527, 36.739812565528794], [35.1472291988527, 36.737656608846905], [35.14776818802318, 36.737656608846905], [35.14776818802318, 36.73711761967643]]]}, "id": "+399171+87687", "properties": {"area_ha": 5.18131179361074, "count": 18, "label": 1, "mean_dnbr": 0.44617690657184134}}, {"type": "Feature", "geometry": {"geodesic": false, "type": "Polygon", "coordinates": [[[35.14776818802318, 36.840603540407], [35.14992414470507, 36.840603540407], [35.14992414470507, 36.841142529577475], [35.15046313387555, 36.841142529577475], [35.15046313387555, 36.84168151874795], [35.15100212304603, 36.84168151874795], [35.15100212304603, 36.84222050791842], [35.15154111221648, 36.84222050791842], [35.15154111221648, 36.84275949708889], [35.14992414470507, 36.84275949708889], [35.14992414470507, 36.84437646460031], [35.14938515553459, 36.84437646460031], [35.14938515553459, 36.84491545377078], [35.14884616636414, 36.84491545377078], [35.14884616636414, 36.84383747542984], [35.14830717719366, 36.84383747542984], [35.14830717719366, 36.84275949708889], [35.14884616636414, 36.84275949708889], [35.14884616636414, 36.84222050791842], [35.14830717719366, 36.84222050791842], [35.14830717719366, 36.84168151874795], [35.14776818802318, 36.84168151874795], [35.14776818802318, 36.840603540407]]]}, "id": "+399172+87495", "properties": {"area_ha": 8.048879356818912, "count": 28, "label": 1, "mean_dnbr": 0.5332489951206365}}, {"type": "Feature", "geometry": {"geodesic": false, "type": "Polygon", "coordinates": [[[35.14992414470507, 36.812576103542476], [35.15046313387555, 36.812576103542476], [35.15046313387555, 36.81311509271295], [35.14992414470507, 36.81311509271295], [35.14992414470507, 36.81365408188342], [35.14938515553459, 36.81365408188342], [35.14938515553459, 36.81419307105389], [35.15046313387555, 36.81419307105389], [35.15046313387555, 36.814732060224365], [35.15100212304603, 36.814732060224365], [35.15100212304603, 36.81527104939483], [35.15046313387555, 36.81527104939483], [35.15046313387555, 36.8158100385653], [35.14992414470507, 36.8158100385653], [35.14992414470507, 36.816349027735775], [35.14830717719366, 36.816349027735775], [35.14830717719366, 36.81527104939483], [35.14884616636414, 36.81527104939483], [35.14884616636414, 36.814732060224365], [35.14938515553459, 36.814732060224365], [35.14938515553459, 36.81419307105389], [35.14884616636414, 36.81419307105389], [35.14884616636414, 36.81311509271295], [35.14992414470507, 36.81311509271295], [35.14992414470507, 36.812576103542476]]]}, "id": "+399173+87547", "properties": {"area_ha": 4.888577601977921, "count": 17, "label": 1, "mean_dnbr": 0.3230842309637319}}, {"type": "Feature", "geometry": {"geodesic": false, "type": "Polygon", "coordinates": [[[35.15154111221648, 36.82119993027002], [35.15208010138696, 36.82119993027002], [35.15208010138696, 36.82173891944049], [35.15261909055744, 36.82173891944049], [35.15261909055744, 36.822816897781436], [35.15315807972789, 36.822816897781436], [35.15315807972789, 36.822277908610964], [35.15369706889837, 36.822277908610964], [35.15369706889837, 36.82173891944049], [35.15423605806885, 36.82173891944049], [35.15423605806885, 36.822277908610964], [35.154775047239326, 36.822277908610964], [35.154775047239326, 36.82335588695191], [35.15423605806885, 36.82335588695191], [35.15423605806885, 36.822816897781436], [35.15369706889837, 36.822816897781436], [35.15369706889837, 36.82389487612238], [35.15315807972789, 36.82389487612238], [35.15315807972789, 36.82335588695191], [35.15261909055744, 36.82335588695191], [35.15261909055744, 36.822816897781436], [35.15208010138696, 36.822816897781436], [35.15208010138696, 36.82173891944049], [35.15154111221648, 36.82173891944049], [35.15154111221648, 36.82119993027002]]]}, "id": "+399176+87531", "properties": {"area_ha": 3.1628773184977064, "count": 11, "label": 1, "mean_dnbr": 0.1973222372609835}}, {"type": "Feature", "geometry": {"geodesic": false, "type": "Polygon", "coordinates": [[[35.15154111221648, 36.644950471525775], [35.15208010138696, 36.644950471525775], [35.15208010138696, 36.64548946069625], [35.15369706889837, 36.64548946069625], [35.15369706889837, 36.64602844986672], [35.15423605806885, 36.64602844986672], [35.15423605806885, 36.646567439037184], [35.15315807972789, 36.646567439037184], [35.15315807972789, 36.64710642820766], [35.15261909055744, 36.64710642820766], [35.15261909055744, 36.646567439037184], [35.15154111221648, 36.646567439037184], [35.15154111221648, 36.64602844986672], [35.15100212304603, 36.64602844986672], [35.15100212304603, 36.64548946069625], [35.15154111221648, 36.64548946069625], [35.15154111221648, 36.644950471525775]]]}, "id": "+399176+87858", "properties": {"area_ha": 3.4583550473838476, "count": 12, "label": 1, "mean_dnbr": 0.2488631779648873}}, {"type": "Feature", "geometry": {"geodesic": false, "type": "Polygon", "coordinates": [[[35.15208010138696, 36.77646382912087], [35.15261909055744, 36.77646382912087], [35.15261909055744, 36.77700281829134], [35.15315807972789, 36.77700281829134], [35.15315807972789, 36.777541807461816], [35.15261909055744, 36.777541807461816], [35.15261909055744, 36.77861978580276], [35.15208010138696, 36.77861978580276], [35.15208010138696, 36.779158774973226], [35.15154111221648, 36.779158774973226], [35.15154111221648, 36.7796977641437], [35.15100212304603, 36.7796977641437], [35.15100212304603, 36.78023675331417], [35.15046313387555, 36.78023675331417], [35.15046313387555, 36.779158774973226], [35.14992414470507, 36.779158774973226], [35.14992414470507, 36.77861978580276], [35.15046313387555, 36.77861978580276], [35.15046313387555, 36.77808079663229], [35.15100212304603, 36.77808079663229], [35.15100212304603, 36.777541807461816], [35.15154111221648, 36.777541807461816], [35.15154111221648, 36.77700281829134], [35.15208010138696, 36.77700281829134], [35.15208010138696, 36.77646382912087]]]}, "id": "+399177+87614", "properties": {"area_ha": 5.178610372236159, "count": 18, "label": 1, "mean_dnbr": 0.42674332569388207}}, {"type": "Feature", "geometry": {"geodesic": false, "type": "Polygon", "coordinates": [[[35.15100212304603, 36.66704902751511], [35.15261909055744, 36.66704902751511], [35.15261909055744, 36.667588016685585], [35.15154111221648, 36.667588016685585], [35.15154111221648, 36.66812700585606], [35.15100212304603, 36.66812700585606], [35.15100212304603, 36.66866599502653], [35.14992414470507, 36.66866599502653], [35.14992414470507, 36.669743973367474], [35.14830717719366, 36.669743973367474], [35.14830717719366, 36.67082195170841], [35.14561223134129, 36.67082195170841], [35.14561223134129, 36.66866599502653], [35.1472291988527, 36.66866599502653], [35.1472291988527, 36.669204984197], [35.14776818802318, 36.669204984197], [35.14776818802318, 36.66866599502653], [35.14938515553459, 36.66866599502653], [35.14938515553459, 36.66812700585606], [35.15046313387555, 36.66812700585606], [35.15046313387555, 36.667588016685585], [35.15100212304603, 36.667588016685585], [35.15100212304603, 36.66704902751511]]]}, "id": "+399177+87817", "properties": {"area_ha": 9.507624728846443, "count": 33, "label": 1, "mean_dnbr": 0.32715373833716593}}, {"type": "Feature", "geometry": {"geodesic": false, "type": "Polygon", "coordinates": [[[35.15208010138696, 37.00553422657135], [35.15369706889837, 37.00553422657135], [35.15369706889837, 37.006612204912294], [35.15423605806885, 37.006612204912294], [35.15423605806885, 37.00930715076465], [35.15369706889837, 37.00930715076465], [35.15369706889837, 37.008768161594176], [35.15154111221648, 37.008768161594176], [35.15154111221648, 37.006612204912294], [35.15208010138696, 37.006612204912294], [35.15208010138696, 37.00553422657135]]]}, "id": "+399179+87189", "properties": {"area_ha": 7.744643627697897, "count": 27, "label": 1, "mean_dnbr": 0.42963604341780315}}, {"type": "Feature", "geometry": {"geodesic": false, "type": "Polygon", "coordinates": [[[35.154775047239326, 36.65411328742379], [35.15585302558026, 36.65411328742379], [35.15585302558026, 36.655191265764735], [35.156392014750736, 36.655191265764735], [35.156392014750736, 36.65626924410568], [35.15746999309167, 36.65626924410568], [35.15746999309167, 36.65680823327615], [35.158008982262146, 36.65680823327615], [35.158008982262146, 36.657347222446624], [35.158547971432625, 36.657347222446624], [35.158547971432625, 36.6578862116171], [35.15908696060308, 36.6578862116171], [35.15908696060308, 36.65842520078756], [35.159625949773556, 36.65842520078756], [35.159625949773556, 36.66058115746945], [35.15908696060308, 36.66058115746945], [35.15908696060308, 36.66004216829898], [35.158547971432625, 36.66004216829898], [35.158547971432625, 36.65950317912851], [35.158008982262146, 36.65950317912851], [35.158008982262146, 36.658964189958034], [35.15746999309167, 36.658964189958034], [35.15746999309167, 36.65842520078756], [35.156931003921216, 36.65842520078756], [35.156931003921216, 36.6578862116171], [35.156392014750736, 36.6578862116171], [35.156392014750736, 36.65626924410568], [35.15585302558026, 36.65626924410568], [35.15585302558026, 36.65573025493521], [35.15531403640978, 36.65573025493521], [35.15531403640978, 36.65465227659426], [35.154775047239326, 36.65465227659426], [35.154775047239326, 36.65411328742379]]]}, "id": "+399183+87841", "properties": {"area_ha": 8.356437557938259, "count": 29, "label": 1, "mean_dnbr": 0.27904727460654516}}, {"type": "Feature", "geometry": {"geodesic": false, "type": "Polygon", "coordinates": [[[35.15531403640978, 36.64602844986672], [35.15585302558026, 36.64602844986672], [35.15585302558026, 36.646567439037184], [35.156392014750736, 36.646567439037184], [35.156392014750736, 36.64710642820766], [35.15746999309167, 36.64710642820766], [35.15746999309167, 36.64764541737813], [35.156931003921216, 36.64764541737813], [35.156931003921216, 36.6481844065486], [35.15531403640978, 36.6481844065486], [35.15531403640978, 36.648723395719074], [35.15585302558026, 36.648723395719074], [35.15585302558026, 36.649262384889546], [35.15746999309167, 36.649262384889546], [35.15746999309167, 36.65034036323049], [35.158008982262146, 36.65034036323049], [35.158008982262146, 36.65087935240096], [35.15746999309167, 36.65087935240096], [35.15746999309167, 36.651418341571436], [35.156392014750736, 36.651418341571436], [35.156392014750736, 36.65087935240096], [35.15585302558026, 36.65087935240096], [35.15585302558026, 36.65034036323049], [35.15531403640978, 36.65034036323049], [35.15531403640978, 36.64980137406002], [35.154775047239326, 36.64980137406002], [35.154775047239326, 36.649262384889546], [35.15423605806885, 36.649262384889546], [35.15423605806885, 36.648723395719074], [35.15315807972789, 36.648723395719074], [35.15315807972789, 36.649262384889546], [35.15261909055744, 36.649262384889546], [35.15261909055744, 36.648723395719074], [35.15315807972789, 36.648723395719074], [35.15315807972789, 36.6481844065486], [35.15369706889837, 36.6481844065486], [35.15369706889837, 36.64764541737813], [35.154775047239326, 36.64764541737813], [35.154775047239326, 36.646567439037184], [35.15531403640978, 36.646567439037184], [35.15531403640978, 36.64602844986672]], [[35.15531403640978, 36.64764541737813], [35.15531403640978, 36.6481844065486], [35.154775047239326, 36.6481844065486], [35.154775047239326, 36.64764541737813], [35.15531403640978, 36.64764541737813]], [[35.15585302558026, 36.64710642820766], [35.15585302558026, 36.64764541737813], [35.15531403640978, 36.64764541737813], [35.15531403640978, 36.64710642820766], [35.15585302558026, 36.64710642820766]]]}, "id": "+399183+87856", "properties": {"area_ha": 10.374689859433387, "count": 36, "label": 1, "mean_dnbr": 0.24704992897779124}}, {"type": "Feature", "geometry": {"geodesic": false, "type": "Polygon", "coordinates": [[[35.15100212304603, 36.915523035102574], [35.156931003921216, 36.915523035102574], [35.156931003921216, 36.91714000261399], [35.15585302558026, 36.91714000261399], [35.15585302558026, 36.917678991784456], [35.15531403640978, 36.917678991784456], [35.15531403640978, 36.91821798095493], [35.154775047239326, 36.91821798095493], [35.154775047239326, 36.9187569701254], [35.15423605806885, 36.9187569701254], [35.15423605806885, 36.919834948466345], [35.15315807972789, 36.919834948466345], [35.15315807972789, 36.92037393763682], [35.15261909055744, 36.92037393763682], [35.15261909055744, 36.9187569701254], [35.15208010138696, 36.9187569701254], [35.15208010138696, 36.917678991784456], [35.15100212304603, 36.917678991784456], [35.15100212304603, 36.91660101344352], [35.15046313387555, 36.91660101344352], [35.15046313387555, 36.916062024273046], [35.15100212304603, 36.916062024273046], [35.15100212304603, 36.915523035102574]]]}, "id": "+399185+87356", "properties": {"area_ha": 17.517749421082453, "count": 61, "label": 1, "mean_dnbr": 0.5009156923983221}}, {"type": "Feature", "geometry": {"geodesic": false, "type": "Polygon", "coordinates": [[[35.15585302558026, 36.74142953304021], [35.156931003921216, 36.74142953304021], [35.156931003921216, 36.74196852221068], [35.15746999309167, 36.74196852221068], [35.15746999309167, 36.74304650055162], [35.156931003921216, 36.74304650055162], [35.156931003921216, 36.74358548972209], [35.156392014750736, 36.74358548972209], [35.156392014750736, 36.744124478892566], [35.15531403640978, 36.744124478892566], [35.15531403640978, 36.74304650055162], [35.154775047239326, 36.74304650055162], [35.154775047239326, 36.74196852221068], [35.15585302558026, 36.74196852221068], [35.15585302558026, 36.74142953304021]]]}, "id": "+399185+87679", "properties": {"area_ha": 4.893180231416933, "count": 17, "label": 1, "mean_dnbr": 0.3379211100030887}}, {"type": "Feature", "geometry": {"geodesic": false, "type": "Polygon", "coordinates": [[[35.15423605806885, 36.99906635652569], [35.15746999309167, 36.99906635652569], [35.15746999309167, 36.99960534569616], [35.158008982262146, 36.99960534569616], [35.158008982262146, 37.00014433486663], [35.15423605806885, 37.00014433486663], [35.15423605806885, 36.99906635652569]]]}, "id": "+399186+87201", "properties": {"area_ha": 3.729294610139457, "count": 13, "label": 1, "mean_dnbr": 0.39579700640424514}}, {"type": "Feature", "geometry": {"geodesic": false, "type": "Polygon", "coordinates": [[[35.156931003921216, 36.824972854463326], [35.158008982262146, 36.824972854463326], [35.158008982262146, 36.82605083280427], [35.156931003921216, 36.82605083280427], [35.156931003921216, 36.82712881114521], [35.156392014750736, 36.82712881114521], [35.156392014750736, 36.82766780031568], [35.15585302558026, 36.82766780031568], [35.15585302558026, 36.828745778656625], [35.15531403640978, 36.828745778656625], [35.15531403640978, 36.8292847678271], [35.15369706889837, 36.8292847678271], [35.15369706889837, 36.82820678948615], [35.15423605806885, 36.82820678948615], [35.15423605806885, 36.82766780031568], [35.154775047239326, 36.82766780031568], [35.154775047239326, 36.82712881114521], [35.15531403640978, 36.82712881114521], [35.15531403640978, 36.82658982197474], [35.15585302558026, 36.82658982197474], [35.15585302558026, 36.82605083280427], [35.156392014750736, 36.82605083280427], [35.156392014750736, 36.8255118436338], [35.156931003921216, 36.8255118436338], [35.156931003921216, 36.824972854463326]]]}, "id": "+399187+87524", "properties": {"area_ha": 6.612884635663382, "count": 23, "label": 1, "mean_dnbr": 0.39910693786400037}}, {"type": "Feature", "geometry": {"geodesic": false, "type": "Polygon", "coordinates": [[[35.15423605806885, 36.994754443161916], [35.158547971432625, 36.994754443161916], [35.158547971432625, 36.99529343233239], [35.15908696060308, 36.99529343233239], [35.15908696060308, 36.99583242150286], [35.159625949773556, 36.99583242150286], [35.159625949773556, 36.996371410673326], [35.15908696060308, 36.996371410673326], [35.15908696060308, 36.9969103998438], [35.159625949773556, 36.9969103998438], [35.159625949773556, 36.99798837818474], [35.156392014750736, 36.99798837818474], [35.156392014750736, 36.9969103998438], [35.156931003921216, 36.9969103998438], [35.156931003921216, 36.996371410673326], [35.15585302558026, 36.996371410673326], [35.15585302558026, 36.99583242150286], [35.15531403640978, 36.99583242150286], [35.15531403640978, 36.99529343233239], [35.15423605806885, 36.99529343233239], [35.15423605806885, 36.994754443161916]]]}, "id": "+399188+87209", "properties": {"area_ha": 10.901427586614945, "count": 38, "label": 1, "mean_dnbr": 0.3730929186990845}}, {"type": "Feature", "geometry": {"geodesic": false, "type": "Polygon", "coordinates": [[[35.158547971432625, 36.87994974985144], [35.15908696060308, 36.87994974985144], [35.15908696060308, 36.881027728192386], [35.159625949773556, 36.881027728192386], [35.159625949773556, 36.88156671736285], [35.160164938944035, 36.88156671736285], [35.160164938944035, 36.882644695703796], [35.160703928114515, 36.882644695703796], [35.160703928114515, 36.88318368487427], [35.15908696060308, 36.88318368487427], [35.15908696060308, 36.882644695703796], [35.158547971432625, 36.882644695703796], [35.158547971432625, 36.88156671736285], [35.158008982262146, 36.88156671736285], [35.158008982262146, 36.881027728192386], [35.15746999309167, 36.881027728192386], [35.15746999309167, 36.880488739021914], [35.158547971432625, 36.880488739021914], [35.158547971432625, 36.87994974985144]]]}, "id": "+399189+87422", "properties": {"area_ha": 4.596993047113891, "count": 16, "label": 1, "mean_dnbr": 0.4702571220938628}}, {"type": "Feature", "geometry": {"geodesic": false, "type": "Polygon", "coordinates": [[[35.158008982262146, 36.77808079663229], [35.15908696060308, 36.77808079663229], [35.15908696060308, 36.7796977641437], [35.159625949773556, 36.7796977641437], [35.159625949773556, 36.78077574248464], [35.158547971432625, 36.78077574248464], [35.158547971432625, 36.781314731655115], [35.158008982262146, 36.781314731655115], [35.158008982262146, 36.7796977641437], [35.15746999309167, 36.7796977641437], [35.15746999309167, 36.77861978580276], [35.158008982262146, 36.77861978580276], [35.158008982262146, 36.77808079663229]]]}, "id": "+399189+87611", "properties": {"area_ha": 4.315436148855694, "count": 15, "label": 1, "mean_dnbr": 0.30518809555752696}}, {"type": "Feature", "geometry": {"geodesic": false, "type": "Polygon", "coordinates": [[[35.158547971432625, 36.771073937416155], [35.15908696060308, 36.771073937416155], [35.15908696060308, 36.77161292658663], [35.158547971432625, 36.77161292658663], [35.158547971432625, 36.7721519157571], [35.159625949773556, 36.7721519157571], [35.159625949773556, 36.77269090492757], [35.15908696060308, 36.77269090492757], [35.15908696060308, 36.77322989409804], [35.15746999309167, 36.77322989409804], [35.15746999309167, 36.77269090492757], [35.156931003921216, 36.77269090492757], [35.156931003921216, 36.77161292658663], [35.158547971432625, 36.77161292658663], [35.158547971432625, 36.771073937416155]]]}, "id": "+399189+87624", "properties": {"area_ha": 3.452675990947491, "count": 12, "label": 1, "mean_dnbr": 0.1433887614416199}}, {"type": "Feature", "geometry": {"geodesic": false, "type": "Polygon", "coordinates": [[[35.158008982262146, 36.9683439738088], [35.160164938944035, 36.9683439738088], [35.160164938944035, 36.97696780053635], [35.159625949773556, 36.97696780053635], [35.159625949773556, 36.975889822195406], [35.15908696060308, 36.975889822195406], [35.15908696060308, 36.97427285468399], [35.158547971432625, 36.97427285468399], [35.158547971432625, 36.971577908831634], [35.158008982262146, 36.971577908831634], [35.158008982262146, 36.9683439738088]]]}, "id": "+399191+87258", "properties": {"area_ha": 13.48770487669341, "count": 47, "label": 1, "mean_dnbr": 0.42955219577584114}}, {"type": "Feature", "geometry": {"geodesic": false, "type": "Polygon", "coordinates": [[[35.160703928114515, 36.90258729501125], [35.161242917284966, 36.90258729501125], [35.161242917284966, 36.903126284181724], [35.161781906455445, 36.903126284181724], [35.161781906455445, 36.90420426252267], [35.162320895625925, 36.90420426252267], [35.162320895625925, 36.90528224086361], [35.162859884796404, 36.90528224086361], [35.162859884796404, 36.90636021920455], [35.163398873966855, 36.90636021920455], [35.163398873966855, 36.907438197545495], [35.162320895625925, 36.907438197545495], [35.162320895625925, 36.90797718671597], [35.161781906455445, 36.90797718671597], [35.161781906455445, 36.90851617588644], [35.161242917284966, 36.90851617588644], [35.161242917284966, 36.909594154227385], [35.161781906455445, 36.909594154227385], [35.161781906455445, 36.91013314339786], [35.161242917284966, 36.91013314339786], [35.161242917284966, 36.91067213256833], [35.159625949773556, 36.91067213256833], [35.159625949773556, 36.9112111217388], [35.15746999309167, 36.9112111217388], [35.15746999309167, 36.91175011090927], [35.156392014750736, 36.91175011090927], [35.156392014750736, 36.91282808925021], [35.154775047239326, 36.91282808925021], [35.154775047239326, 36.913367078420684], [35.15046313387555, 36.913367078420684], [35.15046313387555, 36.91282808925021], [35.15100212304603, 36.91282808925021], [35.15100212304603, 36.91228910007974], [35.15208010138696, 36.91228910007974], [35.15208010138696, 36.91175011090927], [35.15315807972789, 36.91175011090927], [35.15315807972789, 36.9112111217388], [35.15423605806885, 36.9112111217388], [35.15423605806885, 36.91067213256833], [35.15585302558026, 36.91067213256833], [35.15585302558026, 36.91013314339786], [35.156392014750736, 36.91013314339786], [35.156392014750736, 36.909594154227385], [35.158547971432625, 36.909594154227385], [35.158547971432625, 36.90905516505691], [35.15908696060308, 36.90905516505691], [35.15908696060308, 36.90851617588644], [35.159625949773556, 36.90851617588644], [35.159625949773556, 36.90797718671597], [35.15908696060308, 36.90797718671597], [35.15908696060308, 36.907438197545495], [35.158008982262146, 36.907438197545495], [35.158008982262146, 36.90636021920455], [35.15746999309167, 36.90636021920455], [35.15746999309167, 36.90582123003408], [35.158008982262146, 36.90582123003408], [35.158008982262146, 36.90528224086361], [35.158547971432625, 36.90528224086361], [35.158547971432625, 36.90420426252267], [35.159625949773556, 36.90420426252267], [35.159625949773556, 36.903665273352196], [35.160164938944035, 36.903665273352196], [35.160164938944035, 36.903126284181724], [35.160703928114515, 36.903126284181724], [35.160703928114515, 36.90258729501125]]]}, "id": "+399193+87380", "properties": {"area_ha": 41.358427229521, "count": 144, "label": 1, "mean_dnbr": 0.45676460840052197}}, {"type": "Feature", "geometry": {"geodesic": false, "type": "Polygon", "coordinates": [[[35.160703928114515, 36.80880317934918], [35.161242917284966, 36.80880317934918], [35.161242917284966, 36.80934216851964], [35.161781906455445, 36.80934216851964], [35.161781906455445, 36.81042014686059], [35.15908696060308, 36.81042014686059], [35.15908696060308, 36.80934216851964], [35.160703928114515, 36.80934216851964], [35.160703928114515, 36.80880317934918]]]}, "id": "+399193+87554", "properties": {"area_ha": 3.1634161908208274, "count": 11, "label": 1, "mean_dnbr": 0.37344892104568744}}, {"type": "Feature", "geometry": {"geodesic": false, "type": "Polygon", "coordinates": [[[35.159625949773556, 36.64548946069625], [35.161242917284966, 36.64548946069625], [35.161242917284966, 36.64602844986672], [35.161781906455445, 36.64602844986672], [35.161781906455445, 36.64710642820766], [35.160164938944035, 36.64710642820766], [35.160164938944035, 36.6481844065486], [35.161242917284966, 36.6481844065486], [35.161242917284966, 36.64764541737813], [35.162320895625925, 36.64764541737813], [35.162320895625925, 36.6481844065486], [35.162859884796404, 36.6481844065486], [35.162859884796404, 36.648723395719074], [35.163398873966855, 36.648723395719074], [35.163398873966855, 36.64980137406002], [35.163937863137335, 36.64980137406002], [35.163937863137335, 36.65034036323049], [35.164476852307814, 36.65034036323049], [35.164476852307814, 36.651418341571436], [35.165015841478265, 36.651418341571436], [35.165015841478265, 36.65249631991237], [35.163937863137335, 36.65249631991237], [35.163937863137335, 36.65411328742379], [35.164476852307814, 36.65411328742379], [35.164476852307814, 36.655191265764735], [35.165554830648745, 36.655191265764735], [35.165554830648745, 36.65573025493521], [35.165015841478265, 36.65573025493521], [35.165015841478265, 36.65680823327615], [35.164476852307814, 36.65680823327615], [35.164476852307814, 36.657347222446624], [35.163937863137335, 36.657347222446624], [35.163937863137335, 36.6578862116171], [35.163398873966855, 36.6578862116171], [35.163398873966855, 36.65842520078756], [35.161781906455445, 36.65842520078756], [35.161781906455445, 36.658964189958034], [35.160703928114515, 36.658964189958034], [35.160703928114515, 36.6578862116171], [35.161242917284966, 36.6578862116171], [35.161242917284966, 36.657347222446624], [35.161781906455445, 36.657347222446624], [35.161781906455445, 36.655191265764735], [35.162320895625925, 36.655191265764735], [35.162320895625925, 36.65465227659426], [35.161781906455445, 36.65465227659426], [35.161781906455445, 36.65411328742379], [35.161242917284966, 36.65411328742379], [35.161242917284966, 36.65357429825332], [35.160703928114515, 36.65357429825332], [35.160703928114515, 36.65249631991237], [35.159625949773556, 36.65249631991237], [35.159625949773556, 36.651418341571436], [35.160703928114515, 36.651418341571436], [35.160703928114515, 36.65087935240096], [35.160164938944035, 36.65087935240096], [35.160164938944035, 36.64980137406002], [35.160703928114515, 36.64980137406002], [35.160703928114515, 36.649262384889546], [35.160164938944035, 36.649262384889546], [35.160164938944035, 36.648723395719074], [35.159625949773556, 36.648723395719074], [35.159625949773556, 36.64764541737813], [35.15908696060308, 36.64764541737813], [35.15908696060308, 36.646567439037184], [35.158547971432625, 36.646567439037184], [35.158547971432625, 36.64602844986672], [35.159625949773556, 36.64602844986672], [35.159625949773556, 36.64548946069625]], [[35.161242917284966, 36.648723395719074], [35.161242917284966, 36.649262384889546], [35.160703928114515, 36.649262384889546], [35.160703928114515, 36.648723395719074], [35.161242917284966, 36.648723395719074]], [[35.161781906455445, 36.6481844065486], [35.161781906455445, 36.648723395719074], [35.161242917284966, 36.648723395719074], [35.161242917284966, 36.6481844065486], [35.161781906455445, 36.6481844065486]]]}, "id": "+399193+87857", "properties": {"area_ha": 39.767859607844535, "count": 138, "label": 1, "mean_dnbr": 0.338661102604269}}, {"type": "Feature", "geometry": {"geodesic": false, "type": "Polygon", "coordinates": [[[35.159625949773556, 36.830901735338514], [35.162320895625925, 36.830901735338514], [35.162320895625925, 36.83197971367946], [35.161781906455445, 36.83197971367946], [35.161781906455445, 36.833057692020404], [35.16878876567159, 36.833057692020404], [35.16878876567159, 36.83251870284993], [35.170944722353454, 36.83251870284993], [35.170944722353454, 36.83197971367946], [35.17525663571723, 36.83197971367946], [35.17525663571723, 36.835213648702286], [35.17579562488771, 36.835213648702286], [35.17579562488771, 36.83790859455465], [35.17633461405819, 36.83790859455465], [35.17633461405819, 36.83844758372512], [35.17687360322864, 36.83844758372512], [35.17687360322864, 36.83898657289559], [35.17741259239912, 36.83898657289559], [35.17741259239912, 36.83790859455465], [35.17687360322864, 36.83790859455465], [35.17687360322864, 36.837369605384175], [35.1779515815696, 36.837369605384175], [35.1779515815696, 36.83790859455465], [35.17849057074008, 36.83790859455465], [35.17849057074008, 36.83844758372512], [35.17902955991053, 36.83844758372512], [35.17902955991053, 36.83952556206606], [35.17849057074008, 36.83952556206606], [35.17849057074008, 36.83898657289559], [35.17741259239912, 36.83898657289559], [35.17741259239912, 36.84006455123653], [35.17687360322864, 36.84006455123653], [35.17687360322864, 36.840603540407], [35.17633461405819, 36.840603540407], [35.17633461405819, 36.841142529577475], [35.17363966820582, 36.841142529577475], [35.17363966820582, 36.84168151874795], [35.17256168986489, 36.84168151874795], [35.17256168986489, 36.84275949708889], [35.17148371152393, 36.84275949708889], [35.17148371152393, 36.84222050791842], [35.170944722353454, 36.84222050791842], [35.170944722353454, 36.83844758372512], [35.170405733183, 36.83844758372512], [35.170405733183, 36.83629162704323], [35.167171798160155, 36.83629162704323], [35.167171798160155, 36.837369605384175], [35.164476852307814, 36.837369605384175], [35.164476852307814, 36.8368306162137], [35.163937863137335, 36.8368306162137], [35.163937863137335, 36.83575263787276], [35.162859884796404, 36.83575263787276], [35.162859884796404, 36.83629162704323], [35.160164938944035, 36.83629162704323], [35.160164938944035, 36.83359668119087], [35.161242917284966, 36.83359668119087], [35.161242917284966, 36.833057692020404], [35.159625949773556, 36.833057692020404], [35.159625949773556, 36.83359668119087], [35.15908696060308, 36.83359668119087], [35.15908696060308, 36.833057692020404], [35.158547971432625, 36.833057692020404], [35.158547971432625, 36.83144072450899], [35.159625949773556, 36.83144072450899], [35.159625949773556, 36.830901735338514]]]}, "id": "+399195+87513", "properties": {"area_ha": 96.8819574997811, "count": 337, "label": 1, "mean_dnbr": 0.5459517353629735}}, {"type": "Feature", "geometry": {"geodesic": false, "type": "Polygon", "coordinates": [[[35.161781906455445, 36.82173891944049], [35.162320895625925, 36.82173891944049], [35.162320895625925, 36.822277908610964], [35.163398873966855, 36.822277908610964], [35.163398873966855, 36.822816897781436], [35.164476852307814, 36.822816897781436], [35.164476852307814, 36.82335588695191], [35.162859884796404, 36.82335588695191], [35.162859884796404, 36.82389487612238], [35.163937863137335, 36.82389487612238], [35.163937863137335, 36.82443386529285], [35.162859884796404, 36.82443386529285], [35.162859884796404, 36.824972854463326], [35.162320895625925, 36.824972854463326], [35.162320895625925, 36.82443386529285], [35.160703928114515, 36.82443386529285], [35.160703928114515, 36.82389487612238], [35.161242917284966, 36.82389487612238], [35.161242917284966, 36.82335588695191], [35.160703928114515, 36.82335588695191], [35.160703928114515, 36.822816897781436], [35.161781906455445, 36.822816897781436], [35.161781906455445, 36.82335588695191], [35.162859884796404, 36.82335588695191], [35.162859884796404, 36.822816897781436], [35.162320895625925, 36.822816897781436], [35.162320895625925, 36.822277908610964], [35.161781906455445, 36.822277908610964], [35.161781906455445, 36.82173891944049]]]}, "id": "+399195+87530", "properties": {"area_ha": 5.175558533320321, "count": 18, "label": 1, "mean_dnbr": 0.3145338737768756}}, {"type": "Feature", "geometry": {"geodesic": false, "type": "Polygon", "coordinates": [[[35.160703928114515, 36.81095913603106], [35.162320895625925, 36.81095913603106], [35.162320895625925, 36.81149812520153], [35.161781906455445, 36.81149812520153], [35.161781906455445, 36.81419307105389], [35.163937863137335, 36.81419307105389], [35.163937863137335, 36.814732060224365], [35.163398873966855, 36.814732060224365], [35.163398873966855, 36.81527104939483], [35.161781906455445, 36.81527104939483], [35.161781906455445, 36.8158100385653], [35.167171798160155, 36.8158100385653], [35.167171798160155, 36.81688801690625], [35.166632808989704, 36.81688801690625], [35.166632808989704, 36.81796599524719], [35.164476852307814, 36.81796599524719], [35.164476852307814, 36.816349027735775], [35.161781906455445, 36.816349027735775], [35.161781906455445, 36.8158100385653], [35.160703928114515, 36.8158100385653], [35.160703928114515, 36.81365408188342], [35.161242917284966, 36.81365408188342], [35.161242917284966, 36.81149812520153], [35.160703928114515, 36.81149812520153], [35.160703928114515, 36.81095913603106]]]}, "id": "+399195+87550", "properties": {"area_ha": 12.940185564409829, "count": 45, "label": 1, "mean_dnbr": 0.3333178863540567}}, {"type": "Feature", "geometry": {"geodesic": false, "type": "Polygon", "coordinates": [[[35.161242917284966, 36.89288548994276], [35.162859884796404, 36.89288548994276], [35.162859884796404, 36.89342447911323], [35.163398873966855, 36.89342447911323], [35.163398873966855, 36.8939634682837], [35.163937863137335, 36.8939634682837], [35.163937863137335, 36.895041446624646], [35.164476852307814, 36.895041446624646], [35.164476852307814, 36.897197403306535], [35.165015841478265, 36.897197403306535], [35.165015841478265, 36.89773639247701], [35.165554830648745, 36.89773639247701], [35.165554830648745, 36.89827538164748], [35.164476852307814, 36.89827538164748], [35.164476852307814, 36.899353359988424], [35.162859884796404, 36.899353359988424], [35.162859884796404, 36.89881437081795], [35.163398873966855, 36.89881437081795], [35.163398873966855, 36.89827538164748], [35.164476852307814, 36.89827538164748], [35.164476852307814, 36.897197403306535], [35.163398873966855, 36.897197403306535], [35.163398873966855, 36.89665841413606], [35.162859884796404, 36.89665841413606], [35.162859884796404, 36.895041446624646], [35.162320895625925, 36.895041446624646], [35.162320895625925, 36.89450245745417], [35.161781906455445, 36.89450245745417], [35.161781906455445, 36.895041446624646], [35.161242917284966, 36.895041446624646], [35.161242917284966, 36.89450245745417], [35.160703928114515, 36.89450245745417], [35.160703928114515, 36.8939634682837], [35.160164938944035, 36.8939634682837], [35.160164938944035, 36.89342447911323], [35.161242917284966, 36.89342447911323], [35.161242917284966, 36.89288548994276]]]}, "id": "+399196+87398", "properties": {"area_ha": 10.915880085301488, "count": 38, "label": 1, "mean_dnbr": 0.3816030582691116}}, {"type": "Feature", "geometry": {"geodesic": false, "type": "Polygon", "coordinates": [[[35.162320895625925, 37.00607321574182], [35.163937863137335, 37.00607321574182], [35.163937863137335, 37.006612204912294], [35.164476852307814, 37.006612204912294], [35.164476852307814, 37.008229172423704], [35.162320895625925, 37.008229172423704], [35.162320895625925, 37.01038512910559], [35.161781906455445, 37.01038512910559], [35.161781906455445, 37.00984613993512], [35.161242917284966, 37.00984613993512], [35.161242917284966, 37.01038512910559], [35.160703928114515, 37.01038512910559], [35.160703928114515, 37.00984613993512], [35.15908696060308, 37.00984613993512], [35.15908696060308, 37.008768161594176], [35.158547971432625, 37.008768161594176], [35.158547971432625, 37.00769018325324], [35.15908696060308, 37.00769018325324], [35.15908696060308, 37.007151194082766], [35.161242917284966, 37.007151194082766], [35.161242917284966, 37.006612204912294], [35.162320895625925, 37.006612204912294], [35.162320895625925, 37.00607321574182]]]}, "id": "+399198+87188", "properties": {"area_ha": 14.628623411253583, "count": 51, "label": 1, "mean_dnbr": 0.4588291328744398}}, {"type": "Feature", "geometry": {"geodesic": false, "type": "Polygon", "coordinates": [[[35.163398873966855, 36.85300029132785], [35.163937863137335, 36.85300029132785], [35.163937863137335, 36.853539280498325], [35.164476852307814, 36.853539280498325], [35.164476852307814, 36.8540782696688], [35.165015841478265, 36.8540782696688], [35.165015841478265, 36.85515624800974], [35.165554830648745, 36.85515624800974], [35.165554830648745, 36.855695237180214], [35.163937863137335, 36.855695237180214], [35.163937863137335, 36.856234226350686], [35.161781906455445, 36.856234226350686], [35.161781906455445, 36.855695237180214], [35.161242917284966, 36.855695237180214], [35.161242917284966, 36.85515624800974], [35.160703928114515, 36.85515624800974], [35.160703928114515, 36.853539280498325], [35.162320895625925, 36.853539280498325], [35.162320895625925, 36.85300029132785], [35.162859884796404, 36.85300029132785], [35.162859884796404, 36.853539280498325], [35.163398873966855, 36.853539280498325], [35.163398873966855, 36.85300029132785]]]}, "id": "+399198+87472", "properties": {"area_ha": 10.634309218016305, "count": 37, "label": 1, "mean_dnbr": 0.49372063019281814}}, {"type": "Feature", "geometry": {"geodesic": false, "type": "Polygon", "coordinates": [[[35.162859884796404, 36.88587863072663], [35.164476852307814, 36.88587863072663], [35.164476852307814, 36.8864176198971], [35.165015841478265, 36.8864176198971], [35.165015841478265, 36.88749559823804], [35.165554830648745, 36.88749559823804], [35.165554830648745, 36.888573576578985], [35.166093819819224, 36.888573576578985], [35.166093819819224, 36.88911256574946], [35.165554830648745, 36.88911256574946], [35.165554830648745, 36.88965155491993], [35.163398873966855, 36.88965155491993], [35.163398873966855, 36.888573576578985], [35.162859884796404, 36.888573576578985], [35.162859884796404, 36.88803458740851], [35.162320895625925, 36.88803458740851], [35.162320895625925, 36.88749559823804], [35.161781906455445, 36.88749559823804], [35.161781906455445, 36.8864176198971], [35.162859884796404, 36.8864176198971], [35.162859884796404, 36.88587863072663]]]}, "id": "+399199+87411", "properties": {"area_ha": 10.05512714784183, "count": 35, "label": 1, "mean_dnbr": 0.5522420112553891}}, {"type": "Feature", "geometry": {"geodesic": false, "type": "Polygon", "coordinates": [[[35.164476852307814, 36.996371410673326], [35.165015841478265, 36.996371410673326], [35.165015841478265, 37.000683324037105], [35.164476852307814, 37.000683324037105], [35.164476852307814, 37.00014433486663], [35.163937863137335, 37.00014433486663], [35.163937863137335, 36.9969103998438], [35.164476852307814, 36.9969103998438], [35.164476852307814, 36.996371410673326]]]}, "id": "+399200+87206", "properties": {"area_ha": 4.016206791942766, "count": 14, "label": 1, "mean_dnbr": 0.391024068719442}}, {"type": "Feature", "geometry": {"geodesic": false, "type": "Polygon", "coordinates": [[[35.164476852307814, 36.68806960516351], [35.165015841478265, 36.68806960516351], [35.165015841478265, 36.68914758350445], [35.165554830648745, 36.68914758350445], [35.165554830648745, 36.69076455101587], [35.166093819819224, 36.69076455101587], [35.166093819819224, 36.69130354018634], [35.164476852307814, 36.69130354018634], [35.164476852307814, 36.68806960516351]]]}, "id": "+399200+87778", "properties": {"area_ha": 3.168351546947713, "count": 11, "label": 1, "mean_dnbr": 0.17988051669779834}}, {"type": "Feature", "geometry": {"geodesic": false, "type": "Polygon", "coordinates": [[[35.160703928114515, 36.79263350423502], [35.165554830648745, 36.79263350423502], [35.165554830648745, 36.79317249340549], [35.166093819819224, 36.79317249340549], [35.166093819819224, 36.793711482575965], [35.162859884796404, 36.793711482575965], [35.162859884796404, 36.79425047174644], [35.160703928114515, 36.79425047174644], [35.160703928114515, 36.79263350423502]]]}, "id": "+399201+87584", "properties": {"area_ha": 6.615769026936377, "count": 23, "label": 1, "mean_dnbr": 0.503624126198183}}, {"type": "Feature", "geometry": {"geodesic": false, "type": "Polygon", "coordinates": [[[35.163398873966855, 36.75975516483625], [35.165554830648745, 36.75975516483625], [35.165554830648745, 36.76298909985908], [35.163937863137335, 36.76298909985908], [35.163937863137335, 36.76352808902955], [35.160703928114515, 36.76352808902955], [35.160703928114515, 36.76137213234766], [35.160164938944035, 36.76137213234766], [35.160164938944035, 36.76083314317719], [35.160703928114515, 36.76083314317719], [35.160703928114515, 36.76029415400672], [35.163398873966855, 36.76029415400672], [35.163398873966855, 36.75975516483625]]]}, "id": "+399201+87645", "properties": {"area_ha": 16.11473308413556, "count": 56, "label": 1, "mean_dnbr": 0.38586411545070876}}, {"type": "Feature", "geometry": {"geodesic": false, "type": "Polygon", "coordinates": [[[35.165554830648745, 36.820660941099554], [35.166093819819224, 36.820660941099554], [35.166093819819224, 36.82119993027002], [35.167710787330634, 36.82119993027002], [35.167710787330634, 36.822277908610964], [35.166632808989704, 36.822277908610964], [35.166632808989704, 36.82335588695191], [35.165015841478265, 36.82335588695191], [35.165015841478265, 36.822277908610964], [35.165554830648745, 36.822277908610964], [35.165554830648745, 36.82173891944049], [35.165015841478265, 36.82173891944049], [35.165015841478265, 36.82119993027002], [35.165554830648745, 36.82119993027002], [35.165554830648745, 36.820660941099554]]]}, "id": "+399202+87532", "properties": {"area_ha": 4.600580773482022, "count": 16, "label": 1, "mean_dnbr": 0.4267886036377081}}, {"type": "Feature", "geometry": {"geodesic": false, "type": "Polygon", "coordinates": [[[35.163937863137335, 37.00122231320758], [35.166632808989704, 37.00122231320758], [35.166632808989704, 37.00176130237805], [35.164476852307814, 37.00176130237805], [35.164476852307814, 37.002300291548515], [35.163937863137335, 37.002300291548515], [35.163937863137335, 37.00283928071899], [35.163398873966855, 37.00283928071899], [35.163398873966855, 37.00391725905993], [35.161242917284966, 37.00391725905993], [35.161242917284966, 37.004456248230404], [35.15908696060308, 37.004456248230404], [35.15908696060308, 37.00337826988946], [35.161242917284966, 37.00337826988946], [35.161242917284966, 37.00283928071899], [35.160703928114515, 37.00283928071899], [35.160703928114515, 37.00176130237805], [35.163937863137335, 37.00176130237805], [35.163937863137335, 37.00122231320758]]]}, "id": "+399203+87197", "properties": {"area_ha": 9.753073306387764, "count": 34, "label": 1, "mean_dnbr": 0.3048072909630641}}, {"type": "Feature", "geometry": {"geodesic": false, "type": "Polygon", "coordinates": [[[35.163937863137335, 36.860007150543986], [35.166632808989704, 36.860007150543986], [35.166632808989704, 36.8616241180554], [35.166093819819224, 36.8616241180554], [35.166093819819224, 36.86324108556681], [35.165554830648745, 36.86324108556681], [35.165554830648745, 36.863780074737285], [35.164476852307814, 36.863780074737285], [35.164476852307814, 36.86324108556681], [35.163937863137335, 36.86324108556681], [35.163937863137335, 36.8616241180554], [35.163398873966855, 36.8616241180554], [35.163398873966855, 36.86054613971446], [35.163937863137335, 36.86054613971446], [35.163937863137335, 36.860007150543986]]]}, "id": "+399203+87459", "properties": {"area_ha": 8.909002083806358, "count": 31, "label": 1, "mean_dnbr": 0.35606362783073703}}, {"type": "Feature", "geometry": {"geodesic": false, "type": "Polygon", "coordinates": [[[35.163937863137335, 36.70208332359577], [35.166632808989704, 36.70208332359577], [35.166632808989704, 36.702622312766245], [35.165554830648745, 36.702622312766245], [35.165554830648745, 36.70316130193672], [35.164476852307814, 36.70316130193672], [35.164476852307814, 36.70531725861861], [35.163937863137335, 36.70531725861861], [35.163937863137335, 36.70208332359577]]]}, "id": "+399203+87752", "properties": {"area_ha": 3.455779563341348, "count": 12, "label": 1, "mean_dnbr": 0.3027337480550721}}, {"type": "Feature", "geometry": {"geodesic": false, "type": "Polygon", "coordinates": [[[35.166632808989704, 36.99529343233239], [35.167710787330634, 36.99529343233239], [35.167710787330634, 36.996371410673326], [35.16878876567159, 36.996371410673326], [35.16878876567159, 36.99744938901427], [35.166632808989704, 36.99744938901427], [35.166632808989704, 36.99529343233239]]]}, "id": "+399205+87208", "properties": {"area_ha": 3.442557623573399, "count": 12, "label": 1, "mean_dnbr": 0.4214396230555638}}, {"type": "Feature", "geometry": {"geodesic": false, "type": "Polygon", "coordinates": [[[35.166632808989704, 36.73280570631266], [35.167710787330634, 36.73280570631266], [35.167710787330634, 36.73334469548313], [35.16824977650111, 36.73334469548313], [35.16824977650111, 36.733883684653605], [35.16878876567159, 36.733883684653605], [35.16878876567159, 36.73442267382408], [35.169327754842044, 36.73442267382408], [35.169327754842044, 36.73496166299455], [35.16986674401252, 36.73496166299455], [35.16986674401252, 36.736039641335495], [35.16824977650111, 36.736039641335495], [35.16824977650111, 36.73550065216502], [35.167710787330634, 36.73550065216502], [35.167710787330634, 36.73496166299455], [35.167171798160155, 36.73496166299455], [35.167171798160155, 36.733883684653605], [35.166632808989704, 36.733883684653605], [35.166632808989704, 36.73280570631266]]]}, "id": "+399205+87695", "properties": {"area_ha": 5.469432796877553, "count": 19, "label": 1, "mean_dnbr": 0.18083857228196976}}, {"type": "Feature", "geometry": {"geodesic": false, "type": "Polygon", "coordinates": [[[35.167171798160155, 37.00391725905993], [35.169327754842044, 37.00391725905993], [35.169327754842044, 37.00553422657135], [35.170944722353454, 37.00553422657135], [35.170944722353454, 37.00607321574182], [35.167710787330634, 37.00607321574182], [35.167710787330634, 37.00499523740088], [35.167171798160155, 37.00499523740088], [35.167171798160155, 37.00391725905993]]]}, "id": "+399208+87192", "properties": {"area_ha": 4.876416209941882, "count": 17, "label": 1, "mean_dnbr": 0.2737222986056577}}, {"type": "Feature", "geometry": {"geodesic": false, "type": "Polygon", "coordinates": [[[35.166093819819224, 36.840603540407], [35.169327754842044, 36.840603540407], [35.169327754842044, 36.84168151874795], [35.16986674401252, 36.84168151874795], [35.16986674401252, 36.841142529577475], [35.170405733183, 36.841142529577475], [35.170405733183, 36.84275949708889], [35.16986674401252, 36.84275949708889], [35.16986674401252, 36.843298486259364], [35.169327754842044, 36.843298486259364], [35.169327754842044, 36.84383747542984], [35.166093819819224, 36.84383747542984], [35.166093819819224, 36.840603540407]]]}, "id": "+399208+87495", "properties": {"area_ha": 12.073343110004599, "count": 42, "label": 1, "mean_dnbr": 0.4988371383075813}}, {"type": "Feature", "geometry": {"geodesic": false, "type": "Polygon", "coordinates": [[[35.169327754842044, 36.75544325147247], [35.170405733183, 36.75544325147247], [35.170405733183, 36.75598224064294], [35.170944722353454, 36.75598224064294], [35.170944722353454, 36.756521229813416], [35.169327754842044, 36.756521229813416], [35.169327754842044, 36.75706021898389], [35.167171798160155, 36.75706021898389], [35.167171798160155, 36.756521229813416], [35.167710787330634, 36.756521229813416], [35.167710787330634, 36.75598224064294], [35.169327754842044, 36.75598224064294], [35.169327754842044, 36.75544325147247]]]}, "id": "+399210+87653", "properties": {"area_ha": 3.4534024612928866, "count": 12, "label": 1, "mean_dnbr": 0.1876276021166321}}, {"type": "Feature", "geometry": {"geodesic": false, "type": "Polygon", "coordinates": [[[35.169327754842044, 36.692381518527284], [35.170405733183, 36.692381518527284], [35.170405733183, 36.69292050769776], [35.16986674401252, 36.69292050769776], [35.16986674401252, 36.69345949686823], [35.170405733183, 36.69345949686823], [35.170405733183, 36.69453747520917], [35.16878876567159, 36.69453747520917], [35.16878876567159, 36.6939984860387], [35.16824977650111, 36.6939984860387], [35.16824977650111, 36.69292050769776], [35.169327754842044, 36.69292050769776], [35.169327754842044, 36.692381518527284]]]}, "id": "+399210+87770", "properties": {"area_ha": 3.456222655348217, "count": 12, "label": 1, "mean_dnbr": 0.23798394840262507}}, {"type": "Feature", "geometry": {"geodesic": false, "type": "Polygon", "coordinates": [[[35.16986674401252, 36.64602844986672], [35.170405733183, 36.64602844986672], [35.170405733183, 36.64764541737813], [35.16878876567159, 36.64764541737813], [35.16878876567159, 36.648723395719074], [35.167710787330634, 36.648723395719074], [35.167710787330634, 36.64980137406002], [35.167171798160155, 36.64980137406002], [35.167171798160155, 36.649262384889546], [35.166632808989704, 36.649262384889546], [35.166632808989704, 36.64710642820766], [35.167710787330634, 36.64710642820766], [35.167710787330634, 36.646567439037184], [35.16986674401252, 36.646567439037184], [35.16986674401252, 36.64602844986672]]]}, "id": "+399210+87856", "properties": {"area_ha": 6.916557531304397, "count": 24, "label": 1, "mean_dnbr": 0.16675735714453405}}, {"type": "Feature", "geometry": {"geodesic": false, "type": "Polygon", "coordinates": [[[35.16824977650111, 36.76945696990474], [35.170944722353454, 36.76945696990474], [35.170944722353454, 36.76999595907521], [35.17148371152393, 36.76999595907521], [35.17148371152393, 36.77053494824568], [35.17471764654678, 36.77053494824568], [35.17471764654678, 36.771073937416155], [35.17525663571723, 36.771073937416155], [35.17525663571723, 36.77269090492757], [35.17687360322864, 36.77269090492757], [35.17687360322864, 36.774846861609454], [35.17525663571723, 36.774846861609454], [35.17525663571723, 36.77269090492757], [35.167171798160155, 36.77269090492757], [35.167171798160155, 36.7721519157571], [35.166632808989704, 36.7721519157571], [35.166632808989704, 36.76999595907521], [35.16824977650111, 36.76999595907521], [35.16824977650111, 36.76945696990474]]]}, "id": "+399211+87627", "properties": {"area_ha": 25.320174967674994, "count": 88, "label": 1, "mean_dnbr": 0.6023308411518596}}, {"type": "Feature", "geometry": {"geodesic": false, "type": "Polygon", "coordinates": [[[35.170405733183, 36.79532845008738], [35.17148371152393, 36.79532845008738], [35.17148371152393, 36.79694541759879], [35.170405733183, 36.79694541759879], [35.170405733183, 36.79802339593974], [35.170944722353454, 36.79802339593974], [35.170944722353454, 36.79856238511021], [35.17202270069441, 36.79856238511021], [35.17202270069441, 36.800179352621626], [35.17256168986489, 36.800179352621626], [35.17256168986489, 36.80125733096257], [35.17310067903534, 36.80125733096257], [35.17310067903534, 36.80341328764445], [35.17256168986489, 36.80341328764445], [35.17256168986489, 36.803952276814925], [35.17148371152393, 36.803952276814925], [35.17148371152393, 36.80341328764445], [35.170944722353454, 36.80341328764445], [35.170944722353454, 36.802335309303515], [35.170405733183, 36.802335309303515], [35.170405733183, 36.80125733096257], [35.16986674401252, 36.80125733096257], [35.16986674401252, 36.799640363451154], [35.170405733183, 36.799640363451154], [35.170405733183, 36.79802339593974], [35.16986674401252, 36.79802339593974], [35.16986674401252, 36.795867439257854], [35.170405733183, 36.795867439257854], [35.170405733183, 36.79532845008738]]]}, "id": "+399212+87579", "properties": {"area_ha": 14.668530754159585, "count": 51, "label": 1, "mean_dnbr": 0.3945450478054182}}, {"type": "Feature", "geometry": {"geodesic": false, "type": "Polygon", "coordinates": [[[35.170944722353454, 36.81095913603106], [35.17202270069441, 36.81095913603106], [35.17202270069441, 36.81149812520153], [35.17256168986489, 36.81149812520153], [35.17256168986489, 36.812037114372], [35.17148371152393, 36.812037114372], [35.17148371152393, 36.81311509271295], [35.16986674401252, 36.81311509271295], [35.16986674401252, 36.812576103542476], [35.169327754842044, 36.812576103542476], [35.169327754842044, 36.812037114372], [35.170405733183, 36.812037114372], [35.170405733183, 36.81149812520153], [35.170944722353454, 36.81149812520153], [35.170944722353454, 36.81095913603106]]]}, "id": "+399213+87550", "properties": {"area_ha": 3.7384605415821026, "count": 13, "label": 1, "mean_dnbr": 0.43421013965250493}}, {"type": "Feature", "geometry": {"geodesic": false, "type": "Polygon", "coordinates": [[[35.17148371152393, 36.71986996622134], [35.17202270069441, 36.71986996622134], [35.17202270069441, 36.72040895539181], [35.17256168986489, 36.72040895539181], [35.17256168986489, 36.721486933732756], [35.17202270069441, 36.721486933732756], [35.17202270069441, 36.72202592290323], [35.170944722353454, 36.72202592290323], [35.170944722353454, 36.721486933732756], [35.170405733183, 36.721486933732756], [35.170405733183, 36.72094794456228], [35.16986674401252, 36.72094794456228], [35.16986674401252, 36.72040895539181], [35.17148371152393, 36.72040895539181], [35.17148371152393, 36.71986996622134]]]}, "id": "+399213+87719", "properties": {"area_ha": 3.454985361139913, "count": 12, "label": 1, "mean_dnbr": 0.3300029361630628}}, {"type": "Feature", "geometry": {"geodesic": false, "type": "Polygon", "coordinates": [[[35.17363966820582, 36.869708955612474], [35.1741786573763, 36.869708955612474], [35.1741786573763, 36.87186491229436], [35.17471764654678, 36.87186491229436], [35.17471764654678, 36.874559858146725], [35.17633461405819, 36.874559858146725], [35.17633461405819, 36.87563783648766], [35.17687360322864, 36.87563783648766], [35.17687360322864, 36.87671581482861], [35.17741259239912, 36.87671581482861], [35.17741259239912, 36.87779379316955], [35.17687360322864, 36.87779379316955], [35.17687360322864, 36.878332782340024], [35.1741786573763, 36.878332782340024], [35.1741786573763, 36.87725480399908], [35.17363966820582, 36.87725480399908], [35.17363966820582, 36.8750988473172], [35.1741786573763, 36.8750988473172], [35.1741786573763, 36.87294289063531], [35.17363966820582, 36.87294289063531], [35.17363966820582, 36.869708955612474]]]}, "id": "+399217+87441", "properties": {"area_ha": 14.366766711528408, "count": 50, "label": 1, "mean_dnbr": 0.6993851121573352}}, {"type": "Feature", "geometry": {"geodesic": false, "type": "Polygon", "coordinates": [[[35.17363966820582, 36.824972854463326], [35.1741786573763, 36.824972854463326], [35.1741786573763, 36.82605083280427], [35.17471764654678, 36.82605083280427], [35.17471764654678, 36.82712881114521], [35.17525663571723, 36.82712881114521], [35.17525663571723, 36.82820678948615], [35.17256168986489, 36.82820678948615], [35.17256168986489, 36.82766780031568], [35.17202270069441, 36.82766780031568], [35.17202270069441, 36.82658982197474], [35.17148371152393, 36.82658982197474], [35.17148371152393, 36.82605083280427], [35.17256168986489, 36.82605083280427], [35.17256168986489, 36.8255118436338], [35.17363966820582, 36.8255118436338], [35.17363966820582, 36.824972854463326]]]}, "id": "+399217+87524", "properties": {"area_ha": 7.475485028108523, "count": 26, "label": 1, "mean_dnbr": 0.37360988699535974}}, {"type": "Feature", "geometry": {"geodesic": false, "type": "Polygon", "coordinates": [[[35.17310067903534, 36.79532845008738], [35.17471764654678, 36.79532845008738], [35.17471764654678, 36.797484406769264], [35.17310067903534, 36.797484406769264], [35.17310067903534, 36.79532845008738]]]}, "id": "+399218+87579", "properties": {"area_ha": 3.4515921170448127, "count": 12, "label": 1, "mean_dnbr": 0.38388743707202416}}, {"type": "Feature", "geometry": {"geodesic": false, "type": "Polygon", "coordinates": [[[35.17687360322864, 36.82820678948615], [35.17741259239912, 36.82820678948615], [35.17741259239912, 36.828745778656625], [35.1779515815696, 36.828745778656625], [35.1779515815696, 36.830901735338514], [35.17849057074008, 36.830901735338514], [35.17849057074008, 36.83144072450899], [35.17633461405819, 36.83144072450899], [35.17633461405819, 36.8292847678271], [35.17579562488771, 36.8292847678271], [35.17579562488771, 36.828745778656625], [35.17687360322864, 36.828745778656625], [35.17687360322864, 36.82820678948615]]]}, "id": "+399223+87518", "properties": {"area_ha": 5.175122273043389, "count": 18, "label": 1, "mean_dnbr": 0.5016356508532434}}, {"type": "Feature", "geometry": {"geodesic": false, "type": "Polygon", "coordinates": [[[35.17633461405819, 36.87132592312389], [35.1779515815696, 36.87132592312389], [35.1779515815696, 36.87294289063531], [35.17849057074008, 36.87294289063531], [35.17849057074008, 36.87348187980578], [35.17687360322864, 36.87348187980578], [35.17687360322864, 36.87294289063531], [35.17633461405819, 36.87294289063531], [35.17633461405819, 36.87132592312389]]]}, "id": "+399224+87438", "properties": {"area_ha": 3.448164588699113, "count": 12, "label": 1, "mean_dnbr": 0.5251546672170363}}, {"type": "Feature", "geometry": {"geodesic": false, "type": "Polygon", "coordinates": [[[35.17741259239912, 36.739812565528794], [35.1779515815696, 36.739812565528794], [35.1779515815696, 36.74035155469927], [35.17741259239912, 36.74035155469927], [35.17741259239912, 36.74089054386974], [35.17633461405819, 36.74089054386974], [35.17633461405819, 36.74142953304021], [35.1779515815696, 36.74142953304021], [35.1779515815696, 36.744124478892566], [35.17741259239912, 36.744124478892566], [35.17741259239912, 36.74466346806304], [35.17687360322864, 36.74466346806304], [35.17687360322864, 36.74520245723351], [35.17633461405819, 36.74520245723351], [35.17633461405819, 36.74358548972209], [35.17579562488771, 36.74358548972209], [35.17579562488771, 36.74304650055162], [35.17525663571723, 36.74304650055162], [35.17525663571723, 36.74196852221068], [35.17471764654678, 36.74196852221068], [35.17471764654678, 36.74035155469927], [35.17741259239912, 36.74035155469927], [35.17741259239912, 36.739812565528794]], [[35.17579562488771, 36.74089054386974], [35.17579562488771, 36.74142953304021], [35.17525663571723, 36.74142953304021], [35.17525663571723, 36.74089054386974], [35.17579562488771, 36.74089054386974]]]}, "id": "+399224+87682", "properties": {"area_ha": 9.786395345393313, "count": 34, "label": 1, "mean_dnbr": 0.22671113335816875}}, {"type": "Feature", "geometry": {"geodesic": false, "type": "Polygon", "coordinates": [[[35.17687360322864, 37.01523603163984], [35.17849057074008, 37.01523603163984], [35.17849057074008, 37.01631400998078], [35.1779515815696, 37.01631400998078], [35.1779515815696, 37.0179309774922], [35.17687360322864, 37.0179309774922], [35.17687360322864, 37.01523603163984]]]}, "id": "+399225+87171", "properties": {"area_ha": 3.4416494987402753, "count": 12, "label": 1, "mean_dnbr": 0.35410965200151556}}, {"type": "Feature", "geometry": {"geodesic": false, "type": "Polygon", "coordinates": [[[35.1779515815696, 36.78454866667795], [35.17849057074008, 36.78454866667795], [35.17849057074008, 36.78670462335983], [35.1779515815696, 36.78670462335983], [35.1779515815696, 36.78616563418936], [35.17741259239912, 36.78616563418936], [35.17741259239912, 36.78670462335983], [35.17579562488771, 36.78670462335983], [35.17579562488771, 36.78616563418936], [35.17633461405819, 36.78616563418936], [35.17633461405819, 36.78562664501889], [35.17741259239912, 36.78562664501889], [35.17741259239912, 36.785087655848415], [35.1779515815696, 36.785087655848415], [35.1779515815696, 36.78454866667795]]]}, "id": "+399225+87599", "properties": {"area_ha": 3.1643954676273527, "count": 11, "label": 1, "mean_dnbr": 0.2169499235073407}}, {"type": "Feature", "geometry": {"geodesic": false, "type": "Polygon", "coordinates": [[[35.17633461405819, 36.808264190178704], [35.17902955991053, 36.808264190178704], [35.17902955991053, 36.809881157690114], [35.17741259239912, 36.809881157690114], [35.17741259239912, 36.81042014686059], [35.17579562488771, 36.81042014686059], [35.17579562488771, 36.81095913603106], [35.17525663571723, 36.81095913603106], [35.17525663571723, 36.81149812520153], [35.17471764654678, 36.81149812520153], [35.17471764654678, 36.81095913603106], [35.1741786573763, 36.81095913603106], [35.1741786573763, 36.80934216851964], [35.17633461405819, 36.80934216851964], [35.17633461405819, 36.808264190178704]]]}, "id": "+399226+87555", "properties": {"area_ha": 8.339895115237368, "count": 29, "label": 1, "mean_dnbr": 0.36985154668319437}}, {"type": "Feature", "geometry": {"geodesic": false, "type": "Polygon", "coordinates": [[[35.1779515815696, 36.76083314317719], [35.17956854908101, 36.76083314317719], [35.17956854908101, 36.76191112151813], [35.18010753825149, 36.76191112151813], [35.18010753825149, 36.76352808902955], [35.17902955991053, 36.76352808902955], [35.17902955991053, 36.762450110688604], [35.17849057074008, 36.762450110688604], [35.17849057074008, 36.76137213234766], [35.1779515815696, 36.76137213234766], [35.1779515815696, 36.76083314317719]]]}, "id": "+399227+87643", "properties": {"area_ha": 3.453135834960269, "count": 12, "label": 1, "mean_dnbr": 0.535639967606562}}, {"type": "Feature", "geometry": {"geodesic": false, "type": "Polygon", "coordinates": [[[35.17849057074008, 36.72849379294889], [35.17956854908101, 36.72849379294889], [35.17956854908101, 36.72903278211936], [35.18010753825149, 36.72903278211936], [35.18010753825149, 36.729571771289834], [35.17956854908101, 36.729571771289834], [35.17956854908101, 36.730110760460306], [35.17902955991053, 36.730110760460306], [35.17902955991053, 36.73064974963077], [35.1779515815696, 36.73064974963077], [35.1779515815696, 36.72903278211936], [35.17849057074008, 36.72903278211936], [35.17849057074008, 36.72849379294889]]]}, "id": "+399227+87703", "properties": {"area_ha": 3.1667189411253576, "count": 11, "label": 1, "mean_dnbr": 0.3162593643291517}}, {"type": "Feature", "geometry": {"geodesic": false, "type": "Polygon", "coordinates": [[[35.17687360322864, 36.64171653650294], [35.17956854908101, 36.64171653650294], [35.17956854908101, 36.64225552567341], [35.17902955991053, 36.64225552567341], [35.17902955991053, 36.642794514843885], [35.17849057074008, 36.642794514843885], [35.17849057074008, 36.64333350401436], [35.17902955991053, 36.64333350401436], [35.17902955991053, 36.6444114823553], [35.1779515815696, 36.6444114823553], [35.1779515815696, 36.64333350401436], [35.17741259239912, 36.64333350401436], [35.17741259239912, 36.642794514843885], [35.17633461405819, 36.642794514843885], [35.17633461405819, 36.64225552567341], [35.17687360322864, 36.64225552567341], [35.17687360322864, 36.64171653650294]]]}, "id": "+399227+87864", "properties": {"area_ha": 4.611325733400303, "count": 16, "label": 1, "mean_dnbr": 0.1710349249942599}}, {"type": "Feature", "geometry": {"geodesic": false, "type": "Polygon", "coordinates": [[[35.17902955991053, 36.90797718671597], [35.18010753825149, 36.90797718671597], [35.18010753825149, 36.90851617588644], [35.18118551659242, 36.90851617588644], [35.18118551659242, 36.90905516505691], [35.1817245057629, 36.90905516505691], [35.1817245057629, 36.91013314339786], [35.18010753825149, 36.91013314339786], [35.18010753825149, 36.91067213256833], [35.17849057074008, 36.91067213256833], [35.17849057074008, 36.909594154227385], [35.17902955991053, 36.909594154227385], [35.17902955991053, 36.90797718671597]]]}, "id": "+399228+87370", "properties": {"area_ha": 5.74415786186548, "count": 20, "label": 1, "mean_dnbr": 0.22756195226773326}}, {"type": "Feature", "geometry": {"geodesic": false, "type": "Polygon", "coordinates": [[[35.18118551659242, 36.73657863050597], [35.18226349493338, 36.73657863050597], [35.18226349493338, 36.73711761967643], [35.18280248410383, 36.73711761967643], [35.18280248410383, 36.737656608846905], [35.18334147327431, 36.737656608846905], [35.18334147327431, 36.73819559801738], [35.18441945161527, 36.73819559801738], [35.18441945161527, 36.73873458718785], [35.18495844078572, 36.73873458718785], [35.18495844078572, 36.73927357635832], [35.18603641912668, 36.73927357635832], [35.18603641912668, 36.74035155469927], [35.18711439746761, 36.74035155469927], [35.18711439746761, 36.74089054386974], [35.18765338663809, 36.74089054386974], [35.18765338663809, 36.74142953304021], [35.18873136497902, 36.74142953304021], [35.18873136497902, 36.74196852221068], [35.1892703541495, 36.74196852221068], [35.1892703541495, 36.74304650055162], [35.18873136497902, 36.74304650055162], [35.18873136497902, 36.742507511381156], [35.18765338663809, 36.742507511381156], [35.18765338663809, 36.74196852221068], [35.18711439746761, 36.74196852221068], [35.18711439746761, 36.74142953304021], [35.18657540829716, 36.74142953304021], [35.18657540829716, 36.74089054386974], [35.18603641912668, 36.74089054386974], [35.18603641912668, 36.74035155469927], [35.18495844078572, 36.74035155469927], [35.18495844078572, 36.73927357635832], [35.18388046244479, 36.73927357635832], [35.18388046244479, 36.73873458718785], [35.18334147327431, 36.73873458718785], [35.18334147327431, 36.73819559801738], [35.18280248410383, 36.73819559801738], [35.18280248410383, 36.737656608846905], [35.18226349493338, 36.737656608846905], [35.18226349493338, 36.73711761967643], [35.18118551659242, 36.73711761967643], [35.18118551659242, 36.73657863050597]]]}, "id": "+399232+87688", "properties": {"area_ha": 6.620414250392921, "count": 23, "label": 1, "mean_dnbr": 0.2478489570199583}}, {"type": "Feature", "geometry": {"geodesic": false, "type": "Polygon", "coordinates": [[[35.18064652742197, 36.785087655848415], [35.18280248410383, 36.785087655848415], [35.18280248410383, 36.78562664501889], [35.18226349493338, 36.78562664501889], [35.18226349493338, 36.78670462335983], [35.1817245057629, 36.78670462335983], [35.1817245057629, 36.787243612530304], [35.18118551659242, 36.787243612530304], [35.18118551659242, 36.78832159087125], [35.18064652742197, 36.78832159087125], [35.18064652742197, 36.789938558382666], [35.18010753825149, 36.789938558382666], [35.18010753825149, 36.79047754755314], [35.17956854908101, 36.79047754755314], [35.17956854908101, 36.7910165367236], [35.17902955991053, 36.7910165367236], [35.17902955991053, 36.78939956921219], [35.17956854908101, 36.78939956921219], [35.17956854908101, 36.78886058004172], [35.18010753825149, 36.78886058004172], [35.18010753825149, 36.78670462335983], [35.17956854908101, 36.78670462335983], [35.17956854908101, 36.78562664501889], [35.18010753825149, 36.78562664501889], [35.18010753825149, 36.78616563418936], [35.18064652742197, 36.78616563418936], [35.18064652742197, 36.78670462335983], [35.1817245057629, 36.78670462335983], [35.1817245057629, 36.78616563418936], [35.18118551659242, 36.78616563418936], [35.18118551659242, 36.78562664501889], [35.18064652742197, 36.78562664501889], [35.18064652742197, 36.785087655848415]]]}, "id": "+399233+87598", "properties": {"area_ha": 7.479302528486169, "count": 26, "label": 1, "mean_dnbr": 0.1438325714602551}}, {"type": "Feature", "geometry": {"geodesic": false, "type": "Polygon", "coordinates": [[[35.17956854908101, 36.890729533260874], [35.18334147327431, 36.890729533260874], [35.18334147327431, 36.89234650077229], [35.18280248410383, 36.89234650077229], [35.18280248410383, 36.89288548994276], [35.18064652742197, 36.89288548994276], [35.18064652742197, 36.89234650077229], [35.18010753825149, 36.89234650077229], [35.18010753825149, 36.89342447911323], [35.17956854908101, 36.89342447911323], [35.17956854908101, 36.89234650077229], [35.17902955991053, 36.89234650077229], [35.17902955991053, 36.891268522431346], [35.17956854908101, 36.891268522431346], [35.17956854908101, 36.890729533260874]], [[35.18010753825149, 36.89180751160182], [35.18010753825149, 36.89234650077229], [35.17956854908101, 36.89234650077229], [35.17956854908101, 36.89180751160182], [35.18010753825149, 36.89180751160182]]]}, "id": "+399234+87402", "properties": {"area_ha": 8.043645359736926, "count": 28, "label": 1, "mean_dnbr": 0.5342661949696684}}, {"type": "Feature", "geometry": {"geodesic": false, "type": "Polygon", "coordinates": [[[35.18118551659242, 36.951096320353706], [35.18388046244479, 36.951096320353706], [35.18388046244479, 36.95163530952418], [35.18495844078572, 36.95163530952418], [35.18495844078572, 36.95217429869465], [35.18441945161527, 36.95217429869465], [35.18441945161527, 36.95540823371748], [35.18010753825149, 36.95540823371748], [35.18010753825149, 36.954869244547005], [35.18064652742197, 36.954869244547005], [35.18064652742197, 36.95271328786512], [35.18118551659242, 36.95271328786512], [35.18118551659242, 36.951096320353706]]]}, "id": "+399235+87290", "properties": {"area_ha": 15.500318783926089, "count": 54, "label": 1, "mean_dnbr": 0.1768935183666568}}, {"type": "Feature", "geometry": {"geodesic": false, "type": "Polygon", "coordinates": [[[35.18388046244479, 36.83036274616804], [35.18495844078572, 36.83036274616804], [35.18495844078572, 36.830901735338514], [35.1854974299562, 36.830901735338514], [35.1854974299562, 36.83197971367946], [35.18603641912668, 36.83197971367946], [35.18603641912668, 36.83251870284993], [35.18657540829716, 36.83251870284993], [35.18657540829716, 36.833057692020404], [35.18711439746761, 36.833057692020404], [35.18711439746761, 36.83359668119087], [35.18765338663809, 36.83359668119087], [35.18765338663809, 36.83413567036134], [35.18819237580857, 36.83413567036134], [35.18819237580857, 36.834674659531814], [35.18873136497902, 36.834674659531814], [35.18873136497902, 36.83575263787276], [35.1892703541495, 36.83575263787276], [35.1892703541495, 36.83629162704323], [35.18980934331998, 36.83629162704323], [35.18980934331998, 36.8368306162137], [35.19034833249046, 36.8368306162137], [35.19034833249046, 36.837369605384175], [35.19088732166091, 36.837369605384175], [35.19088732166091, 36.83790859455465], [35.19142631083139, 36.83790859455465], [35.19142631083139, 36.83844758372512], [35.19088732166091, 36.83844758372512], [35.19088732166091, 36.83790859455465], [35.19034833249046, 36.83790859455465], [35.19034833249046, 36.837369605384175], [35.1892703541495, 36.837369605384175], [35.1892703541495, 36.83790859455465], [35.18873136497902, 36.83790859455465], [35.18873136497902, 36.83629162704323], [35.18819237580857, 36.83629162704323], [35.18819237580857, 36.837369605384175], [35.18495844078572, 36.837369605384175], [35.18495844078572, 36.8368306162137], [35.18441945161527, 36.8368306162137], [35.18441945161527, 36.83629162704323], [35.18388046244479, 36.83629162704323], [35.18388046244479, 36.835213648702286], [35.18064652742197, 36.835213648702286], [35.18064652742197, 36.83251870284993], [35.18010753825149, 36.83251870284993], [35.18010753825149, 36.83144072450899], [35.1817245057629, 36.83144072450899], [35.1817245057629, 36.830901735338514], [35.18388046244479, 36.830901735338514], [35.18388046244479, 36.83036274616804]]]}, "id": "+399237+87514", "properties": {"area_ha": 38.8112917880279, "count": 135, "label": 1, "mean_dnbr": 0.5869132735399161}}, {"type": "Feature", "geometry": {"geodesic": false, "type": "Polygon", "coordinates": [[[35.18010753825149, 36.86701400976012], [35.1854974299562, 36.86701400976012], [35.1854974299562, 36.86755299893059], [35.18603641912668, 36.86755299893059], [35.18603641912668, 36.868091988101064], [35.17956854908101, 36.868091988101064], [35.17956854908101, 36.86755299893059], [35.18010753825149, 36.86755299893059], [35.18010753825149, 36.86701400976012]]]}, "id": "+399238+87446", "properties": {"area_ha": 6.322112979510231, "count": 22, "label": 1, "mean_dnbr": 0.366268010364993}}, {"type": "Feature", "geometry": {"geodesic": false, "type": "Polygon", "coordinates": [[[35.18495844078572, 36.80772520100823], [35.1854974299562, 36.80772520100823], [35.1854974299562, 36.808264190178704], [35.18603641912668, 36.808264190178704], [35.18603641912668, 36.809881157690114], [35.18495844078572, 36.809881157690114], [35.18495844078572, 36.81042014686059], [35.18334147327431, 36.81042014686059], [35.18334147327431, 36.81095913603106], [35.18388046244479, 36.81095913603106], [35.18388046244479, 36.81149812520153], [35.18441945161527, 36.81149812520153], [35.18441945161527, 36.812576103542476], [35.18495844078572, 36.812576103542476], [35.18495844078572, 36.81311509271295], [35.18441945161527, 36.81311509271295], [35.18441945161527, 36.812576103542476], [35.18334147327431, 36.812576103542476], [35.18334147327431, 36.81149812520153], [35.18280248410383, 36.81149812520153], [35.18280248410383, 36.81042014686059], [35.1817245057629, 36.81042014686059], [35.1817245057629, 36.80880317934918], [35.18280248410383, 36.80880317934918], [35.18280248410383, 36.808264190178704], [35.18495844078572, 36.808264190178704], [35.18495844078572, 36.80772520100823]]]}, "id": "+399238+87556", "properties": {"area_ha": 10.640541084790904, "count": 37, "label": 1, "mean_dnbr": 0.31137473706667285}}, {"type": "Feature", "geometry": {"geodesic": false, "type": "Polygon", "coordinates": [[[35.18388046244479, 37.00176130237805], [35.18603641912668, 37.00176130237805], [35.18603641912668, 37.00391725905993], [35.1854974299562, 37.00391725905993], [35.1854974299562, 37.00499523740088], [35.18765338663809, 37.00499523740088], [35.18765338663809, 37.006612204912294], [35.18603641912668, 37.006612204912294], [35.18603641912668, 37.00553422657135], [35.1854974299562, 37.00553422657135], [35.1854974299562, 37.00499523740088], [35.18388046244479, 37.00499523740088], [35.18388046244479, 37.004456248230404], [35.18334147327431, 37.004456248230404], [35.18334147327431, 37.002300291548515], [35.18388046244479, 37.002300291548515], [35.18388046244479, 37.00176130237805]]]}, "id": "+399239+87196", "properties": {"area_ha": 10.3266408829133, "count": 36, "label": 1, "mean_dnbr": 0.36878949435032465}}, {"type": "Feature", "geometry": {"geodesic": false, "type": "Polygon", "coordinates": [[[35.18388046244479, 36.934387656069084], [35.18603641912668, 36.934387656069084], [35.18603641912668, 36.93492664523956], [35.18711439746761, 36.93492664523956], [35.18711439746761, 36.936004623580494], [35.18657540829716, 36.936004623580494], [35.18657540829716, 36.93708260192144], [35.1854974299562, 36.93708260192144], [35.1854974299562, 36.93762159109191], [35.18388046244479, 36.93762159109191], [35.18388046244479, 36.934387656069084]]]}, "id": "+399239+87321", "properties": {"area_ha": 8.326126364233284, "count": 29, "label": 1, "mean_dnbr": 0.5523840630732834}}, {"type": "Feature", "geometry": {"geodesic": false, "type": "Polygon", "coordinates": [[[35.18657540829716, 36.82443386529285], [35.18711439746761, 36.82443386529285], [35.18711439746761, 36.824972854463326], [35.18765338663809, 36.824972854463326], [35.18765338663809, 36.8255118436338], [35.18819237580857, 36.8255118436338], [35.18819237580857, 36.82605083280427], [35.18711439746761, 36.82605083280427], [35.18711439746761, 36.82712881114521], [35.18873136497902, 36.82712881114521], [35.18873136497902, 36.82766780031568], [35.1892703541495, 36.82766780031568], [35.1892703541495, 36.82820678948615], [35.18873136497902, 36.82820678948615], [35.18873136497902, 36.828745778656625], [35.18765338663809, 36.828745778656625], [35.18765338663809, 36.8292847678271], [35.18603641912668, 36.8292847678271], [35.18603641912668, 36.828745778656625], [35.18657540829716, 36.828745778656625], [35.18657540829716, 36.82820678948615], [35.18603641912668, 36.82820678948615], [35.18603641912668, 36.82766780031568], [35.18495844078572, 36.82766780031568], [35.18495844078572, 36.82712881114521], [35.1854974299562, 36.82712881114521], [35.1854974299562, 36.82658982197474], [35.18495844078572, 36.82658982197474], [35.18495844078572, 36.82605083280427], [35.18441945161527, 36.82605083280427], [35.18441945161527, 36.8255118436338], [35.1854974299562, 36.8255118436338], [35.1854974299562, 36.824972854463326], [35.18657540829716, 36.824972854463326], [35.18657540829716, 36.82443386529285]]]}, "id": "+399241+87525", "properties": {"area_ha": 11.213195480338394, "count": 39, "label": 1, "mean_dnbr": 0.2761953571018953}}, {"type": "Feature", "geometry": {"geodesic": false, "type": "Polygon", "coordinates": [[[35.18765338663809, 36.88587863072663], [35.1892703541495, 36.88587863072663], [35.1892703541495, 36.88803458740851], [35.18711439746761, 36.88803458740851], [35.18711439746761, 36.888573576578985], [35.1854974299562, 36.888573576578985], [35.1854974299562, 36.886956609067575], [35.18603641912668, 36.886956609067575], [35.18603641912668, 36.8864176198971], [35.18765338663809, 36.8864176198971], [35.18765338663809, 36.88587863072663]]]}, "id": "+399245+87411", "properties": {"area_ha": 7.469575213338947, "count": 26, "label": 1, "mean_dnbr": 0.41526857757481883}}, {"type": "Feature", "geometry": {"geodesic": false, "type": "Polygon", "coordinates": [[[35.18980934331998, 36.92953675353484], [35.19034833249046, 36.92953675353484], [35.19034833249046, 36.930075742705306], [35.19142631083139, 36.930075742705306], [35.19142631083139, 36.93061473187578], [35.1930432783428, 36.93061473187578], [35.1930432783428, 36.932231699387195], [35.19250428917235, 36.932231699387195], [35.19250428917235, 36.93169271021672], [35.19142631083139, 36.93169271021672], [35.19142631083139, 36.93115372104625], [35.19088732166091, 36.93115372104625], [35.19088732166091, 36.93061473187578], [35.19034833249046, 36.93061473187578], [35.19034833249046, 36.930075742705306], [35.18980934331998, 36.930075742705306], [35.18980934331998, 36.92953675353484]]]}, "id": "+399247+87330", "properties": {"area_ha": 3.1583914245013474, "count": 11, "label": 1, "mean_dnbr": 0.25134739027190967}}, {"type": "Feature", "geometry": {"geodesic": false, "type": "Polygon", "coordinates": [[[35.18980934331998, 36.76029415400672], [35.19088732166091, 36.76029415400672], [35.19088732166091, 36.76083314317719], [35.19142631083139, 36.76083314317719], [35.19142631083139, 36.76137213234766], [35.19196530000187, 36.76137213234766], [35.19196530000187, 36.76191112151813], [35.19250428917235, 36.76191112151813], [35.19250428917235, 36.76352808902955], [35.1930432783428, 36.76352808902955], [35.1930432783428, 36.76406707820002], [35.19088732166091, 36.76406707820002], [35.19088732166091, 36.764606067370494], [35.19034833249046, 36.764606067370494], [35.19034833249046, 36.765145056540966], [35.18873136497902, 36.765145056540966], [35.18873136497902, 36.764606067370494], [35.18819237580857, 36.764606067370494], [35.18819237580857, 36.76406707820002], [35.18765338663809, 36.76406707820002], [35.18765338663809, 36.76352808902955], [35.18819237580857, 36.76352808902955], [35.18819237580857, 36.76298909985908], [35.19034833249046, 36.76298909985908], [35.19034833249046, 36.762450110688604], [35.18980934331998, 36.762450110688604], [35.18980934331998, 36.76137213234766], [35.1892703541495, 36.76137213234766], [35.1892703541495, 36.76083314317719], [35.18980934331998, 36.76083314317719], [35.18980934331998, 36.76029415400672]]]}, "id": "+399248+87644", "properties": {"area_ha": 12.949117963393391, "count": 45, "label": 1, "mean_dnbr": 0.4049100631859146}}, {"type": "Feature", "geometry": {"geodesic": false, "type": "Polygon", "coordinates": [[[35.19088732166091, 36.86485805307823], [35.19142631083139, 36.86485805307823], [35.19142631083139, 36.8653970422487], [35.19196530000187, 36.8653970422487], [35.19196530000187, 36.865936031419174], [35.19142631083139, 36.865936031419174], [35.19142631083139, 36.86647502058965], [35.19250428917235, 36.86647502058965], [35.19250428917235, 36.86701400976012], [35.19196530000187, 36.86701400976012], [35.19196530000187, 36.86755299893059], [35.19250428917235, 36.86755299893059], [35.19250428917235, 36.868630977271536], [35.19196530000187, 36.868630977271536], [35.19196530000187, 36.86916996644201], [35.19142631083139, 36.86916996644201], [35.19142631083139, 36.87078693395342], [35.19196530000187, 36.87078693395342], [35.19196530000187, 36.87186491229436], [35.18980934331998, 36.87186491229436], [35.18980934331998, 36.872403901464835], [35.1892703541495, 36.872403901464835], [35.1892703541495, 36.87132592312389], [35.18980934331998, 36.87132592312389], [35.18980934331998, 36.869708955612474], [35.19088732166091, 36.869708955612474], [35.19088732166091, 36.86916996644201], [35.19034833249046, 36.86916996644201], [35.19034833249046, 36.868091988101064], [35.18980934331998, 36.868091988101064], [35.18980934331998, 36.86647502058965], [35.1892703541495, 36.86647502058965], [35.1892703541495, 36.8653970422487], [35.19088732166091, 36.8653970422487], [35.19088732166091, 36.86485805307823]]]}, "id": "+399249+87450", "properties": {"area_ha": 13.793374595686712, "count": 48, "label": 1, "mean_dnbr": 0.33615124043385153}}, {"type": "Feature", "geometry": {"geodesic": false, "type": "Polygon", "coordinates": [[[35.18980934331998, 36.74358548972209], [35.19142631083139, 36.74358548972209], [35.19142631083139, 36.744124478892566], [35.19196530000187, 36.744124478892566], [35.19196530000187, 36.74466346806304], [35.19250428917235, 36.74466346806304], [35.19250428917235, 36.74574144640398], [35.19358226751328, 36.74574144640398], [35.19358226751328, 36.746280435574455], [35.19466024585424, 36.746280435574455], [35.19466024585424, 36.74681942474493], [35.19519923502469, 36.74681942474493], [35.19519923502469, 36.7473584139154], [35.19573822419517, 36.7473584139154], [35.19573822419517, 36.74789740308587], [35.19519923502469, 36.74789740308587], [35.19519923502469, 36.7473584139154], [35.19412125668376, 36.7473584139154], [35.19412125668376, 36.74681942474493], [35.1930432783428, 36.74681942474493], [35.1930432783428, 36.746280435574455], [35.19250428917235, 36.746280435574455], [35.19250428917235, 36.74574144640398], [35.19196530000187, 36.74574144640398], [35.19196530000187, 36.74520245723351], [35.19142631083139, 36.74520245723351], [35.19142631083139, 36.74466346806304], [35.19034833249046, 36.74466346806304], [35.19034833249046, 36.744124478892566], [35.18980934331998, 36.744124478892566], [35.18980934331998, 36.74358548972209]]]}, "id": "+399249+87675", "properties": {"area_ha": 4.893001044038812, "count": 17, "label": 1, "mean_dnbr": 0.22428584920372993}}, {"type": "Feature", "geometry": {"geodesic": false, "type": "Polygon", "coordinates": [[[35.19088732166091, 36.737656608846905], [35.19142631083139, 36.737656608846905], [35.19142631083139, 36.73819559801738], [35.19196530000187, 36.73819559801738], [35.19196530000187, 36.73873458718785], [35.19250428917235, 36.73873458718785], [35.19250428917235, 36.73927357635832], [35.1930432783428, 36.73927357635832], [35.1930432783428, 36.739812565528794], [35.19196530000187, 36.739812565528794], [35.19196530000187, 36.74035155469927], [35.19142631083139, 36.74035155469927], [35.19142631083139, 36.73927357635832], [35.19034833249046, 36.73927357635832], [35.19034833249046, 36.73819559801738], [35.19088732166091, 36.73819559801738], [35.19088732166091, 36.737656608846905]]]}, "id": "+399249+87686", "properties": {"area_ha": 3.4541782675637798, "count": 12, "label": 1, "mean_dnbr": 0.16851365241992877}}, {"type": "Feature", "geometry": {"geodesic": false, "type": "Polygon", "coordinates": [[[35.19088732166091, 37.008229172423704], [35.19196530000187, 37.008229172423704], [35.19196530000187, 37.01146310744654], [35.19735519170658, 37.01146310744654], [35.19735519170658, 37.01200209661701], [35.19789418087706, 37.01200209661701], [35.19789418087706, 37.01254108578748], [35.19627721336565, 37.01254108578748], [35.19627721336565, 37.013080074957955], [35.1930432783428, 37.013080074957955], [35.1930432783428, 37.01415805329889], [35.1968162025361, 37.01415805329889], [35.1968162025361, 37.014697042469365], [35.19627721336565, 37.014697042469365], [35.19627721336565, 37.01523603163984], [35.19412125668376, 37.01523603163984], [35.19412125668376, 37.01577502081031], [35.19088732166091, 37.01577502081031], [35.19088732166091, 37.01523603163984], [35.19142631083139, 37.01523603163984], [35.19142631083139, 37.014697042469365], [35.18819237580857, 37.014697042469365], [35.18819237580857, 37.01254108578748], [35.18980934331998, 37.01254108578748], [35.18980934331998, 37.013080074957955], [35.18873136497902, 37.013080074957955], [35.18873136497902, 37.01361906412843], [35.19196530000187, 37.01361906412843], [35.19196530000187, 37.01254108578748], [35.19142631083139, 37.01254108578748], [35.19142631083139, 37.01038512910559], [35.19088732166091, 37.01038512910559], [35.19088732166091, 37.008229172423704]]]}, "id": "+399250+87184", "properties": {"area_ha": 24.952990687208246, "count": 87, "label": 1, "mean_dnbr": 0.41881358739670005}}, {"type": "Feature", "geometry": {"geodesic": false, "type": "Polygon", "coordinates": [[[35.19250428917235, 36.84275949708889], [35.1930432783428, 36.84275949708889], [35.1930432783428, 36.843298486259364], [35.19358226751328, 36.843298486259364], [35.19358226751328, 36.84383747542984], [35.1930432783428, 36.84383747542984], [35.1930432783428, 36.84491545377078], [35.19088732166091, 36.84491545377078], [35.19088732166091, 36.84437646460031], [35.18873136497902, 36.84437646460031], [35.18873136497902, 36.84491545377078], [35.1892703541495, 36.84491545377078], [35.1892703541495, 36.84545444294125], [35.19088732166091, 36.84545444294125], [35.19088732166091, 36.84599343211172], [35.1892703541495, 36.84599343211172], [35.1892703541495, 36.84653242128219], [35.18873136497902, 36.84653242128219], [35.18873136497902, 36.84707141045266], [35.18819237580857, 36.84707141045266], [35.18819237580857, 36.84814938879361], [35.19088732166091, 36.84814938879361], [35.19088732166091, 36.84868837796408], [35.19034833249046, 36.84868837796408], [35.19034833249046, 36.84922736713455], [35.1892703541495, 36.84922736713455], [35.1892703541495, 36.84868837796408], [35.18765338663809, 36.84868837796408], [35.18765338663809, 36.84814938879361], [35.18711439746761, 36.84814938879361], [35.18711439746761, 36.84653242128219], [35.18765338663809, 36.84653242128219], [35.18765338663809, 36.84599343211172], [35.18873136497902, 36.84599343211172], [35.18873136497902, 36.84491545377078], [35.18819237580857, 36.84491545377078], [35.18819237580857, 36.84383747542984], [35.1892703541495, 36.84383747542984], [35.1892703541495, 36.843298486259364], [35.19250428917235, 36.843298486259364], [35.19250428917235, 36.84275949708889]]]}, "id": "+399252+87491", "properties": {"area_ha": 13.222578979211738, "count": 46, "label": 1, "mean_dnbr": 0.4350776153489365}}, {"type": "Feature", "geometry": {"geodesic": false, "type": "Polygon", "coordinates": [[[35.19142631083139, 36.86108512888493], [35.19358226751328, 36.86108512888493], [35.19358226751328, 36.863780074737285], [35.1930432783428, 36.863780074737285], [35.1930432783428, 36.86270209639635], [35.19250428917235, 36.86270209639635], [35.19250428917235, 36.8616241180554], [35.19142631083139, 36.8616241180554], [35.19142631083139, 36.862163107225875], [35.19088732166091, 36.862163107225875], [35.19088732166091, 36.8616241180554], [35.19142631083139, 36.8616241180554], [35.19142631083139, 36.86108512888493]]]}, "id": "+399253+87457", "properties": {"area_ha": 3.16124046913775, "count": 11, "label": 1, "mean_dnbr": 0.21722860951420037}}, {"type": "Feature", "geometry": {"geodesic": false, "type": "Polygon", "coordinates": [[[35.1930432783428, 36.83629162704323], [35.19358226751328, 36.83629162704323], [35.19358226751328, 36.8368306162137], [35.19466024585424, 36.8368306162137], [35.19466024585424, 36.837369605384175], [35.19519923502469, 36.837369605384175], [35.19519923502469, 36.83790859455465], [35.19466024585424, 36.83790859455465], [35.19466024585424, 36.83898657289559], [35.19412125668376, 36.83898657289559], [35.19412125668376, 36.83952556206606], [35.1930432783428, 36.83952556206606], [35.1930432783428, 36.83898657289559], [35.19196530000187, 36.83898657289559], [35.19196530000187, 36.8368306162137], [35.1930432783428, 36.8368306162137], [35.1930432783428, 36.83629162704323]]]}, "id": "+399253+87503", "properties": {"area_ha": 6.899438145003204, "count": 24, "label": 1, "mean_dnbr": 0.47548796071647986}}, {"type": "Feature", "geometry": {"geodesic": false, "type": "Polygon", "coordinates": [[[35.1930432783428, 36.63470967728681], [35.19412125668376, 36.63470967728681], [35.19412125668376, 36.63524866645728], [35.19519923502469, 36.63524866645728], [35.19519923502469, 36.63740462313917], [35.19358226751328, 36.63740462313917], [35.19358226751328, 36.636865633968696], [35.19250428917235, 36.636865633968696], [35.19250428917235, 36.63524866645728], [35.1930432783428, 36.63524866645728], [35.1930432783428, 36.63470967728681]]]}, "id": "+399254+87877", "properties": {"area_ha": 5.764671294890801, "count": 20, "label": 1, "mean_dnbr": 0.21749328332998563}}, {"type": "Feature", "geometry": {"geodesic": false, "type": "Polygon", "coordinates": [[[35.19466024585424, 36.764606067370494], [35.19519923502469, 36.764606067370494], [35.19519923502469, 36.765145056540966], [35.19573822419517, 36.765145056540966], [35.19573822419517, 36.76730101322285], [35.19627721336565, 36.76730101322285], [35.19627721336565, 36.76837899156379], [35.1968162025361, 36.76837899156379], [35.1968162025361, 36.768917980734265], [35.19735519170658, 36.768917980734265], [35.19735519170658, 36.76999595907521], [35.1968162025361, 36.76999595907521], [35.1968162025361, 36.76945696990474], [35.19627721336565, 36.76945696990474], [35.19627721336565, 36.768917980734265], [35.19573822419517, 36.768917980734265], [35.19573822419517, 36.76837899156379], [35.19466024585424, 36.76837899156379], [35.19466024585424, 36.76945696990474], [35.19412125668376, 36.76945696990474], [35.19412125668376, 36.765145056540966], [35.19466024585424, 36.765145056540966], [35.19466024585424, 36.764606067370494]]]}, "id": "+399256+87636", "properties": {"area_ha": 8.05677068782291, "count": 28, "label": 1, "mean_dnbr": 0.3110240289208786}}, {"type": "Feature", "geometry": {"geodesic": false, "type": "Polygon", "coordinates": [[[35.19735519170658, 36.87779379316955], [35.19843317004754, 36.87779379316955], [35.19843317004754, 36.87941076068097], [35.19789418087706, 36.87941076068097], [35.19789418087706, 36.880488739021914], [35.19627721336565, 36.880488739021914], [35.19627721336565, 36.87994974985144], [35.19573822419517, 36.87994974985144], [35.19573822419517, 36.87941076068097], [35.19519923502469, 36.87941076068097], [35.19519923502469, 36.8788717715105], [35.19573822419517, 36.8788717715105], [35.19573822419517, 36.878332782340024], [35.19735519170658, 36.878332782340024], [35.19735519170658, 36.87779379316955]]]}, "id": "+399262+87426", "properties": {"area_ha": 5.7464313850109585, "count": 20, "label": 1, "mean_dnbr": 0.5236459338127727}}, {"type": "Feature", "geometry": {"geodesic": false, "type": "Polygon", "coordinates": [[[35.19735519170658, 36.7511313381087], [35.19843317004754, 36.7511313381087], [35.19843317004754, 36.75167032727917], [35.19897215921799, 36.75167032727917], [35.19897215921799, 36.75328729479059], [35.19843317004754, 36.75328729479059], [35.19843317004754, 36.75382628396106], [35.19735519170658, 36.75382628396106], [35.19735519170658, 36.754904262302], [35.1968162025361, 36.754904262302], [35.1968162025361, 36.75544325147247], [35.19627721336565, 36.75544325147247], [35.19627721336565, 36.75598224064294], [35.19573822419517, 36.75598224064294], [35.19573822419517, 36.756521229813416], [35.19519923502469, 36.756521229813416], [35.19519923502469, 36.75706021898389], [35.19466024585424, 36.75706021898389], [35.19466024585424, 36.75813819732483], [35.19412125668376, 36.75813819732483], [35.19412125668376, 36.758677186495305], [35.19358226751328, 36.758677186495305], [35.19358226751328, 36.75813819732483], [35.1930432783428, 36.75813819732483], [35.1930432783428, 36.75759920815436], [35.19250428917235, 36.75759920815436], [35.19250428917235, 36.75706021898389], [35.19196530000187, 36.75706021898389], [35.19196530000187, 36.756521229813416], [35.19142631083139, 36.756521229813416], [35.19142631083139, 36.75544325147247], [35.19088732166091, 36.75544325147247], [35.19088732166091, 36.754904262302], [35.19034833249046, 36.754904262302], [35.19034833249046, 36.75328729479059], [35.19142631083139, 36.75328729479059], [35.19142631083139, 36.752748305620116], [35.19196530000187, 36.752748305620116], [35.19196530000187, 36.752209316449644], [35.1930432783428, 36.752209316449644], [35.1930432783428, 36.75167032727917], [35.19519923502469, 36.75167032727917], [35.19519923502469, 36.752209316449644], [35.19573822419517, 36.752209316449644], [35.19573822419517, 36.752748305620116], [35.19627721336565, 36.752748305620116], [35.19627721336565, 36.75167032727917], [35.19735519170658, 36.75167032727917], [35.19735519170658, 36.7511313381087]]]}, "id": "+399262+87661", "properties": {"area_ha": 34.53486360730289, "count": 120, "label": 1, "mean_dnbr": 0.5573464681119853}}, {"type": "Feature", "geometry": {"geodesic": false, "type": "Polygon", "coordinates": [[[35.19789418087706, 36.89234650077229], [35.20005013755895, 36.89234650077229], [35.20005013755895, 36.89342447911323], [35.200589126729426, 36.89342447911323], [35.200589126729426, 36.8939634682837], [35.20005013755895, 36.8939634682837], [35.20005013755895, 36.89450245745417], [35.19789418087706, 36.89450245745417], [35.19789418087706, 36.89234650077229]]]}, "id": "+399265+87399", "properties": {"area_ha": 4.883554245715791, "count": 17, "label": 1, "mean_dnbr": 0.35213229211603086}}, {"type": "Feature", "geometry": {"geodesic": false, "type": "Polygon", "coordinates": [[[35.19951114838847, 36.75598224064294], [35.20005013755895, 36.75598224064294], [35.20005013755895, 36.756521229813416], [35.200589126729426, 36.756521229813416], [35.200589126729426, 36.75706021898389], [35.20112811589988, 36.75706021898389], [35.20112811589988, 36.75813819732483], [35.20166710507036, 36.75813819732483], [35.20166710507036, 36.75921617566578], [35.20274508341129, 36.75921617566578], [35.20274508341129, 36.76083314317719], [35.203284072581766, 36.76083314317719], [35.203284072581766, 36.76137213234766], [35.203823061752246, 36.76137213234766], [35.203823061752246, 36.76191112151813], [35.204362050922725, 36.76191112151813], [35.204362050922725, 36.762450110688604], [35.204901040093176, 36.762450110688604], [35.204901040093176, 36.76298909985908], [35.205440029263656, 36.76298909985908], [35.205440029263656, 36.764606067370494], [35.203823061752246, 36.764606067370494], [35.203823061752246, 36.76352808902955], [35.203284072581766, 36.76352808902955], [35.203284072581766, 36.762450110688604], [35.20274508341129, 36.762450110688604], [35.20274508341129, 36.76191112151813], [35.202206094240836, 36.76191112151813], [35.202206094240836, 36.76137213234766], [35.20166710507036, 36.76137213234766], [35.20166710507036, 36.76083314317719], [35.20112811589988, 36.76083314317719], [35.20112811589988, 36.76029415400672], [35.200589126729426, 36.76029415400672], [35.200589126729426, 36.75921617566578], [35.20005013755895, 36.75921617566578], [35.20005013755895, 36.75813819732483], [35.19951114838847, 36.75813819732483], [35.19951114838847, 36.75759920815436], [35.19897215921799, 36.75759920815436], [35.19897215921799, 36.75706021898389], [35.19951114838847, 36.75706021898389], [35.19951114838847, 36.75598224064294]]]}, "id": "+399265+87652", "properties": {"area_ha": 14.100605415976705, "count": 49, "label": 1, "mean_dnbr": 0.516888309649715}}, {"type": "Feature", "geometry": {"geodesic": false, "type": "Polygon", "coordinates": [[[35.20112811589988, 36.630397763923035], [35.20166710507036, 36.630397763923035], [35.20166710507036, 36.63093675309351], [35.202206094240836, 36.63093675309351], [35.202206094240836, 36.63201473143445], [35.20166710507036, 36.63201473143445], [35.20166710507036, 36.632553720604925], [35.20005013755895, 36.632553720604925], [35.20005013755895, 36.63093675309351], [35.20112811589988, 36.63093675309351], [35.20112811589988, 36.630397763923035]]]}, "id": "+399268+87885", "properties": {"area_ha": 3.4590055841231493, "count": 12, "label": 1, "mean_dnbr": 0.14656698104259314}}, {"type": "Feature", "geometry": {"geodesic": false, "type": "Polygon", "coordinates": [[[35.20112811589988, 36.785087655848415], [35.20274508341129, 36.785087655848415], [35.20274508341129, 36.78562664501889], [35.203284072581766, 36.78562664501889], [35.203284072581766, 36.78670462335983], [35.20274508341129, 36.78670462335983], [35.20274508341129, 36.787243612530304], [35.203284072581766, 36.787243612530304], [35.203284072581766, 36.78832159087125], [35.203823061752246, 36.78832159087125], [35.203823061752246, 36.78939956921219], [35.204362050922725, 36.78939956921219], [35.204362050922725, 36.79047754755314], [35.204901040093176, 36.79047754755314], [35.204901040093176, 36.79263350423502], [35.205440029263656, 36.79263350423502], [35.205440029263656, 36.79317249340549], [35.204362050922725, 36.79317249340549], [35.204362050922725, 36.793711482575965], [35.203823061752246, 36.793711482575965], [35.203823061752246, 36.79425047174644], [35.204362050922725, 36.79425047174644], [35.204362050922725, 36.79478946091691], [35.204901040093176, 36.79478946091691], [35.204901040093176, 36.795867439257854], [35.203823061752246, 36.795867439257854], [35.203823061752246, 36.79640642842833], [35.203284072581766, 36.79640642842833], [35.203284072581766, 36.795867439257854], [35.202206094240836, 36.795867439257854], [35.202206094240836, 36.79532845008738], [35.20274508341129, 36.79532845008738], [35.20274508341129, 36.793711482575965], [35.202206094240836, 36.793711482575965], [35.202206094240836, 36.79317249340549], [35.20166710507036, 36.79317249340549], [35.20166710507036, 36.79263350423502], [35.202206094240836, 36.79263350423502], [35.202206094240836, 36.79209451506455], [35.20166710507036, 36.79209451506455], [35.20166710507036, 36.7910165367236], [35.20112811589988, 36.7910165367236], [35.20112811589988, 36.789938558382666], [35.200589126729426, 36.789938558382666], [35.200589126729426, 36.78832159087125], [35.20005013755895, 36.78832159087125], [35.20005013755895, 36.787782601700776], [35.200589126729426, 36.787782601700776], [35.200589126729426, 36.787243612530304], [35.20166710507036, 36.787243612530304], [35.20166710507036, 36.78670462335983], [35.20112811589988, 36.78670462335983], [35.20112811589988, 36.785087655848415]], [[35.203823061752246, 36.79263350423502], [35.203823061752246, 36.79317249340549], [35.203284072581766, 36.79317249340549], [35.203284072581766, 36.79263350423502], [35.203823061752246, 36.79263350423502]], [[35.203284072581766, 36.79047754755314], [35.203284072581766, 36.79209451506455], [35.20274508341129, 36.79209451506455], [35.20274508341129, 36.79047754755314], [35.203284072581766, 36.79047754755314]], [[35.202206094240836, 36.787243612530304], [35.202206094240836, 36.78832159087125], [35.20166710507036, 36.78832159087125], [35.20166710507036, 36.787243612530304], [35.202206094240836, 36.787243612530304]]]}, "id": "+399270+87598", "properties": {"area_ha": 26.751872501815456, "count": 93, "label": 1, "mean_dnbr": 0.4496284632517236}}, {"type": "Feature", "geometry": {"geodesic": false, "type": "Polygon", "coordinates": [[[35.20166710507036, 36.754904262302], [35.20274508341129, 36.754904262302], [35.20274508341129, 36.75544325147247], [35.203284072581766, 36.75544325147247], [35.203284072581766, 36.75598224064294], [35.204362050922725, 36.75598224064294], [35.204362050922725, 36.756521229813416], [35.204901040093176, 36.756521229813416], [35.204901040093176, 36.75706021898389], [35.205440029263656, 36.75706021898389], [35.205440029263656, 36.75759920815436], [35.204901040093176, 36.75759920815436], [35.204901040093176, 36.75706021898389], [35.203284072581766, 36.75706021898389], [35.203284072581766, 36.756521229813416], [35.20274508341129, 36.756521229813416], [35.20274508341129, 36.75598224064294], [35.202206094240836, 36.75598224064294], [35.202206094240836, 36.75544325147247], [35.20166710507036, 36.75544325147247], [35.20166710507036, 36.754904262302]]]}, "id": "+399270+87654", "properties": {"area_ha": 3.1656205957149983, "count": 11, "label": 1, "mean_dnbr": 0.27334575911948916}}, {"type": "Feature", "geometry": {"geodesic": false, "type": "Polygon", "coordinates": [[[35.202206094240836, 36.742507511381156], [35.20274508341129, 36.742507511381156], [35.20274508341129, 36.744124478892566], [35.19951114838847, 36.744124478892566], [35.19951114838847, 36.74304650055162], [35.20005013755895, 36.74304650055162], [35.20005013755895, 36.742507511381156], [35.20166710507036, 36.742507511381156], [35.20166710507036, 36.74304650055162], [35.202206094240836, 36.74304650055162], [35.202206094240836, 36.742507511381156]]]}, "id": "+399270+87677", "properties": {"area_ha": 4.605326639580978, "count": 16, "label": 1, "mean_dnbr": 0.23363671061324898}}, {"type": "Feature", "geometry": {"geodesic": false, "type": "Polygon", "coordinates": [[[35.20112811589988, 36.9397775477738], [35.203823061752246, 36.9397775477738], [35.203823061752246, 36.94031653694427], [35.204362050922725, 36.94031653694427], [35.204362050922725, 36.94301148279663], [35.20274508341129, 36.94301148279663], [35.20274508341129, 36.9435504719671], [35.20166710507036, 36.9435504719671], [35.20166710507036, 36.94301148279663], [35.20112811589988, 36.94301148279663], [35.20112811589988, 36.940855526114746], [35.200589126729426, 36.940855526114746], [35.200589126729426, 36.94031653694427], [35.20112811589988, 36.94031653694427], [35.20112811589988, 36.9397775477738]]]}, "id": "+399272+87311", "properties": {"area_ha": 10.909292120428054, "count": 38, "label": 1, "mean_dnbr": 0.6065793779831813}}, {"type": "Feature", "geometry": {"geodesic": false, "type": "Polygon", "coordinates": [[[35.203284072581766, 36.80880317934918], [35.203823061752246, 36.80880317934918], [35.203823061752246, 36.80934216851964], [35.204901040093176, 36.80934216851964], [35.204901040093176, 36.809881157690114], [35.205440029263656, 36.809881157690114], [35.205440029263656, 36.81042014686059], [35.205979018434135, 36.81042014686059], [35.205979018434135, 36.81095913603106], [35.206518007604615, 36.81095913603106], [35.206518007604615, 36.81149812520153], [35.207056996775066, 36.81149812520153], [35.207056996775066, 36.812576103542476], [35.206518007604615, 36.812576103542476], [35.206518007604615, 36.81311509271295], [35.205979018434135, 36.81311509271295], [35.205979018434135, 36.812576103542476], [35.205440029263656, 36.812576103542476], [35.205440029263656, 36.812037114372], [35.204362050922725, 36.812037114372], [35.204362050922725, 36.81149812520153], [35.203284072581766, 36.81149812520153], [35.203284072581766, 36.81095913603106], [35.20274508341129, 36.81095913603106], [35.20274508341129, 36.80934216851964], [35.203284072581766, 36.80934216851964], [35.203284072581766, 36.80880317934918]]]}, "id": "+399272+87554", "properties": {"area_ha": 8.914924359994247, "count": 31, "label": 1, "mean_dnbr": 0.30430558434990673}}, {"type": "Feature", "geometry": {"geodesic": false, "type": "Polygon", "coordinates": [[[35.202206094240836, 36.8158100385653], [35.204362050922725, 36.8158100385653], [35.204362050922725, 36.816349027735775], [35.204901040093176, 36.816349027735775], [35.204901040093176, 36.81688801690625], [35.205979018434135, 36.81688801690625], [35.205979018434135, 36.81742700607672], [35.207056996775066, 36.81742700607672], [35.207056996775066, 36.81796599524719], [35.207595985945545, 36.81796599524719], [35.207595985945545, 36.818504984417665], [35.209212953456955, 36.818504984417665], [35.209212953456955, 36.81904397358814], [35.208673964286476, 36.81904397358814], [35.208673964286476, 36.81958296275861], [35.208134975116025, 36.81958296275861], [35.208134975116025, 36.82012195192908], [35.207595985945545, 36.82012195192908], [35.207595985945545, 36.820660941099554], [35.207056996775066, 36.820660941099554], [35.207056996775066, 36.82119993027002], [35.204901040093176, 36.82119993027002], [35.204901040093176, 36.81796599524719], [35.204362050922725, 36.81796599524719], [35.204362050922725, 36.81742700607672], [35.203823061752246, 36.81742700607672], [35.203823061752246, 36.81688801690625], [35.20274508341129, 36.81688801690625], [35.20274508341129, 36.816349027735775], [35.202206094240836, 36.816349027735775], [35.202206094240836, 36.8158100385653]]]}, "id": "+399273+87541", "properties": {"area_ha": 14.952553465373029, "count": 52, "label": 1, "mean_dnbr": 0.387659689949478}}, {"type": "Feature", "geometry": {"geodesic": false, "type": "Polygon", "coordinates": [[[35.204901040093176, 36.70316130193672], [35.205979018434135, 36.70316130193672], [35.205979018434135, 36.70370029110719], [35.206518007604615, 36.70370029110719], [35.206518007604615, 36.70423928027766], [35.205979018434135, 36.70423928027766], [35.205979018434135, 36.704778269448134], [35.203823061752246, 36.704778269448134], [35.203823061752246, 36.70370029110719], [35.204901040093176, 36.70370029110719], [35.204901040093176, 36.70316130193672]]]}, "id": "+399276+87750", "properties": {"area_ha": 3.1677746226687113, "count": 11, "label": 1, "mean_dnbr": 0.20204059113446665}}, {"type": "Feature", "geometry": {"geodesic": false, "type": "Polygon", "coordinates": [[[35.205979018434135, 37.01254108578748], [35.207056996775066, 37.01254108578748], [35.207056996775066, 37.01361906412843], [35.207595985945545, 37.01361906412843], [35.207595985945545, 37.01577502081031], [35.206518007604615, 37.01577502081031], [35.206518007604615, 37.01415805329889], [35.205979018434135, 37.01415805329889], [35.205979018434135, 37.01254108578748]]]}, "id": "+399278+87176", "properties": {"area_ha": 3.728569140671417, "count": 13, "label": 1, "mean_dnbr": 0.3800923574748559}}, {"type": "Feature", "geometry": {"geodesic": false, "type": "Polygon", "coordinates": [[[35.206518007604615, 36.77161292658663], [35.207056996775066, 36.77161292658663], [35.207056996775066, 36.7721519157571], [35.207595985945545, 36.7721519157571], [35.207595985945545, 36.77269090492757], [35.208673964286476, 36.77269090492757], [35.208673964286476, 36.77322989409804], [35.209212953456955, 36.77322989409804], [35.209212953456955, 36.77376888326851], [35.209751942627435, 36.77376888326851], [35.209751942627435, 36.77430787243898], [35.210290931797914, 36.77430787243898], [35.210290931797914, 36.774846861609454], [35.210829920968365, 36.774846861609454], [35.210829920968365, 36.7759248399504], [35.210290931797914, 36.7759248399504], [35.210290931797914, 36.77538585077993], [35.209751942627435, 36.77538585077993], [35.209751942627435, 36.774846861609454], [35.208673964286476, 36.774846861609454], [35.208673964286476, 36.77376888326851], [35.207595985945545, 36.77376888326851], [35.207595985945545, 36.77322989409804], [35.207056996775066, 36.77322989409804], [35.207056996775066, 36.7721519157571], [35.206518007604615, 36.7721519157571], [35.206518007604615, 36.77161292658663]]]}, "id": "+399278+87623", "properties": {"area_ha": 4.603479148523875, "count": 16, "label": 1, "mean_dnbr": 0.3600271050605173}}, {"type": "Feature", "geometry": {"geodesic": false, "type": "Polygon", "coordinates": [[[35.207056996775066, 36.73711761967643], [35.207595985945545, 36.73711761967643], [35.207595985945545, 36.737656608846905], [35.208134975116025, 36.737656608846905], [35.208134975116025, 36.73927357635832], [35.208673964286476, 36.73927357635832], [35.208673964286476, 36.74035155469927], [35.207056996775066, 36.74035155469927], [35.207056996775066, 36.73711761967643]]]}, "id": "+399279+87687", "properties": {"area_ha": 3.7420276461463575, "count": 13, "label": 1, "mean_dnbr": 0.2132077738680176}}, {"type": "Feature", "geometry": {"geodesic": false, "type": "Polygon", "coordinates": [[[35.205440029263656, 36.63470967728681], [35.207595985945545, 36.63470967728681], [35.207595985945545, 36.63524866645728], [35.208134975116025, 36.63524866645728], [35.208134975116025, 36.63578765562775], [35.208673964286476, 36.63578765562775], [35.208673964286476, 36.636326644798224], [35.208134975116025, 36.636326644798224], [35.208134975116025, 36.636865633968696], [35.207595985945545, 36.636865633968696], [35.207595985945545, 36.63794361230964], [35.205440029263656, 36.63794361230964], [35.205440029263656, 36.63740462313917], [35.204901040093176, 36.63740462313917], [35.204901040093176, 36.636865633968696], [35.205979018434135, 36.636865633968696], [35.205979018434135, 36.63578765562775], [35.205440029263656, 36.63578765562775], [35.205440029263656, 36.636326644798224], [35.203823061752246, 36.636326644798224], [35.203823061752246, 36.63578765562775], [35.204901040093176, 36.63578765562775], [35.204901040093176, 36.63524866645728], [35.205440029263656, 36.63524866645728], [35.205440029263656, 36.63470967728681]]]}, "id": "+399279+87877", "properties": {"area_ha": 8.935220840781033, "count": 31, "label": 1, "mean_dnbr": 0.46379823391449454}}, {"type": "Feature", "geometry": {"geodesic": false, "type": "Polygon", "coordinates": [[[35.207595985945545, 36.863780074737285], [35.208673964286476, 36.863780074737285], [35.208673964286476, 36.86431906390776], [35.209212953456955, 36.86431906390776], [35.209212953456955, 36.865936031419174], [35.208673964286476, 36.865936031419174], [35.208673964286476, 36.86647502058965], [35.207595985945545, 36.86647502058965], [35.207595985945545, 36.865936031419174], [35.207056996775066, 36.865936031419174], [35.207056996775066, 36.86431906390776], [35.207595985945545, 36.86431906390776], [35.207595985945545, 36.863780074737285]]]}, "id": "+399281+87452", "properties": {"area_ha": 4.597990691984091, "count": 16, "label": 1, "mean_dnbr": 0.3456490771974605}}, {"type": "Feature", "geometry": {"geodesic": false, "type": "Polygon", "coordinates": [[[35.207595985945545, 36.8503053454755], [35.208673964286476, 36.8503053454755], [35.208673964286476, 36.851383323816435], [35.208134975116025, 36.851383323816435], [35.208134975116025, 36.85192231298691], [35.207595985945545, 36.85192231298691], [35.207595985945545, 36.85246130215738], [35.205979018434135, 36.85246130215738], [35.205979018434135, 36.851383323816435], [35.206518007604615, 36.851383323816435], [35.206518007604615, 36.85084433464597], [35.207595985945545, 36.85084433464597], [35.207595985945545, 36.8503053454755]]]}, "id": "+399281+87477", "properties": {"area_ha": 3.7365375964316807, "count": 13, "label": 1, "mean_dnbr": 0.18695174362340714}}, {"type": "Feature", "geometry": {"geodesic": false, "type": "Polygon", "coordinates": [[[35.207056996775066, 36.87402086897625], [35.209212953456955, 36.87402086897625], [35.209212953456955, 36.874559858146725], [35.208673964286476, 36.874559858146725], [35.208673964286476, 36.8750988473172], [35.206518007604615, 36.8750988473172], [35.206518007604615, 36.87563783648766], [35.205440029263656, 36.87563783648766], [35.205440029263656, 36.876176825658135], [35.204362050922725, 36.876176825658135], [35.204362050922725, 36.87671581482861], [35.203284072581766, 36.87671581482861], [35.203284072581766, 36.876176825658135], [35.203823061752246, 36.876176825658135], [35.203823061752246, 36.87563783648766], [35.205440029263656, 36.87563783648766], [35.205440029263656, 36.8750988473172], [35.206518007604615, 36.8750988473172], [35.206518007604615, 36.874559858146725], [35.207056996775066, 36.874559858146725], [35.207056996775066, 36.87402086897625]]]}, "id": "+399282+87433", "properties": {"area_ha": 4.3100473003855875, "count": 15, "label": 1, "mean_dnbr": 0.16966559479318521}}, {"type": "Feature", "geometry": {"geodesic": false, "type": "Polygon", "coordinates": [[[35.212985877650254, 37.021164912515026], [35.212985877650254, 37.0217039016855], [35.211907899309324, 37.0217039016855], [35.211907899309324, 37.02224289085597], [35.209212953456955, 37.02224289085597], [35.209212953456955, 37.02278188002644], [35.208134975116025, 37.02278188002644], [35.208134975116025, 37.02224289085597], [35.207595985945545, 37.02224289085597], [35.207595985945545, 37.020625923344554], [35.207056996775066, 37.020625923344554], [35.207056996775066, 37.019008955833144], [35.209751942627435, 37.019008955833144], [35.209751942627435, 37.02008693417408], [35.210290931797914, 37.02008693417408], [35.210290931797914, 37.020625923344554], [35.211368910138845, 37.020625923344554], [35.211368910138845, 37.02008693417408], [35.213524866820734, 37.02008693417408], [35.213524866820734, 37.020625923344554], [35.21406385599121, 37.020625923344554], [35.21406385599121, 37.021164912515026], [35.212985877650254, 37.021164912515026]], [[35.208134975116025, 37.02008693417408], [35.208134975116025, 37.020625923344554], [35.207595985945545, 37.020625923344554], [35.207595985945545, 37.02008693417408], [35.208134975116025, 37.02008693417408]]]}, "id": "+399283+87164", "properties": {"area_ha": 14.626161538984693, "count": 51, "label": 1, "mean_dnbr": 0.36619914946033477}}, {"type": "Feature", "geometry": {"geodesic": false, "type": "Polygon", "coordinates": [[[35.208673964286476, 36.79802339593974], [35.209751942627435, 36.79802339593974], [35.209751942627435, 36.79856238511021], [35.210290931797914, 36.79856238511021], [35.210290931797914, 36.79910137428068], [35.210829920968365, 36.79910137428068], [35.210829920968365, 36.799640363451154], [35.211368910138845, 36.799640363451154], [35.211368910138845, 36.800179352621626], [35.211907899309324, 36.800179352621626], [35.211907899309324, 36.8007183417921], [35.2124468884798, 36.8007183417921], [35.2124468884798, 36.80125733096257], [35.211907899309324, 36.80125733096257], [35.211907899309324, 36.80179632013304], [35.210829920968365, 36.80179632013304], [35.210829920968365, 36.80125733096257], [35.210290931797914, 36.80125733096257], [35.210290931797914, 36.8007183417921], [35.209751942627435, 36.8007183417921], [35.209751942627435, 36.80125733096257], [35.209212953456955, 36.80125733096257], [35.209212953456955, 36.800179352621626], [35.208134975116025, 36.800179352621626], [35.208134975116025, 36.799640363451154], [35.207595985945545, 36.799640363451154], [35.207595985945545, 36.79910137428068], [35.208134975116025, 36.79910137428068], [35.208134975116025, 36.79856238511021], [35.208673964286476, 36.79856238511021], [35.208673964286476, 36.79802339593974]]]}, "id": "+399283+87574", "properties": {"area_ha": 8.628584233926139, "count": 30, "label": 1, "mean_dnbr": 0.27688288974889}}, {"type": "Feature", "geometry": {"geodesic": false, "type": "Polygon", "coordinates": [[[35.207056996775066, 36.89342447911323], [35.210290931797914, 36.89342447911323], [35.210290931797914, 36.89558043579512], [35.210829920968365, 36.89558043579512], [35.210829920968365, 36.89773639247701], [35.209751942627435, 36.89773639247701], [35.209751942627435, 36.897197403306535], [35.207056996775066, 36.897197403306535], [35.207056996775066, 36.89665841413606], [35.206518007604615, 36.89665841413606], [35.206518007604615, 36.8939634682837], [35.207056996775066, 36.8939634682837], [35.207056996775066, 36.89342447911323]]]}, "id": "+399284+87397", "properties": {"area_ha": 14.937527054754336, "count": 52, "label": 1, "mean_dnbr": 0.5894281565608231}}, {"type": "Feature", "geometry": {"geodesic": false, "type": "Polygon", "coordinates": [[[35.209751942627435, 36.83898657289559], [35.210290931797914, 36.83898657289559], [35.210290931797914, 36.83952556206606], [35.210829920968365, 36.83952556206606], [35.210829920968365, 36.840603540407], [35.210290931797914, 36.840603540407], [35.210290931797914, 36.841142529577475], [35.209212953456955, 36.841142529577475], [35.209212953456955, 36.840603540407], [35.208673964286476, 36.840603540407], [35.208673964286476, 36.84006455123653], [35.208134975116025, 36.84006455123653], [35.208134975116025, 36.83952556206606], [35.208673964286476, 36.83952556206606], [35.208673964286476, 36.83898657289559], [35.209212953456955, 36.83898657289559], [35.209212953456955, 36.83952556206606], [35.209751942627435, 36.83952556206606], [35.209751942627435, 36.83898657289559]]]}, "id": "+399284+87498", "properties": {"area_ha": 3.7370941695837785, "count": 13, "label": 1, "mean_dnbr": 0.5818472057120261}}, {"type": "Feature", "geometry": {"geodesic": false, "type": "Polygon", "coordinates": [[[35.213524866820734, 36.944628450308045], [35.212985877650254, 36.944628450308045], [35.212985877650254, 36.94570642864899], [35.211907899309324, 36.94570642864899], [35.211907899309324, 36.94624541781946], [35.211368910138845, 36.94624541781946], [35.211368910138845, 36.946784406989934], [35.209751942627435, 36.946784406989934], [35.209751942627435, 36.94624541781946], [35.209212953456955, 36.94624541781946], [35.209212953456955, 36.94732339616041], [35.209751942627435, 36.94732339616041], [35.209751942627435, 36.94786238533087], [35.208673964286476, 36.94786238533087], [35.208673964286476, 36.950557331183234], [35.208134975116025, 36.950557331183234], [35.208134975116025, 36.951096320353706], [35.207595985945545, 36.951096320353706], [35.207595985945545, 36.95217429869465], [35.207056996775066, 36.95217429869465], [35.207056996775066, 36.95271328786512], [35.206518007604615, 36.95271328786512], [35.206518007604615, 36.95379126620606], [35.204901040093176, 36.95379126620606], [35.204901040093176, 36.95271328786512], [35.204362050922725, 36.95271328786512], [35.204362050922725, 36.953252277035595], [35.203823061752246, 36.953252277035595], [35.203823061752246, 36.95271328786512], [35.204362050922725, 36.95271328786512], [35.204362050922725, 36.950557331183234], [35.204901040093176, 36.950557331183234], [35.204901040093176, 36.94947935284229], [35.205440029263656, 36.94947935284229], [35.205440029263656, 36.94786238533087], [35.205979018434135, 36.94786238533087], [35.205979018434135, 36.94732339616041], [35.206518007604615, 36.94732339616041], [35.206518007604615, 36.946784406989934], [35.207056996775066, 36.946784406989934], [35.207056996775066, 36.94624541781946], [35.208134975116025, 36.94624541781946], [35.208134975116025, 36.94516743947852], [35.209212953456955, 36.94516743947852], [35.209212953456955, 36.944628450308045], [35.210290931797914, 36.944628450308045], [35.210290931797914, 36.94301148279663], [35.209751942627435, 36.94301148279663], [35.209751942627435, 36.942472493626155], [35.207056996775066, 36.942472493626155], [35.207056996775066, 36.94139451528522], [35.208673964286476, 36.94139451528522], [35.208673964286476, 36.94193350445568], [35.210829920968365, 36.94193350445568], [35.210829920968365, 36.94139451528522], [35.211368910138845, 36.94139451528522], [35.211368910138845, 36.940855526114746], [35.211907899309324, 36.940855526114746], [35.211907899309324, 36.93923855860333], [35.2124468884798, 36.93923855860333], [35.2124468884798, 36.9397775477738], [35.213524866820734, 36.9397775477738], [35.213524866820734, 36.94031653694427], [35.214602845161664, 36.94031653694427], [35.214602845161664, 36.940855526114746], [35.215141834332144, 36.940855526114746], [35.215141834332144, 36.942472493626155], [35.214602845161664, 36.942472493626155], [35.214602845161664, 36.94301148279663], [35.21406385599121, 36.94301148279663], [35.21406385599121, 36.9435504719671], [35.215141834332144, 36.9435504719671], [35.215141834332144, 36.94408946113757], [35.21568082350262, 36.94408946113757], [35.21568082350262, 36.94516743947852], [35.2162198126731, 36.94516743947852], [35.2162198126731, 36.94570642864899], [35.216758801843554, 36.94570642864899], [35.216758801843554, 36.94624541781946], [35.21729779101403, 36.94624541781946], [35.21729779101403, 36.946784406989934], [35.2162198126731, 36.946784406989934], [35.2162198126731, 36.94570642864899], [35.21568082350262, 36.94570642864899], [35.21568082350262, 36.94516743947852], [35.215141834332144, 36.94516743947852], [35.215141834332144, 36.944628450308045], [35.214602845161664, 36.944628450308045], [35.214602845161664, 36.94408946113757], [35.213524866820734, 36.94408946113757], [35.213524866820734, 36.944628450308045]]]}, "id": "+399288+87312", "properties": {"area_ha": 53.1078623949041, "count": 185, "label": 1, "mean_dnbr": 0.4195519655218341}}, {"type": "Feature", "geometry": {"geodesic": false, "type": "Polygon", "coordinates": [[[35.210290931797914, 36.71825299870993], [35.2124468884798, 36.71825299870993], [35.2124468884798, 36.719330977050866], [35.208134975116025, 36.719330977050866], [35.208134975116025, 36.71986996622134], [35.206518007604615, 36.71986996622134], [35.206518007604615, 36.719330977050866], [35.207056996775066, 36.719330977050866], [35.207056996775066, 36.718791987880394], [35.210290931797914, 36.718791987880394], [35.210290931797914, 36.71825299870993]]]}, "id": "+399288+87722", "properties": {"area_ha": 4.894718353657504, "count": 17, "label": 1, "mean_dnbr": 0.26998769609936724}}, {"type": "Feature", "geometry": {"geodesic": false, "type": "Polygon", "coordinates": [[[35.211907899309324, 36.851383323816435], [35.212985877650254, 36.851383323816435], [35.212985877650254, 36.85246130215738], [35.211368910138845, 36.85246130215738], [35.211368910138845, 36.85300029132785], [35.210829920968365, 36.85300029132785], [35.210829920968365, 36.853539280498325], [35.208134975116025, 36.853539280498325], [35.208134975116025, 36.8540782696688], [35.207595985945545, 36.8540782696688], [35.207595985945545, 36.853539280498325], [35.208134975116025, 36.853539280498325], [35.208134975116025, 36.85300029132785], [35.208673964286476, 36.85300029132785], [35.208673964286476, 36.85246130215738], [35.210829920968365, 36.85246130215738], [35.210829920968365, 36.85192231298691], [35.211907899309324, 36.85192231298691], [35.211907899309324, 36.851383323816435]]]}, "id": "+399289+87475", "properties": {"area_ha": 4.8861674339022185, "count": 17, "label": 1, "mean_dnbr": 0.3280406869484505}}, {"type": "Feature", "geometry": {"geodesic": false, "type": "Polygon", "coordinates": [[[35.2124468884798, 36.74304650055162], [35.212985877650254, 36.74304650055162], [35.212985877650254, 36.74358548972209], [35.213524866820734, 36.74358548972209], [35.213524866820734, 36.74466346806304], [35.210829920968365, 36.74466346806304], [35.210829920968365, 36.74520245723351], [35.208673964286476, 36.74520245723351], [35.208673964286476, 36.74466346806304], [35.209212953456955, 36.74466346806304], [35.209212953456955, 36.744124478892566], [35.210829920968365, 36.744124478892566], [35.210829920968365, 36.74358548972209], [35.2124468884798, 36.74358548972209], [35.2124468884798, 36.74304650055162]]]}, "id": "+399289+87676", "properties": {"area_ha": 5.180921954170972, "count": 18, "label": 1, "mean_dnbr": 0.40288018269937187}}, {"type": "Feature", "geometry": {"geodesic": false, "type": "Polygon", "coordinates": [[[35.213524866820734, 36.824972854463326], [35.212985877650254, 36.824972854463326], [35.212985877650254, 36.8255118436338], [35.213524866820734, 36.8255118436338], [35.213524866820734, 36.82658982197474], [35.212985877650254, 36.82658982197474], [35.212985877650254, 36.82712881114521], [35.211368910138845, 36.82712881114521], [35.211368910138845, 36.82605083280427], [35.210829920968365, 36.82605083280427], [35.210829920968365, 36.82389487612238], [35.211907899309324, 36.82389487612238], [35.211907899309324, 36.82335588695191], [35.2124468884798, 36.82335588695191], [35.2124468884798, 36.822816897781436], [35.213524866820734, 36.822816897781436], [35.213524866820734, 36.82173891944049], [35.214602845161664, 36.82173891944049], [35.214602845161664, 36.822277908610964], [35.21568082350262, 36.822277908610964], [35.21568082350262, 36.82335588695191], [35.214602845161664, 36.82335588695191], [35.214602845161664, 36.82389487612238], [35.213524866820734, 36.82389487612238], [35.213524866820734, 36.824972854463326]]]}, "id": "+399292+87530", "properties": {"area_ha": 12.363678376374777, "count": 43, "label": 1, "mean_dnbr": 0.4027952852349729}}, {"type": "Feature", "geometry": {"geodesic": false, "type": "Polygon", "coordinates": [[[35.212985877650254, 36.953252277035595], [35.212985877650254, 36.95271328786512], [35.2124468884798, 36.95271328786512], [35.2124468884798, 36.95163530952418], [35.212985877650254, 36.95163530952418], [35.212985877650254, 36.951096320353706], [35.21568082350262, 36.951096320353706], [35.21568082350262, 36.95163530952418], [35.215141834332144, 36.95163530952418], [35.215141834332144, 36.95271328786512], [35.214602845161664, 36.95271328786512], [35.214602845161664, 36.953252277035595], [35.212985877650254, 36.953252277035595]]]}, "id": "+399294+87290", "properties": {"area_ha": 5.1668362766718365, "count": 18, "label": 1, "mean_dnbr": 0.44347941812897423}}, {"type": "Feature", "geometry": {"geodesic": false, "type": "Polygon", "coordinates": [[[35.21406385599121, 36.8540782696688], [35.21568082350262, 36.8540782696688], [35.21568082350262, 36.85461725883927], [35.2162198126731, 36.85461725883927], [35.2162198126731, 36.855695237180214], [35.216758801843554, 36.855695237180214], [35.216758801843554, 36.856234226350686], [35.21568082350262, 36.856234226350686], [35.21568082350262, 36.855695237180214], [35.215141834332144, 36.855695237180214], [35.215141834332144, 36.85515624800974], [35.21406385599121, 36.85515624800974], [35.21406385599121, 36.8540782696688]]]}, "id": "+399294+87470", "properties": {"area_ha": 3.161534852383228, "count": 11, "label": 1, "mean_dnbr": 0.37343283332458527}}, {"type": "Feature", "geometry": {"geodesic": false, "type": "Polygon", "coordinates": [[[35.212985877650254, 36.646567439037184], [35.212985877650254, 36.64548946069625], [35.2124468884798, 36.64548946069625], [35.2124468884798, 36.6444114823553], [35.211907899309324, 36.6444114823553], [35.211907899309324, 36.64387249318483], [35.211368910138845, 36.64387249318483], [35.211368910138845, 36.64333350401436], [35.210290931797914, 36.64333350401436], [35.210290931797914, 36.64387249318483], [35.209751942627435, 36.64387249318483], [35.209751942627435, 36.64333350401436], [35.208673964286476, 36.64333350401436], [35.208673964286476, 36.642794514843885], [35.208134975116025, 36.642794514843885], [35.208134975116025, 36.64171653650294], [35.208673964286476, 36.64171653650294], [35.208673964286476, 36.64117754733247], [35.209751942627435, 36.64117754733247], [35.209751942627435, 36.640638558161996], [35.210829920968365, 36.640638558161996], [35.210829920968365, 36.63956057982106], [35.211368910138845, 36.63956057982106], [35.211368910138845, 36.640638558161996], [35.211907899309324, 36.640638558161996], [35.211907899309324, 36.64117754733247], [35.212985877650254, 36.64117754733247], [35.212985877650254, 36.64171653650294], [35.213524866820734, 36.64171653650294], [35.213524866820734, 36.64117754733247], [35.214602845161664, 36.64117754733247], [35.214602845161664, 36.640638558161996], [35.21568082350262, 36.640638558161996], [35.21568082350262, 36.63956057982106], [35.214602845161664, 36.63956057982106], [35.214602845161664, 36.639021590650586], [35.21406385599121, 36.639021590650586], [35.21406385599121, 36.63848260148011], [35.214602845161664, 36.63848260148011], [35.214602845161664, 36.63740462313917], [35.215141834332144, 36.63740462313917], [35.215141834332144, 36.636865633968696], [35.21568082350262, 36.636865633968696], [35.21568082350262, 36.63740462313917], [35.2162198126731, 36.63740462313917], [35.2162198126731, 36.63848260148011], [35.216758801843554, 36.63848260148011], [35.216758801843554, 36.640638558161996], [35.21729779101403, 36.640638558161996], [35.21729779101403, 36.642794514843885], [35.216758801843554, 36.642794514843885], [35.216758801843554, 36.64333350401436], [35.21729779101403, 36.64333350401436], [35.21729779101403, 36.644950471525775], [35.21568082350262, 36.644950471525775], [35.21568082350262, 36.64548946069625], [35.2162198126731, 36.64548946069625], [35.2162198126731, 36.64602844986672], [35.21568082350262, 36.64602844986672], [35.21568082350262, 36.646567439037184], [35.215141834332144, 36.646567439037184], [35.215141834332144, 36.64710642820766], [35.213524866820734, 36.64710642820766], [35.213524866820734, 36.646567439037184], [35.212985877650254, 36.646567439037184]], [[35.214602845161664, 36.642794514843885], [35.214602845161664, 36.64333350401436], [35.21406385599121, 36.64333350401436], [35.21406385599121, 36.642794514843885], [35.214602845161664, 36.642794514843885]]]}, "id": "+399294+87873", "properties": {"area_ha": 41.79036102270197, "count": 145, "label": 1, "mean_dnbr": 0.3195016184381553}}, {"type": "Feature", "geometry": {"geodesic": false, "type": "Polygon", "coordinates": [[[35.213524866820734, 36.77808079663229], [35.2162198126731, 36.77808079663229], [35.2162198126731, 36.77861978580276], [35.216758801843554, 36.77861978580276], [35.216758801843554, 36.779158774973226], [35.21783678018451, 36.779158774973226], [35.21783678018451, 36.781314731655115], [35.216758801843554, 36.781314731655115], [35.216758801843554, 36.78077574248464], [35.21568082350262, 36.78077574248464], [35.21568082350262, 36.78023675331417], [35.214602845161664, 36.78023675331417], [35.214602845161664, 36.7796977641437], [35.21406385599121, 36.7796977641437], [35.21406385599121, 36.779158774973226], [35.213524866820734, 36.779158774973226], [35.213524866820734, 36.77808079663229]]]}, "id": "+399295+87611", "properties": {"area_ha": 8.630872755714702, "count": 30, "label": 1, "mean_dnbr": 0.5509679442490887}}, {"type": "Feature", "geometry": {"geodesic": false, "type": "Polygon", "coordinates": [[[35.21568082350262, 36.6939984860387], [35.2162198126731, 36.6939984860387], [35.2162198126731, 36.69507646437964], [35.216758801843554, 36.69507646437964], [35.216758801843554, 36.69453747520917], [35.21729779101403, 36.69453747520917], [35.21729779101403, 36.69561545355011], [35.216758801843554, 36.69561545355011], [35.216758801843554, 36.696154442720584], [35.21729779101403, 36.696154442720584], [35.21729779101403, 36.696693431891056], [35.21568082350262, 36.696693431891056], [35.21568082350262, 36.6939984860387]]]}, "id": "+399295+87767", "properties": {"area_ha": 3.1681233961541846, "count": 11, "label": 1, "mean_dnbr": 0.2279782971894098}}, {"type": "Feature", "geometry": {"geodesic": false, "type": "Polygon", "coordinates": [[[35.212985877650254, 37.019008955833144], [35.212985877650254, 37.01846996666267], [35.216758801843554, 37.01846996666267], [35.216758801843554, 37.019008955833144], [35.21783678018451, 37.019008955833144], [35.21783678018451, 37.019547945003616], [35.22053172603685, 37.019547945003616], [35.22053172603685, 37.02008693417408], [35.22214869354829, 37.02008693417408], [35.22214869354829, 37.020625923344554], [35.21945374769592, 37.020625923344554], [35.21945374769592, 37.02008693417408], [35.21729779101403, 37.02008693417408], [35.21729779101403, 37.019547945003616], [35.213524866820734, 37.019547945003616], [35.213524866820734, 37.019008955833144], [35.212985877650254, 37.019008955833144]]]}, "id": "+399296+87165", "properties": {"area_ha": 7.456618702466779, "count": 26, "label": 1, "mean_dnbr": 0.3205624650936372}}, {"type": "Feature", "geometry": {"geodesic": false, "type": "Polygon", "coordinates": [[[35.2162198126731, 36.849766356305025], [35.21729779101403, 36.849766356305025], [35.21729779101403, 36.8503053454755], [35.21783678018451, 36.8503053454755], [35.21783678018451, 36.85084433464597], [35.21837576935499, 36.85084433464597], [35.21837576935499, 36.85300029132785], [35.21783678018451, 36.85300029132785], [35.21783678018451, 36.85246130215738], [35.21729779101403, 36.85246130215738], [35.21729779101403, 36.851383323816435], [35.216758801843554, 36.851383323816435], [35.216758801843554, 36.85084433464597], [35.2162198126731, 36.85084433464597], [35.2162198126731, 36.849766356305025]]]}, "id": "+399297+87478", "properties": {"area_ha": 3.7365478090004567, "count": 13, "label": 1, "mean_dnbr": 0.3221219036991157}}, {"type": "Feature", "geometry": {"geodesic": false, "type": "Polygon", "coordinates": [[[35.21729779101403, 36.971577908831634], [35.21891475852544, 36.971577908831634], [35.21891475852544, 36.973194876343044], [35.2199927368664, 36.973194876343044], [35.2199927368664, 36.973733865513516], [35.21891475852544, 36.973733865513516], [35.21891475852544, 36.97481184385446], [35.21729779101403, 36.97481184385446], [35.21729779101403, 36.971577908831634]]]}, "id": "+399300+87252", "properties": {"area_ha": 5.739347138301004, "count": 20, "label": 1, "mean_dnbr": 0.541566683221531}}, {"type": "Feature", "geometry": {"geodesic": false, "type": "Polygon", "coordinates": [[[35.21945374769592, 36.78400967750748], [35.2199927368664, 36.78400967750748], [35.2199927368664, 36.785087655848415], [35.22053172603685, 36.785087655848415], [35.22053172603685, 36.78616563418936], [35.22107071520733, 36.78616563418936], [35.22107071520733, 36.78670462335983], [35.22053172603685, 36.78670462335983], [35.22053172603685, 36.787243612530304], [35.22107071520733, 36.787243612530304], [35.22107071520733, 36.787782601700776], [35.21945374769592, 36.787782601700776], [35.21945374769592, 36.787243612530304], [35.21891475852544, 36.787243612530304], [35.21891475852544, 36.78670462335983], [35.21837576935499, 36.78670462335983], [35.21837576935499, 36.78616563418936], [35.21783678018451, 36.78616563418936], [35.21783678018451, 36.785087655848415], [35.21729779101403, 36.785087655848415], [35.21729779101403, 36.78454866667795], [35.216758801843554, 36.78454866667795], [35.216758801843554, 36.78400967750748], [35.21837576935499, 36.78400967750748], [35.21837576935499, 36.78454866667795], [35.21945374769592, 36.78454866667795], [35.21945374769592, 36.78400967750748]]]}, "id": "+399302+87600", "properties": {"area_ha": 8.630177661819976, "count": 30, "label": 1, "mean_dnbr": 0.26583502417297283}}, {"type": "Feature", "geometry": {"geodesic": false, "type": "Polygon", "coordinates": [[[35.2199927368664, 36.68914758350445], [35.22053172603685, 36.68914758350445], [35.22053172603685, 36.68968657267492], [35.22107071520733, 36.68968657267492], [35.22107071520733, 36.69130354018634], [35.22214869354829, 36.69130354018634], [35.22214869354829, 36.692381518527284], [35.22160970437781, 36.692381518527284], [35.22160970437781, 36.69184252935681], [35.22107071520733, 36.69184252935681], [35.22107071520733, 36.692381518527284], [35.22053172603685, 36.692381518527284], [35.22053172603685, 36.69184252935681], [35.22107071520733, 36.69184252935681], [35.22107071520733, 36.69130354018634], [35.2199927368664, 36.69130354018634], [35.2199927368664, 36.69076455101587], [35.21945374769592, 36.69076455101587], [35.21945374769592, 36.68968657267492], [35.2199927368664, 36.68968657267492], [35.2199927368664, 36.68914758350445]], [[35.22053172603685, 36.690225561845395], [35.22053172603685, 36.69076455101587], [35.2199927368664, 36.69076455101587], [35.2199927368664, 36.690225561845395], [35.22053172603685, 36.690225561845395]]]}, "id": "+399303+87776", "properties": {"area_ha": 3.4563445163717303, "count": 12, "label": 1, "mean_dnbr": 0.19905338580318022}}, {"type": "Feature", "geometry": {"geodesic": false, "type": "Polygon", "coordinates": [[[35.22160970437781, 36.79047754755314], [35.22268768271874, 36.79047754755314], [35.22268768271874, 36.7910165367236], [35.22322667188922, 36.7910165367236], [35.22322667188922, 36.791555525894076], [35.22430465023018, 36.791555525894076], [35.22430465023018, 36.79263350423502], [35.22484363940063, 36.79263350423502], [35.22484363940063, 36.79317249340549], [35.22538262857111, 36.79317249340549], [35.22538262857111, 36.79263350423502], [35.22807757442348, 36.79263350423502], [35.22807757442348, 36.79317249340549], [35.22861656359393, 36.79317249340549], [35.22861656359393, 36.793711482575965], [35.227538585253, 36.793711482575965], [35.227538585253, 36.79425047174644], [35.22699959608252, 36.79425047174644], [35.22699959608252, 36.79640642842833], [35.227538585253, 36.79640642842833], [35.227538585253, 36.795867439257854], [35.23023353110537, 36.795867439257854], [35.23023353110537, 36.79532845008738], [35.23238948778723, 36.79532845008738], [35.23238948778723, 36.79478946091691], [35.23292847695771, 36.79478946091691], [35.23292847695771, 36.79317249340549], [35.23400645529867, 36.79317249340549], [35.23400645529867, 36.79478946091691], [35.23346746612819, 36.79478946091691], [35.23346746612819, 36.795867439257854], [35.23292847695771, 36.795867439257854], [35.23292847695771, 36.79856238511021], [35.23238948778723, 36.79856238511021], [35.23238948778723, 36.79802339593974], [35.23185049861678, 36.79802339593974], [35.23185049861678, 36.797484406769264], [35.2313115094463, 36.797484406769264], [35.2313115094463, 36.79802339593974], [35.23077252027582, 36.79802339593974], [35.23077252027582, 36.79856238511021], [35.22969454193489, 36.79856238511021], [35.22969454193489, 36.79910137428068], [35.227538585253, 36.79910137428068], [35.227538585253, 36.799640363451154], [35.22699959608252, 36.799640363451154], [35.22699959608252, 36.800179352621626], [35.22538262857111, 36.800179352621626], [35.22538262857111, 36.8007183417921], [35.22430465023018, 36.8007183417921], [35.22430465023018, 36.799640363451154], [35.2237656610597, 36.799640363451154], [35.2237656610597, 36.79856238511021], [35.22322667188922, 36.79856238511021], [35.22322667188922, 36.797484406769264], [35.22430465023018, 36.797484406769264], [35.22430465023018, 36.79694541759879], [35.22592161774159, 36.79694541759879], [35.22592161774159, 36.79640642842833], [35.22646060691204, 36.79640642842833], [35.22646060691204, 36.795867439257854], [35.22592161774159, 36.795867439257854], [35.22592161774159, 36.79478946091691], [35.22484363940063, 36.79478946091691], [35.22484363940063, 36.79425047174644], [35.22430465023018, 36.79425047174644], [35.22430465023018, 36.793711482575965], [35.2237656610597, 36.793711482575965], [35.2237656610597, 36.79263350423502], [35.22268768271874, 36.79263350423502], [35.22268768271874, 36.791555525894076], [35.22160970437781, 36.791555525894076], [35.22160970437781, 36.79047754755314]]]}, "id": "+399307+87588", "properties": {"area_ha": 43.72019676900974, "count": 152, "label": 1, "mean_dnbr": 0.47327454066832975}}, {"type": "Feature", "geometry": {"geodesic": false, "type": "Polygon", "coordinates": [[[35.22214869354829, 36.7721519157571], [35.2237656610597, 36.7721519157571], [35.2237656610597, 36.77322989409804], [35.22430465023018, 36.77322989409804], [35.22430465023018, 36.774846861609454], [35.22484363940063, 36.774846861609454], [35.22484363940063, 36.7759248399504], [35.22322667188922, 36.7759248399504], [35.22322667188922, 36.77646382912087], [35.22160970437781, 36.77646382912087], [35.22160970437781, 36.77538585077993], [35.22107071520733, 36.77538585077993], [35.22107071520733, 36.77376888326851], [35.2199927368664, 36.77376888326851], [35.2199927368664, 36.77322989409804], [35.22107071520733, 36.77322989409804], [35.22107071520733, 36.77269090492757], [35.22214869354829, 36.77269090492757], [35.22214869354829, 36.7721519157571]]]}, "id": "+399309+87622", "properties": {"area_ha": 12.659487916754836, "count": 44, "label": 1, "mean_dnbr": 0.41422060551094825}}, {"type": "Feature", "geometry": {"geodesic": false, "type": "Polygon", "coordinates": [[[35.22322667188922, 36.7511313381087], [35.22430465023018, 36.7511313381087], [35.22430465023018, 36.752209316449644], [35.22538262857111, 36.752209316449644], [35.22538262857111, 36.752748305620116], [35.22430465023018, 36.752748305620116], [35.22430465023018, 36.75328729479059], [35.22322667188922, 36.75328729479059], [35.22322667188922, 36.75382628396106], [35.22214869354829, 36.75382628396106], [35.22214869354829, 36.75328729479059], [35.22160970437781, 36.75328729479059], [35.22160970437781, 36.752748305620116], [35.22268768271874, 36.752748305620116], [35.22268768271874, 36.75167032727917], [35.22322667188922, 36.75167032727917], [35.22322667188922, 36.7511313381087]]]}, "id": "+399310+87661", "properties": {"area_ha": 4.892554175890579, "count": 17, "label": 1, "mean_dnbr": 0.27921971175634797}}, {"type": "Feature", "geometry": {"geodesic": false, "type": "Polygon", "coordinates": [[[35.22430465023018, 36.874559858146725], [35.22538262857111, 36.874559858146725], [35.22538262857111, 36.87725480399908], [35.22484363940063, 36.87725480399908], [35.22484363940063, 36.8788717715105], [35.22430465023018, 36.8788717715105], [35.22430465023018, 36.87994974985144], [35.2237656610597, 36.87994974985144], [35.2237656610597, 36.880488739021914], [35.22322667188922, 36.880488739021914], [35.22322667188922, 36.881027728192386], [35.22214869354829, 36.881027728192386], [35.22214869354829, 36.880488739021914], [35.22160970437781, 36.880488739021914], [35.22160970437781, 36.87994974985144], [35.22053172603685, 36.87994974985144], [35.22053172603685, 36.8788717715105], [35.21945374769592, 36.8788717715105], [35.21945374769592, 36.87779379316955], [35.21891475852544, 36.87779379316955], [35.21891475852544, 36.87725480399908], [35.21837576935499, 36.87725480399908], [35.21837576935499, 36.87671581482861], [35.21891475852544, 36.87671581482861], [35.21891475852544, 36.876176825658135], [35.2199927368664, 36.876176825658135], [35.2199927368664, 36.87563783648766], [35.22107071520733, 36.87563783648766], [35.22107071520733, 36.87671581482861], [35.22053172603685, 36.87671581482861], [35.22053172603685, 36.87725480399908], [35.22160970437781, 36.87725480399908], [35.22160970437781, 36.87671581482861], [35.22322667188922, 36.87671581482861], [35.22322667188922, 36.87725480399908], [35.22268768271874, 36.87725480399908], [35.22268768271874, 36.87779379316955], [35.2237656610597, 36.87779379316955], [35.2237656610597, 36.87671581482861], [35.22430465023018, 36.87671581482861], [35.22430465023018, 36.874559858146725]], [[35.22053172603685, 36.876176825658135], [35.22053172603685, 36.87671581482861], [35.2199927368664, 36.87671581482861], [35.2199927368664, 36.876176825658135], [35.22053172603685, 36.876176825658135]]]}, "id": "+399312+87432", "properties": {"area_ha": 20.68747303469284, "count": 72, "label": 1, "mean_dnbr": 0.16953493861332808}}, {"type": "Feature", "geometry": {"geodesic": false, "type": "Polygon", "coordinates": [[[35.22268768271874, 36.99960534569616], [35.22646060691204, 36.99960534569616], [35.22646060691204, 37.000683324037105], [35.22268768271874, 37.000683324037105], [35.22268768271874, 36.99960534569616]]]}, "id": "+399314+87200", "properties": {"area_ha": 4.016121385477608, "count": 14, "label": 1, "mean_dnbr": 0.3262284639447555}}, {"type": "Feature", "geometry": {"geodesic": false, "type": "Polygon", "coordinates": [[[35.22538262857111, 36.63470967728681], [35.22646060691204, 36.63470967728681], [35.22646060691204, 36.63578765562775], [35.227538585253, 36.63578765562775], [35.227538585253, 36.636865633968696], [35.22915555276441, 36.636865633968696], [35.22915555276441, 36.63794361230964], [35.22861656359393, 36.63794361230964], [35.22861656359393, 36.639021590650586], [35.227538585253, 36.639021590650586], [35.227538585253, 36.64009956899153], [35.22646060691204, 36.64009956899153], [35.22646060691204, 36.640638558161996], [35.22592161774159, 36.640638558161996], [35.22592161774159, 36.64009956899153], [35.22538262857111, 36.64009956899153], [35.22538262857111, 36.63956057982106], [35.22592161774159, 36.63956057982106], [35.22592161774159, 36.639021590650586], [35.22538262857111, 36.639021590650586], [35.22538262857111, 36.63848260148011], [35.22484363940063, 36.63848260148011], [35.22484363940063, 36.64009956899153], [35.2237656610597, 36.64009956899153], [35.2237656610597, 36.639021590650586], [35.22268768271874, 36.639021590650586], [35.22268768271874, 36.63848260148011], [35.22214869354829, 36.63848260148011], [35.22214869354829, 36.636326644798224], [35.22430465023018, 36.636326644798224], [35.22430465023018, 36.63578765562775], [35.22538262857111, 36.63578765562775], [35.22538262857111, 36.63470967728681]], [[35.22592161774159, 36.63794361230964], [35.22592161774159, 36.63848260148011], [35.22538262857111, 36.63848260148011], [35.22538262857111, 36.63794361230964], [35.22592161774159, 36.63794361230964]]]}, "id": "+399314+87877", "properties": {"area_ha": 22.7699614253545, "count": 79, "label": 1, "mean_dnbr": 0.3348923889046872}}, {"type": "Feature", "geometry": {"geodesic": false, "type": "Polygon", "coordinates": [[[35.22538262857111, 36.87994974985144], [35.22699959608252, 36.87994974985144], [35.22699959608252, 36.880488739021914], [35.227538585253, 36.880488739021914], [35.227538585253, 36.881027728192386], [35.22807757442348, 36.881027728192386], [35.22807757442348, 36.88210570653332], [35.22861656359393, 36.88210570653332], [35.22861656359393, 36.88372267404474], [35.22807757442348, 36.88372267404474], [35.22807757442348, 36.88318368487427], [35.22430465023018, 36.88318368487427], [35.22430465023018, 36.88210570653332], [35.22484363940063, 36.88210570653332], [35.22484363940063, 36.880488739021914], [35.22538262857111, 36.880488739021914], [35.22538262857111, 36.87994974985144]]]}, "id": "+399315+87422", "properties": {"area_ha": 10.630557530370783, "count": 37, "label": 1, "mean_dnbr": 0.40232974582293785}}, {"type": "Feature", "geometry": {"geodesic": false, "type": "Polygon", "coordinates": [[[35.22592161774159, 36.70801220447096], [35.22699959608252, 36.70801220447096], [35.22699959608252, 36.70855119364143], [35.22646060691204, 36.70855119364143], [35.22646060691204, 36.70962917198238], [35.22592161774159, 36.70962917198238], [35.22592161774159, 36.711246139493795], [35.22538262857111, 36.711246139493795], [35.22538262857111, 36.71016816115285], [35.22484363940063, 36.71016816115285], [35.22484363940063, 36.709090182811906], [35.22538262857111, 36.709090182811906], [35.22538262857111, 36.70855119364143], [35.22592161774159, 36.70855119364143], [35.22592161774159, 36.70801220447096]]]}, "id": "+399315+87741", "properties": {"area_ha": 3.1675486340714065, "count": 11, "label": 1, "mean_dnbr": 0.2681516397969855}}, {"type": "Feature", "geometry": {"geodesic": false, "type": "Polygon", "coordinates": [[[35.22592161774159, 36.94624541781946], [35.227538585253, 36.94624541781946], [35.227538585253, 36.94732339616041], [35.22861656359393, 36.94732339616041], [35.22861656359393, 36.94786238533087], [35.22592161774159, 36.94786238533087], [35.22592161774159, 36.94624541781946]]]}, "id": "+399316+87299", "properties": {"area_ha": 3.15773159939988, "count": 11, "label": 1, "mean_dnbr": 0.1808291568132038}}, {"type": "Feature", "geometry": {"geodesic": false, "type": "Polygon", "coordinates": [[[35.22646060691204, 36.77161292658663], [35.227538585253, 36.77161292658663], [35.227538585253, 36.77646382912087], [35.22646060691204, 36.77646382912087], [35.22646060691204, 36.77161292658663]]]}, "id": "+399316+87623", "properties": {"area_ha": 5.178899657027286, "count": 18, "label": 1, "mean_dnbr": 0.18459713031135633}}, {"type": "Feature", "geometry": {"geodesic": false, "type": "Polygon", "coordinates": [[[35.22322667188922, 36.96996094132022], [35.22807757442348, 36.96996094132022], [35.22807757442348, 36.97049993049069], [35.22861656359393, 36.97049993049069], [35.22861656359393, 36.97103891966116], [35.22807757442348, 36.97103891966116], [35.22807757442348, 36.97049993049069], [35.22538262857111, 36.97049993049069], [35.22538262857111, 36.97103891966116], [35.22322667188922, 36.97103891966116], [35.22322667188922, 36.96996094132022]]]}, "id": "+399317+87255", "properties": {"area_ha": 4.017632367004848, "count": 14, "label": 1, "mean_dnbr": 0.41246005594418345}}, {"type": "Feature", "geometry": {"geodesic": false, "type": "Polygon", "coordinates": [[[35.22807757442348, 36.85461725883927], [35.22861656359393, 36.85461725883927], [35.22861656359393, 36.855695237180214], [35.22969454193489, 36.855695237180214], [35.22969454193489, 36.856234226350686], [35.23023353110537, 36.856234226350686], [35.23023353110537, 36.85677321552116], [35.2313115094463, 36.85677321552116], [35.2313115094463, 36.857312204691624], [35.23185049861678, 36.857312204691624], [35.23185049861678, 36.85839018303257], [35.23077252027582, 36.85839018303257], [35.23077252027582, 36.85892917220304], [35.22969454193489, 36.85892917220304], [35.22969454193489, 36.85839018303257], [35.22915555276441, 36.85839018303257], [35.22915555276441, 36.857851193862096], [35.22861656359393, 36.857851193862096], [35.22861656359393, 36.857312204691624], [35.22807757442348, 36.857312204691624], [35.22807757442348, 36.85677321552116], [35.22699959608252, 36.85677321552116], [35.22699959608252, 36.855695237180214], [35.227538585253, 36.855695237180214], [35.227538585253, 36.85515624800974], [35.22807757442348, 36.85515624800974], [35.22807757442348, 36.85461725883927]]]}, "id": "+399318+87469", "properties": {"area_ha": 9.484367915163457, "count": 33, "label": 1, "mean_dnbr": 0.43149313748806106}}, {"type": "Feature", "geometry": {"geodesic": false, "type": "Polygon", "coordinates": [[[35.227538585253, 36.8503053454755], [35.22861656359393, 36.8503053454755], [35.22861656359393, 36.85084433464597], [35.22915555276441, 36.85084433464597], [35.22915555276441, 36.85246130215738], [35.22807757442348, 36.85246130215738], [35.22807757442348, 36.85192231298691], [35.227538585253, 36.85192231298691], [35.227538585253, 36.851383323816435], [35.22699959608252, 36.851383323816435], [35.22699959608252, 36.85084433464597], [35.227538585253, 36.85084433464597], [35.227538585253, 36.8503053454755]]]}, "id": "+399318+87477", "properties": {"area_ha": 3.1616881459468886, "count": 11, "label": 1, "mean_dnbr": 0.32254321658048973}}, {"type": "Feature", "geometry": {"geodesic": false, "type": "Polygon", "coordinates": [[[35.22807757442348, 36.69292050769776], [35.22861656359393, 36.69292050769776], [35.22861656359393, 36.6939984860387], [35.22915555276441, 36.6939984860387], [35.22915555276441, 36.69507646437964], [35.22969454193489, 36.69507646437964], [35.22969454193489, 36.696693431891056], [35.227538585253, 36.696693431891056], [35.227538585253, 36.696154442720584], [35.22699959608252, 36.696154442720584], [35.22699959608252, 36.69453747520917], [35.22646060691204, 36.69453747520917], [35.22646060691204, 36.69345949686823], [35.22807757442348, 36.69345949686823], [35.22807757442348, 36.69292050769776]]]}, "id": "+399318+87769", "properties": {"area_ha": 8.064366268733671, "count": 28, "label": 1, "mean_dnbr": 0.3099186746846786}}, {"type": "Feature", "geometry": {"geodesic": false, "type": "Polygon", "coordinates": [[[35.227538585253, 36.62446888304785], [35.22861656359393, 36.62446888304785], [35.22861656359393, 36.62500787221832], [35.22969454193489, 36.62500787221832], [35.22969454193489, 36.62554686138879], [35.23023353110537, 36.62554686138879], [35.23023353110537, 36.626624839729736], [35.23077252027582, 36.626624839729736], [35.23077252027582, 36.626085850559264], [35.2313115094463, 36.626085850559264], [35.2313115094463, 36.626624839729736], [35.23185049861678, 36.626624839729736], [35.23185049861678, 36.62716382890021], [35.23238948778723, 36.62716382890021], [35.23238948778723, 36.628241807241146], [35.23346746612819, 36.628241807241146], [35.23346746612819, 36.62770281807068], [35.2350844336396, 36.62770281807068], [35.2350844336396, 36.62985877475256], [35.23400645529867, 36.62985877475256], [35.23400645529867, 36.630397763923035], [35.23454544446912, 36.630397763923035], [35.23454544446912, 36.63201473143445], [35.23400645529867, 36.63201473143445], [35.23400645529867, 36.632553720604925], [35.2350844336396, 36.632553720604925], [35.2350844336396, 36.63201473143445], [35.23562342281008, 36.63201473143445], [35.23562342281008, 36.6330927097754], [35.23454544446912, 36.6330927097754], [35.23454544446912, 36.63363169894587], [35.23400645529867, 36.63363169894587], [35.23400645529867, 36.634170688116335], [35.23346746612819, 36.634170688116335], [35.23346746612819, 36.63363169894587], [35.23400645529867, 36.63363169894587], [35.23400645529867, 36.6330927097754], [35.23238948778723, 36.6330927097754], [35.23238948778723, 36.63363169894587], [35.23292847695771, 36.63363169894587], [35.23292847695771, 36.63470967728681], [35.23185049861678, 36.63470967728681], [35.23185049861678, 36.63363169894587], [35.2313115094463, 36.63363169894587], [35.2313115094463, 36.6330927097754], [35.23185049861678, 36.6330927097754], [35.23185049861678, 36.63201473143445], [35.23238948778723, 36.63201473143445], [35.23238948778723, 36.63147574226398], [35.23346746612819, 36.63147574226398], [35.23346746612819, 36.63093675309351], [35.23292847695771, 36.63093675309351], [35.23292847695771, 36.62985877475256], [35.23238948778723, 36.62985877475256], [35.23238948778723, 36.62878079641162], [35.23077252027582, 36.62878079641162], [35.23077252027582, 36.62931978558209], [35.22915555276441, 36.62931978558209], [35.22915555276441, 36.62985877475256], [35.22807757442348, 36.62985877475256], [35.22807757442348, 36.630397763923035], [35.22592161774159, 36.630397763923035], [35.22592161774159, 36.62985877475256], [35.22538262857111, 36.62985877475256], [35.22538262857111, 36.62931978558209], [35.22699959608252, 36.62931978558209], [35.22699959608252, 36.628241807241146], [35.22807757442348, 36.628241807241146], [35.22807757442348, 36.62770281807068], [35.22861656359393, 36.62770281807068], [35.22861656359393, 36.626624839729736], [35.22807757442348, 36.626624839729736], [35.22807757442348, 36.626085850559264], [35.227538585253, 36.626085850559264], [35.227538585253, 36.62446888304785]], [[35.23023353110537, 36.626624839729736], [35.23023353110537, 36.62716382890021], [35.22915555276441, 36.62716382890021], [35.22915555276441, 36.626624839729736], [35.23023353110537, 36.626624839729736]]]}, "id": "+399318+87896", "properties": {"area_ha": 32.285037650956426, "count": 112, "label": 1, "mean_dnbr": 0.2245969210901278}}, {"type": "Feature", "geometry": {"geodesic": false, "type": "Polygon", "coordinates": [[[35.22861656359393, 36.94193350445568], [35.22915555276441, 36.94193350445568], [35.22915555276441, 36.942472493626155], [35.23077252027582, 36.942472493626155], [35.23077252027582, 36.94301148279663], [35.23185049861678, 36.94301148279663], [35.23185049861678, 36.9435504719671], [35.23346746612819, 36.9435504719671], [35.23346746612819, 36.94408946113757], [35.23454544446912, 36.94408946113757], [35.23454544446912, 36.944628450308045], [35.23616241198056, 36.944628450308045], [35.23616241198056, 36.94516743947852], [35.23670140115101, 36.94516743947852], [35.23670140115101, 36.94570642864899], [35.23562342281008, 36.94570642864899], [35.23562342281008, 36.94516743947852], [35.23454544446912, 36.94516743947852], [35.23454544446912, 36.944628450308045], [35.23400645529867, 36.944628450308045], [35.23400645529867, 36.94786238533087], [35.23454544446912, 36.94786238533087], [35.23454544446912, 36.948401374501344], [35.23616241198056, 36.948401374501344], [35.23616241198056, 36.95001834201276], [35.23562342281008, 36.95001834201276], [35.23562342281008, 36.950557331183234], [35.23454544446912, 36.950557331183234], [35.23454544446912, 36.95001834201276], [35.2350844336396, 36.95001834201276], [35.2350844336396, 36.94894036367182], [35.23454544446912, 36.94894036367182], [35.23454544446912, 36.94947935284229], [35.23292847695771, 36.94947935284229], [35.23292847695771, 36.94894036367182], [35.23238948778723, 36.94894036367182], [35.23238948778723, 36.948401374501344], [35.23185049861678, 36.948401374501344], [35.23185049861678, 36.94786238533087], [35.23023353110537, 36.94786238533087], [35.23023353110537, 36.94732339616041], [35.22969454193489, 36.94732339616041], [35.22969454193489, 36.94624541781946], [35.22915555276441, 36.94624541781946], [35.22915555276441, 36.944628450308045], [35.22861656359393, 36.944628450308045], [35.22861656359393, 36.94193350445568]]]}, "id": "+399319+87307", "properties": {"area_ha": 30.716501575491442, "count": 107, "label": 1, "mean_dnbr": 0.46765245981863274}}, {"type": "Feature", "geometry": {"geodesic": false, "type": "Polygon", "coordinates": [[[35.227538585253, 36.75544325147247], [35.22969454193489, 36.75544325147247], [35.22969454193489, 36.756521229813416], [35.22915555276441, 36.756521229813416], [35.22915555276441, 36.75813819732483], [35.23185049861678, 36.75813819732483], [35.23185049861678, 36.75759920815436], [35.23238948778723, 36.75759920815436], [35.23238948778723, 36.75813819732483], [35.23185049861678, 36.75813819732483], [35.23185049861678, 36.758677186495305], [35.22915555276441, 36.758677186495305], [35.22915555276441, 36.75921617566578], [35.22861656359393, 36.75921617566578], [35.22861656359393, 36.76029415400672], [35.227538585253, 36.76029415400672], [35.227538585253, 36.75921617566578], [35.22807757442348, 36.75921617566578], [35.22807757442348, 36.75813819732483], [35.227538585253, 36.75813819732483], [35.227538585253, 36.75544325147247]], [[35.22915555276441, 36.75813819732483], [35.22915555276441, 36.758677186495305], [35.22861656359393, 36.758677186495305], [35.22861656359393, 36.75813819732483], [35.22915555276441, 36.75813819732483]]]}, "id": "+399320+87653", "properties": {"area_ha": 8.633340119404528, "count": 30, "label": 1, "mean_dnbr": 0.4158205987117216}}, {"type": "Feature", "geometry": {"geodesic": false, "type": "Polygon", "coordinates": [[[35.22861656359393, 36.70370029110719], [35.22969454193489, 36.70370029110719], [35.22969454193489, 36.70423928027766], [35.2313115094463, 36.70423928027766], [35.2313115094463, 36.704778269448134], [35.23238948778723, 36.704778269448134], [35.23238948778723, 36.70531725861861], [35.23454544446912, 36.70531725861861], [35.23454544446912, 36.70585624778908], [35.23562342281008, 36.70585624778908], [35.23562342281008, 36.70639523695955], [35.2350844336396, 36.70639523695955], [35.2350844336396, 36.70747321530049], [35.23454544446912, 36.70747321530049], [35.23454544446912, 36.70801220447096], [35.23400645529867, 36.70801220447096], [35.23400645529867, 36.70747321530049], [35.23292847695771, 36.70747321530049], [35.23292847695771, 36.706934226130016], [35.23077252027582, 36.706934226130016], [35.23077252027582, 36.70639523695955], [35.23023353110537, 36.70639523695955], [35.23023353110537, 36.70585624778908], [35.22969454193489, 36.70585624778908], [35.22969454193489, 36.706934226130016], [35.22915555276441, 36.706934226130016], [35.22915555276441, 36.70747321530049], [35.22807757442348, 36.70747321530049], [35.22807757442348, 36.70423928027766], [35.22861656359393, 36.70423928027766], [35.22861656359393, 36.70370029110719]], [[35.22969454193489, 36.70531725861861], [35.22969454193489, 36.70585624778908], [35.22915555276441, 36.70585624778908], [35.22915555276441, 36.70531725861861], [35.22969454193489, 36.70531725861861]], [[35.22915555276441, 36.70423928027766], [35.22915555276441, 36.704778269448134], [35.22861656359393, 36.704778269448134], [35.22861656359393, 36.70423928027766], [35.22915555276441, 36.70423928027766]]]}, "id": "+399320+87749", "properties": {"area_ha": 16.41441091156689, "count": 57, "label": 1, "mean_dnbr": 0.2727008927311221}}, {"type": "Feature", "geometry": {"geodesic": false, "type": "Polygon", "coordinates": [[[35.23023353110537, 36.88911256574946], [35.23077252027582, 36.88911256574946], [35.23077252027582, 36.88965155491993], [35.23185049861678, 36.88965155491993], [35.23185049861678, 36.89180751160182], [35.2313115094463, 36.89180751160182], [35.2313115094463, 36.89288548994276], [35.23077252027582, 36.89288548994276], [35.23077252027582, 36.89342447911323], [35.22915555276441, 36.89342447911323], [35.22915555276441, 36.89180751160182], [35.22969454193489, 36.89180751160182], [35.22969454193489, 36.890729533260874], [35.23023353110537, 36.890729533260874], [35.23023353110537, 36.88911256574946]]]}, "id": "+399322+87405", "properties": {"area_ha": 7.469157460741904, "count": 26, "label": 1, "mean_dnbr": 0.2884987896571407}}, {"type": "Feature", "geometry": {"geodesic": false, "type": "Polygon", "coordinates": [[[35.23077252027582, 36.68537465931115], [35.2313115094463, 36.68537465931115], [35.2313115094463, 36.686452637652096], [35.23077252027582, 36.686452637652096], [35.23077252027582, 36.68699162682257], [35.23023353110537, 36.68699162682257], [35.23023353110537, 36.68806960516351], [35.22969454193489, 36.68806960516351], [35.22969454193489, 36.68914758350445], [35.22861656359393, 36.68914758350445], [35.22861656359393, 36.68968657267492], [35.22807757442348, 36.68968657267492], [35.22807757442348, 36.68914758350445], [35.227538585253, 36.68914758350445], [35.227538585253, 36.686452637652096], [35.22861656359393, 36.686452637652096], [35.22861656359393, 36.68591364848162], [35.23077252027582, 36.68591364848162], [35.23077252027582, 36.68537465931115]]]}, "id": "+399323+87783", "properties": {"area_ha": 8.929275336823991, "count": 31, "label": 1, "mean_dnbr": 0.40220014109949465}}, {"type": "Feature", "geometry": {"geodesic": false, "type": "Polygon", "coordinates": [[[35.22969454193489, 36.876176825658135], [35.23238948778723, 36.876176825658135], [35.23238948778723, 36.87671581482861], [35.23454544446912, 36.87671581482861], [35.23454544446912, 36.878332782340024], [35.23346746612819, 36.878332782340024], [35.23346746612819, 36.8788717715105], [35.23238948778723, 36.8788717715105], [35.23238948778723, 36.87941076068097], [35.2313115094463, 36.87941076068097], [35.2313115094463, 36.878332782340024], [35.23077252027582, 36.878332782340024], [35.23077252027582, 36.87779379316955], [35.23023353110537, 36.87779379316955], [35.23023353110537, 36.87725480399908], [35.22915555276441, 36.87725480399908], [35.22915555276441, 36.87671581482861], [35.22969454193489, 36.87671581482861], [35.22969454193489, 36.876176825658135]]]}, "id": "+399325+87429", "properties": {"area_ha": 10.343781417436285, "count": 36, "label": 1, "mean_dnbr": 0.4274280961178244}}, {"type": "Feature", "geometry": {"geodesic": false, "type": "Polygon", "coordinates": [[[35.2313115094463, 36.936004623580494], [35.23346746612819, 36.936004623580494], [35.23346746612819, 36.938160580262384], [35.2313115094463, 36.938160580262384], [35.2313115094463, 36.93762159109191], [35.23077252027582, 36.93762159109191], [35.23077252027582, 36.93708260192144], [35.2313115094463, 36.93708260192144], [35.2313115094463, 36.936004623580494]]]}, "id": "+399327+87318", "properties": {"area_ha": 4.8807595678512765, "count": 17, "label": 1, "mean_dnbr": 0.2969316796200294}}, {"type": "Feature", "geometry": {"geodesic": false, "type": "Polygon", "coordinates": [[[35.23292847695771, 36.90150931667031], [35.23400645529867, 36.90150931667031], [35.23400645529867, 36.903665273352196], [35.23454544446912, 36.903665273352196], [35.23454544446912, 36.90420426252267], [35.23292847695771, 36.90420426252267], [35.23292847695771, 36.90258729501125], [35.23238948778723, 36.90258729501125], [35.23238948778723, 36.90204830584078], [35.23292847695771, 36.90204830584078], [35.23292847695771, 36.90150931667031]]]}, "id": "+399328+87382", "properties": {"area_ha": 3.4467893607269304, "count": 12, "label": 1, "mean_dnbr": 0.16523424757837}}, {"type": "Feature", "geometry": {"geodesic": false, "type": "Polygon", "coordinates": [[[35.23185049861678, 36.78023675331417], [35.23400645529867, 36.78023675331417], [35.23400645529867, 36.781314731655115], [35.23454544446912, 36.781314731655115], [35.23454544446912, 36.78239270999606], [35.23346746612819, 36.78239270999606], [35.23346746612819, 36.78293169916653], [35.23185049861678, 36.78293169916653], [35.23185049861678, 36.78239270999606], [35.2313115094463, 36.78239270999606], [35.2313115094463, 36.78185372082559], [35.23077252027582, 36.78185372082559], [35.23077252027582, 36.781314731655115], [35.2313115094463, 36.781314731655115], [35.2313115094463, 36.78077574248464], [35.23185049861678, 36.78077574248464], [35.23185049861678, 36.78023675331417]]]}, "id": "+399328+87607", "properties": {"area_ha": 7.192206901567834, "count": 25, "label": 1, "mean_dnbr": 0.44684887465562845}}, {"type": "Feature", "geometry": {"geodesic": false, "type": "Polygon", "coordinates": [[[35.22592161774159, 36.76622303488191], [35.2350844336396, 36.76622303488191], [35.2350844336396, 36.766762024052376], [35.23400645529867, 36.766762024052376], [35.23400645529867, 36.76730101322285], [35.22915555276441, 36.76730101322285], [35.22915555276441, 36.766762024052376], [35.22861656359393, 36.766762024052376], [35.22861656359393, 36.76837899156379], [35.22646060691204, 36.76837899156379], [35.22646060691204, 36.768917980734265], [35.22430465023018, 36.768917980734265], [35.22430465023018, 36.76945696990474], [35.22268768271874, 36.76945696990474], [35.22268768271874, 36.768917980734265], [35.22214869354829, 36.768917980734265], [35.22214869354829, 36.76730101322285], [35.22268768271874, 36.76730101322285], [35.22268768271874, 36.766762024052376], [35.22592161774159, 36.766762024052376], [35.22592161774159, 36.76622303488191]]]}, "id": "+399330+87633", "properties": {"area_ha": 20.71692248356688, "count": 72, "label": 1, "mean_dnbr": 0.545484213817664}}, {"type": "Feature", "geometry": {"geodesic": false, "type": "Polygon", "coordinates": [[[35.2350844336396, 36.97750678970682], [35.23562342281008, 36.97750678970682], [35.23562342281008, 36.97804577887729], [35.24047432534431, 36.97804577887729], [35.24047432534431, 36.979662746388705], [35.24101331451479, 36.979662746388705], [35.24101331451479, 36.98074072472965], [35.24155230368527, 36.98074072472965], [35.24155230368527, 36.98127971390012], [35.23831836866242, 36.98127971390012], [35.23831836866242, 36.98074072472965], [35.23777937949197, 36.98074072472965], [35.23777937949197, 36.98127971390012], [35.23562342281008, 36.98127971390012], [35.23562342281008, 36.979662746388705], [35.2350844336396, 36.979662746388705], [35.2350844336396, 36.97750678970682]]]}, "id": "+399331+87241", "properties": {"area_ha": 17.50348570783094, "count": 61, "label": 1, "mean_dnbr": 0.5136731012127158}}, {"type": "Feature", "geometry": {"geodesic": false, "type": "Polygon", "coordinates": [[[35.23238948778723, 37.010924118276066], [35.23724039032149, 37.010924118276066], [35.23724039032149, 37.013080074957955], [35.23777937949197, 37.013080074957955], [35.23777937949197, 37.01415805329889], [35.2350844336396, 37.01415805329889], [35.2350844336396, 37.01523603163984], [35.23238948778723, 37.01523603163984], [35.23238948778723, 37.014697042469365], [35.23185049861678, 37.014697042469365], [35.23185049861678, 37.01523603163984], [35.23023353110537, 37.01523603163984], [35.23023353110537, 37.014697042469365], [35.2313115094463, 37.014697042469365], [35.2313115094463, 37.01415805329889], [35.23238948778723, 37.01415805329889], [35.23238948778723, 37.010924118276066]]]}, "id": "+399334+87179", "properties": {"area_ha": 20.363969703886294, "count": 71, "label": 1, "mean_dnbr": 0.33364574386911827}}, {"type": "Feature", "geometry": {"geodesic": false, "type": "Polygon", "coordinates": [[[35.23670140115101, 36.95001834201276], [35.23724039032149, 36.95001834201276], [35.23724039032149, 36.953252277035595], [35.23616241198056, 36.953252277035595], [35.23616241198056, 36.950557331183234], [35.23670140115101, 36.950557331183234], [35.23670140115101, 36.95001834201276]]]}, "id": "+399334+87292", "properties": {"area_ha": 3.157531590141603, "count": 11, "label": 1, "mean_dnbr": 0.20066149770013267}}, {"type": "Feature", "geometry": {"geodesic": false, "type": "Polygon", "coordinates": [[[35.23400645529867, 36.789938558382666], [35.23724039032149, 36.789938558382666], [35.23724039032149, 36.7910165367236], [35.23616241198056, 36.7910165367236], [35.23616241198056, 36.791555525894076], [35.23562342281008, 36.791555525894076], [35.23562342281008, 36.79209451506455], [35.2350844336396, 36.79209451506455], [35.2350844336396, 36.79263350423502], [35.23400645529867, 36.79263350423502], [35.23400645529867, 36.79209451506455], [35.23346746612819, 36.79209451506455], [35.23346746612819, 36.7910165367236], [35.23400645529867, 36.7910165367236], [35.23400645529867, 36.789938558382666]]]}, "id": "+399334+87589", "properties": {"area_ha": 6.615992582844244, "count": 23, "label": 1, "mean_dnbr": 0.5112834307510788}}, {"type": "Feature", "geometry": {"geodesic": false, "type": "Polygon", "coordinates": [[[35.23616241198056, 36.684296680970206], [35.23724039032149, 36.684296680970206], [35.23724039032149, 36.68699162682257], [35.23777937949197, 36.68699162682257], [35.23777937949197, 36.68753061599304], [35.23831836866242, 36.68753061599304], [35.23831836866242, 36.690225561845395], [35.2388573578329, 36.690225561845395], [35.2388573578329, 36.69076455101587], [35.23831836866242, 36.69076455101587], [35.23831836866242, 36.690225561845395], [35.23724039032149, 36.690225561845395], [35.23724039032149, 36.68968657267492], [35.23670140115101, 36.68968657267492], [35.23670140115101, 36.68860859433398], [35.23616241198056, 36.68860859433398], [35.23616241198056, 36.68968657267492], [35.23562342281008, 36.68968657267492], [35.23562342281008, 36.68860859433398], [35.2350844336396, 36.68860859433398], [35.2350844336396, 36.68753061599304], [35.23400645529867, 36.68753061599304], [35.23400645529867, 36.686452637652096], [35.23346746612819, 36.686452637652096], [35.23346746612819, 36.684296680970206], [35.2350844336396, 36.684296680970206], [35.2350844336396, 36.68699162682257], [35.23562342281008, 36.68699162682257], [35.23562342281008, 36.68860859433398], [35.23616241198056, 36.68860859433398], [35.23616241198056, 36.684296680970206]]]}, "id": "+399334+87785", "properties": {"area_ha": 14.690170355826925, "count": 51, "label": 1, "mean_dnbr": 0.29406688630961825}}, {"type": "Feature", "geometry": {"geodesic": false, "type": "Polygon", "coordinates": [[[35.2350844336396, 36.87348187980578], [35.23777937949197, 36.87348187980578], [35.23777937949197, 36.8750988473172], [35.23724039032149, 36.8750988473172], [35.23724039032149, 36.874559858146725], [35.23562342281008, 36.874559858146725], [35.23562342281008, 36.8750988473172], [35.23454544446912, 36.8750988473172], [35.23454544446912, 36.874559858146725], [35.23400645529867, 36.874559858146725], [35.23400645529867, 36.87402086897625], [35.2350844336396, 36.87402086897625], [35.2350844336396, 36.87348187980578]]]}, "id": "+399335+87434", "properties": {"area_ha": 4.31009296397664, "count": 15, "label": 1, "mean_dnbr": 0.485650956583225}}, {"type": "Feature", "geometry": {"geodesic": false, "type": "Polygon", "coordinates": [[[35.23724039032149, 36.822277908610964], [35.23831836866242, 36.822277908610964], [35.23831836866242, 36.822816897781436], [35.2388573578329, 36.822816897781436], [35.2388573578329, 36.82389487612238], [35.23939634700338, 36.82389487612238], [35.23939634700338, 36.82605083280427], [35.2388573578329, 36.82605083280427], [35.2388573578329, 36.8255118436338], [35.23724039032149, 36.8255118436338], [35.23724039032149, 36.82443386529285], [35.23670140115101, 36.82443386529285], [35.23670140115101, 36.82335588695191], [35.23616241198056, 36.82335588695191], [35.23616241198056, 36.822816897781436], [35.23724039032149, 36.822816897781436], [35.23724039032149, 36.822277908610964]]]}, "id": "+399336+87529", "properties": {"area_ha": 7.188221677583293, "count": 25, "label": 1, "mean_dnbr": 0.21576466427629834}}, {"type": "Feature", "geometry": {"geodesic": false, "type": "Polygon", "coordinates": [[[35.23454544446912, 36.67728982175407], [35.23831836866242, 36.67728982175407], [35.23831836866242, 36.677828810924545], [35.2388573578329, 36.677828810924545], [35.2388573578329, 36.67836780009502], [35.23939634700338, 36.67836780009502], [35.23939634700338, 36.67944577843596], [35.23993533617386, 36.67944577843596], [35.23993533617386, 36.67890678926549], [35.24155230368527, 36.67890678926549], [35.24155230368527, 36.67944577843596], [35.24209129285575, 36.67944577843596], [35.24209129285575, 36.68052375677691], [35.23993533617386, 36.68052375677691], [35.23993533617386, 36.68106274594738], [35.2388573578329, 36.68106274594738], [35.2388573578329, 36.68160173511785], [35.23724039032149, 36.68160173511785], [35.23724039032149, 36.682140724288324], [35.23400645529867, 36.682140724288324], [35.23400645529867, 36.68160173511785], [35.23346746612819, 36.68160173511785], [35.23346746612819, 36.679984767606435], [35.23292847695771, 36.679984767606435], [35.23292847695771, 36.67944577843596], [35.23238948778723, 36.67944577843596], [35.23238948778723, 36.67836780009502], [35.23292847695771, 36.67836780009502], [35.23292847695771, 36.677828810924545], [35.23454544446912, 36.677828810924545], [35.23454544446912, 36.67728982175407]]]}, "id": "+399336+87798", "properties": {"area_ha": 31.111597246452874, "count": 108, "label": 1, "mean_dnbr": 0.45880142225442866}}, {"type": "Feature", "geometry": {"geodesic": false, "type": "Polygon", "coordinates": [[[35.23292847695771, 36.96295408210408], [35.2388573578329, 36.96295408210408], [35.2388573578329, 36.963493071274556], [35.23939634700338, 36.963493071274556], [35.23939634700338, 36.96780498463833], [35.23616241198056, 36.96780498463833], [35.23616241198056, 36.9683439738088], [35.23400645529867, 36.9683439738088], [35.23400645529867, 36.96672700629738], [35.23616241198056, 36.96672700629738], [35.23616241198056, 36.96618801712691], [35.23346746612819, 36.96618801712691], [35.23346746612819, 36.9645710496155], [35.23292847695771, 36.9645710496155], [35.23292847695771, 36.96295408210408]]]}, "id": "+399337+87268", "properties": {"area_ha": 28.12559557211041, "count": 98, "label": 1, "mean_dnbr": 0.5199452901142159}}, {"type": "Feature", "geometry": {"geodesic": false, "type": "Polygon", "coordinates": [[[35.24101331451479, 36.973733865513516], [35.24155230368527, 36.973733865513516], [35.24155230368527, 36.97427285468399], [35.24209129285575, 36.97427285468399], [35.24209129285575, 36.97481184385446], [35.24155230368527, 36.97481184385446], [35.24155230368527, 36.97427285468399], [35.24101331451479, 36.97427285468399], [35.24101331451479, 36.97642881136588], [35.24047432534431, 36.97642881136588], [35.24047432534431, 36.97750678970682], [35.23939634700338, 36.97750678970682], [35.23939634700338, 36.97696780053635], [35.2388573578329, 36.97696780053635], [35.2388573578329, 36.975889822195406], [35.23831836866242, 36.975889822195406], [35.23831836866242, 36.97481184385446], [35.24047432534431, 36.97481184385446], [35.24047432534431, 36.97427285468399], [35.24101331451479, 36.97427285468399], [35.24101331451479, 36.973733865513516]]]}, "id": "+399342+87248", "properties": {"area_ha": 6.313068920586964, "count": 22, "label": 1, "mean_dnbr": 0.5807999454261508}}, {"type": "Feature", "geometry": {"geodesic": false, "type": "Polygon", "coordinates": [[[35.23993533617386, 36.75921617566578], [35.24155230368527, 36.75921617566578], [35.24155230368527, 36.76137213234766], [35.24047432534431, 36.76137213234766], [35.24047432534431, 36.762450110688604], [35.23993533617386, 36.762450110688604], [35.23993533617386, 36.76191112151813], [35.23939634700338, 36.76191112151813], [35.23939634700338, 36.76137213234766], [35.23831836866242, 36.76137213234766], [35.23831836866242, 36.76191112151813], [35.2388573578329, 36.76191112151813], [35.2388573578329, 36.762450110688604], [35.23939634700338, 36.762450110688604], [35.23939634700338, 36.76298909985908], [35.23831836866242, 36.76298909985908], [35.23831836866242, 36.76352808902955], [35.23562342281008, 36.76352808902955], [35.23562342281008, 36.76406707820002], [35.2350844336396, 36.76406707820002], [35.2350844336396, 36.762450110688604], [35.23454544446912, 36.762450110688604], [35.23454544446912, 36.76137213234766], [35.23400645529867, 36.76137213234766], [35.23400645529867, 36.76083314317719], [35.23454544446912, 36.76083314317719], [35.23454544446912, 36.76029415400672], [35.23670140115101, 36.76029415400672], [35.23670140115101, 36.75975516483625], [35.23993533617386, 36.75975516483625], [35.23993533617386, 36.75921617566578]], [[35.23724039032149, 36.762450110688604], [35.23724039032149, 36.76298909985908], [35.23616241198056, 36.76298909985908], [35.23616241198056, 36.762450110688604], [35.23724039032149, 36.762450110688604]], [[35.23724039032149, 36.76083314317719], [35.23724039032149, 36.76137213234766], [35.2350844336396, 36.76137213234766], [35.2350844336396, 36.76083314317719], [35.23724039032149, 36.76083314317719]], [[35.2388573578329, 36.76029415400672], [35.2388573578329, 36.76083314317719], [35.23777937949197, 36.76083314317719], [35.23777937949197, 36.76029415400672], [35.2388573578329, 36.76029415400672]]]}, "id": "+399342+87646", "properties": {"area_ha": 18.416882494138463, "count": 64, "label": 1, "mean_dnbr": 0.2692574824787564}}, {"type": "Feature", "geometry": {"geodesic": false, "type": "Polygon", "coordinates": [[[35.24101331451479, 36.68753061599304], [35.24155230368527, 36.68753061599304], [35.24155230368527, 36.68914758350445], [35.24209129285575, 36.68914758350445], [35.24209129285575, 36.68968657267492], [35.2426302820262, 36.68968657267492], [35.2426302820262, 36.690225561845395], [35.24155230368527, 36.690225561845395], [35.24155230368527, 36.69184252935681], [35.24101331451479, 36.69184252935681], [35.24101331451479, 36.68753061599304]]]}, "id": "+399342+87779", "properties": {"area_ha": 3.168361712983844, "count": 11, "label": 1, "mean_dnbr": 0.34828660126766703}}, {"type": "Feature", "geometry": {"geodesic": false, "type": "Polygon", "coordinates": [[[35.24047432534431, 36.62500787221832], [35.24209129285575, 36.62500787221832], [35.24209129285575, 36.626085850559264], [35.24316927119668, 36.626085850559264], [35.24316927119668, 36.62716382890021], [35.2426302820262, 36.62716382890021], [35.2426302820262, 36.628241807241146], [35.24101331451479, 36.628241807241146], [35.24101331451479, 36.62716382890021], [35.23993533617386, 36.62716382890021], [35.23993533617386, 36.626624839729736], [35.23939634700338, 36.626624839729736], [35.23939634700338, 36.626085850559264], [35.23993533617386, 36.626085850559264], [35.23993533617386, 36.62554686138879], [35.24047432534431, 36.62554686138879], [35.24047432534431, 36.62500787221832]]]}, "id": "+399343+87895", "properties": {"area_ha": 7.494996764113642, "count": 26, "label": 1, "mean_dnbr": 0.24015746702615562}}, {"type": "Feature", "geometry": {"geodesic": false, "type": "Polygon", "coordinates": [[[35.24209129285575, 36.620156969684075], [35.24316927119668, 36.620156969684075], [35.24316927119668, 36.62069595885455], [35.24209129285575, 36.62069595885455], [35.24209129285575, 36.62123494802502], [35.2426302820262, 36.62123494802502], [35.2426302820262, 36.6233909047069], [35.24155230368527, 36.6233909047069], [35.24155230368527, 36.62285191553643], [35.24101331451479, 36.62285191553643], [35.24101331451479, 36.6233909047069], [35.24047432534431, 36.6233909047069], [35.24047432534431, 36.62285191553643], [35.23993533617386, 36.62285191553643], [35.23993533617386, 36.62231292636596], [35.23939634700338, 36.62231292636596], [35.23939634700338, 36.62123494802502], [35.23993533617386, 36.62123494802502], [35.23993533617386, 36.62177393719549], [35.24047432534431, 36.62177393719549], [35.24047432534431, 36.62285191553643], [35.24101331451479, 36.62285191553643], [35.24101331451479, 36.62231292636596], [35.24155230368527, 36.62231292636596], [35.24155230368527, 36.62069595885455], [35.24209129285575, 36.62069595885455], [35.24209129285575, 36.620156969684075]]]}, "id": "+399345+87904", "properties": {"area_ha": 4.90086611855884, "count": 17, "label": 1, "mean_dnbr": 0.1736967236704797}}, {"type": "Feature", "geometry": {"geodesic": false, "type": "Polygon", "coordinates": [[[35.24155230368527, 36.86054613971446], [35.24424724953761, 36.86054613971446], [35.24424724953761, 36.86108512888493], [35.24370826036716, 36.86108512888493], [35.24370826036716, 36.8616241180554], [35.24424724953761, 36.8616241180554], [35.24424724953761, 36.862163107225875], [35.2426302820262, 36.862163107225875], [35.2426302820262, 36.86270209639635], [35.24155230368527, 36.86270209639635], [35.24155230368527, 36.862163107225875], [35.24101331451479, 36.862163107225875], [35.24101331451479, 36.8616241180554], [35.24047432534431, 36.8616241180554], [35.24047432534431, 36.86108512888493], [35.24155230368527, 36.86108512888493], [35.24155230368527, 36.86054613971446]]]}, "id": "+399347+87458", "properties": {"area_ha": 5.4603630338267175, "count": 19, "label": 1, "mean_dnbr": 0.514651118860987}}, {"type": "Feature", "geometry": {"geodesic": false, "type": "Polygon", "coordinates": [[[35.24209129285575, 36.940855526114746], [35.24478623870809, 36.940855526114746], [35.24478623870809, 36.94193350445568], [35.24424724953761, 36.94193350445568], [35.24424724953761, 36.942472493626155], [35.24532522787857, 36.942472493626155], [35.24532522787857, 36.94301148279663], [35.24209129285575, 36.94301148279663], [35.24209129285575, 36.94193350445568], [35.24155230368527, 36.94193350445568], [35.24155230368527, 36.94139451528522], [35.24209129285575, 36.94139451528522], [35.24209129285575, 36.940855526114746]]]}, "id": "+399348+87309", "properties": {"area_ha": 6.028799103974549, "count": 21, "label": 1, "mean_dnbr": 0.28449972359831843}}, {"type": "Feature", "geometry": {"geodesic": false, "type": "Polygon", "coordinates": [[[35.24424724953761, 36.76568404571144], [35.24478623870809, 36.76568404571144], [35.24478623870809, 36.76622303488191], [35.2464032062195, 36.76622303488191], [35.2464032062195, 36.766762024052376], [35.24694219538998, 36.766762024052376], [35.24694219538998, 36.76730101322285], [35.247481184560456, 36.76730101322285], [35.247481184560456, 36.76784000239332], [35.24532522787857, 36.76784000239332], [35.24532522787857, 36.768917980734265], [35.24316927119668, 36.768917980734265], [35.24316927119668, 36.76945696990474], [35.2426302820262, 36.76945696990474], [35.2426302820262, 36.768917980734265], [35.24155230368527, 36.768917980734265], [35.24155230368527, 36.76784000239332], [35.24370826036716, 36.76784000239332], [35.24370826036716, 36.766762024052376], [35.24424724953761, 36.766762024052376], [35.24424724953761, 36.76568404571144]]]}, "id": "+399348+87634", "properties": {"area_ha": 9.495440755804767, "count": 33, "label": 1, "mean_dnbr": 0.1813020979924963}}, {"type": "Feature", "geometry": {"geodesic": false, "type": "Polygon", "coordinates": [[[35.24478623870809, 36.86324108556681], [35.24532522787857, 36.86324108556681], [35.24532522787857, 36.863780074737285], [35.245864217049046, 36.863780074737285], [35.245864217049046, 36.86431906390776], [35.2464032062195, 36.86431906390776], [35.2464032062195, 36.86485805307823], [35.24694219538998, 36.86485805307823], [35.24694219538998, 36.86431906390776], [35.249098152071866, 36.86431906390776], [35.249098152071866, 36.86485805307823], [35.247481184560456, 36.86485805307823], [35.247481184560456, 36.8653970422487], [35.245864217049046, 36.8653970422487], [35.245864217049046, 36.865936031419174], [35.24478623870809, 36.865936031419174], [35.24478623870809, 36.8653970422487], [35.24424724953761, 36.8653970422487], [35.24424724953761, 36.86485805307823], [35.24370826036716, 36.86485805307823], [35.24370826036716, 36.86431906390776], [35.24532522787857, 36.86431906390776], [35.24532522787857, 36.863780074737285], [35.24478623870809, 36.863780074737285], [35.24478623870809, 36.86324108556681]]]}, "id": "+399349+87453", "properties": {"area_ha": 5.460135029010941, "count": 19, "label": 1, "mean_dnbr": 0.4296365926944782}}, {"type": "Feature", "geometry": {"geodesic": false, "type": "Polygon", "coordinates": [[[35.24370826036716, 36.85461725883927], [35.24532522787857, 36.85461725883927], [35.24532522787857, 36.855695237180214], [35.245864217049046, 36.855695237180214], [35.245864217049046, 36.85677321552116], [35.2464032062195, 36.85677321552116], [35.2464032062195, 36.857312204691624], [35.245864217049046, 36.857312204691624], [35.245864217049046, 36.857851193862096], [35.24424724953761, 36.857851193862096], [35.24424724953761, 36.85677321552116], [35.24478623870809, 36.85677321552116], [35.24478623870809, 36.85515624800974], [35.24370826036716, 36.85515624800974], [35.24370826036716, 36.85461725883927]]]}, "id": "+399349+87469", "properties": {"area_ha": 4.31110947589832, "count": 15, "label": 1, "mean_dnbr": 0.2536139710956951}}, {"type": "Feature", "geometry": {"geodesic": false, "type": "Polygon", "coordinates": [[[35.24424724953761, 36.76191112151813], [35.24532522787857, 36.76191112151813], [35.24532522787857, 36.76298909985908], [35.245864217049046, 36.76298909985908], [35.245864217049046, 36.765145056540966], [35.2464032062195, 36.765145056540966], [35.2464032062195, 36.76568404571144], [35.245864217049046, 36.76568404571144], [35.245864217049046, 36.765145056540966], [35.24532522787857, 36.765145056540966], [35.24532522787857, 36.76406707820002], [35.24478623870809, 36.76406707820002], [35.24478623870809, 36.76298909985908], [35.24424724953761, 36.76298909985908], [35.24424724953761, 36.76191112151813]]]}, "id": "+399349+87641", "properties": {"area_ha": 3.165317339956294, "count": 11, "label": 1, "mean_dnbr": 0.18701351884799333}}, {"type": "Feature", "geometry": {"geodesic": false, "type": "Polygon", "coordinates": [[[35.24316927119668, 36.70531725861861], [35.24532522787857, 36.70531725861861], [35.24532522787857, 36.70855119364143], [35.24478623870809, 36.70855119364143], [35.24478623870809, 36.71070715032332], [35.24532522787857, 36.71070715032332], [35.24532522787857, 36.712863107005205], [35.24478623870809, 36.712863107005205], [35.24478623870809, 36.71232411783474], [35.24316927119668, 36.71232411783474], [35.24316927119668, 36.71178512866427], [35.2426302820262, 36.71178512866427], [35.2426302820262, 36.711246139493795], [35.24155230368527, 36.711246139493795], [35.24155230368527, 36.71070715032332], [35.24047432534431, 36.71070715032332], [35.24047432534431, 36.70962917198238], [35.24101331451479, 36.70962917198238], [35.24101331451479, 36.70855119364143], [35.24155230368527, 36.70855119364143], [35.24155230368527, 36.706934226130016], [35.24209129285575, 36.706934226130016], [35.24209129285575, 36.70585624778908], [35.24316927119668, 36.70585624778908], [35.24316927119668, 36.70531725861861]]]}, "id": "+399349+87746", "properties": {"area_ha": 24.18871801697821, "count": 84, "label": 1, "mean_dnbr": 0.6022740577782839}}, {"type": "Feature", "geometry": {"geodesic": false, "type": "Polygon", "coordinates": [[[35.24532522787857, 36.97535083302493], [35.245864217049046, 36.97535083302493], [35.245864217049046, 36.97750678970682], [35.24370826036716, 36.97750678970682], [35.24370826036716, 36.97804577887729], [35.24316927119668, 36.97804577887729], [35.24316927119668, 36.97750678970682], [35.24209129285575, 36.97750678970682], [35.24209129285575, 36.97696780053635], [35.24316927119668, 36.97696780053635], [35.24316927119668, 36.97642881136588], [35.24532522787857, 36.97642881136588], [35.24532522787857, 36.97535083302493]]]}, "id": "+399350+87245", "properties": {"area_ha": 4.304301529146811, "count": 15, "label": 1, "mean_dnbr": 0.19719920275395633}}, {"type": "Feature", "geometry": {"geodesic": false, "type": "Polygon", "coordinates": [[[35.24370826036716, 36.800179352621626], [35.2464032062195, 36.800179352621626], [35.2464032062195, 36.8007183417921], [35.24694219538998, 36.8007183417921], [35.24694219538998, 36.80179632013304], [35.247481184560456, 36.80179632013304], [35.247481184560456, 36.802335309303515], [35.24855916290139, 36.802335309303515], [35.24855916290139, 36.80287429847399], [35.249098152071866, 36.80287429847399], [35.249098152071866, 36.80341328764445], [35.2501761304128, 36.80341328764445], [35.2501761304128, 36.803952276814925], [35.250715119583276, 36.803952276814925], [35.250715119583276, 36.8044912659854], [35.251793097924235, 36.8044912659854], [35.251793097924235, 36.80503025515587], [35.252871076265166, 36.80503025515587], [35.252871076265166, 36.80556924432634], [35.253410065435645, 36.80556924432634], [35.253410065435645, 36.806108233496815], [35.252332087094686, 36.806108233496815], [35.252332087094686, 36.80664722266729], [35.251793097924235, 36.80664722266729], [35.251793097924235, 36.80718621183776], [35.251254108753756, 36.80718621183776], [35.251254108753756, 36.806108233496815], [35.250715119583276, 36.806108233496815], [35.250715119583276, 36.80772520100823], [35.2501761304128, 36.80772520100823], [35.2501761304128, 36.808264190178704], [35.249098152071866, 36.808264190178704], [35.249098152071866, 36.80772520100823], [35.24855916290139, 36.80772520100823], [35.24855916290139, 36.80664722266729], [35.248020173730936, 36.80664722266729], [35.248020173730936, 36.806108233496815], [35.24694219538998, 36.806108233496815], [35.24694219538998, 36.80664722266729], [35.2464032062195, 36.80664722266729], [35.2464032062195, 36.806108233496815], [35.245864217049046, 36.806108233496815], [35.245864217049046, 36.80556924432634], [35.24532522787857, 36.80556924432634], [35.24532522787857, 36.80503025515587], [35.24478623870809, 36.80503025515587], [35.24478623870809, 36.8044912659854], [35.24424724953761, 36.8044912659854], [35.24424724953761, 36.803952276814925], [35.24370826036716, 36.803952276814925], [35.24370826036716, 36.80341328764445], [35.24209129285575, 36.80341328764445], [35.24209129285575, 36.80287429847399], [35.24155230368527, 36.80287429847399], [35.24155230368527, 36.802335309303515], [35.24101331451479, 36.802335309303515], [35.24101331451479, 36.80179632013304], [35.24155230368527, 36.80179632013304], [35.24155230368527, 36.80125733096257], [35.2426302820262, 36.80125733096257], [35.2426302820262, 36.8007183417921], [35.24370826036716, 36.8007183417921], [35.24370826036716, 36.800179352621626]], [[35.2501761304128, 36.806108233496815], [35.2501761304128, 36.80664722266729], [35.249637141242346, 36.80664722266729], [35.249637141242346, 36.806108233496815], [35.2501761304128, 36.806108233496815]], [[35.249637141242346, 36.80556924432634], [35.249637141242346, 36.806108233496815], [35.249098152071866, 36.806108233496815], [35.249098152071866, 36.80556924432634], [35.249637141242346, 36.80556924432634]], [[35.247481184560456, 36.80341328764445], [35.247481184560456, 36.8044912659854], [35.24694219538998, 36.8044912659854], [35.24694219538998, 36.803952276814925], [35.2464032062195, 36.803952276814925], [35.2464032062195, 36.80341328764445], [35.247481184560456, 36.80341328764445]], [[35.245864217049046, 36.802335309303515], [35.245864217049046, 36.80287429847399], [35.2464032062195, 36.80287429847399], [35.2464032062195, 36.80341328764445], [35.24532522787857, 36.80341328764445], [35.24532522787857, 36.80287429847399], [35.24478623870809, 36.80287429847399], [35.24478623870809, 36.802335309303515], [35.245864217049046, 36.802335309303515]]]}, "id": "+399351+87570", "properties": {"area_ha": 39.11419255672193, "count": 136, "label": 1, "mean_dnbr": 0.22065805368671165}}, {"type": "Feature", "geometry": {"geodesic": false, "type": "Polygon", "coordinates": [[[35.245864217049046, 36.739812565528794], [35.24694219538998, 36.739812565528794], [35.24694219538998, 36.74142953304021], [35.24478623870809, 36.74142953304021], [35.24478623870809, 36.74196852221068], [35.2426302820262, 36.74196852221068], [35.2426302820262, 36.742507511381156], [35.24532522787857, 36.742507511381156], [35.24532522787857, 36.74196852221068], [35.24694219538998, 36.74196852221068], [35.24694219538998, 36.742507511381156], [35.245864217049046, 36.742507511381156], [35.245864217049046, 36.74304650055162], [35.24478623870809, 36.74304650055162], [35.24478623870809, 36.74358548972209], [35.24209129285575, 36.74358548972209], [35.24209129285575, 36.74304650055162], [35.2426302820262, 36.74304650055162], [35.2426302820262, 36.742507511381156], [35.24101331451479, 36.742507511381156], [35.24101331451479, 36.74304650055162], [35.23993533617386, 36.74304650055162], [35.23993533617386, 36.74142953304021], [35.24155230368527, 36.74142953304021], [35.24155230368527, 36.74089054386974], [35.2426302820262, 36.74089054386974], [35.2426302820262, 36.74035155469927], [35.245864217049046, 36.74035155469927], [35.245864217049046, 36.739812565528794]]]}, "id": "+399352+87682", "properties": {"area_ha": 14.391872885977374, "count": 50, "label": 1, "mean_dnbr": 0.37795966123299213}}, {"type": "Feature", "geometry": {"geodesic": false, "type": "Polygon", "coordinates": [[[35.24478623870809, 37.00553422657135], [35.247481184560456, 37.00553422657135], [35.247481184560456, 37.006612204912294], [35.24694219538998, 37.006612204912294], [35.24694219538998, 37.007151194082766], [35.24478623870809, 37.007151194082766], [35.24478623870809, 37.00553422657135]], [[35.2464032062195, 37.00607321574182], [35.2464032062195, 37.006612204912294], [35.245864217049046, 37.006612204912294], [35.245864217049046, 37.00607321574182], [35.2464032062195, 37.00607321574182]]]}, "id": "+399353+87189", "properties": {"area_ha": 3.7289470849111814, "count": 13, "label": 1, "mean_dnbr": 0.27207262142154204}}, {"type": "Feature", "geometry": {"geodesic": false, "type": "Polygon", "coordinates": [[[35.245864217049046, 36.744124478892566], [35.247481184560456, 36.744124478892566], [35.247481184560456, 36.74466346806304], [35.248020173730936, 36.74466346806304], [35.248020173730936, 36.74520245723351], [35.24855916290139, 36.74520245723351], [35.24855916290139, 36.746280435574455], [35.249098152071866, 36.746280435574455], [35.249098152071866, 36.74681942474493], [35.24855916290139, 36.74681942474493], [35.24855916290139, 36.74789740308587], [35.249098152071866, 36.74789740308587], [35.249098152071866, 36.748436392256345], [35.249637141242346, 36.748436392256345], [35.249637141242346, 36.74897538142681], [35.24855916290139, 36.74897538142681], [35.24855916290139, 36.74789740308587], [35.245864217049046, 36.74789740308587], [35.245864217049046, 36.74681942474493], [35.24370826036716, 36.74681942474493], [35.24370826036716, 36.74574144640398], [35.24478623870809, 36.74574144640398], [35.24478623870809, 36.74520245723351], [35.24532522787857, 36.74520245723351], [35.24532522787857, 36.74466346806304], [35.245864217049046, 36.74466346806304], [35.245864217049046, 36.744124478892566]]]}, "id": "+399353+87674", "properties": {"area_ha": 13.527594992865424, "count": 47, "label": 1, "mean_dnbr": 0.5664500307620518}}, {"type": "Feature", "geometry": {"geodesic": false, "type": "Polygon", "coordinates": [[[35.2464032062195, 36.692381518527284], [35.247481184560456, 36.692381518527284], [35.247481184560456, 36.69292050769776], [35.24855916290139, 36.69292050769776], [35.24855916290139, 36.69345949686823], [35.249637141242346, 36.69345949686823], [35.249637141242346, 36.69507646437964], [35.249098152071866, 36.69507646437964], [35.249098152071866, 36.69561545355011], [35.24855916290139, 36.69561545355011], [35.24855916290139, 36.696154442720584], [35.248020173730936, 36.696154442720584], [35.248020173730936, 36.696693431891056], [35.247481184560456, 36.696693431891056], [35.247481184560456, 36.69723242106153], [35.24694219538998, 36.69723242106153], [35.24694219538998, 36.697771410232], [35.245864217049046, 36.697771410232], [35.245864217049046, 36.69723242106153], [35.24532522787857, 36.69723242106153], [35.24532522787857, 36.696693431891056], [35.24478623870809, 36.696693431891056], [35.24478623870809, 36.69507646437964], [35.24532522787857, 36.69507646437964], [35.24532522787857, 36.69561545355011], [35.245864217049046, 36.69561545355011], [35.245864217049046, 36.69292050769776], [35.2464032062195, 36.69292050769776], [35.2464032062195, 36.692381518527284]], [[35.24694219538998, 36.69292050769776], [35.24694219538998, 36.69345949686823], [35.247481184560456, 36.69345949686823], [35.247481184560456, 36.69453747520917], [35.24694219538998, 36.69453747520917], [35.24694219538998, 36.6939984860387], [35.2464032062195, 36.6939984860387], [35.2464032062195, 36.69292050769776], [35.24694219538998, 36.69292050769776]]]}, "id": "+399353+87770", "properties": {"area_ha": 14.400626903733817, "count": 50, "label": 1, "mean_dnbr": 0.19322924889038998}}, {"type": "Feature", "geometry": {"geodesic": false, "type": "Polygon", "coordinates": [[[35.247481184560456, 36.93762159109191], [35.24855916290139, 36.93762159109191], [35.24855916290139, 36.938160580262384], [35.248020173730936, 36.938160580262384], [35.248020173730936, 36.938699569432856], [35.249098152071866, 36.938699569432856], [35.249098152071866, 36.9397775477738], [35.247481184560456, 36.9397775477738], [35.247481184560456, 36.94031653694427], [35.24532522787857, 36.94031653694427], [35.24532522787857, 36.9397775477738], [35.245864217049046, 36.9397775477738], [35.245864217049046, 36.938160580262384], [35.247481184560456, 36.938160580262384], [35.247481184560456, 36.93762159109191]]]}, "id": "+399355+87315", "properties": {"area_ha": 6.316115049436711, "count": 22, "label": 1, "mean_dnbr": 0.3811804513845925}}, {"type": "Feature", "geometry": {"geodesic": false, "type": "Polygon", "coordinates": [[[35.2464032062195, 36.92414686183012], [35.24855916290139, 36.92414686183012], [35.24855916290139, 36.92468585100059], [35.249098152071866, 36.92468585100059], [35.249098152071866, 36.92522484017106], [35.2501761304128, 36.92522484017106], [35.2501761304128, 36.92684180768248], [35.249098152071866, 36.92684180768248], [35.249098152071866, 36.92738079685295], [35.24532522787857, 36.92738079685295], [35.24532522787857, 36.92791978602342], [35.24424724953761, 36.92791978602342], [35.24424724953761, 36.928458775193896], [35.24316927119668, 36.928458775193896], [35.24316927119668, 36.92738079685295], [35.24370826036716, 36.92738079685295], [35.24370826036716, 36.92684180768248], [35.24424724953761, 36.92684180768248], [35.24424724953761, 36.925763829341534], [35.24370826036716, 36.925763829341534], [35.24370826036716, 36.92468585100059], [35.24424724953761, 36.92468585100059], [35.24424724953761, 36.925763829341534], [35.24478623870809, 36.925763829341534], [35.24478623870809, 36.92522484017106], [35.24532522787857, 36.92522484017106], [35.24532522787857, 36.92468585100059], [35.2464032062195, 36.92468585100059], [35.2464032062195, 36.92414686183012]]]}, "id": "+399355+87340", "properties": {"area_ha": 17.51586241263045, "count": 61, "label": 1, "mean_dnbr": 0.48692392771689513}}, {"type": "Feature", "geometry": {"geodesic": false, "type": "Polygon", "coordinates": [[[35.247481184560456, 36.8750988473172], [35.24855916290139, 36.8750988473172], [35.24855916290139, 36.87671581482861], [35.249098152071866, 36.87671581482861], [35.249098152071866, 36.87725480399908], [35.24532522787857, 36.87725480399908], [35.24532522787857, 36.876176825658135], [35.2464032062195, 36.876176825658135], [35.2464032062195, 36.87563783648766], [35.247481184560456, 36.87563783648766], [35.247481184560456, 36.8750988473172]]]}, "id": "+399355+87431", "properties": {"area_ha": 5.459341408793297, "count": 19, "label": 1, "mean_dnbr": 0.537208104081404}}, {"type": "Feature", "geometry": {"geodesic": false, "type": "Polygon", "coordinates": [[[35.248020173730936, 36.729571771289834], [35.249098152071866, 36.729571771289834], [35.249098152071866, 36.73657863050597], [35.24855916290139, 36.73657863050597], [35.24855916290139, 36.731727727971716], [35.248020173730936, 36.731727727971716], [35.248020173730936, 36.729571771289834]]]}, "id": "+399356+87701", "properties": {"area_ha": 4.893831040210163, "count": 17, "label": 1, "mean_dnbr": 0.3771101960261455}}, {"type": "Feature", "geometry": {"geodesic": false, "type": "Polygon", "coordinates": [[[35.249098152071866, 36.91660101344352], [35.249637141242346, 36.91660101344352], [35.249637141242346, 36.917678991784456], [35.2501761304128, 36.917678991784456], [35.2501761304128, 36.92037393763682], [35.249637141242346, 36.92037393763682], [35.249637141242346, 36.919834948466345], [35.249098152071866, 36.919834948466345], [35.249098152071866, 36.91660101344352]]]}, "id": "+399357+87354", "properties": {"area_ha": 3.158905575954722, "count": 11, "label": 1, "mean_dnbr": 0.4052302253690518}}, {"type": "Feature", "geometry": {"geodesic": false, "type": "Polygon", "coordinates": [[[35.24855916290139, 36.69992736691389], [35.249637141242346, 36.69992736691389], [35.249637141242346, 36.70100534525483], [35.249098152071866, 36.70100534525483], [35.249098152071866, 36.7015443344253], [35.24855916290139, 36.7015443344253], [35.24855916290139, 36.702622312766245], [35.248020173730936, 36.702622312766245], [35.248020173730936, 36.70316130193672], [35.24694219538998, 36.70316130193672], [35.24694219538998, 36.70370029110719], [35.2464032062195, 36.70370029110719], [35.2464032062195, 36.70423928027766], [35.245864217049046, 36.70423928027766], [35.245864217049046, 36.704778269448134], [35.24532522787857, 36.704778269448134], [35.24532522787857, 36.70316130193672], [35.245864217049046, 36.70316130193672], [35.245864217049046, 36.702622312766245], [35.2464032062195, 36.702622312766245], [35.2464032062195, 36.70208332359577], [35.24694219538998, 36.70208332359577], [35.24694219538998, 36.7015443344253], [35.247481184560456, 36.7015443344253], [35.247481184560456, 36.70100534525483], [35.248020173730936, 36.70100534525483], [35.248020173730936, 36.700466356084355], [35.24855916290139, 36.700466356084355], [35.24855916290139, 36.69992736691389]]]}, "id": "+399357+87756", "properties": {"area_ha": 7.199648737377523, "count": 25, "label": 1, "mean_dnbr": 0.32203558637280427}}, {"type": "Feature", "geometry": {"geodesic": false, "type": "Polygon", "coordinates": [[[35.248020173730936, 36.77161292658663], [35.2501761304128, 36.77161292658663], [35.2501761304128, 36.77269090492757], [35.252871076265166, 36.77269090492757], [35.252871076265166, 36.77376888326851], [35.252332087094686, 36.77376888326851], [35.252332087094686, 36.77430787243898], [35.251793097924235, 36.77430787243898], [35.251793097924235, 36.774846861609454], [35.2501761304128, 36.774846861609454], [35.2501761304128, 36.77430787243898], [35.249637141242346, 36.77430787243898], [35.249637141242346, 36.77376888326851], [35.249098152071866, 36.77376888326851], [35.249098152071866, 36.77322989409804], [35.24855916290139, 36.77322989409804], [35.24855916290139, 36.77269090492757], [35.248020173730936, 36.77269090492757], [35.248020173730936, 36.77161292658663]]]}, "id": "+399358+87623", "properties": {"area_ha": 8.919296302052231, "count": 31, "label": 1, "mean_dnbr": 0.662233628291349}}, {"type": "Feature", "geometry": {"geodesic": false, "type": "Polygon", "coordinates": [[[35.251254108753756, 36.94193350445568], [35.252871076265166, 36.94193350445568], [35.252871076265166, 36.942472493626155], [35.253410065435645, 36.942472493626155], [35.253410065435645, 36.9435504719671], [35.252871076265166, 36.9435504719671], [35.252871076265166, 36.94408946113757], [35.252332087094686, 36.94408946113757], [35.252332087094686, 36.944628450308045], [35.251793097924235, 36.944628450308045], [35.251793097924235, 36.94570642864899], [35.251254108753756, 36.94570642864899], [35.251254108753756, 36.946784406989934], [35.250715119583276, 36.946784406989934], [35.250715119583276, 36.94947935284229], [35.2501761304128, 36.94947935284229], [35.2501761304128, 36.95001834201276], [35.24855916290139, 36.95001834201276], [35.24855916290139, 36.942472493626155], [35.251254108753756, 36.942472493626155], [35.251254108753756, 36.94193350445568]]]}, "id": "+399363+87307", "properties": {"area_ha": 23.25283416930362, "count": 81, "label": 1, "mean_dnbr": 0.27189679232069836}}, {"type": "Feature", "geometry": {"geodesic": false, "type": "Polygon", "coordinates": [[[35.251254108753756, 36.74196852221068], [35.252871076265166, 36.74196852221068], [35.252871076265166, 36.74304650055162], [35.253410065435645, 36.74304650055162], [35.253410065435645, 36.744124478892566], [35.253949054606124, 36.744124478892566], [35.253949054606124, 36.74520245723351], [35.254488043776576, 36.74520245723351], [35.254488043776576, 36.74681942474493], [35.253949054606124, 36.74681942474493], [35.253949054606124, 36.7473584139154], [35.252332087094686, 36.7473584139154], [35.252332087094686, 36.74681942474493], [35.251254108753756, 36.74681942474493], [35.251254108753756, 36.746280435574455], [35.251793097924235, 36.746280435574455], [35.251793097924235, 36.74574144640398], [35.2501761304128, 36.74574144640398], [35.2501761304128, 36.74520245723351], [35.250715119583276, 36.74520245723351], [35.250715119583276, 36.74466346806304], [35.2501761304128, 36.74466346806304], [35.2501761304128, 36.744124478892566], [35.249637141242346, 36.744124478892566], [35.249637141242346, 36.74358548972209], [35.2501761304128, 36.74358548972209], [35.2501761304128, 36.742507511381156], [35.251254108753756, 36.742507511381156], [35.251254108753756, 36.74196852221068]]]}, "id": "+399363+87678", "properties": {"area_ha": 16.118302517610086, "count": 56, "label": 1, "mean_dnbr": 0.48062587935503837}}, {"type": "Feature", "geometry": {"geodesic": false, "type": "Polygon", "coordinates": [[[35.251793097924235, 36.921990905148235], [35.253949054606124, 36.921990905148235], [35.253949054606124, 36.923607872659645], [35.254488043776576, 36.923607872659645], [35.254488043776576, 36.92414686183012], [35.255027032947055, 36.92414686183012], [35.255027032947055, 36.92522484017106], [35.255566022117534, 36.92522484017106], [35.255566022117534, 36.926302818512006], [35.252871076265166, 36.926302818512006], [35.252871076265166, 36.92468585100059], [35.252332087094686, 36.92468585100059], [35.252332087094686, 36.92252989431871], [35.251793097924235, 36.92252989431871], [35.251793097924235, 36.92306888348918], [35.2501761304128, 36.92306888348918], [35.2501761304128, 36.92252989431871], [35.251793097924235, 36.92252989431871], [35.251793097924235, 36.921990905148235]]]}, "id": "+399365+87344", "properties": {"area_ha": 10.337482836992088, "count": 36, "label": 1, "mean_dnbr": 0.5879621429984851}}, {"type": "Feature", "geometry": {"geodesic": false, "type": "Polygon", "coordinates": [[[35.253410065435645, 36.721486933732756], [35.253949054606124, 36.721486933732756], [35.253949054606124, 36.7225649120737], [35.253410065435645, 36.7225649120737], [35.253410065435645, 36.72310390124417], [35.254488043776576, 36.72310390124417], [35.254488043776576, 36.7225649120737], [35.255566022117534, 36.7225649120737], [35.255566022117534, 36.72310390124417], [35.256644000458465, 36.72310390124417], [35.256644000458465, 36.72472086875558], [35.256105011287985, 36.72472086875558], [35.256105011287985, 36.72579884709653], [35.253949054606124, 36.72579884709653], [35.253949054606124, 36.723642890414645], [35.252871076265166, 36.723642890414645], [35.252871076265166, 36.725259857926055], [35.252332087094686, 36.725259857926055], [35.252332087094686, 36.723642890414645], [35.252871076265166, 36.723642890414645], [35.252871076265166, 36.72202592290323], [35.253410065435645, 36.72202592290323], [35.253410065435645, 36.721486933732756]]]}, "id": "+399365+87716", "properties": {"area_ha": 9.788753697867024, "count": 34, "label": 1, "mean_dnbr": 0.24386887211167407}}, {"type": "Feature", "geometry": {"geodesic": false, "type": "Polygon", "coordinates": [[[35.254488043776576, 36.764606067370494], [35.255027032947055, 36.764606067370494], [35.255027032947055, 36.76568404571144], [35.255566022117534, 36.76568404571144], [35.255566022117534, 36.76730101322285], [35.256105011287985, 36.76730101322285], [35.256105011287985, 36.76784000239332], [35.255027032947055, 36.76784000239332], [35.255027032947055, 36.76837899156379], [35.254488043776576, 36.76837899156379], [35.254488043776576, 36.768917980734265], [35.253949054606124, 36.768917980734265], [35.253949054606124, 36.76945696990474], [35.252332087094686, 36.76945696990474], [35.252332087094686, 36.768917980734265], [35.251793097924235, 36.768917980734265], [35.251793097924235, 36.76784000239332], [35.251254108753756, 36.76784000239332], [35.251254108753756, 36.766762024052376], [35.250715119583276, 36.766762024052376], [35.250715119583276, 36.76622303488191], [35.251793097924235, 36.76622303488191], [35.251793097924235, 36.76568404571144], [35.253410065435645, 36.76568404571144], [35.253410065435645, 36.765145056540966], [35.254488043776576, 36.765145056540966], [35.254488043776576, 36.764606067370494]]]}, "id": "+399367+87636", "properties": {"area_ha": 14.674865167003588, "count": 51, "label": 1, "mean_dnbr": 0.6497930069551209}}, {"type": "Feature", "geometry": {"geodesic": false, "type": "Polygon", "coordinates": [[[35.255566022117534, 36.84922736713455], [35.256105011287985, 36.84922736713455], [35.256105011287985, 36.849766356305025], [35.258260967969875, 36.849766356305025], [35.258260967969875, 36.8503053454755], [35.260416924651764, 36.8503053454755], [35.260416924651764, 36.85084433464597], [35.26149490299272, 36.85084433464597], [35.26149490299272, 36.851383323816435], [35.262033892163174, 36.851383323816435], [35.262033892163174, 36.85192231298691], [35.262572881333654, 36.85192231298691], [35.262572881333654, 36.85246130215738], [35.26149490299272, 36.85246130215738], [35.26149490299272, 36.85192231298691], [35.260955913822244, 36.85192231298691], [35.260955913822244, 36.851383323816435], [35.25987793548131, 36.851383323816435], [35.25987793548131, 36.85084433464597], [35.257182989628944, 36.85084433464597], [35.257182989628944, 36.8503053454755], [35.255027032947055, 36.8503053454755], [35.255027032947055, 36.849766356305025], [35.255566022117534, 36.849766356305025], [35.255566022117534, 36.84922736713455]]]}, "id": "+399369+87479", "properties": {"area_ha": 5.7485798588067585, "count": 20, "label": 1, "mean_dnbr": 0.43529730727938903}}, {"type": "Feature", "geometry": {"geodesic": false, "type": "Polygon", "coordinates": [[[35.255027032947055, 36.700466356084355], [35.256105011287985, 36.700466356084355], [35.256105011287985, 36.70100534525483], [35.256644000458465, 36.70100534525483], [35.256644000458465, 36.7015443344253], [35.258260967969875, 36.7015443344253], [35.258260967969875, 36.70208332359577], [35.258799957140354, 36.70208332359577], [35.258799957140354, 36.70316130193672], [35.258260967969875, 36.70316130193672], [35.258260967969875, 36.70423928027766], [35.257721978799424, 36.70423928027766], [35.257721978799424, 36.704778269448134], [35.256644000458465, 36.704778269448134], [35.256644000458465, 36.70370029110719], [35.255566022117534, 36.70370029110719], [35.255566022117534, 36.70423928027766], [35.256105011287985, 36.70423928027766], [35.256105011287985, 36.70531725861861], [35.256644000458465, 36.70531725861861], [35.256644000458465, 36.70585624778908], [35.256105011287985, 36.70585624778908], [35.256105011287985, 36.706934226130016], [35.255027032947055, 36.706934226130016], [35.255027032947055, 36.70801220447096], [35.254488043776576, 36.70801220447096], [35.254488043776576, 36.70855119364143], [35.253949054606124, 36.70855119364143], [35.253949054606124, 36.709090182811906], [35.253410065435645, 36.709090182811906], [35.253410065435645, 36.70962917198238], [35.252871076265166, 36.70962917198238], [35.252871076265166, 36.709090182811906], [35.252332087094686, 36.709090182811906], [35.252332087094686, 36.70855119364143], [35.251254108753756, 36.70855119364143], [35.251254108753756, 36.70801220447096], [35.250715119583276, 36.70801220447096], [35.250715119583276, 36.70747321530049], [35.249637141242346, 36.70747321530049], [35.249637141242346, 36.706934226130016], [35.249098152071866, 36.706934226130016], [35.249098152071866, 36.70639523695955], [35.249637141242346, 36.70639523695955], [35.249637141242346, 36.70585624778908], [35.2501761304128, 36.70585624778908], [35.2501761304128, 36.70531725861861], [35.251254108753756, 36.70531725861861], [35.251254108753756, 36.70423928027766], [35.251793097924235, 36.70423928027766], [35.251793097924235, 36.70370029110719], [35.252332087094686, 36.70370029110719], [35.252332087094686, 36.70316130193672], [35.253410065435645, 36.70316130193672], [35.253410065435645, 36.702622312766245], [35.253949054606124, 36.702622312766245], [35.253949054606124, 36.7015443344253], [35.255027032947055, 36.7015443344253], [35.255027032947055, 36.700466356084355]], [[35.255027032947055, 36.70316130193672], [35.255027032947055, 36.70370029110719], [35.254488043776576, 36.70370029110719], [35.254488043776576, 36.70316130193672], [35.255027032947055, 36.70316130193672]], [[35.254488043776576, 36.702622312766245], [35.254488043776576, 36.70316130193672], [35.253949054606124, 36.70316130193672], [35.253949054606124, 36.702622312766245], [35.254488043776576, 36.702622312766245]]]}, "id": "+399369+87755", "properties": {"area_ha": 39.16466209305015, "count": 136, "label": 1, "mean_dnbr": 0.3326938236917767}}, {"type": "Feature", "geometry": {"geodesic": false, "type": "Polygon", "coordinates": [[[35.256105011287985, 36.73442267382408], [35.256644000458465, 36.73442267382408], [35.256644000458465, 36.73496166299455], [35.257182989628944, 36.73496166299455], [35.257182989628944, 36.73550065216502], [35.257721978799424, 36.73550065216502], [35.257721978799424, 36.736039641335495], [35.258260967969875, 36.736039641335495], [35.258260967969875, 36.73657863050597], [35.258799957140354, 36.73657863050597], [35.258799957140354, 36.73711761967643], [35.25987793548131, 36.73711761967643], [35.25987793548131, 36.73873458718785], [35.260416924651764, 36.73873458718785], [35.260416924651764, 36.73927357635832], [35.259338946310834, 36.73927357635832], [35.259338946310834, 36.739812565528794], [35.258799957140354, 36.739812565528794], [35.258799957140354, 36.74035155469927], [35.257721978799424, 36.74035155469927], [35.257721978799424, 36.74089054386974], [35.253949054606124, 36.74089054386974], [35.253949054606124, 36.74035155469927], [35.254488043776576, 36.74035155469927], [35.254488043776576, 36.739812565528794], [35.253949054606124, 36.739812565528794], [35.253949054606124, 36.73927357635832], [35.252871076265166, 36.73927357635832], [35.252871076265166, 36.73873458718785], [35.254488043776576, 36.73873458718785], [35.254488043776576, 36.737656608846905], [35.253949054606124, 36.737656608846905], [35.253949054606124, 36.73711761967643], [35.253410065435645, 36.73711761967643], [35.253410065435645, 36.736039641335495], [35.254488043776576, 36.736039641335495], [35.254488043776576, 36.737656608846905], [35.255027032947055, 36.737656608846905], [35.255027032947055, 36.73873458718785], [35.255566022117534, 36.73873458718785], [35.255566022117534, 36.73927357635832], [35.257182989628944, 36.73927357635832], [35.257182989628944, 36.73873458718785], [35.258260967969875, 36.73873458718785], [35.258260967969875, 36.737656608846905], [35.257182989628944, 36.737656608846905], [35.257182989628944, 36.73657863050597], [35.256644000458465, 36.73657863050597], [35.256644000458465, 36.73550065216502], [35.255566022117534, 36.73550065216502], [35.255566022117534, 36.73496166299455], [35.256105011287985, 36.73496166299455], [35.256105011287985, 36.73442267382408]]]}, "id": "+399370+87692", "properties": {"area_ha": 18.998145239289318, "count": 66, "label": 1, "mean_dnbr": 0.3936397006724259}}, {"type": "Feature", "geometry": {"geodesic": false, "type": "Polygon", "coordinates": [[[35.256644000458465, 36.932231699387195], [35.258799957140354, 36.932231699387195], [35.258799957140354, 36.93330967772814], [35.259338946310834, 36.93330967772814], [35.259338946310834, 36.93384866689861], [35.257182989628944, 36.93384866689861], [35.257182989628944, 36.93330967772814], [35.256644000458465, 36.93330967772814], [35.256644000458465, 36.932231699387195]]]}, "id": "+399374+87325", "properties": {"area_ha": 3.4454255073050217, "count": 12, "label": 1, "mean_dnbr": 0.3707144312735255}}, {"type": "Feature", "geometry": {"geodesic": false, "type": "Polygon", "coordinates": [[[35.258799957140354, 36.611533142956525], [35.259338946310834, 36.611533142956525], [35.259338946310834, 36.612072132127], [35.260416924651764, 36.612072132127], [35.260416924651764, 36.61261112129747], [35.259338946310834, 36.61261112129747], [35.259338946310834, 36.61315011046794], [35.25987793548131, 36.61315011046794], [35.25987793548131, 36.613689099638414], [35.260416924651764, 36.613689099638414], [35.260416924651764, 36.614228088808886], [35.25987793548131, 36.614228088808886], [35.25987793548131, 36.61476707797936], [35.259338946310834, 36.61476707797936], [35.259338946310834, 36.613689099638414], [35.258799957140354, 36.613689099638414], [35.258799957140354, 36.61315011046794], [35.258260967969875, 36.61315011046794], [35.258260967969875, 36.61261112129747], [35.258799957140354, 36.61261112129747], [35.258799957140354, 36.611533142956525]]]}, "id": "+399375+87920", "properties": {"area_ha": 3.1715157728286525, "count": 11, "label": 1, "mean_dnbr": 0.17911201997360235}}, {"type": "Feature", "geometry": {"geodesic": false, "type": "Polygon", "coordinates": [[[35.259338946310834, 36.8158100385653], [35.25987793548131, 36.8158100385653], [35.25987793548131, 36.81688801690625], [35.260416924651764, 36.81688801690625], [35.260416924651764, 36.81904397358814], [35.260955913822244, 36.81904397358814], [35.260955913822244, 36.820660941099554], [35.26149490299272, 36.820660941099554], [35.26149490299272, 36.81904397358814], [35.262033892163174, 36.81904397358814], [35.262033892163174, 36.81796599524719], [35.262572881333654, 36.81796599524719], [35.262572881333654, 36.81688801690625], [35.26365085967461, 36.81688801690625], [35.26365085967461, 36.81742700607672], [35.264189848845064, 36.81742700607672], [35.264189848845064, 36.81796599524719], [35.26472883801554, 36.81796599524719], [35.26472883801554, 36.818504984417665], [35.2658068163565, 36.818504984417665], [35.2658068163565, 36.81904397358814], [35.26634580552695, 36.81904397358814], [35.26634580552695, 36.820660941099554], [35.26688479469743, 36.820660941099554], [35.26688479469743, 36.82173891944049], [35.26742378386791, 36.82173891944049], [35.26742378386791, 36.822277908610964], [35.26850176220884, 36.822277908610964], [35.26850176220884, 36.82173891944049], [35.26904075137932, 36.82173891944049], [35.26904075137932, 36.82119993027002], [35.2695797405498, 36.82119993027002], [35.2695797405498, 36.820660941099554], [35.27065771889073, 36.820660941099554], [35.27065771889073, 36.82012195192908], [35.27173569723169, 36.82012195192908], [35.27173569723169, 36.81958296275861], [35.2733526647431, 36.81958296275861], [35.2733526647431, 36.82012195192908], [35.27389165391355, 36.82012195192908], [35.27389165391355, 36.820660941099554], [35.27550862142499, 36.820660941099554], [35.27550862142499, 36.82012195192908], [35.2771255889364, 36.82012195192908], [35.2771255889364, 36.81958296275861], [35.27766457810688, 36.81958296275861], [35.27766457810688, 36.82012195192908], [35.2771255889364, 36.82012195192908], [35.2771255889364, 36.822277908610964], [35.27874255644781, 36.822277908610964], [35.27874255644781, 36.822816897781436], [35.27928154561829, 36.822816897781436], [35.27928154561829, 36.82335588695191], [35.28035952395922, 36.82335588695191], [35.28035952395922, 36.8255118436338], [35.27874255644781, 36.8255118436338], [35.27874255644781, 36.824972854463326], [35.27820356727733, 36.824972854463326], [35.27820356727733, 36.82443386529285], [35.27766457810688, 36.82443386529285], [35.27766457810688, 36.82335588695191], [35.27658659976592, 36.82335588695191], [35.27658659976592, 36.822277908610964], [35.27550862142499, 36.822277908610964], [35.27550862142499, 36.822816897781436], [35.27496963225451, 36.822816897781436], [35.27496963225451, 36.82335588695191], [35.27281367557262, 36.82335588695191], [35.27281367557262, 36.82389487612238], [35.27011872972025, 36.82389487612238], [35.27011872972025, 36.82605083280427], [35.27065771889073, 36.82605083280427], [35.27065771889073, 36.82658982197474], [35.27119670806121, 36.82658982197474], [35.27119670806121, 36.82712881114521], [35.27173569723169, 36.82712881114521], [35.27173569723169, 36.82820678948615], [35.27281367557262, 36.82820678948615], [35.27281367557262, 36.8292847678271], [35.27496963225451, 36.8292847678271], [35.27496963225451, 36.828745778656625], [35.27604761059544, 36.828745778656625], [35.27604761059544, 36.82766780031568], [35.27658659976592, 36.82766780031568], [35.27658659976592, 36.8292847678271], [35.27604761059544, 36.8292847678271], [35.27604761059544, 36.830901735338514], [35.27658659976592, 36.830901735338514], [35.27658659976592, 36.83197971367946], [35.27496963225451, 36.83197971367946], [35.27496963225451, 36.83144072450899], [35.27443064308403, 36.83144072450899], [35.27443064308403, 36.83036274616804], [35.2733526647431, 36.83036274616804], [35.2733526647431, 36.82982375699757], [35.27227468640214, 36.82982375699757], [35.27227468640214, 36.83036274616804], [35.27065771889073, 36.83036274616804], [35.27065771889073, 36.830901735338514], [35.26904075137932, 36.830901735338514], [35.26904075137932, 36.83144072450899], [35.26850176220884, 36.83144072450899], [35.26850176220884, 36.830901735338514], [35.26796277303836, 36.830901735338514], [35.26796277303836, 36.82982375699757], [35.26742378386791, 36.82982375699757], [35.26742378386791, 36.8292847678271], [35.26688479469743, 36.8292847678271], [35.26688479469743, 36.828745778656625], [35.26634580552695, 36.828745778656625], [35.26634580552695, 36.82820678948615], [35.2658068163565, 36.82820678948615], [35.2658068163565, 36.82766780031568], [35.26526782718602, 36.82766780031568], [35.26526782718602, 36.82712881114521], [35.26472883801554, 36.82712881114521], [35.26472883801554, 36.82605083280427], [35.264189848845064, 36.82605083280427], [35.264189848845064, 36.8255118436338], [35.262033892163174, 36.8255118436338], [35.262033892163174, 36.82658982197474], [35.260955913822244, 36.82658982197474], [35.260955913822244, 36.82712881114521], [35.25987793548131, 36.82712881114521], [35.25987793548131, 36.82766780031568], [35.254488043776576, 36.82766780031568], [35.254488043776576, 36.82712881114521], [35.253410065435645, 36.82712881114521], [35.253410065435645, 36.82605083280427], [35.252871076265166, 36.82605083280427], [35.252871076265166, 36.824972854463326], [35.252332087094686, 36.824972854463326], [35.252332087094686, 36.82389487612238], [35.251793097924235, 36.82389487612238], [35.251793097924235, 36.82335588695191], [35.251254108753756, 36.82335588695191], [35.251254108753756, 36.82173891944049], [35.255027032947055, 36.82173891944049], [35.255027032947055, 36.82119993027002], [35.260416924651764, 36.82119993027002], [35.260416924651764, 36.81958296275861], [35.25987793548131, 36.81958296275861], [35.25987793548131, 36.81796599524719], [35.259338946310834, 36.81796599524719], [35.259338946310834, 36.8158100385653]], [[35.27550862142499, 36.82173891944049], [35.27550862142499, 36.822277908610964], [35.27496963225451, 36.822277908610964], [35.27496963225451, 36.82173891944049], [35.27550862142499, 36.82173891944049]], [[35.26149490299272, 36.82119993027002], [35.26149490299272, 36.82173891944049], [35.260955913822244, 36.82173891944049], [35.260955913822244, 36.82119993027002], [35.26149490299272, 36.82119993027002]], [[35.27496963225451, 36.82119993027002], [35.27496963225451, 36.82173891944049], [35.27443064308403, 36.82173891944049], [35.27443064308403, 36.82119993027002], [35.27496963225451, 36.82119993027002]]]}, "id": "+399376+87541", "properties": {"area_ha": 176.5425273399869, "count": 614, "label": 1, "mean_dnbr": 0.2944467255333315}}, {"type": "Feature", "geometry": {"geodesic": false, "type": "Polygon", "coordinates": [[[35.25987793548131, 36.74035155469927], [35.260416924651764, 36.74035155469927], [35.260416924651764, 36.74142953304021], [35.25987793548131, 36.74142953304021], [35.25987793548131, 36.74196852221068], [35.258799957140354, 36.74196852221068], [35.258799957140354, 36.742507511381156], [35.258260967969875, 36.742507511381156], [35.258260967969875, 36.74304650055162], [35.257721978799424, 36.74304650055162], [35.257721978799424, 36.744124478892566], [35.257182989628944, 36.744124478892566], [35.257182989628944, 36.74466346806304], [35.257721978799424, 36.74466346806304], [35.257721978799424, 36.74520245723351], [35.257182989628944, 36.74520245723351], [35.257182989628944, 36.74574144640398], [35.256105011287985, 36.74574144640398], [35.256105011287985, 36.74520245723351], [35.255027032947055, 36.74520245723351], [35.255027032947055, 36.744124478892566], [35.254488043776576, 36.744124478892566], [35.254488043776576, 36.742507511381156], [35.253949054606124, 36.742507511381156], [35.253949054606124, 36.74142953304021], [35.254488043776576, 36.74142953304021], [35.254488043776576, 36.74196852221068], [35.256644000458465, 36.74196852221068], [35.256644000458465, 36.74142953304021], [35.258260967969875, 36.74142953304021], [35.258260967969875, 36.74089054386974], [35.25987793548131, 36.74089054386974], [35.25987793548131, 36.74035155469927]]]}, "id": "+399377+87681", "properties": {"area_ha": 14.679478342515644, "count": 51, "label": 1, "mean_dnbr": 0.20456078566006541}}, {"type": "Feature", "geometry": {"geodesic": false, "type": "Polygon", "coordinates": [[[35.260955913822244, 36.611533142956525], [35.262033892163174, 36.611533142956525], [35.262033892163174, 36.612072132127], [35.26311187050413, 36.612072132127], [35.26311187050413, 36.61261112129747], [35.26365085967461, 36.61261112129747], [35.26365085967461, 36.61315011046794], [35.262033892163174, 36.61315011046794], [35.262033892163174, 36.614228088808886], [35.260955913822244, 36.614228088808886], [35.260955913822244, 36.61261112129747], [35.262033892163174, 36.61261112129747], [35.262033892163174, 36.612072132127], [35.260955913822244, 36.612072132127], [35.260955913822244, 36.611533142956525]]]}, "id": "+399380+87920", "properties": {"area_ha": 3.748166478663076, "count": 13, "label": 1, "mean_dnbr": 0.17163442541759052}}, {"type": "Feature", "geometry": {"geodesic": false, "type": "Polygon", "coordinates": [[[35.262572881333654, 36.73819559801738], [35.26311187050413, 36.73819559801738], [35.26311187050413, 36.73873458718785], [35.264189848845064, 36.73873458718785], [35.264189848845064, 36.73927357635832], [35.2658068163565, 36.73927357635832], [35.2658068163565, 36.739812565528794], [35.26634580552695, 36.739812565528794], [35.26634580552695, 36.74035155469927], [35.26796277303836, 36.74035155469927], [35.26796277303836, 36.74089054386974], [35.26850176220884, 36.74089054386974], [35.26850176220884, 36.74142953304021], [35.27065771889073, 36.74142953304021], [35.27065771889073, 36.74196852221068], [35.27173569723169, 36.74196852221068], [35.27173569723169, 36.744124478892566], [35.27443064308403, 36.744124478892566], [35.27443064308403, 36.74358548972209], [35.27389165391355, 36.74358548972209], [35.27389165391355, 36.74304650055162], [35.2771255889364, 36.74304650055162], [35.2771255889364, 36.74358548972209], [35.27874255644781, 36.74358548972209], [35.27874255644781, 36.744124478892566], [35.27928154561829, 36.744124478892566], [35.27928154561829, 36.74358548972209], [35.27982053478874, 36.74358548972209], [35.27982053478874, 36.74520245723351], [35.27928154561829, 36.74520245723351], [35.27928154561829, 36.746280435574455], [35.27874255644781, 36.746280435574455], [35.27874255644781, 36.74681942474493], [35.27820356727733, 36.74681942474493], [35.27820356727733, 36.7473584139154], [35.27766457810688, 36.7473584139154], [35.27766457810688, 36.74789740308587], [35.2771255889364, 36.74789740308587], [35.2771255889364, 36.748436392256345], [35.27982053478874, 36.748436392256345], [35.27982053478874, 36.74897538142681], [35.28035952395922, 36.74897538142681], [35.28035952395922, 36.75059234893823], [35.27982053478874, 36.75059234893823], [35.27982053478874, 36.7511313381087], [35.27928154561829, 36.7511313381087], [35.27928154561829, 36.75167032727917], [35.27820356727733, 36.75167032727917], [35.27820356727733, 36.7511313381087], [35.27766457810688, 36.7511313381087], [35.27766457810688, 36.75059234893823], [35.27604761059544, 36.75059234893823], [35.27604761059544, 36.7511313381087], [35.27550862142499, 36.7511313381087], [35.27550862142499, 36.75059234893823], [35.27604761059544, 36.75059234893823], [35.27604761059544, 36.750053359767755], [35.27550862142499, 36.750053359767755], [35.27550862142499, 36.74951437059728], [35.27658659976592, 36.74951437059728], [35.27658659976592, 36.74897538142681], [35.2771255889364, 36.74897538142681], [35.2771255889364, 36.748436392256345], [35.27658659976592, 36.748436392256345], [35.27658659976592, 36.74681942474493], [35.27604761059544, 36.74681942474493], [35.27604761059544, 36.746280435574455], [35.27658659976592, 36.746280435574455], [35.27658659976592, 36.74574144640398], [35.27550862142499, 36.74574144640398], [35.27550862142499, 36.74520245723351], [35.2733526647431, 36.74520245723351], [35.2733526647431, 36.74466346806304], [35.27227468640214, 36.74466346806304], [35.27227468640214, 36.74520245723351], [35.26904075137932, 36.74520245723351], [35.26904075137932, 36.74466346806304], [35.26742378386791, 36.74466346806304], [35.26742378386791, 36.74358548972209], [35.26850176220884, 36.74358548972209], [35.26850176220884, 36.742507511381156], [35.26796277303836, 36.742507511381156], [35.26796277303836, 36.74196852221068], [35.26688479469743, 36.74196852221068], [35.26688479469743, 36.74142953304021], [35.2658068163565, 36.74142953304021], [35.2658068163565, 36.74089054386974], [35.26526782718602, 36.74089054386974], [35.26526782718602, 36.74035155469927], [35.26365085967461, 36.74035155469927], [35.26365085967461, 36.739812565528794], [35.26311187050413, 36.739812565528794], [35.26311187050413, 36.73927357635832], [35.262572881333654, 36.73927357635832], [35.262572881333654, 36.73819559801738]]]}, "id": "+399382+87685", "properties": {"area_ha": 49.79388233084857, "count": 173, "label": 1, "mean_dnbr": 0.44082159511774044}}, {"type": "Feature", "geometry": {"geodesic": false, "type": "Polygon", "coordinates": [[[35.262033892163174, 36.89611942496559], [35.26365085967461, 36.89611942496559], [35.26365085967461, 36.89665841413606], [35.26472883801554, 36.89665841413606], [35.26472883801554, 36.89773639247701], [35.26526782718602, 36.89773639247701], [35.26526782718602, 36.89827538164748], [35.262033892163174, 36.89827538164748], [35.262033892163174, 36.89611942496559]]]}, "id": "+399383+87392", "properties": {"area_ha": 5.457831701553517, "count": 19, "label": 1, "mean_dnbr": 0.5507579153773815}}, {"type": "Feature", "geometry": {"geodesic": false, "type": "Polygon", "coordinates": [[[35.26365085967461, 36.94301148279663], [35.26472883801554, 36.94301148279663], [35.26472883801554, 36.9435504719671], [35.26526782718602, 36.9435504719671], [35.26526782718602, 36.94408946113757], [35.26472883801554, 36.94408946113757], [35.26472883801554, 36.944628450308045], [35.264189848845064, 36.944628450308045], [35.264189848845064, 36.94570642864899], [35.26472883801554, 36.94570642864899], [35.26472883801554, 36.94624541781946], [35.26526782718602, 36.94624541781946], [35.26526782718602, 36.946784406989934], [35.26472883801554, 36.946784406989934], [35.26472883801554, 36.94732339616041], [35.26311187050413, 36.94732339616041], [35.26311187050413, 36.946784406989934], [35.262033892163174, 36.946784406989934], [35.262033892163174, 36.94624541781946], [35.260955913822244, 36.94624541781946], [35.260955913822244, 36.94516743947852], [35.262572881333654, 36.94516743947852], [35.262572881333654, 36.94408946113757], [35.26311187050413, 36.94408946113757], [35.26311187050413, 36.9435504719671], [35.26365085967461, 36.9435504719671], [35.26365085967461, 36.94301148279663]]]}, "id": "+399385+87305", "properties": {"area_ha": 10.047529779479092, "count": 35, "label": 1, "mean_dnbr": 0.26433619685509135}}, {"type": "Feature", "geometry": {"geodesic": false, "type": "Polygon", "coordinates": [[[35.26365085967461, 36.75598224064294], [35.26472883801554, 36.75598224064294], [35.26472883801554, 36.756521229813416], [35.2658068163565, 36.756521229813416], [35.2658068163565, 36.75706021898389], [35.26634580552695, 36.75706021898389], [35.26634580552695, 36.75759920815436], [35.26742378386791, 36.75759920815436], [35.26742378386791, 36.75813819732483], [35.26850176220884, 36.75813819732483], [35.26850176220884, 36.75921617566578], [35.26904075137932, 36.75921617566578], [35.26904075137932, 36.76406707820002], [35.26688479469743, 36.76406707820002], [35.26688479469743, 36.76352808902955], [35.26472883801554, 36.76352808902955], [35.26472883801554, 36.76029415400672], [35.26365085967461, 36.76029415400672], [35.26365085967461, 36.75975516483625], [35.26472883801554, 36.75975516483625], [35.26472883801554, 36.75921617566578], [35.26526782718602, 36.75921617566578], [35.26526782718602, 36.758677186495305], [35.264189848845064, 36.758677186495305], [35.264189848845064, 36.75813819732483], [35.26365085967461, 36.75813819732483], [35.26365085967461, 36.75759920815436], [35.26311187050413, 36.75759920815436], [35.26311187050413, 36.756521229813416], [35.26365085967461, 36.756521229813416], [35.26365085967461, 36.75598224064294]], [[35.26742378386791, 36.75813819732483], [35.26742378386791, 36.758677186495305], [35.26688479469743, 36.758677186495305], [35.26688479469743, 36.75813819732483], [35.26742378386791, 36.75813819732483]]]}, "id": "+399385+87652", "properties": {"area_ha": 29.64013492191997, "count": 103, "label": 1, "mean_dnbr": 0.5784279826425629}}, {"type": "Feature", "geometry": {"geodesic": false, "type": "Polygon", "coordinates": [[[35.262033892163174, 36.750053359767755], [35.26526782718602, 36.750053359767755], [35.26526782718602, 36.75328729479059], [35.26472883801554, 36.75328729479059], [35.26472883801554, 36.75436527313153], [35.26311187050413, 36.75436527313153], [35.26311187050413, 36.75544325147247], [35.262572881333654, 36.75544325147247], [35.262572881333654, 36.75598224064294], [35.26149490299272, 36.75598224064294], [35.26149490299272, 36.75706021898389], [35.262033892163174, 36.75706021898389], [35.262033892163174, 36.75759920815436], [35.259338946310834, 36.75759920815436], [35.259338946310834, 36.754904262302], [35.26149490299272, 36.754904262302], [35.26149490299272, 36.75544325147247], [35.262033892163174, 36.75544325147247], [35.262033892163174, 36.75328729479059], [35.262572881333654, 36.75328729479059], [35.262572881333654, 36.752748305620116], [35.262033892163174, 36.752748305620116], [35.262033892163174, 36.75167032727917], [35.262572881333654, 36.75167032727917], [35.262572881333654, 36.7511313381087], [35.262033892163174, 36.7511313381087], [35.262033892163174, 36.750053359767755]]]}, "id": "+399386+87663", "properties": {"area_ha": 20.433307418346217, "count": 71, "label": 1, "mean_dnbr": 0.4903578079278915}}, {"type": "Feature", "geometry": {"geodesic": false, "type": "Polygon", "coordinates": [[[35.2658068163565, 36.90582123003408], [35.26634580552695, 36.90582123003408], [35.26634580552695, 36.90636021920455], [35.26688479469743, 36.90636021920455], [35.26688479469743, 36.90689920837502], [35.26742378386791, 36.90689920837502], [35.26742378386791, 36.907438197545495], [35.26796277303836, 36.907438197545495], [35.26796277303836, 36.90797718671597], [35.2658068163565, 36.90797718671597], [35.2658068163565, 36.907438197545495], [35.26526782718602, 36.907438197545495], [35.26526782718602, 36.90636021920455], [35.2658068163565, 36.90636021920455], [35.2658068163565, 36.90582123003408]]]}, "id": "+399388+87374", "properties": {"area_ha": 3.4466032037074563, "count": 12, "label": 1, "mean_dnbr": 0.374497531019591}}, {"type": "Feature", "geometry": {"geodesic": false, "type": "Polygon", "coordinates": [[[35.264189848845064, 36.73064974963077], [35.26634580552695, 36.73064974963077], [35.26634580552695, 36.731727727971716], [35.26688479469743, 36.731727727971716], [35.26688479469743, 36.73280570631266], [35.26796277303836, 36.73280570631266], [35.26796277303836, 36.73334469548313], [35.26850176220884, 36.73334469548313], [35.26850176220884, 36.73496166299455], [35.26796277303836, 36.73496166299455], [35.26796277303836, 36.73550065216502], [35.26742378386791, 36.73550065216502], [35.26742378386791, 36.73442267382408], [35.26688479469743, 36.73442267382408], [35.26688479469743, 36.733883684653605], [35.26634580552695, 36.733883684653605], [35.26634580552695, 36.73334469548313], [35.2658068163565, 36.73334469548313], [35.2658068163565, 36.73280570631266], [35.26526782718602, 36.73280570631266], [35.26526782718602, 36.731727727971716], [35.26472883801554, 36.731727727971716], [35.26472883801554, 36.731188738801244], [35.264189848845064, 36.731188738801244], [35.264189848845064, 36.73064974963077]]]}, "id": "+399388+87699", "properties": {"area_ha": 7.772519594615445, "count": 27, "label": 1, "mean_dnbr": 0.591253872221798}}, {"type": "Feature", "geometry": {"geodesic": false, "type": "Polygon", "coordinates": [[[35.26634580552695, 36.7473584139154], [35.26688479469743, 36.7473584139154], [35.26688479469743, 36.74789740308587], [35.2695797405498, 36.74789740308587], [35.2695797405498, 36.74897538142681], [35.27065771889073, 36.74897538142681], [35.27065771889073, 36.748436392256345], [35.27119670806121, 36.748436392256345], [35.27119670806121, 36.74951437059728], [35.27065771889073, 36.74951437059728], [35.27065771889073, 36.750053359767755], [35.27011872972025, 36.750053359767755], [35.27011872972025, 36.74951437059728], [35.26904075137932, 36.74951437059728], [35.26904075137932, 36.74897538142681], [35.26688479469743, 36.74897538142681], [35.26688479469743, 36.748436392256345], [35.2658068163565, 36.748436392256345], [35.2658068163565, 36.74789740308587], [35.26634580552695, 36.74789740308587], [35.26634580552695, 36.7473584139154]]]}, "id": "+399389+87668", "properties": {"area_ha": 5.468422423565269, "count": 19, "label": 1, "mean_dnbr": 0.2195669696160627}}, {"type": "Feature", "geometry": {"geodesic": false, "type": "Polygon", "coordinates": [[[35.26688479469743, 36.869708955612474], [35.26742378386791, 36.869708955612474], [35.26742378386791, 36.870247944782946], [35.26796277303836, 36.870247944782946], [35.26796277303836, 36.87078693395342], [35.2695797405498, 36.87078693395342], [35.2695797405498, 36.87132592312389], [35.27011872972025, 36.87132592312389], [35.27011872972025, 36.87186491229436], [35.27065771889073, 36.87186491229436], [35.27065771889073, 36.872403901464835], [35.27119670806121, 36.872403901464835], [35.27119670806121, 36.87294289063531], [35.27173569723169, 36.87294289063531], [35.27173569723169, 36.87348187980578], [35.27119670806121, 36.87348187980578], [35.27119670806121, 36.87402086897625], [35.27065771889073, 36.87402086897625], [35.27065771889073, 36.87348187980578], [35.2695797405498, 36.87348187980578], [35.2695797405498, 36.87294289063531], [35.26796277303836, 36.87294289063531], [35.26796277303836, 36.872403901464835], [35.26742378386791, 36.872403901464835], [35.26742378386791, 36.87186491229436], [35.26634580552695, 36.87186491229436], [35.26634580552695, 36.87078693395342], [35.26688479469743, 36.87078693395342], [35.26688479469743, 36.869708955612474]]]}, "id": "+399390+87441", "properties": {"area_ha": 9.482511699851159, "count": 33, "label": 1, "mean_dnbr": 0.43151136760853054}}, {"type": "Feature", "geometry": {"geodesic": false, "type": "Polygon", "coordinates": [[[35.26688479469743, 36.843298486259364], [35.26796277303836, 36.843298486259364], [35.26796277303836, 36.84383747542984], [35.26742378386791, 36.84383747542984], [35.26742378386791, 36.84437646460031], [35.26688479469743, 36.84437646460031], [35.26688479469743, 36.84491545377078], [35.26526782718602, 36.84491545377078], [35.26526782718602, 36.84545444294125], [35.26472883801554, 36.84545444294125], [35.26472883801554, 36.84437646460031], [35.26526782718602, 36.84437646460031], [35.26526782718602, 36.84383747542984], [35.26688479469743, 36.84383747542984], [35.26688479469743, 36.843298486259364]]]}, "id": "+399391+87490", "properties": {"area_ha": 3.1619793096733835, "count": 11, "label": 1, "mean_dnbr": 0.3335842347039846}}, {"type": "Feature", "geometry": {"geodesic": false, "type": "Polygon", "coordinates": [[[35.26796277303836, 36.94894036367182], [35.26850176220884, 36.94894036367182], [35.26850176220884, 36.94947935284229], [35.26904075137932, 36.94947935284229], [35.26904075137932, 36.95001834201276], [35.2695797405498, 36.95001834201276], [35.2695797405498, 36.951096320353706], [35.26904075137932, 36.951096320353706], [35.26904075137932, 36.95163530952418], [35.26850176220884, 36.95163530952418], [35.26850176220884, 36.954869244547005], [35.26688479469743, 36.954869244547005], [35.26688479469743, 36.95433025537653], [35.26634580552695, 36.95433025537653], [35.26634580552695, 36.95379126620606], [35.26688479469743, 36.95379126620606], [35.26688479469743, 36.95217429869465], [35.26742378386791, 36.95217429869465], [35.26742378386791, 36.951096320353706], [35.26796277303836, 36.951096320353706], [35.26796277303836, 36.94894036367182]]]}, "id": "+399392+87294", "properties": {"area_ha": 8.611397432029753, "count": 30, "label": 1, "mean_dnbr": 0.5509794906157306}}, {"type": "Feature", "geometry": {"geodesic": false, "type": "Polygon", "coordinates": [[[35.26688479469743, 36.91282808925021], [35.26904075137932, 36.91282808925021], [35.26904075137932, 36.91390606759116], [35.27065771889073, 36.91390606759116], [35.27065771889073, 36.91444505676163], [35.2695797405498, 36.91444505676163], [35.2695797405498, 36.915523035102574], [35.26796277303836, 36.915523035102574], [35.26796277303836, 36.9149840459321], [35.26688479469743, 36.9149840459321], [35.26688479469743, 36.91282808925021]]]}, "id": "+399393+87361", "properties": {"area_ha": 6.605363159113751, "count": 23, "label": 1, "mean_dnbr": 0.47339934658901395}}, {"type": "Feature", "geometry": {"geodesic": false, "type": "Polygon", "coordinates": [[[35.26850176220884, 36.83629162704323], [35.26904075137932, 36.83629162704323], [35.26904075137932, 36.8368306162137], [35.2695797405498, 36.8368306162137], [35.2695797405498, 36.83790859455465], [35.27011872972025, 36.83790859455465], [35.27011872972025, 36.83898657289559], [35.27065771889073, 36.83898657289559], [35.27065771889073, 36.83952556206606], [35.27119670806121, 36.83952556206606], [35.27119670806121, 36.84006455123653], [35.27173569723169, 36.84006455123653], [35.27173569723169, 36.83952556206606], [35.27227468640214, 36.83952556206606], [35.27227468640214, 36.84006455123653], [35.27281367557262, 36.84006455123653], [35.27281367557262, 36.83952556206606], [35.2733526647431, 36.83952556206606], [35.2733526647431, 36.83898657289559], [35.27389165391355, 36.83898657289559], [35.27389165391355, 36.83844758372512], [35.27443064308403, 36.83844758372512], [35.27443064308403, 36.83898657289559], [35.27550862142499, 36.83898657289559], [35.27550862142499, 36.83952556206606], [35.27496963225451, 36.83952556206606], [35.27496963225451, 36.84006455123653], [35.27443064308403, 36.84006455123653], [35.27443064308403, 36.840603540407], [35.27281367557262, 36.840603540407], [35.27281367557262, 36.841142529577475], [35.27173569723169, 36.841142529577475], [35.27173569723169, 36.84168151874795], [35.27065771889073, 36.84168151874795], [35.27065771889073, 36.841142529577475], [35.2695797405498, 36.841142529577475], [35.2695797405498, 36.83844758372512], [35.26904075137932, 36.83844758372512], [35.26904075137932, 36.8368306162137], [35.26850176220884, 36.8368306162137], [35.26850176220884, 36.83629162704323]]]}, "id": "+399393+87503", "properties": {"area_ha": 10.923859357742316, "count": 38, "label": 1, "mean_dnbr": 0.24586986340402456}}, {"type": "Feature", "geometry": {"geodesic": false, "type": "Polygon", "coordinates": [[[35.27011872972025, 36.601831337888036], [35.27065771889073, 36.601831337888036], [35.27065771889073, 36.60290931622898], [35.27011872972025, 36.60290931622898], [35.27011872972025, 36.60344830539945], [35.2695797405498, 36.60344830539945], [35.2695797405498, 36.60398729456992], [35.27011872972025, 36.60398729456992], [35.27011872972025, 36.60452628374039], [35.27065771889073, 36.60452628374039], [35.27065771889073, 36.60398729456992], [35.27119670806121, 36.60398729456992], [35.27119670806121, 36.60344830539945], [35.27227468640214, 36.60344830539945], [35.27227468640214, 36.60290931622898], [35.27281367557262, 36.60290931622898], [35.27281367557262, 36.60398729456992], [35.2733526647431, 36.60398729456992], [35.2733526647431, 36.60452628374039], [35.27227468640214, 36.60452628374039], [35.27227468640214, 36.60506527291086], [35.27173569723169, 36.60506527291086], [35.27173569723169, 36.60668224042228], [35.27119670806121, 36.60668224042228], [35.27119670806121, 36.60722122959275], [35.2695797405498, 36.60722122959275], [35.2695797405498, 36.6082992079337], [35.26904075137932, 36.6082992079337], [35.26904075137932, 36.60722122959275], [35.26796277303836, 36.60722122959275], [35.26796277303836, 36.60668224042228], [35.26742378386791, 36.60668224042228], [35.26742378386791, 36.60614325125181], [35.26796277303836, 36.60614325125181], [35.26796277303836, 36.60506527291086], [35.26634580552695, 36.60506527291086], [35.26634580552695, 36.60398729456992], [35.26796277303836, 36.60398729456992], [35.26796277303836, 36.60344830539945], [35.26850176220884, 36.60344830539945], [35.26850176220884, 36.60290931622898], [35.27011872972025, 36.60290931622898], [35.27011872972025, 36.601831337888036]], [[35.27173569723169, 36.60398729456992], [35.27173569723169, 36.60506527291086], [35.27119670806121, 36.60506527291086], [35.27119670806121, 36.60398729456992], [35.27173569723169, 36.60398729456992]]]}, "id": "+399396+87938", "properties": {"area_ha": 18.16601430310327, "count": 63, "label": 1, "mean_dnbr": 0.2363601830059463}}, {"type": "Feature", "geometry": {"geodesic": false, "type": "Polygon", "coordinates": [[[35.27011872972025, 36.78886058004172], [35.27281367557262, 36.78886058004172], [35.27281367557262, 36.78939956921219], [35.2733526647431, 36.78939956921219], [35.2733526647431, 36.789938558382666], [35.27173569723169, 36.789938558382666], [35.27173569723169, 36.79047754755314], [35.27011872972025, 36.79047754755314], [35.27011872972025, 36.789938558382666], [35.2695797405498, 36.789938558382666], [35.2695797405498, 36.78939956921219], [35.27011872972025, 36.78939956921219], [35.27011872972025, 36.78886058004172]]]}, "id": "+399400+87591", "properties": {"area_ha": 4.3148658807597355, "count": 15, "label": 1, "mean_dnbr": 0.4639426355396346}}, {"type": "Feature", "geometry": {"geodesic": false, "type": "Polygon", "coordinates": [[[35.27119670806121, 36.729571771289834], [35.2733526647431, 36.729571771289834], [35.2733526647431, 36.73064974963077], [35.27389165391355, 36.73064974963077], [35.27389165391355, 36.731727727971716], [35.2733526647431, 36.731727727971716], [35.2733526647431, 36.73226671714219], [35.27227468640214, 36.73226671714219], [35.27227468640214, 36.731188738801244], [35.27173569723169, 36.731188738801244], [35.27173569723169, 36.730110760460306], [35.27119670806121, 36.730110760460306], [35.27119670806121, 36.729571771289834]]]}, "id": "+399401+87701", "properties": {"area_ha": 4.606056581717045, "count": 16, "label": 1, "mean_dnbr": 0.6070776575144874}}, {"type": "Feature", "geometry": {"geodesic": false, "type": "Polygon", "coordinates": [[[35.27550862142499, 36.85300029132785], [35.27604761059544, 36.85300029132785], [35.27604761059544, 36.853539280498325], [35.27658659976592, 36.853539280498325], [35.27658659976592, 36.85461725883927], [35.2771255889364, 36.85461725883927], [35.2771255889364, 36.856234226350686], [35.27604761059544, 36.856234226350686], [35.27604761059544, 36.85946816137351], [35.27496963225451, 36.85946816137351], [35.27496963225451, 36.860007150543986], [35.27443064308403, 36.860007150543986], [35.27443064308403, 36.86054613971446], [35.27389165391355, 36.86054613971446], [35.27389165391355, 36.860007150543986], [35.2733526647431, 36.860007150543986], [35.2733526647431, 36.85839018303257], [35.27281367557262, 36.85839018303257], [35.27281367557262, 36.857851193862096], [35.2733526647431, 36.857851193862096], [35.2733526647431, 36.856234226350686], [35.27389165391355, 36.856234226350686], [35.27389165391355, 36.85677321552116], [35.27443064308403, 36.85677321552116], [35.27443064308403, 36.856234226350686], [35.27550862142499, 36.856234226350686], [35.27550862142499, 36.85300029132785]]]}, "id": "+399406+87472", "properties": {"area_ha": 13.795405799919758, "count": 48, "label": 1, "mean_dnbr": 0.27334239968225377}}, {"type": "Feature", "geometry": {"geodesic": false, "type": "Polygon", "coordinates": [[[35.27550862142499, 36.729571771289834], [35.2771255889364, 36.729571771289834], [35.2771255889364, 36.731188738801244], [35.27766457810688, 36.731188738801244], [35.27766457810688, 36.73226671714219], [35.27820356727733, 36.73226671714219], [35.27820356727733, 36.73280570631266], [35.27874255644781, 36.73280570631266], [35.27874255644781, 36.73334469548313], [35.27658659976592, 36.73334469548313], [35.27658659976592, 36.73226671714219], [35.27604761059544, 36.73226671714219], [35.27604761059544, 36.731188738801244], [35.27550862142499, 36.731188738801244], [35.27550862142499, 36.73064974963077], [35.27496963225451, 36.73064974963077], [35.27496963225451, 36.730110760460306], [35.27550862142499, 36.730110760460306], [35.27550862142499, 36.729571771289834]]]}, "id": "+399408+87701", "properties": {"area_ha": 6.621158506109005, "count": 23, "label": 1, "mean_dnbr": 0.35624767615008707}}, {"type": "Feature", "geometry": {"geodesic": false, "type": "Polygon", "coordinates": [[[35.27874255644781, 36.91929595929587], [35.28035952395922, 36.91929595929587], [35.28035952395922, 36.92252989431871], [35.27928154561829, 36.92252989431871], [35.27928154561829, 36.92091292680729], [35.27874255644781, 36.92091292680729], [35.27874255644781, 36.91929595929587]]]}, "id": "+399414+87349", "properties": {"area_ha": 4.307474228206698, "count": 15, "label": 1, "mean_dnbr": 0.2573817268274251}}, {"type": "Feature", "geometry": {"geodesic": false, "type": "Polygon", "coordinates": [[[35.27982053478874, 36.841142529577475], [35.28035952395922, 36.841142529577475], [35.28035952395922, 36.84168151874795], [35.2808985131297, 36.84168151874795], [35.2808985131297, 36.843298486259364], [35.28143750230018, 36.843298486259364], [35.28143750230018, 36.84383747542984], [35.28305446981159, 36.84383747542984], [35.28305446981159, 36.843298486259364], [35.28413244815252, 36.843298486259364], [35.28413244815252, 36.84599343211172], [35.28305446981159, 36.84599343211172], [35.28305446981159, 36.84653242128219], [35.28197649147063, 36.84653242128219], [35.28197649147063, 36.84545444294125], [35.28143750230018, 36.84545444294125], [35.28143750230018, 36.84383747542984], [35.27982053478874, 36.84383747542984], [35.27982053478874, 36.843298486259364], [35.27928154561829, 36.843298486259364], [35.27928154561829, 36.84275949708889], [35.27874255644781, 36.84275949708889], [35.27874255644781, 36.84168151874795], [35.27982053478874, 36.84168151874795], [35.27982053478874, 36.841142529577475]]]}, "id": "+399414+87494", "properties": {"area_ha": 10.923249666601105, "count": 38, "label": 1, "mean_dnbr": 0.450495964381802}}, {"type": "Feature", "geometry": {"geodesic": false, "type": "Polygon", "coordinates": [[[35.28035952395922, 36.77430787243898], [35.28143750230018, 36.77430787243898], [35.28143750230018, 36.77538585077993], [35.28035952395922, 36.77538585077993], [35.28035952395922, 36.7759248399504], [35.27982053478874, 36.7759248399504], [35.27982053478874, 36.77646382912087], [35.27928154561829, 36.77646382912087], [35.27928154561829, 36.777541807461816], [35.27820356727733, 36.777541807461816], [35.27820356727733, 36.77808079663229], [35.27766457810688, 36.77808079663229], [35.27766457810688, 36.77861978580276], [35.27604761059544, 36.77861978580276], [35.27604761059544, 36.77808079663229], [35.27658659976592, 36.77808079663229], [35.27658659976592, 36.777541807461816], [35.2771255889364, 36.777541807461816], [35.2771255889364, 36.77700281829134], [35.27766457810688, 36.77700281829134], [35.27766457810688, 36.77646382912087], [35.27820356727733, 36.77646382912087], [35.27820356727733, 36.7759248399504], [35.27874255644781, 36.7759248399504], [35.27874255644781, 36.77646382912087], [35.27928154561829, 36.77646382912087], [35.27928154561829, 36.7759248399504], [35.27982053478874, 36.7759248399504], [35.27982053478874, 36.77538585077993], [35.28035952395922, 36.77538585077993], [35.28035952395922, 36.77430787243898]]]}, "id": "+399416+87618", "properties": {"area_ha": 5.754131880394223, "count": 20, "label": 1, "mean_dnbr": 0.5594269050828892}}, {"type": "Feature", "geometry": {"geodesic": false, "type": "Polygon", "coordinates": [[[35.27982053478874, 36.95163530952418], [35.28197649147063, 36.95163530952418], [35.28197649147063, 36.95217429869465], [35.28251548064111, 36.95217429869465], [35.28251548064111, 36.95379126620606], [35.28197649147063, 36.95379126620606], [35.28197649147063, 36.954869244547005], [35.27928154561829, 36.954869244547005], [35.27928154561829, 36.95271328786512], [35.27982053478874, 36.95271328786512], [35.27982053478874, 36.95163530952418]]]}, "id": "+399417+87289", "properties": {"area_ha": 8.898323098279922, "count": 31, "label": 1, "mean_dnbr": 0.4994905151070933}}, {"type": "Feature", "geometry": {"geodesic": false, "type": "Polygon", "coordinates": [[[35.28197649147063, 36.880488739021914], [35.28251548064111, 36.880488739021914], [35.28251548064111, 36.881027728192386], [35.28305446981159, 36.881027728192386], [35.28305446981159, 36.88210570653332], [35.28359345898207, 36.88210570653332], [35.28359345898207, 36.88318368487427], [35.28413244815252, 36.88318368487427], [35.28413244815252, 36.88426166321521], [35.28359345898207, 36.88426166321521], [35.28359345898207, 36.88533964155616], [35.28035952395922, 36.88533964155616], [35.28035952395922, 36.884800652385685], [35.27928154561829, 36.884800652385685], [35.27928154561829, 36.88372267404474], [35.27982053478874, 36.88372267404474], [35.27982053478874, 36.88318368487427], [35.28035952395922, 36.88318368487427], [35.28035952395922, 36.88156671736285], [35.28143750230018, 36.88156671736285], [35.28143750230018, 36.881027728192386], [35.28197649147063, 36.881027728192386], [35.28197649147063, 36.880488739021914]]]}, "id": "+399418+87421", "properties": {"area_ha": 14.939921837643292, "count": 52, "label": 1, "mean_dnbr": 0.37673013421520535}}, {"type": "Feature", "geometry": {"geodesic": false, "type": "Polygon", "coordinates": [[[35.28143750230018, 36.857851193862096], [35.28305446981159, 36.857851193862096], [35.28305446981159, 36.85892917220304], [35.28413244815252, 36.85892917220304], [35.28413244815252, 36.85946816137351], [35.28359345898207, 36.85946816137351], [35.28359345898207, 36.860007150543986], [35.28305446981159, 36.860007150543986], [35.28305446981159, 36.86054613971446], [35.28251548064111, 36.86054613971446], [35.28251548064111, 36.860007150543986], [35.28143750230018, 36.860007150543986], [35.28143750230018, 36.857851193862096]]]}, "id": "+399419+87463", "properties": {"area_ha": 4.598350935864015, "count": 16, "label": 1, "mean_dnbr": 0.4028216103601368}}, {"type": "Feature", "geometry": {"geodesic": false, "type": "Polygon", "coordinates": [[[35.28359345898207, 36.83629162704323], [35.28413244815252, 36.83629162704323], [35.28413244815252, 36.837369605384175], [35.284671437323, 36.837369605384175], [35.284671437323, 36.83844758372512], [35.28521042649348, 36.83844758372512], [35.28521042649348, 36.83790859455465], [35.28574941566393, 36.83790859455465], [35.28574941566393, 36.83898657289559], [35.28521042649348, 36.83898657289559], [35.28521042649348, 36.83952556206606], [35.28359345898207, 36.83952556206606], [35.28359345898207, 36.83898657289559], [35.28305446981159, 36.83898657289559], [35.28305446981159, 36.83844758372512], [35.28197649147063, 36.83844758372512], [35.28197649147063, 36.83790859455465], [35.28143750230018, 36.83790859455465], [35.28143750230018, 36.837369605384175], [35.28251548064111, 36.837369605384175], [35.28251548064111, 36.8368306162137], [35.28359345898207, 36.8368306162137], [35.28359345898207, 36.83629162704323]]]}, "id": "+399421+87503", "properties": {"area_ha": 6.89942793602827, "count": 24, "label": 1, "mean_dnbr": 0.39870102027156795}}, {"type": "Feature", "geometry": {"geodesic": false, "type": "Polygon", "coordinates": [[[35.28305446981159, 36.74089054386974], [35.28413244815252, 36.74089054386974], [35.28413244815252, 36.74196852221068], [35.28359345898207, 36.74196852221068], [35.28359345898207, 36.742507511381156], [35.28305446981159, 36.742507511381156], [35.28305446981159, 36.74358548972209], [35.28251548064111, 36.74358548972209], [35.28251548064111, 36.74520245723351], [35.28197649147063, 36.74520245723351], [35.28197649147063, 36.74574144640398], [35.2808985131297, 36.74574144640398], [35.2808985131297, 36.74466346806304], [35.28143750230018, 36.74466346806304], [35.28143750230018, 36.74358548972209], [35.28197649147063, 36.74358548972209], [35.28197649147063, 36.742507511381156], [35.28251548064111, 36.742507511381156], [35.28251548064111, 36.74142953304021], [35.28305446981159, 36.74142953304021], [35.28305446981159, 36.74089054386974]]]}, "id": "+399421+87680", "properties": {"area_ha": 5.756638202877809, "count": 20, "label": 1, "mean_dnbr": 0.4594838833590768}}, {"type": "Feature", "geometry": {"geodesic": false, "type": "Polygon", "coordinates": [[[35.28305446981159, 36.88749559823804], [35.28628840483441, 36.88749559823804], [35.28628840483441, 36.88803458740851], [35.2884443615163, 36.88803458740851], [35.2884443615163, 36.888573576578985], [35.28790537234582, 36.888573576578985], [35.28790537234582, 36.88911256574946], [35.28521042649348, 36.88911256574946], [35.28521042649348, 36.888573576578985], [35.28305446981159, 36.888573576578985], [35.28305446981159, 36.88749559823804]]]}, "id": "+399425+87408", "properties": {"area_ha": 6.033024047079077, "count": 21, "label": 1, "mean_dnbr": 0.4957143352368603}}, {"type": "Feature", "geometry": {"geodesic": false, "type": "Polygon", "coordinates": [[[35.28413244815252, 36.81527104939483], [35.28628840483441, 36.81527104939483], [35.28628840483441, 36.816349027735775], [35.28682739400489, 36.816349027735775], [35.28682739400489, 36.81796599524719], [35.28736638317537, 36.81796599524719], [35.28736638317537, 36.818504984417665], [35.28521042649348, 36.818504984417665], [35.28521042649348, 36.81796599524719], [35.284671437323, 36.81796599524719], [35.284671437323, 36.816349027735775], [35.28413244815252, 36.816349027735775], [35.28413244815252, 36.81527104939483]]]}, "id": "+399425+87542", "properties": {"area_ha": 6.901337966428221, "count": 24, "label": 1, "mean_dnbr": 0.6234287660863013}}, {"type": "Feature", "geometry": {"geodesic": false, "type": "Polygon", "coordinates": [[[35.28574941566393, 36.81095913603106], [35.28628840483441, 36.81095913603106], [35.28628840483441, 36.812576103542476], [35.28682739400489, 36.812576103542476], [35.28682739400489, 36.81419307105389], [35.28736638317537, 36.81419307105389], [35.28736638317537, 36.81527104939483], [35.28682739400489, 36.81527104939483], [35.28682739400489, 36.814732060224365], [35.28628840483441, 36.814732060224365], [35.28628840483441, 36.81365408188342], [35.28574941566393, 36.81365408188342], [35.28574941566393, 36.812037114372], [35.28521042649348, 36.812037114372], [35.28521042649348, 36.81149812520153], [35.28574941566393, 36.81149812520153], [35.28574941566393, 36.81095913603106]]]}, "id": "+399425+87550", "properties": {"area_ha": 3.450839067079101, "count": 12, "label": 1, "mean_dnbr": 0.5556048743974142}}, {"type": "Feature", "geometry": {"geodesic": false, "type": "Polygon", "coordinates": [[[35.28574941566393, 36.86485805307823], [35.28736638317537, 36.86485805307823], [35.28736638317537, 36.8653970422487], [35.28790537234582, 36.8653970422487], [35.28790537234582, 36.86755299893059], [35.2884443615163, 36.86755299893059], [35.2884443615163, 36.868630977271536], [35.28898335068678, 36.868630977271536], [35.28898335068678, 36.869708955612474], [35.28952233985726, 36.869708955612474], [35.28952233985726, 36.87132592312389], [35.28898335068678, 36.87132592312389], [35.28898335068678, 36.87186491229436], [35.2884443615163, 36.87186491229436], [35.2884443615163, 36.87132592312389], [35.28790537234582, 36.87132592312389], [35.28790537234582, 36.870247944782946], [35.28736638317537, 36.870247944782946], [35.28736638317537, 36.869708955612474], [35.28682739400489, 36.869708955612474], [35.28682739400489, 36.868630977271536], [35.28628840483441, 36.868630977271536], [35.28628840483441, 36.86647502058965], [35.28574941566393, 36.86647502058965], [35.28574941566393, 36.86485805307823]]]}, "id": "+399427+87450", "properties": {"area_ha": 12.643969044680109, "count": 44, "label": 1, "mean_dnbr": 0.35473546475831536}}, {"type": "Feature", "geometry": {"geodesic": false, "type": "Polygon", "coordinates": [[[35.28143750230018, 36.76568404571144], [35.28790537234582, 36.76568404571144], [35.28790537234582, 36.76622303488191], [35.28143750230018, 36.76622303488191], [35.28143750230018, 36.76568404571144]]]}, "id": "+399428+87634", "properties": {"area_ha": 3.4529638552778836, "count": 12, "label": 1, "mean_dnbr": 0.1988634084484852}}, {"type": "Feature", "geometry": {"geodesic": false, "type": "Polygon", "coordinates": [[[35.28305446981159, 36.76191112151813], [35.2884443615163, 36.76191112151813], [35.2884443615163, 36.76352808902955], [35.28251548064111, 36.76352808902955], [35.28251548064111, 36.762450110688604], [35.28305446981159, 36.762450110688604], [35.28305446981159, 36.76191112151813]]]}, "id": "+399429+87641", "properties": {"area_ha": 9.208325588781094, "count": 32, "label": 1, "mean_dnbr": 0.5310482685349734}}, {"type": "Feature", "geometry": {"geodesic": false, "type": "Polygon", "coordinates": [[[35.28790537234582, 36.824972854463326], [35.29006132902771, 36.824972854463326], [35.29006132902771, 36.82658982197474], [35.28898335068678, 36.82658982197474], [35.28898335068678, 36.82712881114521], [35.28682739400489, 36.82712881114521], [35.28682739400489, 36.82766780031568], [35.28628840483441, 36.82766780031568], [35.28628840483441, 36.82712881114521], [35.284671437323, 36.82712881114521], [35.284671437323, 36.82658982197474], [35.28628840483441, 36.82658982197474], [35.28628840483441, 36.8255118436338], [35.28790537234582, 36.8255118436338], [35.28790537234582, 36.824972854463326]], [[35.28682739400489, 36.82658982197474], [35.28682739400489, 36.82712881114521], [35.28628840483441, 36.82712881114521], [35.28628840483441, 36.82658982197474], [35.28682739400489, 36.82658982197474]]]}, "id": "+399432+87524", "properties": {"area_ha": 7.475538239263258, "count": 26, "label": 1, "mean_dnbr": 0.474786285679862}}, {"type": "Feature", "geometry": {"geodesic": false, "type": "Polygon", "coordinates": [[[35.29006132902771, 36.90043133832936], [35.29113930736867, 36.90043133832936], [35.29113930736867, 36.900970327499834], [35.29167829653912, 36.900970327499834], [35.29167829653912, 36.90204830584078], [35.29006132902771, 36.90204830584078], [35.29006132902771, 36.90258729501125], [35.28898335068678, 36.90258729501125], [35.28898335068678, 36.90204830584078], [35.2884443615163, 36.90204830584078], [35.2884443615163, 36.90150931667031], [35.28898335068678, 36.90150931667031], [35.28898335068678, 36.900970327499834], [35.29006132902771, 36.900970327499834], [35.29006132902771, 36.90043133832936]]]}, "id": "+399434+87384", "properties": {"area_ha": 4.308563820979579, "count": 15, "label": 1, "mean_dnbr": 0.47598247167950786}}, {"type": "Feature", "geometry": {"geodesic": false, "type": "Polygon", "coordinates": [[[35.2884443615163, 36.737656608846905], [35.29113930736867, 36.737656608846905], [35.29113930736867, 36.73819559801738], [35.29060031819819, 36.73819559801738], [35.29060031819819, 36.73873458718785], [35.2922172857096, 36.73873458718785], [35.2922172857096, 36.73927357635832], [35.29113930736867, 36.73927357635832], [35.29113930736867, 36.739812565528794], [35.28952233985726, 36.739812565528794], [35.28952233985726, 36.73873458718785], [35.28898335068678, 36.73873458718785], [35.28898335068678, 36.73819559801738], [35.2884443615163, 36.73819559801738], [35.2884443615163, 36.737656608846905]]]}, "id": "+399434+87686", "properties": {"area_ha": 4.605577173674536, "count": 16, "label": 1, "mean_dnbr": 0.19838616363824974}}, {"type": "Feature", "geometry": {"geodesic": false, "type": "Polygon", "coordinates": [[[35.29113930736867, 36.84868837796408], [35.2922172857096, 36.84868837796408], [35.2922172857096, 36.849766356305025], [35.29167829653912, 36.849766356305025], [35.29167829653912, 36.8503053454755], [35.29113930736867, 36.8503053454755], [35.29113930736867, 36.85084433464597], [35.29060031819819, 36.85084433464597], [35.29060031819819, 36.85192231298691], [35.29006132902771, 36.85192231298691], [35.29006132902771, 36.85246130215738], [35.28898335068678, 36.85246130215738], [35.28898335068678, 36.85192231298691], [35.2884443615163, 36.85192231298691], [35.2884443615163, 36.851383323816435], [35.28790537234582, 36.851383323816435], [35.28790537234582, 36.8503053454755], [35.28952233985726, 36.8503053454755], [35.28952233985726, 36.849766356305025], [35.29006132902771, 36.849766356305025], [35.29006132902771, 36.84922736713455], [35.29113930736867, 36.84922736713455], [35.29113930736867, 36.84868837796408]]]}, "id": "+399436+87480", "properties": {"area_ha": 7.760581582681071, "count": 27, "label": 1, "mean_dnbr": 0.17728693552443212}}, {"type": "Feature", "geometry": {"geodesic": false, "type": "Polygon", "coordinates": [[[35.29275627488008, 36.74520245723351], [35.293295264050556, 36.74520245723351], [35.293295264050556, 36.74789740308587], [35.29383425322101, 36.74789740308587], [35.29383425322101, 36.748436392256345], [35.29113930736867, 36.748436392256345], [35.29113930736867, 36.7473584139154], [35.29167829653912, 36.7473584139154], [35.29167829653912, 36.746280435574455], [35.29275627488008, 36.746280435574455], [35.29275627488008, 36.74520245723351]]]}, "id": "+399438+87672", "properties": {"area_ha": 4.892902114636782, "count": 17, "label": 1, "mean_dnbr": 0.58019943890791}}, {"type": "Feature", "geometry": {"geodesic": false, "type": "Polygon", "coordinates": [[[35.29113930736867, 36.71394108534615], [35.294912231561966, 36.71394108534615], [35.294912231561966, 36.715019063687095], [35.29113930736867, 36.715019063687095], [35.29113930736867, 36.71394108534615]]]}, "id": "+399441+87730", "properties": {"area_ha": 4.031160279271799, "count": 14, "label": 1, "mean_dnbr": 0.25254605268033264}}, {"type": "Feature", "geometry": {"geodesic": false, "type": "Polygon", "coordinates": [[[35.293295264050556, 36.79209451506455], [35.295451220732446, 36.79209451506455], [35.295451220732446, 36.79263350423502], [35.2959902099029, 36.79263350423502], [35.2959902099029, 36.79317249340549], [35.296529199073376, 36.79317249340549], [35.296529199073376, 36.793711482575965], [35.297068188243856, 36.793711482575965], [35.297068188243856, 36.79425047174644], [35.296529199073376, 36.79425047174644], [35.296529199073376, 36.79478946091691], [35.2959902099029, 36.79478946091691], [35.2959902099029, 36.79532845008738], [35.29383425322101, 36.79532845008738], [35.29383425322101, 36.79640642842833], [35.29275627488008, 36.79640642842833], [35.29275627488008, 36.79694541759879], [35.2922172857096, 36.79694541759879], [35.2922172857096, 36.797484406769264], [35.29167829653912, 36.797484406769264], [35.29167829653912, 36.79802339593974], [35.2922172857096, 36.79802339593974], [35.2922172857096, 36.79856238511021], [35.29275627488008, 36.79856238511021], [35.29275627488008, 36.79910137428068], [35.293295264050556, 36.79910137428068], [35.293295264050556, 36.799640363451154], [35.29383425322101, 36.799640363451154], [35.29383425322101, 36.800179352621626], [35.29437324239149, 36.800179352621626], [35.29437324239149, 36.8007183417921], [35.29275627488008, 36.8007183417921], [35.29275627488008, 36.80125733096257], [35.2922172857096, 36.80125733096257], [35.2922172857096, 36.8007183417921], [35.29167829653912, 36.8007183417921], [35.29167829653912, 36.800179352621626], [35.29113930736867, 36.800179352621626], [35.29113930736867, 36.799640363451154], [35.29006132902771, 36.799640363451154], [35.29006132902771, 36.79910137428068], [35.28952233985726, 36.79910137428068], [35.28952233985726, 36.79856238511021], [35.29006132902771, 36.79856238511021], [35.29006132902771, 36.79802339593974], [35.29060031819819, 36.79802339593974], [35.29060031819819, 36.797484406769264], [35.29167829653912, 36.797484406769264], [35.29167829653912, 36.795867439257854], [35.2922172857096, 36.795867439257854], [35.2922172857096, 36.79532845008738], [35.29275627488008, 36.79532845008738], [35.29275627488008, 36.79478946091691], [35.2922172857096, 36.79478946091691], [35.2922172857096, 36.79425047174644], [35.29167829653912, 36.79425047174644], [35.29167829653912, 36.793711482575965], [35.2922172857096, 36.793711482575965], [35.2922172857096, 36.79317249340549], [35.293295264050556, 36.79317249340549], [35.293295264050556, 36.79209451506455]], [[35.293295264050556, 36.79425047174644], [35.293295264050556, 36.79478946091691], [35.29275627488008, 36.79478946091691], [35.29275627488008, 36.79425047174644], [35.293295264050556, 36.79425047174644]], [[35.29383425322101, 36.79317249340549], [35.29383425322101, 36.793711482575965], [35.293295264050556, 36.793711482575965], [35.293295264050556, 36.79317249340549], [35.29383425322101, 36.79317249340549]]]}, "id": "+399442+87585", "properties": {"area_ha": 22.435416098918793, "count": 78, "label": 1, "mean_dnbr": 0.522102144156215}}, {"type": "Feature", "geometry": {"geodesic": false, "type": "Polygon", "coordinates": [[[35.29383425322101, 36.77322989409804], [35.295451220732446, 36.77322989409804], [35.295451220732446, 36.77376888326851], [35.298146166584786, 36.77376888326851], [35.298146166584786, 36.77430787243898], [35.301380101607634, 36.77430787243898], [35.301380101607634, 36.77538585077993], [35.298146166584786, 36.77538585077993], [35.298146166584786, 36.774846861609454], [35.2959902099029, 36.774846861609454], [35.2959902099029, 36.77430787243898], [35.29383425322101, 36.77430787243898], [35.29383425322101, 36.77322989409804]]]}, "id": "+399442+87620", "properties": {"area_ha": 7.768308456775431, "count": 27, "label": 1, "mean_dnbr": 0.22022027699910646}}, {"type": "Feature", "geometry": {"geodesic": false, "type": "Polygon", "coordinates": [[[35.29437324239149, 36.80772520100823], [35.2959902099029, 36.80772520100823], [35.2959902099029, 36.808264190178704], [35.296529199073376, 36.808264190178704], [35.296529199073376, 36.809881157690114], [35.297068188243856, 36.809881157690114], [35.297068188243856, 36.81042014686059], [35.298685155755265, 36.81042014686059], [35.298685155755265, 36.81149812520153], [35.299224144925745, 36.81149812520153], [35.299224144925745, 36.812037114372], [35.299763134096196, 36.812037114372], [35.299763134096196, 36.812576103542476], [35.299224144925745, 36.812576103542476], [35.299224144925745, 36.81311509271295], [35.29760717741431, 36.81311509271295], [35.29760717741431, 36.81365408188342], [35.296529199073376, 36.81365408188342], [35.296529199073376, 36.81311509271295], [35.294912231561966, 36.81311509271295], [35.294912231561966, 36.812576103542476], [35.29437324239149, 36.812576103542476], [35.29437324239149, 36.812037114372], [35.295451220732446, 36.812037114372], [35.295451220732446, 36.81095913603106], [35.293295264050556, 36.81095913603106], [35.293295264050556, 36.81149812520153], [35.29113930736867, 36.81149812520153], [35.29113930736867, 36.809881157690114], [35.29060031819819, 36.809881157690114], [35.29060031819819, 36.80934216851964], [35.29167829653912, 36.80934216851964], [35.29167829653912, 36.80880317934918], [35.29275627488008, 36.80880317934918], [35.29275627488008, 36.808264190178704], [35.29437324239149, 36.808264190178704], [35.29437324239149, 36.80772520100823]]]}, "id": "+399443+87556", "properties": {"area_ha": 26.457294311848422, "count": 92, "label": 1, "mean_dnbr": 0.6996347799013941}}, {"type": "Feature", "geometry": {"geodesic": false, "type": "Polygon", "coordinates": [[[35.293295264050556, 36.863780074737285], [35.296529199073376, 36.863780074737285], [35.296529199073376, 36.86485805307823], [35.295451220732446, 36.86485805307823], [35.295451220732446, 36.8653970422487], [35.294912231561966, 36.8653970422487], [35.294912231561966, 36.865936031419174], [35.29437324239149, 36.865936031419174], [35.29437324239149, 36.8653970422487], [35.29383425322101, 36.8653970422487], [35.29383425322101, 36.86485805307823], [35.293295264050556, 36.86485805307823], [35.293295264050556, 36.863780074737285]]]}, "id": "+399444+87452", "properties": {"area_ha": 4.5980030953641196, "count": 16, "label": 1, "mean_dnbr": 0.5014457634328042}}, {"type": "Feature", "geometry": {"geodesic": false, "type": "Polygon", "coordinates": [[[35.295451220732446, 36.837369605384175], [35.296529199073376, 36.837369605384175], [35.296529199073376, 36.83952556206606], [35.294912231561966, 36.83952556206606], [35.294912231561966, 36.83844758372512], [35.29437324239149, 36.83844758372512], [35.29437324239149, 36.83790859455465], [35.295451220732446, 36.83790859455465], [35.295451220732446, 36.837369605384175]]]}, "id": "+399444+87501", "properties": {"area_ha": 3.449696059339176, "count": 12, "label": 1, "mean_dnbr": 0.584013646778724}}, {"type": "Feature", "geometry": {"geodesic": false, "type": "Polygon", "coordinates": [[[35.293295264050556, 36.76029415400672], [35.297068188243856, 36.76029415400672], [35.297068188243856, 36.76137213234766], [35.293295264050556, 36.76137213234766], [35.293295264050556, 36.76029415400672]]]}, "id": "+399445+87644", "properties": {"area_ha": 4.02872680686736, "count": 14, "label": 1, "mean_dnbr": 0.6151230377851454}}, {"type": "Feature", "geometry": {"geodesic": false, "type": "Polygon", "coordinates": [[[35.29383425322101, 36.76352808902955], [35.298146166584786, 36.76352808902955], [35.298146166584786, 36.764606067370494], [35.298685155755265, 36.764606067370494], [35.298685155755265, 36.765145056540966], [35.29437324239149, 36.765145056540966], [35.29437324239149, 36.764606067370494], [35.29383425322101, 36.764606067370494], [35.29383425322101, 36.76352808902955]]]}, "id": "+399447+87638", "properties": {"area_ha": 6.906073327454977, "count": 24, "label": 1, "mean_dnbr": 0.3795302790361757}}, {"type": "Feature", "geometry": {"geodesic": false, "type": "Polygon", "coordinates": [[[35.298146166584786, 36.74466346806304], [35.298685155755265, 36.74466346806304], [35.298685155755265, 36.748436392256345], [35.29760717741431, 36.748436392256345], [35.29760717741431, 36.74520245723351], [35.298146166584786, 36.74520245723351], [35.298146166584786, 36.74466346806304]]]}, "id": "+399448+87673", "properties": {"area_ha": 3.741651739725344, "count": 13, "label": 1, "mean_dnbr": 0.5813777620983357}}, {"type": "Feature", "geometry": {"geodesic": false, "type": "Polygon", "coordinates": [[[35.29760717741431, 36.79532845008738], [35.299224144925745, 36.79532845008738], [35.299224144925745, 36.79640642842833], [35.299763134096196, 36.79640642842833], [35.299763134096196, 36.79694541759879], [35.29760717741431, 36.79694541759879], [35.29760717741431, 36.797484406769264], [35.295451220732446, 36.797484406769264], [35.295451220732446, 36.79802339593974], [35.294912231561966, 36.79802339593974], [35.294912231561966, 36.797484406769264], [35.29437324239149, 36.797484406769264], [35.29437324239149, 36.79694541759879], [35.294912231561966, 36.79694541759879], [35.294912231561966, 36.79640642842833], [35.296529199073376, 36.79640642842833], [35.296529199073376, 36.795867439257854], [35.29760717741431, 36.795867439257854], [35.29760717741431, 36.79532845008738]]]}, "id": "+399449+87579", "properties": {"area_ha": 6.903173156551155, "count": 24, "label": 1, "mean_dnbr": 0.3939604644674319}}, {"type": "Feature", "geometry": {"geodesic": false, "type": "Polygon", "coordinates": [[[35.298685155755265, 36.78400967750748], [35.299224144925745, 36.78400967750748], [35.299224144925745, 36.78454866667795], [35.299763134096196, 36.78454866667795], [35.299763134096196, 36.785087655848415], [35.300302123266675, 36.785087655848415], [35.300302123266675, 36.787243612530304], [35.300841112437155, 36.787243612530304], [35.300841112437155, 36.78832159087125], [35.301380101607634, 36.78832159087125], [35.301380101607634, 36.78939956921219], [35.300841112437155, 36.78939956921219], [35.300841112437155, 36.789938558382666], [35.300302123266675, 36.789938558382666], [35.300302123266675, 36.79047754755314], [35.298146166584786, 36.79047754755314], [35.298146166584786, 36.78832159087125], [35.29760717741431, 36.78832159087125], [35.29760717741431, 36.787243612530304], [35.297068188243856, 36.787243612530304], [35.297068188243856, 36.78616563418936], [35.296529199073376, 36.78616563418936], [35.296529199073376, 36.785087655848415], [35.29760717741431, 36.785087655848415], [35.29760717741431, 36.78454866667795], [35.298685155755265, 36.78454866667795], [35.298685155755265, 36.78400967750748]]]}, "id": "+399449+87600", "properties": {"area_ha": 18.410667925636687, "count": 64, "label": 1, "mean_dnbr": 0.44128814236788017}}, {"type": "Feature", "geometry": {"geodesic": false, "type": "Polygon", "coordinates": [[[35.298146166584786, 36.736039641335495], [35.299224144925745, 36.736039641335495], [35.299224144925745, 36.73657863050597], [35.299763134096196, 36.73657863050597], [35.299763134096196, 36.73711761967643], [35.298685155755265, 36.73711761967643], [35.298685155755265, 36.737656608846905], [35.298146166584786, 36.737656608846905], [35.298146166584786, 36.73819559801738], [35.297068188243856, 36.73819559801738], [35.297068188243856, 36.73873458718785], [35.296529199073376, 36.73873458718785], [35.296529199073376, 36.73927357635832], [35.2959902099029, 36.73927357635832], [35.2959902099029, 36.739812565528794], [35.295451220732446, 36.739812565528794], [35.295451220732446, 36.73927357635832], [35.294912231561966, 36.73927357635832], [35.294912231561966, 36.73873458718785], [35.29437324239149, 36.73873458718785], [35.29437324239149, 36.73819559801738], [35.295451220732446, 36.73819559801738], [35.295451220732446, 36.737656608846905], [35.297068188243856, 36.737656608846905], [35.297068188243856, 36.73711761967643], [35.29760717741431, 36.73711761967643], [35.29760717741431, 36.73657863050597], [35.298146166584786, 36.73657863050597], [35.298146166584786, 36.736039641335495]]]}, "id": "+399449+87689", "properties": {"area_ha": 6.620602333634117, "count": 23, "label": 1, "mean_dnbr": 0.17279154876323727}}, {"type": "Feature", "geometry": {"geodesic": false, "type": "Polygon", "coordinates": [[[35.29760717741431, 36.700466356084355], [35.299224144925745, 36.700466356084355], [35.299224144925745, 36.70100534525483], [35.299763134096196, 36.70100534525483], [35.299763134096196, 36.70208332359577], [35.299224144925745, 36.70208332359577], [35.299224144925745, 36.702622312766245], [35.298685155755265, 36.702622312766245], [35.298685155755265, 36.70208332359577], [35.298146166584786, 36.70208332359577], [35.298146166584786, 36.7015443344253], [35.29760717741431, 36.7015443344253], [35.29760717741431, 36.700466356084355]]]}, "id": "+399449+87755", "properties": {"area_ha": 3.1678779066008125, "count": 11, "label": 1, "mean_dnbr": 0.3509962902284483}}, {"type": "Feature", "geometry": {"geodesic": false, "type": "Polygon", "coordinates": [[[35.300302123266675, 36.72472086875558], [35.300841112437155, 36.72472086875558], [35.300841112437155, 36.725259857926055], [35.301380101607634, 36.725259857926055], [35.301380101607634, 36.72687682543747], [35.301919090778085, 36.72687682543747], [35.301919090778085, 36.72795480377842], [35.301380101607634, 36.72795480377842], [35.301380101607634, 36.72849379294889], [35.299224144925745, 36.72849379294889], [35.299224144925745, 36.72472086875558], [35.299763134096196, 36.72472086875558], [35.299763134096196, 36.725259857926055], [35.300302123266675, 36.725259857926055], [35.300302123266675, 36.72472086875558]]]}, "id": "+399452+87710", "properties": {"area_ha": 8.061036043111313, "count": 28, "label": 1, "mean_dnbr": 0.5110373938329728}}, {"type": "Feature", "geometry": {"geodesic": false, "type": "Polygon", "coordinates": [[[35.301380101607634, 36.81904397358814], [35.301919090778085, 36.81904397358814], [35.301919090778085, 36.820660941099554], [35.302458079948565, 36.820660941099554], [35.302458079948565, 36.82173891944049], [35.302997069119044, 36.82173891944049], [35.302997069119044, 36.822816897781436], [35.303536058289495, 36.822816897781436], [35.303536058289495, 36.82335588695191], [35.301919090778085, 36.82335588695191], [35.301919090778085, 36.822816897781436], [35.300302123266675, 36.822816897781436], [35.300302123266675, 36.822277908610964], [35.299763134096196, 36.822277908610964], [35.299763134096196, 36.8255118436338], [35.299224144925745, 36.8255118436338], [35.299224144925745, 36.82605083280427], [35.297068188243856, 36.82605083280427], [35.297068188243856, 36.82658982197474], [35.295451220732446, 36.82658982197474], [35.295451220732446, 36.82712881114521], [35.294912231561966, 36.82712881114521], [35.294912231561966, 36.82766780031568], [35.29383425322101, 36.82766780031568], [35.29383425322101, 36.82820678948615], [35.29275627488008, 36.82820678948615], [35.29275627488008, 36.82766780031568], [35.2922172857096, 36.82766780031568], [35.2922172857096, 36.82712881114521], [35.29167829653912, 36.82712881114521], [35.29167829653912, 36.82658982197474], [35.29113930736867, 36.82658982197474], [35.29113930736867, 36.82605083280427], [35.29060031819819, 36.82605083280427], [35.29060031819819, 36.8255118436338], [35.29113930736867, 36.8255118436338], [35.29113930736867, 36.82335588695191], [35.29060031819819, 36.82335588695191], [35.29060031819819, 36.82173891944049], [35.29383425322101, 36.82173891944049], [35.29383425322101, 36.822277908610964], [35.298685155755265, 36.822277908610964], [35.298685155755265, 36.82119993027002], [35.301380101607634, 36.82119993027002], [35.301380101607634, 36.81904397358814]]]}, "id": "+399454+87535", "properties": {"area_ha": 49.742377718227395, "count": 173, "label": 1, "mean_dnbr": 0.3712103454343719}}, {"type": "Feature", "geometry": {"geodesic": false, "type": "Polygon", "coordinates": [[[35.301380101607634, 36.86647502058965], [35.302458079948565, 36.86647502058965], [35.302458079948565, 36.86755299893059], [35.302997069119044, 36.86755299893059], [35.302997069119044, 36.868091988101064], [35.303536058289495, 36.868091988101064], [35.303536058289495, 36.868630977271536], [35.304075047459975, 36.868630977271536], [35.304075047459975, 36.86916996644201], [35.305153025800934, 36.86916996644201], [35.305153025800934, 36.868630977271536], [35.305692014971385, 36.868630977271536], [35.305692014971385, 36.86916996644201], [35.306231004141864, 36.86916996644201], [35.306231004141864, 36.869708955612474], [35.306769993312344, 36.869708955612474], [35.306769993312344, 36.87078693395342], [35.30730898248282, 36.87078693395342], [35.30730898248282, 36.87186491229436], [35.305153025800934, 36.87186491229436], [35.305153025800934, 36.872403901464835], [35.304075047459975, 36.872403901464835], [35.304075047459975, 36.87186491229436], [35.303536058289495, 36.87186491229436], [35.303536058289495, 36.87132592312389], [35.302997069119044, 36.87132592312389], [35.302997069119044, 36.87078693395342], [35.302458079948565, 36.87078693395342], [35.302458079948565, 36.870247944782946], [35.301919090778085, 36.870247944782946], [35.301919090778085, 36.868630977271536], [35.301380101607634, 36.868630977271536], [35.301380101607634, 36.868091988101064], [35.300841112437155, 36.868091988101064], [35.300841112437155, 36.86755299893059], [35.300302123266675, 36.86755299893059], [35.300302123266675, 36.86701400976012], [35.301380101607634, 36.86701400976012], [35.301380101607634, 36.86647502058965]]]}, "id": "+399455+87447", "properties": {"area_ha": 17.528782401604754, "count": 61, "label": 1, "mean_dnbr": 0.5384233995349593}}, {"type": "Feature", "geometry": {"geodesic": false, "type": "Polygon", "coordinates": [[[35.300302123266675, 36.855695237180214], [35.302458079948565, 36.855695237180214], [35.302458079948565, 36.857312204691624], [35.302997069119044, 36.857312204691624], [35.302997069119044, 36.857851193862096], [35.299763134096196, 36.857851193862096], [35.299763134096196, 36.85677321552116], [35.300302123266675, 36.85677321552116], [35.300302123266675, 36.855695237180214]]]}, "id": "+399455+87467", "properties": {"area_ha": 5.4607200180674935, "count": 19, "label": 1, "mean_dnbr": 0.43914613958717047}}, {"type": "Feature", "geometry": {"geodesic": false, "type": "Polygon", "coordinates": [[[35.302997069119044, 36.75759920815436], [35.303536058289495, 36.75759920815436], [35.303536058289495, 36.75813819732483], [35.306231004141864, 36.75813819732483], [35.306231004141864, 36.758677186495305], [35.305692014971385, 36.758677186495305], [35.305692014971385, 36.75921617566578], [35.303536058289495, 36.75921617566578], [35.303536058289495, 36.758677186495305], [35.302997069119044, 36.758677186495305], [35.302997069119044, 36.75759920815436]]]}, "id": "+399457+87649", "properties": {"area_ha": 3.1655157479384046, "count": 11, "label": 1, "mean_dnbr": 0.15387960146291083}}, {"type": "Feature", "geometry": {"geodesic": false, "type": "Polygon", "coordinates": [[[35.301919090778085, 36.71825299870993], [35.303536058289495, 36.71825299870993], [35.303536058289495, 36.71986996622134], [35.302997069119044, 36.71986996622134], [35.302997069119044, 36.72094794456228], [35.301919090778085, 36.72094794456228], [35.301919090778085, 36.71825299870993]]]}, "id": "+399457+87722", "properties": {"area_ha": 3.742974880462889, "count": 13, "label": 1, "mean_dnbr": 0.3967486816985356}}, {"type": "Feature", "geometry": {"geodesic": false, "type": "Polygon", "coordinates": [[[35.303536058289495, 36.83629162704323], [35.304075047459975, 36.83629162704323], [35.304075047459975, 36.8368306162137], [35.306769993312344, 36.8368306162137], [35.306769993312344, 36.83844758372512], [35.304075047459975, 36.83844758372512], [35.304075047459975, 36.83790859455465], [35.303536058289495, 36.83790859455465], [35.303536058289495, 36.83629162704323]]]}, "id": "+399458+87503", "properties": {"area_ha": 5.174605958382405, "count": 18, "label": 1, "mean_dnbr": 0.2466135862003698}}, {"type": "Feature", "geometry": {"geodesic": false, "type": "Polygon", "coordinates": [[[35.301919090778085, 36.723642890414645], [35.304075047459975, 36.723642890414645], [35.304075047459975, 36.725259857926055], [35.301919090778085, 36.725259857926055], [35.301919090778085, 36.723642890414645]]]}, "id": "+399458+87712", "properties": {"area_ha": 3.454831733509162, "count": 12, "label": 1, "mean_dnbr": 0.4345908489846079}}, {"type": "Feature", "geometry": {"geodesic": false, "type": "Polygon", "coordinates": [[[35.302997069119044, 36.78400967750748], [35.305153025800934, 36.78400967750748], [35.305153025800934, 36.78454866667795], [35.305692014971385, 36.78454866667795], [35.305692014971385, 36.78562664501889], [35.306231004141864, 36.78562664501889], [35.306231004141864, 36.78670462335983], [35.305153025800934, 36.78670462335983], [35.305153025800934, 36.787243612530304], [35.304075047459975, 36.787243612530304], [35.304075047459975, 36.78616563418936], [35.303536058289495, 36.78616563418936], [35.303536058289495, 36.785087655848415], [35.302997069119044, 36.785087655848415], [35.302997069119044, 36.78400967750748]]]}, "id": "+399460+87600", "properties": {"area_ha": 6.904162547986821, "count": 24, "label": 1, "mean_dnbr": 0.5042951589114567}}, {"type": "Feature", "geometry": {"geodesic": false, "type": "Polygon", "coordinates": [[[35.305692014971385, 36.83036274616804], [35.307847971653274, 36.83036274616804], [35.307847971653274, 36.83197971367946], [35.30730898248282, 36.83197971367946], [35.30730898248282, 36.834674659531814], [35.306231004141864, 36.834674659531814], [35.306231004141864, 36.83251870284993], [35.305692014971385, 36.83251870284993], [35.305692014971385, 36.83036274616804]]]}, "id": "+399465+87514", "properties": {"area_ha": 6.612456921114397, "count": 23, "label": 1, "mean_dnbr": 0.3899794755168807}}, {"type": "Feature", "geometry": {"geodesic": false, "type": "Polygon", "coordinates": [[[35.307847971653274, 36.66597104917417], [35.30892594999423, 36.66597104917417], [35.30892594999423, 36.66651003834464], [35.31000392833516, 36.66651003834464], [35.31000392833516, 36.66704902751511], [35.31054291750564, 36.66704902751511], [35.31054291750564, 36.667588016685585], [35.31000392833516, 36.667588016685585], [35.31000392833516, 36.66812700585606], [35.307847971653274, 36.66812700585606], [35.307847971653274, 36.667588016685585], [35.30730898248282, 36.667588016685585], [35.30730898248282, 36.66651003834464], [35.307847971653274, 36.66651003834464], [35.307847971653274, 36.66597104917417]]]}, "id": "+399467+87819", "properties": {"area_ha": 4.89799880339109, "count": 17, "label": 1, "mean_dnbr": 0.31335018785894253}}, {"type": "Feature", "geometry": {"geodesic": false, "type": "Polygon", "coordinates": [[[35.31000392833516, 36.84599343211172], [35.31054291750564, 36.84599343211172], [35.31054291750564, 36.84653242128219], [35.31323786335801, 36.84653242128219], [35.31323786335801, 36.84707141045266], [35.31431584169894, 36.84707141045266], [35.31431584169894, 36.847610399623136], [35.31539382003987, 36.847610399623136], [35.31539382003987, 36.84707141045266], [35.31593280921035, 36.84707141045266], [35.31593280921035, 36.84814938879361], [35.31539382003987, 36.84814938879361], [35.31539382003987, 36.84868837796408], [35.31054291750564, 36.84868837796408], [35.31054291750564, 36.84814938879361], [35.31000392833516, 36.84814938879361], [35.31000392833516, 36.847610399623136], [35.309464939164684, 36.847610399623136], [35.309464939164684, 36.84653242128219], [35.31000392833516, 36.84653242128219], [35.31000392833516, 36.84599343211172]]]}, "id": "+399470+87485", "properties": {"area_ha": 10.922792535658822, "count": 38, "label": 1, "mean_dnbr": 0.5190820855410827}}, {"type": "Feature", "geometry": {"geodesic": false, "type": "Polygon", "coordinates": [[[35.30892594999423, 36.81419307105389], [35.31054291750564, 36.81419307105389], [35.31054291750564, 36.814732060224365], [35.31108190667612, 36.814732060224365], [35.31108190667612, 36.816349027735775], [35.30838696082375, 36.816349027735775], [35.30838696082375, 36.814732060224365], [35.30892594999423, 36.814732060224365], [35.30892594999423, 36.81419307105389]]]}, "id": "+399470+87544", "properties": {"area_ha": 5.176117125158136, "count": 18, "label": 1, "mean_dnbr": 0.5767539253283693}}, {"type": "Feature", "geometry": {"geodesic": false, "type": "Polygon", "coordinates": [[[35.31054291750564, 36.75706021898389], [35.31108190667612, 36.75706021898389], [35.31108190667612, 36.75813819732483], [35.31162089584657, 36.75813819732483], [35.31162089584657, 36.75921617566578], [35.31269887418753, 36.75921617566578], [35.31269887418753, 36.75975516483625], [35.31215988501705, 36.75975516483625], [35.31215988501705, 36.76083314317719], [35.31162089584657, 36.76083314317719], [35.31162089584657, 36.76137213234766], [35.31215988501705, 36.76137213234766], [35.31215988501705, 36.76191112151813], [35.31054291750564, 36.76191112151813], [35.31054291750564, 36.76137213234766], [35.30892594999423, 36.76137213234766], [35.30892594999423, 36.75975516483625], [35.309464939164684, 36.75975516483625], [35.309464939164684, 36.758677186495305], [35.31000392833516, 36.758677186495305], [35.31000392833516, 36.75813819732483], [35.31054291750564, 36.75813819732483], [35.31054291750564, 36.75706021898389]], [[35.31162089584657, 36.75975516483625], [35.31162089584657, 36.76029415400672], [35.31108190667612, 36.76029415400672], [35.31108190667612, 36.75975516483625], [35.31162089584657, 36.75975516483625]]]}, "id": "+399471+87650", "properties": {"area_ha": 9.7841726474026, "count": 34, "label": 1, "mean_dnbr": 0.17379071598365606}}, {"type": "Feature", "geometry": {"geodesic": false, "type": "Polygon", "coordinates": [[[35.31054291750564, 36.85192231298691], [35.31215988501705, 36.85192231298691], [35.31215988501705, 36.85246130215738], [35.31269887418753, 36.85246130215738], [35.31269887418753, 36.853539280498325], [35.31323786335801, 36.853539280498325], [35.31323786335801, 36.855695237180214], [35.31377685252846, 36.855695237180214], [35.31377685252846, 36.85677321552116], [35.31431584169894, 36.85677321552116], [35.31431584169894, 36.85839018303257], [35.31485483086942, 36.85839018303257], [35.31485483086942, 36.85946816137351], [35.31323786335801, 36.85946816137351], [35.31323786335801, 36.860007150543986], [35.31215988501705, 36.860007150543986], [35.31215988501705, 36.85946816137351], [35.31108190667612, 36.85946816137351], [35.31108190667612, 36.85892917220304], [35.31054291750564, 36.85892917220304], [35.31054291750564, 36.857851193862096], [35.31000392833516, 36.857851193862096], [35.31000392833516, 36.857312204691624], [35.309464939164684, 36.857312204691624], [35.309464939164684, 36.85677321552116], [35.30892594999423, 36.85677321552116], [35.30892594999423, 36.856234226350686], [35.31000392833516, 36.856234226350686], [35.31000392833516, 36.855695237180214], [35.31054291750564, 36.855695237180214], [35.31054291750564, 36.85515624800974], [35.31000392833516, 36.85515624800974], [35.31000392833516, 36.853539280498325], [35.309464939164684, 36.853539280498325], [35.309464939164684, 36.85246130215738], [35.31054291750564, 36.85246130215738], [35.31054291750564, 36.85192231298691]]]}, "id": "+399473+87474", "properties": {"area_ha": 27.303784569594118, "count": 95, "label": 1, "mean_dnbr": 0.2781573062285238}}, {"type": "Feature", "geometry": {"geodesic": false, "type": "Polygon", "coordinates": [[[35.31162089584657, 36.79425047174644], [35.31269887418753, 36.79425047174644], [35.31269887418753, 36.79532845008738], [35.31215988501705, 36.79532845008738], [35.31215988501705, 36.79640642842833], [35.31162089584657, 36.79640642842833], [35.31162089584657, 36.797484406769264], [35.31108190667612, 36.797484406769264], [35.31108190667612, 36.79802339593974], [35.31054291750564, 36.79802339593974], [35.31054291750564, 36.79694541759879], [35.31000392833516, 36.79694541759879], [35.31000392833516, 36.79640642842833], [35.31054291750564, 36.79640642842833], [35.31054291750564, 36.795867439257854], [35.31000392833516, 36.795867439257854], [35.31000392833516, 36.79478946091691], [35.31162089584657, 36.79478946091691], [35.31162089584657, 36.79425047174644]]]}, "id": "+399474+87581", "properties": {"area_ha": 5.7526907618297045, "count": 20, "label": 1, "mean_dnbr": 0.4985419161866509}}, {"type": "Feature", "geometry": {"geodesic": false, "type": "Polygon", "coordinates": [[[35.31377685252846, 36.78023675331417], [35.31431584169894, 36.78023675331417], [35.31431584169894, 36.78077574248464], [35.31539382003987, 36.78077574248464], [35.31539382003987, 36.781314731655115], [35.31431584169894, 36.781314731655115], [35.31431584169894, 36.78185372082559], [35.31269887418753, 36.78185372082559], [35.31269887418753, 36.78239270999606], [35.31054291750564, 36.78239270999606], [35.31054291750564, 36.78293169916653], [35.30892594999423, 36.78293169916653], [35.30892594999423, 36.783470688337005], [35.30730898248282, 36.783470688337005], [35.30730898248282, 36.78239270999606], [35.30892594999423, 36.78239270999606], [35.30892594999423, 36.78185372082559], [35.31000392833516, 36.78185372082559], [35.31000392833516, 36.781314731655115], [35.31269887418753, 36.781314731655115], [35.31269887418753, 36.78077574248464], [35.31377685252846, 36.78077574248464], [35.31377685252846, 36.78023675331417]]]}, "id": "+399477+87607", "properties": {"area_ha": 8.630604663732276, "count": 30, "label": 1, "mean_dnbr": 0.3506506039804115}}, {"type": "Feature", "geometry": {"geodesic": false, "type": "Polygon", "coordinates": [[[35.31431584169894, 36.785087655848415], [35.31485483086942, 36.785087655848415], [35.31485483086942, 36.78562664501889], [35.31647179838083, 36.78562664501889], [35.31647179838083, 36.78616563418936], [35.3191667442332, 36.78616563418936], [35.3191667442332, 36.787782601700776], [35.31862775506272, 36.787782601700776], [35.31862775506272, 36.78832159087125], [35.31647179838083, 36.78832159087125], [35.31647179838083, 36.787782601700776], [35.31377685252846, 36.787782601700776], [35.31377685252846, 36.78562664501889], [35.31431584169894, 36.78562664501889], [35.31431584169894, 36.785087655848415]]]}, "id": "+399478+87598", "properties": {"area_ha": 11.506737664021333, "count": 40, "label": 1, "mean_dnbr": 0.7156378612106059}}, {"type": "Feature", "geometry": {"geodesic": false, "type": "Polygon", "coordinates": [[[35.31323786335801, 36.75382628396106], [35.31485483086942, 36.75382628396106], [35.31485483086942, 36.75598224064294], [35.31323786335801, 36.75598224064294], [35.31323786335801, 36.75382628396106]]]}, "id": "+399478+87656", "properties": {"area_ha": 3.4534613245540533, "count": 12, "label": 1, "mean_dnbr": 0.4582543599125922}}, {"type": "Feature", "geometry": {"geodesic": false, "type": "Polygon", "coordinates": [[[35.31054291750564, 36.91821798095493], [35.31539382003987, 36.91821798095493], [35.31539382003987, 36.9187569701254], [35.31593280921035, 36.9187569701254], [35.31593280921035, 36.919834948466345], [35.31539382003987, 36.919834948466345], [35.31539382003987, 36.92037393763682], [35.31485483086942, 36.92037393763682], [35.31485483086942, 36.92145191597776], [35.31377685252846, 36.92145191597776], [35.31377685252846, 36.92091292680729], [35.31215988501705, 36.92091292680729], [35.31215988501705, 36.92037393763682], [35.31162089584657, 36.92037393763682], [35.31162089584657, 36.92091292680729], [35.31108190667612, 36.92091292680729], [35.31108190667612, 36.92037393763682], [35.31054291750564, 36.92037393763682], [35.31054291750564, 36.91929595929587], [35.309464939164684, 36.91929595929587], [35.309464939164684, 36.9187569701254], [35.31054291750564, 36.9187569701254], [35.31054291750564, 36.91821798095493]]]}, "id": "+399479+87351", "properties": {"area_ha": 13.784069593415692, "count": 48, "label": 1, "mean_dnbr": 0.409158486696131}}, {"type": "Feature", "geometry": {"geodesic": false, "type": "Polygon", "coordinates": [[[35.31539382003987, 36.791555525894076], [35.31754977672176, 36.791555525894076], [35.31754977672176, 36.79478946091691], [35.31593280921035, 36.79478946091691], [35.31593280921035, 36.79532845008738], [35.31539382003987, 36.79532845008738], [35.31539382003987, 36.79317249340549], [35.31485483086942, 36.79317249340549], [35.31485483086942, 36.79209451506455], [35.31539382003987, 36.79209451506455], [35.31539382003987, 36.791555525894076]]]}, "id": "+399483+87586", "properties": {"area_ha": 7.766403198104113, "count": 27, "label": 1, "mean_dnbr": 0.28662572088546456}}, {"type": "Feature", "geometry": {"geodesic": false, "type": "Polygon", "coordinates": [[[35.31647179838083, 36.764606067370494], [35.31862775506272, 36.764606067370494], [35.31862775506272, 36.765145056540966], [35.3191667442332, 36.765145056540966], [35.3191667442332, 36.766762024052376], [35.31862775506272, 36.766762024052376], [35.31862775506272, 36.76784000239332], [35.31647179838083, 36.76784000239332], [35.31647179838083, 36.76568404571144], [35.31593280921035, 36.76568404571144], [35.31593280921035, 36.766762024052376], [35.31539382003987, 36.766762024052376], [35.31539382003987, 36.764606067370494], [35.31593280921035, 36.764606067370494], [35.31593280921035, 36.765145056540966], [35.31647179838083, 36.765145056540966], [35.31647179838083, 36.764606067370494]]]}, "id": "+399485+87636", "properties": {"area_ha": 9.20788541129068, "count": 32, "label": 1, "mean_dnbr": 0.1940816859017675}}, {"type": "Feature", "geometry": {"geodesic": false, "type": "Polygon", "coordinates": [[[35.31808876589224, 36.80125733096257], [35.3191667442332, 36.80125733096257], [35.3191667442332, 36.80287429847399], [35.32132270091509, 36.80287429847399], [35.32132270091509, 36.8044912659854], [35.31970573340365, 36.8044912659854], [35.31970573340365, 36.80503025515587], [35.32186169008554, 36.80503025515587], [35.32186169008554, 36.806108233496815], [35.32132270091509, 36.806108233496815], [35.32132270091509, 36.80718621183776], [35.32078371174461, 36.80718621183776], [35.32078371174461, 36.80772520100823], [35.32024472257413, 36.80772520100823], [35.32024472257413, 36.80718621183776], [35.32078371174461, 36.80718621183776], [35.32078371174461, 36.80664722266729], [35.3191667442332, 36.80664722266729], [35.3191667442332, 36.80556924432634], [35.31862775506272, 36.80556924432634], [35.31862775506272, 36.80503025515587], [35.3191667442332, 36.80503025515587], [35.3191667442332, 36.8044912659854], [35.31862775506272, 36.8044912659854], [35.31862775506272, 36.80341328764445], [35.31808876589224, 36.80341328764445], [35.31808876589224, 36.80125733096257]], [[35.32024472257413, 36.80556924432634], [35.32024472257413, 36.806108233496815], [35.31970573340365, 36.806108233496815], [35.31970573340365, 36.80556924432634], [35.32024472257413, 36.80556924432634]]]}, "id": "+399486+87568", "properties": {"area_ha": 11.216499036106768, "count": 39, "label": 1, "mean_dnbr": 0.3045574907759283}}, {"type": "Feature", "geometry": {"geodesic": false, "type": "Polygon", "coordinates": [[[35.31754977672176, 36.87671581482861], [35.32024472257413, 36.87671581482861], [35.32024472257413, 36.878332782340024], [35.3191667442332, 36.878332782340024], [35.3191667442332, 36.8788717715105], [35.31862775506272, 36.8788717715105], [35.31862775506272, 36.878332782340024], [35.31808876589224, 36.878332782340024], [35.31808876589224, 36.87725480399908], [35.31754977672176, 36.87725480399908], [35.31754977672176, 36.87671581482861]]]}, "id": "+399488+87428", "properties": {"area_ha": 4.022574656660301, "count": 14, "label": 1, "mean_dnbr": 0.6346119701634433}}, {"type": "Feature", "geometry": {"geodesic": false, "type": "Polygon", "coordinates": [[[35.32024472257413, 36.77269090492757], [35.32078371174461, 36.77269090492757], [35.32078371174461, 36.77322989409804], [35.32132270091509, 36.77322989409804], [35.32132270091509, 36.77430787243898], [35.32186169008554, 36.77430787243898], [35.32186169008554, 36.774846861609454], [35.32132270091509, 36.774846861609454], [35.32132270091509, 36.77538585077993], [35.32024472257413, 36.77538585077993], [35.32024472257413, 36.774846861609454], [35.31970573340365, 36.774846861609454], [35.31970573340365, 36.77322989409804], [35.32024472257413, 36.77322989409804], [35.32024472257413, 36.77269090492757]]]}, "id": "+399489+87621", "properties": {"area_ha": 3.7403110001318733, "count": 13, "label": 1, "mean_dnbr": 0.4133115602155807}}, {"type": "Feature", "geometry": {"geodesic": false, "type": "Polygon", "coordinates": [[[35.31970573340365, 36.75598224064294], [35.32132270091509, 36.75598224064294], [35.32132270091509, 36.76029415400672], [35.32078371174461, 36.76029415400672], [35.32078371174461, 36.76298909985908], [35.32024472257413, 36.76298909985908], [35.32024472257413, 36.76191112151813], [35.31970573340365, 36.76191112151813], [35.31970573340365, 36.75921617566578], [35.3191667442332, 36.75921617566578], [35.3191667442332, 36.756521229813416], [35.31970573340365, 36.756521229813416], [35.31970573340365, 36.75598224064294]]]}, "id": "+399490+87652", "properties": {"area_ha": 10.647626645380754, "count": 37, "label": 1, "mean_dnbr": 0.19101242103198743}}, {"type": "Feature", "geometry": {"geodesic": false, "type": "Polygon", "coordinates": [[[35.32078371174461, 36.82173891944049], [35.32563461427884, 36.82173891944049], [35.32563461427884, 36.822816897781436], [35.3267125926198, 36.822816897781436], [35.3267125926198, 36.82389487612238], [35.32617360344932, 36.82389487612238], [35.32617360344932, 36.82335588695191], [35.32563461427884, 36.82335588695191], [35.32563461427884, 36.824972854463326], [35.32401764676743, 36.824972854463326], [35.32401764676743, 36.82605083280427], [35.32617360344932, 36.82605083280427], [35.32617360344932, 36.82766780031568], [35.3267125926198, 36.82766780031568], [35.3267125926198, 36.82820678948615], [35.3229396684265, 36.82820678948615], [35.3229396684265, 36.828745778656625], [35.32240067925602, 36.828745778656625], [35.32240067925602, 36.8292847678271], [35.32132270091509, 36.8292847678271], [35.32132270091509, 36.82820678948615], [35.32078371174461, 36.82820678948615], [35.32078371174461, 36.82173891944049]]]}, "id": "+399498+87530", "properties": {"area_ha": 33.06529034783197, "count": 115, "label": 1, "mean_dnbr": 0.48199292499670315}}, {"type": "Feature", "geometry": {"geodesic": false, "type": "Polygon", "coordinates": [[[35.32563461427884, 36.72040895539181], [35.32832956013121, 36.72040895539181], [35.32832956013121, 36.721486933732756], [35.32886854930169, 36.721486933732756], [35.32886854930169, 36.723642890414645], [35.32940753847214, 36.723642890414645], [35.32940753847214, 36.72418187958512], [35.32994652764262, 36.72418187958512], [35.32994652764262, 36.72472086875558], [35.33156349515403, 36.72472086875558], [35.33156349515403, 36.725259857926055], [35.33102450598358, 36.725259857926055], [35.33102450598358, 36.72579884709653], [35.32832956013121, 36.72579884709653], [35.32832956013121, 36.72472086875558], [35.32779057096073, 36.72472086875558], [35.32779057096073, 36.723642890414645], [35.32725158179028, 36.723642890414645], [35.32725158179028, 36.7225649120737], [35.3267125926198, 36.7225649120737], [35.3267125926198, 36.72202592290323], [35.32617360344932, 36.72202592290323], [35.32617360344932, 36.72094794456228], [35.32563461427884, 36.72094794456228], [35.32563461427884, 36.72040895539181]]]}, "id": "+399503+87718", "properties": {"area_ha": 12.09211455750464, "count": 42, "label": 1, "mean_dnbr": 0.19004616349939127}}, {"type": "Feature", "geometry": {"geodesic": false, "type": "Polygon", "coordinates": [[[35.3267125926198, 36.76837899156379], [35.32940753847214, 36.76837899156379], [35.32940753847214, 36.768917980734265], [35.33264147349499, 36.768917980734265], [35.33264147349499, 36.76999595907521], [35.33102450598358, 36.76999595907521], [35.33102450598358, 36.76945696990474], [35.32832956013121, 36.76945696990474], [35.32832956013121, 36.76999595907521], [35.32725158179028, 36.76999595907521], [35.32725158179028, 36.76945696990474], [35.32617360344932, 36.76945696990474], [35.32617360344932, 36.768917980734265], [35.3267125926198, 36.768917980734265], [35.3267125926198, 36.76837899156379]]]}, "id": "+399505+87629", "properties": {"area_ha": 6.330147936114654, "count": 22, "label": 1, "mean_dnbr": 0.32112254074910274}}, {"type": "Feature", "geometry": {"geodesic": false, "type": "Polygon", "coordinates": [[[35.32832956013121, 36.67459487590172], [35.32940753847214, 36.67459487590172], [35.32940753847214, 36.67567285424266], [35.32994652764262, 36.67567285424266], [35.32994652764262, 36.676211843413135], [35.3304855168131, 36.676211843413135], [35.3304855168131, 36.6767508325836], [35.32940753847214, 36.6767508325836], [35.32940753847214, 36.67728982175407], [35.32832956013121, 36.67728982175407], [35.32832956013121, 36.6767508325836], [35.32779057096073, 36.6767508325836], [35.32779057096073, 36.676211843413135], [35.32725158179028, 36.676211843413135], [35.32725158179028, 36.67567285424266], [35.32832956013121, 36.67567285424266], [35.32832956013121, 36.67459487590172]]]}, "id": "+399505+87803", "properties": {"area_ha": 4.609344171783259, "count": 16, "label": 1, "mean_dnbr": 0.3220607436765782}}, {"type": "Feature", "geometry": {"geodesic": false, "type": "Polygon", "coordinates": [[[35.33156349515403, 36.5700309768302], [35.33210248432451, 36.5700309768302], [35.33210248432451, 36.570569966000676], [35.33264147349499, 36.570569966000676], [35.33264147349499, 36.57218693351209], [35.33371945183592, 36.57218693351209], [35.33371945183592, 36.57164794434162], [35.3342584410064, 36.57164794434162], [35.3342584410064, 36.57218693351209], [35.33479743017688, 36.57218693351209], [35.33479743017688, 36.572725922682565], [35.33371945183592, 36.572725922682565], [35.33371945183592, 36.57326491185304], [35.33318046266547, 36.57326491185304], [35.33318046266547, 36.572725922682565], [35.33264147349499, 36.572725922682565], [35.33264147349499, 36.57218693351209], [35.33210248432451, 36.57218693351209], [35.33210248432451, 36.57164794434162], [35.33156349515403, 36.57164794434162], [35.33156349515403, 36.57110895517115], [35.33102450598358, 36.57110895517115], [35.33102450598358, 36.570569966000676], [35.33156349515403, 36.570569966000676], [35.33156349515403, 36.5700309768302]]]}, "id": "+399510+87997", "properties": {"area_ha": 3.750164711034804, "count": 13, "label": 1, "mean_dnbr": 0.23413019646450695}}, {"type": "Feature", "geometry": {"geodesic": false, "type": "Polygon", "coordinates": [[[35.33264147349499, 36.75813819732483], [35.33318046266547, 36.75813819732483], [35.33318046266547, 36.76083314317719], [35.33210248432451, 36.76083314317719], [35.33210248432451, 36.76137213234766], [35.3304855168131, 36.76137213234766], [35.3304855168131, 36.76029415400672], [35.33156349515403, 36.76029415400672], [35.33156349515403, 36.75921617566578], [35.33264147349499, 36.75921617566578], [35.33264147349499, 36.75813819732483]]]}, "id": "+399512+87648", "properties": {"area_ha": 4.604303621496709, "count": 16, "label": 1, "mean_dnbr": 0.20486817949917235}}, {"type": "Feature", "geometry": {"geodesic": false, "type": "Polygon", "coordinates": [[[35.33318046266547, 36.84545444294125], [35.33371945183592, 36.84545444294125], [35.33371945183592, 36.84599343211172], [35.33479743017688, 36.84599343211172], [35.33479743017688, 36.84653242128219], [35.33533641934733, 36.84653242128219], [35.33533641934733, 36.84707141045266], [35.33371945183592, 36.84707141045266], [35.33371945183592, 36.847610399623136], [35.33318046266547, 36.847610399623136], [35.33318046266547, 36.84707141045266], [35.33264147349499, 36.84707141045266], [35.33264147349499, 36.847610399623136], [35.33156349515403, 36.847610399623136], [35.33156349515403, 36.84653242128219], [35.33210248432451, 36.84653242128219], [35.33210248432451, 36.84599343211172], [35.33264147349499, 36.84599343211172], [35.33264147349499, 36.84653242128219], [35.33318046266547, 36.84653242128219], [35.33318046266547, 36.84545444294125]]]}, "id": "+399513+87486", "properties": {"area_ha": 4.311658587288658, "count": 15, "label": 1, "mean_dnbr": 0.21570118919436468}}, {"type": "Feature", "geometry": {"geodesic": false, "type": "Polygon", "coordinates": [[[35.33479743017688, 36.783470688337005], [35.33533641934733, 36.783470688337005], [35.33533641934733, 36.785087655848415], [35.33695338685877, 36.785087655848415], [35.33695338685877, 36.78670462335983], [35.33641439768829, 36.78670462335983], [35.33641439768829, 36.787243612530304], [35.33533641934733, 36.787243612530304], [35.33533641934733, 36.78832159087125], [35.3342584410064, 36.78832159087125], [35.3342584410064, 36.78886058004172], [35.33371945183592, 36.78886058004172], [35.33371945183592, 36.78939956921219], [35.33318046266547, 36.78939956921219], [35.33318046266547, 36.789938558382666], [35.33264147349499, 36.789938558382666], [35.33264147349499, 36.787243612530304], [35.33318046266547, 36.787243612530304], [35.33318046266547, 36.78670462335983], [35.33371945183592, 36.78670462335983], [35.33371945183592, 36.78616563418936], [35.3342584410064, 36.78616563418936], [35.3342584410064, 36.78562664501889], [35.33479743017688, 36.78562664501889], [35.33479743017688, 36.783470688337005]]]}, "id": "+399516+87601", "properties": {"area_ha": 11.50673449378261, "count": 40, "label": 1, "mean_dnbr": 0.4206716398147359}}, {"type": "Feature", "geometry": {"geodesic": false, "type": "Polygon", "coordinates": [[[35.33479743017688, 36.851383323816435], [35.33587540851781, 36.851383323816435], [35.33587540851781, 36.85192231298691], [35.33641439768829, 36.85192231298691], [35.33641439768829, 36.853539280498325], [35.33318046266547, 36.853539280498325], [35.33318046266547, 36.85300029132785], [35.3342584410064, 36.85300029132785], [35.3342584410064, 36.85246130215738], [35.33479743017688, 36.85246130215738], [35.33479743017688, 36.851383323816435]]]}, "id": "+399517+87475", "properties": {"area_ha": 4.311338985543822, "count": 15, "label": 1, "mean_dnbr": 0.2648023486059013}}, {"type": "Feature", "geometry": {"geodesic": false, "type": "Polygon", "coordinates": [[[35.33210248432451, 36.69507646437964], [35.33587540851781, 36.69507646437964], [35.33587540851781, 36.696154442720584], [35.33210248432451, 36.696154442720584], [35.33210248432451, 36.69507646437964]]]}, "id": "+399517+87765", "properties": {"area_ha": 4.032149890652252, "count": 14, "label": 1, "mean_dnbr": 0.3263656680958442}}, {"type": "Feature", "geometry": {"geodesic": false, "type": "Polygon", "coordinates": [[[35.33533641934733, 36.87078693395342], [35.33641439768829, 36.87078693395342], [35.33641439768829, 36.87294289063531], [35.33695338685877, 36.87294289063531], [35.33695338685877, 36.87348187980578], [35.33479743017688, 36.87348187980578], [35.33479743017688, 36.87132592312389], [35.33533641934733, 36.87132592312389], [35.33533641934733, 36.87078693395342]]]}, "id": "+399518+87439", "properties": {"area_ha": 4.310218670919197, "count": 15, "label": 1, "mean_dnbr": 0.29689819639601545}}, {"type": "Feature", "geometry": {"geodesic": false, "type": "Polygon", "coordinates": [[[35.33479743017688, 36.793711482575965], [35.33641439768829, 36.793711482575965], [35.33641439768829, 36.795867439257854], [35.33695338685877, 36.795867439257854], [35.33695338685877, 36.79694541759879], [35.33533641934733, 36.79694541759879], [35.33533641934733, 36.795867439257854], [35.33587540851781, 36.795867439257854], [35.33587540851781, 36.79478946091691], [35.33533641934733, 36.79478946091691], [35.33533641934733, 36.79425047174644], [35.33479743017688, 36.79425047174644], [35.33479743017688, 36.793711482575965]]]}, "id": "+399518+87582", "properties": {"area_ha": 3.7392743788075284, "count": 13, "label": 1, "mean_dnbr": 0.19854561325941292}}, {"type": "Feature", "geometry": {"geodesic": false, "type": "Polygon", "coordinates": [[[35.33533641934733, 36.69723242106153], [35.33641439768829, 36.69723242106153], [35.33641439768829, 36.69938837774342], [35.33587540851781, 36.69938837774342], [35.33587540851781, 36.69992736691389], [35.33533641934733, 36.69992736691389], [35.33533641934733, 36.69938837774342], [35.33479743017688, 36.69938837774342], [35.33479743017688, 36.69831039940247], [35.3342584410064, 36.69831039940247], [35.3342584410064, 36.697771410232], [35.33533641934733, 36.697771410232], [35.33533641934733, 36.69723242106153]]]}, "id": "+399518+87761", "properties": {"area_ha": 3.743999568269429, "count": 13, "label": 1, "mean_dnbr": 0.33883740107799337}}, {"type": "Feature", "geometry": {"geodesic": false, "type": "Polygon", "coordinates": [[[35.33857035437018, 36.71663603119851], [35.34018732188159, 36.71663603119851], [35.34018732188159, 36.71825299870993], [35.33749237602922, 36.71825299870993], [35.33749237602922, 36.717714009539456], [35.33695338685877, 36.717714009539456], [35.33695338685877, 36.717175020368984], [35.33857035437018, 36.717175020368984], [35.33857035437018, 36.71663603119851]]]}, "id": "+399525+87725", "properties": {"area_ha": 4.031008477316269, "count": 14, "label": 1, "mean_dnbr": 0.35946437133561376}}, {"type": "Feature", "geometry": {"geodesic": false, "type": "Polygon", "coordinates": [[[35.34018732188159, 36.863780074737285], [35.340726311052066, 36.863780074737285], [35.340726311052066, 36.86431906390776], [35.34018732188159, 36.86431906390776], [35.34018732188159, 36.86485805307823], [35.340726311052066, 36.86485805307823], [35.340726311052066, 36.865936031419174], [35.34018732188159, 36.865936031419174], [35.34018732188159, 36.8653970422487], [35.33964833271111, 36.8653970422487], [35.33964833271111, 36.86755299893059], [35.34018732188159, 36.86755299893059], [35.34018732188159, 36.86916996644201], [35.339109343540656, 36.86916996644201], [35.339109343540656, 36.86755299893059], [35.33857035437018, 36.86755299893059], [35.33857035437018, 36.863780074737285], [35.339109343540656, 36.863780074737285], [35.339109343540656, 36.86431906390776], [35.34018732188159, 36.86431906390776], [35.34018732188159, 36.863780074737285]]]}, "id": "+399526+87452", "properties": {"area_ha": 6.896884675860773, "count": 24, "label": 1, "mean_dnbr": 0.20603530250401988}}, {"type": "Feature", "geometry": {"geodesic": false, "type": "Polygon", "coordinates": [[[35.34018732188159, 36.81095913603106], [35.342343278563476, 36.81095913603106], [35.342343278563476, 36.81365408188342], [35.342882267733955, 36.81365408188342], [35.342882267733955, 36.814732060224365], [35.342343278563476, 36.814732060224365], [35.342343278563476, 36.81527104939483], [35.33857035437018, 36.81527104939483], [35.33857035437018, 36.81365408188342], [35.3380313651997, 36.81365408188342], [35.3380313651997, 36.81095913603106], [35.33964833271111, 36.81095913603106], [35.33964833271111, 36.81149812520153], [35.34018732188159, 36.81149812520153], [35.34018732188159, 36.81095913603106]]]}, "id": "+399529+87550", "properties": {"area_ha": 17.829362431733706, "count": 62, "label": 1, "mean_dnbr": 0.3443791165392449}}, {"type": "Feature", "geometry": {"geodesic": false, "type": "Polygon", "coordinates": [[[35.34126530022252, 36.55709523673888], [35.343421256904406, 36.55709523673888], [35.343421256904406, 36.557634225909354], [35.344499235245365, 36.557634225909354], [35.344499235245365, 36.558173215079826], [35.343421256904406, 36.558173215079826], [35.343421256904406, 36.5587122042503], [35.341804289393, 36.5587122042503], [35.341804289393, 36.558173215079826], [35.34018732188159, 36.558173215079826], [35.34018732188159, 36.5587122042503], [35.339109343540656, 36.5587122042503], [35.339109343540656, 36.55709523673888], [35.33964833271111, 36.55709523673888], [35.33964833271111, 36.557634225909354], [35.34126530022252, 36.557634225909354], [35.34126530022252, 36.55709523673888]]]}, "id": "+399531+88021", "properties": {"area_ha": 5.7705121888518045, "count": 20, "label": 1, "mean_dnbr": 0.22738902964885796}}, {"type": "Feature", "geometry": {"geodesic": false, "type": "Polygon", "coordinates": [[[35.343421256904406, 36.78832159087125], [35.343960246074886, 36.78832159087125], [35.343960246074886, 36.78886058004172], [35.343421256904406, 36.78886058004172], [35.343421256904406, 36.79047754755314], [35.343960246074886, 36.79047754755314], [35.343960246074886, 36.79263350423502], [35.343421256904406, 36.79263350423502], [35.343421256904406, 36.79317249340549], [35.344499235245365, 36.79317249340549], [35.344499235245365, 36.79209451506455], [35.345038224415845, 36.79209451506455], [35.345038224415845, 36.79317249340549], [35.344499235245365, 36.79317249340549], [35.344499235245365, 36.79425047174644], [35.343960246074886, 36.79425047174644], [35.343960246074886, 36.79532845008738], [35.343421256904406, 36.79532845008738], [35.343421256904406, 36.795867439257854], [35.342882267733955, 36.795867439257854], [35.342882267733955, 36.79694541759879], [35.342343278563476, 36.79694541759879], [35.342343278563476, 36.79802339593974], [35.341804289393, 36.79802339593974], [35.341804289393, 36.79910137428068], [35.34126530022252, 36.79910137428068], [35.34126530022252, 36.799640363451154], [35.340726311052066, 36.799640363451154], [35.340726311052066, 36.800179352621626], [35.33964833271111, 36.800179352621626], [35.33964833271111, 36.79856238511021], [35.34018732188159, 36.79856238511021], [35.34018732188159, 36.79802339593974], [35.340726311052066, 36.79802339593974], [35.340726311052066, 36.797484406769264], [35.34126530022252, 36.797484406769264], [35.34126530022252, 36.79694541759879], [35.341804289393, 36.79694541759879], [35.341804289393, 36.795867439257854], [35.342343278563476, 36.795867439257854], [35.342343278563476, 36.79478946091691], [35.342882267733955, 36.79478946091691], [35.342882267733955, 36.79425047174644], [35.343421256904406, 36.79425047174644], [35.343421256904406, 36.793711482575965], [35.342343278563476, 36.793711482575965], [35.342343278563476, 36.79317249340549], [35.341804289393, 36.79317249340549], [35.341804289393, 36.791555525894076], [35.342343278563476, 36.791555525894076], [35.342343278563476, 36.78886058004172], [35.343421256904406, 36.78886058004172], [35.343421256904406, 36.78832159087125]]]}, "id": "+399532+87592", "properties": {"area_ha": 17.258420350355784, "count": 60, "label": 1, "mean_dnbr": 0.34511496708746303}}, {"type": "Feature", "geometry": {"geodesic": false, "type": "Polygon", "coordinates": [[[35.340726311052066, 36.554939280057], [35.343960246074886, 36.554939280057], [35.343960246074886, 36.55601725839794], [35.342882267733955, 36.55601725839794], [35.342882267733955, 36.55547826922747], [35.342343278563476, 36.55547826922747], [35.342343278563476, 36.55601725839794], [35.340726311052066, 36.55601725839794], [35.340726311052066, 36.55655624756841], [35.34018732188159, 36.55655624756841], [35.34018732188159, 36.55601725839794], [35.340726311052066, 36.55601725839794], [35.340726311052066, 36.554939280057]]]}, "id": "+399532+88025", "properties": {"area_ha": 3.462396449584985, "count": 12, "label": 1, "mean_dnbr": 0.23844098289468227}}, {"type": "Feature", "geometry": {"geodesic": false, "type": "Polygon", "coordinates": [[[35.34126530022252, 36.834674659531814], [35.344499235245365, 36.834674659531814], [35.344499235245365, 36.83790859455465], [35.343421256904406, 36.83790859455465], [35.343421256904406, 36.837369605384175], [35.342882267733955, 36.837369605384175], [35.342882267733955, 36.8368306162137], [35.341804289393, 36.8368306162137], [35.341804289393, 36.83629162704323], [35.34126530022252, 36.83629162704323], [35.34126530022252, 36.834674659531814]]]}, "id": "+399533+87506", "properties": {"area_ha": 8.049528376716347, "count": 28, "label": 1, "mean_dnbr": 0.31337188575685493}}, {"type": "Feature", "geometry": {"geodesic": false, "type": "Polygon", "coordinates": [[[35.343960246074886, 36.674055886731246], [35.344499235245365, 36.674055886731246], [35.344499235245365, 36.67459487590172], [35.345577213586296, 36.67459487590172], [35.345577213586296, 36.67513386507219], [35.345038224415845, 36.67513386507219], [35.345038224415845, 36.67567285424266], [35.344499235245365, 36.67567285424266], [35.344499235245365, 36.6767508325836], [35.343421256904406, 36.6767508325836], [35.343421256904406, 36.676211843413135], [35.342343278563476, 36.676211843413135], [35.342343278563476, 36.67567285424266], [35.342882267733955, 36.67567285424266], [35.342882267733955, 36.67513386507219], [35.343421256904406, 36.67513386507219], [35.343421256904406, 36.67459487590172], [35.343960246074886, 36.67459487590172], [35.343960246074886, 36.674055886731246]]]}, "id": "+399533+87804", "properties": {"area_ha": 4.3212927234895835, "count": 15, "label": 1, "mean_dnbr": 0.36624159337075535}}, {"type": "Feature", "geometry": {"geodesic": false, "type": "Polygon", "coordinates": [[[35.343421256904406, 36.80341328764445], [35.345577213586296, 36.80341328764445], [35.345577213586296, 36.803952276814925], [35.346116202756775, 36.803952276814925], [35.346116202756775, 36.8044912659854], [35.345577213586296, 36.8044912659854], [35.345577213586296, 36.80503025515587], [35.343421256904406, 36.80503025515587], [35.343421256904406, 36.80341328764445]]]}, "id": "+399535+87564", "properties": {"area_ha": 3.738843247546283, "count": 13, "label": 1, "mean_dnbr": 0.2965660260551534}}, {"type": "Feature", "geometry": {"geodesic": false, "type": "Polygon", "coordinates": [[[35.346655191927255, 36.80503025515587], [35.348272159438665, 36.80503025515587], [35.348272159438665, 36.808264190178704], [35.348811148609144, 36.808264190178704], [35.348811148609144, 36.80934216851964], [35.349350137779595, 36.80934216851964], [35.349350137779595, 36.812576103542476], [35.351506094461485, 36.812576103542476], [35.351506094461485, 36.81311509271295], [35.352045083631964, 36.81311509271295], [35.352045083631964, 36.81419307105389], [35.35096710529103, 36.81419307105389], [35.35096710529103, 36.814732060224365], [35.349350137779595, 36.814732060224365], [35.349350137779595, 36.81419307105389], [35.349889126950075, 36.81419307105389], [35.349889126950075, 36.81365408188342], [35.348272159438665, 36.81365408188342], [35.348272159438665, 36.81311509271295], [35.347733170268185, 36.81311509271295], [35.347733170268185, 36.812576103542476], [35.346655191927255, 36.812576103542476], [35.346655191927255, 36.812037114372], [35.345577213586296, 36.812037114372], [35.345577213586296, 36.81149812520153], [35.345038224415845, 36.81149812520153], [35.345038224415845, 36.81095913603106], [35.345577213586296, 36.81095913603106], [35.345577213586296, 36.81042014686059], [35.345038224415845, 36.81042014686059], [35.345038224415845, 36.809881157690114], [35.345577213586296, 36.809881157690114], [35.345577213586296, 36.81042014686059], [35.346116202756775, 36.81042014686059], [35.346116202756775, 36.80880317934918], [35.346655191927255, 36.80880317934918], [35.346655191927255, 36.80503025515587]]]}, "id": "+399540+87561", "properties": {"area_ha": 25.307033944075556, "count": 88, "label": 1, "mean_dnbr": 0.42749347462651754}}, {"type": "Feature", "geometry": {"geodesic": false, "type": "Polygon", "coordinates": [[[35.347194181097706, 36.8158100385653], [35.348811148609144, 36.8158100385653], [35.348811148609144, 36.81688801690625], [35.349350137779595, 36.81688801690625], [35.349350137779595, 36.81904397358814], [35.347194181097706, 36.81904397358814], [35.347194181097706, 36.818504984417665], [35.346116202756775, 36.818504984417665], [35.346116202756775, 36.81904397358814], [35.345577213586296, 36.81904397358814], [35.345577213586296, 36.818504984417665], [35.345038224415845, 36.818504984417665], [35.345038224415845, 36.81742700607672], [35.345577213586296, 36.81742700607672], [35.345577213586296, 36.81688801690625], [35.346116202756775, 36.81688801690625], [35.346116202756775, 36.816349027735775], [35.347194181097706, 36.816349027735775], [35.347194181097706, 36.8158100385653]]]}, "id": "+399541+87541", "properties": {"area_ha": 10.351917697083126, "count": 36, "label": 1, "mean_dnbr": 0.614325013874014}}, {"type": "Feature", "geometry": {"geodesic": false, "type": "Polygon", "coordinates": [[[35.348272159438665, 36.79425047174644], [35.349350137779595, 36.79425047174644], [35.349350137779595, 36.79478946091691], [35.349889126950075, 36.79478946091691], [35.349889126950075, 36.797484406769264], [35.349350137779595, 36.797484406769264], [35.349350137779595, 36.79694541759879], [35.347733170268185, 36.79694541759879], [35.347733170268185, 36.79640642842833], [35.348272159438665, 36.79640642842833], [35.348272159438665, 36.79532845008738], [35.347733170268185, 36.79532845008738], [35.347733170268185, 36.79478946091691], [35.348272159438665, 36.79478946091691], [35.348272159438665, 36.79425047174644]]]}, "id": "+399542+87581", "properties": {"area_ha": 4.8897969120086575, "count": 17, "label": 1, "mean_dnbr": 0.3343530759712682}}, {"type": "Feature", "geometry": {"geodesic": false, "type": "Polygon", "coordinates": [[[35.343960246074886, 36.736039641335495], [35.349889126950075, 36.736039641335495], [35.349889126950075, 36.73819559801738], [35.347194181097706, 36.73819559801738], [35.347194181097706, 36.737656608846905], [35.343421256904406, 36.737656608846905], [35.343421256904406, 36.73657863050597], [35.343960246074886, 36.73657863050597], [35.343960246074886, 36.736039641335495]]]}, "id": "+399543+87689", "properties": {"area_ha": 11.51413092886355, "count": 40, "label": 1, "mean_dnbr": 0.6808443927290079}}, {"type": "Feature", "geometry": {"geodesic": false, "type": "Polygon", "coordinates": [[[35.350428116120554, 36.82712881114521], [35.35258407280244, 36.82712881114521], [35.35258407280244, 36.82766780031568], [35.351506094461485, 36.82766780031568], [35.351506094461485, 36.82820678948615], [35.35096710529103, 36.82820678948615], [35.35096710529103, 36.828745778656625], [35.350428116120554, 36.828745778656625], [35.350428116120554, 36.8292847678271], [35.349350137779595, 36.8292847678271], [35.349350137779595, 36.82982375699757], [35.348811148609144, 36.82982375699757], [35.348811148609144, 36.83036274616804], [35.346655191927255, 36.83036274616804], [35.346655191927255, 36.82982375699757], [35.347194181097706, 36.82982375699757], [35.347194181097706, 36.8292847678271], [35.348272159438665, 36.8292847678271], [35.348272159438665, 36.82820678948615], [35.348811148609144, 36.82820678948615], [35.348811148609144, 36.82766780031568], [35.350428116120554, 36.82766780031568], [35.350428116120554, 36.82712881114521]]]}, "id": "+399548+87520", "properties": {"area_ha": 7.475293165624313, "count": 26, "label": 1, "mean_dnbr": 0.4420204001906876}}, {"type": "Feature", "geometry": {"geodesic": false, "type": "Polygon", "coordinates": [[[35.352045083631964, 36.86270209639635], [35.353662051143374, 36.86270209639635], [35.353662051143374, 36.86431906390776], [35.353123061972894, 36.86431906390776], [35.353123061972894, 36.86485805307823], [35.35096710529103, 36.86485805307823], [35.35096710529103, 36.863780074737285], [35.351506094461485, 36.863780074737285], [35.351506094461485, 36.86324108556681], [35.352045083631964, 36.86324108556681], [35.352045083631964, 36.86270209639635]]]}, "id": "+399550+87454", "properties": {"area_ha": 4.598071616216635, "count": 16, "label": 1, "mean_dnbr": 0.44896299726590794}}, {"type": "Feature", "geometry": {"geodesic": false, "type": "Polygon", "coordinates": [[[35.355279018654784, 36.94624541781946], [35.35581800782526, 36.94624541781946], [35.35581800782526, 36.946784406989934], [35.355279018654784, 36.946784406989934], [35.355279018654784, 36.94732339616041], [35.35581800782526, 36.94732339616041], [35.35581800782526, 36.94786238533087], [35.35635699699574, 36.94786238533087], [35.35635699699574, 36.948401374501344], [35.355279018654784, 36.948401374501344], [35.355279018654784, 36.94947935284229], [35.35635699699574, 36.94947935284229], [35.35635699699574, 36.950557331183234], [35.35581800782526, 36.950557331183234], [35.35581800782526, 36.95001834201276], [35.35420104031385, 36.95001834201276], [35.35420104031385, 36.94947935284229], [35.353662051143374, 36.94947935284229], [35.353662051143374, 36.946784406989934], [35.355279018654784, 36.946784406989934], [35.355279018654784, 36.94624541781946]]]}, "id": "+399554+87299", "properties": {"area_ha": 6.8894619869963964, "count": 24, "label": 1, "mean_dnbr": 0.4780164885137158}}]}