aoi,date,fid,area_ha,mean_dnbr,pre_bright,post_bright,delta,decision
35SMB,2025-07-10,0,4.0,0.2171021923196198,1547.6,1510.6,-0.024,keep
35SMB,2025-07-10,1,3.7,0.1931674998077573,1518.9,1472.1,-0.031,keep
35SMB,2025-07-10,2,234.9,0.36164610576264233,1279.3,1277.4,-0.001,keep
35SMB,2025-07-10,3,5.7,0.31078038179128237,1101.5,1081.4,-0.018,keep
35SMC,2025-06-15,0,86.0,0.5378167944030303,1725.6,1747.4,0.013,keep
35SMC,2025-06-15,1,31.1,0.503563990710472,1633.6,1415.8,-0.133,keep
35SMC,2025-06-15,2,114.4,0.5153163143333372,1557.4,1428.2,-0.083,keep
35SMC,2025-06-15,3,21.9,0.31886238316759596,1971.4,1473.2,-0.253,keep
35SMC,2025-06-20,0,82.7,0.5112396824564083,1740.3,1769.0,0.016,keep
35SMC,2025-06-20,1,113.0,0.506759708521905,1582.1,1445.6,-0.086,keep
35SMC,2025-06-20,2,21.0,0.30153732085575463,1946.6,1472.8,-0.243,keep
35SMC,2025-06-22,0,82.1,0.5108631185822783,1735.7,1763.6,0.016,keep
35SMC,2025-06-22,1,111.3,0.5119745322210185,1560.0,1437.1,-0.079,keep
35SMC,2025-06-23,0,21.6,0.6688563823287665,1639.2,1462.9,-0.108,keep
35SMC,2025-06-23,1,41.4,0.2844081732081394,2387.4,2220.5,-0.07,keep
35SMC,2025-06-23,2,11.8,0.24258808138635757,2530.4,2406.7,-0.049,keep
35SMC,2025-06-23,3,11.3,0.24645933330246,2301.8,2212.3,-0.039,keep
35SMC,2025-06-23,4,2953.4,0.45257338952016196,1918.1,1687.5,-0.12,keep
35SMC,2025-06-23,5,5.1,0.2987215021257153,2007.8,2039.7,0.016,keep
35SMC,2025-06-23,6,21.7,0.2621284291893189,1960.5,1975.2,0.008,keep
35SMC,2025-06-23,7,3.4,0.16090901662166246,2577.8,2397.8,-0.07,keep
35SMC,2025-06-23,8,6.2,0.31362937569478977,1817.1,1674.4,-0.079,keep
35SMC,2025-06-23,9,3.4,0.2679406425927264,2385.5,1558.0,-0.347,keep
35SMC,2025-06-25,0,25.4,0.18721325111903464,2595.0,2548.3,-0.018,keep
35SMC,2025-06-25,1,23.7,0.22362228684416308,2634.1,2277.7,-0.135,keep
35SMC,2025-06-25,2,5062.6,0.36430029544560705,1934.5,1779.8,-0.08,keep
35SMC,2025-06-25,3,81.3,0.5058616260311046,1738.9,1816.7,0.045,keep
35SMC,2025-06-25,4,113.0,0.4983206265137354,1564.7,1491.8,-0.047,keep
35SMC,2025-06-25,5,56.7,0.5127777046836295,1687.4,1626.5,-0.036,keep
35SMC,2025-06-28,0,18.3,0.5288364487334577,1651.1,1490.1,-0.098,keep
35SMC,2025-06-28,1,6.5,0.17067235059190383,1820.5,1748.8,-0.039,keep
35SMC,2025-06-28,2,5268.1,0.37228215814177285,2026.2,1970.9,-0.027,keep
35SMC,2025-06-28,3,4.8,0.2766369357629145,2428.2,1950.5,-0.197,keep
35SMC,2025-06-30,0,23.7,0.20397173897617366,2564.0,2639.8,0.03,keep
35SMC,2025-06-30,1,29.9,0.2247583757002129,2656.5,2404.7,-0.095,keep
35SMC,2025-06-30,2,5059.8,0.37405278619956733,1944.6,1876.3,-0.035,keep
35SMC,2025-06-30,3,3582.6,0.5257188074857148,1606.9,1400.1,-0.129,keep
35SMC,2025-06-30,4,4321.5,0.6973188043538036,1422.6,1431.1,0.006,keep
35SMC,2025-06-30,5,56.7,0.5598287314814008,1698.9,1645.0,-0.032,keep
35SMC,2025-06-30,6,912.3,0.5353367410170045,1352.4,1257.6,-0.07,keep
35SMC,2025-06-30,7,29.2,0.3579468714492131,2089.7,1619.2,-0.225,keep
35SMC,2025-06-30,8,116.5,0.4508964545190308,1933.0,1605.1,-0.17,keep
35SMC,2025-07-02,0,24.2,0.1882149902085277,2544.0,2651.9,0.042,keep
35SMC,2025-07-02,1,27.1,0.21994030254101637,2660.1,2427.3,-0.087,keep
35SMC,2025-07-02,2,4825.5,0.36116488489539034,1920.0,1857.9,-0.032,keep
35SMC,2025-07-02,3,111.5,0.5543765795650923,1752.0,1414.1,-0.193,keep
35SMC,2025-07-02,4,4773.3,0.5340457331678642,1576.7,1394.6,-0.116,keep
35SMC,2025-07-02,5,56.7,0.5300111208258234,1700.2,1645.0,-0.032,keep
35SMC,2025-07-02,6,884.6,0.5198426453677094,1337.8,1242.7,-0.071,keep
35SMC,2025-07-02,7,4671.7,0.6739708745256371,1434.0,1435.4,0.001,keep
35SMC,2025-07-02,8,24.2,0.3459729283580906,2120.4,1623.0,-0.235,keep
35SMC,2025-07-02,9,114.6,0.41652341993905984,1939.9,1599.2,-0.176,keep
35SMC,2025-07-03,0,16.6,0.5526234592474827,1553.4,1484.7,-0.044,keep
35SMC,2025-07-03,1,18.3,0.2520600201811935,2262.7,2537.7,0.122,eliminate
35SMC,2025-07-03,2,3.4,0.19690813294870213,2324.6,2390.3,0.028,keep
35SMC,2025-07-03,3,8.7,0.1872984420053068,2604.5,2783.6,0.069,eliminate
35SMC,2025-07-03,4,18.9,0.22412895758086993,2605.8,2359.4,-0.095,keep
35SMC,2025-07-03,5,4.8,0.1921871303546812,2473.1,2517.5,0.018,keep
35SMC,2025-07-03,6,3.1,0.1711075401316836,2385.3,2332.6,-0.022,keep
35SMC,2025-07-03,7,3.7,0.18890061235543193,2109.4,2070.5,-0.018,keep
35SMC,2025-07-03,8,3631.0,0.35757519498514423,1925.5,1923.7,-0.001,keep
35SMC,2025-07-03,9,6.2,0.17688464761399905,2461.2,2418.8,-0.017,keep
35SMC,2025-07-03,10,5.4,0.18996530013578308,2174.1,2115.0,-0.027,keep
35SMC,2025-07-03,11,11.0,0.22064284071911514,2284.2,2260.8,-0.01,keep
35SMC,2025-07-03,12,6.5,0.18033526008125134,2349.3,2310.4,-0.017,keep
35SMC,2025-07-03,13,5.9,0.17495787603836205,1829.8,1853.2,0.013,keep
35SMC,2025-07-05,0,26.8,0.1919822564046469,2559.3,2727.0,0.066,eliminate
35SMC,2025-07-05,1,30.4,0.218566700280766,2595.5,2454.0,-0.055,keep
35SMC,2025-07-05,2,4995.3,0.3540272544288795,1927.0,1927.8,0.0,keep
35SMC,2025-07-05,3,9657.2,0.41985232796609456,1912.2,1655.0,-0.135,keep
35SMC,2025-07-05,4,115.4,0.5796043392902818,1767.4,1455.3,-0.177,keep
35SMC,2025-07-05,5,4871.9,0.5436451269643373,1578.3,1461.1,-0.074,keep
35SMC,2025-07-05,6,57.0,0.5350693764100695,1699.6,1671.5,-0.017,keep
35SMC,2025-07-05,7,27.0,0.3098117232156579,2606.2,1882.2,-0.278,keep
35SMC,2025-07-05,8,918.5,0.5254642585570661,1358.1,1275.3,-0.061,keep
35SMC,2025-07-05,9,4727.4,0.6855574672945808,1436.6,1487.6,0.036,keep
35SMC,2025-07-05,10,28.4,0.3294720101380427,2115.5,1724.5,-0.185,keep
35SMC,2025-07-05,11,115.7,0.4226459100972429,1942.7,1667.5,-0.142,keep
35SMC,2025-07-08,0,4518.2,0.3498975271475467,1955.2,1922.1,-0.017,keep
35SMC,2025-07-10,0,162.5,0.27412667332976176,2117.6,2165.4,0.023,keep
35SMC,2025-07-10,1,471.3,0.36234864401985273,1856.4,1699.3,-0.085,keep
35SMC,2025-07-10,2,9506.3,0.4074916704914519,1931.8,1663.1,-0.139,keep
35SMC,2025-07-10,3,111.2,0.6077530201898813,1755.9,1449.2,-0.175,keep
35SMC,2025-07-10,4,4750.4,0.5419842842313894,1580.6,1468.2,-0.071,keep
35SMC,2025-07-10,5,857.4,0.5329837021336311,1308.8,1237.4,-0.055,keep
35SMC,2025-07-10,6,25.3,0.3140669489594445,2535.7,1847.9,-0.271,keep
35SMC,2025-07-10,7,4631.9,0.6849617070138303,1436.4,1492.4,0.039,keep
35SMC,2025-07-10,8,27.0,0.33443314564328236,2094.7,1713.5,-0.182,keep
35SMC,2025-07-10,9,113.5,0.4168027805949504,1930.0,1669.8,-0.135,keep
35SMC,2025-07-13,0,14.9,0.23842360733621684,2273.5,2287.2,0.006,keep
35SMD,2025-06-15,0,27.5,0.23011464477028182,1825.3,2476.1,0.357,eliminate
35SMD,2025-06-18,0,3.6,0.27985175252590355,2143.4,2419.6,0.129,eliminate
35SMD,2025-06-18,1,10.0,0.3494986281359023,1891.2,1583.3,-0.163,keep
35SMD,2025-06-18,2,6.7,0.37377371371062645,2141.6,2316.1,0.081,eliminate
35SMD,2025-06-18,3,6.9,0.3141282740995936,1986.4,2414.0,0.215,eliminate
35SMD,2025-06-18,4,4.4,0.2952657622593866,2145.9,2542.4,0.185,eliminate
35SMD,2025-06-22,0,29.8,0.4201213566857101,1977.9,1581.0,-0.201,keep
35SMD,2025-06-23,0,7.0,0.3298527465179419,2055.5,2341.0,0.139,eliminate
35SMD,2025-06-23,1,4.5,0.3678503558965354,2349.2,2568.6,0.093,eliminate
35SMD,2025-06-23,2,8.3,0.3355821280884549,1879.3,1707.1,-0.092,keep
35SMD,2025-06-23,3,29.8,0.41527888821727077,1977.9,1584.6,-0.199,keep
35SMD,2025-06-23,4,4.2,0.37637677082394316,1883.4,1650.1,-0.124,keep
35SMD,2025-06-25,0,30.1,0.39182984088466827,1986.7,1669.7,-0.16,keep
35SMD,2025-06-25,1,82.3,0.48546615945989613,1877.9,1556.8,-0.171,keep
35SMD,2025-06-30,0,82.9,0.538473561385427,1915.4,1587.6,-0.171,keep
35SMD,2025-06-30,1,29.5,0.41080834443915687,2244.5,1618.3,-0.279,keep
35SMD,2025-07-02,0,29.8,0.39433807587834935,1944.3,1765.8,-0.092,keep
35SMD,2025-07-02,1,81.8,0.5182679461511435,1889.4,1543.5,-0.183,keep
35SMD,2025-07-02,2,29.0,0.34430808930500606,2260.4,1612.1,-0.287,keep
35SMD,2025-07-03,0,29.6,0.35688360532779406,1942.8,1777.9,-0.085,keep
35SMD,2025-07-03,1,4.2,0.3274896040854293,1907.7,1680.3,-0.119,keep
35SMD,2025-07-03,2,81.8,0.48161900369036487,1892.3,1536.2,-0.188,keep
35SMD,2025-07-05,0,80.4,0.49918694336868774,1885.8,1540.0,-0.183,keep
35SMD,2025-07-05,1,30.4,0.3293803051473502,2270.3,1773.5,-0.219,keep
35SMD,2025-07-08,0,9.7,0.3839235774334892,2126.0,1473.2,-0.307,keep
35SMD,2025-07-08,1,81.2,0.47688490353308394,1890.4,1582.8,-0.163,keep
35SMD,2025-07-10,0,28.4,0.3382634158941396,2225.9,1736.0,-0.22,keep
35SMD,2025-07-10,1,20.6,0.586302363191257,2445.3,1132.7,-0.537,keep
35SMD,2025-07-13,0,3.1,0.3149751496274112,2147.5,2304.9,0.073,eliminate
35SMD,2025-07-13,1,8.6,0.3725000761740354,2122.2,1491.6,-0.297,keep
35SMD,2025-07-13,2,4.1,0.2296355574059832,2205.9,2417.0,0.096,eliminate
35SMV,2025-07-10,0,10.2,0.23730403137823863,1663.4,1929.5,0.16,eliminate
35SNA,2025-06-30,0,5.7,0.32623808076467997,2063.9,2607.3,0.263,eliminate
35SNA,2025-06-30,1,22.4,0.48304487751203135,1737.2,1493.2,-0.14,keep
35SNA,2025-07-05,0,22.7,0.47530005368352696,1745.2,1590.3,-0.089,keep
35SNA,2025-07-07,0,22.1,0.4598258520639246,1723.3,1573.4,-0.087,keep
35SNA,2025-07-09,0,18.1,0.4367318426429258,1730.8,1606.9,-0.072,keep
35SNB,2025-06-17,0,23.2,0.33121774071915155,1792.1,1621.4,-0.095,keep
35SNB,2025-06-17,1,58.9,0.3268744643936504,1941.6,1827.7,-0.059,keep
35SNB,2025-06-19,0,22.9,0.34439861267188165,1798.5,1599.6,-0.111,keep
35SNB,2025-06-19,1,61.5,0.3354875945919074,1990.0,1818.4,-0.086,keep
35SNB,2025-06-20,0,22.6,0.3348289330220736,1798.8,1622.3,-0.098,keep
35SNB,2025-06-20,1,57.2,0.3250341229375178,1987.1,1823.0,-0.083,keep
35SNB,2025-06-22,0,22.9,0.34219537402149175,1800.1,1660.2,-0.078,keep
35SNB,2025-06-22,1,58.6,0.33210352254976,1963.9,1857.8,-0.054,keep
35SNB,2025-06-22,2,357.6,0.3679607820420356,2007.0,1687.1,-0.159,keep
35SNB,2025-06-25,0,22.9,0.32260814277893946,1819.8,1705.4,-0.063,keep
35SNB,2025-06-25,1,55.2,0.31948033738345055,1954.2,1890.4,-0.033,keep
35SNB,2025-06-25,2,363.3,0.38184416419623635,2059.2,1735.1,-0.157,keep
35SNB,2025-06-27,0,21.5,0.3185216348584822,1811.3,1683.3,-0.071,keep
35SNB,2025-06-27,1,39.5,0.318861025836286,1917.8,1856.5,-0.032,keep
35SNB,2025-06-27,2,351.9,0.37084597438150335,2040.6,1726.1,-0.154,keep
35SNB,2025-06-29,0,21.8,0.31505561240932173,1788.0,1710.2,-0.044,keep
35SNB,2025-06-29,1,39.8,0.3273262720237696,1923.4,1877.8,-0.024,keep
35SNB,2025-06-29,2,364.4,0.38858653071131527,2014.3,1767.0,-0.123,keep
35SNB,2025-06-30,0,22.4,0.4767740065982716,1737.2,1493.2,-0.14,keep
35SNB,2025-06-30,1,36.2,0.5174678671183583,1843.0,1818.6,-0.013,keep
35SNB,2025-06-30,2,53.3,0.5228352510602085,1688.5,1655.1,-0.02,keep
35SNB,2025-06-30,3,35.6,0.3168570812971216,1924.1,1882.6,-0.022,keep
35SNB,2025-06-30,4,361.3,0.3849856882337114,2016.4,1789.7,-0.112,keep
35SNB,2025-06-30,5,27.8,0.3864555866043516,1479.7,1394.0,-0.058,keep
35SNB,2025-07-02,0,366.1,0.4000250897063009,2000.0,1832.9,-0.084,keep
35SNB,2025-07-02,1,45.0,0.5950380329238342,1582.3,1544.0,-0.024,keep
35SNB,2025-07-05,0,22.7,0.4751184606230747,1745.2,1590.3,-0.089,keep
35SNB,2025-07-05,1,145.4,0.3459816206261764,1893.3,1541.9,-0.186,keep
35SNB,2025-07-05,2,361.0,0.3763311218390652,1992.0,1877.3,-0.058,keep
35SNB,2025-07-05,3,45.0,0.5927168611965992,1674.1,1514.0,-0.096,keep
35SNB,2025-07-05,4,21.6,0.4276747947709534,1771.0,1640.8,-0.074,keep
35SNB,2025-07-07,0,22.4,0.4892928522204562,1723.5,1576.5,-0.085,keep
35SNB,2025-07-07,1,144.8,0.3623941593598658,1843.9,1539.0,-0.165,keep
35SNB,2025-07-07,2,43.6,0.6021090214089683,1643.4,1509.1,-0.082,keep
35SNB,2025-07-07,3,20.8,0.44128982274992906,1712.3,1615.2,-0.057,keep
35SNB,2025-07-09,0,144.0,0.3669635123091789,1868.9,1556.2,-0.167,keep
35SNB,2025-07-09,1,44.5,0.5830047182248572,1586.3,1524.2,-0.039,keep
35SNB,2025-07-09,2,21.6,0.42456685728323684,1751.7,1663.4,-0.05,keep
35SNB,2025-07-10,0,141.7,0.3687039824252286,1870.5,1569.7,-0.161,keep
35SNB,2025-07-10,1,43.6,0.5873932868649339,1584.9,1525.0,-0.038,keep
35SNB,2025-07-10,2,21.6,0.42128499593861657,1751.7,1663.6,-0.05,keep
35SNB,2025-07-12,0,144.3,0.3768415919632288,1891.5,1591.4,-0.159,keep
35SNB,2025-07-12,1,43.3,0.5905417923824329,1595.1,1531.3,-0.04,keep
35SNB,2025-07-12,2,21.6,0.4268814517605082,1780.4,1662.2,-0.066,keep
35SNC,2025-06-17,0,21.8,0.3781750931702166,1860.7,1278.7,-0.313,keep
35SNC,2025-06-19,0,22.0,0.43518752794994986,1923.9,1281.5,-0.334,keep
35SNC,2025-06-20,0,21.8,0.37703006277223766,1925.0,1314.9,-0.317,keep
35SNC,2025-06-20,1,29.2,0.2873563025165548,2018.5,1758.7,-0.129,keep
35SNC,2025-06-22,0,22.3,0.4009056425962377,1946.8,1396.0,-0.283,keep
35SNC,2025-06-25,0,34.5,0.3791206042651489,2011.8,1515.2,-0.247,keep
35SNC,2025-06-25,1,21.8,0.357800660459304,1917.1,1559.9,-0.186,keep
35SNC,2025-06-27,0,35.0,0.3769307598719794,2008.6,1517.7,-0.244,keep
35SNC,2025-06-27,1,21.8,0.3776076644656682,1891.6,1559.9,-0.175,keep
35SNC,2025-06-27,2,24.2,0.2603008437085553,1981.8,1790.4,-0.097,keep
35SNC,2025-06-29,0,35.3,0.42349595969728493,2023.9,1550.3,-0.234,keep
35SNC,2025-06-29,1,22.0,0.4220699967986746,1865.2,1612.1,-0.136,keep
35SNC,2025-06-30,0,28.1,0.3480969906534841,2079.6,1608.0,-0.227,keep
35SNC,2025-06-30,1,116.3,0.4350372600871764,1931.8,1603.1,-0.17,keep
35SNC,2025-06-30,2,91.6,0.5439423717385091,1678.5,1527.2,-0.09,keep
35SNC,2025-06-30,3,188.4,0.6564024103799718,1247.2,1217.6,-0.024,keep
35SNC,2025-06-30,4,164.5,0.5073336273686766,1776.7,1493.8,-0.159,keep
35SNC,2025-06-30,5,35.0,0.3759959508626083,2029.7,1586.1,-0.219,keep
35SNC,2025-06-30,6,21.2,0.3426277929596516,1861.7,1643.7,-0.117,keep
35SNC,2025-06-30,7,27.2,0.42647550393901423,1476.6,1392.0,-0.057,keep
35SNC,2025-07-02,0,156.1,0.5287802929394251,1757.0,1569.7,-0.107,keep
35SNC,2025-07-02,1,35.0,0.3821523544453634,1987.3,1634.8,-0.177,keep
35SNC,2025-07-02,2,778.2,0.5097546164938828,1495.3,1439.4,-0.037,keep
35SNC,2025-07-02,3,43.1,0.5985036145354339,1578.1,1540.7,-0.024,keep
35SNC,2025-07-05,0,166.8,0.5113816875010782,1819.1,1600.4,-0.12,keep
35SNC,2025-07-05,1,34.2,0.3587768618209828,2011.7,1650.1,-0.18,keep
35SNC,2025-07-05,2,54.1,0.5501771530291275,1620.1,1467.7,-0.094,keep
35SNC,2025-07-05,3,2171.0,0.5327288655199843,1694.4,1477.8,-0.128,keep
35SNC,2025-07-05,4,772.3,0.5318919901221748,1575.9,1415.9,-0.101,keep
35SNC,2025-07-05,5,43.3,0.601802519614236,1666.9,1510.2,-0.094,keep
35SNC,2025-07-07,0,165.9,0.513794392760261,1814.3,1596.2,-0.12,keep
35SNC,2025-07-07,1,33.3,0.3604661881617118,1990.5,1644.0,-0.174,keep
35SNC,2025-07-07,2,52.7,0.5650693652064828,1510.3,1436.3,-0.049,keep
35SNC,2025-07-07,3,2148.5,0.5241294485008368,1622.1,1468.1,-0.095,keep
35SNC,2025-07-07,4,772.8,0.5173159687566765,1498.0,1411.0,-0.058,keep
35SNC,2025-07-07,5,41.9,0.6090215066890764,1636.6,1499.9,-0.083,keep
35SNC,2025-07-09,0,165.1,0.5148108065679442,1836.9,1617.0,-0.12,keep
35SNC,2025-07-09,1,33.3,0.3518740163867797,1983.7,1652.1,-0.167,keep
35SNC,2025-07-09,2,54.4,0.5827849692789647,1540.8,1471.5,-0.045,keep
35SNC,2025-07-09,3,2192.5,0.5240679913846502,1630.0,1496.6,-0.082,keep
35SNC,2025-07-09,4,778.8,0.5216987060635008,1538.4,1482.4,-0.036,keep
35SNC,2025-07-09,5,42.8,0.5933403371407197,1583.0,1524.2,-0.037,keep
35SNC,2025-07-10,0,161.7,0.5205795454194749,1836.5,1618.9,-0.119,keep
35SNC,2025-07-10,1,51.8,0.6196217357621593,1530.7,1447.2,-0.055,keep
35SNC,2025-07-10,2,2101.1,0.5270464313713776,1628.3,1496.8,-0.081,keep
35SNC,2025-07-10,3,749.5,0.534478858470424,1538.9,1481.9,-0.037,keep
35SNC,2025-07-10,4,41.6,0.608803477048132,1573.9,1514.5,-0.038,keep
35SNC,2025-07-12,0,149.8,0.5051360510698035,1820.6,1633.2,-0.103,keep
35SNC,2025-07-12,1,54.9,0.579774916346648,1599.0,1487.4,-0.07,keep
35SNC,2025-07-12,2,2160.3,0.5255390612906246,1661.6,1512.4,-0.09,keep
35SNC,2025-07-12,3,765.5,0.5186135106033205,1555.7,1497.5,-0.037,keep
35SNC,2025-07-12,4,42.2,0.6044470902418669,1590.4,1530.2,-0.038,keep
35SND,2025-06-15,0,61.8,0.28912047123251156,2200.6,1986.1,-0.097,keep
35SND,2025-06-17,0,53.7,0.2758216673916597,2160.0,1951.1,-0.097,keep
35SND,2025-06-17,1,25.0,0.41261025225079284,1689.4,1258.7,-0.255,keep
35SND,2025-06-19,0,56.8,0.28174368974153535,2191.5,2003.3,-0.086,keep
35SND,2025-06-19,1,25.0,0.4385393409258631,1682.2,1247.6,-0.258,keep
35SND,2025-06-19,2,36.8,0.3371306468602973,1892.6,1502.7,-0.206,keep
35SND,2025-06-20,0,52.6,0.2730630910751693,2174.9,1994.3,-0.083,keep
35SND,2025-06-20,1,20.7,0.43489630074211383,1711.4,1390.9,-0.187,keep
35SND,2025-06-20,2,23.9,0.4345527728605086,1681.3,1248.5,-0.257,keep
35SND,2025-06-20,3,531.8,0.4515093404756284,1879.4,1388.0,-0.261,keep
35SND,2025-06-20,4,34.6,0.3408767069416972,1898.4,1501.1,-0.209,keep
35SND,2025-06-20,5,55.1,0.5465181181337215,1619.6,1381.2,-0.147,keep
35SND,2025-06-22,0,24.7,0.41797946465787544,1686.7,1307.4,-0.225,keep
35SND,2025-06-22,1,549.0,0.4465167431968658,1880.3,1426.7,-0.241,keep
35SND,2025-06-22,2,34.9,0.3380122046306885,1885.8,1546.2,-0.18,keep
35SND,2025-06-22,3,56.5,0.5818286767735283,1602.3,1462.2,-0.087,keep
35SND,2025-06-25,0,32.4,0.2553526950773284,2322.7,1920.5,-0.173,keep
35SND,2025-06-25,1,23.6,0.4030251952671488,1676.6,1345.7,-0.197,keep
35SND,2025-06-25,2,534.8,0.42558830541868986,1924.5,1516.1,-0.212,keep
35SND,2025-06-25,3,34.0,0.3235897925364368,1896.6,1621.7,-0.145,keep
35SND,2025-06-25,4,55.4,0.5829921755704667,1628.4,1485.6,-0.088,keep
35SND,2025-06-27,0,31.9,0.2509300653681021,2321.9,1914.7,-0.175,keep
35SND,2025-06-27,1,23.9,0.4022207160068088,1652.2,1349.3,-0.183,keep
35SND,2025-06-27,2,533.5,0.423123779757045,1913.0,1507.3,-0.212,keep
35SND,2025-06-27,3,32.4,0.3326397428118101,1892.1,1583.4,-0.163,keep
35SND,2025-06-27,4,56.5,0.583612346317878,1647.2,1488.5,-0.096,keep
35SND,2025-06-29,0,32.7,0.25977317719298665,2287.2,1953.9,-0.146,keep
35SND,2025-06-29,1,1719.6,0.5851692703788328,1608.1,1362.1,-0.153,keep
35SND,2025-06-29,2,23.4,0.4334646682891902,1628.2,1369.0,-0.159,keep
35SND,2025-06-29,3,521.3,0.43601690059342474,1879.9,1522.2,-0.19,keep
35SND,2025-06-29,4,32.6,0.35906049162361514,1839.1,1600.1,-0.13,keep
35SND,2025-06-29,5,113.9,0.4095057502531062,1830.1,1339.1,-0.268,keep
35SND,2025-06-29,6,56.2,0.6096584828884705,1610.0,1498.6,-0.069,keep
35SND,2025-06-30,0,87.7,0.4588817083928935,1505.5,1394.3,-0.074,keep
35SND,2025-06-30,1,91.1,0.4554381170682696,1993.5,1435.3,-0.28,keep
35SND,2025-06-30,2,46.5,0.3799099199307754,1722.4,1433.7,-0.168,keep
35SND,2025-06-30,3,32.1,0.24517955344028966,2290.1,1980.3,-0.135,keep
35SND,2025-06-30,4,314.8,0.5548608671056344,1580.0,1375.3,-0.13,keep
35SND,2025-06-30,5,2459.8,0.5662108262638488,1637.2,1444.1,-0.118,keep
35SND,2025-06-30,6,22.8,0.4112960290657106,1627.3,1376.4,-0.154,keep
35SND,2025-06-30,7,516.0,0.4289190765493919,1890.9,1549.1,-0.181,keep
35SND,2025-06-30,8,31.0,0.3612354272272327,1837.5,1596.2,-0.131,keep
35SND,2025-06-30,9,112.8,0.40534915661029525,1832.2,1352.7,-0.262,keep
35SND,2025-06-30,10,53.4,0.6164386703800092,1604.0,1496.9,-0.067,keep
35SND,2025-07-02,0,31.3,0.2288539780081627,2275.3,1999.9,-0.121,keep
35SND,2025-07-02,1,2938.8,0.5461479708623822,1573.4,1519.8,-0.034,keep
35SND,2025-07-02,2,59.6,0.5642521921206245,1835.3,1608.7,-0.123,keep
35SND,2025-07-02,3,509.7,0.40870313601601865,1858.7,1579.6,-0.15,keep
35SND,2025-07-02,4,112.8,0.3921246528693799,1811.2,1402.1,-0.226,keep
35SND,2025-07-02,5,54.5,0.5867064270103505,1577.1,1532.5,-0.028,keep
35SND,2025-07-05,0,2917.8,0.5500386514025971,1604.1,1531.5,-0.045,keep
35SND,2025-07-05,1,60.1,0.5706964126673421,1867.7,1589.1,-0.149,keep
35SND,2025-07-05,2,112.8,0.38664624250205,1835.5,1438.6,-0.216,keep
35SND,2025-07-07,0,3.1,0.25297060579379027,1834.8,1840.1,0.003,keep
35SND,2025-07-07,1,2902.7,0.5321929229124518,1565.2,1517.4,-0.031,keep
35SND,2025-07-07,2,59.3,0.5600911902570145,1860.9,1580.1,-0.151,keep
35SND,2025-07-07,3,3.3,0.30620806255829053,1545.5,1553.7,0.005,keep
35SND,2025-07-07,4,110.4,0.3809082115115214,1802.5,1431.5,-0.206,keep
35SND,2025-07-09,0,2930.7,0.5325625950910641,1566.8,1538.9,-0.018,keep
35SND,2025-07-09,1,59.6,0.5556099283850322,1807.3,1594.8,-0.118,keep
35SND,2025-07-09,2,111.2,0.3816282051227291,1768.6,1443.8,-0.184,keep
35SND,2025-07-10,0,2794.4,0.5567693004716064,1568.1,1540.6,-0.018,keep
35SND,2025-07-10,1,58.2,0.5711864332549815,1806.2,1578.5,-0.126,keep
35SND,2025-07-10,2,106.2,0.3834386787741783,1765.9,1436.8,-0.186,keep
35SND,2025-07-12,0,2869.5,0.5383889679215198,1578.4,1543.7,-0.022,keep
35SND,2025-07-12,1,7.2,0.27793138837148845,1677.4,1829.3,0.091,eliminate
35SND,2025-07-12,2,3.9,0.17763281505911593,1810.8,1850.1,0.022,keep
35SND,2025-07-12,3,3.3,0.1748892324206216,2063.3,2033.2,-0.015,keep
35SND,2025-07-12,4,21.1,0.23225529106910386,1821.4,1856.1,0.019,keep
35SND,2025-07-12,5,3.6,0.15669083001468703,1936.0,1946.0,0.005,keep
35SND,2025-07-12,6,3.9,0.19114000965616762,1608.9,1563.4,-0.028,keep
35SND,2025-07-12,7,3.6,0.1878805117216867,1476.7,1590.9,0.077,eliminate
35SND,2025-07-12,8,26.4,0.18788459595513826,1894.9,1910.8,0.008,keep
35SND,2025-07-12,9,5.0,0.18700147052087399,1629.1,1726.6,0.06,eliminate
35SND,2025-07-12,10,13.9,0.22248626910528055,1542.0,1595.4,0.035,keep
35SND,2025-07-12,11,6.7,0.17003631829576754,1880.4,2025.3,0.077,eliminate
35SND,2025-07-12,12,3.3,0.16810620674875631,1438.0,1524.2,0.06,eliminate
35SND,2025-07-12,13,51.0,0.5474850638255389,1825.2,1565.7,-0.142,keep
35SND,2025-07-12,14,108.4,0.3847239669463526,1771.4,1358.5,-0.233,keep
35SNV,2025-07-12,0,4.4,0.22474068869333905,1821.5,2133.6,0.171,eliminate
35SPA,2025-06-17,0,34.5,0.27043560711560405,1940.3,2103.5,0.084,eliminate
35SPA,2025-06-17,1,57.3,0.2503726717177903,1804.4,1918.6,0.063,eliminate
35SPA,2025-06-19,0,3.2,0.26191389927370695,1855.7,2220.9,0.197,eliminate
35SPA,2025-06-19,1,4.0,0.2129158552715686,2053.1,2294.6,0.118,eliminate
35SPA,2025-06-19,2,47.2,0.2551332697681605,2005.7,2170.0,0.082,eliminate
35SPA,2025-06-19,3,43.2,0.2173676159353029,1828.9,1947.1,0.065,eliminate
35SPA,2025-06-19,4,6.6,0.1750526280298743,2165.9,2167.1,0.001,keep
35SPA,2025-06-19,5,4.3,0.26285722745431594,1775.9,2134.7,0.202,eliminate
35SPA,2025-06-19,6,3.4,0.19303098965831586,1935.3,2164.1,0.118,eliminate
35SPA,2025-06-22,0,45.5,0.24606274956583526,2020.5,2099.9,0.039,keep
35SPA,2025-06-27,0,10.1,0.33189983822621916,1853.0,2271.8,0.226,eliminate
35SPA,2025-06-27,1,6.9,0.3343234369088397,1618.2,2432.7,0.503,eliminate
35SPA,2025-06-27,2,30.2,0.24899436890279947,1986.2,2165.7,0.09,eliminate
35SPA,2025-06-27,3,10.1,0.28159162575319135,1843.4,1955.0,0.061,eliminate
35SPA,2025-06-27,4,4.9,0.2533997835644367,1897.4,2048.0,0.079,eliminate
35SPA,2025-06-27,5,4.6,0.15874674254220286,1885.0,1958.3,0.039,keep
35SPA,2025-06-27,6,5.2,0.306073814662117,2361.7,2352.8,-0.004,keep
35SPA,2025-06-29,0,8.0,0.3521328804900944,1845.8,2312.1,0.253,eliminate
35SPA,2025-06-29,1,3.7,0.2044649063545037,1805.5,1981.7,0.098,eliminate
35SPA,2025-06-29,2,9.5,0.23003045998297234,2206.2,2496.2,0.131,eliminate
35SPA,2025-06-29,3,10.1,0.305965255253936,1861.3,1955.0,0.05,eliminate
35SPA,2025-06-29,4,5.2,0.29208334286267684,1919.3,2056.0,0.071,eliminate
35SPA,2025-06-29,5,4.9,0.3613969860473489,2382.6,2367.5,-0.006,keep
35SPA,2025-07-07,0,7.8,0.2030757437553203,1691.2,1744.4,0.031,keep
35SPA,2025-07-07,1,4.6,0.34812777809789996,1685.7,2219.3,0.317,eliminate
35SPA,2025-07-07,2,10.9,0.2699905353880764,1966.5,2225.7,0.132,eliminate
35SPA,2025-07-07,3,8.9,0.2453978159791094,1838.6,2006.4,0.091,eliminate
35SPA,2025-07-07,4,3.7,0.3470036012030402,1651.3,2586.8,0.567,eliminate
35SPA,2025-07-07,5,13.2,0.2843648892403105,1983.4,2518.5,0.27,eliminate
35SPA,2025-07-07,6,4.9,0.35341277174112884,2377.9,2401.9,0.01,keep
35SPA,2025-07-09,0,11.5,0.2615639657386065,1982.1,2211.7,0.116,eliminate
35SPA,2025-07-09,1,3.5,0.21436974834708605,1496.9,2301.4,0.537,eliminate
35SPA,2025-07-09,2,3.7,0.3442527424458704,1657.3,2586.8,0.561,eliminate
35SPA,2025-07-09,3,14.4,0.2908111035395911,1978.2,2509.3,0.268,eliminate
35SPA,2025-07-12,0,4.9,0.14429985525672595,1440.2,1694.5,0.177,eliminate
35SPA,2025-07-12,1,3.4,0.1880819912193483,1714.8,1756.0,0.024,keep
35SPA,2025-07-12,2,3.4,0.18312545410184236,1627.9,1788.2,0.098,eliminate
35SPA,2025-07-12,3,45.8,0.27185812704270873,1923.7,1894.0,-0.015,keep
35SPA,2025-07-12,4,5.8,0.2326656167054437,1489.4,1922.7,0.291,eliminate
35SPA,2025-07-12,5,3.2,0.27942212839687297,1598.2,2534.2,0.586,eliminate
35SPA,2025-07-12,6,15.0,0.263665304442962,1973.7,1984.8,0.006,keep
35SPA,2025-07-12,7,5.2,0.18251335950223793,2061.2,2165.3,0.05,eliminate
35SPB,2025-06-15,0,20.7,0.3034174999545957,2166.6,2354.4,0.087,eliminate
35SPB,2025-06-19,0,22.1,0.42064051851685735,1999.2,2681.0,0.341,eliminate
35SPB,2025-06-20,0,23.2,0.4067474854258836,2004.9,2609.8,0.302,eliminate
35SPB,2025-06-22,0,27.2,0.396836307051971,2057.5,2554.7,0.242,eliminate
35SPB,2025-06-22,1,22.2,0.30993629278845897,1987.0,2420.8,0.218,eliminate
35SPB,2025-06-22,2,21.0,0.2244728593782404,2145.9,2826.4,0.317,eliminate
35SPB,2025-06-22,3,21.1,0.2593875481278322,2032.7,2296.3,0.13,eliminate
35SPB,2025-06-25,0,53.3,0.37227443766553325,2197.3,1531.5,-0.303,keep
35SPB,2025-06-27,0,53.9,0.3930469971917501,2214.1,1531.1,-0.308,keep
35SPB,2025-06-29,0,55.0,0.40422913185915854,2236.4,1585.0,-0.291,keep
35SPB,2025-06-29,1,86.4,0.2810025572487701,1981.8,1720.6,-0.132,keep
35SPB,2025-06-30,0,54.2,0.39383370463091616,2236.9,1621.1,-0.275,keep
35SPB,2025-06-30,1,100.0,0.3442204218395116,1961.1,1746.5,-0.109,keep
35SPB,2025-07-02,0,54.8,0.42451122506781763,2187.6,1658.9,-0.242,keep
35SPB,2025-07-02,1,101.1,0.35587834565233345,1912.7,1791.0,-0.064,keep
35SPB,2025-07-05,0,21.4,0.4243019898399403,1785.9,1640.6,-0.081,keep
35SPB,2025-07-05,1,54.5,0.38002323272096755,2197.4,1722.9,-0.216,keep
35SPB,2025-07-05,2,101.1,0.3467466318476287,1920.2,1832.5,-0.046,keep
35SPB,2025-07-07,0,21.1,0.41950794489968957,1738.1,1627.6,-0.064,keep
35SPB,2025-07-07,1,53.6,0.3794900252704619,2177.5,1720.1,-0.21,keep
35SPB,2025-07-07,2,97.7,0.3222055085656737,1907.2,1828.2,-0.041,keep
35SPB,2025-07-09,0,21.1,0.4266373868759823,1763.7,1652.0,-0.063,keep
35SPB,2025-07-09,1,54.2,0.3769779653033864,2169.8,1784.0,-0.178,keep
35SPB,2025-07-09,2,97.7,0.3257330222365026,1908.0,1857.1,-0.027,keep
35SPB,2025-07-10,0,21.1,0.41046408528036077,1763.7,1653.9,-0.062,keep
35SPB,2025-07-10,1,98.9,0.32784330628520797,1908.9,1869.4,-0.021,keep
35SPB,2025-07-12,0,21.1,0.40928744826754826,1791.8,1652.8,-0.078,keep
35SPB,2025-07-12,1,97.7,0.31304392774738354,1919.5,1856.8,-0.033,keep
35SPC,2025-06-15,0,22.1,0.30530457156490964,2155.7,2367.9,0.098,eliminate
35SPC,2025-06-17,0,47.1,0.428094358678938,2149.8,2615.1,0.216,eliminate
35SPC,2025-06-19,0,45.1,0.4560754830688586,2085.1,2644.6,0.268,eliminate
35SPC,2025-06-19,1,21.3,0.3825923557942375,2178.5,2678.1,0.229,eliminate
35SPC,2025-06-20,0,43.4,0.3776841008859408,2110.0,2502.5,0.186,eliminate
35SPC,2025-06-20,1,45.1,0.42051534932393003,2082.7,2585.3,0.241,eliminate
35SPC,2025-06-20,2,21.3,0.392606789185426,2127.7,2666.9,0.253,eliminate
35SPC,2025-06-22,0,37.2,0.29547890620316003,2112.8,2412.7,0.142,eliminate
35SPC,2025-06-22,1,47.1,0.3848219036253067,2109.7,2529.2,0.199,eliminate
35SPC,2025-06-22,2,43.8,0.49037163398203293,1754.2,1448.6,-0.174,keep
35SPC,2025-06-25,0,20.7,0.31169412934634055,2057.1,2194.0,0.067,eliminate
35SPC,2025-06-25,1,44.3,0.5004162924009372,1804.2,1455.6,-0.193,keep
35SPC,2025-06-27,0,55.4,0.4643247998405093,2344.9,1242.7,-0.47,keep
35SPC,2025-06-27,1,43.8,0.4810433160549274,1798.2,1449.3,-0.194,keep
35SPC,2025-06-30,0,56.8,0.48353364127050685,2374.8,1329.6,-0.44,keep
35SPC,2025-07-02,0,57.1,0.4857923259502643,2368.6,1377.9,-0.418,keep
35SPC,2025-07-02,1,417.3,0.3929428311652335,1814.1,1510.8,-0.167,keep
35SPC,2025-07-02,2,43.8,0.5313413651516364,1751.3,1547.3,-0.116,keep
35SPC,2025-07-05,0,56.8,0.45218858017704483,2354.0,1448.6,-0.385,keep
35SPC,2025-07-05,1,416.7,0.3898699362236308,1906.5,1509.7,-0.208,keep
35SPC,2025-07-05,2,27.5,0.5566315399522573,1700.3,1584.1,-0.068,keep
35SPC,2025-07-07,0,56.2,0.46530847771946793,2339.2,1444.2,-0.383,keep
35SPC,2025-07-07,1,410.8,0.38098218853037946,1877.1,1496.1,-0.203,keep
35SPC,2025-07-07,2,43.5,0.4953026454410557,1735.1,1566.4,-0.097,keep
35SPC,2025-07-07,3,269.3,0.37209673573951607,2007.6,1379.5,-0.313,keep
35SPC,2025-07-09,0,56.2,0.4706186430255709,2337.5,1503.0,-0.357,keep
35SPC,2025-07-09,1,413.9,0.38554498608753984,1877.3,1563.3,-0.167,keep
35SPC,2025-07-09,2,35.9,0.3573005748934388,1727.1,1565.3,-0.094,keep
35SPC,2025-07-09,3,219.3,0.5326413236210331,1795.5,1568.5,-0.126,keep
35SPC,2025-07-09,4,268.5,0.37802430650697677,2022.7,1375.8,-0.32,keep
35SPC,2025-07-10,0,55.9,0.4658165756586282,2337.5,1560.6,-0.332,keep
35SPC,2025-07-10,1,408.9,0.3924795049951286,1883.0,1585.8,-0.158,keep
35SPC,2025-07-12,0,46.1,0.39694257678452854,2342.4,1567.3,-0.331,keep
35SPC,2025-07-12,1,406.3,0.370340363074009,1892.2,1607.5,-0.15,keep
35SPC,2025-07-12,2,259.8,0.59876471822677,1797.4,1626.0,-0.095,keep
35SPC,2025-07-12,3,272.7,0.37791037088108304,2023.4,1580.6,-0.219,keep
35SPC,2025-07-12,4,20.9,0.2965217068316192,1940.1,1737.7,-0.104,keep
35SPC,2025-07-12,5,108.9,0.45949652901661014,2018.7,1766.6,-0.125,keep
35SPD,2025-06-20,0,54.3,0.5409517754420466,1621.0,1374.9,-0.152,keep
35SPD,2025-06-22,0,56.2,0.5956928956423554,1602.0,1456.7,-0.091,keep
35SPD,2025-06-25,0,55.4,0.5666669244009293,1630.7,1485.6,-0.089,keep
35SPD,2025-06-27,0,56.2,0.5781786231056504,1646.2,1483.4,-0.099,keep
35SPD,2025-06-30,0,110.9,0.4043511801009503,1833.3,1346.3,-0.266,keep
35SPD,2025-06-30,1,53.7,0.6081325850300441,1614.8,1507.1,-0.067,keep
35SPD,2025-07-02,0,110.4,0.3927461126000637,1810.7,1399.9,-0.227,keep
35SPD,2025-07-02,1,54.8,0.5825900278435006,1581.5,1534.6,-0.03,keep
35SPD,2025-07-02,2,20.9,0.2411024318225264,2096.3,2707.7,0.292,eliminate
35SPD,2025-07-02,3,27.9,0.27396367995588183,1952.0,2541.7,0.302,eliminate
35SPD,2025-07-05,0,5.0,0.3124461757161123,1986.1,2715.9,0.367,eliminate
35SPD,2025-07-05,1,111.5,0.3882940240757417,1834.1,1436.7,-0.217,keep
35SPD,2025-07-05,2,7.5,0.27507727610776467,2248.2,1894.6,-0.157,keep
35SPD,2025-07-05,3,3.0,0.4534180846232096,1645.1,1537.5,-0.065,keep
35SPD,2025-07-05,4,3.4,0.19364945515801613,2350.6,2925.1,0.244,eliminate
35SPD,2025-07-05,5,4.8,0.207900231910224,2321.2,3124.7,0.346,eliminate
35SPD,2025-07-05,6,4.5,0.6277548256845787,154.4,87.3,-0.435,keep
35SPD,2025-07-05,7,5.6,0.23411957515104775,1603.9,2106.0,0.313,eliminate
35SPD,2025-07-05,8,5.3,0.3002608544871502,1900.4,2645.9,0.392,eliminate
35SPD,2025-07-05,9,3.1,0.20299049533398708,1922.7,2164.6,0.126,eliminate
35SPD,2025-07-05,10,3.9,0.18638282064389572,2295.6,2936.5,0.279,eliminate
35SPD,2025-07-05,11,4.2,0.28073599033713875,1766.4,3050.3,0.727,eliminate
35SPD,2025-07-05,12,6.4,0.2229076341890364,2547.8,3330.1,0.307,eliminate
35SPD,2025-07-05,13,3.1,0.1981835812387346,1859.2,2283.4,0.228,eliminate
35SPD,2025-07-07,0,108.1,0.3903698809878389,1794.7,1420.8,-0.208,keep
35SPD,2025-07-07,1,120.8,0.39607613525996194,1847.3,1607.7,-0.13,keep
35SPD,2025-07-09,0,107.9,0.3889960322932102,1764.4,1436.7,-0.186,keep
35SPD,2025-07-09,1,69.7,0.46427987745290933,1351.6,1221.5,-0.096,keep
35SPD,2025-07-09,2,74.7,0.35713663203504065,1892.6,1624.3,-0.142,keep
35SPD,2025-07-09,3,43.6,0.45100756761885363,1813.0,1553.2,-0.143,keep
35SPD,2025-07-10,0,101.8,0.39106526134203334,1765.8,1428.6,-0.191,keep
35SPD,2025-07-10,1,73.1,0.4684406266665952,1347.0,1280.1,-0.05,keep
35SPD,2025-07-12,0,104.8,0.3893161298739436,1769.8,1351.8,-0.236,keep
35SPD,2025-07-12,1,23.8,0.2596810311387198,1801.9,1791.1,-0.006,keep
35SPD,2025-07-12,2,51.9,0.22153991431213083,1736.2,1823.2,0.05,eliminate
35SPD,2025-07-12,3,76.4,0.46561120711171095,1355.5,1293.5,-0.046,keep
35SPD,2025-07-12,4,251.9,0.40992087028138346,1646.5,1284.6,-0.22,keep
35SPD,2025-07-12,5,107.8,0.4755311672291595,2018.2,1763.5,-0.126,keep
35SPD,2025-07-12,6,122.0,0.4069270089484504,1868.5,1740.5,-0.069,keep
35SQA,2025-06-16,0,34.3,0.22377886251849352,2148.5,2018.3,-0.061,keep
35SQA,2025-06-19,0,26.8,0.22261086148072337,2098.5,2031.0,-0.032,keep
35SQA,2025-06-24,0,64.3,0.2723823251888585,2061.4,2148.7,0.042,keep
35SQA,2025-06-26,0,60.0,0.2841324609967269,2023.2,2110.3,0.043,keep
35SQA,2025-07-02,0,35.5,0.23581609576559348,1990.3,2222.4,0.117,eliminate
35SQA,2025-07-14,0,27.1,0.9793879013696885,3907.9,3696.0,-0.054,keep
35SQA,2025-07-14,1,23.2,0.21190543372555595,1325.3,1238.8,-0.065,keep
35SQB,2025-06-17,0,52.0,0.303417736096192,2603.7,2966.6,0.139,eliminate
35SQB,2025-06-27,0,51.6,0.2181252901300854,2348.7,3280.3,0.397,eliminate
35SQB,2025-06-29,0,26.0,0.22260327983838762,2325.9,3231.1,0.389,eliminate
35SQB,2025-07-02,0,23.2,0.2747908153032987,2374.1,3362.0,0.416,eliminate
35SQB,2025-07-02,1,24.0,0.20644966342894436,2384.7,3273.5,0.373,eliminate
35SQB,2025-07-02,2,20.3,0.2476199693676672,2516.7,3351.1,0.332,eliminate
35SQB,2025-07-04,0,31.2,0.24370618965033994,2367.5,3186.9,0.346,eliminate
35SQB,2025-07-06,0,23.2,0.2656032491803683,2392.6,3232.1,0.351,eliminate
35SQB,2025-07-07,0,47.4,0.22760116395284144,2552.5,3741.5,0.466,eliminate
35SQC,2025-06-16,0,21.8,0.44525290898303777,2011.1,2977.9,0.481,eliminate
35SQC,2025-06-19,0,39.0,0.2243361485402469,1841.7,2283.8,0.24,eliminate
35SQC,2025-06-19,1,21.6,0.43140249893745775,2009.5,3121.6,0.553,eliminate
35SQC,2025-06-26,0,29.7,0.21391035063032965,2111.2,2341.8,0.109,eliminate
35SQC,2025-06-29,0,62.7,0.23479799352526842,2466.5,3318.7,0.346,eliminate
35SQC,2025-06-29,1,89.4,0.1666916122093839,2988.6,3859.5,0.291,eliminate
35SQC,2025-07-02,0,21.1,0.37782067863192653,2053.6,1957.7,-0.047,keep
35SQC,2025-07-02,1,32.5,0.24244610406123793,2015.9,2680.5,0.33,eliminate
35SQC,2025-07-02,2,242.5,0.2491842392850109,2061.9,2734.2,0.326,eliminate
35SQC,2025-07-02,3,70.6,0.21223903182982537,2145.9,2765.5,0.289,eliminate
35SQC,2025-07-02,4,35.0,0.20389885626131352,2239.6,2921.3,0.304,eliminate
35SQC,2025-07-02,5,26.9,0.2560133098103327,2139.8,2895.9,0.353,eliminate
35SQC,2025-07-04,0,116.8,0.22148640002925632,2075.9,2758.9,0.329,eliminate
35SQC,2025-07-04,1,31.4,0.21349268064235524,2131.6,2729.6,0.281,eliminate
35SQC,2025-07-04,2,22.4,0.20118120438617454,2294.1,2923.4,0.274,eliminate
35SQC,2025-07-04,3,20.8,0.28816797325457755,1940.9,2609.5,0.344,eliminate
35SQC,2025-07-04,4,25.0,0.3317053207199786,1999.2,2987.0,0.494,eliminate
35SQC,2025-07-06,0,90.4,0.20752157357006204,2101.5,2853.1,0.358,eliminate
35SQC,2025-07-06,1,26.7,0.33675221858283283,2027.2,2898.1,0.43,eliminate
35SQC,2025-07-07,0,42.9,0.5212613340163803,2575.2,1196.1,-0.536,keep
35SQC,2025-07-07,1,52.2,0.22375690536672238,2568.7,3738.1,0.455,eliminate
35SQC,2025-07-09,0,20.8,0.3270444784790482,2015.2,2860.7,0.42,eliminate
35SQD,2025-06-16,0,34.1,0.2268791184266696,1983.1,2805.2,0.415,eliminate
35SQD,2025-06-17,0,28.2,0.2540550457202148,1948.2,2895.6,0.486,eliminate
35SQD,2025-06-19,0,55.9,0.25260772781292756,1985.4,2957.6,0.49,eliminate
35SQD,2025-06-24,0,38.0,0.2389068519868809,1969.6,3051.8,0.549,eliminate
35SQD,2025-06-26,0,21.8,0.19564354068594902,2155.9,2511.6,0.165,eliminate
35SQD,2025-06-26,1,29.4,0.21186075963996853,2109.2,2343.3,0.111,eliminate
35SQD,2025-06-26,2,30.4,0.224368376662711,2023.1,2976.2,0.471,eliminate
35SQD,2025-06-27,0,32.5,0.26611020606349456,1961.2,2445.1,0.247,eliminate
35SQD,2025-07-04,0,116.2,0.22329647230661331,2073.1,2762.3,0.332,eliminate
35SQD,2025-07-04,1,30.5,0.20958968941474151,2135.7,2731.6,0.279,eliminate
35SQD,2025-07-06,0,29.4,0.21297310141628542,2142.8,2825.4,0.319,eliminate
35TME,2025-06-22,0,29.8,0.39373413643927624,1977.9,1581.0,-0.201,keep
35TME,2025-06-23,0,29.8,0.3958383754030548,1977.9,1584.6,-0.199,keep
35TME,2025-06-23,1,32.2,0.4250656587297845,2082.5,2058.1,-0.012,keep
35TME,2025-06-25,0,30.1,0.39327939791485306,1986.7,1669.7,-0.16,keep
35TME,2025-06-25,1,34.1,0.4152829906335952,2121.5,2151.9,0.014,keep
35TME,2025-06-25,2,220.9,0.5274992157890782,1826.2,1438.9,-0.212,keep
35TME,2025-06-25,3,24.2,0.24032135605771965,2077.2,2744.5,0.321,eliminate
35TME,2025-06-30,0,22.1,0.3641770558011201,1942.9,1793.3,-0.077,keep
35TME,2025-06-30,1,31.4,0.41638755535182015,2151.9,2200.9,0.023,keep
35TME,2025-06-30,2,221.2,0.5591374047375199,1866.9,1471.8,-0.212,keep
35TME,2025-07-02,0,29.8,0.3769654451349716,1944.3,1765.8,-0.092,keep
35TME,2025-07-02,1,29.7,0.3973746916160935,2175.2,2118.8,-0.026,keep
35TME,2025-07-02,2,219.0,0.5396376044051775,1847.3,1428.0,-0.227,keep
35TME,2025-07-02,3,25.1,0.5701161355711272,1419.6,1376.3,-0.03,keep
35TME,2025-07-03,0,29.3,0.37860351371355544,1940.4,1774.2,-0.086,keep
35TME,2025-07-03,1,26.1,0.4015221289568037,2159.7,2110.8,-0.023,keep
35TME,2025-07-03,2,217.3,0.5430222905606986,1845.0,1405.8,-0.238,keep
35TME,2025-07-05,0,29.6,0.3610724113618869,1960.4,1793.1,-0.085,keep
35TME,2025-07-05,1,25.6,0.36657546956340403,2181.6,2120.1,-0.028,keep
35TME,2025-07-05,2,217.1,0.5298414358824035,1845.5,1416.9,-0.232,keep
35TME,2025-07-05,3,25.4,0.5513668252690512,1425.3,1385.3,-0.028,keep
35TME,2025-07-08,0,218.4,0.542530467395005,1843.9,1462.5,-0.207,keep
35TNE,2025-06-20,0,20.7,0.45017592266462075,1711.4,1390.9,-0.187,keep
35TNE,2025-06-30,0,34.1,0.23301537815292925,1899.1,2150.4,0.132,eliminate
35TNE,2025-06-30,1,35.8,0.3478265791423374,1820.5,1371.2,-0.247,keep
35TNE,2025-06-30,2,22.7,0.25173522111351,1823.6,1898.8,0.041,keep
35TNE,2025-06-30,3,25.8,0.44215712934977974,1612.9,2162.5,0.341,eliminate
35TNE,2025-07-02,0,35.3,0.5206026518670814,1440.6,1404.6,-0.025,keep
35TNE,2025-07-05,0,36.4,0.5342840733429385,1547.8,1429.0,-0.077,keep
35TNE,2025-07-07,0,37.3,0.5279136920082952,1468.8,1427.8,-0.028,keep
35TNE,2025-07-07,1,22.6,0.312632885178262,1873.8,2918.9,0.558,eliminate
35TNE,2025-07-09,0,36.4,0.5260300125820292,1490.2,1421.7,-0.046,keep
35TNE,2025-07-09,1,25.4,0.31339765130530856,1850.1,2869.1,0.551,eliminate
35TNE,2025-07-10,0,35.6,0.5264999281506311,1491.6,1423.4,-0.046,keep
35TNE,2025-07-10,1,25.7,0.3098700034080726,1848.6,2881.8,0.559,eliminate
35TNE,2025-07-12,0,36.2,0.5124695425814323,1504.4,1358.5,-0.097,keep
35TNE,2025-07-12,1,27.3,0.29386655895504143,1862.0,2744.7,0.474,eliminate
35TPE,2025-06-15,0,21.6,0.30243233793343405,1658.7,2330.9,0.405,eliminate
35TPE,2025-06-17,0,22.0,0.3240555925118125,2078.5,2485.3,0.196,eliminate
35TPE,2025-06-17,1,21.6,0.2935041659769185,1628.1,2325.0,0.428,eliminate
35TPE,2025-06-19,0,26.4,0.3261227503196665,2014.4,2481.8,0.232,eliminate
35TPE,2025-06-19,1,21.4,0.29359130298567193,1627.1,2302.9,0.415,eliminate
35TPE,2025-06-19,2,77.4,0.4005114167290749,1448.5,1276.0,-0.119,keep
35TPE,2025-06-20,0,74.6,0.40693443950537783,1438.5,1293.3,-0.101,keep
35TPE,2025-06-25,0,28.6,0.3755872980525306,2004.0,1453.6,-0.275,keep
35TPE,2025-06-25,1,34.4,0.29216645686296927,1997.4,2550.3,0.277,eliminate
35TPE,2025-06-25,2,76.3,0.37997212722002216,1415.8,1379.8,-0.025,keep
35TPE,2025-06-27,0,28.9,0.3890169795566301,2009.3,1448.4,-0.279,keep
35TPE,2025-06-27,1,24.2,0.31271430568702674,2002.9,2579.5,0.288,eliminate
35TPE,2025-06-27,2,75.2,0.38774309066506857,1417.4,1372.6,-0.032,keep
35TPE,2025-06-30,0,27.5,0.40805729912448985,2053.8,1485.3,-0.277,keep
35TPE,2025-06-30,1,60.0,0.24563747506711311,1752.9,1898.1,0.083,eliminate
35TPE,2025-06-30,2,75.5,0.3840267626340092,1404.2,1413.0,0.006,keep
35TPE,2025-07-02,0,28.3,0.35947504831033755,2036.2,1539.6,-0.244,keep
35TPE,2025-07-02,1,23.6,0.21979485433764873,1813.5,2183.4,0.204,eliminate
35TPE,2025-07-02,2,80.4,0.34601025771122507,1356.2,1460.9,0.077,eliminate
35TPE,2025-07-02,3,20.6,0.4243875608547439,1725.9,1568.1,-0.091,keep
35TPE,2025-07-02,4,110.5,0.6363503274374113,1732.0,1592.7,-0.08,keep
35TPE,2025-07-05,0,27.8,0.34750322955112045,2028.0,1559.2,-0.231,keep
35TPE,2025-07-05,1,43.6,0.36086613274249646,1434.3,1307.1,-0.089,keep
35TPE,2025-07-05,2,20.3,0.42477445277911785,1726.3,1602.1,-0.072,keep
35TPE,2025-07-07,0,22.6,0.3155292093391961,1871.8,2930.6,0.566,eliminate
35TPE,2025-07-07,1,26.1,0.37415859919762173,1998.9,1514.9,-0.242,keep
35TPE,2025-07-07,2,49.9,0.37342944531622774,1411.0,1306.7,-0.074,keep
35TPE,2025-07-07,3,20.3,0.42260602401907327,1716.2,1602.1,-0.067,keep
35TPE,2025-07-07,4,108.6,0.6347909757527024,1731.9,1607.5,-0.072,keep
35TPE,2025-07-09,0,25.4,0.3135879152785021,1846.3,2867.9,0.553,eliminate
35TPE,2025-07-09,1,26.1,0.3609867283091428,1982.4,1538.7,-0.224,keep
35TPE,2025-07-09,2,27.1,0.24297122357385134,1703.8,2709.3,0.59,eliminate
35TPE,2025-07-09,3,53.8,0.37375070906292446,1385.3,1318.0,-0.049,keep
35TPE,2025-07-09,4,107.5,0.6166342992472905,1726.0,1603.4,-0.071,keep
35TPE,2025-07-10,0,25.4,0.3141613450112199,1845.0,2891.0,0.567,eliminate
35TPE,2025-07-10,1,28.2,0.2531753318487812,1717.1,2886.4,0.681,eliminate
35TPE,2025-07-10,2,45.0,0.37458561387311873,1382.3,1311.8,-0.051,keep
35TPE,2025-07-10,3,22.0,0.4870021459529468,1598.5,1526.3,-0.045,keep
35TPE,2025-07-10,4,40.1,0.31688450813001556,2256.5,2332.3,0.034,keep
35TPE,2025-07-10,5,66.7,0.270762993070073,2053.2,2200.8,0.072,eliminate
35TPE,2025-07-12,0,26.5,0.2974791060164789,1862.7,2762.8,0.483,eliminate
35TPE,2025-07-12,1,262.2,0.41446690133708114,1992.6,2003.8,0.006,keep
35TPE,2025-07-12,2,71.5,0.3429006896088179,1672.8,1679.7,0.004,keep
35TPE,2025-07-12,3,27.6,0.29179213885223265,1617.6,1675.4,0.036,keep
35TPE,2025-07-12,4,90.2,0.3123861937555167,1896.0,1874.2,-0.012,keep
35TPE,2025-07-12,5,49.4,0.21979867693172997,1736.4,1824.4,0.051,eliminate
35TPE,2025-07-12,6,24.9,0.25897724841000497,1165.7,1219.0,0.046,keep
35TPE,2025-07-12,7,24.6,0.2798683692859861,1512.8,1507.9,-0.003,keep
35TPE,2025-07-12,8,42.0,0.291615388153415,1802.1,1817.7,0.009,keep
35TPE,2025-07-12,9,2457.1,0.42610259570974607,1975.2,1938.7,-0.018,keep
35TPE,2025-07-12,10,27.1,0.3012014620876149,1358.2,1378.2,0.015,keep
35TPE,2025-07-12,11,70.3,0.2777437556117006,1891.0,1842.6,-0.026,keep
35TPE,2025-07-12,12,64.1,0.28900730517279416,1545.9,1598.9,0.034,keep
35TPE,2025-07-12,13,25.7,0.46764382091985174,1852.8,1907.4,0.03,keep
35TPE,2025-07-12,14,21.5,0.30721958105926983,1800.6,1729.9,-0.039,keep
35TPE,2025-07-12,15,232.3,0.3199560068219772,1651.4,1648.4,-0.002,keep
35TPE,2025-07-12,16,1012.4,0.33342284467702193,1764.5,1813.1,0.028,keep
35TPE,2025-07-12,17,54.6,0.2794479331455029,1875.9,1862.1,-0.007,keep
35TPE,2025-07-12,18,43.3,0.29066362645489635,1792.7,1815.1,0.012,keep
35TPE,2025-07-12,19,342.9,0.31522762097965634,1766.7,1764.7,-0.001,keep
35TPE,2025-07-12,20,24.8,0.32498875266105065,1868.3,1796.8,-0.038,keep
35TPE,2025-07-12,21,50.8,0.35596887052551673,1849.2,1783.1,-0.036,keep
35TPE,2025-07-12,22,82.0,0.22160100471401234,1095.9,1181.3,0.078,eliminate
35TPE,2025-07-12,23,29.3,0.244291822840933,1701.8,2732.9,0.606,eliminate
35TPE,2025-07-12,24,24.0,0.23595557501164457,1944.5,1959.8,0.008,keep
35TPE,2025-07-12,25,958.6,0.35260378386680885,1788.9,1802.2,0.007,keep
35TPE,2025-07-12,26,97.1,0.21546360850369164,1641.0,1666.1,0.015,keep
35TPE,2025-07-12,27,22.6,0.2595396966614393,1658.0,1689.3,0.019,keep
35TPE,2025-07-12,28,38.0,0.3107668341940029,1909.7,1889.4,-0.011,keep
35TPE,2025-07-12,29,48.0,0.2850952463256659,1194.1,1188.6,-0.005,keep
35TPE,2025-07-12,30,26.5,0.29373562767786393,1154.8,1131.2,-0.02,keep
35TPE,2025-07-12,31,115.5,0.2439834882371434,1722.1,1685.6,-0.021,keep
35TPE,2025-07-12,32,439.4,0.3189791428887821,1413.0,1428.8,0.011,keep
35TPE,2025-07-12,33,40.8,0.3117714102801668,1299.0,1294.9,-0.003,keep
35TPE,2025-07-12,34,24.0,0.25106055821675743,1383.7,1374.7,-0.007,keep
35TPE,2025-07-12,35,55.7,0.2977850277578683,1494.0,1459.6,-0.023,keep
35TPE,2025-07-12,36,21.2,0.35046709687725036,1427.5,1354.5,-0.051,keep
35TPE,2025-07-12,37,27.6,0.19832936329428316,1157.3,1224.7,0.058,eliminate
35TPE,2025-07-12,38,253.8,0.4091955710292982,1646.1,1286.0,-0.219,keep
35TPE,2025-07-12,39,23.6,0.47295436208984665,1592.4,1525.6,-0.042,keep
35TPE,2025-07-12,40,24.2,0.24435153659586997,1903.2,2209.8,0.161,eliminate
35TPE,2025-07-12,41,32.1,0.30331153415692713,1732.7,1757.2,0.014,keep
35TPE,2025-07-12,42,77.2,0.3462330512379308,1608.7,1871.9,0.164,eliminate
35TPE,2025-07-12,43,42.6,0.3976106212773232,1730.2,2563.3,0.482,eliminate
35TPE,2025-07-12,44,23.6,0.2980263752249971,2037.2,3562.5,0.749,eliminate
35TPE,2025-07-12,45,50.3,0.405155984923825,1826.8,3764.7,1.061,eliminate
35TPE,2025-07-12,46,103.3,0.31363244342145763,1782.6,3740.7,1.098,eliminate
35TPE,2025-07-12,47,161.7,0.4089403475077636,1584.4,2971.2,0.875,eliminate
35TPE,2025-07-12,48,47.9,0.29205380904746275,1774.4,2713.7,0.529,eliminate
35TPE,2025-07-12,49,51.9,0.3071641497038944,1559.4,2771.7,0.777,eliminate
35TPE,2025-07-12,50,21.2,0.33495063022227295,1426.3,2111.5,0.48,eliminate
35TPE,2025-07-12,51,209.7,0.3658847475566339,1590.2,3082.0,0.938,eliminate
35TPE,2025-07-12,52,130.2,0.30991605459280636,2059.7,2517.4,0.222,eliminate
35TPE,2025-07-12,53,100.6,0.5607359837623932,1733.9,1671.6,-0.036,keep
35TPE,2025-07-12,54,245.6,0.3348157295533061,2035.0,2380.4,0.17,eliminate
35TPE,2025-07-12,55,58.4,0.3137499028829487,2275.2,3142.3,0.381,eliminate
35TPE,2025-07-12,56,38.3,0.22304837811503928,2172.8,2150.0,-0.01,keep
36STF,2025-06-16,0,31.1,0.223788842740793,2148.0,2011.4,-0.064,keep
36STF,2025-06-19,0,25.7,0.2246573920195221,2094.8,2021.5,-0.035,keep
36STF,2025-06-24,0,61.4,0.2784944549266142,2053.6,2139.6,0.042,keep
36STF,2025-06-26,0,61.7,0.2816790852967733,2025.5,2114.1,0.044,keep
36STF,2025-07-02,0,35.2,0.23605736085071855,1986.0,2222.5,0.119,eliminate
36STF,2025-07-02,1,30.2,0.2740815267514615,2189.3,2609.5,0.192,eliminate
36STF,2025-07-14,0,26.5,0.9959015135753642,3917.5,3707.3,-0.054,keep
36STF,2025-07-14,1,24.6,0.27414592391428644,1783.6,1685.4,-0.055,keep
36STF,2025-07-14,2,22.0,0.21742051111052058,1483.2,1620.8,0.093,eliminate
36STG,2025-06-17,0,63.7,0.31169704113682833,2563.8,2947.1,0.149,eliminate
36STG,2025-06-26,0,23.5,0.20871284709151713,2306.6,3064.2,0.328,eliminate
36STG,2025-06-27,0,63.2,0.2144799381186007,2442.4,3346.7,0.37,eliminate
36STG,2025-07-02,0,30.3,0.2420155153998305,2389.3,3404.1,0.425,eliminate
36STG,2025-07-02,1,28.9,0.21883089404602785,2444.0,3322.3,0.359,eliminate
36STG,2025-07-02,2,29.9,0.21822333079246434,1895.9,2293.0,0.209,eliminate
36STG,2025-07-06,0,26.9,0.2636348691872221,2375.8,3196.8,0.346,eliminate
36STG,2025-07-07,0,56.2,0.22120230509723884,2595.4,3753.3,0.446,eliminate
36STH,2025-06-17,0,24.5,0.3178496278274618,1886.2,2664.9,0.413,eliminate
36STH,2025-06-26,0,22.4,0.2050146308488897,2161.8,2510.5,0.161,eliminate
36STH,2025-06-26,1,23.5,0.2175997946012854,2136.1,2365.4,0.107,eliminate
36STH,2025-06-27,0,94.2,0.19945653554107165,3341.1,4417.3,0.322,eliminate
36STH,2025-06-27,1,64.7,0.23015078753854795,2433.1,3339.0,0.372,eliminate
36STH,2025-06-27,2,116.9,0.1808479423139946,2980.8,3928.2,0.318,eliminate
36STH,2025-06-27,3,48.7,0.3527797573398494,2038.6,2589.7,0.27,eliminate
36STH,2025-06-27,4,49.8,0.28607999339826257,1975.1,2431.9,0.231,eliminate
36STH,2025-07-02,0,20.2,0.38856023858314415,2040.7,1941.2,-0.049,keep
36STH,2025-07-02,1,250.1,0.2517066892281564,2058.5,2716.9,0.32,eliminate
36STH,2025-07-02,2,77.9,0.21233843634300237,2150.8,2765.1,0.286,eliminate
36STH,2025-07-02,3,36.1,0.20194472657831947,2256.2,2930.9,0.299,eliminate
36STH,2025-07-02,4,31.1,0.2521338849172384,2138.9,2893.5,0.353,eliminate
36STH,2025-07-04,0,109.5,0.22362880606888513,2072.9,2759.5,0.331,eliminate
36STH,2025-07-04,1,42.9,0.21074029857391643,2152.9,2795.0,0.298,eliminate
36STH,2025-07-04,2,23.5,0.20082652145838856,2294.3,2914.2,0.27,eliminate
36STH,2025-07-04,3,21.1,0.28423079757408437,1934.2,2596.6,0.342,eliminate
36STH,2025-07-04,4,26.7,0.3252103467965988,2001.7,2970.8,0.484,eliminate
36STH,2025-07-06,0,81.5,0.2122148328550191,2105.3,2855.0,0.356,eliminate
36STH,2025-07-06,1,38.4,0.20887292348387274,2148.5,2823.3,0.314,eliminate
36STH,2025-07-06,2,26.4,0.33722315899359373,2018.8,2880.1,0.427,eliminate
36STH,2025-07-07,0,41.7,0.5397025686963137,2576.8,1149.6,-0.554,keep
36STH,2025-07-07,1,62.7,0.23911922500266733,2587.1,3729.4,0.442,eliminate
36STH,2025-07-09,0,21.9,0.32202121481315277,2023.3,2838.8,0.403,eliminate
36STJ,2025-06-16,0,33.5,0.22692076593664398,1993.5,2804.8,0.407,eliminate
36STJ,2025-06-17,0,24.0,0.26795156738054393,1937.4,2299.4,0.187,eliminate
36STJ,2025-06-17,1,32.5,0.38042077533377905,2220.3,2404.1,0.083,eliminate
36STJ,2025-06-17,2,28.8,0.2501602326047163,1962.5,2903.3,0.479,eliminate
36STJ,2025-06-19,0,59.5,0.24783300179697,1990.4,2959.7,0.487,eliminate
36STJ,2025-06-22,0,64.0,0.251306284966426,2036.9,3042.4,0.494,eliminate
36STJ,2025-06-24,0,36.6,0.2314333865118202,1935.5,3059.7,0.581,eliminate
36STJ,2025-06-26,0,22.7,0.19647224752215753,2142.9,2511.0,0.172,eliminate
36STJ,2025-06-26,1,25.2,0.21521979861509377,2137.0,2364.4,0.106,eliminate
36STJ,2025-06-26,2,26.8,0.21628939708018374,1979.2,2997.1,0.514,eliminate
36STJ,2025-06-27,0,26.3,0.3501369450264393,1917.3,2569.2,0.34,eliminate
36STJ,2025-06-27,1,37.5,0.3540952549645423,2053.9,2636.0,0.283,eliminate
36STJ,2025-06-27,2,35.0,0.2651925185830359,1957.1,2436.4,0.245,eliminate
36STJ,2025-07-02,0,269.4,0.2531369751410869,2059.7,2722.8,0.322,eliminate
36STJ,2025-07-02,1,54.6,0.20897643160599774,2150.1,2752.1,0.28,eliminate
36STJ,2025-07-02,2,34.2,0.201451753257893,2261.6,2938.2,0.299,eliminate
36STJ,2025-07-04,0,113.1,0.2240985146061018,2071.5,2758.4,0.332,eliminate
36STJ,2025-07-04,1,30.0,0.2109803797366262,2134.5,2729.3,0.279,eliminate
36STJ,2025-07-04,2,21.3,0.20333596876656257,2300.7,2928.4,0.273,eliminate
36STJ,2025-07-06,0,71.7,0.21153775774741754,2113.3,2865.0,0.356,eliminate
36STJ,2025-07-06,1,32.2,0.21128898213584957,2144.7,2819.8,0.315,eliminate
36STJ,2025-07-14,0,67.5,0.24050022876642577,1714.2,1544.4,-0.099,keep
36STJ,2025-07-14,1,26.8,0.2290471230472914,1535.2,1412.4,-0.08,keep
36STJ,2025-07-14,2,76.7,0.36022801273467714,1817.0,1649.2,-0.092,keep
36STJ,2025-07-14,3,24.5,0.2230393493514885,1231.1,1245.9,0.012,keep
36SUF,2025-06-16,0,3.7,0.18713104909848477,2648.7,2725.8,0.029,keep
36SUF,2025-06-16,1,4.3,0.2439145424361016,2098.2,2146.5,0.023,keep
36SUF,2025-06-16,2,20.4,0.3508184047419063,2144.2,1864.6,-0.13,keep
36SUF,2025-06-16,3,3.7,0.1464180131096999,2719.3,3883.4,0.428,eliminate
36SUF,2025-06-16,4,4.3,0.23618904704203814,1944.2,2285.1,0.175,eliminate
36SUF,2025-06-16,5,5.2,0.2917246500509952,1711.4,1898.5,0.109,eliminate
36SUF,2025-06-19,0,25.0,0.3057548815301344,2111.5,1958.8,-0.072,keep
36SUF,2025-06-24,0,21.5,0.274342249641325,2033.1,1910.4,-0.06,keep
36SUF,2025-06-26,0,21.3,0.28271495103939204,2027.2,1900.5,-0.063,keep
36SUF,2025-07-14,0,148.5,0.3723550783074893,1259.4,4104.5,2.259,eliminate
36SUG,2025-06-19,0,20.5,0.357037568323688,2053.0,2312.4,0.126,eliminate
36SUG,2025-06-24,0,20.2,0.3673608322444018,2016.5,2334.8,0.158,eliminate
36SUG,2025-06-26,0,20.7,0.35963505740777163,2016.9,2334.4,0.157,eliminate
36SUG,2025-06-29,0,36.4,0.2579171848903781,1863.9,2590.8,0.39,eliminate
36SUG,2025-06-29,1,33.8,0.28275466923974435,1867.9,2456.4,0.315,eliminate
36SUG,2025-07-04,0,108.5,0.3550207142053181,1898.1,2594.8,0.367,eliminate
36SUG,2025-07-04,1,37.3,0.22170687860884566,1889.0,2158.2,0.142,eliminate
36SUG,2025-07-06,0,105.1,0.3777322198202357,1891.6,2596.2,0.373,eliminate
36SUG,2025-07-09,0,128.4,0.36490805671879184,1889.8,2761.0,0.461,eliminate
36SUG,2025-07-14,0,35.0,0.27601559065039777,1266.0,1731.5,0.368,eliminate
36SUG,2025-07-14,1,104.8,0.3472284944205999,1910.5,2725.2,0.426,eliminate
36SUG,2025-07-14,2,29.4,0.31543826075540343,1253.6,1498.6,0.195,eliminate
36SUG,2025-07-14,3,38.0,0.2513570958871087,1503.8,1949.7,0.297,eliminate
36SUG,2025-07-14,4,24.3,0.2653851305905062,1379.9,1696.9,0.23,eliminate
36SUH,2025-06-16,0,28.8,0.20806574929440433,2186.5,2443.0,0.117,eliminate
36SUH,2025-06-16,1,43.5,0.5409794825305668,2394.5,1615.1,-0.325,keep
36SUH,2025-06-17,0,44.9,0.570635438698733,2399.5,1554.0,-0.352,keep
36SUH,2025-06-19,0,22.0,0.17320951269684703,2198.6,2560.7,0.165,eliminate
36SUH,2025-06-19,1,146.0,0.3309838666027205,1923.8,2530.4,0.315,eliminate
36SUH,2025-06-19,2,48.3,0.5533018111783146,2395.1,1638.6,-0.316,keep
36SUH,2025-06-19,3,40.1,0.2714288273915126,2024.7,2392.8,0.182,eliminate
36SUH,2025-06-24,0,33.9,0.3656904426807787,1944.8,2842.0,0.461,eliminate
36SUH,2025-06-24,1,20.3,0.4772982301680978,1786.8,2602.7,0.457,eliminate
36SUH,2025-06-24,2,28.1,0.45012888863621964,1944.2,2587.2,0.331,eliminate
36SUH,2025-06-24,3,31.5,0.23281507172372978,2012.2,2656.5,0.32,eliminate
36SUH,2025-06-24,4,45.5,0.512131210775805,2364.6,1699.7,-0.281,keep
36SUH,2025-06-24,5,28.6,0.3998201095608825,2073.5,2503.7,0.207,eliminate
36SUH,2025-06-24,6,34.8,0.2671477308569008,2554.7,3701.9,0.449,eliminate
36SUH,2025-06-26,0,27.2,0.2903343669913318,1961.6,2956.9,0.507,eliminate
36SUH,2025-06-26,1,20.3,0.462930007203485,1785.6,2591.2,0.451,eliminate
36SUH,2025-06-26,2,27.3,0.43373374438517404,1941.7,2573.5,0.325,eliminate
36SUH,2025-06-26,3,42.7,0.3836517262430551,2323.9,1715.7,-0.262,keep
36SUH,2025-06-26,4,20.5,0.17820898820693734,2043.8,2295.6,0.123,eliminate
36SUH,2025-06-26,5,22.7,0.4124350412847705,2012.5,2597.5,0.291,eliminate
36SUH,2025-06-27,0,23.6,0.4456409416366432,1930.5,2596.5,0.345,eliminate
36SUH,2025-06-27,1,39.0,0.3969142211950544,2333.6,1720.4,-0.263,keep
36SUH,2025-07-04,0,55.5,0.40067248227431707,2079.9,2730.5,0.313,eliminate
36SUH,2025-07-04,1,122.3,0.36769522035960245,2093.6,2807.8,0.341,eliminate
36SUH,2025-07-04,2,95.4,0.43907356497157024,1890.9,2971.7,0.572,eliminate
36SUH,2025-07-06,0,55.5,0.4524065082449769,2086.7,2703.2,0.295,eliminate
36SUH,2025-07-06,1,115.2,0.37126443577356266,2091.6,2790.0,0.334,eliminate
36SUH,2025-07-06,2,98.2,0.4064070024835701,1887.7,2890.3,0.531,eliminate
36SUH,2025-07-07,0,44.0,0.5175153736949025,2139.7,2725.4,0.274,eliminate
36SUH,2025-07-07,1,64.5,0.4319418224973807,2131.5,2941.5,0.38,eliminate
36SUH,2025-07-07,2,77.2,0.38116573739936255,1878.4,2875.9,0.531,eliminate
36SUH,2025-07-09,0,42.3,0.4898481604142554,2169.8,2641.1,0.217,eliminate
36SUH,2025-07-09,1,67.0,0.4007266149978321,2131.1,3006.2,0.411,eliminate
36SUH,2025-07-12,0,58.9,0.4022357468869585,2093.4,2541.3,0.214,eliminate
36SUH,2025-07-12,1,84.4,0.3705184658675684,2120.1,2870.2,0.354,eliminate
36SUH,2025-07-14,0,64.2,0.3303486816061201,2064.2,2646.1,0.282,eliminate
36SUH,2025-07-14,1,62.0,0.3622169789880961,2125.9,2736.0,0.287,eliminate
36SUH,2025-07-14,2,24.9,0.42606598149993735,1461.6,1931.6,0.322,eliminate
36SUJ,2025-06-19,0,22.1,0.3390177111043147,2244.8,2767.9,0.233,eliminate
36SUJ,2025-06-22,0,22.9,0.3350273111611618,2254.8,2978.8,0.321,eliminate
36SUJ,2025-06-22,1,33.7,0.22517500059023,1906.0,2176.2,0.142,eliminate
36SUJ,2025-06-26,0,23.5,0.231396680095937,2265.5,2408.8,0.063,eliminate
36SUJ,2025-07-02,0,22.6,0.24842804609768684,2203.7,2686.7,0.219,eliminate
36SUJ,2025-07-04,0,20.1,0.2462373060292125,2178.0,2679.8,0.23,eliminate
36SUJ,2025-07-12,0,223.8,0.377934636537588,2097.0,1854.4,-0.116,keep
36SUJ,2025-07-14,0,44.4,0.2398610649009433,1504.4,1486.9,-0.012,keep
36SUJ,2025-07-14,1,218.6,0.33240746745800387,2108.1,1851.7,-0.122,keep
36SVE,2025-07-01,0,3.5,0.2721630295940404,2354.4,2879.5,0.223,eliminate
36SVE,2025-07-03,0,4.1,0.2658124284001545,2329.9,2841.4,0.22,eliminate
36SVE,2025-07-04,0,3.5,0.26602267590234885,2346.2,2847.2,0.214,eliminate
36SVE,2025-07-04,1,4.4,0.2721719074753376,2593.9,2569.3,-0.009,keep
36SVE,2025-07-06,0,7.0,0.27433753736902866,2465.2,2604.1,0.056,eliminate
36SVE,2025-07-09,0,7.0,0.2765756055340072,2431.1,2574.3,0.059,eliminate
36SVE,2025-07-11,0,6.1,0.23878595842207131,2372.8,2575.8,0.086,eliminate
36SVE,2025-07-11,1,3.2,0.3454334000512395,2344.6,2364.9,0.009,keep
36SVE,2025-07-14,0,4.4,0.3639043784531089,1448.7,3153.9,1.177,eliminate
36SVE,2025-07-14,1,51.1,0.2814632867335563,1611.1,2771.3,0.72,eliminate
36SVE,2025-07-14,2,3.5,0.16630562229533877,1759.7,1839.9,0.046,keep
36SVE,2025-07-14,3,4.9,0.18624280727571443,2246.0,3173.1,0.413,eliminate
36SVE,2025-07-14,4,8.4,0.2546971739970247,1493.7,2518.6,0.686,eliminate
36SVE,2025-07-14,5,8.4,0.24310686987073934,1681.2,2408.7,0.433,eliminate
36SVE,2025-07-14,6,7.3,0.20231972525101166,2081.4,2918.3,0.402,eliminate
36SVE,2025-07-14,7,13.1,0.18915406179517025,1618.8,2053.4,0.268,eliminate
36SVE,2025-07-14,8,25.8,0.23053262779977862,1584.9,2657.3,0.677,eliminate
36SVE,2025-07-14,9,31.0,0.2914800949103763,1904.3,3254.7,0.709,eliminate
36SVE,2025-07-14,10,6.1,0.23467367914576162,2180.6,2366.7,0.085,eliminate
36SVE,2025-07-14,11,163.1,0.2604014802448309,1595.3,1724.9,0.081,eliminate
36SVE,2025-07-14,12,52.2,0.25128937345365565,1502.7,1568.2,0.044,keep
36SVE,2025-07-14,13,3.5,0.17081834663876677,1598.6,1580.8,-0.011,keep
36SVE,2025-07-14,14,341.4,0.25337992556339406,1565.0,1641.4,0.049,keep
36SVE,2025-07-14,15,7.3,0.20808838876177768,1720.2,1714.4,-0.003,keep
36SVF,2025-06-16,0,22.7,0.27518496759449895,268.8,109.0,-0.594,keep
36SVF,2025-06-16,1,4.6,0.2977504638393345,549.1,771.2,0.405,eliminate
36SVF,2025-06-16,2,5.7,0.1692559845808824,446.4,732.5,0.641,eliminate
36SVF,2025-06-16,3,4.0,0.19081155911004918,578.5,799.1,0.381,eliminate
36SVF,2025-06-16,4,4.0,0.2528893386019431,325.3,439.1,0.35,eliminate
36SVF,2025-06-21,0,3.2,0.23771452823335626,154.6,260.7,0.686,eliminate
36SVF,2025-06-21,1,4.6,0.8990391620725969,731.9,786.1,0.074,eliminate
36SVF,2025-06-21,2,89.0,0.6019805100851566,301.2,307.6,0.022,keep
36SVF,2025-06-21,3,13.5,0.6098456605883894,250.7,575.6,1.296,eliminate
36SVF,2025-06-21,4,67.8,0.6731359090865969,299.4,512.4,0.712,eliminate
36SVF,2025-06-23,0,185.2,0.6218561220745016,285.9,356.3,0.246,eliminate
36SVF,2025-06-23,1,67.8,0.6400745751795609,317.7,589.3,0.855,eliminate
36SVF,2025-06-26,0,8.9,0.36751765514862955,798.0,472.9,-0.407,keep
36SVF,2025-06-26,1,9.8,0.24080006012749838,328.4,357.3,0.088,eliminate
36SVF,2025-06-26,2,5.2,0.43327464427762885,874.2,784.8,-0.102,keep
36SVF,2025-06-26,3,49.7,0.43820275909323303,305.1,281.3,-0.078,keep
36SVF,2025-06-26,4,4.0,0.29783604457830587,168.2,487.6,1.9,eliminate
36SVF,2025-06-26,5,4.3,0.3438504076966572,193.9,652.0,2.363,eliminate
36SVF,2025-06-26,6,40.5,0.46604450419607957,497.5,602.2,0.21,eliminate
36SVF,2025-06-29,0,5.2,0.23050984780112901,2306.0,2784.3,0.207,eliminate
36SVF,2025-07-01,0,40.2,0.4654526117604026,1648.2,1542.1,-0.064,keep
36SVF,2025-07-01,1,10.6,0.8559301046584916,704.0,476.0,-0.324,keep
36SVF,2025-07-01,2,9.8,0.9696468530009655,1073.4,567.7,-0.471,keep
36SVF,2025-07-01,3,88.7,0.7194841827172915,627.0,401.6,-0.359,keep
36SVF,2025-07-01,4,9.8,0.4749610308755169,143.3,541.8,2.782,eliminate
36SVF,2025-07-01,5,10.9,0.9074909780535408,757.3,434.0,-0.427,keep
36SVF,2025-07-01,6,39.4,1.0184757682979784,836.3,517.4,-0.381,keep
36SVF,2025-07-01,7,4.3,0.6539944693033506,160.4,460.7,1.872,eliminate
36SVF,2025-07-01,8,6.4,0.21262231199116147,2338.1,2809.9,0.202,eliminate
36SVF,2025-07-03,0,41.1,0.4492168358569157,1627.5,1525.6,-0.063,keep
36SVF,2025-07-03,1,14.9,0.7394268996532909,657.1,331.3,-0.496,keep
36SVF,2025-07-03,2,70.1,0.8794304730817344,782.9,181.7,-0.768,keep
36SVF,2025-07-03,3,5.8,0.22748757921646273,2350.1,2833.9,0.206,eliminate
36SVF,2025-07-03,4,6.1,0.25162467337857236,2479.7,2480.6,0.0,keep
36SVF,2025-07-04,0,25.1,0.5434037069659935,1808.4,1863.0,0.03,keep
36SVF,2025-07-04,1,38.5,0.44354941846341617,1619.2,1525.5,-0.058,keep
36SVF,2025-07-04,2,5.5,0.23615295804173617,2353.8,2833.6,0.204,eliminate
36SVF,2025-07-04,3,6.7,0.28152393104753787,2488.7,2545.8,0.023,keep
36SVF,2025-07-06,0,40.2,0.44526316896828627,1533.6,1545.0,0.007,keep
36SVF,2025-07-06,1,10.9,0.22941511842787127,878.3,318.8,-0.637,keep
36SVF,2025-07-06,2,22.4,0.5584764677106765,1026.8,94.7,-0.908,keep
36SVF,2025-07-06,3,46.8,0.42483777512915494,1018.7,160.6,-0.842,keep
36SVF,2025-07-06,4,5.8,0.2324853945666891,2348.3,2831.3,0.206,eliminate
36SVF,2025-07-06,5,6.4,0.2935763851218671,2511.7,2624.0,0.045,keep
36SVF,2025-07-09,0,40.2,0.4411236397833155,1578.7,1577.9,-0.001,keep
36SVF,2025-07-09,1,27.6,0.6052635955117555,563.7,136.3,-0.758,keep
36SVF,2025-07-11,0,37.4,0.4571152729142947,1600.1,1555.7,-0.028,keep
36SVF,2025-07-11,1,6.3,0.6003731333563876,490.5,193.3,-0.606,keep
36SVF,2025-07-11,2,26.1,0.5854337777145039,647.6,160.0,-0.753,keep
36SVF,2025-07-11,3,5.8,0.2645090192155547,2337.4,2570.3,0.1,eliminate
36SVF,2025-07-13,0,3.8,0.2523669297861262,1353.0,2401.3,0.775,eliminate
36SVF,2025-07-13,1,4.0,0.23483369696643688,1667.9,2644.4,0.585,eliminate
36SVF,2025-07-13,2,37.4,0.47091818645927713,1595.1,1579.7,-0.01,keep
36SVF,2025-07-13,3,5.8,0.26110166612011365,2295.9,2596.1,0.131,eliminate
36SVF,2025-07-14,0,197.3,0.36458461365313805,1267.6,3871.4,2.054,eliminate
36SVF,2025-07-14,1,110.2,0.32415201993590265,1445.6,4322.8,1.99,eliminate
36SVF,2025-07-14,2,37.8,0.32936250777014503,1205.8,2118.6,0.757,eliminate
36SVF,2025-07-14,3,75.9,0.37111654383042353,1461.0,5756.3,2.94,eliminate
36SVF,2025-07-14,4,26.8,0.2849188428674227,1729.1,3615.5,1.091,eliminate
36SVF,2025-07-14,5,20.5,0.3397660915906271,1631.5,2537.8,0.555,eliminate
36SVF,2025-07-14,6,22.8,0.28457870491952947,1472.6,3181.3,1.16,eliminate
36SVF,2025-07-14,7,47.6,0.2892517778696782,1463.7,2079.1,0.42,eliminate
36SVF,2025-07-14,8,21.7,0.31308120515408844,1337.4,1560.2,0.167,eliminate
36SVF,2025-07-14,9,27.5,0.31552565842720864,1316.2,1377.2,0.046,keep
36SVF,2025-07-14,10,22.9,0.4668183413928739,1561.3,1531.4,-0.019,keep
36SVF,2025-07-14,11,46.4,0.2977663350186536,1458.2,2695.8,0.849,eliminate
36SVF,2025-07-14,12,39.7,0.24060949295480713,1824.2,3204.9,0.757,eliminate
36SVF,2025-07-14,13,48.7,0.2797998505781323,1599.5,2771.9,0.733,eliminate
36SVF,2025-07-14,14,20.3,0.31424506689577114,1751.7,3273.3,0.869,eliminate
36SVF,2025-07-14,15,165.1,0.2655344389828082,1571.1,1795.3,0.143,eliminate
36SVF,2025-07-14,16,54.6,0.25710431601240613,1498.1,1567.6,0.046,keep
36SVF,2025-07-14,17,296.4,0.2613231139268776,1535.7,1624.4,0.058,eliminate
36SVG,2025-06-16,0,28.6,0.4787012204408945,2164.5,2757.6,0.274,eliminate
36SVG,2025-06-16,1,33.0,0.25658437314437016,2074.7,2643.1,0.274,eliminate
36SVG,2025-06-16,2,30.6,0.23186675209627164,1943.1,2516.9,0.295,eliminate
36SVG,2025-06-19,0,29.2,0.5355320111682367,2181.2,2715.1,0.245,eliminate
36SVG,2025-06-19,1,27.6,0.25052641387792834,2054.0,3013.1,0.467,eliminate
36SVG,2025-06-23,0,27.2,0.43447283692346583,2155.7,2666.7,0.237,eliminate
36SVG,2025-06-26,0,49.2,0.25205986334867153,2126.9,3779.8,0.777,eliminate
36SVG,2025-06-26,1,85.8,0.2790880753484356,2016.4,2604.9,0.292,eliminate
36SVG,2025-06-29,0,51.7,0.24530484549646572,2315.7,3919.6,0.693,eliminate
36SVG,2025-06-29,1,62.2,0.24452382458244737,1953.1,2521.1,0.291,eliminate
36SVG,2025-06-29,2,37.8,0.43205960692017126,2741.1,3392.9,0.238,eliminate
36SVG,2025-06-29,3,20.8,0.35473069371149785,2086.8,2497.7,0.197,eliminate
36SVG,2025-07-01,0,37.2,0.26131728668328036,2339.3,3917.5,0.675,eliminate
36SVG,2025-07-01,1,40.6,0.26172301390776376,1987.5,2583.2,0.3,eliminate
36SVG,2025-07-03,0,40.4,0.26048111496003457,2463.4,3984.5,0.617,eliminate
36SVG,2025-07-03,1,43.2,0.2758899964634885,1992.3,2596.7,0.303,eliminate
36SVG,2025-07-03,2,24.2,0.4073205191295813,2529.4,3369.8,0.332,eliminate
36SVG,2025-07-03,3,28.7,0.24811185428298316,2347.7,3559.3,0.516,eliminate
36SVG,2025-07-04,0,69.2,0.27751103686855744,1986.0,2523.9,0.271,eliminate
36SVG,2025-07-04,1,28.1,0.2646880124294788,2360.7,3657.2,0.549,eliminate
36SVG,2025-07-06,0,36.9,0.2614583076968758,2538.7,4080.0,0.607,eliminate
36SVG,2025-07-06,1,23.6,0.35365333608468963,2530.4,3131.8,0.238,eliminate
36SVG,2025-07-06,2,31.8,0.23115484256427346,2367.1,3728.7,0.575,eliminate
36SVG,2025-07-09,0,30.1,0.4295892572778477,2305.8,2940.2,0.275,eliminate
36SVG,2025-07-09,1,31.5,0.24923904559866294,2438.7,3757.1,0.541,eliminate
36SVG,2025-07-09,2,20.7,0.19160627158834856,2863.3,4318.7,0.508,eliminate
36SVG,2025-07-11,0,29.8,0.4550679139852469,2347.6,2975.4,0.267,eliminate
36SVG,2025-07-11,1,24.7,0.22033222778625056,2635.6,4212.8,0.598,eliminate
36SVG,2025-07-13,0,20.2,0.35247194212937205,2380.7,3522.8,0.48,eliminate
36SVG,2025-07-13,1,31.5,0.5054390691306958,2395.1,2912.8,0.216,eliminate
36SVG,2025-07-13,2,25.0,0.23126345648923563,2736.2,4237.5,0.549,eliminate
36SVG,2025-07-14,0,20.2,0.3257815370662271,2380.7,3467.9,0.457,eliminate
36SVG,2025-07-14,1,25.8,0.5401053213371168,2357.0,2662.1,0.129,eliminate
36SVG,2025-07-14,2,25.0,0.21827107709146448,2740.8,4233.6,0.545,eliminate
36SVH,2025-07-01,0,22.1,0.3754424141981785,2098.6,2939.5,0.401,eliminate
36SWE,2025-06-21,0,6.2,0.17560690890518577,2253.4,2341.4,0.039,keep
36SWE,2025-06-21,1,9.1,0.19219619476968103,2142.5,2233.0,0.042,keep
36SWE,2025-06-21,2,3.5,0.1615621910736014,2157.4,1991.8,-0.077,keep
36SWE,2025-06-23,0,6.2,0.18269705191202593,2265.0,2341.4,0.034,keep
36SWE,2025-06-23,1,9.1,0.19779861822011371,2146.1,2219.7,0.034,keep
36SWE,2025-06-23,2,4.4,0.17117809853586213,2149.8,1971.8,-0.083,keep
36SWE,2025-06-26,0,10.0,0.1897280596254086,2163.1,2314.7,0.07,eliminate
36SWE,2025-07-01,0,6.2,0.18409124872047847,2113.8,2261.8,0.07,eliminate
36SWE,2025-07-03,0,5.3,0.18453324727177972,2551.7,2145.9,-0.159,keep
36SWE,2025-07-11,0,5.0,0.29616168870725157,2318.5,3014.3,0.3,eliminate
36SWE,2025-07-13,0,6.7,0.26912097719809597,1626.1,3236.9,0.991,eliminate
36SWE,2025-07-13,1,6.4,0.18932504386849164,1390.9,2327.0,0.673,eliminate
36SWE,2025-07-13,2,5.0,0.330324369051659,2335.5,3014.3,0.291,eliminate
36SWE,2025-07-13,3,3.2,0.2901537533348323,2194.2,2367.5,0.079,eliminate
36SWF,2025-06-16,0,5.8,0.34915773618167806,2207.2,2828.8,0.282,eliminate
36SWF,2025-06-21,0,5.5,0.4478136675323854,2188.2,2873.3,0.313,eliminate
36SWF,2025-06-23,0,5.5,0.4150437619138016,2203.3,2873.3,0.304,eliminate
36SWF,2025-06-26,0,4.1,0.3239288214471746,2158.5,3196.7,0.481,eliminate
36SWF,2025-07-01,0,6.7,0.4388368592099301,1998.4,1854.6,-0.072,keep
36SWF,2025-07-01,1,4.9,0.2216589199202277,2459.2,2314.2,-0.059,keep
36SWF,2025-07-01,2,65.4,0.8164087776883525,1363.9,720.2,-0.472,keep
36SWF,2025-07-01,3,3.2,0.1975651701103715,2394.6,2277.2,-0.049,keep
36SWF,2025-07-03,0,3.8,0.1925930826908796,2472.4,2279.6,-0.078,keep
36SWF,2025-07-03,1,64.5,0.6291466951898471,1339.1,711.0,-0.469,keep
36SWF,2025-07-03,2,3.8,0.34493396233855933,2185.9,2934.4,0.342,eliminate
36SWF,2025-07-03,3,4.3,0.31510179766861346,2342.3,2227.1,-0.049,keep
36SWF,2025-07-06,0,4.3,0.2362007314666151,2569.8,2400.0,-0.066,keep
36SWF,2025-07-06,1,65.7,0.8102261653022618,1346.2,854.5,-0.365,keep
36SWF,2025-07-06,2,3.8,0.361919234621226,2185.9,3131.2,0.433,eliminate
36SWF,2025-07-06,3,6.1,0.3559562703354791,2216.0,2414.9,0.09,eliminate
36SWF,2025-07-06,4,6.1,0.36741225096988706,2271.2,2322.4,0.023,keep
36SWF,2025-07-11,0,3.5,0.21313226786569478,2551.8,2362.9,-0.074,keep
36SWF,2025-07-11,1,61.6,0.5301946171561086,1320.3,829.5,-0.372,keep
36SWF,2025-07-11,2,4.0,0.33739518455507234,2189.2,3022.6,0.381,eliminate
36SWF,2025-07-11,3,5.2,0.34522291761558105,2149.8,2383.8,0.109,eliminate
36SWF,2025-07-11,4,6.4,0.4035244247131453,2237.5,2371.6,0.06,eliminate
36SWF,2025-07-11,5,3.5,0.3884245425114699,2430.1,2450.5,0.008,keep
36SWF,2025-07-13,0,6.7,0.2672774611043951,1608.8,3203.2,0.991,eliminate
36SWF,2025-07-13,1,6.4,0.18518522316306105,1389.2,2267.6,0.632,eliminate
36SWF,2025-07-13,2,3.8,0.20077009660932396,1697.0,1979.9,0.167,eliminate
36SWF,2025-07-13,3,3.5,0.2215825426955492,2556.7,2362.9,-0.076,keep
36SWF,2025-07-13,4,53.3,0.2805490688459781,1286.9,808.1,-0.372,keep
36SWF,2025-07-13,5,3.2,0.3647670942622186,2158.5,3134.8,0.452,eliminate
36SWF,2025-07-13,6,3.8,0.29979246380340463,2330.2,2752.6,0.181,eliminate
36SWF,2025-07-13,7,3.8,0.3797142158128938,2133.4,2398.0,0.124,eliminate
36SWG,2025-06-16,0,44.2,0.3097514217507178,2561.7,2891.5,0.129,eliminate
36SWG,2025-06-21,0,22.8,0.29550272348413986,2484.9,2795.7,0.125,eliminate
36SWG,2025-06-26,0,23.0,0.4991722315554116,2287.6,2645.8,0.157,eliminate
36SWG,2025-06-26,1,20.5,0.22951768765113867,1673.6,2015.0,0.204,eliminate
36SWG,2025-06-26,2,22.7,0.4665575691707446,2333.0,2931.0,0.256,eliminate
36SWG,2025-07-01,0,24.4,0.3579732087786695,2390.2,2804.3,0.173,eliminate
36SWG,2025-07-01,1,21.0,0.3970022767362965,2315.1,2620.9,0.132,eliminate
36SWG,2025-07-01,2,21.4,0.2959150807881959,1679.1,2025.9,0.207,eliminate
36SWG,2025-07-03,0,20.8,0.2796124471912017,1674.2,2014.1,0.203,eliminate
36SWG,2025-07-06,0,29.3,0.2929428301599032,2119.8,3107.4,0.466,eliminate
36SWG,2025-07-06,1,25.0,0.29686317899728876,2445.7,3405.8,0.393,eliminate
36SWG,2025-07-06,2,21.1,0.2745130123506937,1678.0,2319.8,0.383,eliminate
36SWG,2025-07-06,3,32.3,0.46370357768728243,2578.8,2511.9,-0.026,keep
36SWG,2025-07-11,0,37.2,0.45446273436624035,2535.6,2223.4,-0.123,keep
36SWH,2025-06-16,0,149.4,0.2604253583846675,2776.1,2946.5,0.061,eliminate
36SWH,2025-06-16,1,70.2,0.3384846352305337,3596.4,3402.4,-0.054,keep
36SWH,2025-06-16,2,44.1,0.42911630681903357,3269.7,2949.3,-0.098,keep
36SWH,2025-06-16,3,136.5,0.5400490966011933,2693.2,2575.6,-0.044,keep
36SWH,2025-06-16,4,555.5,0.22519261840540922,2609.5,2869.4,0.1,eliminate
36SWH,2025-06-16,5,50.0,0.18518700888805803,2285.6,2597.7,0.137,eliminate
36SWH,2025-06-16,6,121.5,0.19922818388332655,2511.0,2552.0,0.016,keep
36SWH,2025-06-16,7,27.8,0.16675853154259151,2552.9,2641.0,0.035,keep
36SWH,2025-06-16,8,21.3,0.24665617686645183,2818.7,2790.4,-0.01,keep
36SWH,2025-06-16,9,46.9,0.23962796358391608,2718.5,2591.8,-0.047,keep
36SWH,2025-06-16,10,24.4,0.19111954226048528,2915.0,2579.6,-0.115,keep
36SWH,2025-06-16,11,66.6,0.17733374695289023,3670.3,3326.9,-0.094,keep
36SWH,2025-06-16,12,135.2,0.21077213286820168,3264.3,3357.6,0.029,keep
36SWH,2025-06-16,13,31.7,0.21970158507744741,3209.4,3589.8,0.119,eliminate
36SWH,2025-06-16,14,123.0,0.22075328972022434,4038.8,3647.1,-0.097,keep
36SWH,2025-06-16,15,26.9,0.19384303798284716,3000.8,3017.6,0.006,keep
36SWH,2025-06-16,16,20.5,0.22739819599777075,3289.9,3386.4,0.029,keep
36SWH,2025-06-16,17,23.0,0.26437141343038145,3462.1,3166.7,-0.085,keep
36SWH,2025-06-16,18,87.3,0.27296416646373095,3149.3,3122.1,-0.009,keep
36SWH,2025-06-16,19,22.5,0.22249909380012595,3628.5,3488.7,-0.039,keep
36SWH,2025-06-16,20,23.3,0.24581722668217734,3544.3,3482.1,-0.018,keep
36SWH,2025-06-19,0,28.6,0.23808611915375816,3073.2,3261.2,0.061,eliminate
36SWH,2025-06-19,1,28.1,0.24061380426367357,2962.6,3478.4,0.174,eliminate
36SWH,2025-06-19,2,285.7,0.30955845895671774,3337.8,3249.6,-0.026,keep
36SWH,2025-06-19,3,46.9,0.19855508278686285,2705.5,2798.4,0.034,keep
36SWH,2025-06-19,4,130.9,0.29769617326297965,3090.9,2617.2,-0.153,keep
36SWH,2025-06-19,5,31.5,0.18891209137403447,3053.0,2554.5,-0.163,keep
36SWH,2025-06-19,6,203.1,0.19687631384272636,2654.5,3069.4,0.156,eliminate
36SWH,2025-06-19,7,21.1,0.18646488841289602,2680.2,2982.9,0.113,eliminate
36SWH,2025-06-19,8,25.9,0.1881037221265073,2523.3,3076.8,0.219,eliminate
36SWH,2025-06-19,9,56.4,0.17109134536803922,2305.5,2813.9,0.221,eliminate
36SWH,2025-06-19,10,270.3,0.18910637852306136,2656.7,2901.6,0.092,eliminate
36SWH,2025-06-19,11,418.9,0.1873647318127991,2434.6,2766.1,0.136,eliminate
36SWH,2025-06-19,12,965.6,0.210654125971136,2677.1,3083.7,0.152,eliminate
36SWH,2025-06-19,13,41.6,0.17426241292730704,3680.2,3733.2,0.014,keep
36SWH,2025-06-19,14,681.5,0.19996590018747418,3382.1,3368.5,-0.004,keep
36SWH,2025-06-19,15,1651.6,0.21654469472799262,3196.6,3567.4,0.116,eliminate
36SWH,2025-06-19,16,21.6,0.16723140969427375,2932.5,3296.8,0.124,eliminate
36SWH,2025-06-19,17,81.2,0.16756453498141505,3146.8,4215.0,0.339,eliminate
36SWH,2025-06-19,18,34.4,0.31091637003415706,2443.8,2429.5,-0.006,keep
36SWH,2025-06-19,19,27.8,0.18113523482397548,3133.7,3485.0,0.112,eliminate
36SWH,2025-06-19,20,89.9,0.1694600003282887,3501.7,3859.9,0.102,eliminate
36SWH,2025-06-19,21,218.8,0.18119111592092943,3220.0,3949.9,0.227,eliminate
36SWH,2025-06-19,22,57.6,0.17140248292403926,3981.5,4189.2,0.052,eliminate
36SWH,2025-06-19,23,36.2,0.16308929274970901,3112.0,3932.8,0.264,eliminate
36SWH,2025-06-19,24,21.3,0.1894798104943026,3374.5,4063.3,0.204,eliminate
36SWH,2025-06-19,25,22.4,0.19482703186807468,3248.6,3692.5,0.137,eliminate
36SWH,2025-06-19,26,102.1,0.17693893975281758,3538.3,4201.5,0.187,eliminate
36SWH,2025-06-19,27,29.5,0.1886278176214314,4202.6,3958.9,-0.058,keep
36SWH,2025-06-19,28,83.7,0.22080594804718154,3832.4,4370.7,0.14,eliminate
36SWH,2025-06-19,29,37.3,0.16512613565494005,3266.8,4742.2,0.452,eliminate
36SWH,2025-06-19,30,55.3,0.17532196955018697,3569.3,3786.7,0.061,eliminate
36SWH,2025-06-19,31,43.2,0.18015869408994406,3082.9,3596.7,0.167,eliminate
36SWH,2025-06-19,32,30.9,0.25913706194535363,3708.2,3832.2,0.033,keep
36SWH,2025-06-19,33,30.9,0.18028799411479104,3454.8,3571.6,0.034,keep
36SWH,2025-06-19,34,71.2,0.2205364265236311,3166.5,3446.0,0.088,eliminate
36SWH,2025-06-19,35,117.0,0.1745378168210653,3035.7,3941.5,0.298,eliminate
36SWH,2025-06-19,36,24.7,0.1656350820179021,2965.8,4187.9,0.412,eliminate
36SWH,2025-06-21,0,27.0,0.22772298238501706,3087.9,3314.7,0.073,eliminate
36SWH,2025-06-21,1,73.0,0.19360601217320636,3446.7,3613.4,0.048,keep
36SWH,2025-06-21,2,35.1,0.33091206662640305,3106.9,2742.3,-0.117,keep
36SWH,2025-06-21,3,33.4,0.16895130955886636,2694.8,2714.0,0.007,keep
36SWH,2025-06-21,4,21.4,0.16923418051348027,2701.7,2877.1,0.065,eliminate
36SWH,2025-06-21,5,20.8,0.18321001161327408,2554.8,3073.5,0.203,eliminate
36SWH,2025-06-21,6,35.7,0.16254712465881946,2741.8,3088.1,0.126,eliminate
36SWH,2025-06-21,7,604.4,0.20680971900268122,2705.5,3097.0,0.145,eliminate
36SWH,2025-06-21,8,409.2,0.18932120534783434,3504.1,3433.1,-0.02,keep
36SWH,2025-06-21,9,20.2,0.1735968753543333,3369.7,3175.4,-0.058,keep
36SWH,2025-06-21,10,174.6,0.1653267857183531,3398.7,4188.2,0.232,eliminate
36SWH,2025-06-21,11,395.1,0.19950498795668317,3062.7,3347.3,0.093,eliminate
36SWH,2025-06-21,12,62.2,0.16212511599053658,3251.0,4330.1,0.332,eliminate
36SWH,2025-06-21,13,35.1,0.16988856538747046,3095.5,3390.7,0.095,eliminate
36SWH,2025-06-21,14,38.5,0.1615740842386449,3551.2,3872.9,0.091,eliminate
36SWH,2025-06-21,15,104.2,0.18574449418089667,3991.5,4198.9,0.052,eliminate
36SWH,2025-06-21,16,182.4,0.16761229187878146,3232.8,3993.7,0.235,eliminate
36SWH,2025-06-21,17,46.6,0.22240535403337036,3338.1,3740.2,0.12,eliminate
36SWH,2025-06-21,18,24.2,0.16673734954702965,3346.9,3768.3,0.126,eliminate
36SWH,2025-06-21,19,767.8,0.2067677344857503,3374.1,3869.6,0.147,eliminate
36SWH,2025-06-21,20,36.2,0.16298288291554447,3300.5,3950.2,0.197,eliminate
36SWH,2025-06-21,21,289.7,0.19371850983664857,3488.1,4053.6,0.162,eliminate
36SWH,2025-06-21,22,92.1,0.16521906547125154,3472.4,4698.7,0.353,eliminate
36SWH,2025-06-21,23,43.8,0.1819239810331201,3244.5,3584.7,0.105,eliminate
36SWH,2025-06-21,24,33.4,0.16921670711483233,3560.2,4538.1,0.275,eliminate
36SWH,2025-06-21,25,24.4,0.16350798778133507,3613.0,4212.4,0.166,eliminate
36SWH,2025-06-21,26,105.5,0.16449418250086026,3070.1,3960.5,0.29,eliminate
36SWH,2025-06-21,27,40.7,0.16084404701163615,3160.8,5010.2,0.585,eliminate
36SWH,2025-06-23,0,31.5,0.2092702644525912,3322.3,3615.7,0.088,eliminate
36SWH,2025-06-23,1,73.6,0.17686295081248207,2353.8,3063.9,0.302,eliminate
36SWH,2025-06-23,2,59.6,0.1716670047427812,2301.3,2797.6,0.216,eliminate
36SWH,2025-06-23,3,145.2,0.17904224252585904,2684.0,3327.1,0.24,eliminate
36SWH,2025-06-23,4,22.5,0.15773392745016263,2553.2,3688.2,0.445,eliminate
36SWH,2025-06-23,5,23.9,0.1673074805613761,3345.6,3890.5,0.163,eliminate
36SWH,2025-06-23,6,622.5,0.19344640437157865,3320.1,3484.8,0.05,keep
36SWH,2025-06-23,7,35.6,0.16039056042960176,3088.8,3307.1,0.071,eliminate
36SWH,2025-06-23,8,41.2,0.16531193890485235,3377.1,3496.1,0.035,keep
36SWH,2025-06-23,9,174.0,0.16564492390870886,3493.6,4373.9,0.252,eliminate
36SWH,2025-06-23,10,54.8,0.16560476046269743,3354.7,3562.0,0.062,eliminate
36SWH,2025-06-23,11,40.1,0.16549860575566439,3148.1,3805.6,0.209,eliminate
36SWH,2025-06-23,12,104.8,0.16729599383424335,3414.6,4270.4,0.251,eliminate
36SWH,2025-06-23,13,3921.4,0.18620130192601647,3329.2,4014.1,0.206,eliminate
36SWH,2025-06-23,14,28.9,0.16349733009042777,3228.9,3999.7,0.239,eliminate
36SWH,2025-06-23,15,23.3,0.16260622144196538,3545.6,3616.4,0.02,keep
36SWH,2025-06-23,16,109.4,0.18608043614302097,3018.0,3717.5,0.232,eliminate
36SWH,2025-06-23,17,429.2,0.17153812447608452,3345.0,4622.7,0.382,eliminate
36SWH,2025-06-23,18,26.9,0.16638559955606116,3061.8,3657.5,0.195,eliminate
36SWH,2025-06-23,19,55.8,0.19585469408224396,2871.2,3551.4,0.237,eliminate
36SWH,2025-06-23,20,22.7,0.17119035388357304,3066.8,3755.8,0.225,eliminate
36SWH,2025-06-23,21,121.5,0.1669621434338494,3067.1,4087.0,0.333,eliminate
36SWH,2025-06-23,22,30.0,0.16262957042934684,2752.4,3707.7,0.347,eliminate
36SWH,2025-06-24,0,22.2,0.21005328632778847,3292.5,3504.4,0.064,eliminate
36SWH,2025-06-24,1,301.7,0.17947145141512016,2455.4,3016.0,0.228,eliminate
36SWH,2025-06-24,2,202.5,0.183297915679342,2679.3,3300.6,0.232,eliminate
36SWH,2025-06-24,3,35.4,0.17094405280127498,2483.7,3122.5,0.257,eliminate
36SWH,2025-06-24,4,25.6,0.15966542242813161,2629.9,3213.8,0.222,eliminate
36SWH,2025-06-24,5,76.7,0.15980493977018453,2666.4,3463.1,0.299,eliminate
36SWH,2025-06-24,6,40.5,0.17534383087472225,3281.2,3826.6,0.166,eliminate
36SWH,2025-06-24,7,37.7,0.29035543213535786,1525.0,2030.6,0.332,eliminate
36SWH,2025-06-24,8,910.0,0.19695659581868583,3350.2,3498.4,0.044,keep
36SWH,2025-06-24,9,55.5,0.19407537466132085,3473.5,3901.5,0.123,eliminate
36SWH,2025-06-24,10,4073.5,0.18434527571090192,3307.0,4047.6,0.224,eliminate
36SWH,2025-06-24,11,30.3,0.1601190655265043,3412.0,4179.1,0.225,eliminate
36SWH,2025-06-24,12,56.4,0.16749655721211973,3155.9,3958.8,0.254,eliminate
36SWH,2025-06-24,13,103.1,0.16702359240814854,3410.9,4319.0,0.266,eliminate
36SWH,2025-06-24,14,28.6,0.16195876719029814,3229.0,4273.6,0.323,eliminate
36SWH,2025-06-24,15,27.8,0.16591486323622084,3534.8,3629.2,0.027,keep
36SWH,2025-06-24,16,353.2,0.16972194859680256,3324.9,4726.6,0.422,eliminate
36SWH,2025-06-24,17,105.2,0.1903382127604647,2944.3,3563.7,0.21,eliminate
36SWH,2025-06-24,18,74.4,0.17216360286496807,3447.2,4277.3,0.241,eliminate
36SWH,2025-06-24,19,181.0,0.16935797666321276,3104.2,4059.4,0.308,eliminate
36SWH,2025-06-24,20,26.1,0.16488934494021182,3213.8,4333.0,0.348,eliminate
36SWH,2025-06-24,21,33.1,0.16400578654686218,2748.5,3764.0,0.369,eliminate
36SWH,2025-06-26,0,136.9,0.17498350313335656,2971.9,3697.3,0.244,eliminate
36SWH,2025-06-26,1,54.4,0.1741345615250527,3121.5,4072.7,0.305,eliminate
36SWH,2025-06-26,2,85.3,0.16404664412964393,3246.0,4126.9,0.271,eliminate
36SWH,2025-06-26,3,27.2,0.1594014518061054,3112.1,4149.0,0.333,eliminate
36SWH,2025-06-26,4,21.6,0.16283642656522349,2686.4,3741.9,0.393,eliminate
36SWH,2025-06-26,5,23.3,0.16648887737547727,3361.1,4744.0,0.411,eliminate
36SWH,2025-06-26,6,396.9,0.1716996008520049,3308.0,3989.9,0.206,eliminate
36SWH,2025-06-26,7,328.4,0.1836696867100531,3427.5,4342.9,0.267,eliminate
36SWH,2025-06-26,8,49.4,0.1629835220690034,2993.8,3875.5,0.295,eliminate
36SWH,2025-06-26,9,107.5,0.17904262927156905,3388.1,4448.4,0.313,eliminate
36SWH,2025-06-26,10,915.1,0.17696843768192907,3190.5,4304.6,0.349,eliminate
36SWH,2025-06-26,11,72.4,0.1624648513374635,3347.6,4029.8,0.204,eliminate
36SWH,2025-06-26,12,231.0,0.17866363237070407,3254.5,4504.7,0.384,eliminate
36SWH,2025-06-26,13,286.2,0.17411997794692471,3101.1,3971.1,0.281,eliminate
36SWH,2025-06-26,14,208.6,0.1612984518768338,3330.8,4740.9,0.423,eliminate
36SWH,2025-06-26,15,54.4,0.18924564978814196,2872.8,3560.8,0.24,eliminate
36SWH,2025-06-26,16,32.5,0.16615500350044,3020.7,4221.6,0.398,eliminate
36SWH,2025-06-26,17,22.2,0.15718609080112797,2756.8,3807.6,0.381,eliminate
36SWH,2025-07-01,0,75.1,0.18162109545599253,2985.8,4202.4,0.407,eliminate
36SWH,2025-07-01,1,38.7,0.17567168211044615,2613.4,3169.6,0.213,eliminate
36SWH,2025-07-01,2,54.4,0.19350780812679688,2900.1,4018.5,0.386,eliminate
36SWH,2025-07-01,3,178.6,0.17888829334994966,3108.4,4585.3,0.475,eliminate
36SWH,2025-07-01,4,49.3,0.1755380666983439,3530.2,4710.5,0.334,eliminate
36SWH,2025-07-01,5,103.6,0.18672781980780043,2936.0,4124.3,0.405,eliminate
36SWH,2025-07-01,6,145.5,0.19121707577531272,3060.4,3828.5,0.251,eliminate
36SWH,2025-07-01,7,329.7,0.18083105140627148,3327.6,4777.4,0.436,eliminate
36SWH,2025-07-01,8,60.4,0.17748216885117543,3274.2,4121.5,0.259,eliminate
36SWH,2025-07-01,9,5577.9,0.20267693794879063,3303.2,4681.4,0.417,eliminate
36SWH,2025-07-01,10,27.8,0.1689203367310076,3794.2,4274.6,0.127,eliminate
36SWH,2025-07-01,11,24.4,0.17041701457301786,3676.5,3900.7,0.061,eliminate
36SWH,2025-07-01,12,32.0,0.16481647586319598,3265.1,3762.1,0.152,eliminate
36SWH,2025-07-01,13,125.5,0.17328579696757013,3513.0,4701.0,0.338,eliminate
36SWH,2025-07-01,14,345.2,0.18177728626081124,3340.7,4652.6,0.393,eliminate
36SWH,2025-07-01,15,35.1,0.1568008876621796,3629.0,4737.3,0.305,eliminate
36SWH,2025-07-01,16,120.9,0.1676439213971519,2962.9,4053.0,0.368,eliminate
36SWH,2025-07-01,17,57.3,0.20497278609576705,2941.4,3859.2,0.312,eliminate
36SWH,2025-07-03,0,60.0,0.17493803626339652,3030.3,4373.1,0.443,eliminate
36SWH,2025-07-03,1,35.0,0.17083258609329857,2615.0,3190.9,0.22,eliminate
36SWH,2025-07-03,2,50.7,0.1787455582792736,2887.1,4117.9,0.426,eliminate
36SWH,2025-07-03,3,107.1,0.16795555622796154,3060.1,4623.3,0.511,eliminate
36SWH,2025-07-03,4,33.1,0.16938678442900104,3390.1,4683.5,0.382,eliminate
36SWH,2025-07-03,5,145.2,0.18105933947162603,3041.6,3974.8,0.307,eliminate
36SWH,2025-07-03,6,256.1,0.17094015428090734,3406.3,4817.3,0.414,eliminate
36SWH,2025-07-03,7,37.1,0.16717968381623524,3320.2,4118.5,0.24,eliminate
36SWH,2025-07-03,8,4910.4,0.19553191827141608,3402.3,4731.0,0.391,eliminate
36SWH,2025-07-03,9,42.1,0.1692147822169487,3618.9,4604.2,0.272,eliminate
36SWH,2025-07-03,10,76.4,0.16870228077329694,3796.2,5129.5,0.351,eliminate
36SWH,2025-07-03,11,130.8,0.17888812926984096,3416.3,4541.2,0.329,eliminate
36SWH,2025-07-03,12,98.2,0.1771527115229927,3524.5,4810.7,0.365,eliminate
36SWH,2025-07-03,13,73.8,0.16037417617416655,3163.9,4093.3,0.294,eliminate
36SWH,2025-07-03,14,46.0,0.19452704855619082,3060.8,3903.1,0.275,eliminate
36SWH,2025-07-04,0,59.4,0.17292030929515753,3032.1,4620.5,0.524,eliminate
36SWH,2025-07-04,1,30.0,0.16929481560611237,2618.9,3219.3,0.229,eliminate
36SWH,2025-07-04,2,54.9,0.17822079410309835,2884.6,4286.3,0.486,eliminate
36SWH,2025-07-04,3,65.6,0.167526780269121,2976.7,4651.1,0.563,eliminate
36SWH,2025-07-04,4,25.5,0.17032672379186276,3379.4,4766.2,0.41,eliminate
36SWH,2025-07-04,5,266.7,0.17229730063866902,3399.2,4869.1,0.432,eliminate
36SWH,2025-07-04,6,140.7,0.184586024838856,3000.4,4158.5,0.386,eliminate
36SWH,2025-07-04,7,1699.0,0.19761506811882473,3333.2,4724.6,0.417,eliminate
36SWH,2025-07-04,8,2445.3,0.18877047523129384,3427.7,4936.0,0.44,eliminate
36SWH,2025-07-04,9,633.0,0.20028182955208867,3431.0,4613.1,0.345,eliminate
36SWH,2025-07-04,10,31.7,0.1698204498173455,3600.8,4711.0,0.308,eliminate
36SWH,2025-07-04,11,67.9,0.16800968882050096,3775.6,5233.0,0.386,eliminate
36SWH,2025-07-04,12,131.6,0.18256993171789165,3409.3,4654.6,0.365,eliminate
36SWH,2025-07-04,13,97.9,0.17733584774215366,3535.0,4880.3,0.381,eliminate
36SWH,2025-07-04,14,87.5,0.16207209854443713,3117.3,4118.9,0.321,eliminate
36SWH,2025-07-06,0,375.3,0.17695198368793372,3023.5,4931.3,0.631,eliminate
36SWH,2025-07-06,1,1573.8,0.19204442980837683,3367.6,5078.2,0.508,eliminate
36SWH,2025-07-06,2,36.1,0.16630244765919733,3353.3,4868.3,0.452,eliminate
36SWH,2025-07-06,3,66.2,0.1730461511097628,3320.2,4778.5,0.439,eliminate
36SWH,2025-07-06,4,22.5,0.17109646428546,2750.5,4091.9,0.488,eliminate
36SWH,2025-07-06,5,65.4,0.1750421657081937,3386.3,4883.8,0.442,eliminate
36SWH,2025-07-06,6,68.8,0.18483643162115562,2845.6,4315.4,0.517,eliminate
36SWH,2025-07-06,7,250.8,0.17669218387962424,3507.8,5133.9,0.464,eliminate
36SWH,2025-07-06,8,138.7,0.16813127825854896,3249.8,4801.3,0.477,eliminate
36SWH,2025-07-06,9,26.6,0.16697216130581713,3789.8,5373.3,0.418,eliminate
36SWH,2025-07-06,10,993.6,0.18321253244298422,3226.2,4796.7,0.487,eliminate
36SWH,2025-07-06,11,77.8,0.17728790960675692,3517.6,5318.5,0.512,eliminate
36SWH,2025-07-06,12,102.5,0.17130566476470618,3757.6,5383.8,0.433,eliminate
36SWH,2025-07-06,13,373.9,0.1973814452020424,3265.4,4615.9,0.414,eliminate
36SWH,2025-07-06,14,37.3,0.16519793127880764,2901.5,3967.7,0.367,eliminate
36SWH,2025-07-06,15,46.9,0.16965763621051422,3420.7,4918.4,0.438,eliminate
36SWH,2025-07-06,16,90.9,0.1744194670999006,3370.9,4828.2,0.432,eliminate
36SWH,2025-07-06,17,24.4,0.2964529479515681,2452.9,3415.7,0.393,eliminate
36SWH,2025-07-06,18,40.4,0.19708167249496358,3051.5,3904.9,0.28,eliminate
36SWH,2025-07-09,0,23.0,0.2218046187824033,3162.1,4172.9,0.32,eliminate
36SWH,2025-07-09,1,103.4,0.2084719818538989,3002.3,4851.1,0.616,eliminate
36SWH,2025-07-09,2,40.6,0.15915546171719344,2885.8,4088.3,0.417,eliminate
36SWH,2025-07-09,3,431.2,0.19454052305832692,3209.2,5328.9,0.66,eliminate
36SWH,2025-07-09,4,31.5,0.15673665946381468,3218.2,4382.0,0.362,eliminate
36SWH,2025-07-09,5,26.4,0.17032335392551212,3157.8,3972.0,0.258,eliminate
36SWH,2025-07-09,6,1378.7,0.205837112420261,3426.5,5245.6,0.531,eliminate
36SWH,2025-07-09,7,21.6,0.1647750317013885,3730.6,5245.0,0.406,eliminate
36SWH,2025-07-09,8,43.1,0.17561850508982552,3134.9,4292.9,0.369,eliminate
36SWH,2025-07-09,9,24.3,0.35531018585330254,2524.3,2921.2,0.157,eliminate
36SWH,2025-07-09,10,81.4,0.16914657171435618,2814.4,4295.3,0.526,eliminate
36SWH,2025-07-09,11,107.6,0.1745823313166452,3299.2,4879.1,0.479,eliminate
36SWH,2025-07-09,12,438.7,0.1753991036745183,3598.7,5133.7,0.427,eliminate
36SWH,2025-07-09,13,20.8,0.16279876691986805,3888.0,5348.6,0.376,eliminate
36SWH,2025-07-09,14,1131.6,0.18404404861687762,3357.7,4961.2,0.478,eliminate
36SWH,2025-07-09,15,64.6,0.16507580125539276,3884.1,5475.4,0.41,eliminate
36SWH,2025-07-09,16,44.4,0.17001833886844278,3982.3,5344.9,0.342,eliminate
36SWH,2025-07-09,17,22.7,0.16476664650549214,3890.9,5300.5,0.362,eliminate
36SWH,2025-07-09,18,22.7,0.16590882792502248,3569.3,4916.1,0.377,eliminate
36SWH,2025-07-09,19,398.6,0.18058302183517666,3380.9,4763.4,0.409,eliminate
36SWH,2025-07-09,20,44.9,0.17763969646877625,2926.4,4053.5,0.385,eliminate
36SWH,2025-07-09,21,50.2,0.16648157212331774,3456.5,5170.1,0.496,eliminate
36SWH,2025-07-11,0,101.8,0.18258265934879678,3134.6,5073.5,0.619,eliminate
36SWH,2025-07-11,1,23.5,0.15665123895654287,2902.1,4036.2,0.391,eliminate
36SWH,2025-07-11,2,273.9,0.181872342305493,3177.9,5260.9,0.655,eliminate
36SWH,2025-07-11,3,25.0,0.16585894780570995,3208.6,3983.5,0.242,eliminate
36SWH,2025-07-11,4,1091.9,0.20332095121259613,3470.6,5256.0,0.514,eliminate
36SWH,2025-07-11,5,44.5,0.1827198167282253,3147.0,4226.7,0.343,eliminate
36SWH,2025-07-11,6,26.1,0.1650533846901464,2660.5,3954.8,0.486,eliminate
36SWH,2025-07-11,7,69.8,0.16152265505472668,3689.8,5068.8,0.374,eliminate
36SWH,2025-07-11,8,185.7,0.16871662443949903,3585.1,5083.5,0.418,eliminate
36SWH,2025-07-11,9,57.7,0.16944984759659565,3314.8,4900.5,0.478,eliminate
36SWH,2025-07-11,10,906.5,0.18627783442689405,3449.7,4946.5,0.434,eliminate
36SWH,2025-07-11,11,34.3,0.16079546208869797,3966.1,5466.5,0.378,eliminate
36SWH,2025-07-11,12,31.2,0.16763410795582556,4031.6,5309.9,0.317,eliminate
36SWH,2025-07-11,13,481.9,0.18194449527484619,3502.3,4756.9,0.358,eliminate
36SWH,2025-07-13,0,97.6,0.19101583963657814,3294.8,4297.6,0.304,eliminate
36SWH,2025-07-13,1,53.0,0.18088011109513696,3059.7,4017.8,0.313,eliminate
36SWH,2025-07-13,2,26.9,0.1866687061052783,3292.0,3939.0,0.197,eliminate
36SWH,2025-07-13,3,238.3,0.18572205397712577,3492.8,4309.3,0.234,eliminate
36SWH,2025-07-13,4,42.7,0.1578672228863414,3235.2,4128.6,0.276,eliminate
36SWH,2025-07-13,5,33.7,0.1719724428644711,3280.0,3135.3,-0.044,keep
36SWH,2025-07-13,6,43.0,0.1618981928320208,3596.4,3882.0,0.079,eliminate
36SWH,2025-07-13,7,79.4,0.17106936708453568,3810.4,3903.1,0.024,keep
36SWH,2025-07-13,8,48.2,0.18444401178128053,3276.6,3814.1,0.164,eliminate
36SWH,2025-07-13,9,57.5,0.16246884915361492,3639.7,4421.2,0.215,eliminate
36SWH,2025-07-13,10,38.2,0.1641611219091553,2734.3,3545.6,0.297,eliminate
36SWH,2025-07-13,11,25.8,0.1699105300447267,3799.5,3934.9,0.036,keep
36SWH,2025-07-13,12,70.9,0.1669264100672637,3558.5,4677.0,0.314,eliminate
36SWH,2025-07-13,13,730.5,0.20578061690651558,3579.9,5156.0,0.44,eliminate
36SWH,2025-07-13,14,30.1,0.1616895980442817,3941.6,4905.1,0.244,eliminate
36SWH,2025-07-13,15,739.0,0.19290382676846862,3614.7,4838.7,0.339,eliminate
36SWH,2025-07-13,16,26.1,0.1661218359631979,3940.9,5016.3,0.273,eliminate
36SWH,2025-07-13,17,85.6,0.16378682095026734,4138.2,5299.5,0.281,eliminate
36SWH,2025-07-13,18,650.6,0.20188236386039782,3737.2,4554.4,0.219,eliminate
36SWH,2025-07-13,19,67.4,0.16022964445239976,3428.7,4188.6,0.222,eliminate
36SWH,2025-07-13,20,36.5,0.17359469595750865,2962.4,3562.1,0.202,eliminate
36SWH,2025-07-14,0,27.2,0.1708404510923632,3054.0,3693.9,0.21,eliminate
36SWH,2025-07-14,1,275.6,0.1888222279577677,3467.0,3717.0,0.072,eliminate
36SWH,2025-07-14,2,52.8,0.15869080528582197,3195.6,2689.5,-0.158,keep
36SWH,2025-07-14,3,29.5,0.17146919914238737,3291.9,2400.4,-0.271,keep
36SWH,2025-07-14,4,39.6,0.15898806664502652,3600.9,3424.8,-0.049,keep
36SWH,2025-07-14,5,24.2,0.2990611610563103,1346.7,1391.1,0.033,keep
36SWH,2025-07-14,6,21.4,0.34256413624422527,3270.2,2359.0,-0.279,keep
36SWH,2025-07-14,7,20.4,0.1809535338478684,3281.0,3066.7,-0.065,keep
36SWH,2025-07-14,8,103.0,0.17736120316072226,3592.7,4541.1,0.264,eliminate
36SWH,2025-07-14,9,40.5,0.16057369618914258,3871.8,4700.0,0.214,eliminate
36SWH,2025-07-14,10,128.0,0.19443988067487772,3599.4,4672.4,0.298,eliminate
36SWH,2025-07-14,11,47.2,0.16555319717670222,3613.7,5001.6,0.384,eliminate
36SWH,2025-07-14,12,419.6,0.2048290792513258,3521.7,3669.7,0.042,keep
36SWH,2025-07-14,13,41.8,0.16849569915682852,3832.1,5012.8,0.308,eliminate
36SWH,2025-07-14,14,22.7,0.159036980063265,4107.1,5331.3,0.298,eliminate
36SWH,2025-07-14,15,25.3,0.16395542719815553,3539.5,3786.5,0.07,eliminate
36SWH,2025-07-14,16,618.6,0.1942418438947967,3732.8,4382.7,0.174,eliminate
36SWH,2025-07-14,17,154.7,0.16382320069268166,3460.5,4186.5,0.21,eliminate
36SWH,2025-07-14,18,32.0,0.16961328359446737,2923.6,3317.3,0.135,eliminate
36SXE,2025-07-13,0,3.5,0.18082333670102316,1584.8,2166.9,0.367,eliminate
36SXF,2025-06-26,0,21.3,0.24701441501762839,2019.9,2189.5,0.084,eliminate
36SXF,2025-07-13,0,26.2,0.5201833997280259,2435.2,2341.3,-0.039,keep
36SXF,2025-07-13,1,22.2,0.6036071694935675,2499.8,2159.9,-0.136,keep
36SXG,2025-06-20,0,245.5,0.45643554562217975,1830.1,1715.9,-0.062,keep
36SXG,2025-06-21,0,234.6,0.45765133404373187,1812.6,1752.7,-0.033,keep
36SXG,2025-06-23,0,60.2,0.27346051330065735,2001.5,2056.8,0.028,keep
36SXG,2025-06-23,1,247.0,0.48826558270158216,1825.3,1834.8,0.005,keep
36SXG,2025-06-26,0,24.4,0.46364207665318347,2332.6,2910.6,0.248,eliminate
36SXG,2025-06-26,1,57.9,0.2614528890686473,2049.4,2226.2,0.086,eliminate
36SXG,2025-06-26,2,247.0,0.49171973641087346,1838.6,1907.7,0.038,keep
36SXG,2025-06-30,0,24.1,0.26300109428427926,1962.8,2083.9,0.062,eliminate
36SXG,2025-06-30,1,220.0,0.5030169690487659,1788.6,1842.4,0.03,keep
36SXG,2025-07-01,0,27.5,0.25022457068607185,1972.8,2151.2,0.09,eliminate
36SXG,2025-07-01,1,214.3,0.5042737823915828,1782.2,1855.0,0.041,keep
36SYE,2025-06-18,0,27.7,0.4203416177378355,1637.4,1715.0,0.047,keep
36SYE,2025-06-18,1,20.8,0.4005480776764377,1541.0,1746.7,0.133,eliminate
36SYE,2025-06-18,2,67.6,0.38800656867071204,1674.2,1790.1,0.069,eliminate
36SYE,2025-06-18,3,21.3,0.42759043305932076,2055.1,2102.8,0.023,keep
36SYE,2025-06-20,0,30.7,0.48643496921688967,1913.2,1637.9,-0.144,keep
36SYE,2025-06-20,1,102.4,0.43128139476335753,1713.8,1824.3,0.064,eliminate
36SYE,2025-06-20,2,38.7,0.4304551295597098,2188.7,2343.2,0.071,eliminate
36SYE,2025-06-23,0,47.9,0.41136434478235134,1679.6,1854.8,0.104,eliminate
36SYE,2025-06-23,1,41.1,0.5632462360552923,1920.8,2023.7,0.054,eliminate
36SYE,2025-06-23,2,41.9,0.427056864874973,2273.3,2538.4,0.117,eliminate
36SYE,2025-06-28,0,49.0,0.4473620302410652,1667.4,1821.1,0.092,eliminate
36SYE,2025-06-28,1,31.3,0.4548888670382454,1907.9,1653.3,-0.133,keep
36SYE,2025-06-28,2,100.7,0.4254472554025694,1725.0,1961.4,0.137,eliminate
36SYE,2025-06-28,3,55.1,0.5604292490440855,2004.0,2128.2,0.062,eliminate
36SYE,2025-06-28,4,37.5,0.4315052311086876,2183.0,2469.7,0.131,eliminate
36SYE,2025-06-28,5,103.1,0.34253005433100003,2093.7,1895.7,-0.095,keep
36SYE,2025-06-30,0,49.6,0.44466975722425206,1674.2,1818.5,0.086,eliminate
36SYE,2025-06-30,1,31.3,0.446008968178838,1905.3,1653.3,-0.132,keep
36SYE,2025-06-30,2,55.4,0.5515270787270709,2014.0,2128.4,0.057,eliminate
36SYE,2025-06-30,3,37.2,0.4177878804880701,2186.7,2460.3,0.125,eliminate
36SYE,2025-06-30,4,89.0,0.3528055539352018,2080.5,1885.9,-0.094,keep
36SYE,2025-07-03,0,260.1,0.5623462976499155,1752.9,1850.2,0.055,eliminate
36SYE,2025-07-03,1,57.4,0.5331305823385915,2021.8,2196.9,0.087,eliminate
36SYE,2025-07-03,2,33.2,0.5409581587559116,2113.2,2099.4,-0.007,keep
36SYE,2025-07-03,3,110.4,0.3830624828645897,2104.8,1877.4,-0.108,keep
36SYE,2025-07-08,0,8089.0,0.4776282269424104,1506.2,1362.0,-0.096,keep
36SYE,2025-07-08,1,46.7,0.459987859818128,1670.6,1819.8,0.089,eliminate
36SYE,2025-07-08,2,85.4,0.2814920213281955,1469.5,1524.9,0.038,keep
36SYE,2025-07-08,3,44.6,0.5142182226441315,1627.5,2016.7,0.239,eliminate
36SYE,2025-07-08,4,116.8,0.3648612597673854,1719.2,1502.4,-0.126,keep
36SYE,2025-07-08,5,50.4,0.4049209685128154,1737.5,1747.3,0.006,keep
36SYE,2025-07-08,6,25.5,0.5596826691954515,1879.3,1966.2,0.046,keep
36SYE,2025-07-08,7,356.3,0.5832965880699018,1768.9,1860.5,0.052,eliminate
36SYE,2025-07-08,8,41.6,0.3951110107798642,1784.9,1904.6,0.067,eliminate
36SYE,2025-07-08,9,32.9,0.4234837116514348,1822.1,1857.7,0.02,keep
36SYE,2025-07-08,10,45.8,0.5903119251843538,1850.9,1783.1,-0.037,keep
36SYE,2025-07-08,11,40.8,0.5474122680038566,1875.0,2041.0,0.089,eliminate
36SYE,2025-07-08,12,52.2,0.5677692326021739,2010.8,2188.5,0.088,eliminate
36SYE,2025-07-08,13,31.1,0.5774666084543203,2072.8,2076.8,0.002,keep
36SYE,2025-07-08,14,106.3,0.3818198348066643,2107.2,1859.7,-0.117,keep
36SYE,2025-07-10,0,9010.5,0.49206905243321947,1506.7,1363.6,-0.095,keep
36SYE,2025-07-10,1,94.2,0.2762601392958054,1479.1,1525.2,0.031,keep
36SYE,2025-07-10,2,45.2,0.5149663092230692,1631.8,2024.5,0.241,eliminate
36SYE,2025-07-10,3,119.1,0.3799012187646887,1720.8,1502.7,-0.127,keep
36SYE,2025-07-10,4,50.4,0.40497080498312854,1736.1,1745.8,0.006,keep
36SYE,2025-07-10,5,25.5,0.5814574878964549,1902.9,1983.1,0.042,keep
36SYE,2025-07-10,6,354.2,0.5833771499720498,1764.5,1857.8,0.053,eliminate
36SYE,2025-07-10,7,32.9,0.42230500955569394,1818.6,1853.9,0.019,keep
36SYE,2025-07-10,8,45.2,0.5913084749237131,1853.4,1779.6,-0.04,keep
36SYE,2025-07-10,9,41.6,0.5400951669002628,1896.6,2056.9,0.085,eliminate
36SYE,2025-07-10,10,31.4,0.5715188699369488,2079.4,2074.6,-0.002,keep
36SYE,2025-07-10,11,105.7,0.36491073644106586,2108.7,1858.5,-0.119,keep
36SYE,2025-07-13,0,9126.9,0.47022969541419246,1518.8,1429.0,-0.059,keep
36SYE,2025-07-13,1,57.7,0.26575475853284475,1464.0,1695.1,0.158,eliminate
36SYE,2025-07-13,2,99.2,0.5341779338275295,1618.0,1521.6,-0.06,keep
36SYE,2025-07-13,3,22.8,0.500493061804253,1576.6,2155.9,0.367,eliminate
36SYE,2025-07-13,4,120.2,0.3737442206502849,1722.2,1612.2,-0.064,keep
36SYE,2025-07-13,5,46.1,0.39169729285950206,1753.8,1872.8,0.068,eliminate
36SYE,2025-07-13,6,25.8,0.5964860363939979,1908.0,2032.4,0.065,eliminate
36SYE,2025-07-13,7,356.3,0.5685601224331384,1768.0,1963.8,0.111,eliminate
36SYE,2025-07-13,8,34.4,0.4000501622192544,1821.9,1905.6,0.046,keep
36SYE,2025-07-13,9,45.2,0.5769106923170638,1857.4,1956.6,0.053,eliminate
36SYE,2025-07-13,10,42.2,0.5206867958459336,1897.6,2192.5,0.155,eliminate
36SYE,2025-07-13,11,33.2,0.5374451332244632,2111.2,2149.7,0.018,keep
36SYF,2025-06-18,0,77.8,0.3854536105371535,1566.1,3648.1,1.329,eliminate
36SYF,2025-06-20,0,25.0,0.3050817674186428,2038.7,2101.1,0.031,keep
36SYF,2025-06-20,1,76.9,0.35314431894037485,1751.2,3695.7,1.11,eliminate
36SYF,2025-06-20,2,51.8,0.25183983292130985,1657.8,1786.7,0.078,eliminate
36SYF,2025-06-20,3,215.2,0.3498499702672859,1662.3,2134.5,0.284,eliminate
36SYF,2025-06-20,4,33.6,0.25406038800511843,1847.7,1838.1,-0.005,keep
36SYF,2025-06-20,5,35.4,0.3121121739593798,1595.1,1762.2,0.105,eliminate
36SYF,2025-06-20,6,38.4,0.2850157647741513,1929.1,2241.1,0.162,eliminate
36SYF,2025-06-20,7,345.6,0.3813709787465676,1885.1,3681.1,0.953,eliminate
36SYF,2025-06-20,8,22.2,0.2434737579394113,1779.8,2175.7,0.222,eliminate
36SYF,2025-06-20,9,75.9,0.31886074073329496,1787.6,2885.9,0.614,eliminate
36SYF,2025-06-23,0,20.4,0.27533566869825227,1866.6,2297.5,0.231,eliminate
36SYF,2025-06-23,1,26.8,0.3105499322600104,2043.4,2134.5,0.045,keep
36SYF,2025-06-23,2,91.9,0.3336645040836028,1583.4,3755.9,1.372,eliminate
36SYF,2025-06-23,3,27.5,0.2785720439912033,1721.9,2662.7,0.546,eliminate
36SYF,2025-06-23,4,26.1,0.32073660194163023,1700.8,2442.4,0.436,eliminate
36SYF,2025-06-23,5,58.0,0.33208192803626774,1673.4,2865.1,0.712,eliminate
36SYF,2025-06-28,0,24.7,0.31069491284722783,2017.1,2134.8,0.058,eliminate
36SYF,2025-06-28,1,28.2,0.32628158741830987,1959.9,4159.0,1.122,eliminate
36SYF,2025-06-30,0,21.0,0.4516715763982234,2414.3,2078.5,-0.139,keep
36SYF,2025-06-30,1,25.6,0.28955328694465204,2013.7,2143.4,0.064,eliminate
36SYF,2025-06-30,2,21.3,0.3226686754320061,1922.4,4158.9,1.163,eliminate
36SYF,2025-06-30,3,275.3,0.45377300028202444,1816.1,1831.5,0.008,keep
36SYF,2025-07-03,0,20.4,0.44417276956521734,2421.1,2015.1,-0.168,keep
36SYF,2025-07-03,1,23.3,0.26977871969668393,2006.5,2193.0,0.093,eliminate
36SYF,2025-07-03,2,49.5,0.32037594715442475,1750.8,1696.9,-0.031,keep
36SYF,2025-07-03,3,2496.7,0.5054887958794118,1484.9,1236.1,-0.168,keep
36SYF,2025-07-08,0,20.4,0.4045422610583828,2435.4,2069.4,-0.15,keep
36SYF,2025-07-08,1,23.5,0.31647360602572816,1785.2,5887.4,2.298,eliminate
36SYF,2025-07-08,2,2623.5,0.4990206538045079,1513.2,1271.8,-0.16,keep
36SYF,2025-07-08,3,28.8,0.3164985740172767,1912.1,4778.4,1.499,eliminate
36SYF,2025-07-13,0,26.5,0.5167038038351295,2437.3,2344.2,-0.038,keep
36SYF,2025-07-13,1,21.9,0.6289264594164559,2499.1,2155.9,-0.137,keep
36SYF,2025-07-13,2,25.6,0.33579322031307357,2509.6,2119.4,-0.155,keep
36SYF,2025-07-13,3,38.2,0.25822573387678066,1492.0,5479.2,2.672,eliminate
36SYF,2025-07-13,4,28.1,0.29241036344559473,1417.3,1528.4,0.078,eliminate
36SYF,2025-07-13,5,328.1,0.2529282297206003,1639.4,8281.0,4.051,eliminate
36SYF,2025-07-13,6,207.6,0.27413568750135864,1573.5,6607.7,3.199,eliminate
36SYF,2025-07-13,7,116.7,0.2811524276668179,1445.9,3647.6,1.523,eliminate
36SYF,2025-07-13,8,20.8,0.29476215760513674,1512.4,6370.6,3.212,eliminate
36SYF,2025-07-13,9,93.8,0.28302020862797866,1457.4,3327.5,1.283,eliminate
36SYF,2025-07-13,10,271.5,0.30254644960741706,1426.7,4032.0,1.826,eliminate
36SYF,2025-07-13,11,48.3,0.27131938259708566,1527.8,3762.3,1.463,eliminate
36SYF,2025-07-13,12,50.3,0.35173537873728794,1396.6,4405.5,2.154,eliminate
36SYF,2025-07-13,13,39.3,0.2671400393332495,1590.4,5778.5,2.633,eliminate
36SYF,2025-07-13,14,31.2,0.27155124904816724,1462.0,4276.5,1.925,eliminate
36SYF,2025-07-13,15,57.3,0.2876639889605309,1560.2,2409.2,0.544,eliminate
36SYF,2025-07-13,16,2636.8,0.5048000379125095,1517.1,1307.5,-0.138,keep
36SYF,2025-07-13,17,36.7,0.27129954790939215,1915.8,11785.8,5.152,eliminate
36SYF,2025-07-13,18,531.1,0.30660651386546306,1811.0,6959.0,2.843,eliminate
36SYF,2025-07-13,19,34.6,0.30434160945556393,1976.8,5636.5,1.851,eliminate
36SYF,2025-07-13,20,464.6,0.3425856388062982,1793.7,7654.4,3.267,eliminate
36SYF,2025-07-13,21,121.7,0.33074963568770543,1763.0,5661.2,2.211,eliminate
36SYF,2025-07-13,22,21.2,0.4044551475616006,1948.6,8834.0,3.533,eliminate
36SYF,2025-07-13,23,51.3,0.3278687771178264,1866.2,5204.0,1.789,eliminate
36SYF,2025-07-13,24,343.4,0.3568180386741028,1938.9,5956.8,2.072,eliminate
36SYF,2025-07-13,25,310.8,0.38588758863925215,1608.9,6337.1,2.939,eliminate
36SYF,2025-07-13,26,262.1,0.34181117952706014,1909.2,3920.5,1.054,eliminate
36SYF,2025-07-13,27,826.4,0.3544940534535573,1798.7,5624.3,2.127,eliminate
36SYF,2025-07-13,28,25.3,0.3379871541296361,1780.9,6610.6,2.712,eliminate
36SYF,2025-07-13,29,111.9,0.34818938400399674,1549.2,3028.3,0.955,eliminate
36SYF,2025-07-13,30,64.9,0.4220170925664593,1816.8,7973.7,3.389,eliminate
36SYF,2025-07-13,31,67.2,0.3681410447924521,1915.5,4931.2,1.574,eliminate
36SYF,2025-07-13,32,25.8,0.39546086008648296,1871.5,4659.1,1.49,eliminate
36SYF,2025-07-13,33,33.6,0.3772654740127085,1771.9,5006.1,1.825,eliminate
36SYF,2025-07-13,34,49.4,0.29643816823468544,1703.4,3312.0,0.944,eliminate
36SYF,2025-07-13,35,20.1,0.32325794220010967,1821.8,3358.0,0.843,eliminate
36SYG,2025-06-28,0,12.5,0.270354683836052,2173.4,2402.8,0.106,eliminate
36SYG,2025-06-28,1,9.1,0.3085940482784286,1993.8,2576.7,0.292,eliminate
36SYG,2025-07-03,0,63.4,0.36789461691561137,1858.6,2068.1,0.113,eliminate
36SYG,2025-07-03,1,58.3,0.4364604087836218,1750.4,1777.1,0.015,keep
36SYG,2025-07-08,0,55.2,0.4591042614006545,1760.1,1747.7,-0.007,keep
36SYG,2025-07-08,1,59.7,0.3666891810741215,2057.5,2068.3,0.005,keep
36SYG,2025-07-13,0,36.0,0.6419800466261232,1374.8,1559.5,0.134,eliminate
37SBA,2025-06-18,0,114.8,0.41331894993768864,1895.8,1873.6,-0.012,keep
37SBA,2025-06-20,0,258.9,0.35258656965653773,1661.5,2105.1,0.267,eliminate
37SBA,2025-06-20,1,22.9,0.31813003887824043,1581.3,1826.1,0.155,eliminate
37SBA,2025-06-20,2,39.2,0.280030775340872,1938.0,2251.7,0.162,eliminate
37SBA,2025-06-20,3,297.3,0.38544193195940146,1907.2,3958.5,1.076,eliminate
37SBA,2025-06-20,4,62.7,0.3197115437104425,1822.9,3143.8,0.725,eliminate
37SBA,2025-06-23,0,20.6,0.2799167855263021,1627.4,2628.4,0.615,eliminate
37SBA,2025-06-23,1,31.0,0.27682554029712453,1724.1,2545.1,0.476,eliminate
37SBA,2025-06-23,2,21.2,0.34418841164948927,1709.3,2555.4,0.495,eliminate
37SBA,2025-06-23,3,42.3,0.3187614545506843,1760.1,2598.2,0.476,eliminate
37SBA,2025-06-28,0,20.7,0.45298132433200083,2144.7,2412.9,0.125,eliminate
37SBA,2025-06-30,0,277.6,0.4537113225283542,1824.3,1841.6,0.009,keep
37SBA,2025-07-03,0,2633.9,0.4992824133705572,1502.6,1263.4,-0.159,keep
37SBA,2025-07-06,0,6.6,0.4019160808923204,2420.1,2058.6,-0.149,keep
37SBA,2025-07-08,0,20.8,0.30636827625932284,1529.9,4467.5,1.92,eliminate
37SBA,2025-07-08,1,25.5,0.3201155359706547,1721.0,5877.2,2.415,eliminate
37SBA,2025-07-08,2,2630.4,0.49971798544730306,1514.3,1274.0,-0.159,keep
37SBA,2025-07-08,3,42.3,0.3149053910233856,1884.5,4842.5,1.57,eliminate
37SBA,2025-07-08,4,106.4,0.3120685249076861,1857.4,4807.7,1.588,eliminate
37SBA,2025-07-08,5,27.3,0.24988324269013154,1460.4,3450.0,1.362,eliminate
37SBA,2025-07-10,0,360.9,0.2745754855039791,1677.6,6752.9,3.025,eliminate
37SBA,2025-07-10,1,199.0,0.3210608277004324,1643.1,5607.0,2.412,eliminate
37SBA,2025-07-10,2,47.8,0.30415222799157987,1435.1,3607.3,1.514,eliminate
37SBA,2025-07-10,3,31.8,0.28870545893478233,1598.2,3587.9,1.245,eliminate
37SBA,2025-07-10,4,179.7,0.28488116686363946,1452.9,3849.4,1.649,eliminate
37SBA,2025-07-10,5,26.6,0.21197015152632379,1471.7,5575.3,2.788,eliminate
37SBA,2025-07-10,6,54.1,0.34206156305837493,1359.7,5613.1,3.128,eliminate
37SBA,2025-07-10,7,2614.5,0.5053698213945726,1513.7,1269.7,-0.161,keep
37SBA,2025-07-10,8,32.9,0.30352607570298307,1916.7,8752.1,3.566,eliminate
37SBA,2025-07-10,9,114.2,0.30789769044651405,1584.7,3982.0,1.513,eliminate
37SBA,2025-07-10,10,316.3,0.3045655063540161,1720.4,6809.3,2.958,eliminate
37SBA,2025-07-10,11,66.0,0.2856549086713834,1718.6,3311.7,0.927,eliminate
37SBA,2025-07-10,12,75.7,0.32497571390459906,1769.2,4382.5,1.477,eliminate
37SBA,2025-07-10,13,183.0,0.3620289768342569,1892.2,3377.8,0.785,eliminate
37SBA,2025-07-10,14,99.8,0.29597392794634764,2030.2,3537.3,0.742,eliminate
37SBA,2025-07-10,15,365.3,0.36007315668149237,1765.0,4865.1,1.756,eliminate
37SBA,2025-07-10,16,21.9,0.34838922728739535,1911.5,2512.9,0.315,eliminate
37SBA,2025-07-10,17,143.8,0.3839427382149323,2006.9,3763.0,0.875,eliminate
37SBA,2025-07-10,18,29.6,0.2655389349901798,1714.5,2336.5,0.363,eliminate
37SBA,2025-07-10,19,43.1,0.3594249119840513,1914.1,3959.9,1.069,eliminate
37SBA,2025-07-10,20,31.1,0.4496536718382523,2032.7,1820.3,-0.105,keep
37SBA,2025-07-13,0,46.6,0.24784134252814052,1510.4,5531.5,2.662,eliminate
37SBA,2025-07-13,1,24.9,0.29186235673442457,1429.1,1562.4,0.093,eliminate
37SBA,2025-07-13,2,278.9,0.2552277787891372,1597.9,8105.7,4.073,eliminate
37SBA,2025-07-13,3,225.9,0.27748478623838996,1591.7,6686.5,3.201,eliminate
37SBA,2025-07-13,4,119.0,0.28901644377622787,1445.1,3625.7,1.509,eliminate
37SBA,2025-07-13,5,23.7,0.30267224707504303,1491.0,6044.4,3.054,eliminate
37SBA,2025-07-13,6,63.4,0.3115914293750697,1387.3,3009.1,1.169,eliminate
37SBA,2025-07-13,7,28.1,0.24261597384532924,1378.7,5988.4,3.344,eliminate
37SBA,2025-07-13,8,280.7,0.3010315541374466,1430.5,4045.8,1.828,eliminate
37SBA,2025-07-13,9,57.9,0.2724842069671576,1521.0,3449.5,1.268,eliminate
37SBA,2025-07-13,10,51.5,0.350772137135652,1395.7,4570.9,2.275,eliminate
37SBA,2025-07-13,11,46.0,0.27258123374982896,1539.8,5534.0,2.594,eliminate
37SBA,2025-07-13,12,20.8,0.28142000564840053,1476.7,4186.5,1.835,eliminate
37SBA,2025-07-13,13,31.8,0.2577722580793728,1555.7,2248.6,0.445,eliminate
37SBA,2025-07-13,14,2636.5,0.5079637666272173,1517.1,1308.0,-0.138,keep
37SBA,2025-07-13,15,36.7,0.26297808232299624,1913.3,11729.3,5.13,eliminate
37SBA,2025-07-13,16,23.1,0.19676382646957524,1932.3,10179.8,4.268,eliminate
37SBA,2025-07-13,17,506.3,0.3036197727287489,1812.2,6892.6,2.803,eliminate
37SBA,2025-07-13,18,21.6,0.3214858677308921,2154.8,6406.5,1.973,eliminate
37SBA,2025-07-13,19,43.0,0.2998668053054898,1978.4,5671.8,1.867,eliminate
37SBA,2025-07-13,20,93.1,0.31131449258092864,1783.6,5348.2,1.999,eliminate
37SBA,2025-07-13,21,481.6,0.349761552235468,1798.6,7492.9,3.166,eliminate
37SBA,2025-07-13,22,27.6,0.39402713469211126,1952.4,9794.0,4.016,eliminate
37SBA,2025-07-13,23,46.9,0.32200657686682166,1867.1,4677.4,1.505,eliminate
37SBA,2025-07-13,24,362.8,0.3749349725542291,1577.2,5582.2,2.539,eliminate
37SBA,2025-07-13,25,137.7,0.346556667411516,1932.8,4721.1,1.443,eliminate
37SBA,2025-07-13,26,29.3,0.41632959003474573,1859.0,10163.3,4.467,eliminate
37SBA,2025-07-13,27,1191.9,0.36585122847041773,1831.8,5741.7,2.134,eliminate
37SBA,2025-07-13,28,98.8,0.31204859570551996,1902.0,2994.8,0.575,eliminate
37SBA,2025-07-13,29,68.9,0.36637242760175953,1918.9,4858.8,1.532,eliminate
37SBA,2025-07-13,30,41.4,0.40641562782436946,1800.7,5785.5,2.213,eliminate
37SBA,2025-07-13,31,55.1,0.3064361318559521,1590.6,2468.6,0.552,eliminate
37SBA,2025-07-13,32,29.6,0.4276299483249616,1891.8,5124.6,1.709,eliminate
37SBA,2025-07-13,33,22.7,0.3942579329697384,2001.3,6012.1,2.004,eliminate
37SBA,2025-07-13,34,39.4,0.2550492435574319,1654.1,2940.1,0.777,eliminate
37SBA,2025-07-13,35,20.4,0.31957679331445704,1813.8,3316.5,0.828,eliminate
37SBA,2025-07-13,36,33.1,0.5001451724544641,2046.3,1844.9,-0.098,keep
37SBB,2025-06-18,0,27.6,0.33319069448257116,1912.1,2348.5,0.228,eliminate
37SBB,2025-06-28,0,15.1,0.2609043147135833,2159.3,2387.1,0.105,eliminate
37SBB,2025-06-28,1,9.4,0.308021672454298,1996.7,2590.3,0.297,eliminate
37SBB,2025-06-28,2,4.3,0.20455533682763638,1864.5,2288.1,0.227,eliminate
37SBB,2025-06-28,3,3.4,0.252285331238518,1930.1,2338.8,0.212,eliminate
37SBB,2025-06-30,0,380.8,0.30880801099032695,2038.5,1639.3,-0.196,keep
37SBB,2025-07-03,0,66.6,0.356413563949873,1889.2,2104.1,0.114,eliminate
37SBB,2025-07-03,1,58.3,0.43218705834789717,1748.5,1787.1,0.022,keep
37SBB,2025-07-03,2,343.1,0.31050532358622135,2031.8,1768.1,-0.13,keep
37SBB,2025-07-08,0,63.4,0.3511608757441255,2090.2,2098.8,0.004,keep
37SBB,2025-07-08,1,54.9,0.45251638173479625,1751.4,1754.3,0.002,keep
37SBB,2025-07-08,2,380.2,0.3003421693224888,2032.9,1786.7,-0.121,keep
37SBV,2025-06-18,0,27.4,0.41240648549959974,1633.2,1713.4,0.049,keep
37SBV,2025-06-18,1,20.8,0.39938473874256913,1526.6,1730.4,0.133,eliminate
37SBV,2025-06-18,2,67.0,0.39047426816755754,1676.0,1787.9,0.067,eliminate
37SBV,2025-06-18,3,23.0,0.41467105414020367,2044.2,2110.9,0.033,keep
37SBV,2025-06-20,0,30.7,0.48117824664251807,1916.4,1642.5,-0.143,keep
37SBV,2025-06-20,1,103.6,0.42857558742068946,1717.9,1827.4,0.064,eliminate
37SBV,2025-06-20,2,39.9,0.42255103056657656,2264.1,2405.9,0.063,eliminate
37SBV,2025-06-23,0,47.0,0.4243132780580048,1687.8,1868.0,0.107,eliminate
37SBV,2025-06-23,1,42.0,0.5601999814943288,1921.6,2030.7,0.057,eliminate
37SBV,2025-06-23,2,41.3,0.4298918705514533,2284.4,2546.4,0.115,eliminate
37SBV,2025-06-28,0,49.3,0.4467365371642543,1683.9,1840.2,0.093,eliminate
37SBV,2025-06-28,1,31.0,0.455357618389216,1909.0,1650.1,-0.136,keep
37SBV,2025-06-28,2,100.4,0.4263911885878852,1726.2,1963.8,0.138,eliminate
37SBV,2025-06-28,3,55.4,0.5565338208379003,2000.7,2129.7,0.064,eliminate
37SBV,2025-06-28,4,39.9,0.4185454809037068,2287.4,2556.1,0.117,eliminate
37SBV,2025-06-28,5,102.5,0.34253966386695894,2093.4,1895.7,-0.094,keep
37SBV,2025-06-30,0,49.6,0.44583457710671687,1688.7,1836.6,0.088,eliminate
37SBV,2025-06-30,1,30.7,0.4509004667496825,1900.9,1642.6,-0.136,keep
37SBV,2025-06-30,2,56.8,0.5418914882014378,2013.0,2130.2,0.058,eliminate
37SBV,2025-06-30,3,39.6,0.40419227142893277,2294.8,2553.6,0.113,eliminate
37SBV,2025-06-30,4,90.2,0.3565868330232582,2079.6,1891.1,-0.091,keep
37SBV,2025-07-03,0,262.7,0.5626903096818427,1755.4,1853.4,0.056,eliminate
37SBV,2025-07-03,1,56.8,0.5376421211042984,2015.5,2191.0,0.087,eliminate
37SBV,2025-07-03,2,31.1,0.560838898998229,2050.1,2032.5,-0.009,keep
37SBV,2025-07-03,3,111.6,0.38145122188935365,2104.5,1880.7,-0.106,keep
37SBV,2025-07-08,0,48.5,0.4567421802647194,1693.1,1840.0,0.087,eliminate
37SBV,2025-07-08,1,8006.8,0.4830239727128514,1506.1,1361.4,-0.096,keep
37SBV,2025-07-08,2,81.7,0.28209978258879753,1495.4,1565.1,0.047,keep
37SBV,2025-07-08,3,45.5,0.5109364846441203,1619.4,2009.2,0.241,eliminate
37SBV,2025-07-08,4,115.9,0.3677275012036302,1721.2,1503.4,-0.127,keep
37SBV,2025-07-08,5,49.3,0.4083869851514777,1730.7,1739.8,0.005,keep
37SBV,2025-07-08,6,23.8,0.5963620352005521,1898.9,1994.0,0.05,eliminate
37SBV,2025-07-08,7,26.5,0.44535331640796844,1827.9,1851.5,0.013,keep
37SBV,2025-07-08,8,41.6,0.4039216910253666,1777.2,1891.0,0.064,eliminate
37SBV,2025-07-08,9,356.0,0.5836429832796072,1766.8,1859.7,0.053,eliminate
37SBV,2025-07-08,10,45.8,0.5896245495774983,1858.4,1787.9,-0.038,keep
37SBV,2025-07-08,11,43.1,0.531037262009512,1893.9,2060.2,0.088,eliminate
37SBV,2025-07-08,12,53.9,0.552990021058028,2017.1,2198.5,0.09,eliminate
37SBV,2025-07-08,13,29.1,0.601089117134373,2004.3,2014.5,0.005,keep
37SBV,2025-07-08,14,104.3,0.3845930435745376,2104.8,1857.2,-0.118,keep
37SBV,2025-07-10,0,25.9,0.593077135998199,1398.2,1818.8,0.301,eliminate
37SBV,2025-07-10,1,38.4,0.3886091919309217,1542.6,1454.4,-0.057,keep
37SBV,2025-07-10,2,8730.4,0.49776138075565574,1507.7,1360.0,-0.098,keep
37SBV,2025-07-10,3,84.0,0.28455233313904404,1499.3,1562.9,0.042,keep
37SBV,2025-07-10,4,46.7,0.5075796638932566,1637.6,2019.0,0.233,eliminate
37SBV,2025-07-10,5,117.9,0.38287236141085995,1722.8,1503.5,-0.127,keep
37SBV,2025-07-10,6,50.1,0.40680761106112834,1740.1,1751.2,0.006,keep
37SBV,2025-07-10,7,25.3,0.5842401803740135,1922.7,2005.1,0.043,keep
37SBV,2025-07-10,8,27.1,0.434547022358928,1831.6,1854.2,0.012,keep
37SBV,2025-07-10,9,356.3,0.5815310193801992,1766.2,1859.8,0.053,eliminate
37SBV,2025-07-10,10,45.2,0.5906508429138833,1857.1,1781.0,-0.041,keep
37SBV,2025-07-10,11,42.8,0.5317544699494375,1914.4,2074.2,0.083,eliminate
37SBV,2025-07-10,12,30.0,0.5863667385067043,2028.5,2030.6,0.001,keep
37SBV,2025-07-10,13,105.1,0.36544514977007847,2107.1,1858.4,-0.118,keep
37SBV,2025-07-13,0,22.4,0.3345716077978211,1348.8,1356.9,0.006,keep
37SBV,2025-07-13,1,7699.3,0.473689609794888,1530.7,1430.5,-0.065,keep
37SBV,2025-07-13,2,704.0,0.5012098848116782,1465.4,1483.5,0.012,keep
37SBV,2025-07-13,3,67.4,0.2797241612441758,1493.8,1717.3,0.15,eliminate
37SBV,2025-07-13,4,97.8,0.5405704495044212,1627.4,1527.3,-0.061,keep
37SBV,2025-07-13,5,21.0,0.529666976368068,1527.1,2140.9,0.402,eliminate
37SBV,2025-07-13,6,122.3,0.37102151572336695,1723.1,1613.5,-0.064,keep
37SBV,2025-07-13,7,46.3,0.3937328605820053,1750.1,1874.7,0.071,eliminate
37SBV,2025-07-13,8,25.3,0.6029432119890761,1922.7,2052.2,0.067,eliminate
37SBV,2025-07-13,9,27.7,0.41937294137092274,1835.5,1912.9,0.042,keep
37SBV,2025-07-13,10,356.3,0.5682286202540825,1767.3,1965.2,0.112,eliminate
37SBV,2025-07-13,11,46.7,0.5655189046798345,1865.9,1965.6,0.053,eliminate
37SBV,2025-07-13,12,43.7,0.5118021354468376,1919.4,2213.1,0.153,eliminate
37SBV,2025-07-13,13,30.2,0.5691066352356463,2044.9,2098.1,0.026,keep
konya,2021-06-30,0,49.3,0.5581226249684744,2508.1,2364.7,-0.057,keep
konya,2021-06-30,1,24.0,0.5425412185450514,2482.3,3020.6,0.217,eliminate
konya,2021-06-30,2,27.1,0.4972439087788647,2456.6,2398.9,-0.023,keep
konya,2021-06-30,3,20.6,0.4907479911010974,2479.1,2770.6,0.118,eliminate
konya,2021-07-02,0,44.3,0.44681229297415953,2519.2,2350.0,-0.067,keep
konya,2021-07-02,1,21.2,0.2118356301376155,2423.6,3586.1,0.48,eliminate
konya,2021-07-10,0,39.0,0.5491541051495058,2635.0,2888.6,0.096,eliminate
konya,2021-07-10,1,39.8,0.5545380607302568,2327.2,2764.7,0.188,eliminate
konya,2021-07-15,0,29.5,0.3836033166540863,2631.2,2569.5,-0.023,keep
konya,2021-07-15,1,26.2,0.4098315560923475,2291.6,2496.1,0.089,eliminate
konya,2021-07-17,0,23.3,0.38808272089649026,2556.5,3123.9,0.222,eliminate
konya,2021-07-17,1,32.4,0.5332740053163919,2287.1,2460.1,0.076,eliminate
konya,2021-08-04,0,36.3,0.5172003725730151,2588.8,2604.5,0.006,keep
konya,2021-08-16,0,36.9,0.5037118132624477,2483.1,2923.5,0.177,eliminate
konya,2021-08-19,0,35.0,0.5504106735335624,2474.0,2681.5,0.084,eliminate
konya,2021-08-19,1,39.3,0.5063415073955536,2248.4,2618.4,0.165,eliminate
konya,2021-08-21,0,34.2,0.544083994510059,2468.0,2678.8,0.085,eliminate
konya,2021-08-21,1,38.5,0.48788253475835497,2216.8,2615.1,0.18,eliminate
konya,2021-08-24,0,30.2,0.40874209861843547,2448.7,2428.1,-0.008,keep
konya,2021-08-24,1,33.5,0.43287982270412245,2211.3,2456.3,0.111,eliminate
konya,2021-08-24,2,24.2,0.3933692641095774,2392.1,2733.7,0.143,eliminate
konya,2021-08-26,0,33.1,0.37581883266369787,2208.6,2452.1,0.11,eliminate
konya,2021-08-26,1,26.7,0.3836908434408111,2393.6,2739.3,0.144,eliminate
konya,2021-08-29,0,34.2,0.43306455180444176,2499.0,2938.7,0.176,eliminate
konya,2021-08-31,0,28.7,0.4340855259092718,2426.7,2930.2,0.207,eliminate
konya,2021-09-05,0,22.9,0.4221280633168576,2914.8,2228.6,-0.235,keep
konya,2021-09-08,0,22.3,0.46652073778133674,2919.0,2104.5,-0.279,keep
konya,2021-09-10,0,42.1,0.48609736505959167,2641.8,2538.1,-0.039,keep
konya,2021-09-10,1,21.0,0.38547831070528826,2912.9,2103.3,-0.278,keep
konya,2021-09-10,2,21.8,0.5673200015134777,2453.6,2298.5,-0.063,keep
konya,2021-09-13,0,41.1,0.5199127860474251,2635.9,2189.3,-0.169,keep
konya,2021-09-13,1,23.0,0.6166242355837047,2430.1,2066.5,-0.15,keep
konya,2026-08-28,0,22.3,0.30383679034897815,2129.2,1116.8,-0.475,keep
konya,2026-08-28,1,24.4,0.45561224618866547,2418.1,2211.7,-0.085,keep
konya,2026-08-28,2,27.1,0.6669557673958273,2509.4,2572.0,0.025,keep
konya,2026-08-28,3,21.0,0.5038458457366406,2367.2,2322.2,-0.019,keep
konya,2026-08-28,4,46.8,0.42889217866893675,2673.9,2528.6,-0.054,keep
konya,2026-09-02,0,26.1,0.7393657707282898,2486.4,2227.1,-0.104,keep
konya,2026-09-02,1,25.3,0.43675352499915576,2449.8,2750.0,0.123,eliminate
konya,2026-09-02,2,28.2,0.42136901411665173,2317.1,2497.4,0.078,eliminate
konya,2026-09-02,3,39.8,0.3322255474960129,2429.3,2361.0,-0.028,keep
konya,2026-09-04,0,22.8,0.5080420858271496,2417.0,2710.4,0.121,eliminate
konya,2026-09-06,0,23.2,0.5657271326194476,2418.1,2725.5,0.127,eliminate
konya,2026-09-07,0,22.7,0.5387269616318421,2415.2,2702.5,0.119,eliminate
mugla,2021-06-28,0,45.3,0.7074513526936208,1404.9,1223.2,-0.129,keep
mugla,2021-07-03,0,46.8,0.6777206611578713,1404.6,1299.6,-0.075,keep
mugla,2021-07-08,0,44.9,0.6841711081993698,1397.4,1338.3,-0.042,keep
mugla,2021-08-02,0,3.7,0.3772153712028083,1833.8,1641.8,-0.105,keep
mugla,2021-08-02,1,8.2,0.44394125316842353,1685.3,1434.3,-0.149,keep
mugla,2021-08-02,2,5.3,0.2679615966853626,1306.6,1325.3,0.014,keep
mugla,2021-08-02,3,5.0,0.2271431649512692,1313.2,1267.7,-0.035,keep
mugla,2021-08-02,4,8730.0,0.550174255522446,1461.4,1315.8,-0.1,keep
mugla,2021-08-02,5,3.1,0.32710019483957814,2346.0,1599.7,-0.318,keep
mugla,2021-08-02,6,3.2,0.2528439090315188,1565.7,1371.8,-0.124,keep
mugla,2021-08-02,7,7.2,0.2722316241514538,1565.5,1399.1,-0.106,keep
mugla,2021-08-02,8,3.5,0.3681509533189033,1426.8,1369.6,-0.04,keep
mugla,2021-08-02,9,4.4,0.29151474852234754,1546.3,1392.9,-0.099,keep
mugla,2021-08-02,10,5.4,0.27798808415188786,1513.7,1356.5,-0.104,keep
mugla,2021-08-07,0,9.0,0.5371941161596948,1448.1,1405.5,-0.029,keep
mugla,2021-08-07,1,9.7,0.34422912050812904,1790.2,2454.1,0.371,eliminate
mugla,2021-08-07,2,16.7,0.4310052234649768,1418.2,1293.7,-0.088,keep
mugla,2021-08-07,3,6.6,0.29705828857407224,2270.2,1626.4,-0.284,keep
mugla,2021-08-07,4,23.9,0.5703391210738522,2030.8,1503.5,-0.26,keep
mugla,2021-08-07,5,4.6,0.5372916058631184,1642.6,1521.9,-0.073,keep
mugla,2021-08-07,6,3.9,0.37171772510656814,1765.3,1580.2,-0.105,keep
mugla,2021-08-07,7,9600.1,0.49427641375770404,1450.9,1309.6,-0.097,keep
mugla,2021-08-07,8,3.2,0.32256938009181746,2309.0,1618.0,-0.299,keep
mugla,2021-08-07,9,6.0,0.2752292430900553,1463.1,1330.5,-0.091,keep
mugla,2021-08-07,10,3.3,0.3318292036310562,1431.0,1385.6,-0.032,keep
mugla,2021-08-07,11,3.4,0.32385379147594284,1509.0,1353.9,-0.103,keep
mugla,2021-08-07,12,113.4,0.39806167164567713,1503.3,1330.7,-0.115,keep
mugla,2021-08-07,13,4.0,0.35865124208848975,2058.3,1925.7,-0.064,keep
mugla,2021-08-12,0,9.3,0.6304246752172951,1521.1,1419.9,-0.067,keep
mugla,2021-08-12,1,9.5,0.32462673289565586,1868.8,2615.7,0.4,eliminate
mugla,2021-08-12,2,17.0,0.5314804022775454,1516.0,1228.5,-0.19,keep
mugla,2021-08-12,3,7.2,0.35935259295876726,2407.9,1705.4,-0.292,keep
mugla,2021-08-12,4,23.7,0.647318936660457,2016.5,1478.5,-0.267,keep
mugla,2021-08-12,5,64.5,0.45920165781951,1435.9,1276.0,-0.111,keep
mugla,2021-08-12,6,14.5,0.3925823128995235,1527.0,1368.9,-0.103,keep
mugla,2021-08-12,7,9376.3,0.5589742968148221,1444.1,1264.9,-0.124,keep
mugla,2021-08-12,8,18.2,0.4351889741914585,1793.5,1546.6,-0.138,keep
mugla,2021-08-12,9,117.7,0.4250278501288095,1514.4,1313.0,-0.133,keep
mugla,2021-08-12,10,4.3,0.3867591371581203,2075.7,1921.0,-0.075,keep
mugla,2021-08-17,0,22.7,0.6318174799288752,1982.8,1456.3,-0.266,keep
mugla,2021-08-17,1,54.4,0.462777155702736,1433.3,1264.5,-0.118,keep
mugla,2021-08-17,2,150.9,0.45881526462555783,1381.2,1304.7,-0.055,keep
mugla,2021-08-17,3,95.5,0.38787746034559006,1478.1,1388.5,-0.061,keep
mugla,2021-08-17,4,250.7,0.39855658071694855,1432.3,1135.3,-0.207,keep
mugla,2021-08-17,5,60.7,0.3887220161656367,1505.6,1196.8,-0.205,keep
mugla,2021-08-17,6,37.0,0.4560362835907758,1589.6,1392.5,-0.124,keep
mugla,2021-08-17,7,42.5,0.5284691589312075,1816.1,1556.7,-0.143,keep
mugla,2021-08-17,8,93.7,0.44368475132541463,1490.6,1272.1,-0.147,keep
mugla,2021-08-17,9,71.6,0.34573139536443526,1473.1,1320.6,-0.104,keep
mugla,2021-08-17,10,32.9,0.5240215110010684,1594.3,1490.6,-0.065,keep
mugla,2021-08-27,0,4.0,0.4066882966332789,2569.5,2327.5,-0.094,keep
mugla,2026-09-05,0,9.6,0.19045404040104671,1167.8,1120.5,-0.04,keep
mugla,2026-09-05,1,3.5,0.17803740366772655,1145.3,1882.8,0.644,eliminate
